FrameCounter,SystemTimestamp,LedState,ComputerTimestamp,G0
0,6029.905568,7,70459099.1872,0.00392156862745098
1,6029.925536,2,70459119.0912,0.0397975700206938
2,6029.945536,1,70459139.0976,0.0240867088737271
3,6029.965536,2,70459159.0912,0.0415903456471408
4,6029.985536,1,70459179.072,0.0240969533058783
5,6030.005536,2,70459199.0784,0.0392187596041551
6,6030.025536,1,70459219.1232,0.0240078267461635
7,6030.045536,2,70459239.1168,0.0409930952527301
8,6030.065536,1,70459259.0592,0.0240078267461635
9,6030.085536,2,70459279.0656,0.0409244575573176
10,6030.105536,1,70459299.0464,0.0240252422808204
11,6030.125536,2,70459319.0912,0.0406806400721208
12,6030.145536,1,70459339.0848,0.0239299690618149
13,6030.165536,2,70459359.0912,0.0404993136230459
14,6030.185536,1,70459379.136,0.0238265002970885
15,6030.205536,2,70459399.0656,0.0405495113405864
16,6030.225536,1,70459419.0464,0.0238439158317454
17,6030.245536,2,70459439.104,0.0404235048251275
18,6030.265536,1,70459459.0592,0.0238428913885303
19,6030.285536,2,70459479.0912,0.0405495113405864
20,6030.305536,1,70459499.1232,0.0237711803634725
21,6030.325536,2,70459519.168,0.0406027823877722
22,6030.345536,1,70459539.1488,0.0237609359313213
23,6030.365536,2,70459559.104,0.0404706292130227
24,6030.385536,1,70459579.1232,0.0237240559755773
25,6030.405536,2,70459599.104,0.0402462761489131
26,6030.425536,1,70459619.1104,0.0236359538590776
27,6030.445536,2,70459639.1168,0.0399645542647571
28,6030.465536,1,70459659.1488,0.0236390271887229
29,6030.485536,2,70459679.5008,0.039754543405659
30,6030.505536,1,70459701.2096,0.0236021472329789
31,6030.525536,2,70459719.1808,0.0395445325465609
32,6030.545536,1,70459739.1104,0.0236000983465487
33,6030.565536,2,70459759.104,0.0395373614440552
34,6030.585536,1,70459779.3152,0.023539656196857
35,6030.605536,2,70459799.2448,0.0396572213002233
36,6030.625536,1,70459819.136,0.0235099473436187
37,6030.645536,2,70459839.424,0.039481017067224
38,6030.665536,1,70459859.136,0.0234956051386072
39,6030.685536,2,70459879.1424,0.0392525662302539
40,6030.705536,1,70459899.1104,0.0234997029114676
41,6030.725536,2,70459919.1936,0.0392546151166841
42,6030.745536,1,70459939.2,0.0234833118200258
43,6030.765536,2,70459959.1296,0.0391613907841088
44,6030.785536,1,70459979.136,0.0233706230663634
45,6030.805536,2,70459999.1808,0.0388325445120577
46,6030.825536,1,70460019.1488,0.0234177474542586
47,6030.845536,2,70460039.1552,0.0387290757473313
48,6030.865536,1,70460059.1744,0.0233439875427705
49,6030.885536,2,70460079.1424,0.0385672137193435
50,6030.905536,1,70460099.2,0.0233839408281599
51,6030.925536,2,70460119.1808,0.0387731268055812
52,6030.945536,1,70460141.1712,0.0233747208392239
53,6030.965536,2,70460161.4336,0.0386952691212326
54,6030.985536,1,70460179.1232,0.0233767697256541
55,6031.005536,2,70460199.1808,0.038807957874895
56,6031.025536,1,70460219.3024,0.0233634519638576
57,6031.045536,2,70460239.168,0.0389380621632143
58,6031.065536,1,70460261.1072,0.0232435921076895
59,6031.085536,2,70460281.0496,0.0387874690105927
60,6031.105536,1,70460299.1616,0.0233060831438113
61,6031.125536,2,70460319.2064,0.0387915667834532
62,6031.145536,1,70460341.0176,0.0232497387669801
63,6031.165536,2,70460359.1936,0.0386256069826049
64,6031.185536,1,70460379.2,0.0233255475648985
65,6031.205536,2,70460399.1936,0.0384022783617104
66,6031.225536,1,70460419.2512,0.0232200299137419
67,6031.245536,2,70460439.2192,0.0384586227385416
68,6031.265536,1,70460459.1872,0.0232671543016371
69,6031.285536,2,70460479.232,0.0382926629376934
70,6031.305536,1,70460499.1872,0.0232015899358699
71,6031.325536,2,70460519.2192,0.0381943163890426
72,6031.345536,1,70460539.2,0.0232835453930789
73,6031.365536,2,70460559.1936,0.0379699633249329
74,6031.385536,1,70460579.2128,0.0232610076423464
75,6031.405536,2,70460599.232,0.0378767389923577
76,6031.425536,1,70460619.3024,0.0232282254594628
77,6031.445536,2,70460639.3728,0.0379863544163747
78,6031.465536,1,70460659.1872,0.0232446165509046
79,6031.485536,2,70460679.2448,0.0382322207880017
80,6031.505536,1,70460699.2384,0.0231811010715676
81,6031.525536,2,70460719.2832,0.0380785543057348
82,6031.545536,1,70460740.1856,0.0231175855922306
83,6031.565536,2,70460759.2448,0.0384012539184953
84,6031.585536,1,70460781.5424,0.0231309033540271
85,6031.605536,2,70460799.2192,0.0381922675026123
86,6031.625536,1,70460819.3536,0.0231780277419223
87,6031.645536,2,70460841.0368,0.0381369475689962
88,6031.665536,1,70460861.1584,0.0231268055811666
89,6031.685536,2,70460881.2672,0.0379976232917409
90,6031.705536,1,70460899.2,0.0231544655479747
91,6031.725536,2,70460919.2448,0.0379084967320261
92,6031.745536,1,70460939.3152,0.0231677833097711
93,6031.765536,2,70460959.2448,0.037734341385457
94,6031.785536,1,70460979.2896,0.0231688077529863
95,6031.805536,2,70460999.2576,0.0376841436679165
96,6031.825536,1,70461019.3152,0.0231411477861782
97,6031.845536,2,70461039.3856,0.0375868215624808
98,6031.865536,1,70461059.264,0.0231380744565329
99,6031.885536,2,70461079.2576,0.0375755526871146
100,6031.905536,1,70461099.2768,0.023175978855492
101,6031.925536,2,70461119.3216,0.037607310426783
102,6031.945536,1,70461139.328,0.02315753887762
103,6031.965536,2,70461159.296,0.0376872169975618
104,6031.985536,1,70461179.2768,0.023129878910812
105,6032.005536,2,70461199.2832,0.037825516831602
106,6032.025536,1,70461219.3152,0.0231329522404573
107,6032.045536,2,70461241.3952,0.0377660991251255
108,6032.065536,1,70461261.056,0.023166758866556
109,6032.085536,2,70461279.3216,0.0378695678898519
110,6032.105536,1,70461300.9664,0.0231606122072654
111,6032.125536,2,70461319.3088,0.037825516831602
112,6032.145536,1,70461339.3024,0.0231872477308583
113,6032.165536,2,70461359.3472,0.0377558546929744
114,6032.185536,1,70461379.328,0.0231513922183293
115,6032.205536,2,70461399.296,0.0376554592578933
116,6032.225536,1,70461419.4176,0.0231401233429631
117,6032.245536,2,70461441.1904,0.0375776015735448
118,6032.265536,1,70461459.3024,0.0231565144344049
119,6032.285536,2,70461479.3472,0.0375130616509927
120,6032.305536,1,70461499.5072,0.0231288544675969
121,6032.325536,2,70461519.3472,0.0374403261827197
122,6032.345536,1,70461539.3536,0.0231903210605036
123,6032.365536,2,70461561.5872,0.037397299567685
124,6032.385536,1,70461579.8528,0.0231524166615445
125,6032.405536,2,70461599.3216,0.0372723174954412
126,6032.425536,1,70461619.392,0.0230878767389924
127,6032.445536,2,70461639.3344,0.0372374864261274
128,6032.465536,1,70461659.3792,0.0230889011822075
129,6032.485536,2,70461679.36,0.0370623066363431
130,6032.505536,1,70461699.3664,0.0231411477861782
131,6032.525536,2,70461719.3984,0.0368635646526113
132,6032.545536,1,70461740.8896,0.023148318888684
133,6032.565536,2,70461759.3472,0.0367682914336058
134,6032.585536,1,70461779.3664,0.0231196344786608
135,6032.605536,2,70461799.36,0.0366576515663737
136,6032.625536,1,70461819.5456,0.0231657344233409
137,6032.645536,2,70461839.4112,0.0367734136496814
138,6032.665536,1,70461859.4176,0.0231698321962014
139,6032.685536,2,70461879.3984,0.036906591267646
140,6032.705536,1,70461899.3536,0.0230899256254226
141,6032.725536,2,70461919.36,0.0370295244534595
142,6032.745536,1,70461939.4048,0.0230591923289692
143,6032.765536,2,70461959.488,0.036915811256582
144,6032.785536,1,70461979.3792,0.0231718810826316
145,6032.805536,2,70461999.4112,0.037052062204192
146,6032.825536,1,70462019.7248,0.0230960722847133
147,6032.845536,2,70462039.3856,0.0371237732292499
148,6032.865536,1,70462059.456,0.0231718810826316
149,6032.885536,2,70462079.5648,0.0372733419386563
150,6032.905536,1,70462099.5328,0.0231309033540271
151,6032.925536,2,70462120.0768,0.0373163685536911
152,6032.945536,1,70462139.392,0.0231595877640502
153,6032.965536,2,70462159.3984,0.0373266129858422
154,6032.985536,1,70462179.392,0.0231309033540271
155,6033.005536,2,70462199.7184,0.0371657754010695
156,6033.025536,1,70462219.5584,0.0231165611490155
157,6033.045536,2,70462240.2816,0.0372825619275923
158,6033.065536,1,70462259.4688,0.0230684123179052
159,6033.085536,2,70462279.4112,0.0370418177720409
160,6033.105536,1,70462299.4048,0.0231196344786608
161,6033.125536,2,70462319.8592,0.0370674288524187
162,6033.145536,1,70462339.4176,0.0231309033540271
163,6033.165536,2,70462359.5776,0.0369721556334132
164,6033.185536,1,70462379.5072,0.0231124633761551
165,6033.205536,2,70462399.5008,0.0368277091400824
166,6033.225536,1,70462419.5328,0.0230735345339808
167,6033.245536,2,70462439.4368,0.036660724896019
168,6033.265536,1,70462461.7856,0.0230796811932715
169,6033.285536,2,70462479.4624,0.0364855451062348
170,6033.305536,1,70462499.4432,0.0230981211711435
171,6033.325536,2,70462521.408,0.0365183272891184
172,6033.345536,1,70462539.4432,0.0231227078083062
173,6033.365536,2,70462559.4112,0.0366740426578155
174,6033.385536,1,70462579.456,0.023066363431475
175,6033.405536,2,70462599.4752,0.0369311779048087
176,6033.425536,1,70462621.5168,0.0231104144897248
177,6033.445536,2,70462639.4496,0.0375038416620567
178,6033.465536,1,70462659.456,0.0231350011268875
179,6033.485536,2,70462679.4624,0.0375591615956728
180,6033.505536,1,70462699.4688,0.023120658921876
181,6033.525536,2,70462719.6416,0.0378531767984101
182,6033.545536,1,70462739.456,0.023057143442539
183,6033.565536,2,70462759.5008,0.0377988813080091
184,6033.585536,1,70462779.4816,0.023120658921876
185,6033.605536,2,70462799.5136,0.0378562501280554
186,6033.625536,1,70462819.6608,0.0230540701128936
187,6033.645536,2,70462839.488,0.0377374147151023
188,6033.665536,1,70462859.4944,0.0231380744565329
189,6033.685536,2,70462879.488,0.0378091257401602
190,6033.705536,1,70462899.5968,0.0230632901018297
191,6033.725536,2,70462919.5008,0.0376493125986027
192,6033.745536,1,70462940.096,0.0230766078636261
193,6033.765536,2,70462959.5008,0.0377476591472535
194,6033.785536,1,70462979.6096,0.0230827545229168
195,6033.805536,2,70462999.6032,0.0377640502386953
196,6033.825536,1,70463019.52,0.0231145122625853
197,6033.845536,2,70463039.5136,0.0378470301391194
198,6033.865536,1,70463061.8496,0.0231472944454689
199,6033.885536,2,70463079.5136,0.0379289855963284
200,6033.905536,1,70463099.5072,0.0230735345339808
201,6033.925536,2,70463119.9488,0.0378470301391194
202,6033.945536,1,70463139.52,0.0231288544675969
203,6033.965536,2,70463159.5392,0.0376677525764747
204,6033.985536,1,70463179.8656,0.0230889011822075
205,6034.005536,2,70463199.5776,0.0373901284651792
206,6034.025536,1,70463219.5456,0.0230817300797017
207,6034.045536,2,70463239.5392,0.0374362284098592
208,6034.065536,1,70463259.5456,0.0230653389882599
209,6034.085536,2,70463279.552,0.0373020263486795
210,6034.105536,1,70463299.5584,0.023057143442539
211,6034.125536,2,70463319.6416,0.0372323642100518
212,6034.145536,1,70463341.9904,0.0230468990103879
213,6034.165536,2,70463359.552,0.0371913864814473
214,6034.185536,1,70463379.584,0.0230673878746901
215,6034.205536,2,70463399.552,0.037015182248448
216,6034.225536,1,70463419.968,0.0230612412153994
217,6034.245536,2,70463439.6928,0.0373348085315631
218,6034.265536,1,70463459.5968,0.0230868522957772
219,6034.285536,2,70463479.552,0.0377497080336837
220,6034.305536,1,70463499.5584,0.0230970967279284
221,6034.325536,2,70463519.616,0.0380273321449792
222,6034.345536,1,70463539.5968,0.0231257811379515
223,6034.365536,2,70463559.936,0.0380211854856885
224,6034.385536,1,70463579.584,0.0230591923289692
225,6034.405536,2,70463599.5904,0.0380939209539615
226,6034.425536,1,70463619.6224,0.0230684123179052
227,6034.445536,2,70463639.5776,0.0379013256295204
228,6034.465536,1,70463659.6224,0.0230243612596554
229,6034.485536,2,70463679.616,0.0380334788042699
230,6034.505536,1,70463699.8272,0.0229649435531788
231,6034.525536,2,70463719.7952,0.03858053148114
232,6034.545536,1,70463739.5968,0.0229680168828242
233,6034.565536,2,70463759.616,0.0390230909500686
234,6034.585536,1,70463779.584,0.0229444546888766
235,6034.605536,2,70463799.616,0.0393078861638699
236,6034.625536,1,70463819.8272,0.0229147458356383
237,6034.645536,2,70463839.6032,0.0395312147847645
238,6034.665536,1,70463859.6864,0.0229106480627779
239,6034.685536,2,70463879.6032,0.0396756612780954
240,6034.705536,1,70463899.6096,0.0228891347552605
241,6034.725536,2,70463919.744,0.039609072469113
242,6034.745536,1,70463939.6224,0.0229311369270801
243,6034.765536,2,70463959.6032,0.0393888171778638
244,6034.785536,1,70463979.6224,0.0230807056364866
245,6034.805536,2,70463999.6544,0.0394349171225439
246,6034.825536,1,70464019.968,0.02297518798533
247,6034.845536,2,70464039.6288,0.039381646075358
248,6034.865536,1,70464059.6224,0.0230171901571496
249,6034.885536,2,70464079.6672,0.0393437416763989
250,6034.905536,1,70464099.6864,0.0230100190546438
251,6034.925536,2,70464119.744,0.039226955149876
252,6034.945536,1,70464139.6352,0.0229803102014055
253,6034.965536,2,70464159.8592,0.0391849529780564
254,6034.985536,1,70464179.6608,0.0229516257913824
255,6035.005536,2,70464199.68,0.0394195504743172
256,6035.025536,1,70464219.6608,0.0229567480074579
257,6035.045536,2,70464239.6416,0.0396213657876944
258,6035.065536,1,70464259.712,0.0229567480074579
259,6035.085536,2,70464279.6416,0.0397822033724671
260,6035.105536,1,70464299.9424,0.022866597004528
261,6035.125536,2,70464320.0128,0.0400516319380417
262,6035.145536,1,70464339.6864,0.0229782613149753
263,6035.165536,2,70464359.616,0.0400700719159137
264,6035.185536,1,70464379.8272,0.0228901591984756
265,6035.205536,2,70464402.2912,0.0400967074395066
266,6035.225536,1,70464422.2976,0.0230182146003647
267,6035.245536,2,70464439.7312,0.0400280697440941
268,6035.265536,1,70464460.9408,0.0229372835863708
269,6035.285536,2,70464480.1408,0.0402411539328375
270,6035.305536,1,70464499.7248,0.0229495769049522
271,6035.325536,2,70464522.1632,0.0401448562706169
272,6035.345536,1,70464542.5024,0.0229075747331325
273,6035.365536,2,70464559.68,0.0399625053783269
274,6035.385536,1,70464579.776,0.0229085991763477
275,6035.405536,2,70464599.7056,0.0396623435162989
276,6035.425536,1,70464619.712,0.0229526502345975
277,6035.445536,2,70464639.936,0.0396705390620198
278,6035.465536,1,70464659.7248,0.022965967996394
279,6035.485536,2,70464679.7184,0.0397494211895835
280,6035.505536,1,70464699.6992,0.0230171901571496
281,6035.525536,2,70464720.2944,0.0397248345524208
282,6035.545536,1,70464740.224,0.023103243387219
283,6035.565536,2,70464760.1536,0.039445161554695
284,6035.585536,1,70464779.6992,0.0230407523510972
285,6035.605536,2,70464800.1664,0.0392464195709632
286,6035.625536,1,70464819.8912,0.0229864568606962
287,6035.645536,2,70464839.7184,0.0390507509168767
288,6035.665536,1,70464860.1728,0.023057143442539
289,6035.685536,2,70464879.7312,0.0388284467391972
290,6035.705536,1,70464899.8144,0.0230376790214518
291,6035.725536,2,70464919.808,0.0387700534759358
292,6035.745536,1,70464939.8528,0.023012067941074
293,6035.765536,2,70464960,0.0387577601573545
294,6035.785536,1,70464979.7632,0.02302128793001
295,6035.805536,2,70465000.128,0.0385313582068146
296,6035.825536,1,70465020.2496,0.0230325568053763
297,6035.845536,2,70465040.1152,0.0385416026389657
298,6035.865536,1,70465059.9936,0.0230550945561088
299,6035.885536,2,70465079.8208,0.0385733603786342
300,6035.905536,1,70465099.84,0.0230346056918065
301,6035.925536,2,70465119.744,0.0384770627164136
302,6035.945536,1,70465140.1344,0.023057143442539
303,6035.965536,2,70465159.9488,0.0386942446780175
304,6035.985536,1,70465179.7888,0.0230684123179052
305,6036.005568,2,70465199.7568,0.0388069334316799
306,6036.025568,1,70465219.968,0.0231001700575737
307,6036.045568,2,70465239.7696,0.0384381338742393
308,6036.065568,1,70465260.16,0.0230837789661319
309,6036.085568,2,70465280.0384,0.0382772962894667
310,6036.105568,1,70465299.8912,0.0230837789661319
311,6036.125568,2,70465320.2304,0.0383356895527281
312,6036.145568,1,70465340.9408,0.0230786567500563
313,6036.165568,2,70465361.2928,0.0383397873255885
314,6036.185568,1,70465381.9904,0.0230417767943123
315,6036.205568,2,70465400,0.0385416026389657
316,6036.225568,1,70465420.032,0.0229915790767718
317,6036.245568,2,70465439.8848,0.0384494027496056
318,6036.265568,1,70465459.84,0.0230468990103879
319,6036.285568,2,70465479.8208,0.03839818058885
320,6036.305568,1,70465499.9808,0.0230243612596554
321,6036.325568,2,70465519.8464,0.0382721740733911
322,6036.345568,1,70465539.8272,0.0230346056918065
323,6036.365568,2,70465559.8208,0.038088798737886
324,6036.385568,1,70465579.8016,0.0230858278525621
325,6036.405568,2,70465600.0896,0.0379064478455959
326,6036.425568,1,70465620.3392,0.0230397279078821
327,6036.445568,2,70465639.8464,0.0379279611531133
328,6036.465568,1,70465660.7232,0.0230376790214518
329,6036.485568,2,70465679.8848,0.0377947835351487
330,6036.505568,1,70465699.9936,0.0230684123179052
331,6036.525568,2,70465719.9616,0.0380631876575082
332,6036.545568,1,70465739.9168,0.0231175855922306
333,6036.565568,2,70465759.9488,0.0383725695084721
334,6036.585568,1,70465779.968,0.023038703464667
335,6036.605568,2,70465799.872,0.0384832093757043
336,6036.625568,1,70465823.4752,0.0230315323621612
337,6036.645568,2,70465839.9232,0.0384575982953265
338,6036.665568,1,70465859.9168,0.023094023398283
339,6036.685568,2,70465879.872,0.0383674472923966
340,6036.705568,1,70465899.968,0.0230694367611203
341,6036.725568,2,70465920.2688,0.0380785543057348
342,6036.745568,1,70465939.9296,0.0230786567500563
343,6036.765568,2,70465960,0.038062163214293
344,6036.785568,1,70465979.9936,0.0230878767389924
345,6036.805568,2,70466000.3328,0.0379638166656422
346,6036.825568,1,70466020.1728,0.0230202634867949
347,6036.845568,2,70466039.8976,0.0381410453418567
348,6036.865568,1,70466060.0064,0.0231370500133178
349,6036.885568,2,70466080.0128,0.0381246542504149
350,6036.905568,1,70466101.4016,0.0230509967832483
351,6036.925568,2,70466119.9488,0.0381246542504149
352,6036.945568,1,70466140.3264,0.0231309033540271
353,6036.965568,2,70466160.0128,0.0383510562009548
354,6036.985568,1,70466179.8784,0.0231227078083062
355,6037.005568,2,70466199.9488,0.0384227672260127
356,6037.025568,1,70466219.9552,0.0231227078083062
357,6037.045568,2,70466239.9488,0.0384145716802918
358,6037.065568,1,70466260.2624,0.0230274345893007
359,6037.085568,2,70466280.1792,0.0386235580961747
360,6037.105568,1,70466299.8912,0.0230458745671727
361,6037.125568,2,70466320.384,0.0386245825393898
362,6037.145568,1,70466340.3008,0.0231237322515213
363,6037.165568,2,70466360.256,0.0386891224619419
364,6037.185568,1,70466380.3008,0.0231155367058004
365,6037.205568,2,70466400.3968,0.0385026737967914
366,6037.225568,1,70466420.0064,0.0230417767943123
367,6037.245568,2,70466439.9744,0.0384289138853033
368,6037.265568,1,70466460.224,0.0230909500686377
369,6037.285568,2,70466479.9744,0.0383367139959432
370,6037.305568,1,70466501.4912,0.0230960722847133
371,6037.325568,2,70466519.9104,0.0383899850431291
372,6037.345568,1,70466539.9424,0.0231124633761551
373,6037.365568,2,70466559.9488,0.0385067715696519
374,6037.385568,1,70466579.968,0.0230561189993239
375,6037.405568,2,70466602.0608,0.0387956645563136
376,6037.425568,1,70466622.1568,0.0231462700022538
377,6037.445568,2,70466639.9872,0.0390148954043477
378,6037.465568,1,70466659.968,0.0231749544122769
379,6037.485568,2,70466679.9488,0.039063044235458
380,6037.505568,1,70466699.9552,0.0230858278525621
381,6037.525568,2,70466720.0128,0.0391296330444404
382,6037.545568,1,70466739.9808,0.0231329522404573
383,6037.565568,2,70466759.9616,0.0390825086565452
384,6037.585568,1,70466779.9936,0.0231227078083062
385,6037.605568,2,70466800.0512,0.0390292376093593
386,6037.625568,1,70466819.9936,0.023193394390149
387,6037.645568,2,70466840.0256,0.0388110312045403
388,6037.665568,1,70466859.968,0.0231329522404573
389,6037.685568,2,70466879.9616,0.0386973180076628
390,6037.705568,1,70466899.968,0.0231554899911898
391,6037.725568,2,70466919.9744,0.0387157579855349
392,6037.745568,1,70466939.9808,0.0231155367058004
393,6037.765568,2,70466960.0128,0.0385549204007622
394,6037.785568,1,70466979.968,0.0231944188333641
395,6037.805568,2,70467000.0256,0.0385149671153728
396,6037.825568,1,70467020.0704,0.0230817300797017
397,6037.845568,2,70467040,0.0381861208433217
398,6037.865568,1,70467059.9808,0.0231729055258467
399,6037.885568,2,70467079.9872,0.0379925010756654
400,6037.905568,1,70467099.9936,0.0231165611490155
401,6037.925568,2,70467119.9872,0.0380539676685721
402,6037.945568,1,70467139.9936,0.0231073411600795
403,6037.965568,2,70467160.0384,0.0381728030815252
404,6037.985568,1,70467180.3008,0.0231237322515213
405,6038.005568,2,70467200.0384,0.0382445141065831
406,6038.025568,1,70467220.1088,0.0230428012375274
407,6038.045568,2,70467240.1536,0.0382424652201528
408,6038.065568,1,70467260.0192,0.0230602167721843
409,6038.085568,2,70467280.0512,0.0385139426721577
410,6038.105568,1,70467300.3008,0.023094023398283
411,6038.125568,2,70467320.1152,0.0388438133874239
412,6038.145568,1,70467340.1088,0.0230725100907657
413,6038.165568,2,70467360.0128,0.039317106152806
414,6038.185568,1,70467380.0576,0.0230110434978589
415,6038.205568,2,70467400.0128,0.0394185260311021
416,6038.225568,1,70467420.0704,0.0230591923289692
417,6038.245568,2,70467440.2304,0.0395486303194214
418,6038.265568,1,70467460.0832,0.0230100190546438
419,6038.285568,2,70467480.0768,0.0396828323806011
420,6038.305568,1,70467500.032,0.0230499723400332
421,6038.325568,2,70467520.0768,0.0396643924027291
422,6038.345568,1,70467540.1216,0.0230192390435798
423,6038.365568,2,70467560.0384,0.0397320056549265
424,6038.385568,1,70467580.224,0.0230202634867949
425,6038.405568,2,70467600.064,0.0396777101645256
426,6038.425568,1,70467620.0576,0.023094023398283
427,6038.445568,2,70467640.0512,0.039654147970578
428,6038.465568,1,70467660.0704,0.0230899256254226
429,6038.485568,2,70467680.256,0.0396459524248571
430,6038.505568,1,70467700.096,0.0231554899911898
431,6038.525568,2,70467720.192,0.0395291658983343
432,6038.545568,1,70467740.48,0.0230417767943123
433,6038.565568,2,70467760.1024,0.0393396439035384
434,6038.585568,1,70467780.4544,0.0231104144897248
435,6038.605568,2,70467800.1024,0.039326326141742
436,6038.625568,1,70467820.0704,0.023075583420411
437,6038.645568,2,70467840.1536,0.0392894461859979
438,6038.665568,1,70467860.0576,0.0231042678304342
439,6038.685568,2,70467880.1024,0.0392208084905854
440,6038.705568,1,70467900.0832,0.0230673878746901
441,6038.725568,2,70467920.1536,0.0389011822074702
442,6038.745568,1,70467940.1344,0.0230530456696785
443,6038.765568,2,70467960.0896,0.038780297908087
444,6038.785568,1,70467980.096,0.0230622656586145
445,6038.805568,2,70468000.1024,0.0386993668940931
446,6038.825568,1,70468020.1216,0.0230899256254226
447,6038.845568,2,70468040.1792,0.0384944782510705
448,6038.865568,1,70468060.2496,0.023103243387219
449,6038.885568,2,70468080.8448,0.0383674472923966
450,6038.905568,1,70468102.1952,0.0231974921630094
451,6038.925568,2,70468120.1664,0.0383377384391583
452,6038.945568,1,70468140.3136,0.0231309033540271
453,6038.965568,2,70468160.2816,0.0383315917798676
454,6038.985568,1,70468180.224,0.0231698321962014
455,6039.005568,2,70468200.1408,0.0383274940070072
456,6039.025568,1,70468220.3648,0.0231186100354457
457,6039.045568,2,70468240.32,0.0382721740733911
458,6039.065568,1,70468260.3136,0.0231309033540271
459,6039.085568,2,70468280.1408,0.03826192964124
460,6039.105568,1,70468300.1216,0.0230837789661319
461,6039.125568,2,70468320.192,0.0382404163337226
462,6039.145568,1,70468340.16,0.023047923453603
463,6039.165568,2,70468360.1792,0.0383387628823734
464,6039.185568,1,70468380.1472,0.0230561189993239
465,6039.205568,2,70468400.3712,0.0384381338742393
466,6039.225568,1,70468420.1728,0.0230684123179052
467,6039.245568,2,70468440.4864,0.0384494027496056
468,6039.265568,1,70468460.1984,0.0230171901571496
469,6039.285568,2,70468480.32,0.0383725695084721
470,6039.305568,1,70468500.16,0.0230714856475506
471,6039.325568,2,70468520.3712,0.0382311963447866
472,6039.345568,1,70468540.5312,0.0231278300243817
473,6039.365568,2,70468560.1792,0.0382854918351876
474,6039.385568,1,70468580.2368,0.0231022189440039
475,6039.405568,2,70468600.192,0.0381430942282869
476,6039.425568,1,70468620.2368,0.0230889011822075
477,6039.445568,2,70468640.3712,0.0380426987932059
478,6039.465568,1,70468660.1984,0.0230428012375274
479,6039.485568,2,70468680.2688,0.0378050279672998
480,6039.505568,1,70468700.1984,0.0231104144897248
481,6039.525568,2,70468720.256,0.0378193701723114
482,6039.545568,1,70468740.224,0.02315753887762
483,6039.565568,2,70468760.2048,0.0377363902718872
484,6039.585568,1,70468780.1984,0.023094023398283
485,6039.605568,2,70468800.2432,0.0376759481221956
486,6039.625568,1,70468820.4416,0.023120658921876
487,6039.645568,2,70468840.2304,0.0376155059725039
488,6039.665568,1,70468860.3008,0.0231196344786608
489,6039.685568,2,70468880.4736,0.0378152723994509
490,6039.705568,1,70468900.2112,0.0230704612043354
491,6039.725568,2,70468920.2304,0.0377701968979859
492,6039.745568,1,70468940.5568,0.0231011945007888
493,6039.765568,2,70468960.2688,0.0377404880447477
494,6039.785568,1,70468980.416,0.0231616366504805
495,6039.805568,2,70469000.2304,0.03767082590612
496,6039.825568,1,70469020.5056,0.0231892966172885
497,6039.845568,2,70469040.448,0.0378009301944393
498,6039.865568,1,70469060.2624,0.0231606122072654
499,6039.885568,2,70469080.256,0.0377937590919335
500,6039.905568,1,70469100.3392,0.0231708566394165
501,6039.925568,2,70469120.5504,0.0378962034134448
502,6039.945568,1,70469140.5056,0.0231688077529863
503,6039.965568,2,70469160.32,0.0381451431147171
504,6039.985568,1,70469180.352,0.0231503677751142
505,6040.005568,2,70469200.4224,0.0381492408875776
506,6040.025568,1,70469220.48,0.023211834368021
507,6040.045568,2,70469240.448,0.0382537340955191
508,6040.065568,1,70469260.4416,0.0232097854815908
509,6040.085568,2,70469280.2688,0.0382178785829901
510,6040.105568,1,70469300.3392,0.0231534411047596
511,6040.125568,2,70469320.7296,0.0382537340955191
512,6040.145568,1,70469340.4032,0.0231237322515213
513,6040.165568,2,70469360.2816,0.0382568074251644
514,6040.185568,1,70469380.4032,0.0232087610383756
515,6040.205568,2,70469400.32,0.0384207183395824
516,6040.225568,1,70469420.5056,0.0231309033540271
517,6040.245568,2,70469440.2944,0.0383910094863442
518,6040.265568,1,70469460.7872,0.023248714323765
519,6040.285568,2,70469480.3712,0.0383039318130596
520,6040.305568,1,70469500.4032,0.0232814965066486
521,6040.325568,2,70469520.6784,0.0381051898293278
522,6040.345568,1,70469540.6848,0.0232640809719917
523,6040.365568,2,70469560.3584,0.0379720122113631
524,6040.385568,1,70469580.5184,0.0231544655479747
525,6040.405568,2,70469600.3072,0.0382373430040773
526,6040.425568,1,70469620.6464,0.0232241276866023
527,6040.445568,2,70469640.3584,0.0383152006884258
528,6040.465568,1,70469660.4928,0.0231278300243817
529,6040.485568,2,70469680.32,0.038435060544594
530,6040.505568,1,70469700.3776,0.0232067121519454
531,6040.525568,2,70469720.448,0.0384811604892741
532,6040.545568,1,70469740.3392,0.0231657344233409
533,6040.565568,2,70469760.32,0.0383899850431291
534,6040.585568,1,70469780.3904,0.0231657344233409
535,6040.605568,2,70469800.5888,0.0384555494088963
536,6040.625568,1,70469820.4544,0.0232015899358699
537,6040.645568,2,70469840.32,0.0383459339848792
538,6040.665568,1,70469860.5824,0.0232538365398406
539,6040.685568,2,70469880.5632,0.0385457004118262
540,6040.705568,1,70469900.352,0.0232261765730326
541,6040.725568,2,70469920.3968,0.03871678242875
542,6040.745568,1,70469940.3264,0.0232558854262708
543,6040.765568,2,70469960.32,0.0387014157805233
544,6040.785568,1,70469980.6464,0.0232220788001721
545,6040.805568,2,70470000.384,0.0388878644456738
546,6040.825568,1,70470020.8128,0.0232077365951605
547,6040.845568,2,70470040.5888,0.0388540578195751
548,6040.865568,1,70470060.5056,0.0232927653820149
549,6040.885568,2,70470080.3584,0.0388817177863831
550,6040.905568,1,70470100.6464,0.0231257811379515
551,6040.925568,2,70470120.6656,0.0389196221853423
552,6040.945568,1,70470140.352,0.023211834368021
553,6040.965568,2,70470160.384,0.0387874690105927
554,6040.985568,1,70470180.4928,0.0232384698916139
555,6041.005568,2,70470200.3968,0.0388100067613252
556,6041.025568,1,70470220.5696,0.0231544655479747
557,6041.045568,2,70470240.4352,0.0385846292540004
558,6041.065568,1,70470260.4032,0.0232343721187535
559,6041.085568,2,70470280.5632,0.0385252115475239
560,6041.105568,1,70470300.5696,0.0231851988444281
561,6041.125568,2,70470320.704,0.0384063761345709
562,6041.145568,1,70470341.6192,0.0232087610383756
563,6041.165568,2,70470360.4992,0.038362325076321
564,6041.185568,1,70470380.5056,0.0230796811932715
565,6041.205568,2,70470400.6016,0.0382967607105538
566,6041.225568,1,70470420.7232,0.0231493433318991
567,6041.245568,2,70470440.3712,0.038280369619112
568,6041.265568,1,70470460.3776,0.0231309033540271
569,6041.285568,2,70470480.6016,0.0381502653307927
570,6041.305568,1,70470500.5568,0.0231114389329399
571,6041.325568,2,70470520.4864,0.0379904521892352
572,6041.345568,1,70470540.4416,0.0231595877640502
573,6041.365568,2,70470560.4864,0.0378419079230438
574,6041.385568,1,70470580.6464,0.0232241276866023
575,6041.405568,2,70470600.5248,0.0377128280779396
576,6041.425568,1,70470620.7744,0.0232005654926547
577,6041.445568,2,70470640.4096,0.0376698014629049
578,6041.465568,1,70470660.6592,0.0231944188333641
579,6041.485568,2,70470680.448,0.0377179502940152
580,6041.505568,1,70470700.544,0.0231851988444281
581,6041.525568,2,70470720.5888,0.0379986477349561
582,6041.545568,1,70470740.4288,0.0232087610383756
583,6041.565568,2,70470760.6272,0.0380334788042699
584,6041.585568,1,70470780.4288,0.0231964677197943
585,6041.605568,2,70470800.7168,0.0378408834798287
586,6041.625568,1,70470820.6464,0.0232067121519454
587,6041.645568,2,70470840.6272,0.0379289855963284
588,6041.665568,1,70470860.5696,0.0232169565840965
589,6041.685568,2,70470880.832,0.0378921056405843
590,6041.705568,1,70470900.4288,0.0232476898805499
591,6041.725568,2,70470920.4736,0.0377896613190731
592,6041.745568,1,70470940.4672,0.0232989120413055
593,6041.765568,2,70470960.7808,0.0377804413301371
594,6041.785568,1,70470980.608,0.0231841744012129
595,6041.805568,2,70471000.4096,0.0377281947261663
596,6041.825568,1,70471020.48,0.0232558854262708
597,6041.845568,2,70471040.4992,0.0377691724547708
598,6041.865568,1,70471060.4672,0.0233552564181367
599,6041.885568,2,70471080.4736,0.0376841436679165
600,6041.905568,1,70471100.48,0.023366525293503
601,6041.925568,2,70471120.4864,0.0374720839223882
602,6041.945568,1,70471140.48,0.0232927653820149
603,6041.965568,2,70471160.4992,0.0374311061937837
604,6041.985568,1,70471180.4672,0.023366525293503
605,6042.005568,2,70471200.512,0.0375355994017252
606,6042.025568,1,70471220.928,0.02329378982523
607,6042.045568,2,70471240.4608,0.0376605814739689
608,6042.065568,1,70471260.5056,0.0232896920523695
609,6042.085568,2,70471280.7296,0.0376267748478702
610,6042.105568,1,70471300.48,0.0233777941688692
611,6042.125568,2,70471320.5248,0.0376144815292888
612,6042.145568,1,70471340.48,0.0234064785788924
613,6042.165568,2,70471360.512,0.0377742946708464
614,6042.185568,1,70471380.672,0.0233962341467412
615,6042.205568,2,70471400.512,0.0377486835904686
616,6042.225568,1,70471420.5568,0.0233204253488229
617,6042.245568,2,70471440.4992,0.0377701968979859
618,6042.265568,1,70471460.5056,0.0233685741799332
619,6042.285568,2,70471480.5248,0.0379003011863052
620,6042.305568,1,70471500.5184,0.0233019853709509
621,6042.325568,2,70471520.576,0.0380570409982175
622,6042.345568,1,70471540.5312,0.0233788186120843
623,6042.365568,2,70471560.512,0.0379289855963284
624,6042.385568,1,70471580.5056,0.0232722765177126
625,6042.405568,2,70471600.7168,0.0377107791915094
626,6042.425568,1,70471620.5568,0.0232794476202184
627,6042.445568,2,70471640.5376,0.03767082590612
628,6042.465568,1,70471660.5568,0.0233204253488229
629,6042.485568,2,70471680.5632,0.0375417460610158
630,6042.505568,1,70471700.7872,0.0233429630995554
631,6042.525568,2,70471720.5632,0.0375970659946319
632,6042.545568,1,70471740.5056,0.0233675497367181
633,6042.565568,2,70471760.5504,0.0376554592578933
634,6042.585568,1,70471780.7232,0.0233071075870264
635,6042.605568,2,70471801.088,0.0379177167209622
636,6042.625568,1,70471821.1328,0.0232712520744975
637,6042.645568,2,70471840.5504,0.0379207900506075
638,6042.665568,1,70471861.0432,0.023257934312701
639,6042.685568,2,70471880.5888,0.0380078677238921
640,6042.705568,1,70471900.544,0.023193394390149
641,6042.725568,2,70471920.6912,0.0379453766877702
642,6042.745568,1,70471940.544,0.0231739299690618
643,6042.765568,2,70471960.5632,0.0377630257954802
644,6042.785568,1,70471980.5696,0.0232989120413055
645,6042.805568,2,70472000.6272,0.0377353658286721
646,6042.825568,1,70472020.7744,0.023257934312701
647,6042.845568,2,70472040.6016,0.0377261458397361
648,6042.865568,1,70472060.8128,0.023248714323765
649,6042.885568,2,70472081.1136,0.0377138525211548
650,6042.905568,1,70472100.928,0.0232702276312824
651,6042.925568,2,70472120.64,0.0376452148257422
652,6042.945568,1,70472140.5696,0.0232917409387998
653,6042.965568,2,70472160.7552,0.0377804413301371
654,6042.985568,1,70472180.6336,0.0232558854262708
655,6043.005568,2,70472200.7936,0.0379207900506075
656,6043.025568,1,70472220.8128,0.0232743254041428
657,6043.045568,2,70472240.5888,0.0380734320896593
658,6043.065568,1,70472260.6208,0.0232948142684451
659,6043.085568,2,70472280.6144,0.03798942774602
660,6043.105568,1,70472300.6976,0.0233245231216834
661,6043.125568,2,70472320.6656,0.0378767389923577
662,6043.145568,1,70472340.6336,0.0233542319749216
663,6043.165568,2,70472360.6272,0.0378449812526892
664,6043.185568,1,70472380.6464,0.0233716475095785
665,6043.205568,2,70472400.6144,0.0377333169422419
666,6043.225568,1,70472420.672,0.0234331141024853
667,6043.245568,2,70472440.6144,0.0375827237896203
668,6043.265568,1,70472460.6464,0.0232476898805499
669,6043.285568,2,70472480.8192,0.0375468682770914
670,6043.305568,1,70472500.8,0.0233265720081136
671,6043.325568,2,70472520.704,0.0376052615403528
672,6043.345568,1,70472540.6336,0.0232456409941197
673,6043.365568,2,70472560.6528,0.0375622349253181
674,6043.385568,1,70472580.672,0.0232692031880673
675,6043.405568,2,70472600.6656,0.0374987194459811
676,6043.425568,1,70472620.7232,0.023303009814166
677,6043.445568,2,70472640.6656,0.0375233060831438
678,6043.465568,1,70472660.6848,0.0233183764623927
679,6043.485568,2,70472680.6784,0.0375816993464052
680,6043.505568,1,70472700.672,0.0232876431659393
681,6043.525568,2,70472720.768,0.037879812322003
682,6043.545568,1,70472740.6848,0.0233347675538345
683,6043.565568,2,70472760.6656,0.0379054234023808
684,6043.585568,1,70472780.672,0.0233788186120843
685,6043.605568,2,70472800.6528,0.0377240969533059
686,6043.625568,1,70472821.0176,0.0232784231770033
687,6043.645568,2,70472840.6784,0.0376769725654107
688,6043.665568,1,70472860.6848,0.0233296453377589
689,6043.685568,2,70472880.6912,0.0377240969533059
690,6043.705568,1,70472900.6848,0.0232128588112361
691,6043.725568,2,70472920.896,0.0377517569201139
692,6043.745568,1,70472940.672,0.0232128588112361
693,6043.765568,2,70472960.6528,0.0375755526871146
694,6043.785568,1,70472980.6848,0.0233583297477821
695,6043.805568,2,70473000.704,0.0375130616509927
696,6043.825568,1,70473020.7104,0.0233388653266949
697,6043.845568,2,70473040.6912,0.0373901284651792
698,6043.865568,1,70473060.6976,0.0233163275759625
699,6043.885568,2,70473080.6656,0.0372805130411621
700,6043.905568,1,70473100.7232,0.0233777941688692
701,6043.925568,2,70473120.704,0.0371586042985637
702,6043.945568,1,70473140.7104,0.0233173520191776
703,6043.965568,2,70473160.7296,0.0371237732292499
704,6043.985568,1,70473180.9152,0.0233993074763866
705,6044.005568,2,70473200.9344,0.0372712930522261
706,6044.025568,1,70473220.9408,0.0233532075317065
707,6044.045568,2,70473240.6912,0.0371678242874997
708,6044.065568,1,70473260.7616,0.0233194009056078
709,6044.085568,2,70473280.7296,0.0371360665478313
710,6044.105568,1,70473300.8256,0.0231841744012129
711,6044.125568,2,70473320.9856,0.0371985575839531
712,6044.145568,1,70473340.736,0.0232466654373348
713,6044.165568,2,70473360.7296,0.0371452865367673
714,6044.185568,1,70473380.7488,0.023275349847358
715,6044.205568,2,70473400.7296,0.0372856352572377
716,6044.225568,1,70473420.7872,0.0231780277419223
717,6044.245568,2,70473440.7424,0.0371575798553486
718,6044.265568,1,70473460.7488,0.0232671543016371
719,6044.285568,2,70473480.7424,0.0372036798000287
720,6044.305568,1,70473500.7744,0.0232610076423464
721,6044.325568,2,70473520.7808,0.037106357694593
722,6044.345568,1,70473540.7488,0.0233101809166718
723,6044.365568,2,70473560.768,0.0371903620382322
724,6044.385568,1,70473580.7616,0.0232712520744975
725,6044.405568,2,70473600.7936,0.0372487553014936
726,6044.425568,1,70473620.7872,0.0232681787448522
727,6044.445568,2,70473640.7552,0.0372753908250866
728,6044.465568,1,70473660.7616,0.0232671543016371
729,6044.485568,2,70473680.7424,0.0371186510131743
730,6044.505568,1,70473700.7616,0.023275349847358
731,6044.525568,2,70473720.9984,0.0370694777388489
732,6044.545568,1,70473740.992,0.0232958387116602
733,6044.565568,2,70473760.7808,0.0370008400434364
734,6044.585568,1,70473780.8384,0.0232067121519454
735,6044.605568,2,70473800.7936,0.0370448911016862
736,6044.625568,1,70473820.8128,0.0233378408834798
737,6044.645568,2,70473840.7808,0.0370223533509538
738,6044.665568,1,70473860.7744,0.0232804720634335
739,6044.685568,2,70473880.7936,0.0371360665478313
740,6044.705568,1,70473900.7744,0.0232917409387998
741,6044.725568,2,70473920.8064,0.0370459155449013
742,6044.745568,1,70473940.8128,0.0233194009056078
743,6044.765568,2,70473960.7808,0.0371903620382322
744,6044.785568,1,70473980.8256,0.0233194009056078
745,6044.805568,2,70474000.8064,0.0371729465035753
746,6044.825568,1,70474020.8128,0.0233337431106194
747,6044.845568,2,70474040.8192,0.037042842215256
748,6044.865568,1,70474060.8128,0.0233532075317065
749,6044.885568,2,70474080.832,0.0371954842543078
750,6044.905568,1,70474100.8256,0.0233552564181367
751,6044.925568,2,70474120.8704,0.037106357694593
752,6044.945568,1,70474140.8256,0.0233337431106194
753,6044.965568,2,70474160.832,0.0370807466142152
754,6044.985568,1,70474180.8256,0.0232917409387998
755,6045.005568,2,70474200.832,0.0370868932735058
756,6045.025568,1,70474220.9024,0.0233603786342123
757,6045.045568,2,70474240.8832,0.036824635810437
758,6045.065568,1,70474260.8384,0.0233450119859856
759,6045.085568,2,70474280.8192,0.036833855799373
760,6045.105568,1,70474300.8128,0.0232784231770033
761,6045.125568,2,70474320.896,0.0367416559100129
762,6045.145568,1,70474340.8512,0.0233163275759625
763,6045.165568,2,70474360.8448,0.036778535865757
764,6045.185568,1,70474380.8768,0.0232773987337882
765,6045.205568,2,70474400.8448,0.0366166738377692
766,6045.225568,1,70474420.864,0.0232907164955847
767,6045.245568,2,70474440.8576,0.0365808183252402
768,6045.265568,1,70474460.8384,0.0232425676644744
769,6045.285568,2,70474480.8576,0.0364916917655254
770,6045.305568,1,70474500.8384,0.023257934312701
771,6045.325568,2,70474520.9088,0.0364230540701129
772,6045.345568,1,70474540.8768,0.023221054356957
773,6045.365568,2,70474560.8576,0.0365111561866126
774,6045.385568,1,70474580.8384,0.0232046632655152
775,6045.405568,2,70474600.8832,0.036506033970537
776,6045.425568,1,70474620.9024,0.0232169565840965
777,6045.445568,2,70474640.896,0.0363277808511074
778,6045.465568,1,70474660.8768,0.0232405187780441
779,6045.485568,2,70474680.8704,0.0363124142028807
780,6045.505568,1,70474700.8768,0.0231892966172885
781,6045.525568,2,70474720.8832,0.036287827565718
782,6045.545568,1,70474740.8896,0.0232814965066486
783,6045.565568,2,70474760.896,0.0363113897596656
784,6045.585568,1,70474780.8896,0.0232671543016371
785,6045.605568,2,70474800.9216,0.0362550453828344
786,6045.625568,1,70474820.9536,0.0232015899358699
787,6045.645568,2,70474840.896,0.0361013789005675
788,6045.665568,1,70474860.8768,0.0231493433318991
789,6045.685568,2,70474880.896,0.0361126477759338
790,6045.705568,1,70474900.8896,0.0231892966172885
791,6045.725568,2,70474920.9216,0.0359774212715389
792,6045.745568,1,70474940.928,0.0232610076423464
793,6045.765568,2,70474960.896,0.0358411703239289
794,6045.785568,1,70474980.9024,0.0231954432765792
795,6045.805568,2,70475000.9216,0.0358360481078534
796,6045.825568,1,70475020.9152,0.0232364210051837
797,6045.845568,2,70475040.9344,0.0358514147560801
798,6045.865568,1,70475060.9152,0.0232405187780441
799,6045.885568,2,70475080.896,0.0358749769500277
800,6045.905568,1,70475100.9408,0.0232866187227242
801,6045.925568,2,70475120.96,0.0358206814596267
802,6045.945568,1,70475140.928,0.0232743254041428
803,6045.965568,2,70475160.9344,0.0357786792878071
804,6045.985568,1,70475180.9152,0.0232989120413055
805,6046.005568,2,70475200.9472,0.0357889237199582
806,6046.025568,1,70475220.9536,0.0233224742352531
807,6046.045568,2,70475240.9728,0.035905710246481
808,6046.065568,1,70475260.9664,0.0233439875427705
809,6046.085568,2,70475280.9472,0.0358760013932428
810,6046.105568,1,70475300.9408,0.0233275964513287
811,6046.125568,2,70475320.9728,0.0358729280635974
812,6046.145568,1,70475340.9536,0.023248714323765
813,6046.165568,2,70475360.9856,0.0357786792878071
814,6046.185568,1,70475380.9664,0.0233357919970496
815,6046.205568,2,70475400.96,0.0357295060134817
816,6046.225568,1,70475421.0688,0.0233081320302416
817,6046.245568,2,70475440.9984,0.035641403896982
818,6046.265568,1,70475461.1584,0.0232886676091544
819,6046.285568,2,70475480.9728,0.0356547216587785
820,6046.305568,1,70475500.9792,0.0232528120966255
821,6046.325568,2,70475521.0368,0.0357243837974061
822,6046.345568,1,70475540.9792,0.0232190054705268
823,6046.365568,2,70475560.9728,0.0356516483291331
824,6046.385568,1,70475580.9792,0.0232415432212592
825,6046.405568,2,70475600.9728,0.0356895527280923
826,6046.425568,1,70475621.0816,0.0232497387669801
827,6046.445568,2,70475640.9856,0.0357018460466736
828,6046.465568,1,70475661.0048,0.0232190054705268
829,6046.485568,2,70475680.9984,0.0356680394205749
830,6046.505568,1,70475701.0176,0.0233060831438113
831,6046.525568,2,70475721.088,0.0356465261130576
832,6046.545568,1,70475741.0944,0.0232968631548753
833,6046.565568,2,70475761.0112,0.0354908107443604
834,6046.585568,1,70475781.0176,0.0232497387669801
835,6046.605568,2,70475800.9984,0.0354785174257791
836,6046.625568,1,70475821.0176,0.0231862232876432
837,6046.645568,2,70475841.1008,0.035268506566681
838,6046.665568,1,70475861.0176,0.0232630565287766
839,6046.685568,2,70475881.0112,0.0352213821787858
840,6046.705568,1,70475901.0304,0.0232446165509046
841,6046.725568,2,70475921.0496,0.0352295777245067
842,6046.745568,1,70475941.056,0.0232476898805499
843,6046.765568,2,70475961.0112,0.0351814288933964
844,6046.785568,1,70475981.0304,0.0232456409941197
845,6046.805568,2,70476001.0496,0.0349160981006823
846,6046.825568,1,70476021.0944,0.0232169565840965
847,6046.845568,2,70476041.1008,0.0348966336795951
848,6046.865568,1,70476061.0432,0.0232896920523695
849,6046.885568,2,70476081.088,0.0349109758846067
850,6046.905568,1,70476101.056,0.0231718810826316
851,6046.925568,2,70476121.088,0.0349560513860717
852,6046.945568,1,70476141.056,0.0232517876534104
853,6046.965568,2,70476161.0752,0.0348689737127871
854,6046.985568,1,70476181.0432,0.023202614379085
855,6047.005568,2,70476201.0496,0.0349027803388858
856,6047.025568,1,70476221.2096,0.0232220788001721
857,6047.045568,2,70476241.0624,0.0348433626324093
858,6047.065568,1,70476262.4128,0.0232046632655152
859,6047.085568,2,70476281.0752,0.0348269715409675
860,6047.105568,1,70476301.0432,0.0231831499579978
861,6047.125568,2,70476321.1008,0.03489560923638
862,6047.145568,1,70476341.0816,0.0231247566947364
863,6047.165568,2,70476361.0624,0.0349847357960948
864,6047.185568,1,70476381.1072,0.0231524166615445
865,6047.205568,2,70476401.0752,0.0349785891368041
866,6047.225568,1,70476421.5296,0.0232015899358699
867,6047.245568,2,70476441.088,0.034922244759973
868,6047.265568,1,70476461.1072,0.0232282254594628
869,6047.285568,2,70476481.0752,0.0347757493802119
870,6047.305568,1,70476501.0688,0.0233091564734567
871,6047.325568,2,70476521.5616,0.0346415473190321
872,6047.345568,1,70476541.312,0.0232415432212592
873,6047.365568,2,70476561.1136,0.034750138299834
874,6047.385568,1,70476581.12,0.0233009609277358
875,6047.405568,2,70476601.1136,0.0347614071752003
876,6047.425568,1,70476621.1456,0.0232733009609277
877,6047.445568,2,70476641.1008,0.0348290204273977
878,6047.465568,1,70476661.0944,0.0232384698916139
879,6047.485568,2,70476681.088,0.0348443870756244
880,6047.505568,1,70476701.0816,0.023221054356957
881,6047.525568,2,70476721.088,0.0349201958735427
882,6047.545568,1,70476741.1328,0.0232722765177126
883,6047.565568,2,70476761.1648,0.0348638514967115
884,6047.585568,1,70476781.1456,0.0233101809166718
885,6047.605568,2,70476801.1136,0.0350421046161411
886,6047.625568,1,70476821.1712,0.0233009609277358
887,6047.645568,2,70476841.2672,0.0351261089597804
888,6047.665568,1,70476861.1712,0.0232292499026779
889,6047.685568,2,70476881.152,0.0353217776138669
890,6047.705568,1,70476901.2224,0.0233275964513287
891,6047.725568,2,70476921.2032,0.0352982154199193
892,6047.745568,1,70476941.312,0.0231892966172885
893,6047.765568,2,70476961.216,0.0353658286721167
894,6047.785568,1,70476981.184,0.0232507632101953
895,6047.805568,2,70477001.2416,0.0352664576802508
896,6047.825568,1,70477021.2352,0.0231380744565329
897,6047.845568,2,70477041.2416,0.035441637470035
898,6047.865568,1,70477061.2224,0.0233234986784682
899,6047.885568,2,70477081.2672,0.0355379351322556
900,6047.905568,1,70477101.2992,0.0232528120966255
901,6047.925568,2,70477121.2544,0.0353965619685701
902,6047.945568,1,70477141.2096,0.0232630565287766
903,6047.965568,2,70477161.2544,0.0353074354088553
904,6047.985568,1,70477181.184,0.023266129858422
905,6048.005568,2,70477201.2032,0.0351640133587395
906,6048.025568,1,70477221.312,0.0232538365398406
907,6048.045568,2,70477241.2288,0.0352008933144836
908,6048.065568,1,70477261.2992,0.0232169565840965
909,6048.085568,2,70477281.1904,0.0352183088491405
910,6048.105568,1,70477301.2096,0.0232015899358699
911,6048.125568,2,70477321.28,0.0354518819021862
912,6048.145568,1,70477341.2608,0.0232712520744975
913,6048.165568,2,70477361.216,0.0354651996639826
914,6048.185568,1,70477381.2864,0.0232558854262708
915,6048.205568,2,70477401.1904,0.0354406130268199
916,6048.225568,1,70477421.5552,0.0232917409387998
917,6048.245568,2,70477441.216,0.0354447107996804
918,6048.265568,1,70477461.2736,0.0232323232323232
919,6048.285568,2,70477481.3184,0.0354672485504128
920,6048.305568,1,70477501.2736,0.0232671543016371
921,6048.325568,2,70477521.2032,0.0356639416477145
922,6048.345568,1,70477541.2352,0.0232077365951605
923,6048.365568,2,70477561.2288,0.0356178417030344
924,6048.385568,1,70477581.2736,0.0232169565840965
925,6048.405568,2,70477601.2416,0.0356434527834122
926,6048.425568,1,70477621.2992,0.0232476898805499
927,6048.445568,2,70477641.2544,0.0357223349109759
928,6048.465568,1,70477661.2736,0.0232077365951605
929,6048.485568,2,70477681.1776,0.0357182371381154
930,6048.505568,1,70477701.2608,0.0232507632101953
931,6048.525568,2,70477721.2672,0.0357838015038826
932,6048.545568,1,70477741.2352,0.0232138832544512
933,6048.565568,2,70477761.2288,0.0359180035650624
934,6048.585568,1,70477781.2864,0.0232640809719917
935,6048.605568,2,70477801.28,0.035814534800336
936,6048.625568,1,70477821.312,0.0232384698916139
937,6048.645568,2,70477841.216,0.0359364435429344
938,6048.665568,1,70477861.2736,0.0232323232323232
939,6048.685568,2,70477881.2672,0.0360173745569283
940,6048.705568,1,70477901.248,0.0232333476755383
941,6048.725568,2,70477921.216,0.0359641035097425
942,6048.745568,1,70477941.3248,0.0232272010162477
943,6048.765568,2,70477961.2928,0.0358882947118241
944,6048.785568,1,70477981.248,0.0232620320855615
945,6048.805568,2,70478001.28,0.0358882947118241
946,6048.825568,1,70478021.3248,0.0232046632655152
947,6048.845568,2,70478041.28,0.035814534800336
948,6048.865568,1,70478061.3248,0.0232599831991313
949,6048.885568,2,70478081.2672,0.0357120904788248
950,6048.905568,1,70478101.3504,0.0232948142684451
951,6048.925568,2,70478121.28,0.0356014506115926
952,6048.945568,1,70478142.1312,0.0233388653266949
953,6048.965568,2,70478161.2672,0.0356885282848772
954,6048.985568,1,70478181.2608,0.0233470608724158
955,6049.0056,2,70478201.2928,0.0356854549552318
956,6049.0256,1,70478221.2736,0.0232978875980904
957,6049.0456,2,70478241.2672,0.0358483414264347
958,6049.0656,1,70478261.3376,0.0233153031327474
959,6049.0856,2,70478281.28,0.0359999590222714
960,6049.1056,1,70478301.2992,0.0232548609830557
961,6049.1256,2,70478321.2928,0.0358760013932428
962,6049.1456,1,70478341.2864,0.02343004077284
963,6049.1656,2,70478361.3056,0.0358421947671441
964,6049.1856,1,70478381.3504,0.0232825209498638
965,6049.2056,2,70478401.2928,0.0357489704345688
966,6049.2256,1,70478421.3376,0.0232220788001721
967,6049.2456,2,70478441.3184,0.0357397504456328
968,6049.2656,1,70478461.2992,0.0233101809166718
969,6049.2856,2,70478481.3184,0.0357971192656791
970,6049.3056,1,70478501.3248,0.0232835453930789
971,6049.3256,2,70478521.3568,0.0356916016145225
972,6049.3456,1,70478541.3248,0.0231913455037187
973,6049.3656,2,70478561.3184,0.0357254082406212
974,6049.3856,1,70478581.3504,0.0231964677197943
975,6049.4056,2,70478601.3824,0.035568668428709
976,6049.4256,1,70478621.3504,0.0231790521851374
977,6049.4456,2,70478641.3824,0.0355635462126334
978,6049.4656,1,70478661.4016,0.0231892966172885
979,6049.4856,2,70478681.3312,0.0354395885836048
980,6049.5056,1,70478701.4272,0.0232312987891081
981,6049.5256,2,70478721.3824,0.0355399840186858
982,6049.5456,1,70478741.3504,0.0232179810273117
983,6049.5656,2,70478761.3568,0.0355133484950929
984,6049.5856,1,70478781.3504,0.0232784231770033
985,6049.6056,2,70478801.4208,0.0355983772819473
986,6049.6256,1,70478821.376,0.0232681787448522
987,6049.6456,2,70478841.4336,0.0357899481631733
988,6049.6656,1,70478861.3632,0.0233234986784682
989,6049.6856,2,70478881.3696,0.0358708791771672
990,6049.7056,1,70478901.4272,0.0232968631548753
991,6049.7256,2,70478921.3824,0.0360009834654865
992,6049.7456,1,70478941.3376,0.0232610076423464
993,6049.7656,2,70478961.344,0.0361546499477534
994,6049.7856,1,70478981.4656,0.0232599831991313
995,6049.8056,2,70479001.4464,0.0362027987788637
996,6049.8256,1,70479021.4016,0.0232538365398406
997,6049.8456,2,70479041.4336,0.0360798655930502
998,6049.8656,1,70479061.376,0.0232292499026779
999,6049.8856,2,70479081.3696,0.0361167455487942
1000,6049.9056,1,70479101.44,0.0231370500133178
1001,6049.9256,2,70479121.4848,0.0359866412604749
1002,6049.9456,1,70479141.4272,0.0232763742905731
1003,6049.9656,2,70479161.3824,0.0359743479418936
1004,6049.9856,1,70479181.4528,0.0232855942795091
1005,6050.0056,2,70479201.4464,0.0360706456041142
1006,6050.0256,1,70479221.4656,0.0233040342573811
1007,6050.0456,2,70479241.4464,0.0360173745569283
1008,6050.0656,1,70479261.4144,0.0232620320855615
1009,6050.0856,2,70479281.4464,0.0358053148114
1010,6050.1056,1,70479301.4528,0.023221054356957
1011,6050.1256,2,70479321.472,0.0357397504456328
1012,6050.1456,1,70479341.4144,0.0232989120413055
1013,6050.1656,2,70479361.4464,0.0357243837974061
1014,6050.1856,1,70479381.4528,0.023248714323765
1015,6050.2056,2,70479401.408,0.035777654844592
1016,6050.2256,1,70479421.4784,0.0232138832544512
1017,6050.2456,2,70479441.4336,0.0356997971602434
1018,6050.2656,1,70479461.4144,0.0232056877087303
1019,6050.2856,2,70479481.4848,0.0357899481631733
1020,6050.3056,1,70479501.4656,0.0231903210605036
1021,6050.3256,2,70479521.5104,0.0356977482738132
1022,6050.3456,1,70479541.44,0.0232620320855615
1023,6050.3656,2,70479561.4208,0.0357172126949003
1024,6050.3856,1,70479581.4784,0.0232138832544512
1025,6050.4056,2,70479601.4336,0.0358575614153707
1026,6050.4256,1,70479621.4912,0.0232692031880673
1027,6050.4456,2,70479641.4336,0.035796094822464
1028,6050.4656,1,70479661.4656,0.0233060831438113
1029,6050.4856,2,70479681.4208,0.0358278525621325
1030,6050.5056,1,70479701.4912,0.02329378982523
1031,6050.5256,2,70479721.4848,0.0357100415923945
1032,6050.5456,1,70479741.4528,0.0232149076976663
1033,6050.5656,2,70479761.472,0.0356680394205749
1034,6050.5856,1,70479781.4528,0.0232958387116602
1035,6050.6056,2,70479801.472,0.0355307640297498
1036,6050.6256,1,70479821.5808,0.0233173520191776
1037,6050.6456,2,70479841.472,0.0354426619132501
1038,6050.6656,1,70479861.4784,0.0232773987337882
1039,6050.6856,2,70479881.4464,0.0354150019464421
1040,6050.7056,1,70479901.4784,0.0232200299137419
1041,6050.7256,2,70479921.6128,0.0354723707664884
1042,6050.7456,1,70479941.4784,0.0232548609830557
1043,6050.7656,2,70479961.4848,0.0354938840740058
1044,6050.7856,1,70479981.5424,0.0232743254041428
1045,6050.8056,2,70480001.5104,0.0354641752207675
1046,6050.8256,1,70480021.5424,0.0232671543016371
1047,6050.8456,2,70480041.536,0.0354744196529186
1048,6050.8656,1,70480061.4912,0.023284569836294
1049,6050.8856,2,70480081.5104,0.0355430573483312
1050,6050.9056,1,70480101.5808,0.023284569836294
1051,6050.9256,2,70480121.5744,0.0356547216587785
1052,6050.9456,1,70480141.4784,0.0232927653820149
1053,6050.9656,2,70480161.5104,0.0357704837420862
1054,6050.9856,1,70480181.504,0.0232999364845207
1055,6051.0056,2,70480201.536,0.0358770258364579
1056,6051.0256,1,70480221.568,0.0232876431659393
1057,6051.0456,2,70480241.6,0.0360091790112074
1058,6051.0656,1,70480261.5424,0.0233071075870264
1059,6051.0856,2,70480281.5232,0.0361444055156023
1060,6051.1056,1,70480301.5424,0.0232784231770033
1061,6051.1256,2,70480321.5616,0.0360839633659106
1062,6051.1456,1,70480341.5296,0.0233245231216834
1063,6051.1656,2,70480361.5744,0.0358708791771672
1064,6051.1856,1,70480381.5296,0.0232876431659393
1065,6051.2056,2,70480401.5616,0.0357172126949003
1066,6051.2256,1,70480421.6064,0.0233255475648985
1067,6051.2456,2,70480441.6,0.0355389595754707
1068,6051.2656,1,70480461.5296,0.0232712520744975
1069,6051.2856,2,70480481.6128,0.0355492040076219
1070,6051.3056,1,70480501.5424,0.02329378982523
1071,6051.3256,2,70480521.5744,0.0354344663675293
1072,6051.3456,1,70480541.5552,0.023330669780974
1073,6051.3656,2,70480561.6,0.0354651996639826
1074,6051.3856,1,70480581.5936,0.0232261765730326
1075,6051.4056,2,70480601.5744,0.0354354908107444
1076,6051.4256,1,70480621.5936,0.0232876431659393
1077,6051.4456,2,70480641.5744,0.035341242034954
1078,6051.4656,1,70480661.5936,0.0232763742905731
1079,6051.4856,2,70480681.6512,0.0353627553424714
1080,6051.5056,1,70480701.6448,0.0233091564734567
1081,6051.5256,2,70480721.6128,0.0353617308992563
1082,6051.5456,1,70480741.5808,0.023230274345893
1083,6051.5656,2,70480761.6384,0.0353453398078145
1084,6051.5856,1,70480781.5808,0.0233071075870264
1085,6051.6056,2,70480801.6512,0.0354713463232733
1086,6051.6256,1,70480821.7472,0.0232425676644744
1087,6051.6456,2,70480841.6,0.0353555842399656
1088,6051.6656,1,70480861.6064,0.0232743254041428
1089,6051.6856,2,70480881.5616,0.0355635462126334
1090,6051.7056,1,70480901.5936,0.02329378982523
1091,6051.7256,2,70480921.6128,0.0357520437642141
1092,6051.7456,1,70480941.6064,0.0232866187227242
1093,6051.7656,2,70480961.5872,0.0356116950437437
1094,6051.7856,1,70480981.6832,0.0232814965066486
1095,6051.8056,2,70481001.6,0.0355338373593952
1096,6051.8256,1,70481021.632,0.0233071075870264
1097,6051.8456,2,70481041.6256,0.0353514864671051
1098,6051.8656,1,70481061.6064,0.0232835453930789
1099,6051.8856,2,70481081.6512,0.0353852930932038
1100,6051.9056,1,70481101.6576,0.0232231032433872
1101,6051.9256,2,70481121.664,0.0352982154199193
1102,6051.9456,1,70481141.6704,0.0233296453377589
1103,6051.9656,2,70481161.6384,0.0353207531706517
1104,6051.9856,1,70481181.6448,0.0233040342573811
1105,6052.0056,2,70481201.6896,0.0353525109103202
1106,6052.0256,1,70481221.6704,0.0232251521298174
1107,6052.0456,2,70481241.6256,0.035296166533489
1108,6052.0656,1,70481261.6448,0.0232517876534104
1109,6052.0856,2,70481281.6512,0.0352736287827566
1110,6052.1056,1,70481301.6576,0.0232497387669801
1111,6052.1256,2,70481321.7152,0.0352377732702276
1112,6052.1456,1,70481341.6448,0.0232722765177126
1113,6052.1656,2,70481361.664,0.0350533734915074
1114,6052.1856,1,70481381.6192,0.0232978875980904
1115,6052.2056,2,70481401.6512,0.0350246890814842
1116,6052.2256,1,70481421.8752,0.0232589587559162
1117,6052.2456,2,70481441.664,0.0349120003278218
1118,6052.2656,1,70481461.7216,0.0232835453930789
1119,6052.2856,2,70481481.6768,0.0349703935910832
1120,6052.3056,1,70481501.6576,0.0232333476755383
1121,6052.3256,2,70481521.7408,0.0349212203167578
1122,6052.3456,1,70481541.6832,0.0232640809719917
1123,6052.3656,2,70481561.664,0.0349365869649845
1124,6052.3856,1,70481581.7088,0.0232067121519454
1125,6052.4056,2,70481601.6896,0.0350728379125945
1126,6052.4256,1,70481621.7344,0.0232599831991313
1127,6052.4456,2,70481641.6768,0.0350615690372283
1128,6052.4656,1,70481661.7088,0.0231903210605036
1129,6052.4856,2,70481681.6768,0.0348986825660254
1130,6052.5056,1,70481701.7088,0.0231954432765792
1131,6052.5256,2,70481721.728,0.0349550269428566
1132,6052.5456,1,70481741.7088,0.0232292499026779
1133,6052.5656,2,70481761.7152,0.0350687401397341
1134,6052.5856,1,70481781.6832,0.0232015899358699
1135,6052.6056,2,70481801.6896,0.0351148400844141
1136,6052.6256,1,70481821.7344,0.0233234986784682
1137,6052.6456,2,70481841.7024,0.0351394267215768
1138,6052.6656,1,70481861.7344,0.0233101809166718
1139,6052.6856,2,70481881.7024,0.0351076689819083
1140,6052.7056,1,70481901.696,0.0233204253488229
1141,6052.7256,2,70481921.792,0.0351609400290942
1142,6052.7456,1,70481941.7216,0.0233050587005962
1143,6052.7656,2,70481961.7408,0.0350523490482923
1144,6052.7856,1,70481981.7344,0.0232333476755383
1145,6052.8056,2,70482001.728,0.03503186018399
1146,6052.8256,1,70482021.76,0.0232651054152068
1147,6052.8456,2,70482041.7408,0.0350421046161411
1148,6052.8656,1,70482061.7472,0.0232200299137419
1149,6052.8856,2,70482081.728,0.0349734669207286
1150,6052.9056,1,70482101.7472,0.0233040342573811
1151,6052.9256,2,70482121.7536,0.0350482512754318
1152,6052.9456,1,70482141.7472,0.0232364210051837
1153,6052.9656,2,70482161.7664,0.0350779601286701
1154,6052.9856,1,70482181.7728,0.0233603786342123
1155,6053.0056,2,70482201.7664,0.0349898580121704
1156,6053.0256,1,70482221.76,0.0233296453377589
1157,6053.0456,2,70482241.92,0.034949904726781
1158,6053.0656,1,70482261.7728,0.0233603786342123
1159,6053.0856,2,70482281.8048,0.0350339090704202
1160,6053.1056,1,70482301.8624,0.0233931608170959
1161,6053.1256,2,70482321.7536,0.0349990780011064
1162,6053.1456,1,70482341.8496,0.0233542319749216
1163,6053.1656,2,70482361.792,0.0350830823447456
1164,6053.1856,1,70482381.7984,0.0233409142131252
1165,6053.2056,2,70482401.7664,0.0351640133587395
1166,6053.2256,1,70482421.9776,0.0233173520191776
1167,6053.2456,2,70482441.7536,0.035231626610937
1168,6053.2656,1,70482461.7728,0.0233542319749216
1169,6053.2856,2,70482481.8048,0.0353248509435122
1170,6053.3056,1,70482501.7728,0.0233327186674043
1171,6053.3256,2,70482521.9072,0.0353873419796341
1172,6053.3456,1,70482541.8368,0.0233194009056078
1173,6053.3656,2,70482561.856,0.0353453398078145
1174,6053.3856,1,70482581.7984,0.0233839408281599
1175,6053.4056,2,70482601.8176,0.0353105087385006
1176,6053.4256,1,70482621.8752,0.0233265720081136
1177,6053.4456,2,70482641.8176,0.0353893908660643
1178,6053.4656,1,70482661.9136,0.0232866187227242
1179,6053.4856,2,70482681.792,0.0355553506669125
1180,6053.5056,1,70482701.8368,0.0234259429999795
1181,6053.5256,2,70482721.8944,0.0354559796750466
1182,6053.5456,1,70482741.8112,0.0233726719527937
1183,6053.5656,2,70482761.8304,0.0354498330157559
1184,6053.5856,1,70482781.8496,0.0233614030774274
1185,6053.6056,2,70482801.8176,0.0354150019464421
1186,6053.6256,1,70482822.1952,0.0233562808613519
1187,6053.6456,2,70482841.8304,0.0355912061794415
1188,6053.6656,1,70482861.8368,0.0233726719527937
1189,6053.6856,2,70482881.8432,0.0355358862458254
1190,6053.7056,1,70482901.7856,0.0233532075317065
1191,6053.7256,2,70482921.9584,0.0354457352428955
1192,6053.7456,1,70482941.8624,0.0233060831438113
1193,6053.7656,2,70482961.8688,0.0353637797856865
1194,6053.7856,1,70482981.9264,0.0232958387116602
1195,6053.8056,2,70483001.8944,0.0352951420902739
1196,6053.8256,1,70483021.9136,0.0233040342573811
1197,6053.8456,2,70483041.92,0.0352428954863032
1198,6053.8656,1,70483061.8752,0.0233521830884914
1199,6053.8856,2,70483081.92,0.0353432909213842
1200,6053.9056,1,70483101.888,0.0233993074763866
1201,6053.9256,2,70483121.8816,0.0352910443174135
1202,6053.9456,1,70483141.9392,0.023357305304567
1203,6053.9656,2,70483161.856,0.0352418710430881
1204,6053.9856,1,70483181.9776,0.0232907164955847
1205,6054.0056,2,70483201.8816,0.0351465978240826
1206,6054.0256,1,70483221.952,0.0233839408281599
1207,6054.0456,2,70483241.984,0.0351004978794025
1208,6054.0656,1,70483261.888,0.0233726719527937
1209,6054.0856,2,70483281.8688,0.0349191714303276
1210,6054.1056,1,70483301.9136,0.0233552564181367
1211,6054.1256,2,70483321.9072,0.0349919068986006
1212,6054.1456,1,70483341.9264,0.0232814965066486
1213,6054.1656,2,70483361.9328,0.0349765402503739
1214,6054.1856,1,70483381.9136,0.0233183764623927
1215,6054.2056,2,70483401.92,0.0351168889708443
1216,6054.2256,1,70483422.1056,0.0233624275206425
1217,6054.2456,2,70483441.9328,0.0350328846272051
1218,6054.2656,1,70483461.888,0.0233532075317065
1219,6054.2856,2,70483481.9072,0.0349509291699961
1220,6054.3056,1,70483501.9008,0.0233081320302416
1221,6054.3256,2,70483522.0864,0.0350605445940132
1222,6054.3456,1,70483541.9648,0.0233009609277358
1223,6054.3656,2,70483561.9072,0.035041080172926
1224,6054.3856,1,70483581.952,0.0233153031327474
1225,6054.4056,2,70483601.92,0.0349529780564263
1226,6054.4256,1,70483621.9392,0.0232989120413055
1227,6054.4456,2,70483641.92,0.0351711844612453
1228,6054.4656,1,70483661.9264,0.0233265720081136
1229,6054.4856,2,70483681.9968,0.0350523490482923
1230,6054.5056,1,70483701.9392,0.0233255475648985
1231,6054.5256,2,70483721.9968,0.0350943512201119
1232,6054.5456,1,70483741.9264,0.0234003319196017
1233,6054.5656,2,70483761.9456,0.0351752822341058
1234,6054.5856,1,70483781.952,0.0233173520191776
1235,6054.6056,2,70483801.9712,0.0352152355194952
1236,6054.6256,1,70483821.9904,0.0232722765177126
1237,6054.6456,2,70483841.9456,0.0351261089597804
1238,6054.6656,1,70483861.9392,0.0232353965619686
1239,6054.6856,2,70483881.9584,0.0351394267215768
1240,6054.7056,1,70483901.9776,0.0231688077529863
1241,6054.7256,2,70483922.0352,0.0351486467105128
1242,6054.7456,1,70483941.9648,0.023230274345893
1243,6054.7656,2,70483961.9584,0.0350533734915074
1244,6054.7856,1,70483982.0288,0.0232794476202184
1245,6054.8056,2,70484001.9584,0.0350205913086238
1246,6054.8256,1,70484022.0928,0.0231718810826316
1247,6054.8456,2,70484041.984,0.0350666912533038
1248,6054.8656,1,70484061.9648,0.0232569098694859
1249,6054.8856,2,70484082.0608,0.0351722089044604
1250,6054.9056,1,70484101.9776,0.0232712520744975
1251,6054.9256,2,70484121.9968,0.0352756776691868
1252,6054.9456,1,70484141.9904,0.0232712520744975
1253,6054.9656,2,70484161.984,0.0354303685946688
1254,6054.9856,1,70484182.0416,0.0233132542463171
1255,6055.0056,2,70484201.9968,0.0354990062900813
1256,6055.0256,1,70484222.0544,0.0232538365398406
1257,6055.0456,2,70484241.984,0.0357766304013769
1258,6055.0656,1,70484262.0416,0.0232671543016371
1259,6055.0856,2,70484281.9968,0.0357807281742373
1260,6055.1056,1,70484302.0032,0.0233388653266949
1261,6055.1256,2,70484322.0224,0.035760239309935
1262,6055.1456,1,70484342.0288,0.023266129858422
1263,6055.1656,2,70484361.9968,0.0357223349109759
1264,6055.1856,1,70484382.016,0.0233224742352531
1265,6055.2056,2,70484402.0736,0.0356393550105518
1266,6055.2256,1,70484422.0672,0.0233040342573811
1267,6055.2456,2,70484441.9968,0.035495932960436
1268,6055.2656,1,70484462.08,0.0233993074763866
1269,6055.2856,2,70484482.0224,0.0353791464339132
1270,6055.3056,1,70484502.0288,0.0232773987337882
1271,6055.3256,2,70484522.0352,0.035268506566681
1272,6055.3456,1,70484542.144,0.0233142786895322
1273,6055.3656,2,70484562.0352,0.0350718134693794
1274,6055.3856,1,70484582.1568,0.0233900874874506
1275,6055.4056,2,70484602.0608,0.0349478558403508
1276,6055.4256,1,70484622.0672,0.0233491097588461
1277,6055.4456,2,70484642.0352,0.034940684737845
1278,6055.4656,1,70484662.1824,0.0233163275759625
1279,6055.4856,2,70484682.0736,0.0350164935357633
1280,6055.5056,1,70484702.1056,0.0233962341467412
1281,6055.5256,2,70484722.2144,0.0350851312311759
1282,6055.5456,1,70484742.3872,0.0234064785788924
1283,6055.5656,2,70484762.0224,0.0350830823447456
1284,6055.5856,1,70484782.0544,0.0233388653266949
1285,6055.6056,2,70484802.048,0.0349662958182228
1286,6055.6256,1,70484822.0672,0.0233521830884914
1287,6055.6456,2,70484842.0736,0.0348443870756244
1288,6055.6656,1,70484862.0672,0.0233603786342123
1289,6055.6856,2,70484882.1504,0.0348034093470199
1290,6055.7056,1,70484902.0672,0.023330669780974
1291,6055.7256,2,70484922.1632,0.0345944229311369
1292,6055.7456,1,70484942.08,0.0233603786342123
1293,6055.7656,2,70484962.048,0.0345360296678755
1294,6055.7856,1,70484982.1312,0.0233501342020612
1295,6055.8056,2,70485002.112,0.0347060872415842
1296,6055.8256,1,70485022.4768,0.023348085315631
1297,6055.8456,2,70485042.1248,0.0347460405269736
1298,6055.8656,1,70485062.0928,0.0233357919970496
1299,6055.8856,2,70485082.0864,0.0350380068432807
1300,6055.9056,1,70485102.1056,0.0233624275206425
1301,6055.9256,2,70485122.2144,0.035158891142664
1302,6055.9456,1,70485142.1568,0.0232978875980904
1303,6055.9656,2,70485162.0992,0.0350851312311759
1304,6055.9856,1,70485182.1952,0.0233173520191776
1305,6056.0056,2,70485202.112,0.0349621980453623
1306,6056.0256,1,70485222.1568,0.0233859897145901
1307,6056.0456,2,70485242.1376,0.0348013604605897
1308,6056.0656,1,70485262.1184,0.0233450119859856
1309,6056.0856,2,70485282.1632,0.0348054582334501
1310,6056.1056,1,70485302.1312,0.0234023808060319
1311,6056.1256,2,70485322.1248,0.0348792181449382
1312,6056.1456,1,70485342.144,0.0233890630442355
1313,6056.1656,2,70485362.1248,0.0348833159177987
1314,6056.1856,1,70485382.1824,0.0233347675538345
1315,6056.2056,2,70485402.1248,0.0348372159731186
1316,6056.2256,1,70485422.1824,0.023357305304567
1317,6056.2456,2,70485442.1376,0.0348382404163337
1318,6056.2656,1,70485462.1312,0.0233777941688692
1319,6056.2856,2,70485482.1888,0.0347019894687237
1320,6056.3056,1,70485502.1312,0.023357305304567
1321,6056.3256,2,70485522.3168,0.0346569139672588
1322,6056.3456,1,70485542.1568,0.0233337431106194
1323,6056.3656,2,70485562.1504,0.0348116048927408
1324,6056.3856,1,70485582.1696,0.0233019853709509
1325,6056.4056,2,70485602.1632,0.0346456450918926
1326,6056.4256,1,70485622.1952,0.023357305304567
1327,6056.4456,2,70485642.1376,0.0345595918618231
1328,6056.4656,1,70485662.1568,0.023330669780974
1329,6056.4856,2,70485682.2144,0.0345063208146372
1330,6056.5056,1,70485702.1696,0.0233818919417297
1331,6056.5256,2,70485722.7904,0.0345811051693405
1332,6056.5456,1,70485742.272,0.0233316942241892
1333,6056.5656,2,70485762.176,0.0345391029975208
1334,6056.5856,1,70485782.2976,0.0233962341467412
1335,6056.6056,2,70485802.176,0.0345001741553466
1336,6056.6256,1,70485822.3232,0.0233808674985146
1337,6056.6456,2,70485842.2528,0.034640522875817
1338,6056.6656,1,70485862.1952,0.0233337431106194
1339,6056.6856,2,70485882.2144,0.0346374495461717
1340,6056.7056,1,70485902.1824,0.0234495051939271
1341,6056.7256,2,70485922.2528,0.0347255516626713
1342,6056.7456,1,70485942.208,0.023384965271375
1343,6056.7656,2,70485962.2016,0.0347357960948225
1344,6056.7856,1,70485982.2464,0.0233398897699101
1345,6056.8056,2,70486002.2144,0.0347788227098572
1346,6056.8256,1,70486022.272,0.0233931608170959
1347,6056.8456,2,70486042.2272,0.0347829204827176
1348,6056.8656,1,70486062.2208,0.0233337431106194
1349,6056.8856,2,70486082.24,0.0346989161390784
1350,6056.9056,1,70486102.3744,0.023375745282439
1351,6056.9256,2,70486122.2144,0.0347737004937816
1352,6056.9456,1,70486142.2336,0.0234474563074969
1353,6056.9656,2,70486162.2272,0.0347347716516073
1354,6056.9856,1,70486182.2336,0.0233972585899564
1355,6057.0056,2,70486202.432,0.0347347716516073
1356,6057.0256,1,70486222.2208,0.0234197963406888
1357,6057.0456,2,70486242.2144,0.0347480894134038
1358,6057.0656,1,70486262.3744,0.0234095519085377
1359,6057.0856,2,70486282.2272,0.0348443870756244
1360,6057.1056,1,70486302.2464,0.0234269674431946
1361,6057.1256,2,70486322.2784,0.0350748867990247
1362,6057.1456,1,70486342.3488,0.0234218452271191
1363,6057.1656,2,70486362.2656,0.035204991087344
1364,6057.1856,1,70486382.2464,0.0234136496813982
1365,6057.2056,2,70486402.2528,0.0352521154752392
1366,6057.2256,1,70486422.272,0.0233818919417297
1367,6057.2456,2,70486442.3424,0.0351609400290942
1368,6057.2656,1,70486462.2592,0.0233859897145901
1369,6057.2856,2,70486482.2528,0.0353053865224251
1370,6057.3056,1,70486502.3872,0.0233511586452763
1371,6057.3256,2,70486522.2912,0.0353330464892331
1372,6057.3456,1,70486542.2848,0.0233982830331715
1373,6057.3656,2,70486562.2656,0.0354631507775524
1374,6057.3856,1,70486582.3104,0.0234003319196017
1375,6057.4056,2,70486602.2784,0.0353494375806749
1376,6057.4256,1,70486622.3104,0.0233368164402647
1377,6057.4456,2,70486642.2912,0.0351619644723093
1378,6057.4656,1,70486662.2592,0.0233419386563403
1379,6057.4856,2,70486682.24,0.0351465978240826
1380,6057.5056,1,70486702.2848,0.0233501342020612
1381,6057.5256,2,70486722.5344,0.0350369824000656
1382,6057.5456,1,70486742.3104,0.0233593541909972
1383,6057.5656,2,70486762.2912,0.0350287868543447
1384,6057.5856,1,70486782.3232,0.0232896920523695
1385,6057.6056,2,70486802.304,0.0349171225438974
1386,6057.6256,1,70486822.4256,0.0233060831438113
1387,6057.6456,2,70486842.2912,0.0349376114081996
1388,6057.6656,1,70486862.2976,0.0233716475095785
1389,6057.6856,2,70486882.3296,0.0347777982666421
1390,6057.7056,1,70486902.2976,0.0233562808613519
1391,6057.7256,2,70486922.3808,0.0347982871309443
1392,6057.7456,1,70486942.3104,0.0233183764623927
1393,6057.7656,2,70486962.304,0.0347921404716537
1394,6057.7856,1,70486982.336,0.0233347675538345
1395,6057.8056,2,70487002.3168,0.0346917450365726
1396,6057.8256,1,70487022.4128,0.0232620320855615
1397,6057.8456,2,70487042.3296,0.0347429671973283
1398,6057.8656,1,70487062.3232,0.0232589587559162
1399,6057.8856,2,70487082.3424,0.0349150736574672
1400,6057.9056,1,70487102.336,0.0232835453930789
1401,6057.9256,2,70487122.3424,0.0347941893580839
1402,6057.9456,1,70487142.4768,0.0232927653820149
1403,6057.9656,2,70487162.3296,0.0346886717069273
1404,6057.9856,1,70487182.3616,0.0233091564734567
1405,6058.0056,2,70487202.3424,0.03471325834409
1406,6058.0256,1,70487222.4128,0.02329378982523
1407,6058.0456,2,70487242.368,0.0349919068986006
1408,6058.0656,1,70487262.3616,0.0233419386563403
1409,6058.0856,2,70487282.368,0.0350584957075829
1410,6058.1056,1,70487302.3616,0.0233450119859856
1411,6058.1256,2,70487322.3936,0.0351793800069662
1412,6058.1456,1,70487342.5152,0.0232343721187535
1413,6058.1656,2,70487362.368,0.0350964001065421
1414,6058.1856,1,70487382.3872,0.023275349847358
1415,6058.2056,2,70487402.4064,0.0352111377466347
1416,6058.2256,1,70487422.4128,0.0232876431659393
1417,6058.2456,2,70487442.4832,0.035240846599873
1418,6058.2656,1,70487462.4,0.0232538365398406
1419,6058.2856,2,70487482.3808,0.0352541643616694
1420,6058.3056,1,70487502.4768,0.0232681787448522
1421,6058.3256,2,70487522.4448,0.0352070399737743
1422,6058.3456,1,70487542.528,0.0232138832544512
1423,6058.3656,2,70487562.3936,0.0350605445940132
1424,6058.3856,1,70487582.4,0.0232405187780441
1425,6058.4056,2,70487602.4192,0.0349970291146762
1426,6058.4256,1,70487622.4,0.0233286208945438
1427,6058.4456,2,70487642.3936,0.0349796135800193
1428,6058.4656,1,70487662.4384,0.0233839408281599
1429,6058.4856,2,70487682.3808,0.0349478558403508
1430,6058.5056,1,70487702.4,0.0233142786895322
1431,6058.5256,2,70487722.5088,0.034904829225316
1432,6058.5456,1,70487742.464,0.0233644764070728
1433,6058.5656,2,70487762.4064,0.0349365869649845
1434,6058.5856,1,70487782.4128,0.0233040342573811
1435,6058.6056,2,70487802.4576,0.0347276005491016
1436,6058.6256,1,70487822.5024,0.0233675497367181
1437,6058.6456,2,70487842.496,0.0346261806708054
1438,6058.6656,1,70487862.4384,0.0233112053598869
1439,6058.6856,2,70487882.4192,0.0344745630749688
1440,6058.7056,1,70487902.4384,0.0232794476202184
1441,6058.7256,2,70487922.4576,0.0344141209252771
1442,6058.7456,1,70487942.5536,0.0232784231770033
1443,6058.7656,2,70487962.4192,0.0342901632962485
1444,6058.7856,1,70487982.4384,0.0232097854815908
1445,6058.8056,2,70488002.4832,0.0343147499334112
1446,6058.8256,1,70488022.4896,0.0232968631548753
1447,6058.8456,2,70488042.4448,0.0344233409142131
1448,6058.8656,1,70488062.592,0.0233296453377589
1449,6058.8856,2,70488082.4448,0.034385436515254
1450,6058.9056,1,70488102.464,0.0232907164955847
1451,6058.9256,2,70488122.7392,0.0345360296678755
1452,6058.9456,1,70488142.5024,0.0233142786895322
1453,6058.9656,2,70488162.4832,0.0345944229311369
1454,6058.9856,1,70488182.5152,0.0233050587005962
1455,6059.0056,2,70488202.4704,0.0348126293359559
1456,6059.0256,1,70488222.5024,0.0233450119859856
1457,6059.0456,2,70488242.4704,0.0347931649148688
1458,6059.0656,1,70488262.4896,0.0233429630995554
1459,6059.0856,2,70488282.5088,0.0348351670866884
1460,6059.1056,1,70488302.464,0.0232958387116602
1461,6059.1256,2,70488322.7136,0.0347398938676829
1462,6059.1456,1,70488342.528,0.0233071075870264
1463,6059.1656,2,70488362.5088,0.0347511627430492
1464,6059.1856,1,70488382.6304,0.0232835453930789
1465,6059.2056,2,70488402.4832,0.0349130247710369
1466,6059.2256,1,70488422.72,0.0233255475648985
1467,6059.2456,2,70488442.5728,0.0349324891921241
1468,6059.2656,1,70488462.4896,0.0232763742905731
1469,6059.2856,2,70488482.5856,0.0350421046161411
1470,6059.3056,1,70488502.5792,0.0232814965066486
1471,6059.3256,2,70488522.7904,0.0351640133587395
1472,6059.3456,1,70488542.5152,0.023366525293503
1473,6059.3656,2,70488562.4704,0.035259286577745
1474,6059.3856,1,70488582.5664,0.0232466654373348
1475,6059.4056,2,70488602.5216,0.0350615690372283
1476,6059.4256,1,70488622.6432,0.0232231032433872
1477,6059.4456,2,70488642.5216,0.0350882045608212
1478,6059.4656,1,70488662.5152,0.0232364210051837
1479,6059.4856,2,70488682.5728,0.0350984489929723
1480,6059.5056,1,70488702.5408,0.0233204253488229
1481,6059.5256,2,70488722.6496,0.035123035630135
1482,6059.5456,1,70488742.5408,0.0232896920523695
1483,6059.5656,2,70488762.56,0.0352039666441289
1484,6059.5856,1,70488782.6048,0.023211834368021
1485,6059.6056,2,70488802.5472,0.0349898580121704
1486,6059.6256,1,70488822.6944,0.0232548609830557
1487,6059.6456,2,70488842.5856,0.0349478558403508
1488,6059.6656,1,70488862.5792,0.0232446165509046
1489,6059.6856,2,70488882.6112,0.0349621980453623
1490,6059.7056,1,70488902.5664,0.0232456409941197
1491,6059.7256,2,70488922.56,0.0349242936464032
1492,6059.7456,1,70488942.5664,0.0231862232876432
1493,6059.7656,2,70488962.5344,0.0348372159731186
1494,6059.7856,1,70488982.6432,0.0232384698916139
1495,6059.8056,2,70489002.6112,0.0347993115741594
1496,6059.8256,1,70489023.2576,0.023257934312701
1497,6059.8456,2,70489042.5984,0.0348904870203045
1498,6059.8656,1,70489062.5536,0.0232620320855615
1499,6059.8856,2,70489082.6752,0.0348607781670662
1500,6059.9056,1,70489102.6048,0.0232599831991313
1501,6059.9256,2,70489122.6496,0.0347737004937816
1502,6059.9456,1,70489142.6432,0.023239494334829
1503,6059.9656,2,70489162.5856,0.0347450160837585
1504,6059.9856,1,70489182.7328,0.023284569836294
1505,6060.0056,2,70489202.6112,0.034694818366218
1506,6060.0256,1,70489223.0912,0.0232128588112361
1507,6060.0456,2,70489242.5728,0.0348669248263569
1508,6060.0656,1,70489262.5536,0.0232179810273117
1509,6060.0856,2,70489282.816,0.0348802425881533
1510,6060.1056,1,70489302.5792,0.0232087610383756
1511,6060.1256,2,70489322.8416,0.0349038047821009
1512,6060.1456,1,70489342.592,0.0233071075870264
1513,6060.1656,2,70489362.624,0.034904829225316
1514,6060.1856,1,70489382.7968,0.0232640809719917
1515,6060.2056,2,70489402.624,0.0347941893580839
1516,6060.2256,1,70489422.6816,0.023257934312701
1517,6060.2456,2,70489442.688,0.0347573094023398
1518,6060.2656,1,70489462.6048,0.0233153031327474
1519,6060.2856,2,70489482.7648,0.0348454115188395
1520,6060.3056,1,70489502.6688,0.0232989120413055
1521,6060.3256,2,70489522.6624,0.0349570758292868
1522,6060.3456,1,70489542.8864,0.023275349847358
1523,6060.3656,2,70489562.6368,0.0349355625217694
1524,6060.3856,1,70489582.6176,0.0231892966172885
1525,6060.4056,2,70489602.6752,0.0348853648042289
1526,6060.4256,1,70489622.6816,0.0232640809719917
1527,6060.4456,2,70489642.6368,0.0349621980453623
1528,6060.4656,1,70489662.8608,0.0233040342573811
1529,6060.4856,2,70489682.6496,0.0349458069539205
1530,6060.5056,1,70489702.6688,0.0233009609277358
1531,6060.5256,2,70489723.072,0.0351384022783617
1532,6060.5456,1,70489742.912,0.0232876431659393
1533,6060.5656,2,70489762.688,0.0351199623004897
1534,6060.5856,1,70489782.7456,0.0233245231216834
1535,6060.6056,2,70489802.7136,0.0350287868543447
1536,6060.6256,1,70489822.8608,0.0233081320302416
1537,6060.6456,2,70489842.6496,0.0349796135800193
1538,6060.6656,1,70489862.7328,0.0232989120413055
1539,6060.6856,2,70489882.6624,0.0348699981560022
1540,6060.7056,1,70489902.6688,0.023403405249247
1541,6060.7256,2,70489922.7776,0.034813653779171
1542,6060.7456,1,70489942.6688,0.0233286208945438
1543,6060.7656,2,70489962.6624,0.0348034093470199
1544,6060.7856,1,70489982.6944,0.0233378408834798
1545,6060.8056,2,70490002.9312,0.0348003360173746
1546,6060.8256,1,70490022.7072,0.0233327186674043
1547,6060.8456,2,70490042.7008,0.0347757493802119
1548,6060.8656,1,70490062.6816,0.0232989120413055
1549,6060.8856,2,70490082.7264,0.0348566803942058
1550,6060.9056,1,70490102.7712,0.0233153031327474
1551,6060.9256,2,70490122.6752,0.0348740959288627
1552,6060.9456,1,70490142.7584,0.0233695986231483
1553,6060.9656,2,70490162.7008,0.034822873768107
1554,6060.9856,1,70490183.0528,0.0232948142684451
1555,6061.005632,2,70490202.8032,0.034785993812363
1556,6061.025632,1,70490222.72,0.0233255475648985
1557,6061.045632,2,70490242.8672,0.0349652713750077
1558,6061.065632,1,70490262.7072,0.0233593541909972
1559,6061.085632,2,70490282.7904,0.0350820579015305
1560,6061.105632,1,70490302.72,0.0233398897699101
1561,6061.125632,2,70490322.7392,0.0351916733255476
1562,6061.145632,1,70490342.7328,0.0232886676091544
1563,6061.165632,2,70490362.7264,0.0351916733255476
1564,6061.185632,1,70490382.72,0.023330669780974
1565,6061.205632,2,70490402.7136,0.0352008933144836
1566,6061.225632,1,70490422.72,0.0233357919970496
1567,6061.245632,2,70490442.9568,0.0350933267768968
1568,6061.265632,1,70490462.7072,0.0233501342020612
1569,6061.285632,2,70490482.7264,0.0349283914192636
1570,6061.305632,1,70490502.6944,0.0233614030774274
1571,6061.325632,2,70490522.7648,0.0349540024996415
1572,6061.345632,1,70490542.7328,0.0233357919970496
1573,6061.365632,2,70490562.7136,0.0349365869649845
1574,6061.385632,1,70490582.7456,0.0233265720081136
1575,6061.405632,2,70490602.752,0.0349212203167578
1576,6061.425632,1,70490622.9376,0.0233634519638576
1577,6061.445632,2,70490642.752,0.0350113713196877
1578,6061.465632,1,70490662.9632,0.0233398897699101
1579,6061.485632,2,70490682.7392,0.0349079025549614
1580,6061.505632,1,70490702.848,0.0233132542463171
1581,6061.525632,2,70490723.3024,0.0348423381891942
1582,6061.545632,1,70490742.7712,0.0233491097588461
1583,6061.565632,2,70490762.8416,0.0347808715962874
1584,6061.585632,1,70490782.7584,0.0233224742352531
1585,6061.605632,2,70490802.8288,0.0348525826213453
1586,6061.625632,1,70490822.8096,0.0232855942795091
1587,6061.645632,2,70490842.8544,0.0348884381338742
1588,6061.665632,1,70490862.784,0.0233142786895322
1589,6061.685632,2,70490882.9056,0.0348484848484849
1590,6061.705632,1,70490902.8224,0.0233593541909972
1591,6061.725632,2,70490922.816,0.034813653779171
1592,6061.745632,1,70490942.784,0.0233204253488229
1593,6061.765632,2,70490962.8032,0.0348966336795951
1594,6061.785632,1,70490982.8608,0.0233060831438113
1595,6061.805632,2,70491002.8032,0.0349253180896183
1596,6061.825632,1,70491022.8352,0.0232958387116602
1597,6061.845632,2,70491042.816,0.0350400557297109
1598,6061.865632,1,70491062.7968,0.0232825209498638
1599,6061.885632,2,70491082.8288,0.0350431290593562
1600,6061.905632,1,70491102.8352,0.0232343721187535
1601,6061.925632,2,70491122.8288,0.0351261089597804
1602,6061.945632,1,70491142.9248,0.0232927653820149
1603,6061.965632,2,70491162.8416,0.0351455733808675
1604,6061.985632,1,70491183.0528,0.0232108099248059
1605,6062.005632,2,70491202.8416,0.0351988444280534
1606,6062.025632,1,70491222.8864,0.023239494334829
1607,6062.045632,2,70491242.8288,0.0350943512201119
1608,6062.065632,1,70491262.848,0.02315753887762
1609,6062.085632,2,70491282.88,0.0351578666994488
1610,6062.105632,1,70491302.912,0.0232077365951605
1611,6062.125632,2,70491322.9184,0.0353187042842215
1612,6062.145632,1,70491342.912,0.0232353965619686
1613,6062.165632,2,70491362.88,0.0353873419796341
1614,6062.185632,1,70491382.848,0.0232323232323232
1615,6062.205632,2,70491402.88,0.0353350953756633
1616,6062.225632,1,70491422.9248,0.0232640809719917
1617,6062.245632,2,70491442.9824,0.0353822197635585
1618,6062.265632,1,70491462.8352,0.0232630565287766
1619,6062.285632,2,70491482.9184,0.0352930932038437
1620,6062.305632,1,70491502.8736,0.023193394390149
1621,6062.325632,2,70491522.8544,0.0353699264449772
1622,6062.345632,1,70491542.8608,0.0232343721187535
1623,6062.365632,2,70491562.8544,0.0354508574589711
1624,6062.385632,1,70491582.8736,0.0232220788001721
1625,6062.405632,2,70491602.9824,0.0355727662015694
1626,6062.425632,1,70491623.1168,0.0232231032433872
1627,6062.445632,2,70491642.9312,0.0354908107443604
1628,6062.465632,1,70491662.8864,0.0232108099248059
1629,6062.485632,2,70491682.944,0.0356383305673367
1630,6062.505632,1,70491702.8736,0.0232077365951605
1631,6062.525632,2,70491723.1104,0.0356280861351855
1632,6062.545632,1,70491742.8736,0.0232097854815908
1633,6062.565632,2,70491762.9184,0.0357315548999119
1634,6062.585632,1,70491782.8992,0.0231851988444281
1635,6062.605632,2,70491802.944,0.0358800991661032
1636,6062.625632,1,70491822.9504,0.0233009609277358
1637,6062.645632,2,70491843.1872,0.0358411703239289
1638,6062.665632,1,70491862.912,0.0232517876534104
1639,6062.685632,2,70491882.944,0.0358258036757023
1640,6062.705632,1,70491902.9504,0.0232374454483988
1641,6062.725632,2,70491922.9952,0.0358391214374987
1642,6062.745632,1,70491942.9376,0.0232743254041428
1643,6062.765632,2,70491962.9952,0.0358739525068125
1644,6062.785632,1,70491982.912,0.0232794476202184
1645,6062.805632,2,70492002.9056,0.035859610301801
1646,6062.825632,1,70492023.2832,0.0233019853709509
1647,6062.845632,2,70492042.944,0.0359149302354171
1648,6062.865632,1,70492062.9632,0.0233050587005962
1649,6062.885632,2,70492082.9568,0.0360726944905444
1650,6062.905632,1,70492102.9632,0.0232282254594628
1651,6062.925632,2,70492122.944,0.036215092097445
1652,6062.945632,1,70492142.9888,0.0231882721740734
1653,6062.965632,2,70492162.9696,0.0363554408179155
1654,6062.985632,1,70492182.9504,0.0232569098694859
1655,6063.005632,2,70492202.9568,0.0364660806851476
1656,6063.025632,1,70492223.0528,0.0232927653820149
1657,6063.045632,2,70492242.9824,0.0364957895383859
1658,6063.065632,1,70492263.0144,0.0232282254594628
1659,6063.085632,2,70492283.0208,0.0363615874772061
1660,6063.105632,1,70492302.976,0.0232876431659393
1661,6063.125632,2,70492323.008,0.0362622164853402
1662,6063.145632,1,70492343.04,0.023321449792038
1663,6063.165632,2,70492362.9696,0.0362499231667589
1664,6063.185632,1,70492382.976,0.0232763742905731
1665,6063.205632,2,70492402.9696,0.0363185608621714
1666,6063.225632,1,70492422.976,0.0232825209498638
1667,6063.245632,2,70492443.0208,0.0365398405966357
1668,6063.265632,1,70492462.9888,0.0232886676091544
1669,6063.285632,2,70492483.2,0.0363226586350319
1670,6063.305632,1,70492503.04,0.0232733009609277
1671,6063.325632,2,70492523.0464,0.0363308541807528
1672,6063.345632,1,70492543.1936,0.0232528120966255
1673,6063.365632,2,70492562.9696,0.0361556743909685
1674,6063.385632,1,70492583.04,0.0231985166062245
1675,6063.405632,2,70492603.072,0.0360542545126724
1676,6063.425632,1,70492623.3472,0.0232630565287766
1677,6063.445632,2,70492643.0592,0.0359702501690331
1678,6063.465632,1,70492663.0144,0.0232722765177126
1679,6063.485632,2,70492682.9952,0.0359087835761264
1680,6063.505632,1,70492703.0656,0.0231923699469338
1681,6063.525632,2,70492723.0336,0.03598766570369
1682,6063.545632,1,70492743.0144,0.023248714323765
1683,6063.565632,2,70492763.1104,0.0360685967176839
1684,6063.585632,1,70492783.0656,0.0232333476755383
1685,6063.605632,2,70492803.2256,0.0362294343024566
1686,6063.625632,1,70492823.168,0.0232364210051837
1687,6063.645632,2,70492843.0464,0.0361935787899277
1688,6063.665632,1,70492863.0912,0.0232476898805499
1689,6063.685632,2,70492883.52,0.0359026369168357
1690,6063.705632,1,70492903.04,0.0232159321408814
1691,6063.725632,2,70492923.1104,0.0358657569610916
1692,6063.745632,1,70492943.1936,0.0231780277419223
1693,6063.765632,2,70492963.0848,0.0358083881410453
1694,6063.785632,1,70492983.0528,0.0232087610383756
1695,6063.805632,2,70493003.0592,0.0357448726617084
1696,6063.825632,1,70493023.1808,0.0233183764623927
1697,6063.845632,2,70493043.2,0.0358268281189174
1698,6063.865632,1,70493063.2064,0.0233255475648985
1699,6063.885632,2,70493083.0464,0.0359302968836437
1700,6063.905632,1,70493103.1552,0.0233378408834798
1701,6063.925632,2,70493123.0464,0.0360153256704981
1702,6063.945632,1,70493143.1296,0.0232948142684451
1703,6063.965632,2,70493163.0592,0.0361105988895036
1704,6063.985632,1,70493183.36,0.0233368164402647
1705,6064.005632,2,70493203.0848,0.0361444055156023
1706,6064.025632,1,70493223.1296,0.023348085315631
1707,6064.045632,2,70493243.1232,0.0362017743356486
1708,6064.065632,1,70493263.0656,0.0233255475648985
1709,6064.085632,2,70493283.136,0.036387198557584
1710,6064.105632,1,70493303.2448,0.0233767697256541
1711,6064.125632,2,70493323.1616,0.0364189562972524
1712,6064.145632,1,70493343.1424,0.0233081320302416
1713,6064.165632,2,70493363.1104,0.0363503186018399
1714,6064.185632,1,70493383.104,0.0232896920523695
1715,6064.205632,2,70493403.1104,0.0364128096379618
1716,6064.225632,1,70493423.2704,0.0233296453377589
1717,6064.245632,2,70493443.2384,0.0363011453275145
1718,6064.265632,1,70493463.232,0.0232876431659393
1719,6064.285632,2,70493483.136,0.0362970475546541
1720,6064.305632,1,70493503.1424,0.0233183764623927
1721,6064.325632,2,70493523.0592,0.0363185608621714
1722,6064.345632,1,70493543.1168,0.0233603786342123
1723,6064.365632,2,70493563.1232,0.036278607576782
1724,6064.385632,1,70493583.1424,0.0231974921630094
1725,6064.405632,2,70493603.2512,0.0364158829676071
1726,6064.425632,1,70493623.1296,0.0232866187227242
1727,6064.445632,2,70493643.3152,0.0365377917102055
1728,6064.465632,1,70493663.2192,0.0232589587559162
1729,6064.485632,2,70493683.264,0.0365685250066589
1730,6064.505632,1,70493703.2064,0.0232968631548753
1731,6064.525632,2,70493723.264,0.0364998873112463
1732,6064.545632,1,70493743.232,0.0232907164955847
1733,6064.565632,2,70493763.1744,0.0364363718319094
1734,6064.585632,1,70493783.1168,0.0233009609277358
1735,6064.605632,2,70493803.2,0.0366566271231586
1736,6064.625632,1,70493823.2064,0.0233060831438113
1737,6064.645632,2,70493843.1488,0.036778535865757
1738,6064.665632,1,70493863.1552,0.0232722765177126
1739,6064.685632,2,70493883.2,0.0369557645419714
1740,6064.705632,1,70493903.1936,0.0232763742905731
1741,6064.725632,2,70493923.1872,0.0370868932735058
1742,6064.745632,1,70493943.3088,0.0232989120413055
1743,6064.765632,2,70493963.2,0.037087917716721
1744,6064.785632,1,70493983.1552,0.0233767697256541
1745,6064.805632,2,70494003.2768,0.0370797221710001
1746,6064.825632,1,70494023.3984,0.0232804720634335
1747,6064.845632,2,70494043.2768,0.0371545065257033
1748,6064.865632,1,70494063.2448,0.0233562808613519
1749,6064.885632,2,70494083.52,0.0370090355891573
1750,6064.905632,1,70494103.2832,0.0233173520191776
1751,6064.925632,2,70494123.2768,0.0368328313561579
1752,6064.945632,1,70494143.1808,0.0233347675538345
1753,6064.965632,2,70494163.2,0.0366883848628271
1754,6064.985632,1,70494183.168,0.0232999364845207
1755,6065.005632,2,70494203.3024,0.0368000491732743
1756,6065.025632,1,70494223.232,0.0233695986231483
1757,6065.045632,2,70494243.2,0.0368830290736984
1758,6065.065632,1,70494263.2576,0.0233091564734567
1759,6065.085632,2,70494283.2,0.0365797938820251
1760,6065.105632,1,70494303.424,0.0233081320302416
1761,6065.125632,2,70494323.2768,0.0366248693834901
1762,6065.145632,1,70494343.2448,0.0233224742352531
1763,6065.165632,2,70494363.2384,0.0364701784580081
1764,6065.185632,1,70494383.2704,0.0232999364845207
1765,6065.205632,2,70494403.2128,0.0364353473886942
1766,6065.225632,1,70494423.2192,0.0232907164955847
1767,6065.245632,2,70494443.3152,0.0363370008400434
1768,6065.265632,1,70494463.4624,0.0232620320855615
1769,6065.285632,2,70494483.2896,0.0361925543467126
1770,6065.305632,1,70494503.2832,0.0233378408834798
1771,6065.325632,2,70494523.3024,0.0360563033991026
1772,6065.345632,1,70494543.4112,0.023275349847358
1773,6065.365632,2,70494563.3024,0.0359128813489868
1774,6065.385632,1,70494583.2704,0.0233429630995554
1775,6065.405632,2,70494603.2768,0.0357725326285164
1776,6065.425632,1,70494623.6416,0.0232640809719917
1777,6065.445632,2,70494643.2896,0.0357172126949003
1778,6065.465632,1,70494663.3088,0.0232835453930789
1779,6065.485632,2,70494683.3536,0.0357971192656791
1780,6065.505632,1,70494703.2704,0.0233316942241892
1781,6065.525632,2,70494723.3152,0.0359559079640216
1782,6065.545632,1,70494743.3088,0.0233009609277358
1783,6065.565632,2,70494763.3536,0.0359938123629807
1784,6065.585632,1,70494783.2576,0.0233091564734567
1785,6065.605632,2,70494803.3408,0.0360009834654865
1786,6065.625632,1,70494823.3216,0.0233470608724158
1787,6065.645632,2,70494843.2896,0.0358790747228881
1788,6065.665632,1,70494863.3344,0.023348085315631
1789,6065.685632,2,70494883.3152,0.0360972811277071
1790,6065.705632,1,70494903.3216,0.0233388653266949
1791,6065.725632,2,70494923.3024,0.0360102034544225
1792,6065.745632,1,70494943.4112,0.0233255475648985
1793,6065.765632,2,70494963.2896,0.0360245456594341
1794,6065.785632,1,70494983.3216,0.0233419386563403
1795,6065.805632,2,70495003.264,0.0361116233327187
1796,6065.825632,1,70495023.3472,0.023312229803102
1797,6065.845632,2,70495043.328,0.0361444055156023
1798,6065.865632,1,70495063.3088,0.0233296453377589
1799,6065.885632,2,70495083.3408,0.0360306923187248
1800,6065.905632,1,70495103.3984,0.0233009609277358
1801,6065.925632,2,70495123.3792,0.0358657569610916
1802,6065.945632,1,70495143.4112,0.0233634519638576
1803,6065.965632,2,70495163.3792,0.0358483414264347
1804,6065.985632,1,70495183.3216,0.0234197963406888
1805,6066.005632,2,70495203.392,0.0358841969389637
1806,6066.025632,1,70495223.3984,0.0233511586452763
1807,6066.045632,2,70495243.3792,0.0359815190443994
1808,6066.065632,1,70495263.4624,0.0233839408281599
1809,6066.085632,2,70495283.3408,0.0361730899256254
1810,6066.105632,1,70495303.3216,0.0233409142131252
1811,6066.125632,2,70495323.4688,0.0360808900362653
1812,6066.145632,1,70495343.3856,0.0233829163849448
1813,6066.165632,2,70495363.4048,0.0360081545679923
1814,6066.185632,1,70495383.3984,0.0234054541356773
1815,6066.205632,2,70495403.3792,0.0357612637531502
1816,6066.225632,1,70495423.5648,0.0233245231216834
1817,6066.245632,2,70495443.5072,0.035796094822464
1818,6066.265632,1,70495463.3856,0.0233521830884914
1819,6066.285632,2,70495483.3408,0.0356844305120167
1820,6066.305632,1,70495503.36,0.023348085315631
1821,6066.325632,2,70495523.4432,0.0356864793984469
1822,6066.345632,1,70495543.424,0.0233716475095785
1823,6066.365632,2,70495563.4176,0.0356311594648309
1824,6066.385632,1,70495583.36,0.0233019853709509
1825,6066.405632,2,70495603.4304,0.0355348618026103
1826,6066.425632,1,70495623.4624,0.0233603786342123
1827,6066.445632,2,70495643.6864,0.0354088552871514
1828,6066.465632,1,70495663.5136,0.0233685741799332
1829,6066.485632,2,70495683.4432,0.0354723707664884
1830,6066.505632,1,70495703.5136,0.0234075030221075
1831,6066.525632,2,70495723.3792,0.035523592927244
1832,6066.545632,1,70495743.3984,0.0233614030774274
1833,6066.565632,2,70495763.4048,0.0354631507775524
1834,6066.585632,1,70495783.4368,0.0233275964513287
1835,6066.605632,2,70495803.4816,0.0355584239965579
1836,6066.625632,1,70495823.4624,0.0233019853709509
1837,6066.645632,2,70495843.392,0.0354457352428955
1838,6066.665632,1,70495863.4368,0.0233132542463171
1839,6066.685632,2,70495883.4944,0.0354252463785932
1840,6066.705632,1,70495903.4624,0.0233163275759625
1841,6066.725632,2,70495923.5072,0.0356260372487553
1842,6066.745632,1,70495943.4752,0.023348085315631
1843,6066.765632,2,70495963.4048,0.0355123240518778
1844,6066.785632,1,70495983.5008,0.0232927653820149
1845,6066.805632,2,70496003.4176,0.0355164218247382
1846,6066.825632,1,70496023.4752,0.0232794476202184
1847,6066.845632,2,70496043.4816,0.0357264326838363
1848,6066.865632,1,70496063.4624,0.0233614030774274
1849,6066.885632,2,70496083.4944,0.0356967238305981
1850,6066.905632,1,70496103.488,0.0233071075870264
1851,6066.925632,2,70496123.6352,0.0355953039523019
1852,6066.945632,1,70496143.4496,0.023303009814166
1853,6066.965632,2,70496163.456,0.0357213104677608
1854,6066.985632,1,70496183.488,0.0233071075870264
1855,6067.005632,2,70496203.4304,0.0358708791771672
1856,6067.025632,1,70496223.5264,0.0232743254041428
1857,6067.045632,2,70496243.5072,0.0361474788452476
1858,6067.065632,1,70496263.5264,0.0232855942795091
1859,6067.085632,2,70496283.4432,0.0361638699366894
1860,6067.105632,1,70496303.5392,0.0232651054152068
1861,6067.125632,2,70496323.5072,0.0361607966070441
1862,6067.145632,1,70496343.5264,0.0233542319749216
1863,6067.165632,2,70496363.5328,0.0361044522302129
1864,6067.185632,1,70496383.4624,0.0233081320302416
1865,6067.205632,2,70496403.4688,0.0360450345237363
1866,6067.225632,1,70496423.5776,0.0233245231216834
1867,6067.245632,2,70496443.52,0.0359538590775913
1868,6067.265632,1,70496463.5136,0.0233040342573811
1869,6067.285632,2,70496483.5072,0.0359067346896962
1870,6067.305632,1,70496503.4752,0.023303009814166
1871,6067.325632,2,70496523.5456,0.035850390312865
1872,6067.345632,1,70496543.5776,0.0232733009609277
1873,6067.365632,2,70496563.5456,0.0359753723851087
1874,6067.385632,1,70496583.5648,0.0232907164955847
1875,6067.405632,2,70496603.52,0.035950785747946
1876,6067.425632,1,70496623.5392,0.0233060831438113
1877,6067.445632,2,70496643.5584,0.0360030323519167
1878,6067.465632,1,70496663.5264,0.0233491097588461
1879,6067.485632,2,70496683.4304,0.0358954658143299
1880,6067.505632,1,70496703.5392,0.0233491097588461
1881,6067.525632,2,70496723.5712,0.0360767922634048
1882,6067.545632,1,70496743.5264,0.0232886676091544
1883,6067.565632,2,70496763.648,0.0359763968283238
1884,6067.585632,1,70496783.5264,0.0232476898805499
1885,6067.605632,2,70496803.4944,0.0359354190997193
1886,6067.625632,1,70496823.6672,0.0233388653266949
1887,6067.645632,2,70496843.584,0.0358483414264347
1888,6067.665632,1,70496863.5904,0.0233470608724158
1889,6067.685632,2,70496883.5584,0.0358893191550392
1890,6067.705632,1,70496903.5264,0.0233316942241892
1891,6067.725632,2,70496923.6736,0.035823754789272
1892,6067.745632,1,70496943.5648,0.0233142786895322
1893,6067.765632,2,70496963.5328,0.035887270268609
1894,6067.785632,1,70496983.616,0.0233829163849448
1895,6067.805632,2,70497003.5712,0.0357889237199582
1896,6067.825632,1,70497023.7568,0.0233695986231483
1897,6067.845632,2,70497043.584,0.0358227303460569
1898,6067.865632,1,70497063.5648,0.0233460364292007
1899,6067.885632,2,70497083.6352,0.0357059438195341
1900,6067.905632,1,70497103.6416,0.023384965271375
1901,6067.925632,2,70497123.5968,0.0356649660909296
1902,6067.945632,1,70497143.616,0.0234361874321306
1903,6067.965632,2,70497163.5968,0.0355112996086627
1904,6067.985632,1,70497183.552,0.0234279918864097
1905,6068.005632,2,70497203.5328,0.0355010551765116
1906,6068.025632,1,70497223.5136,0.0234658962853689
1907,6068.045632,2,70497243.5584,0.0354918351875756
1908,6068.065632,1,70497263.5776,0.0234679451717991
1909,6068.085632,2,70497283.5968,0.0353996352982154
1910,6068.105632,1,70497303.6928,0.0234638473989387
1911,6068.125632,2,70497323.5968,0.0354129530600119
1912,6068.145632,1,70497343.8592,0.0234566762964329
1913,6068.165632,2,70497363.5968,0.0356455016698424
1914,6068.185632,1,70497383.6416,0.0234730673878747
1915,6068.205632,2,70497403.584,0.0357530682074293
1916,6068.225632,1,70497423.7184,0.0235283873214908
1917,6068.245632,2,70497443.584,0.0358339992214232
1918,6068.265632,1,70497463.5776,0.0234771651607351
1919,6068.285632,2,70497483.6992,0.0356618927612842
1920,6068.305632,1,70497503.5776,0.0234474563074969
1921,6068.325632,2,70497523.6608,0.0354918351875756
1922,6068.345632,1,70497543.6928,0.0233921363738808
1923,6068.365632,2,70497563.648,0.0355573995533428
1924,6068.385632,1,70497583.616,0.02347614071752
1925,6068.405632,2,70497603.6352,0.0354979818468662
1926,6068.425632,1,70497623.6416,0.0234915073657467
1927,6068.445632,2,70497643.6864,0.0354313930378839
1928,6068.465632,1,70497663.5904,0.0234413096482062
1929,6068.485632,2,70497683.584,0.0354242219353781
1930,6068.505632,1,70497703.6416,0.0233562808613519
1931,6068.525632,2,70497723.6864,0.0353658286721167
1932,6068.545632,1,70497743.6288,0.0234925318089618
1933,6068.565632,2,70497763.6224,0.035413977503227
1934,6068.585632,1,70497783.6288,0.0234218452271191
1935,6068.605632,2,70497803.7632,0.0354365152539595
1936,6068.625632,1,70497823.8464,0.0234474563074969
1937,6068.645632,2,70497843.7632,0.0353965619685701
1938,6068.665632,1,70497863.68,0.0233655008502879
1939,6068.685632,2,70497883.648,0.0354703218800582
1940,6068.705632,1,70497903.5904,0.0234525785235724
1941,6068.725632,2,70497923.84,0.0355031040629418
1942,6068.745632,1,70497943.68,0.0233388653266949
1943,6068.765632,2,70497963.6864,0.0354662241071977
1944,6068.785632,1,70497983.7312,0.0233614030774274
1945,6068.805632,2,70498003.6224,0.0353832442067736
1946,6068.825632,1,70498023.7568,0.0234044296924621
1947,6068.845632,2,70498043.7504,0.035268506566681
1948,6068.865632,1,70498063.6928,0.0234515540803573
1949,6068.885632,2,70498083.6992,0.0353350953756633
1950,6068.905632,1,70498103.6288,0.0234648718421538
1951,6068.925632,2,70498123.7376,0.0353371442620936
1952,6068.945632,1,70498143.7568,0.0234003319196017
1953,6068.965632,2,70498163.6736,0.0354744196529186
1954,6068.985632,1,70498183.7312,0.02343004077284
1955,6069.005632,2,70498203.6864,0.0355225684840289
1956,6069.025632,1,70498223.7184,0.0234587251828631
1957,6069.045632,2,70498243.648,0.0356024750548077
1958,6069.065632,1,70498263.6672,0.0234269674431946
1959,6069.085632,2,70498283.7248,0.0355666195422788
1960,6069.105632,1,70498303.6672,0.0234443829778515
1961,6069.125632,2,70498323.7376,0.0356895527280923
1962,6069.145632,1,70498343.6416,0.0234495051939271
1963,6069.165632,2,70498363.6992,0.0356895527280923
1964,6069.185632,1,70498383.8592,0.0234792140471654
1965,6069.205632,2,70498403.6736,0.0356270616919704
1966,6069.225632,1,70498423.8592,0.0234064785788924
1967,6069.245632,2,70498443.712,0.035550228450837
1968,6069.265632,1,70498463.6928,0.0234331141024853
1969,6069.285632,2,70498483.7888,0.0355983772819473
1970,6069.305632,1,70498503.7568,0.0234382363185609
1971,6069.325632,2,70498523.7888,0.035714139365255
1972,6069.345632,1,70498543.7312,0.0234556518532178
1973,6069.365632,2,70498563.7632,0.0358155592435511
1974,6069.385632,1,70498583.7312,0.0234597496260782
1975,6069.405632,2,70498603.7376,0.0357704837420862
1976,6069.425632,1,70498623.7312,0.023439260761776
1977,6069.445632,2,70498643.712,0.035786874833528
1978,6069.465632,1,70498663.7568,0.0233788186120843
1979,6069.485632,2,70498683.6864,0.0356885282848772
1980,6069.505632,1,70498703.7056,0.0234013563628168
1981,6069.525632,2,70498723.8144,0.0355492040076219
1982,6069.545632,1,70498743.7568,0.0234218452271191
1983,6069.565632,2,70498763.7376,0.0354938840740058
1984,6069.585632,1,70498783.7312,0.0233870141578052
1985,6069.605632,2,70498803.776,0.0355942795090868
1986,6069.625632,1,70498823.8592,0.0234925318089618
1987,6069.645632,2,70498843.904,0.0354170508328723
1988,6069.665632,1,70498863.7824,0.0234156985678284
1989,6069.685632,2,70498883.776,0.0352807998852624
1990,6069.705632,1,70498903.8464,0.0234269674431946
1991,6069.725632,2,70498923.8784,0.0351373778351466
1992,6069.745632,1,70498943.808,0.0233829163849448
1993,6069.765632,2,70498963.8144,0.0348792181449382
1994,6069.785632,1,70498983.808,0.0233603786342123
1995,6069.805632,2,70499003.7248,0.0347685782777061
1996,6069.825632,1,70499023.8336,0.0232610076423464
1997,6069.845632,2,70499043.7632,0.0347214538898109
1998,6069.865632,1,70499065.024,0.0233153031327474
1999,6069.885632,2,70499083.8272,0.0350636179236585
2000,6069.905632,1,70499103.7696,0.023366525293503
2001,6069.925632,2,70499123.7248,0.0352971909767042
2002,6069.945632,1,70499143.7568,0.0233603786342123
2003,6069.965632,2,70499163.7632,0.0353156309545762
2004,6069.985632,1,70499183.7056,0.0232825209498638
2005,6070.005632,2,70499203.7504,0.0351394267215768
2006,6070.025632,1,70499223.7056,0.0233829163849448
2007,6070.045632,2,70499243.712,0.0350697645829492
2008,6070.065632,1,70499263.7056,0.0233224742352531
2009,6070.085632,2,70499283.8144,0.0349447825107054
2010,6070.105632,1,70499303.7696,0.0233491097588461
2011,6070.125632,2,70499323.7632,0.0350052246603971
2012,6070.145632,1,70499343.8336,0.0233501342020612
2013,6070.165632,2,70499363.776,0.0348208248816768
2014,6070.185632,1,70499383.7312,0.0232999364845207
2015,6070.205632,2,70499403.7376,0.0348177515520315
2016,6070.225632,1,70499423.744,0.0233398897699101
2017,6070.245632,2,70499443.7504,0.0347398938676829
2018,6070.265632,1,70499463.7824,0.0233470608724158
2019,6070.285632,2,70499483.8144,0.0347347716516073
2020,6070.305632,1,70499503.7568,0.0233194009056078
2021,6070.325632,2,70499523.7248,0.0348710225992173
2022,6070.345632,1,70499543.8208,0.0234054541356773
2023,6070.365632,2,70499563.712,0.0349355625217694
2024,6070.385632,1,70499583.7952,0.0233234986784682
2025,6070.405632,2,70499603.8016,0.0348720470424324
2026,6070.425632,1,70499623.8208,0.0233337431106194
2027,6070.445632,2,70499643.776,0.0347644805048456
2028,6070.465632,1,70499663.7952,0.0233194009056078
2029,6070.485632,2,70499683.8784,0.0346077406929334
2030,6070.505632,1,70499703.8208,0.0233142786895322
2031,6070.525632,2,70499723.7888,0.0346005695904276
2032,6070.545632,1,70499743.7696,0.0233337431106194
2033,6070.565632,2,70499763.84,0.0345309074517999
2034,6070.585632,1,70499783.808,0.0232456409941197
2035,6070.605632,2,70499803.7888,0.0344469031081607
2036,6070.625632,1,70499823.8976,0.0232773987337882
2037,6070.645632,2,70499843.904,0.0343874854016842
2038,6070.665632,1,70499863.808,0.0233255475648985
2039,6070.685632,2,70499883.8144,0.0344643186428176
2040,6070.705632,1,70499903.7824,0.0233460364292007
2041,6070.725632,2,70499923.904,0.0344714897453234
2042,6070.745632,1,70499943.808,0.0233603786342123
2043,6070.765632,2,70499963.7888,0.0346282295572356
2044,6070.785632,1,70499983.8464,0.0233275964513287
2045,6070.805632,2,70500003.8144,0.0345995451472125
2046,6070.825632,1,70500023.8592,0.0233327186674043
2047,6070.845632,2,70500043.8784,0.0346138873522241
2048,6070.865632,1,70500063.8208,0.0233593541909972
2049,6070.885632,2,70500083.8784,0.0347337472083922
2050,6070.905632,1,70500103.8976,0.0233071075870264
2051,6070.925632,2,70500123.84,0.0347696027209212
2052,6070.945632,1,70500143.8592,0.023357305304567
2053,6070.965632,2,70500163.8784,0.0348075071198803
2054,6070.985632,1,70500183.9104,0.0233286208945438
2055,6071.005632,2,70500203.9424,0.0348075071198803
2056,6071.025632,1,70500223.808,0.02329378982523
2057,6071.045632,2,70500243.9296,0.0349171225438974
2058,6071.065632,1,70500263.8848,0.0233183764623927
2059,6071.085632,2,70500283.8016,0.0348566803942058
2060,6071.105632,1,70500303.8336,0.0232589587559162
2061,6071.125632,2,70500323.8784,0.0348853648042289
2062,6071.145632,1,70500343.8464,0.0233224742352531
2063,6071.165632,2,70500363.9808,0.0348392648595488
2064,6071.185632,1,70500383.8848,0.0232036388223001
2065,6071.205632,2,70500403.84,0.0348413137459791
2066,6071.225632,1,70500423.8976,0.0232538365398406
2067,6071.245632,2,70500443.8784,0.0348751203720778
2068,6071.265632,1,70500463.8976,0.0232312987891081
2069,6071.285632,2,70500483.904,0.0349253180896183
2070,6071.305632,1,70500503.8976,0.0232866187227242
2071,6071.325632,2,70500523.8656,0.0348812670313685
2072,6071.345632,1,70500543.8848,0.0233194009056078
2073,6071.365632,2,70500563.8784,0.0349540024996415
2074,6071.385632,1,70500583.8976,0.0233275964513287
2075,6071.405632,2,70500603.8784,0.0348116048927408
2076,6071.425632,1,70500623.872,0.0233275964513287
2077,6071.445632,2,70500643.8784,0.0348249226545373
2078,6071.465632,1,70500663.9104,0.023375745282439
2079,6071.485632,2,70500683.904,0.0348310693138279
2080,6071.505632,1,70500703.9232,0.0233132542463171
2081,6071.525632,2,70500723.8912,0.034940684737845
2082,6071.545632,1,70500743.9488,0.0233275964513287
2083,6071.565632,2,70500763.9552,0.0350482512754318
2084,6071.585632,1,70500783.8976,0.0233552564181367
2085,6071.605632,2,70500803.904,0.035104595652263
2086,6071.625632,1,70500823.8976,0.0232958387116602
2087,6071.645632,2,70500843.9168,0.0351384022783617
2088,6071.665632,1,70500863.9104,0.0233245231216834
2089,6071.685632,2,70500883.9424,0.0351066445386932
2090,6071.705632,1,70500903.9232,0.0233224742352531
2091,6071.725632,2,70500923.9424,0.0351117667547688
2092,6071.745632,1,70500943.9488,0.0233275964513287
2093,6071.765632,2,70500963.9296,0.0350205913086238
2094,6071.785632,1,70500983.936,0.0233019853709509
2095,6071.805632,2,70501003.9168,0.0349458069539205
2096,6071.825632,1,70501023.9488,0.0233409142131252
2097,6071.845632,2,70501043.9808,0.0350123957629029
2098,6071.865632,1,70501063.9744,0.0233388653266949
2099,6071.885632,2,70501083.9936,0.0349857602393099
2100,6071.905632,1,70501103.9616,0.0233552564181367
2101,6071.925632,2,70501123.9424,0.0349908824553855
2102,6071.945632,1,70501143.9872,0.0233583297477821
2103,6071.965632,2,70501163.9424,0.0350646423668736
2104,6071.985632,1,70501183.936,0.0232968631548753
2105,6072.005664,2,70501203.9808,0.0349560513860717
2106,6072.025664,1,70501223.9872,0.0231954432765792
2107,6072.045664,2,70501243.9424,0.0349263425328334
2108,6072.065664,1,70501263.9616,0.0233265720081136
2109,6072.085664,2,70501283.9808,0.0348382404163337
2110,6072.105664,1,70501303.9488,0.0232917409387998
2111,6072.125664,2,70501324.0064,0.0348208248816768
2112,6072.145664,1,70501343.9616,0.0233275964513287
2113,6072.165664,2,70501364.0192,0.034740918310898
2114,6072.185664,1,70501383.9744,0.0233429630995554
2115,6072.205664,2,70501403.9936,0.0347562849591247
2116,6072.225664,1,70501424,0.0234095519085377
2117,6072.245664,2,70501443.9808,0.0347194050033807
2118,6072.265664,1,70501464.0256,0.023448480750712
2119,6072.285664,2,70501483.9936,0.0347542360726945
2120,6072.305664,1,70501504,0.0233491097588461
2121,6072.325664,2,70501524.032,0.0348454115188395
2122,6072.345664,1,70501544,0.0233921363738808
2123,6072.365664,2,70501563.9936,0.0349703935910832
2124,6072.385664,1,70501584.0128,0.0234064785788924
2125,6072.405664,2,70501604.0064,0.0349632224885775
2126,6072.425664,1,70501623.9872,0.0234075030221075
2127,6072.445664,2,70501644.0064,0.0349611736021472
2128,6072.465664,1,70501664.0512,0.0234095519085377
2129,6072.485664,2,70501683.9936,0.0349621980453623
2130,6072.505664,1,70501704.0128,0.0234249185567644
2131,6072.525664,2,70501724.032,0.0349417091810601
2132,6072.545664,1,70501744,0.0234064785788924
2133,6072.565664,2,70501764.0192,0.0348945847931649
2134,6072.585664,1,70501784.0256,0.023412625238183
2135,6072.605664,2,70501804.032,0.0347521871862643
2136,6072.625664,1,70501824.2048,0.0234116007949679
2137,6072.645664,2,70501844.0192,0.0346671583994099
2138,6072.665664,1,70501864.0256,0.0233716475095785
2139,6072.685664,2,70501884.2112,0.0347552605159096
2140,6072.705664,1,70501904.0256,0.0234156985678284
2141,6072.725664,2,70501924.0576,0.0346630606265495
2142,6072.745664,1,70501944.0384,0.0234013563628168
2143,6072.765664,2,70501964.0448,0.0345944229311369
2144,6072.785664,1,70501984.0768,0.0234238941135493
2145,6072.805664,2,70502004.032,0.0346896961501424
2146,6072.825664,1,70502024.0896,0.0234023808060319
2147,6072.845664,2,70502044.0576,0.0346251562275903
2148,6072.865664,1,70502064.064,0.0234085274653226
2149,6072.885664,2,70502084.0704,0.0347655049480607
2150,6072.905664,1,70502104.064,0.0234658962853689
2151,6072.925664,2,70502124.2368,0.0347921404716537
2152,6072.945664,1,70502144.0896,0.0233726719527937
2153,6072.965664,2,70502164.0704,0.0349253180896183
2154,6072.985664,1,70502184.1024,0.0233603786342123
2155,6073.005664,2,70502204.0832,0.0347829204827176
2156,6073.025664,1,70502224.064,0.0234228696703342
2157,6073.045664,2,70502244.0704,0.0346640850697646
2158,6073.065664,1,70502264.0768,0.0233808674985146
2159,6073.085664,2,70502284.0704,0.0347849693691479
2160,6073.105664,1,70502304.0896,0.0233532075317065
2161,6073.125664,2,70502324.1344,0.0347890671420083
2162,6073.145664,1,70502344.1152,0.0234638473989387
2163,6073.165664,2,70502364.096,0.0347593582887701
2164,6073.185664,1,70502384.1024,0.023412625238183
2165,6073.205664,2,70502404.096,0.034740918310898
2166,6073.225664,1,70502424.128,0.0234822873768107
2167,6073.245664,2,70502444.16,0.0350543979347225
2168,6073.265664,1,70502464.128,0.0234945806953921
2169,6073.285664,2,70502484.1088,0.0353586575696109
2170,6073.305664,1,70502504.1408,0.023511996230049
2171,6073.325664,2,70502524.3008,0.0353945130821399
2172,6073.345664,1,70502544.128,0.02347614071752
2173,6073.365664,2,70502564.0832,0.0353248509435122
2174,6073.385664,1,70502584.1152,0.0234904829225316
2175,6073.405664,2,70502604.1472,0.0353166553977913
2176,6073.425664,1,70502624.128,0.0234044296924621
2177,6073.445664,2,70502644.1344,0.0352756776691868
2178,6073.465664,1,70502664.128,0.0234597496260782
2179,6073.485664,2,70502684.1216,0.0352572376913148
2180,6073.505664,1,70502704.1024,0.0235038006843281
2181,6073.525664,2,70502724.1728,0.0352234310652161
2182,6073.545664,1,70502744.1792,0.0234361874321306
2183,6073.565664,2,70502764.1472,0.0351291822894257
2184,6073.585664,1,70502784.1408,0.0234003319196017
2185,6073.605664,2,70502804.1216,0.0350308357407749
2186,6073.625664,1,70502824.2432,0.0233644764070728
2187,6073.645664,2,70502844.16,0.0351097178683386
2188,6073.665664,1,70502864.1536,0.0234423340914213
2189,6073.685664,2,70502884.16,0.0350923023336816
2190,6073.705664,1,70502904.1408,0.0233911119306657
2191,6073.725664,2,70502924.1856,0.0350298112975598
2192,6073.745664,1,70502944.1664,0.0234156985678284
2193,6073.765664,2,70502964.16,0.0350431290593562
2194,6073.785664,1,70502984.3072,0.0233685741799332
2195,6073.805664,2,70503004.224,0.034968344704653
2196,6073.825664,1,70503024.192,0.0234259429999795
2197,6073.845664,2,70503044.1856,0.0349570758292868
2198,6073.865664,1,70503064.1664,0.0234064785788924
2199,6073.885664,2,70503084.1216,0.0348669248263569
2200,6073.905664,1,70503104.2304,0.0234710185014445
2201,6073.925664,2,70503124.3008,0.0348443870756244
2202,6073.945664,1,70503144.1664,0.0234956051386072
2203,6073.965664,2,70503164.1984,0.0348751203720778
2204,6073.985664,1,70503184.1792,0.0234843362632409
2205,6074.005664,2,70503204.1984,0.0348279959841826
2206,6074.025664,1,70503224.2048,0.0234228696703342
2207,6074.045664,2,70503244.224,0.0347286249923167
2208,6074.065664,1,70503264.256,0.023412625238183
2209,6074.085664,2,70503284.2496,0.0347777982666421
2210,6074.105664,1,70503304.2176,0.0233839408281599
2211,6074.125664,2,70503324.3136,0.0346886717069273
2212,6074.145664,1,70503344.2304,0.0233798430552994
2213,6074.165664,2,70503364.7104,0.0346231073411601
2214,6074.185664,1,70503384.3584,0.023485360706456
2215,6074.205664,2,70503404.3136,0.0347644805048456
2216,6074.225664,1,70503424.2816,0.023439260761776
2217,6074.245664,2,70503444.3136,0.0347532116294794
2218,6074.265664,1,70503464.2944,0.023403405249247
2219,6074.285664,2,70503484.2752,0.0347327227651771
2220,6074.305664,1,70503504.2176,0.0234023808060319
2221,6074.325664,2,70503524.288,0.0346599872969041
2222,6074.345664,1,70503544.32,0.0233562808613519
2223,6074.365664,2,70503564.3648,0.034649742864753
2224,6074.385664,1,70503584.256,0.0232681787448522
2225,6074.405664,2,70503604.2496,0.034704038355154
2226,6074.425664,1,70503624.2816,0.0233009609277358
2227,6074.445664,2,70503644.2752,0.0349324891921241
2228,6074.465664,1,70503664.2688,0.0234228696703342
2229,6074.485664,2,70503684.2496,0.0350707890261643
2230,6074.505664,1,70503704.2816,0.0233634519638576
2231,6074.525664,2,70503724.672,0.0350431290593562
2232,6074.545664,1,70503744.2432,0.0233839408281599
2233,6074.565664,2,70503764.3904,0.0350912778904665
2234,6074.585664,1,70503784.3072,0.0234269674431946
2235,6074.605664,2,70503804.3136,0.0352254799516463
2236,6074.625664,1,70503824.3072,0.0234587251828631
2237,6074.645664,2,70503844.2624,0.035149671153728
2238,6074.665664,1,70503864.2688,0.0233153031327474
2239,6074.685664,2,70503884.288,0.0349960046714611
2240,6074.705664,1,70503904.2688,0.0233060831438113
2241,6074.725664,2,70503924.4032,0.0349970291146762
2242,6074.745664,1,70503944.2816,0.0232763742905731
2243,6074.765664,2,70503964.2752,0.0350144446493331
2244,6074.785664,1,70503984.3072,0.0232671543016371
2245,6074.805664,2,70504004.2752,0.0349191714303276
2246,6074.825664,1,70504024.2816,0.0233234986784682
2247,6074.845664,2,70504044.3008,0.034931464748909
2248,6074.865664,1,70504064.32,0.0233450119859856
2249,6074.885664,2,70504084.3392,0.0349908824553855
2250,6074.905664,1,70504104.2816,0.0233562808613519
2251,6074.925664,2,70504124.3136,0.03489560923638
2252,6074.945664,1,70504144.3072,0.0233716475095785
2253,6074.965664,2,70504164.3008,0.0349785891368041
2254,6074.985664,1,70504184.3328,0.0233470608724158
2255,6075.005664,2,70504204.3136,0.0350205913086238
2256,6075.025664,1,70504224.3456,0.0233911119306657
2257,6075.045664,2,70504244.416,0.0349191714303276
2258,6075.065664,1,70504264.3328,0.0233695986231483
2259,6075.085664,2,70504284.3264,0.0349324891921241
2260,6075.105664,1,70504304.3328,0.0233071075870264
2261,6075.125664,2,70504324.3648,0.0349273669760485
2262,6075.145664,1,70504344.32,0.0233368164402647
2263,6075.165664,2,70504364.352,0.0350687401397341
2264,6075.185664,1,70504384.3328,0.0233634519638576
2265,6075.205664,2,70504404.3136,0.0350984489929723
2266,6075.225664,1,70504424.32,0.0233542319749216
2267,6075.245664,2,70504444.352,0.0351465978240826
2268,6075.265664,1,70504464.4224,0.0233316942241892
2269,6075.285664,2,70504484.3392,0.0350195668654086
2270,6075.305664,1,70504504.3456,0.0233736963960088
2271,6075.325664,2,70504524.3904,0.0350964001065421
2272,6075.345664,1,70504544.4608,0.0233091564734567
2273,6075.365664,2,70504564.3392,0.0351455733808675
2274,6075.385664,1,70504584.3584,0.0234228696703342
2275,6075.405664,2,70504604.3648,0.0352265043948614
2276,6075.425664,1,70504624.3456,0.0233818919417297
2277,6075.445664,2,70504644.3776,0.0353105087385006
2278,6075.465664,1,70504664.6912,0.0233808674985146
2279,6075.485664,2,70504684.352,0.0353156309545762
2280,6075.505664,1,70504704.3968,0.023357305304567
2281,6075.525664,2,70504724.3904,0.0354969574036511
2282,6075.545664,1,70504744.384,0.0232989120413055
2283,6075.565664,2,70504764.3904,0.0355082262790173
2284,6075.585664,1,70504784.384,0.0233204253488229
2285,6075.605664,2,70504804.3776,0.0354313930378839
2286,6075.625664,1,70504824.3968,0.0232968631548753
2287,6075.645664,2,70504844.3904,0.0353053865224251
2288,6075.665664,1,70504864.384,0.0233777941688692
2289,6075.685664,2,70504884.4032,0.0350748867990247
2290,6075.705664,1,70504904.3712,0.0233050587005962
2291,6075.725664,2,70504924.4416,0.035022640195054
2292,6075.745664,1,70504944.3968,0.0232927653820149
2293,6075.765664,2,70504964.3776,0.0348484848484849
2294,6075.785664,1,70504984.4096,0.0233521830884914
2295,6075.805664,2,70505004.4032,0.0347542360726945
2296,6075.825664,1,70505024.448,0.0233777941688692
2297,6075.845664,2,70505044.4288,0.0345483229864569
2298,6075.865664,1,70505064.4096,0.0233019853709509
2299,6075.885664,2,70505084.4544,0.0345472985432417
2300,6075.905664,1,70505104.4224,0.0234279918864097
2301,6075.925664,2,70505124.4416,0.034595447374352
2302,6075.945664,1,70505144.4224,0.0233132542463171
2303,6075.965664,2,70505164.4544,0.0346333517733112
2304,6075.985664,1,70505184.4352,0.0233439875427705
2305,6076.005664,2,70505204.4544,0.034631302886881
2306,6076.025664,1,70505224.4736,0.0233716475095785
2307,6076.045664,2,70505244.4416,0.0345278341221546
2308,6076.065664,1,70505264.4352,0.0233982830331715
2309,6076.085664,2,70505284.4288,0.0345104185874977
2310,6076.105664,1,70505304.448,0.0233962341467412
2311,6076.125664,2,70505324.416,0.0346323273300961
2312,6076.145664,1,70505344.448,0.0233982830331715
2313,6076.165664,2,70505364.4544,0.0347183805601656
2314,6076.185664,1,70505384.4992,0.0233829163849448
2315,6076.205664,2,70505404.4544,0.0348597537238511
2316,6076.225664,1,70505424.576,0.0234628229557236
2317,6076.245664,2,70505444.48,0.0348464359620546
2318,6076.265664,1,70505464.4992,0.0233921363738808
2319,6076.285664,2,70505484.4928,0.0348751203720778
2320,6076.305664,1,70505504.448,0.0233818919417297
2321,6076.325664,2,70505524.4672,0.0350462023890016
2322,6076.345664,1,70505544.512,0.0234331141024853
2323,6076.365664,2,70505564.4928,0.0351209867437048
2324,6076.385664,1,70505584.4992,0.0234474563074969
2325,6076.405664,2,70505604.48,0.0350933267768968
2326,6076.425664,1,70505624.4736,0.023485360706456
2327,6076.445664,2,70505644.48,0.0352265043948614
2328,6076.465664,1,70505664.4864,0.0234751162743049
2329,6076.485664,2,70505684.48,0.0351025467658328
2330,6076.505664,1,70505704.512,0.0234525785235724
2331,6076.525664,2,70505724.5056,0.0350349335136353
2332,6076.545664,1,70505744.4864,0.0234997029114676
2333,6076.565664,2,70505764.5056,0.035113815641199
2334,6076.585664,1,70505784.4864,0.0234617985125085
2335,6076.605664,2,70505804.5568,0.0351209867437048
2336,6076.625664,1,70505824.5248,0.0234187718974737
2337,6076.645664,2,70505844.4928,0.0350462023890016
2338,6076.665664,1,70505864.5248,0.0234279918864097
2339,6076.685664,2,70505884.5184,0.0349826869096646
2340,6076.705664,1,70505904.4992,0.0234279918864097
2341,6076.725664,2,70505924.5312,0.0348986825660254
2342,6076.745664,1,70505944.5248,0.0234372118753458
2343,6076.765664,2,70505964.4928,0.0349089269981765
2344,6076.785664,1,70505984.5376,0.0234279918864097
2345,6076.805664,2,70506004.5184,0.0347880426987932
2346,6076.825664,1,70506024.5376,0.0234197963406888
2347,6076.845664,2,70506044.5312,0.0349120003278218
2348,6076.865664,1,70506064.512,0.0233818919417297
2349,6076.885664,2,70506084.5184,0.034813653779171
2350,6076.905664,1,70506104.4992,0.0234290163296248
2351,6076.925664,2,70506124.5184,0.0348003360173746
2352,6076.945664,1,70506144.5632,0.0233952097035261
2353,6076.965664,2,70506164.5568,0.034795213801299
2354,6076.985664,1,70506184.8192,0.0234904829225316
2355,6077.005664,2,70506204.5824,0.034731698321962
2356,6077.025664,1,70506224.5376,0.0234320896592702
2357,6077.045664,2,70506244.5568,0.0346886717069273
2358,6077.065664,1,70506264.5632,0.0234638473989387
2359,6077.085664,2,70506284.5568,0.0345852029422009
2360,6077.105664,1,70506304.5504,0.023403405249247
2361,6077.125664,2,70506324.5824,0.0345575429753929
2362,6077.145664,1,70506344.5504,0.0234075030221075
2363,6077.165664,2,70506364.5568,0.034595447374352
2364,6077.185664,1,70506384.576,0.0234003319196017
2365,6077.205664,2,70506404.5568,0.034513491917143
2366,6077.225664,1,70506424.6528,0.0234290163296248
2367,6077.245664,2,70506444.5824,0.0344182186981376
2368,6077.265664,1,70506464.5632,0.0234351629889155
2369,6077.285664,2,70506484.5824,0.0344069498227713
2370,6077.305664,1,70506504.576,0.0233952097035261
2371,6077.325664,2,70506524.5952,0.0343270432519925
2372,6077.345664,1,70506544.5888,0.0234197963406888
2373,6077.365664,2,70506564.5952,0.0342164033847604
2374,6077.385664,1,70506584.5888,0.0234116007949679
2375,6077.405664,2,70506604.5952,0.0343147499334112
2376,6077.425664,1,70506624.6016,0.0234279918864097
2377,6077.445664,2,70506644.608,0.0344243653574282
2378,6077.465664,1,70506664.6016,0.0235007273546827
2379,6077.485664,2,70506684.544,0.0343813387423935
2380,6077.505664,1,70506704.6016,0.0234372118753458
2381,6077.525664,2,70506724.6208,0.0344346097895794
2382,6077.545664,1,70506744.5888,0.0233921363738808
2383,6077.565664,2,70506764.6464,0.034321921035917
2384,6077.585664,1,70506784.6272,0.0234525785235724
2385,6077.605664,2,70506804.6464,0.0343536787755855
2386,6077.625664,1,70506824.704,0.0233511586452763
2387,6077.645664,2,70506844.672,0.0343188477062716
2388,6077.665664,1,70506864.6528,0.0233859897145901
2389,6077.685664,2,70506885.12,0.0343987542770504
2390,6077.705664,1,70506904.6784,0.0234116007949679
2391,6077.725664,2,70506924.8,0.0343926076177597
2392,6077.745664,1,70506944.6528,0.0233583297477821
2393,6077.765664,2,70506964.6336,0.0343362632409286
2394,6077.785664,1,70506984.6656,0.0233624275206425
2395,6077.805664,2,70507004.6208,0.0345216874628639
2396,6077.825664,1,70507024.6016,0.0232804720634335
2397,6077.845664,2,70507044.6464,0.0347398938676829
2398,6077.865664,1,70507064.6016,0.0233419386563403
2399,6077.885664,2,70507084.6976,0.0347532116294794
2400,6077.905664,1,70507104.6528,0.0233316942241892
2401,6077.925664,2,70507125.0304,0.0347050627983691
2402,6077.945664,1,70507144.6656,0.0233532075317065
2403,6077.965664,2,70507164.7104,0.0345257852357244
2404,6077.985664,1,70507184.6784,0.0232876431659393
2405,6078.005664,2,70507204.672,0.0343004077283996
2406,6078.025664,1,70507224.6912,0.0234023808060319
2407,6078.045664,2,70507244.672,0.0342655766590858
2408,6078.065664,1,70507264.6784,0.0233398897699101
2409,6078.085664,2,70507284.6592,0.0343024566148298
2410,6078.105664,1,70507304.6784,0.0233009609277358
2411,6078.125664,2,70507324.7232,0.0345421763271662
2412,6078.145664,1,70507344.6784,0.0232569098694859
2413,6078.165664,2,70507364.6848,0.0345442252135964
2414,6078.185664,1,70507384.704,0.023321449792038
2415,6078.205664,2,70507404.6848,0.0345606163050382
2416,6078.225664,1,70507424.7552,0.0233460364292007
2417,6078.245664,2,70507444.7232,0.0344971008257012
2418,6078.265664,1,70507464.704,0.0233347675538345
2419,6078.285664,2,70507484.7232,0.0343803142991784
2420,6078.305664,1,70507504.7424,0.0233142786895322
2421,6078.325664,2,70507524.6848,0.0343465076730797
2422,6078.345664,1,70507544.768,0.0232948142684451
2423,6078.365664,2,70507564.6976,0.034358800991661
2424,6078.385664,1,70507584.6784,0.0233112053598869
2425,6078.405664,2,70507604.7744,0.0343905587313295
2426,6078.425664,1,70507624.7552,0.0233224742352531
2427,6078.445664,2,70507644.736,0.0343731431966726
2428,6078.465664,1,70507664.7424,0.0233357919970496
2429,6078.485664,2,70507684.8128,0.0344684164156781
2430,6078.505664,1,70507704.7552,0.0233736963960088
2431,6078.525664,2,70507724.8512,0.0343506054459401
2432,6078.545664,1,70507744.704,0.0233818919417297
2433,6078.565664,2,70507764.736,0.0342666011023009
2434,6078.585664,1,70507785.024,0.0233655008502879
2435,6078.605664,2,70507805.0432,0.0341621078943594
2436,6078.625664,1,70507824.768,0.0233368164402647
2437,6078.645664,2,70507844.736,0.034185670088307
2438,6078.665664,1,70507864.768,0.0233388653266949
2439,6078.685664,2,70507884.928,0.0341815723154466
2440,6078.705664,1,70507905.1136,0.0233911119306657
2441,6078.725664,2,70507924.8,0.0341959145204581
2442,6078.745664,1,70507944.8576,0.0233747208392239
2443,6078.765664,2,70507964.7616,0.0341815723154466
2444,6078.785664,1,70507984.8448,0.023375745282439
2445,6078.805664,2,70508004.7488,0.0342471366812138
2446,6078.825664,1,70508024.8064,0.023394185260311
2447,6078.845664,2,70508044.7744,0.0342420144651382
2448,6078.865664,1,70508064.8064,0.0233870141578052
2449,6078.885664,2,70508084.7872,0.0343096277173356
2450,6078.905664,1,70508104.8064,0.02343004077284
2451,6078.925664,2,70508124.9152,0.0343905587313295
2452,6078.945664,1,70508144.8192,0.0233808674985146
2453,6078.965664,2,70508164.8128,0.0344100231524167
2454,6078.985664,1,70508184.768,0.0234054541356773
2455,6079.005664,2,70508204.7872,0.0345329563382302
2456,6079.025664,1,70508225.216,0.0233726719527937
2457,6079.045664,2,70508244.7744,0.0345933984879218
2458,6079.065664,1,70508264.8192,0.0234208207839039
2459,6079.085664,2,70508284.7616,0.0347655049480607
2460,6079.105664,1,70508304.8832,0.0233706230663634
2461,6079.125664,2,70508325.376,0.0348341426434733
2462,6079.145664,1,70508344.8192,0.0233880386010203
2463,6079.165664,2,70508364.8,0.0347439916405434
2464,6079.185664,1,70508384.8064,0.0233183764623927
2465,6079.205664,2,70508404.8128,0.0347614071752003
2466,6079.225664,1,70508425.1008,0.0233245231216834
2467,6079.245664,2,70508444.8512,0.0348853648042289
2468,6079.265664,1,70508464.8064,0.02329378982523
2469,6079.285664,2,70508484.8256,0.034832093757043
2470,6079.305664,1,70508504.8192,0.0231821255147827
2471,6079.325664,2,70508524.8384,0.0346845739340668
2472,6079.345664,1,70508544.832,0.0232425676644744
2473,6079.365664,2,70508564.8256,0.0344233409142131
2474,6079.385664,1,70508585.0624,0.0232435921076895
2475,6079.405664,2,70508604.8256,0.0343977298338353
2476,6079.425664,1,70508624.8448,0.0232005654926547
2477,6079.445664,2,70508644.8768,0.0342645522158707
2478,6079.465664,1,70508664.8448,0.0232620320855615
2479,6079.485664,2,70508684.8512,0.03444075644887
2480,6079.505664,1,70508704.8448,0.023221054356957
2481,6079.525664,2,70508725.0176,0.0345667629643289
2482,6079.545664,1,70508744.832,0.0233183764623927
2483,6079.565664,2,70508764.8768,0.034595447374352
2484,6079.585664,1,70508784.896,0.0232558854262708
2485,6079.605664,2,70508804.864,0.0346528161943983
2486,6079.625664,1,70508824.9088,0.0231882721740734
2487,6079.645664,2,70508844.8896,0.034495051939271
2488,6079.665664,1,70508864.9216,0.0231923699469338
2489,6079.685664,2,70508884.8768,0.0345964718175671
2490,6079.705664,1,70508904.8832,0.0232364210051837
2491,6079.725664,2,70508925.056,0.0345083697010675
2492,6079.745664,1,70508944.8704,0.0232231032433872
2493,6079.765664,2,70508964.9152,0.0345052963714221
2494,6079.785664,1,70508984.9216,0.0232435921076895
2495,6079.805664,2,70509004.8896,0.0344530497674514
2496,6079.825664,1,70509024.9216,0.023239494334829
2497,6079.845664,2,70509044.928,0.0344008031634806
2498,6079.865664,1,70509064.8704,0.023230274345893
2499,6079.885664,2,70509084.9024,0.0343372876841437
2500,6079.905664,1,70509104.9216,0.0232681787448522
2501,6079.925664,2,70509124.8896,0.0342809433073125
2502,6079.945664,1,70509144.896,0.023202614379085
2503,6079.965664,2,70509164.9024,0.0341836212018768
2504,6079.985664,1,70509184.9472,0.0231647099801258
2505,6080.005664,2,70509204.9152,0.034331141024853
2506,6080.025664,1,70509224.896,0.0233019853709509
2507,6080.045664,2,70509245.376,0.0344796852910443
2508,6080.065664,1,70509264.9088,0.0232374454483988
2509,6080.085664,2,70509284.9024,0.0344346097895794
2510,6080.105664,1,70509304.9088,0.0232005654926547
2511,6080.125664,2,70509324.928,0.0342686499887311
2512,6080.145664,1,70509344.9216,0.0232138832544512
2513,6080.165664,2,70509364.9024,0.0342952855123241
2514,6080.185664,1,70509385.0624,0.0232784231770033
2515,6080.205664,2,70509405.0048,0.0342450877947835
2516,6080.225664,1,70509424.96,0.0233388653266949
2517,6080.245664,2,70509445.2096,0.0342143544983302
2518,6080.265664,1,70509464.9216,0.0232763742905731
2519,6080.285664,2,70509485.2864,0.0342799188640974
2520,6080.305664,1,70509505.6,0.023312229803102
2521,6080.325664,2,70509525.0048,0.0343649476509517
2522,6080.345664,1,70509544.9984,0.0232425676644744
2523,6080.365664,2,70509565.1072,0.0343628987645215
2524,6080.385664,1,70509584.9728,0.0232927653820149
2525,6080.405664,2,70509604.9664,0.0344735386317536
2526,6080.425664,1,70509625.0752,0.0232896920523695
2527,6080.445664,2,70509645.376,0.0345944229311369
2528,6080.465664,1,70509665.6256,0.0233194009056078
2529,6080.485664,2,70509685.0176,0.0346815006044215
2530,6080.505664,1,70509704.96,0.0232927653820149
2531,6080.525664,2,70509725.4656,0.0346067162497183
2532,6080.545664,1,70509745.1136,0.0233194009056078
2533,6080.565664,2,70509764.9664,0.0346036429200729
2534,6080.585664,1,70509784.96,0.0233194009056078
2535,6080.605664,2,70509805.1968,0.0345708607371893
2536,6080.625664,1,70509824.9984,0.0232353965619686
2537,6080.645664,2,70509845.4656,0.0346364251029565
2538,6080.665664,1,70509865.1264,0.0232886676091544
2539,6080.685664,2,70509885.1072,0.0347542360726945
2540,6080.705664,1,70509905.3696,0.0232651054152068
2541,6080.725664,2,70509925.0048,0.0348177515520315
2542,6080.745664,1,70509945.1904,0.0232272010162477
2543,6080.765664,2,70509965.2224,0.0348095560063106
2544,6080.785664,1,70509985.472,0.0233521830884914
2545,6080.805664,2,70510005.3376,0.0347798471530723
2546,6080.825664,1,70510025.2032,0.023375745282439
2547,6080.845664,2,70510045.1968,0.0346794517179913
2548,6080.865664,1,70510065.1008,0.0233173520191776
2549,6080.885664,2,70510085.0048,0.0348075071198803
2550,6080.905664,1,70510105.0368,0.0232958387116602
2551,6080.925664,2,70510125.0048,0.0347941893580839
2552,6080.945664,1,70510145.0112,0.0232558854262708
2553,6080.965664,2,70510165.0432,0.0348218493248919
2554,6080.985664,1,70510185.0368,0.0233153031327474
2555,6081.005664,2,70510205.0432,0.034904829225316
2556,6081.025664,1,70510225.088,0.0233900874874506
2557,6081.045664,2,70510245.4144,0.0349703935910832
2558,6081.065664,1,70510265.5872,0.0233081320302416
2559,6081.085664,2,70510285.056,0.034822873768107
2560,6081.105664,1,70510305.0112,0.0232425676644744
2561,6081.125664,2,70510325.056,0.0347542360726945
2562,6081.145664,1,70510345.024,0.0232978875980904
2563,6081.165664,2,70510365.376,0.0348105804495257
2564,6081.185664,1,70510385.3696,0.0232722765177126
2565,6081.205664,2,70510405.0304,0.0347644805048456
2566,6081.225664,1,70510425.0752,0.0232733009609277
2567,6081.245664,2,70510445.0688,0.0347347716516073
2568,6081.265664,1,70510465.0368,0.0232651054152068
2569,6081.285664,2,70510485.0688,0.034776773823427
2570,6081.305664,1,70510505.088,0.0232804720634335
2571,6081.325664,2,70510525.7856,0.0347019894687237
2572,6081.345664,1,70510545.088,0.023257934312701
2573,6081.365664,2,70510565.0176,0.0347644805048456
2574,6081.385664,1,70510585.0624,0.0232435921076895
2575,6081.405664,2,70510605.0688,0.034658962853689
2576,6081.425664,1,70510625.1392,0.0233368164402647
2577,6081.445664,2,70510645.0816,0.0345964718175671
2578,6081.465664,1,70510665.0752,0.0232138832544512
2579,6081.485664,2,70510685.0944,0.0345093941442826
2580,6081.505664,1,70510705.088,0.0232046632655152
2581,6081.525664,2,70510725.9648,0.0345114430307128
2582,6081.545664,1,70510745.3952,0.0232251521298174
2583,6081.565664,2,70510765.0944,0.0345319318950151
2584,6081.585664,1,70510785.088,0.0233081320302416
2585,6081.605664,2,70510805.504,0.034586227385416
2586,6081.625664,1,70510825.152,0.0232907164955847
2587,6081.645664,2,70510845.6448,0.0344325609031491
2588,6081.665664,1,70510865.1008,0.0232292499026779
2589,6081.685664,2,70510885.1712,0.0344827586206897
2590,6081.705664,1,70510905.088,0.023275349847358
2591,6081.725664,2,70510925.12,0.0342932366258938
2592,6081.745664,1,70510945.0752,0.0232630565287766
2593,6081.765664,2,70510965.12,0.0342788944208822
2594,6081.785664,1,70510985.2032,0.0232528120966255
2595,6081.805664,2,70511005.1072,0.034276845534452
2596,6081.825664,1,70511025.1648,0.0232476898805499
2597,6081.845664,2,70511045.184,0.0341149835064642
2598,6081.865664,1,70511065.2672,0.0233286208945438
2599,6081.885664,2,70511085.504,0.0340596635728482
2600,6081.905664,1,70511105.2416,0.0232773987337882
2601,6081.925664,2,70511125.2608,0.0341180568361096
2602,6081.945664,1,70511145.3824,0.0232733009609277
2603,6081.965664,2,70511165.1968,0.0340996168582375
2604,6081.985664,1,70511185.1264,0.0233675497367181
2605,6082.005696,2,70511205.1456,0.0341385457004118
2606,6082.025696,1,70511225.8944,0.0233368164402647
2607,6082.045696,2,70511245.1456,0.0341682545536501
2608,6082.065696,1,70511265.1776,0.0232814965066486
2609,6082.085696,2,70511285.1712,0.0342963099555392
2610,6082.105696,1,70511305.344,0.023312229803102
2611,6082.125696,2,70511325.824,0.0341498145757781
2612,6082.145696,1,70511345.1904,0.0232692031880673
2613,6082.165696,2,70511365.1584,0.0341918167475977
2614,6082.185696,1,70511385.1648,0.0233357919970496
2615,6082.205696,2,70511405.1584,0.0342717233183765
2616,6082.225696,1,70511425.3184,0.0232743254041428
2617,6082.245696,2,70511445.184,0.0342368922490626
2618,6082.265696,1,70511465.408,0.0233050587005962
2619,6082.285696,2,70511485.1712,0.0342225500440511
2620,6082.305696,1,70511505.8048,0.0233101809166718
2621,6082.325696,2,70511525.1456,0.0341323990411211
2622,6082.345696,1,70511545.2544,0.0232784231770033
2623,6082.365696,2,70511565.4272,0.0341713278832954
2624,6082.385696,1,70511585.1776,0.0233265720081136
2625,6082.405696,2,70511605.184,0.0342379166922777
2626,6082.425696,1,70511625.2032,0.023257934312701
2627,6082.445696,2,70511645.1968,0.0345124674739279
2628,6082.465696,1,70511665.2288,0.0233716475095785
2629,6082.485696,2,70511685.568,0.0347665293912758
2630,6082.505696,1,70511705.2544,0.0233194009056078
2631,6082.525696,2,70511725.3376,0.0348054582334501
2632,6082.545696,1,70511745.1904,0.0233634519638576
2633,6082.565696,2,70511765.2096,0.0348761448152929
2634,6082.585696,1,70511785.1904,0.0233296453377589
2635,6082.605696,2,70511805.2096,0.0348874136906591
2636,6082.625696,1,70511825.2416,0.023330669780974
2637,6082.645696,2,70511845.2096,0.0350574712643678
2638,6082.665696,1,70511865.2032,0.0233562808613519
2639,6082.685696,2,70511885.2224,0.0350923023336816
2640,6082.705696,1,70511905.1904,0.0233911119306657
2641,6082.725696,2,70511925.2736,0.0353514864671051
2642,6082.745696,1,70511945.2672,0.0233194009056078
2643,6082.765696,2,70511965.2608,0.0354068064007212
2644,6082.785696,1,70511985.2416,0.0233316942241892
2645,6082.805696,2,70512005.248,0.0353811953203434
2646,6082.825696,1,70512025.2672,0.0233153031327474
2647,6082.845696,2,70512045.5552,0.0352295777245067
2648,6082.865696,1,70512065.3312,0.0232630565287766
2649,6082.885696,2,70512085.6064,0.035368902001762
2650,6082.905696,1,70512106.3168,0.0233470608724158
2651,6082.925696,2,70512125.76,0.0354395885836048
2652,6082.945696,1,70512145.2544,0.0232855942795091
2653,6082.965696,2,70512165.2992,0.0356670149773598
2654,6082.985696,1,70512185.3312,0.0232886676091544
2655,6083.005696,2,70512205.2736,0.0356639416477145
2656,6083.025696,1,70512225.3184,0.023211834368021
2657,6083.045696,2,70512245.4912,0.0354887618579302
2658,6083.065696,1,70512265.3056,0.0233081320302416
2659,6083.085696,2,70512285.2736,0.0355707173151392
2660,6083.105696,1,70512305.664,0.0233040342573811
2661,6083.125696,2,70512325.7344,0.0355338373593952
2662,6083.145696,1,70512345.2672,0.0233644764070728
2663,6083.165696,2,70512365.4144,0.0355430573483312
2664,6083.185696,1,70512385.28,0.0233050587005962
2665,6083.205696,2,70512409.0752,0.0354293441514537
2666,6083.225696,1,70512425.408,0.0233224742352531
2667,6083.245696,2,70512445.2992,0.0354006597414305
2668,6083.265696,1,70512465.2672,0.0233695986231483
2669,6083.285696,2,70512485.312,0.0354272952650235
2670,6083.305696,1,70512505.3312,0.0233245231216834
2671,6083.325696,2,70512525.312,0.0354979818468662
2672,6083.345696,1,70512545.2928,0.0232599831991313
2673,6083.365696,2,70512565.312,0.0355625217694183
2674,6083.385696,1,70512585.344,0.0232292499026779
2675,6083.405696,2,70512605.312,0.0356198905894646
2676,6083.425696,1,70512625.344,0.0232917409387998
2677,6083.445696,2,70512645.3632,0.0357940459360338
2678,6083.465696,1,70512665.3568,0.023284569836294
2679,6083.485696,2,70512685.3248,0.0357284815702666
2680,6083.505696,1,70512705.3568,0.0232087610383756
2681,6083.525696,2,70512725.4016,0.0355635462126334
2682,6083.545696,1,70512745.3056,0.0232548609830557
2683,6083.565696,2,70512765.3376,0.0353484131374598
2684,6083.585696,1,70512785.536,0.0232855942795091
2685,6083.605696,2,70512805.7856,0.0352418710430881
2686,6083.625696,1,70512826.1248,0.0232733009609277
2687,6083.645696,2,70512845.3632,0.035132255619071
2688,6083.665696,1,70512865.344,0.0233583297477821
2689,6083.685696,2,70512885.3376,0.035104595652263
2690,6083.705696,1,70512905.8304,0.0233296453377589
2691,6083.725696,2,70512925.3632,0.0351681111316
2692,6083.745696,1,70512945.344,0.0233562808613519
2693,6083.765696,2,70512965.7728,0.0350882045608212
2694,6083.785696,1,70512985.3568,0.0233818919417297
2695,6083.805696,2,70513005.3376,0.0352551888048845
2696,6083.825696,1,70513025.536,0.023366525293503
2697,6083.845696,2,70513045.4016,0.0352326510541521
2698,6083.865696,1,70513065.3568,0.0232835453930789
2699,6083.885696,2,70513085.4016,0.0353105087385006
2700,6083.905696,1,70513105.3824,0.023321449792038
2701,6083.925696,2,70513125.5296,0.035250066588809
2702,6083.945696,1,70513145.7152,0.0233050587005962
2703,6083.965696,2,70513165.5936,0.0351732333476755
2704,6083.985696,1,70513185.3952,0.0233337431106194
2705,6084.005696,2,70513205.9648,0.0351271334029955
2706,6084.025696,1,70513225.408,0.0232610076423464
2707,6084.045696,2,70513245.7344,0.0351599155858791
2708,6084.065696,1,70513265.5744,0.0233132542463171
2709,6084.085696,2,70513285.3888,0.0351752822341058
2710,6084.105696,1,70513305.6,0.0233183764623927
2711,6084.125696,2,70513325.44,0.0352265043948614
2712,6084.145696,1,70513345.4208,0.0233316942241892
2713,6084.165696,2,70513365.4528,0.0352582621345299
2714,6084.185696,1,70513385.4208,0.0232927653820149
2715,6084.205696,2,70513405.9008,0.0354129530600119
2716,6084.225696,1,70513425.4208,0.0233829163849448
2717,6084.245696,2,70513445.4656,0.0354969574036511
2718,6084.265696,1,70513465.3824,0.0233675497367181
2719,6084.285696,2,70513486.3872,0.0353617308992563
2720,6084.305696,1,70513505.4464,0.0234187718974737
2721,6084.325696,2,70513525.3888,0.035332022046018
2722,6084.345696,1,70513545.792,0.0234597496260782
2723,6084.365696,2,70513565.7984,0.0352613354641752
2724,6084.385696,1,70513585.4208,0.0234064785788924
2725,6084.405696,2,70513605.4528,0.035277726555617
2726,6084.425696,1,70513626.3552,0.0233583297477821
2727,6084.445696,2,70513645.44,0.0352859221013379
2728,6084.465696,1,70513665.728,0.0234259429999795
2729,6084.485696,2,70513685.8368,0.0353545597967505
2730,6084.505696,1,70513705.472,0.0234259429999795
2731,6084.525696,2,70513725.5936,0.0353668531153318
2732,6084.545696,1,70513745.4464,0.0234064785788924
2733,6084.565696,2,70513765.44,0.0354006597414305
2734,6084.585696,1,70513785.472,0.0234228696703342
2735,6084.605696,2,70513805.5936,0.0352715798963263
2736,6084.625696,1,70513825.4592,0.0233183764623927
2737,6084.645696,2,70513846.144,0.035332022046018
2738,6084.665696,1,70513865.4848,0.0233982830331715
2739,6084.685696,2,70513885.4656,0.0354119286167968
2740,6084.705696,1,70513905.5872,0.023394185260311
2741,6084.725696,2,70513925.5168,0.0356608683180691
2742,6084.745696,1,70513945.7152,0.0233798430552994
2743,6084.765696,2,70513965.5168,0.0357530682074293
2744,6084.785696,1,70513985.5104,0.0233624275206425
2745,6084.805696,2,70514005.5168,0.0357458971049235
2746,6084.825696,1,70514025.92,0.0233624275206425
2747,6084.845696,2,70514045.4784,0.0358309258917778
2748,6084.865696,1,70514065.5104,0.0233183764623927
2749,6084.885696,2,70514085.4656,0.035650623885918
2750,6084.905696,1,70514105.4848,0.0233050587005962
2751,6084.925696,2,70514125.4784,0.0355276907001045
2752,6084.945696,1,70514145.8304,0.0233593541909972
2753,6084.965696,2,70514165.5168,0.0353217776138669
2754,6084.985696,1,70514185.5104,0.0232077365951605
2755,6085.005696,2,70514205.504,0.0352889954309833
2756,6085.025696,1,70514225.5232,0.0232896920523695
2757,6085.045696,2,70514245.5168,0.0352879709877681
2758,6085.065696,1,70514265.856,0.0232651054152068
2759,6085.085696,2,70514286.144,0.0352654332370357
2760,6085.105696,1,70514305.6896,0.0232999364845207
2761,6085.125696,2,70514325.5424,0.0351547933698035
2762,6085.145696,1,70514345.7408,0.02329378982523
2763,6085.165696,2,70514365.5936,0.0351763066773209
2764,6085.185696,1,70514385.7536,0.0232804720634335
2765,6085.205696,2,70514405.504,0.0354436863564653
2766,6085.225696,1,70514425.5616,0.0232876431659393
2767,6085.245696,2,70514445.632,0.0355133484950929
2768,6085.265696,1,70514465.5232,0.0233275964513287
2769,6085.285696,2,70514485.5296,0.035468272993628
2770,6085.305696,1,70514505.5232,0.0233163275759625
2771,6085.325696,2,70514527.104,0.0354826151986395
2772,6085.345696,1,70514545.8304,0.023412625238183
2773,6085.365696,2,70514565.5296,0.0357069682627492
2774,6085.385696,1,70514585.5872,0.0233736963960088
2775,6085.405696,2,70514605.5424,0.035678283852726
2776,6085.425696,1,70514625.536,0.0233439875427705
2777,6085.445696,2,70514645.6192,0.0356926260577376
2778,6085.465696,1,70514665.5872,0.0233091564734567
2779,6085.485696,2,70514685.5424,0.0355881328497961
2780,6085.505696,1,70514705.5872,0.0233091564734567
2781,6085.525696,2,70514725.5552,0.0356424283401971
2782,6085.545696,1,70514745.8176,0.02329378982523
2783,6085.565696,2,70514765.9904,0.0356577949884238
2784,6085.585696,1,70514785.5872,0.0232702276312824
2785,6085.605696,2,70514805.568,0.0356260372487553
2786,6085.625696,1,70514825.536,0.0232773987337882
2787,6085.645696,2,70514845.5936,0.0355994017251624
2788,6085.665696,1,70514865.6,0.0232517876534104
2789,6085.685696,2,70514885.632,0.0355860839633659
2790,6085.705696,1,70514905.5872,0.0233132542463171
2791,6085.725696,2,70514926.2592,0.0354508574589711
2792,6085.745696,1,70514945.6128,0.0232692031880673
2793,6085.765696,2,70514965.6192,0.0354641752207675
2794,6085.785696,1,70514986.3296,0.0232794476202184
2795,6085.805696,2,70515005.6064,0.035541008461901
2796,6085.825696,1,70515025.6512,0.0233060831438113
2797,6085.845696,2,70515045.6064,0.0356065728276682
2798,6085.865696,1,70515066.2016,0.0232630565287766
2799,6085.885696,2,70515085.76,0.0357520437642141
2800,6085.905696,1,70515105.6128,0.0233265720081136
2801,6085.925696,2,70515125.8496,0.0357725326285164
2802,6085.945696,1,70515145.6896,0.0233347675538345
2803,6085.965696,2,70515165.6448,0.0356977482738132
2804,6085.985696,1,70515185.6384,0.0233624275206425
2805,6086.005696,2,70515205.6576,0.0355973528387321
2806,6086.025696,1,70515226.7136,0.0233224742352531
2807,6086.045696,2,70515245.568,0.0356188661462495
2808,6086.065696,1,70515265.6512,0.0232292499026779
2809,6086.085696,2,70515285.824,0.035559448439773
2810,6086.105696,1,70515305.7024,0.023275349847358
2811,6086.125696,2,70515325.6704,0.0356106706005286
2812,6086.145696,1,70515345.6384,0.0232773987337882
2813,6086.165696,2,70515365.8496,0.0356608683180691
2814,6086.185696,1,70515385.7408,0.0233460364292007
2815,6086.205696,2,70515405.8112,0.0355748150879997
2816,6086.225696,1,70515425.6896,0.0232927653820149
2817,6086.245696,2,70515445.6832,0.0356526727723482
2818,6086.265696,1,70515465.6512,0.0233450119859856
2819,6086.285696,2,70515485.6576,0.035613743930174
2820,6086.305696,1,70515505.6384,0.0232814965066486
2821,6086.325696,2,70515526.208,0.0356219394758949
2822,6086.345696,1,70515546.5984,0.0232743254041428
2823,6086.365696,2,70515565.632,0.0357090171491794
2824,6086.385696,1,70515586.1248,0.023284569836294
2825,6086.405696,2,70515605.6832,0.0357909726063884
2826,6086.425696,1,70515625.6768,0.0232056877087303
2827,6086.445696,2,70515645.7344,0.0358299014485627
2828,6086.465696,1,70515666.24,0.0232814965066486
2829,6086.485696,2,70515685.6704,0.0359108324625566
2830,6086.505696,1,70515706.2784,0.0232282254594628
2831,6086.525696,2,70515725.8624,0.0358667814043068
2832,6086.545696,1,70515745.6256,0.023348085315631
2833,6086.565696,2,70515765.6832,0.0359067346896962
2834,6086.585696,1,70515786.0864,0.0233009609277358
2835,6086.605696,2,70515805.7216,0.0358268281189174
2836,6086.625696,1,70515825.7664,0.0232907164955847
2837,6086.645696,2,70515845.7344,0.0357797037310222
2838,6086.665696,1,70515865.728,0.0232312987891081
2839,6086.685696,2,70515886.0288,0.0356588194316389
2840,6086.705696,1,70515905.6896,0.0233071075870264
2841,6086.725696,2,70515926.08,0.0355912061794415
2842,6086.745696,1,70515945.7664,0.0233532075317065
2843,6086.765696,2,70515965.7088,0.0355031040629418
2844,6086.785696,1,70515985.7664,0.0233009609277358
2845,6086.805696,2,70516005.824,0.0355809617472903
2846,6086.825696,1,70516026.2912,0.0232548609830557
2847,6086.845696,2,70516045.7216,0.0355461306779765
2848,6086.865696,1,70516065.7408,0.0232825209498638
2849,6086.885696,2,70516085.7344,0.0355645706558485
2850,6086.905696,1,70516105.8816,0.0232364210051837
2851,6086.925696,2,70516125.824,0.0354293441514537
2852,6086.945696,1,70516146.2144,0.0232733009609277
2853,6086.965696,2,70516165.76,0.0355164218247382
2854,6086.985696,1,70516185.7536,0.0232999364845207
2855,6087.005696,2,70516205.7216,0.0356854549552318
2856,6087.025696,1,70516225.7664,0.0232958387116602
2857,6087.045696,2,70516245.7344,0.0357151638084701
2858,6087.065696,1,70516266.9184,0.0233286208945438
2859,6087.085696,2,70516285.7472,0.0357346282295572
2860,6087.105696,1,70516306.2272,0.0232640809719917
2861,6087.125696,2,70516326.1056,0.0357284815702666
2862,6087.145696,1,70516346.5472,0.0233491097588461
2863,6087.165696,2,70516365.76,0.0355932550658717
2864,6087.185696,1,70516385.8432,0.0233204253488229
2865,6087.205696,2,70516406.208,0.0353299731595878
2866,6087.225696,1,70516425.7792,0.0233501342020612
2867,6087.245696,2,70516445.76,0.0353053865224251
2868,6087.265696,1,70516465.8176,0.0233900874874506
2869,6087.285696,2,70516485.7856,0.0352971909767042
2870,6087.305696,1,70516505.792,0.023257934312701
2871,6087.325696,2,70516526.1056,0.0354713463232733
2872,6087.345696,1,70516545.8304,0.0233265720081136
2873,6087.365696,2,70516566.2336,0.0354897863011453
2874,6087.385696,1,70516585.792,0.0233624275206425
2875,6087.405696,2,70516605.7728,0.0355225684840289
2876,6087.425696,1,70516625.8304,0.0232702276312824
2877,6087.445696,2,70516645.8368,0.0355246173704592
2878,6087.465696,1,70516665.8304,0.0232896920523695
2879,6087.485696,2,70516685.7856,0.0356075972708833
2880,6087.505696,1,70516705.792,0.0233101809166718
2881,6087.525696,2,70516725.8624,0.0355451062347614
2882,6087.545696,1,70516745.8176,0.0233532075317065
2883,6087.565696,2,70516765.8112,0.0355696928719241
2884,6087.585696,1,70516785.8944,0.023312229803102
2885,6087.605696,2,70516805.824,0.0355645706558485
2886,6087.625696,1,70516825.8432,0.0233275964513287
2887,6087.645696,2,70516845.824,0.0357038949331039
2888,6087.665696,1,70516865.8048,0.0233583297477821
2889,6087.685696,2,70516886.3232,0.0356926260577376
2890,6087.705696,1,70516905.8048,0.0233368164402647
2891,6087.725696,2,70516925.8752,0.0357274571270514
2892,6087.745696,1,70516945.8432,0.0232456409941197
2893,6087.765696,2,70516965.8624,0.0357592148667199
2894,6087.785696,1,70516985.8688,0.0232989120413055
2895,6087.805696,2,70517006.7968,0.0358708791771672
2896,6087.825696,1,70517025.92,0.023284569836294
2897,6087.845696,2,70517045.8496,0.0360286434322945
2898,6087.865696,1,70517065.8816,0.0232825209498638
2899,6087.885696,2,70517085.888,0.0360481078533817
2900,6087.905696,1,70517106.816,0.0233562808613519
2901,6087.925696,2,70517125.9008,0.0360583522855328
2902,6087.945696,1,70517145.92,0.0232876431659393
2903,6087.965696,2,70517165.888,0.0360593767287479
2904,6087.985696,1,70517185.8432,0.0232558854262708
2905,6088.005696,2,70517205.888,0.0360993300141373
2906,6088.025696,1,70517225.8688,0.0232917409387998
2907,6088.045696,2,70517245.8368,0.0360183990001434
2908,6088.065696,1,70517265.8688,0.0232794476202184
2909,6088.085696,2,70517285.8624,0.0359405413157949
2910,6088.105696,1,70517306.4192,0.0233163275759625
2911,6088.125696,2,70517325.9136,0.0358042903681849
2912,6088.145696,1,70517346.0096,0.0232712520744975
2913,6088.165696,2,70517365.8624,0.035714139365255
2914,6088.185696,1,70517385.8944,0.0233183764623927
2915,6088.205696,2,70517405.9008,0.0357182371381154
2916,6088.225696,1,70517426.7776,0.0232722765177126
2917,6088.245696,2,70517445.9136,0.0355737906447846
2918,6088.265696,1,70517466.2912,0.0233163275759625
2919,6088.285696,2,70517485.9008,0.0354928596307907
2920,6088.305696,1,70517507.4304,0.0232958387116602
2921,6088.325696,2,70517526.0288,0.0356916016145225
2922,6088.345696,1,70517545.9072,0.0233071075870264
2923,6088.365696,2,70517566.2464,0.0356885282848772
2924,6088.385696,1,70517585.92,0.0233726719527937
2925,6088.405696,2,70517606.016,0.035741799332063
2926,6088.425696,1,70517625.92,0.023275349847358
2927,6088.445696,2,70517645.9392,0.0356403794537669
2928,6088.465696,1,70517665.9456,0.0233245231216834
2929,6088.485696,2,70517686.0416,0.0355358862458254
2930,6088.505696,1,70517705.9328,0.0233614030774274
2931,6088.525696,2,70517725.9776,0.0353371442620936
2932,6088.545696,1,70517746.9568,0.0233050587005962
2933,6088.565696,2,70517765.9264,0.0356485749994878
2934,6088.585696,1,70517786.0992,0.0233624275206425
2935,6088.605696,2,70517805.9136,0.0356475505562727
2936,6088.625696,1,70517825.9456,0.0233450119859856
2937,6088.645696,2,70517845.9136,0.0354334419243141
2938,6088.665696,1,70517865.9456,0.0233521830884914
2939,6088.685696,2,70517885.9648,0.0353678775585469
2940,6088.705696,1,70517906.2144,0.023303009814166
2941,6088.725696,2,70517925.9776,0.0352951420902739
2942,6088.745696,1,70517945.9712,0.0232896920523695
2943,6088.765696,2,70517966.1056,0.0353484131374598
2944,6088.785696,1,70517985.9584,0.0232231032433872
2945,6088.805696,2,70518005.9776,0.0355358862458254
2946,6088.825696,1,70518026.0224,0.0233429630995554
2947,6088.845696,2,70518045.9776,0.0355604728829881
2948,6088.865696,1,70518065.9584,0.0232528120966255
2949,6088.885696,2,70518086.0672,0.0354436863564653
2950,6088.905696,1,70518105.9584,0.02329378982523
2951,6088.925696,2,70518125.9776,0.0352674821234659
2952,6088.945696,1,70518145.9712,0.0232896920523695
2953,6088.965696,2,70518165.9776,0.0351793800069662
2954,6088.985696,1,70518185.9712,0.0232507632101953
2955,6089.005696,2,70518205.9648,0.0351834777798267
2956,6089.025696,1,70518226.0096,0.02329378982523
2957,6089.045696,2,70518246.2464,0.035322802057082
2958,6089.065696,1,70518265.984,0.023284569836294
2959,6089.085696,2,70518286.4,0.0352674821234659
2960,6089.105696,1,70518306.0736,0.023357305304567
2961,6089.125696,2,70518325.9904,0.0353648042289016
2962,6089.145696,1,70518346.7136,0.023330669780974
2963,6089.165696,2,70518366.0416,0.0353986108550003
2964,6089.185696,1,70518388.0576,0.0233378408834798
2965,6089.205696,2,70518406.3104,0.0353934886389247
2966,6089.225696,1,70518426.0352,0.0232999364845207
2967,6089.245696,2,70518446.4512,0.0353627553424714
2968,6089.265696,1,70518466.2528,0.0233091564734567
2969,6089.285696,2,70518486.1056,0.0353566086831807
2970,6089.305696,1,70518506.0608,0.023275349847358
2971,6089.325696,2,70518526.1952,0.0353822197635585
2972,6089.345696,1,70518546.6496,0.0233409142131252
2973,6089.365696,2,70518566.0288,0.0351732333476755
2974,6089.385696,1,70518588.1216,0.023303009814166
2975,6089.405696,2,70518606.0288,0.0351547933698035
2976,6089.425696,1,70518626.4064,0.0232384698916139
2977,6089.445696,2,70518646.1568,0.0352357243837974
2978,6089.465696,1,70518666.6368,0.0232364210051837
2979,6089.485696,2,70518686.016,0.0352357243837974
2980,6089.505696,1,70518706.0352,0.0232251521298174
2981,6089.525696,2,70518726.2976,0.0352490421455939
2982,6089.545696,1,70518746.048,0.0233419386563403
2983,6089.565696,2,70518766.4512,0.035277726555617
2984,6089.585696,1,70518788.0704,0.0233060831438113
2985,6089.605696,2,70518807.1424,0.0353391931485238
2986,6089.625696,1,70518826.0864,0.02329378982523
2987,6089.645696,2,70518846.0544,0.0352521154752392
2988,6089.665696,1,70518866.5472,0.023275349847358
2989,6089.685696,2,70518886.2336,0.035359682012826
2990,6089.705696,1,70518908.1728,0.0234054541356773
2991,6089.725696,2,70518926.1184,0.0353033376359948
2992,6089.745696,1,70518946.0224,0.0233614030774274
2993,6089.765696,2,70518966.2336,0.0352603110209601
2994,6089.785696,1,70518986.7136,0.0232415432212592
2995,6089.805696,2,70519006.5792,0.0351834777798267
2996,6089.825696,1,70519026.112,0.0232702276312824
2997,6089.845696,2,70519046.0928,0.0351793800069662
2998,6089.865696,1,70519066.0608,0.0233019853709509
2999,6089.885696,2,70519086.72,0.0352336754973672
3000,6089.905696,1,70519106.6624,0.0233347675538345
3001,6089.925696,2,70519126.1056,0.0352131866330649
3002,6089.945696,1,70519146.112,0.0233163275759625
3003,6089.965696,2,70519166.1056,0.0352664576802508
3004,6089.985696,1,70519186.0608,0.0234249185567644
3005,6090.005696,2,70519206.0928,0.0351711844612453
3006,6090.025696,1,70519226.0992,0.0234095519085377
3007,6090.045696,2,70519246.2848,0.0352326510541521
3008,6090.065696,1,70519266.7392,0.0233695986231483
3009,6090.085696,2,70519288.0384,0.0352664576802508
3010,6090.105696,1,70519306.3552,0.0233972585899564
3011,6090.125696,2,70519326.1312,0.0352695310098961
3012,6090.145696,1,70519346.4704,0.0233501342020612
3013,6090.165696,2,70519366.2336,0.0353064109656402
3014,6090.185696,1,70519386.112,0.0233982830331715
3015,6090.205696,2,70519406.592,0.0354703218800582
3016,6090.225696,1,70519426.2272,0.0234218452271191
3017,6090.245696,2,70519446.1184,0.0354846640850698
3018,6090.265696,1,70519466.112,0.0234720429446596
3019,6090.285696,2,70519486.72,0.0355225684840289
3020,6090.305696,1,70519506.1376,0.0233470608724158
3021,6090.325696,2,70519526.1824,0.0354365152539595
3022,6090.345696,1,70519546.1504,0.0233982830331715
3023,6090.365696,2,70519566.1568,0.0355348618026103
3024,6090.385696,1,70519586.1504,0.0233255475648985
3025,6090.405696,2,70519606.6304,0.0356444772266273
3026,6090.425696,1,70519626.2272,0.0233962341467412
3027,6090.445696,2,70519646.1568,0.0356875038416621
3028,6090.465696,1,70519666.1632,0.0233542319749216
3029,6090.485696,2,70519686.208,0.035678283852726
3030,6090.505696,1,70519706.2656,0.0234003319196017
3031,6090.525696,2,70519726.7712,0.0356618927612842
3032,6090.545696,1,70519746.1248,0.0233491097588461
3033,6090.565696,2,70519766.8096,0.0355809617472903
3034,6090.585696,1,70519786.176,0.0233921363738808
3035,6090.605696,2,70519807.1296,0.0355625217694183
3036,6090.625696,1,70519826.944,0.0233142786895322
3037,6090.645696,2,70519846.1696,0.0355399840186858
3038,6090.665696,1,70519866.5344,0.0233511586452763
3039,6090.685696,2,70519888.2816,0.0355973528387321
3040,6090.705696,1,70519906.1632,0.0233316942241892
3041,6090.725696,2,70519926.5536,0.0354662241071977
3042,6090.745696,1,70519946.5216,0.0233552564181367
3043,6090.765696,2,70519966.1952,0.0354662241071977
3044,6090.785696,1,70519986.176,0.0233040342573811
3045,6090.805696,2,70520006.2208,0.0354334419243141
3046,6090.825696,1,70520026.2144,0.0232507632101953
3047,6090.845696,2,70520046.1952,0.0355307640297498
3048,6090.865696,1,70520066.2016,0.023303009814166
3049,6090.885696,2,70520086.464,0.0354354908107444
3050,6090.905696,1,70520106.4704,0.0233460364292007
3051,6090.925696,2,70520126.7328,0.0355819861905055
3052,6090.945696,1,70520146.7904,0.0232886676091544
3053,6090.965696,2,70520166.2336,0.035495932960436
3054,6090.985696,1,70520186.2272,0.0232292499026779
3055,6091.005696,2,70520208.2304,0.0354723707664884
3056,6091.025696,1,70520226.304,0.0233183764623927
3057,6091.045696,2,70520246.1824,0.0354949085172209
3058,6091.065696,1,70520266.2272,0.0232702276312824
3059,6091.085696,2,70520286.2464,0.035468272993628
3060,6091.105696,1,70520306.24,0.0232108099248059
3061,6091.125696,2,70520326.4128,0.0353760731042678
3062,6091.145696,1,70520346.2656,0.0232507632101953
3063,6091.165696,2,70520366.2592,0.0353740242178376
3064,6091.185696,1,70520386.4192,0.0232640809719917
3065,6091.205696,2,70520406.6816,0.0354098797303666
3066,6091.225696,1,70520426.4192,0.0232958387116602
3067,6091.245696,2,70520446.5536,0.0356219394758949
3068,6091.265696,1,70520466.4192,0.0233204253488229
3069,6091.285696,2,70520486.784,0.0355973528387321
3070,6091.305696,1,70520506.24,0.0233870141578052
3071,6091.325696,2,70520526.2464,0.035741799332063
3072,6091.345696,1,70520546.2912,0.0234085274653226
3073,6091.365696,2,70520566.3104,0.0356803327391563
3074,6091.385696,1,70520586.56,0.0233870141578052
3075,6091.405696,2,70520606.2464,0.0355942795090868
3076,6091.425696,1,70520626.7776,0.0234372118753458
3077,6091.445696,2,70520648.3584,0.035741799332063
3078,6091.465696,1,70520666.2656,0.023384965271375
3079,6091.485696,2,70520686.4896,0.0358831724957486
3080,6091.505696,1,70520706.6112,0.0233388653266949
3081,6091.525696,2,70520726.4128,0.0357274571270514
3082,6091.545696,1,70520747.008,0.0234146741246133
3083,6091.565696,2,70520766.2848,0.0356926260577376
3084,6091.585696,1,70520787.1104,0.0233388653266949
3085,6091.605696,2,70520806.2592,0.0356004261683775
3086,6091.625696,1,70520826.3936,0.0233655008502879
3087,6091.645696,2,70520846.2848,0.0354887618579302
3088,6091.665696,1,70520866.4576,0.0232231032433872
3089,6091.685696,2,70520886.9248,0.0355533017804823
3090,6091.705696,1,70520908.4032,0.0233378408834798
3091,6091.725696,2,70520928.4736,0.0355768639744299
3092,6091.745696,1,70520946.368,0.0233521830884914
3093,6091.765696,2,70520966.2848,0.0356700883070051
3094,6091.785696,1,70520988.1728,0.0233767697256541
3095,6091.805696,2,70521008.3584,0.0358739525068125
3096,6091.825696,1,70521026.6496,0.0232855942795091
3097,6091.845696,2,70521046.3232,0.0360573278423177
3098,6091.865696,1,70521067.0208,0.0233347675538345
3099,6091.885696,2,70521088.5632,0.0360624500583933
3100,6091.905696,1,70521106.4064,0.0233859897145901
3101,6091.925696,2,70521128.4608,0.0359497613047309
3102,6091.945696,1,70521147.2896,0.0233234986784682
3103,6091.965696,2,70521166.3744,0.0358032659249698
3104,6091.985696,1,70521186.304,0.0233194009056078
3105,6092.005696,2,70521208.8704,0.0356813571823714
3106,6092.025696,1,70521226.4832,0.0233532075317065
3107,6092.045696,2,70521246.3104,0.0356014506115926
3108,6092.065696,1,70521268.5696,0.0233194009056078
3109,6092.085696,2,70521286.336,0.0355696928719241
3110,6092.105696,1,70521306.3424,0.0232978875980904
3111,6092.125696,2,70521326.3872,0.0355451062347614
3112,6092.145696,1,70521346.3168,0.0233777941688692
3113,6092.165696,2,70521366.4384,0.0355922306226566
3114,6092.185696,1,70521386.4448,0.0233450119859856
3115,6092.205696,2,70521406.7328,0.0357264326838363
3116,6092.225696,1,70521426.368,0.0232927653820149
3117,6092.245696,2,70521446.4256,0.0358473169832196
3118,6092.265696,1,70521466.368,0.0233542319749216
3119,6092.285696,2,70521486.3744,0.0359282479972135
3120,6092.305696,1,70521506.368,0.0233286208945438
3121,6092.325696,2,70521526.4896,0.0359948368061958
3122,6092.345696,1,70521546.368,0.0232958387116602
3123,6092.365696,2,70521566.3616,0.035905710246481
3124,6092.385696,1,70521586.4832,0.023284569836294
3125,6092.405696,2,70521606.464,0.0359630790665273
3126,6092.425696,1,70521626.5472,0.0233071075870264
3127,6092.445696,2,70521646.4128,0.0359118569057717
3128,6092.465696,1,70521669.1584,0.0233521830884914
3129,6092.485696,2,70521688.5504,0.0357202860245457
3130,6092.505696,1,70521706.368,0.0233655008502879
3131,6092.525696,2,70521726.4,0.0355153973815231
3132,6092.545696,1,70521746.368,0.0233777941688692
3133,6092.565696,2,70521766.3872,0.035541008461901
3134,6092.585696,1,70521786.3808,0.0233634519638576
3135,6092.605696,2,70521808.6272,0.035468272993628
3136,6092.625696,1,70521826.4448,0.0233624275206425
3137,6092.645696,2,70521846.6432,0.0356055483844531
3138,6092.665696,1,70521866.4064,0.0233634519638576
3139,6092.685696,2,70521886.9888,0.0358360481078534
3140,6092.705696,1,70521906.368,0.0233767697256541
3141,6092.725696,2,70521926.8352,0.0358053148114
3142,6092.745696,1,70521946.6752,0.0233368164402647
3143,6092.765696,2,70521966.4384,0.0356834060688016
3144,6092.785696,1,70521986.4448,0.0233194009056078
3145,6092.805696,2,70522006.4128,0.0358944413711148
3146,6092.825696,1,70522026.4832,0.0233767697256541
3147,6092.845696,2,70522048.5248,0.0360102034544225
3148,6092.865696,1,70522066.5216,0.0232978875980904
3149,6092.885696,2,70522086.464,0.0360276189890794
3150,6092.905696,1,70522108.3648,0.0233675497367181
3151,6092.925696,2,70522126.4384,0.0358094125842605
3152,6092.945696,1,70522146.4576,0.0233101809166718
3153,6092.965696,2,70522166.4384,0.03566906386379
3154,6092.985696,1,70522186.4192,0.0233460364292007
3155,6093.005696,2,70522206.4768,0.0354580285614768
3156,6093.025696,1,70522226.624,0.0233788186120843
3157,6093.045696,2,70522246.4768,0.0354006597414305
3158,6093.065696,1,70522266.5216,0.0234587251828631
3159,6093.085696,2,70522286.4512,0.0354160263896572
3160,6093.105696,1,70522306.4576,0.0233675497367181
3161,6093.125696,2,70522326.4896,0.0355123240518778
3162,6093.145696,1,70522346.5728,0.0233962341467412
3163,6093.165696,2,70522366.9248,0.035613743930174
3164,6093.185696,1,70522386.496,0.0234495051939271
3165,6093.205696,2,70522407.0144,0.0355000307332964
3166,6093.225696,1,70522428.7744,0.0233316942241892
3167,6093.245696,2,70522446.4768,0.0352818243284775
3168,6093.265696,1,70522466.4576,0.0233429630995554
3169,6093.285696,2,70522486.464,0.0352767021124019
3170,6093.305696,1,70522506.5216,0.0233808674985146
3171,6093.325696,2,70522528.5888,0.0353986108550003
3172,6093.345696,1,70522546.8032,0.0233542319749216
3173,6093.365696,2,70522566.4896,0.0351711844612453
3174,6093.385696,1,70522586.56,0.0233788186120843
3175,6093.405696,2,70522606.5024,0.0351998688712685
3176,6093.425696,1,70522626.496,0.0233009609277358
3177,6093.445696,2,70522646.528,0.0350666912533038
3178,6093.465696,1,70522666.8416,0.0233972585899564
3179,6093.485696,2,70522686.4768,0.0351281578462106
3180,6093.505696,1,70522706.5088,0.023366525293503
3181,6093.525696,2,70522726.6048,0.0352346999405823
3182,6093.545696,1,70522746.5728,0.0233880386010203
3183,6093.565696,2,70522766.5408,0.0354180752760875
3184,6093.585696,1,70522786.5216,0.0233644764070728
3185,6093.605696,2,70522806.7072,0.0353822197635585
3186,6093.625696,1,70522826.6112,0.0234095519085377
3187,6093.645696,2,70522846.592,0.0352787509988321
3188,6093.665696,1,70522866.5216,0.0233491097588461
3189,6093.685696,2,70522886.976,0.0352541643616694
3190,6093.705696,1,70522906.5088,0.0234013563628168
3191,6093.725696,2,70522926.5664,0.0351978199848382
3192,6093.745696,1,70522946.7008,0.0234290163296248
3193,6093.765696,2,70522966.976,0.0351506955969431
3194,6093.785696,1,70522986.56,0.023366525293503
3195,6093.805696,2,70523006.5536,0.0350267379679144
3196,6093.825696,1,70523026.9952,0.0233439875427705
3197,6093.845696,2,70523048.6528,0.0350666912533038
3198,6093.865696,1,70523068.9664,0.0233194009056078
3199,6093.885696,2,70523086.5664,0.0351660622451698
3200,6093.905696,1,70523106.5472,0.0233112053598869
3201,6093.925696,2,70523126.6176,0.0350994734361874
3202,6093.945696,1,70523146.5856,0.0233644764070728
3203,6093.965696,2,70523166.5792,0.0348822914745836
3204,6093.985696,1,70523186.624,0.023257934312701
3205,6094.005696,2,70523206.5664,0.0348269715409675
3206,6094.025696,1,70523226.624,0.0232794476202184
3207,6094.045696,2,70523246.5536,0.0348003360173746
3208,6094.065696,1,70523267.3408,0.0232220788001721
3209,6094.085696,2,70523287.4368,0.0348792181449382
3210,6094.105696,1,70523306.8928,0.0232743254041428
3211,6094.125696,2,70523326.6432,0.0349519536132112
3212,6094.145696,1,70523346.5856,0.0233224742352531
3213,6094.165696,2,70523366.592,0.0349150736574672
3214,6094.185696,1,70523386.6112,0.02329378982523
3215,6094.205696,2,70523406.5792,0.0350339090704202
3216,6094.225696,1,70523426.624,0.0233972585899564
3217,6094.245696,2,70523446.6176,0.0353484131374598
3218,6094.265696,1,70523466.9824,0.0233234986784682
3219,6094.285696,2,70523486.6304,0.035514372938308
3220,6094.305696,1,70523506.6112,0.0233982830331715
3221,6094.325696,2,70523526.8608,0.0355072018358022
3222,6094.345696,1,70523546.6496,0.023412625238183
3223,6094.365696,2,70523566.6176,0.0357284815702666
3224,6094.385696,1,70523586.6624,0.0233532075317065
3225,6094.405696,2,70523606.6816,0.0356752105230807
3226,6094.425696,1,70523626.624,0.0233736963960088
3227,6094.445696,2,70523646.6432,0.0356055483844531
3228,6094.465696,1,70523666.6496,0.0233460364292007
3229,6094.485696,2,70523687.104,0.0355102751654476
3230,6094.505696,1,70523706.6624,0.0233060831438113
3231,6094.525696,2,70523726.7712,0.0353945130821399
3232,6094.545696,1,70523746.624,0.0232968631548753
3233,6094.565696,2,70523766.656,0.0353719753314074
3234,6094.585696,1,70523786.624,0.0232241276866023
3235,6094.605696,2,70523806.6176,0.0354057819575061
3236,6094.625696,1,70523826.7264,0.0232179810273117
3237,6094.645696,2,70523847.0528,0.0352510910320241
3238,6094.665696,1,70523866.7648,0.0232138832544512
3239,6094.685696,2,70523886.6432,0.0353361198188784
3240,6094.705696,1,70523906.7392,0.0232425676644744
3241,6094.725696,2,70523926.6816,0.035268506566681
3242,6094.745696,1,70523946.6496,0.0232435921076895
3243,6094.765696,2,70523966.6688,0.0351916733255476
3244,6094.785696,1,70523986.688,0.0232948142684451
3245,6094.805696,2,70524006.6688,0.0351312311758559
3246,6094.825696,1,70524027.5328,0.0232282254594628
3247,6094.845696,2,70524046.6816,0.0350441535025713
3248,6094.865696,1,70524066.6624,0.0232405187780441
3249,6094.885696,2,70524086.6688,0.0352019177576987
3250,6094.905696,1,70524106.6752,0.0233153031327474
3251,6094.925696,2,70524126.72,0.035204991087344
3252,6094.945696,1,70524146.7136,0.0233347675538345
3253,6094.965696,2,70524166.72,0.0351558178130186
3254,6094.985696,1,70524186.7008,0.0232958387116602
3255,6095.005728,2,70524206.6944,0.0350533734915074
3256,6095.025728,1,70524226.7264,0.0234259429999795
3257,6095.045728,2,70524246.6816,0.0350677156965189
3258,6095.065728,1,70524266.688,0.0234402852049911
3259,6095.085728,2,70524287.4368,0.0350185424221935
3260,6095.105728,1,70524306.7904,0.0233460364292007
3261,6095.125728,2,70524326.8736,0.0350339090704202
3262,6095.145728,1,70524347.3536,0.0234054541356773
3263,6095.165728,2,70524366.7328,0.0350441535025713
3264,6095.185728,1,70524387.4304,0.0233859897145901
3265,6095.205728,2,70524407.0016,0.0350072735468273
3266,6095.225728,1,70524426.7392,0.023403405249247
3267,6095.245728,2,70524446.7072,0.0352377732702276
3268,6095.265728,1,70524466.816,0.0233655008502879
3269,6095.285728,2,70524486.7328,0.0353832442067736
3270,6095.305728,1,70524506.7136,0.0234054541356773
3271,6095.325728,2,70524526.8608,0.0353453398078145
3272,6095.345728,1,70524546.752,0.0233870141578052
3273,6095.365728,2,70524566.72,0.035322802057082
3274,6095.385728,1,70524586.7392,0.0233839408281599
3275,6095.405728,2,70524606.7328,0.0351711844612453
3276,6095.425728,1,70524627.456,0.0234218452271191
3277,6095.445728,2,70524646.7712,0.0350533734915074
3278,6095.465728,1,70524666.7392,0.0234156985678284
3279,6095.485728,2,70524688.0128,0.0349744913639437
3280,6095.505728,1,70524706.8032,0.0233870141578052
3281,6095.525728,2,70524727.3984,0.0348525826213453
3282,6095.545728,1,70524746.7264,0.0234044296924621
3283,6095.565728,2,70524766.848,0.0347532116294794
3284,6095.585728,1,70524786.816,0.0234238941135493
3285,6095.605728,2,70524807.4752,0.0349396602946299
3286,6095.625728,1,70524826.88,0.0233777941688692
3287,6095.645728,2,70524846.8096,0.0348976581228103
3288,6095.665728,1,70524866.8032,0.0233634519638576
3289,6095.685728,2,70524886.784,0.0349970291146762
3290,6095.705728,1,70524906.7648,0.0233655008502879
3291,6095.725728,2,70524926.8352,0.0348638514967115
3292,6095.745728,1,70524946.8032,0.0233952097035261
3293,6095.765728,2,70524966.7968,0.0349427336242752
3294,6095.785728,1,70524986.8032,0.0233603786342123
3295,6095.805728,2,70525006.7712,0.0349150736574672
3296,6095.825728,1,70525026.8032,0.0233450119859856
3297,6095.845728,2,70525046.8352,0.0349662958182228
3298,6095.865728,1,70525066.9056,0.0233685741799332
3299,6095.885728,2,70525087.9744,0.0349458069539205
3300,6095.905728,1,70525106.752,0.0233419386563403
3301,6095.925728,2,70525126.8224,0.034822873768107
3302,6095.945728,1,70525146.816,0.0233081320302416
3303,6095.965728,2,70525166.7968,0.0347357960948225
3304,6095.985728,1,70525187.5584,0.023284569836294
3305,6096.005728,2,70525206.7968,0.0345636896346836
3306,6096.025728,1,70525226.9824,0.0232200299137419
3307,6096.045728,2,70525246.784,0.034567787407544
3308,6096.065728,1,70525267.4048,0.0232466654373348
3309,6096.085728,2,70525286.8224,0.0346108140225787
3310,6096.105728,1,70525306.8416,0.0231964677197943
3311,6096.125728,2,70525326.848,0.0345606163050382
3312,6096.145728,1,70525346.8544,0.0231985166062245
3313,6096.165728,2,70525366.8352,0.0345985207039974
3314,6096.185728,1,70525386.8416,0.0232825209498638
3315,6096.205728,2,70525406.784,0.0345780318396951
3316,6096.225728,1,70525426.8672,0.0232015899358699
3317,6096.245728,2,70525446.848,0.0347439916405434
3318,6096.265728,1,70525467.6736,0.0231534411047596
3319,6096.285728,2,70525486.848,0.034677402831561
3320,6096.305728,1,70525510.0544,0.0231903210605036
3321,6096.325728,2,70525526.9504,0.0345790562829102
3322,6096.345728,1,70525548.0192,0.0232005654926547
3323,6096.365728,2,70525566.8224,0.0346015940336427
3324,6096.385728,1,70525586.8416,0.0231544655479747
3325,6096.405728,2,70525606.9248,0.0347398938676829
3326,6096.425728,1,70525626.8928,0.0231729055258467
3327,6096.445728,2,70525646.8608,0.0347398938676829
3328,6096.465728,1,70525667.392,0.0232702276312824
3329,6096.485728,2,70525687.552,0.0348218493248919
3330,6096.505728,1,70525706.88,0.023239494334829
3331,6096.525728,2,70525726.8992,0.0348495092917
3332,6096.545728,1,70525746.9952,0.023211834368021
3333,6096.565728,2,70525766.8608,0.0347890671420083
3334,6096.585728,1,70525786.9056,0.0231944188333641
3335,6096.605728,2,70525806.976,0.034813653779171
3336,6096.625728,1,70525826.9056,0.0232610076423464
3337,6096.645728,2,70525847.0272,0.0349171225438974
3338,6096.665728,1,70525866.8672,0.0232456409941197
3339,6096.685728,2,70525886.8992,0.0349294158624787
3340,6096.705728,1,70525906.8672,0.0233767697256541
3341,6096.725728,2,70525926.9376,0.0348392648595488
3342,6096.745728,1,70525946.9184,0.0233040342573811
3343,6096.765728,2,70525966.912,0.0349785891368041
3344,6096.785728,1,70525986.88,0.0232989120413055
3345,6096.805728,2,70526007.4624,0.0349447825107054
3346,6096.825728,1,70526026.9056,0.023303009814166
3347,6096.845728,2,70526046.9504,0.0350031757739669
3348,6096.865728,1,70526067.3792,0.0233890630442355
3349,6096.885728,2,70526087.36,0.0352521154752392
3350,6096.905728,1,70526107.776,0.0233327186674043
3351,6096.925728,2,70526127.4112,0.0352982154199193
3352,6096.945728,1,70526146.8928,0.0233470608724158
3353,6096.965728,2,70526168.6656,0.03535046202389
3354,6096.985728,1,70526187.8656,0.0233603786342123
3355,6097.005728,2,70526207.3088,0.0353381687053087
3356,6097.025728,1,70526227.2384,0.023439260761776
3357,6097.045728,2,70526246.9504,0.0352756776691868
3358,6097.065728,1,70526268.5184,0.0233101809166718
3359,6097.085728,2,70526286.9632,0.0352162599627103
3360,6097.105728,1,70526306.9184,0.0232958387116602
3361,6097.125728,2,70526330.112,0.0352080644169894
3362,6097.145728,1,70526346.9696,0.0233552564181367
3363,6097.165728,2,70526368.1664,0.0352695310098961
3364,6097.185728,1,70526387.9808,0.0233142786895322
3365,6097.205728,2,70526406.9248,0.0351599155858791
3366,6097.225728,1,70526426.9696,0.0232835453930789
3367,6097.245728,2,70526446.9888,0.0351906488823325
3368,6097.265728,1,70526467.4944,0.0233675497367181
3369,6097.285728,2,70526486.9632,0.0350800090151003
3370,6097.305728,1,70526506.9568,0.0232866187227242
3371,6097.325728,2,70526527.0144,0.0350554223779376
3372,6097.345728,1,70526548.1472,0.0232620320855615
3373,6097.365728,2,70526568.0512,0.0349509291699961
3374,6097.385728,1,70526587.008,0.0233439875427705
3375,6097.405728,2,70526606.9888,0.0349632224885775
3376,6097.425728,1,70526628.1088,0.0233265720081136
3377,6097.445728,2,70526646.9632,0.0349396602946299
3378,6097.465728,1,70526668.5568,0.0233255475648985
3379,6097.485728,2,70526686.9632,0.0349365869649845
3380,6097.505728,1,70526707.0592,0.0232876431659393
3381,6097.525728,2,70526727.2832,0.0349386358514148
3382,6097.545728,1,70526746.9696,0.0233153031327474
3383,6097.565728,2,70526768.5504,0.0349120003278218
3384,6097.585728,1,70526788.5824,0.0233163275759625
3385,6097.605728,2,70526807.4368,0.0348331182002582
3386,6097.625728,1,70526827.0592,0.0232948142684451
3387,6097.645728,2,70526846.9888,0.0349980535578913
3388,6097.665728,1,70526867.0336,0.023384965271375
3389,6097.685728,2,70526886.9888,0.0350277624111295
3390,6097.705728,1,70526907.136,0.0233173520191776
3391,6097.725728,2,70526927.04,0.0349540024996415
3392,6097.745728,1,70526948.2112,0.0233542319749216
3393,6097.765728,2,70526966.9888,0.0349478558403508
3394,6097.785728,1,70526987.0336,0.0233614030774274
3395,6097.805728,2,70527007.616,0.0347737004937816
3396,6097.825728,1,70527027.4048,0.0232999364845207
3397,6097.845728,2,70527047.1168,0.0348054582334501
3398,6097.865728,1,70527067.7248,0.0233419386563403
3399,6097.885728,2,70527087.68,0.0349201958735427
3400,6097.905728,1,70527107.0336,0.0232651054152068
3401,6097.925728,2,70527127.4112,0.0347593582887701
3402,6097.945728,1,70527148.2368,0.023303009814166
3403,6097.965728,2,70527167.0272,0.0346937939230028
3404,6097.985728,1,70527188.6592,0.0232312987891081
3405,6098.005728,2,70527207.0528,0.0346302784436659
3406,6098.025728,1,70527227.1616,0.023230274345893
3407,6098.045728,2,70527247.0912,0.0345636896346836
3408,6098.065728,1,70527267.6224,0.0232743254041428
3409,6098.085728,2,70527287.04,0.0345667629643289
3410,6098.105728,1,70527307.072,0.0232896920523695
3411,6098.125728,2,70527327.7568,0.0345083697010675
3412,6098.145728,1,70527347.6608,0.0232917409387998
3413,6098.165728,2,70527368.1408,0.0346067162497183
3414,6098.185728,1,70527387.0464,0.0233532075317065
3415,6098.205728,2,70527407.104,0.0348003360173746
3416,6098.225728,1,70527427.0976,0.0233142786895322
3417,6098.245728,2,70527447.232,0.0349232692031881
3418,6098.265728,1,70527468.7232,0.0233204253488229
3419,6098.285728,2,70527487.0912,0.0349642469317926
3420,6098.305728,1,70527507.5328,0.0233511586452763
3421,6098.325728,2,70527528.5632,0.0348351670866884
3422,6098.345728,1,70527548.3008,0.0233501342020612
3423,6098.365728,2,70527567.5008,0.034740918310898
3424,6098.385728,1,70527588.352,0.0233071075870264
3425,6098.405728,2,70527607.0528,0.0349273669760485
3426,6098.425728,1,70527628.4672,0.0233316942241892
3427,6098.445728,2,70527647.5776,0.0348751203720778
3428,6098.465728,1,70527667.8144,0.0234228696703342
3429,6098.485728,2,70527687.488,0.03489560923638
3430,6098.505728,1,70527707.1232,0.0233972585899564
3431,6098.525728,2,70527727.232,0.0349417091810601
3432,6098.545728,1,70527747.0976,0.0233931608170959
3433,6098.565728,2,70527767.104,0.0348566803942058
3434,6098.585728,1,70527787.0848,0.0234075030221075
3435,6098.605728,2,70527808.6144,0.0349160981006823
3436,6098.625728,1,70527827.136,0.0233859897145901
3437,6098.645728,2,70527847.1424,0.0350912778904665
3438,6098.665728,1,70527867.1232,0.023394185260311
3439,6098.685728,2,70527888.2944,0.0351732333476755
3440,6098.705728,1,70527907.1232,0.0234238941135493
3441,6098.725728,2,70527927.1168,0.0351855266662569
3442,6098.745728,1,70527947.6864,0.0234075030221075
3443,6098.765728,2,70527968.7936,0.035231626610937
3444,6098.785728,1,70527987.136,0.0233716475095785
3445,6098.805728,2,70528007.5264,0.0351998688712685
3446,6098.825728,1,70528027.6864,0.023448480750712
3447,6098.845728,2,70528047.1936,0.0352767021124019
3448,6098.865728,1,70528067.1744,0.0234218452271191
3449,6098.885728,2,70528087.1808,0.0352992398631344
3450,6098.905728,1,70528107.1232,0.0233644764070728
3451,6098.925728,2,70528127.6544,0.0352674821234659
3452,6098.945728,1,70528147.8656,0.0233767697256541
3453,6098.965728,2,70528167.1168,0.0352490421455939
3454,6098.985728,1,70528187.136,0.0233593541909972
3455,6099.005728,2,70528207.2704,0.035341242034954
3456,6099.025728,1,70528227.2768,0.0233316942241892
3457,6099.045728,2,70528247.1936,0.0352019177576987
3458,6099.065728,1,70528267.1744,0.0232190054705268
3459,6099.085728,2,70528287.1552,0.0351240600733501
3460,6099.105728,1,70528307.1488,0.0232507632101953
3461,6099.125728,2,70528327.232,0.0351445489376524
3462,6099.145728,1,70528347.8016,0.0232712520744975
3463,6099.165728,2,70528367.2832,0.0349519536132112
3464,6099.185728,1,70528387.2,0.0232548609830557
3465,6099.205728,2,70528407.168,0.0349826869096646
3466,6099.225728,1,70528427.2128,0.0232989120413055
3467,6099.245728,2,70528447.9104,0.0349345380785543
3468,6099.265728,1,70528467.1744,0.0233706230663634
3469,6099.285728,2,70528487.232,0.0348925359067347
3470,6099.305728,1,70528508.8768,0.0232620320855615
3471,6099.325728,2,70528528.5248,0.0349478558403508
3472,6099.345728,1,70528547.2128,0.02329378982523
3473,6099.365728,2,70528567.616,0.0349908824553855
3474,6099.385728,1,70528587.2128,0.0234167230110435
3475,6099.405728,2,70528607.2064,0.0350369824000656
3476,6099.425728,1,70528627.5328,0.0233624275206425
3477,6099.445728,2,70528647.1936,0.0350339090704202
3478,6099.465728,1,70528667.2384,0.0232948142684451
3479,6099.485728,2,70528687.2064,0.0347880426987932
3480,6099.505728,1,70528707.2256,0.0233429630995554
3481,6099.525728,2,70528728,0.0347573094023398
3482,6099.545728,1,70528747.9168,0.023312229803102
3483,6099.565728,2,70528767.2448,0.0346231073411601
3484,6099.585728,1,70528787.2512,0.0232282254594628
3485,6099.605728,2,70528807.232,0.0347204294465958
3486,6099.625728,1,70528829.0176,0.0232896920523695
3487,6099.645728,2,70528847.232,0.0348802425881533
3488,6099.665728,1,70528867.2,0.0233624275206425
3489,6099.685728,2,70528887.2576,0.0348464359620546
3490,6099.705728,1,70528907.4688,0.0234095519085377
3491,6099.725728,2,70528927.36,0.0348495092917
3492,6099.745728,1,70528949.2992,0.0234146741246133
3493,6099.765728,2,70528967.7568,0.0347808715962874
3494,6099.785728,1,70528987.328,0.023366525293503
3495,6099.805728,2,70529007.2704,0.0346292540004508
3496,6099.825728,1,70529027.3024,0.023403405249247
3497,6099.845728,2,70529047.2832,0.0347173561169504
3498,6099.865728,1,70529067.776,0.0233962341467412
3499,6099.885728,2,70529087.2448,0.0346446206486774
3500,6099.905728,1,70529107.8912,0.0234402852049911
3501,6099.925728,2,70529127.296,0.0346661339561948
3502,6099.945728,1,70529147.328,0.0233829163849448
3503,6099.965728,2,70529167.3088,0.0347890671420083
3504,6099.985728,1,70529187.264,0.0234320896592702
3505,6100.005728,2,70529209.2672,0.0347624316184154
3506,6100.025728,1,70529228.6464,0.0233183764623927
3507,6100.045728,2,70529247.2704,0.034795213801299
3508,6100.065728,1,70529267.264,0.0233583297477821
3509,6100.085728,2,70529287.2704,0.0347849693691479
3510,6100.105728,1,70529307.3408,0.023366525293503
3511,6100.125728,2,70529327.8208,0.034704038355154
3512,6100.145728,1,70529347.2768,0.0233685741799332
3513,6100.165728,2,70529367.3216,0.0345903251582765
3514,6100.185728,1,70529387.2768,0.0234372118753458
3515,6100.205728,2,70529407.2704,0.0345933984879218
3516,6100.225728,1,70529427.3664,0.0233398897699101
3517,6100.245728,2,70529447.296,0.0344346097895794
3518,6100.265728,1,70529467.3024,0.0233337431106194
3519,6100.285728,2,70529487.3216,0.0345247607925093
3520,6100.305728,1,70529507.3024,0.0234361874321306
3521,6100.325728,2,70529527.3216,0.0344059253795562
3522,6100.345728,1,70529547.3792,0.0233962341467412
3523,6100.365728,2,70529567.3216,0.0344438297785154
3524,6100.385728,1,70529587.3664,0.0234372118753458
3525,6100.405728,2,70529607.3216,0.034731698321962
3526,6100.425728,1,70529627.328,0.0234617985125085
3527,6100.445728,2,70529647.3472,0.0348802425881533
3528,6100.465728,1,70529667.3536,0.023403405249247
3529,6100.485728,2,70529687.9232,0.0347573094023398
3530,6100.505728,1,70529707.3664,0.0233788186120843
3531,6100.525728,2,70529728.1408,0.0345196385764337
3532,6100.545728,1,70529747.4432,0.0234402852049911
3533,6100.565728,2,70529767.36,0.0346446206486774
3534,6100.585728,1,70529789.5552,0.0234372118753458
3535,6100.605728,2,70529807.3344,0.0346763783883459
3536,6100.625728,1,70529827.3664,0.0234556518532178
3537,6100.645728,2,70529847.4112,0.0348238982113221
3538,6100.665728,1,70529867.3536,0.0234167230110435
3539,6100.685728,2,70529888.0256,0.0349519536132112
3540,6100.705728,1,70529908.0576,0.0234556518532178
3541,6100.725728,2,70529929.3056,0.0348331182002582
3542,6100.745728,1,70529947.3664,0.0234218452271191
3543,6100.765728,2,70529967.3856,0.0347091605712295
3544,6100.785728,1,70529987.3792,0.0234454074210666
3545,6100.805728,2,70530007.3728,0.0346292540004508
3546,6100.825728,1,70530027.5712,0.0233634519638576
3547,6100.845728,2,70530047.4112,0.0345309074517999
3548,6100.865728,1,70530067.9808,0.0233655008502879
3549,6100.885728,2,70530087.808,0.0345319318950151
3550,6100.905728,1,70530107.6992,0.0233829163849448
3551,6100.925728,2,70530127.488,0.0344684164156781
3552,6100.945728,1,70530147.9936,0.0233818919417297
3553,6100.965728,2,70530167.8592,0.0343383121273588
3554,6100.985728,1,70530187.9296,0.0233173520191776
3555,6101.005728,2,70530207.3856,0.0342481611244289
3556,6101.025728,1,70530228.3136,0.0233788186120843
3557,6101.045728,2,70530247.4496,0.0341303501546909
3558,6101.065728,1,70530268.032,0.0234628229557236
3559,6101.085728,2,70530290.0608,0.0341098612903887
3560,6101.105728,1,70530307.8784,0.0233644764070728
3561,6101.125728,2,70530329.3568,0.034012539184953
3562,6101.145728,1,70530349.7216,0.0234566762964329
3563,6101.165728,2,70530367.4112,0.0341098612903887
3564,6101.185728,1,70530390.016,0.0234136496813982
3565,6101.205728,2,70530407.3856,0.0340350769356855
3566,6101.225728,1,70530427.456,0.0233655008502879
3567,6101.245728,2,70530448.0768,0.0341590345647141
3568,6101.265728,1,70530468.5568,0.0233521830884914
3569,6101.285728,2,70530487.5392,0.0340063925256623
3570,6101.305728,1,70530507.4176,0.0233071075870264
3571,6101.325728,2,70530527.8848,0.0339008748745057
3572,6101.345728,1,70530547.5584,0.0233409142131252
3573,6101.365728,2,70530567.808,0.0338598971459012
3574,6101.385728,1,70530589.1712,0.0233532075317065
3575,6101.405728,2,70530607.424,0.0340053680824472
3576,6101.425728,1,70530629.632,0.0233163275759625
3577,6101.445728,2,70530648.0768,0.0339439014895404
3578,6101.465728,1,70530667.456,0.0233808674985146
3579,6101.485728,2,70530687.488,0.0338004794394247
3580,6101.505728,1,70530707.5072,0.0233736963960088
3581,6101.525728,2,70530729.5616,0.0337974061097793
3582,6101.545728,1,70530748.0704,0.0233603786342123
3583,6101.565728,2,70530767.6416,0.0338414571680292
3584,6101.585728,1,70530787.5072,0.0233275964513287
3585,6101.605728,2,70530807.8976,0.033740037289733
3586,6101.625728,1,70530829.376,0.0233275964513287
3587,6101.645728,2,70530849.6256,0.0337820394615526
3588,6101.665728,1,70530868.1856,0.0233655008502879
3589,6101.685728,2,70530887.5136,0.0338916548855697
3590,6101.705728,1,70530907.5328,0.0234249185567644
3591,6101.725728,2,70530927.5136,0.033894728215215
3592,6101.745728,1,70530947.52,0.0234156985678284
3593,6101.765728,2,70530969.088,0.0339172659659475
3594,6101.785728,1,70530987.4816,0.0233562808613519
3595,6101.805728,2,70531007.488,0.0341252279386154
3596,6101.825728,1,70531027.52,0.0234156985678284
3597,6101.845728,2,70531047.4752,0.034131374597906
3598,6101.865728,1,70531067.4944,0.0233101809166718
3599,6101.885728,2,70531087.7824,0.0341180568361096
3600,6101.905728,1,70531107.5072,0.0233993074763866
3601,6101.925728,2,70531127.9872,0.0339408281598951
3602,6101.945728,1,70531149.8368,0.023466920728584
3603,6101.965728,2,70531167.5008,0.0339295592845289
3604,6101.985728,1,70531187.5456,0.0234556518532178
3605,6102.005728,2,70531207.5264,0.0341006413014527
3606,6102.025728,1,70531227.6992,0.0234003319196017
3607,6102.045728,2,70531247.5008,0.0342266478169115
3608,6102.065728,1,70531267.52,0.023403405249247
3609,6102.085728,2,70531287.5392,0.0344878808367652
3610,6102.105728,1,70531307.5456,0.023412625238183
3611,6102.125728,2,70531327.5904,0.0344438297785154
3612,6102.145728,1,70531347.6224,0.0234679451717991
3613,6102.165728,2,70531367.5648,0.0343434343434343
3614,6102.185728,1,70531387.7376,0.0234116007949679
3615,6102.205728,2,70531407.5264,0.0342235744872662
3616,6102.225728,1,70531427.584,0.0234515540803573
3617,6102.245728,2,70531447.936,0.0341405945868421
3618,6102.265728,1,70531467.5328,0.0234249185567644
3619,6102.285728,2,70531487.5648,0.034094494642162
3620,6102.305728,1,70531507.5456,0.0234658962853689
3621,6102.325728,2,70531527.6032,0.0341252279386154
3622,6102.345728,1,70531547.5584,0.0233839408281599
3623,6102.365728,2,70531567.552,0.0341692789968652
3624,6102.385728,1,70531588.096,0.0234648718421538
3625,6102.405728,2,70531607.5904,0.0341549367918536
3626,6102.425728,1,70531627.584,0.0234023808060319
3627,6102.445728,2,70531647.5648,0.0343004077283996
3628,6102.465728,1,70531667.584,0.0234945806953921
3629,6102.485728,2,70531687.552,0.0343014321716147
3630,6102.505728,1,70531707.6608,0.0234228696703342
3631,6102.525728,2,70531730.1888,0.0341795234290163
3632,6102.545728,1,70531747.7376,0.023403405249247
3633,6102.565728,2,70531768.2688,0.0340791279939353
3634,6102.585728,1,70531787.584,0.0233788186120843
3635,6102.605728,2,70531808.064,0.0341795234290163
3636,6102.625728,1,70531828.7232,0.0233695986231483
3637,6102.645728,2,70531850.1248,0.0341262523818305
3638,6102.665728,1,70531867.5712,0.0233798430552994
3639,6102.685728,2,70531888.0384,0.0342440633515684
3640,6102.705728,1,70531907.6352,0.0233060831438113
3641,6102.725728,2,70531928.832,0.0342020611797488
3642,6102.745728,1,70531947.5968,0.0233439875427705
3643,6102.765728,2,70531967.6288,0.0340862990964411
3644,6102.785728,1,70531987.648,0.0233009609277358
3645,6102.805728,2,70532007.6672,0.0339121437498719
3646,6102.825728,1,70532028.6208,0.0233450119859856
3647,6102.845728,2,70532047.6288,0.0338045772122851
3648,6102.865728,1,70532067.7632,0.0232784231770033
3649,6102.885728,2,70532087.8464,0.0336334951953613
3650,6102.905728,1,70532107.6608,0.0233603786342123
3651,6102.925728,2,70532127.6544,0.033712377322925
3652,6102.945728,1,70532147.6864,0.0233255475648985
3653,6102.965728,2,70532168.512,0.0337011084475588
3654,6102.985728,1,70532187.6992,0.0234054541356773
3655,6103.005728,2,70532207.68,0.0336652529350298
3656,6103.025728,1,70532228.6336,0.0233337431106194
3657,6103.045728,2,70532250.2912,0.0336191529903497
3658,6103.065728,1,70532267.6736,0.0233142786895322
3659,6103.085728,2,70532288.2176,0.0336949617882681
3660,6103.105728,1,70532310.016,0.0233706230663634
3661,6103.125728,2,70532327.7312,0.0337185239822157
3662,6103.145728,1,70532347.6352,0.0233931608170959
3663,6103.165728,2,70532367.6544,0.0338937037719999
3664,6103.185728,1,70532387.6608,0.0233419386563403
3665,6103.205728,2,70532407.6928,0.0343167988198414
3666,6103.225728,1,70532427.9808,0.023348085315631
3667,6103.245728,2,70532447.7824,0.0345432007703813
3668,6103.265728,1,70532467.6736,0.0233071075870264
3669,6103.285728,2,70532487.7184,0.0346630606265495
3670,6103.305728,1,70532507.7632,0.0232917409387998
3671,6103.325728,2,70532529.1136,0.0344376831192247
3672,6103.345728,1,70532547.712,0.0233224742352531
3673,6103.365728,2,70532567.7184,0.034112934620034
3674,6103.385728,1,70532587.6864,0.0233726719527937
3675,6103.405728,2,70532608.2816,0.0339080459770115
3676,6103.425728,1,70532630.3744,0.0233142786895322
3677,6103.445728,2,70532650.5984,0.0338701415780523
3678,6103.465728,1,70532667.7504,0.0233132542463171
3679,6103.485728,2,70532688.0896,0.0339295592845289
3680,6103.505728,1,70532707.6608,0.023303009814166
3681,6103.525728,2,70532727.9232,0.033857848259471
3682,6103.545728,1,70532747.7504,0.0233204253488229
3683,6103.565728,2,70532767.7696,0.0337605261540353
3684,6103.585728,1,70532787.712,0.0232978875980904
3685,6103.605728,2,70532810.2144,0.0337984305529944
3686,6103.625728,1,70532827.8016,0.0233153031327474
3687,6103.645728,2,70532847.7312,0.0338783371237732
3688,6103.665728,1,70532867.7632,0.0232948142684451
3689,6103.685728,2,70532888.1536,0.033903948204151
3690,6103.705728,1,70532907.712,0.0232804720634335
3691,6103.725728,2,70532927.7952,0.0339459503759707
3692,6103.745728,1,70532949.824,0.023266129858422
3693,6103.765728,2,70532967.7056,0.0339643903538427
3694,6103.785728,1,70532987.8144,0.0232599831991313
3695,6103.805728,2,70533007.7056,0.0340258569467494
3696,6103.825728,1,70533027.8272,0.0233614030774274
3697,6103.845728,2,70533048.3584,0.034112934620034
3698,6103.865728,1,70533067.7248,0.0233993074763866
3699,6103.885728,2,70533087.7184,0.0341160079496793
3700,6103.905728,1,70533107.7504,0.0233900874874506
3701,6103.925728,2,70533127.8208,0.0341231790521851
3702,6103.945728,1,70533147.7888,0.0233931608170959
3703,6103.965728,2,70533169.3312,0.0341825967586617
3704,6103.985728,1,70533188.3648,0.0234044296924621
3705,6104.005728,2,70533207.7952,0.0342112811686848
3706,6104.025728,1,70533228.0192,0.0233593541909972
3707,6104.045728,2,70533248.0768,0.0341928411908128
3708,6104.065728,1,70533270.0416,0.023412625238183
3709,6104.085728,2,70533290.2912,0.0343331899112832
3710,6104.105728,1,70533308.6464,0.0233101809166718
3711,6104.125728,2,70533330.2016,0.0343731431966726
3712,6104.145728,1,70533349.2096,0.0233562808613519
3713,6104.165728,2,70533368.5888,0.0345606163050382
3714,6104.185728,1,70533387.7888,0.0233603786342123
3715,6104.205728,2,70533408.2176,0.034694818366218
3716,6104.225728,1,70533427.9424,0.0233706230663634
3717,6104.245728,2,70533448.3328,0.0346917450365726
3718,6104.265728,1,70533467.8656,0.0233286208945438
3719,6104.285728,2,70533487.7952,0.0347245272194562
3720,6104.305728,1,70533510.1696,0.0233624275206425
3721,6104.325728,2,70533530.88,0.0347798471530723
3722,6104.345728,1,70533550.0928,0.023412625238183
3723,6104.365728,2,70533567.8208,0.0348730714856475
3724,6104.385728,1,70533590.5024,0.0233398897699101
3725,6104.405728,2,70533607.7824,0.0347439916405434
3726,6104.425728,1,70533627.8016,0.0233439875427705
3727,6104.445728,2,70533648.768,0.0346917450365726
3728,6104.465728,1,70533670.5408,0.0233265720081136
3729,6104.485728,2,70533688.7168,0.0346272051140205
3730,6104.505728,1,70533707.904,0.0233767697256541
3731,6104.525728,2,70533727.8464,0.0345698362939742
3732,6104.545728,1,70533748.5696,0.0233347675538345
3733,6104.565728,2,70533767.872,0.0344971008257012
3734,6104.585728,1,70533787.84,0.0233777941688692
3735,6104.605728,2,70533807.8592,0.0346087651361485
3736,6104.625728,1,70533827.8144,0.0234013563628168
3737,6104.645728,2,70533847.8336,0.0347552605159096
3738,6104.665728,1,70533870.4256,0.0233777941688692
3739,6104.685728,2,70533887.8848,0.034722478333026
3740,6104.705728,1,70533907.84,0.0233583297477821
3741,6104.725728,2,70533927.8976,0.0348105804495257
3742,6104.745728,1,70533947.8784,0.0234546274100027
3743,6104.765728,2,70533967.7824,0.0346804761612064
3744,6104.785728,1,70533987.9552,0.0234023808060319
3745,6104.805728,2,70534008.6656,0.0346384739893868
3746,6104.825728,1,70534027.84,0.0233993074763866
3747,6104.845728,2,70534047.9488,0.034549347429672
3748,6104.865728,1,70534067.84,0.023366525293503
3749,6104.885728,2,70534087.8464,0.0346374495461717
3750,6104.905728,1,70534110.1056,0.0233593541909972
3751,6104.925728,2,70534128.3072,0.0346558895240437
3752,6104.945728,1,70534149.7472,0.0233982830331715
3753,6104.965728,2,70534168.3328,0.0346917450365726
3754,6104.985728,1,70534189.6704,0.0233532075317065
3755,6105.005728,2,70534208.448,0.0346999405822935
3756,6105.025728,1,70534230.4512,0.0233982830331715
3757,6105.045728,2,70534248.0128,0.0345104185874977
3758,6105.065728,1,70534267.968,0.0233706230663634
3759,6105.085728,2,70534287.8592,0.0345503718728871
3760,6105.105728,1,70534307.8656,0.0233716475095785
3761,6105.125728,2,70534327.9616,0.0345339807814453
3762,6105.145728,1,70534348.0064,0.0234023808060319
3763,6105.165728,2,70534367.8976,0.0346241317843752
3764,6105.185728,1,70534388.0448,0.0233982830331715
3765,6105.205728,2,70534407.8976,0.0347378449812527
3766,6105.225728,1,70534427.9936,0.023357305304567
3767,6105.245728,2,70534447.9104,0.0347634560616305
3768,6105.265728,1,70534467.904,0.0233491097588461
3769,6105.285728,2,70534487.9104,0.0348218493248919
3770,6105.305728,1,70534507.9424,0.0233388653266949
3771,6105.325728,2,70534528.3328,0.0347982871309443
3772,6105.345728,1,70534547.904,0.0233726719527937
3773,6105.365728,2,70534569.4592,0.0345882762718462
3774,6105.385728,1,70534587.9552,0.0233388653266949
3775,6105.405728,2,70534608.0256,0.0347368205380376
3776,6105.425728,1,70534628.0576,0.0233019853709509
3777,6105.445728,2,70534647.936,0.034750138299834
3778,6105.465728,1,70534667.9936,0.0234054541356773
3779,6105.485728,2,70534687.936,0.0348659003831418
3780,6105.505728,1,70534707.968,0.0233060831438113
3781,6105.525728,2,70534728.384,0.0347183805601656
3782,6105.545728,1,70534748.096,0.0233521830884914
3783,6105.565728,2,70534768.3456,0.0346753539451308
3784,6105.585728,1,70534790.7968,0.0233552564181367
3785,6105.605728,2,70534807.9488,0.0347173561169504
3786,6105.625728,1,70534827.9936,0.0234044296924621
3787,6105.645728,2,70534848.064,0.035086155674391
3788,6105.665728,1,70534867.9552,0.0233777941688692
3789,6105.685728,2,70534888.384,0.035231626610937
3790,6105.705728,1,70534907.9552,0.023375745282439
3791,6105.725728,2,70534928.4096,0.0351906488823325
3792,6105.745728,1,70534947.9552,0.0233368164402647
3793,6105.765728,2,70534967.9488,0.0351896244391173
3794,6105.785728,1,70534989.6064,0.0232671543016371
3795,6105.805728,2,70535008.5248,0.035149671153728
3796,6105.825728,1,70535028.608,0.0233368164402647
3797,6105.845728,2,70535048.0256,0.0350390312864958
3798,6105.865728,1,70535068.032,0.0234105763517528
3799,6105.885728,2,70535087.9744,0.0349335136353392
3800,6105.905728,1,70535108.6976,0.02329378982523
3801,6105.925728,2,70535128.1536,0.0347583338455549
3802,6105.945728,1,70535148.0192,0.0233101809166718
3803,6105.965728,2,70535168,0.0347870182555781
3804,6105.985728,1,70535189.2352,0.0233501342020612
3805,6106.005728,2,70535208.0256,0.0348279959841826
3806,6106.025728,1,70535228.1472,0.0233398897699101
3807,6106.045728,2,70535248.0384,0.0347696027209212
3808,6106.065728,1,70535268.032,0.0233695986231483
3809,6106.085728,2,70535288.0512,0.0346466695351077
3810,6106.105728,1,70535308.0192,0.0233542319749216
3811,6106.125728,2,70535328.0256,0.0346435962054623
3812,6106.145728,1,70535350.1696,0.0233890630442355
3813,6106.165728,2,70535368.0896,0.0345759829532649
3814,6106.185728,1,70535388.0064,0.0232917409387998
3815,6106.205728,2,70535408.0256,0.0346118384657938
3816,6106.225728,1,70535428.2368,0.0233603786342123
3817,6106.245728,2,70535448.0768,0.0346435962054623
3818,6106.265728,1,70535468.2496,0.0233603786342123
3819,6106.285728,2,70535488.0512,0.0348351670866884
3820,6106.305728,1,70535508.0192,0.0233173520191776
3821,6106.325728,2,70535528.4736,0.0348618026102813
3822,6106.345728,1,70535548.0832,0.023412625238183
3823,6106.365728,2,70535568.0768,0.0348331182002582
3824,6106.385728,1,70535588.0192,0.0234197963406888
3825,6106.405728,2,70535608.0256,0.0349908824553855
3826,6106.425728,1,70535628.6464,0.0233194009056078
3827,6106.445728,2,70535648.0512,0.0350728379125945
3828,6106.465728,1,70535668.0448,0.02343004077284
3829,6106.485728,2,70535688.1152,0.0350011268875366
3830,6106.505728,1,70535708.16,0.0233357919970496
3831,6106.525728,2,70535728.1664,0.0348904870203045
3832,6106.545728,1,70535748.48,0.0234423340914213
3833,6106.565728,2,70535768.7424,0.0348618026102813
3834,6106.585728,1,70535788.0448,0.0233777941688692
3835,6106.605728,2,70535808.0512,0.0347941893580839
3836,6106.625728,1,70535828.1344,0.023457700739648
3837,6106.645728,2,70535848.2048,0.0347419427541131
3838,6106.665728,1,70535868.0704,0.0234710185014445
3839,6106.685728,2,70535888.128,0.0347511627430492
3840,6106.705728,1,70535908.0832,0.0234116007949679
3841,6106.725728,2,70535928.1536,0.03471325834409
3842,6106.745728,1,70535948.3648,0.0234597496260782
3843,6106.765728,2,70535968.0896,0.0349099514413916
3844,6106.785728,1,70535988.1088,0.0234720429446596
3845,6106.805728,2,70536008.0768,0.0348269715409675
3846,6106.825728,1,70536028.0704,0.023457700739648
3847,6106.845728,2,70536048.1792,0.0346097895793636
3848,6106.865728,1,70536068.096,0.0233767697256541
3849,6106.885728,2,70536088.2304,0.0344202675845678
3850,6106.905728,1,70536108.1088,0.0233962341467412
3851,6106.925728,2,70536128.1024,0.0342645522158707
3852,6106.945728,1,70536148.2112,0.0234751162743049
3853,6106.965728,2,70536168.1024,0.0342102567254697
3854,6106.985728,1,70536188.2368,0.0233511586452763
3855,6107.005728,2,70536211.5072,0.0342000122933186
3856,6107.025728,1,70536228.1216,0.0234474563074969
3857,6107.045728,2,70536248.1664,0.0342215256008359
3858,6107.065728,1,70536268.1088,0.0233614030774274
3859,6107.085728,2,70536288.128,0.0342368922490626
3860,6107.105728,1,70536308.1216,0.023457700739648
3861,6107.125728,2,70536328.1664,0.0341877189747372
3862,6107.145728,1,70536348.1856,0.0234454074210666
3863,6107.165728,2,70536368.2944,0.0341928411908128
3864,6107.185728,1,70536388.224,0.0234587251828631
3865,6107.205728,2,70536408.1024,0.0343198721494868
3866,6107.225728,1,70536428.1856,0.0235038006843281
3867,6107.245728,2,70536448.4992,0.0344346097895794
3868,6107.265728,1,70536468.1472,0.0233409142131252
3869,6107.285728,2,70536488.1408,0.0344335853463643
3870,6107.305728,1,70536508.3008,0.0234638473989387
3871,6107.325728,2,70536528.1536,0.0345114430307128
3872,6107.345728,1,70536548.2752,0.0233839408281599
3873,6107.365728,2,70536568.192,0.0343004077283996
3874,6107.385728,1,70536588.1856,0.0233706230663634
3875,6107.405728,2,70536608.1536,0.0343014321716147
3876,6107.425728,1,70536628.2624,0.0234023808060319
3877,6107.445728,2,70536648.192,0.0342532833405044
3878,6107.465728,1,70536668.2752,0.0234546274100027
3879,6107.485728,2,70536688.192,0.0342030856229639
3880,6107.505728,1,70536708.16,0.023394185260311
3881,6107.525728,2,70536728.256,0.0340135636281681
3882,6107.545728,1,70536748.1856,0.023412625238183
3883,6107.565728,2,70536768.2432,0.0339981969799414
3884,6107.585728,1,70536788.1728,0.0233839408281599
3885,6107.605728,2,70536808.2048,0.0338691171348372
3886,6107.625728,1,70536830.5024,0.0234382363185609
3887,6107.645728,2,70536848.3968,0.0338015038826398
3888,6107.665728,1,70536868.2752,0.0233808674985146
3889,6107.685728,2,70536888.1792,0.0339029237609359
3890,6107.705728,1,70536908.1984,0.0233767697256541
3891,6107.725728,2,70536928.2816,0.0338742393509128
3892,6107.745728,1,70536948.1856,0.0234013563628168
3893,6107.765728,2,70536968.576,0.0338209683037269
3894,6107.785728,1,70536988.2112,0.0233859897145901
3895,6107.805728,2,70537008.2048,0.0339090704202266
3896,6107.825728,1,70537028.2368,0.0234136496813982
3897,6107.845728,2,70537048.2048,0.0339367303870346
3898,6107.865728,1,70537068.4416,0.0233450119859856
3899,6107.885728,2,70537088.3968,0.0340115147417379
3900,6107.905728,1,70537108.4416,0.0233491097588461
3901,6107.925728,2,70537128.2816,0.0340883479828713
3902,6107.945728,1,70537148.2752,0.0233808674985146
3903,6107.965728,2,70537168.2688,0.0342461122379986
3904,6107.985728,1,70537188.2752,0.023394185260311
3905,6108.005728,2,70537208.3456,0.0342164033847604
3906,6108.025728,1,70537228.3008,0.0233972585899564
3907,6108.045728,2,70537248.2432,0.0341385457004118
3908,6108.065728,1,70537268.3392,0.0234044296924621
3909,6108.085728,2,70537288.2304,0.0340627369024935
3910,6108.105728,1,70537308.3904,0.0233593541909972
3911,6108.125728,2,70537328.5632,0.0341067879607433
3912,6108.145728,1,70537348.4544,0.0233255475648985
3913,6108.165728,2,70537368.3712,0.0342276722601266
3914,6108.185728,1,70537388.2496,0.0233337431106194
3915,6108.205728,2,70537409.152,0.0343721187534575
3916,6108.225728,1,70537428.4416,0.0233603786342123
3917,6108.245728,2,70537448.3584,0.0344755875181839
3918,6108.265728,1,70537468.48,0.0233224742352531
3919,6108.285728,2,70537488.2816,0.0344346097895794
3920,6108.305728,1,70537508.3904,0.0233398897699101
3921,6108.325728,2,70537528.4608,0.0343280676952077
3922,6108.345728,1,70537548.3776,0.0233491097588461
3923,6108.365728,2,70537568.6272,0.0342245989304813
3924,6108.385728,1,70537588.3776,0.0233234986784682
3925,6108.405728,2,70537608.2816,0.0341825967586617
3926,6108.425728,1,70537628.3392,0.0233368164402647
3927,6108.445728,2,70537648.2816,0.0342389411354929
3928,6108.465728,1,70537668.4416,0.0233388653266949
3929,6108.485728,2,70537688.2944,0.0342963099555392
3930,6108.505728,1,70537708.3008,0.0233357919970496
3931,6108.525728,2,70537728.384,0.0343772409695331
3932,6108.545728,1,70537748.2752,0.0232435921076895
3933,6108.565728,2,70537768.32,0.0343721187534575
3934,6108.585728,1,70537790.6176,0.0233357919970496
3935,6108.605728,2,70537808.2816,0.0345216874628639
3936,6108.625728,1,70537828.4416,0.0233286208945438
3937,6108.645728,2,70537848.5504,0.0346917450365726
3938,6108.665728,1,70537868.3264,0.023357305304567
3939,6108.685728,2,70537888.32,0.0347634560616305
3940,6108.705728,1,70537908.3648,0.0233173520191776
3941,6108.725728,2,70537928.3712,0.0348464359620546
3942,6108.745728,1,70537948.352,0.0233204253488229
3943,6108.765728,2,70537968.6016,0.0348198004384617
3944,6108.785728,1,70537988.3392,0.0232825209498638
3945,6108.805728,2,70538008.3328,0.0347921404716537
3946,6108.825728,1,70538028.5312,0.0233081320302416
3947,6108.845728,2,70538048.3968,0.0345872518286311
3948,6108.865728,1,70538068.4544,0.023321449792038
3949,6108.885728,2,70538088.3968,0.03457700739648
3950,6108.905728,1,70538108.4416,0.0232097854815908
3951,6108.925728,2,70538128.4096,0.0344397320056549
3952,6108.945728,1,70538148.3392,0.0233112053598869
3953,6108.965728,2,70538168.576,0.0343485565595099
3954,6108.985728,1,70538188.3392,0.0233316942241892
3955,6109.005728,2,70538208.896,0.0342481611244289
3956,6109.025728,1,70538228.4288,0.0233316942241892
3957,6109.045728,2,70538248.512,0.0342194767144057
3958,6109.065728,1,70538268.5184,0.0232978875980904
3959,6109.085728,2,70538288.3712,0.0342112811686848
3960,6109.105728,1,70538308.3648,0.0233163275759625
3961,6109.125728,2,70538328.5248,0.034176450099371
3962,6109.145728,1,70538348.7872,0.0232415432212592
3963,6109.165728,2,70538368.8576,0.0340258569467494
3964,6109.185728,1,70538388.3776,0.0233275964513287
3965,6109.205728,2,70538408.3584,0.034030979162825
3966,6109.225728,1,70538428.5568,0.0232968631548753
3967,6109.245728,2,70538448.3968,0.033958243694552
3968,6109.265728,1,70538468.5184,0.0232610076423464
3969,6109.285728,2,70538488.384,0.0339100948634417
3970,6109.305728,1,70538509.8752,0.0233491097588461
3971,6109.325728,2,70538528.4096,0.0339940992070809
3972,6109.345728,1,70538548.416,0.0233265720081136
3973,6109.365728,2,70538568.4864,0.0339838547749298
3974,6109.385728,1,70538588.4544,0.0232804720634335
3975,6109.405728,2,70538608.6016,0.0341098612903887
3976,6109.425728,1,70538628.4416,0.0233060831438113
3977,6109.445728,2,70538648.4096,0.0342778699776671
3978,6109.465728,1,70538668.5696,0.0232476898805499
3979,6109.485728,2,70538688.4608,0.0342922121826787
3980,6109.505728,1,70538708.416,0.0233009609277358
3981,6109.525728,2,70538728.512,0.034204110066179
3982,6109.545728,1,70538748.6208,0.0233183764623927
3983,6109.565728,2,70538768.6784,0.0342850410801729
3984,6109.585728,1,70538788.4672,0.023375745282439
3985,6109.605728,2,70538808.4992,0.0342840166369578
3986,6109.625728,1,70538828.7872,0.0234156985678284
3987,6109.645728,2,70538848.704,0.0343075788309054
3988,6109.665728,1,70538868.4416,0.023348085315631
3989,6109.685728,2,70538888.64,0.034368020980597
3990,6109.705728,1,70538908.4288,0.0233634519638576
3991,6109.725728,2,70538928.4992,0.0343967053906202
3992,6109.745728,1,70538948.7744,0.0233224742352531
3993,6109.765728,2,70538968.6272,0.0345186141332186
3994,6109.785728,1,70538988.672,0.0233419386563403
3995,6109.805728,2,70539008.4736,0.0346323273300961
3996,6109.825728,1,70539029.1072,0.0233900874874506
3997,6109.845728,2,70539048.4736,0.0346784272747762
3998,6109.865728,1,70539068.5312,0.0232989120413055
3999,6109.885728,2,70539088.448,0.0346917450365726
4000,6109.905728,1,70539108.5184,0.0233808674985146
4001,6109.925728,2,70539128.5248,0.0348341426434733
4002,6109.945728,1,70539148.4416,0.0233491097588461
4003,6109.965728,2,70539168.4352,0.0348167271088164
4004,6109.985728,1,70539188.4032,0.0233818919417297
4005,6110.005728,2,70539208.7808,0.0348730714856475
4006,6110.025728,1,70539228.48,0.0233050587005962
4007,6110.045728,2,70539248.6144,0.0350257135246993
4008,6110.065728,1,70539268.4544,0.0232927653820149
4009,6110.085728,2,70539288.4992,0.034977564693589
4010,6110.105728,1,70539308.6208,0.0232948142684451
4011,6110.125728,2,70539328.4608,0.0351353289487164
4012,6110.145728,1,70539348.6464,0.0233040342573811
4013,6110.165728,2,70539368.4096,0.035041080172926
4014,6110.185728,1,70539388.5824,0.0233378408834798
4015,6110.205728,2,70539408.512,0.0350697645829492
4016,6110.225728,1,70539428.7744,0.0233224742352531
4017,6110.245728,2,70539448.5376,0.0350687401397341
4018,6110.265728,1,70539468.4288,0.0232804720634335
4019,6110.285728,2,70539488.704,0.035041080172926
4020,6110.305728,1,70539508.4544,0.0233245231216834
4021,6110.325728,2,70539528.6016,0.03503186018399
4022,6110.345728,1,70539548.4672,0.0233378408834798
4023,6110.365728,2,70539568.6144,0.0351015223226177
4024,6110.385728,1,70539588.6336,0.0232978875980904
4025,6110.405728,2,70539608.4864,0.0351506955969431
4026,6110.425728,1,70539628.4672,0.0233655008502879
4027,6110.445728,2,70539648.6016,0.0350964001065421
4028,6110.465728,1,70539668.5568,0.0233398897699101
4029,6110.485728,2,70539688.4352,0.0351763066773209
4030,6110.505728,1,70539708.5952,0.0233429630995554
4031,6110.525728,2,70539728.5248,0.0353586575696109
4032,6110.545728,1,70539748.4928,0.0233132542463171
4033,6110.565728,2,70539768.576,0.0353146065113611
4034,6110.585728,1,70539788.5312,0.0232528120966255
4035,6110.605728,2,70539808.64,0.0353064109656402
4036,6110.625728,1,70539828.6208,0.023275349847358
4037,6110.645728,2,70539848.4864,0.0352172844059254
4038,6110.665728,1,70539868.608,0.0233019853709509
4039,6110.685728,2,70539888.704,0.0350974245497572
4040,6110.705728,1,70539908.6848,0.0233009609277358
4041,6110.725728,2,70539928.6272,0.0350390312864958
4042,6110.745728,1,70539948.672,0.0233450119859856
4043,6110.765728,2,70539968.5632,0.0351855266662569
4044,6110.785728,1,70539988.9152,0.023211834368021
4045,6110.805728,2,70540008.5632,0.0353248509435122
4046,6110.825728,1,70540028.4928,0.0233183764623927
4047,6110.845728,2,70540048.6656,0.0351834777798267
4048,6110.865728,1,70540068.544,0.0232446165509046
4049,6110.885728,2,70540088.7808,0.0350021513307517
4050,6110.905728,1,70540108.5696,0.0233429630995554
4051,6110.925728,2,70540128.7296,0.0349714180342984
4052,6110.945728,1,70540148.7744,0.0232948142684451
4053,6110.965728,2,70540168.5504,0.0348361915299035
4054,6110.985728,1,70540188.8,0.0233234986784682
4055,6111.00576,2,70540209.1136,0.0347982871309443
4056,6111.02576,1,70540228.736,0.0232722765177126
4057,6111.04576,2,70540248.5376,0.0347163316737353
4058,6111.06576,1,70540268.5568,0.023312229803102
4059,6111.08576,2,70540288.6784,0.0345657385211138
4060,6111.10576,1,70540308.8384,0.0233204253488229
4061,6111.12576,2,70540328.6144,0.0345380785543057
4062,6111.14576,1,70540348.6208,0.0232282254594628
4063,6111.16576,2,70540368.5632,0.0346179851250845
4064,6111.18576,1,70540388.7104,0.0233327186674043
4065,6111.20576,2,70540408.6016,0.0346579384104739
4066,6111.22576,1,70540428.8256,0.023257934312701
4067,6111.24576,2,70540448.5632,0.0346210584547299
4068,6111.26576,1,70540468.5952,0.0233747208392239
4069,6111.28576,2,70540488.8192,0.0347245272194562
4070,6111.30576,1,70540508.6336,0.0233870141578052
4071,6111.32576,2,70540528.8064,0.0347900915852234
4072,6111.34576,1,70540548.6848,0.0233521830884914
4073,6111.36576,2,70540568.576,0.0348751203720778
4074,6111.38576,1,70540588.5696,0.0233562808613519
4075,6111.40576,2,70540608.6784,0.0349816624664495
4076,6111.42576,1,70540628.8,0.0233993074763866
4077,6111.44576,2,70540648.576,0.0350523490482923
4078,6111.46576,1,70540668.608,0.0234023808060319
4079,6111.48576,2,70540688.6912,0.0350851312311759
4080,6111.50576,1,70540708.6464,0.0233532075317065
4081,6111.52576,2,70540728.8704,0.0349939557850308
4082,6111.54576,1,70540748.5568,0.0233614030774274
4083,6111.56576,2,70540768.6016,0.0350123957629029
4084,6111.58576,1,70540788.7744,0.0233419386563403
4085,6111.60576,2,70540808.64,0.0348361915299035
4086,6111.62576,1,70540828.7104,0.0232978875980904
4087,6111.64576,2,70540848.6144,0.0348556559509906
4088,6111.66576,1,70540868.5696,0.0232958387116602
4089,6111.68576,2,70540888.7936,0.0347306738787469
4090,6111.70576,1,70540908.6208,0.0233685741799332
4091,6111.72576,2,70540928.6656,0.0347173561169504
4092,6111.74576,1,70540948.6336,0.0233409142131252
4093,6111.76576,2,70540968.5888,0.034822873768107
4094,6111.78576,1,70540988.8256,0.0234269674431946
4095,6111.80576,2,70541008.704,0.0349601491589321
4096,6111.82576,1,70541028.9408,0.0234187718974737
4097,6111.84576,2,70541048.6272,0.0351609400290942
4098,6111.86576,1,70541068.6464,0.0233675497367181
4099,6111.88576,2,70541088.6272,0.0351025467658328
4100,6111.90576,1,70541108.8896,0.0232927653820149
4101,6111.92576,2,70541128.6272,0.0350154690925482
4102,6111.94576,1,70541148.6336,0.0233204253488229
4103,6111.96576,2,70541168.6656,0.0350103468764726
4104,6111.98576,1,70541188.6464,0.0232364210051837
4105,6112.00576,2,70541208.7808,0.0349919068986006
4106,6112.02576,1,70541228.6848,0.0233204253488229
4107,6112.04576,2,70541248.6656,0.0350031757739669
4108,6112.06576,1,70541268.672,0.0232630565287766
4109,6112.08576,2,70541288.8064,0.0349468313971357
4110,6112.10576,1,70541308.8896,0.0232855942795091
4111,6112.12576,2,70541328.6912,0.0348269715409675
4112,6112.14576,1,70541348.6848,0.0232733009609277
4113,6112.16576,2,70541368.6656,0.0348290204273977
4114,6112.18576,1,70541388.6976,0.0232784231770033
4115,6112.20576,2,70541408.9216,0.0349437580674903
4116,6112.22576,1,70541428.6976,0.0233511586452763
4117,6112.24576,2,70541448.704,0.0349847357960948
4118,6112.26576,1,70541468.6592,0.0232702276312824
4119,6112.28576,2,70541488.6912,0.0348454115188395
4120,6112.30576,1,70541508.864,0.0232958387116602
4121,6112.32576,2,70541528.8576,0.034867949269572
4122,6112.34576,1,70541548.6976,0.0233091564734567
4123,6112.36576,2,70541568.704,0.0347839449259328
4124,6112.38576,1,70541588.6976,0.0233736963960088
4125,6112.40576,2,70541608.96,0.0349396602946299
4126,6112.42576,1,70541628.736,0.0234167230110435
4127,6112.44576,2,70541648.7168,0.034904829225316
4128,6112.46576,1,70541668.8512,0.0233859897145901
4129,6112.48576,2,70541688.6784,0.0348382404163337
4130,6112.50576,1,70541708.7104,0.0233747208392239
4131,6112.52576,2,70541728.768,0.034904829225316
4132,6112.54576,1,70541748.6848,0.0233275964513287
4133,6112.56576,2,70541768.7168,0.0348341426434733
4134,6112.58576,1,70541788.7232,0.0233521830884914
4135,6112.60576,2,70541808.7296,0.0348833159177987
4136,6112.62576,1,70541828.8512,0.0233695986231483
4137,6112.64576,2,70541848.8064,0.0347327227651771
4138,6112.66576,1,70541868.7232,0.0233593541909972
4139,6112.68576,2,70541888.7424,0.0347808715962874
4140,6112.70576,1,70541909.1072,0.0232907164955847
4141,6112.72576,2,70541928.7808,0.0347296494355318
4142,6112.74576,1,70541948.7232,0.023394185260311
4143,6112.76576,2,70541968.768,0.0347777982666421
4144,6112.78576,1,70541988.7488,0.0234228696703342
4145,6112.80576,2,70542009.1008,0.0347655049480607
4146,6112.82576,1,70542028.8384,0.023439260761776
4147,6112.84576,2,70542048.7552,0.0347900915852234
4148,6112.86576,1,70542068.736,0.0234136496813982
4149,6112.88576,2,70542088.768,0.0347532116294794
4150,6112.90576,1,70542108.7488,0.0233931608170959
4151,6112.92576,2,70542128.832,0.0348126293359559
4152,6112.94576,1,70542148.7744,0.02343004077284
4153,6112.96576,2,70542168.7552,0.0348843403610138
4154,6112.98576,1,70542188.7488,0.0234269674431946
4155,6113.00576,2,70542208.7936,0.0349652713750077
4156,6113.02576,1,70542228.7616,0.0234884340361014
4157,6113.04576,2,70542248.7808,0.0350820579015305
4158,6113.06576,1,70542268.7744,0.0234935562521769
4159,6113.08576,2,70542288.7808,0.0350728379125945
4160,6113.10576,1,70542308.8,0.023384965271375
4161,6113.12576,2,70542328.7808,0.035004200217182
4162,6113.14576,1,70542348.7616,0.0234802384903805
4163,6113.16576,2,70542368.7808,0.0350994734361874
4164,6113.18576,1,70542388.8128,0.0234781896039503
4165,6113.20576,2,70542408.7808,0.0350093224332575
4166,6113.22576,1,70542428.9152,0.0234915073657467
4167,6113.24576,2,70542448.8192,0.0350943512201119
4168,6113.26576,1,70542468.8,0.0234986784682525
4169,6113.28576,2,70542488.9984,0.0350390312864958
4170,6113.30576,1,70542508.8512,0.0234894584793165
4171,6113.32576,2,70542528.8192,0.035277726555617
4172,6113.34576,1,70542548.8512,0.0234966295818223
4173,6113.36576,2,70542568.7936,0.0352326510541521
4174,6113.38576,1,70542588.8512,0.02347614071752
4175,6113.40576,2,70542608.8192,0.0352838732149077
4176,6113.42576,1,70542628.8256,0.023521216218985
4177,6113.44576,2,70542648.8832,0.0352490421455939
4178,6113.46576,1,70542668.8256,0.0234822873768107
4179,6113.48576,2,70542688.896,0.0352551888048845
4180,6113.50576,1,70542708.9152,0.0234648718421538
4181,6113.52576,2,70542728.8448,0.0351804044501813
4182,6113.54576,1,70542748.8256,0.0235335095375663
4183,6113.56576,2,70542768.8704,0.0352131866330649
4184,6113.58576,1,70542788.864,0.0234863851496712
4185,6113.60576,2,70542808.8448,0.0352480177023788
4186,6113.62576,1,70542828.864,0.0235181428893396
4187,6113.64576,2,70542848.9216,0.0352562132480997
4188,6113.66576,1,70542868.8896,0.0235242895486303
4189,6113.68576,2,70542888.8448,0.0352992398631344
4190,6113.70576,1,70542908.864,0.0234812629335956
4191,6113.72576,2,70542928.8448,0.0353012887495646
4192,6113.74576,1,70542948.8768,0.023530436207921
4193,6113.76576,2,70542968.8192,0.0351926977687627
4194,6113.78576,1,70542988.864,0.0234658962853689
4195,6113.80576,2,70543008.8576,0.0351343045055013
4196,6113.82576,1,70543028.8256,0.02343004077284
4197,6113.84576,2,70543048.8704,0.0351168889708443
4198,6113.86576,1,70543068.864,0.0233624275206425
4199,6113.88576,2,70543088.8704,0.0351578666994488
4200,6113.90576,1,70543108.8896,0.0233296453377589
4201,6113.92576,2,70543128.8704,0.0353084598520704
4202,6113.94576,1,70543148.8768,0.0233101809166718
4203,6113.96576,2,70543168.8704,0.0353207531706517
4204,6113.98576,1,70543188.8512,0.0233788186120843
4205,6114.00576,2,70543208.8832,0.0352941176470588
4206,6114.02576,1,70543228.9664,0.0233675497367181
4207,6114.04576,2,70543248.9088,0.0353566086831807
4208,6114.06576,1,70543268.9024,0.0233542319749216
4209,6114.08576,2,70543288.896,0.0354303685946688
4210,6114.10576,1,70543308.928,0.0233327186674043
4211,6114.12576,2,70543328.9088,0.0354703218800582
4212,6114.14576,1,70543348.9664,0.0233593541909972
4213,6114.16576,2,70543368.8832,0.0356301350216158
4214,6114.18576,1,70543388.9152,0.0233255475648985
4215,6114.20576,2,70543408.896,0.0354744196529186
4216,6114.22576,1,70543428.9792,0.0233368164402647
4217,6114.24576,2,70543448.9088,0.0355061773925871
4218,6114.26576,1,70543468.9024,0.0233429630995554
4219,6114.28576,2,70543488.9472,0.0355082262790173
4220,6114.30576,1,70543508.9536,0.0232866187227242
4221,6114.32576,2,70543528.9216,0.0354744196529186
4222,6114.34576,1,70543548.928,0.0232907164955847
4223,6114.36576,2,70543568.9344,0.0353463642510296
4224,6114.38576,1,70543588.9152,0.0233982830331715
4225,6114.40576,2,70543608.9856,0.0353637797856865
4226,6114.42576,1,70543628.9408,0.0233982830331715
4227,6114.44576,2,70543648.9344,0.0354754440961337
4228,6114.46576,1,70543669.0432,0.0233183764623927
4229,6114.48576,2,70543688.9472,0.035559448439773
4230,6114.50576,1,70543708.9664,0.0233501342020612
4231,6114.52576,2,70543728.9344,0.0356772594095109
4232,6114.54576,1,70543748.9152,0.0233429630995554
4233,6114.56576,2,70543768.96,0.035678283852726
4234,6114.58576,1,70543788.9408,0.0233378408834798
4235,6114.60576,2,70543808.9728,0.0358524391992952
4236,6114.62576,1,70543828.9536,0.023284569836294
4237,6114.64576,2,70543848.96,0.0358462925400045
4238,6114.66576,1,70543868.9152,0.023321449792038
4239,6114.68576,2,70543888.96,0.0357745815149466
4240,6114.70576,1,70543908.928,0.0233675497367181
4241,6114.72576,2,70543929.0112,0.035732579343127
4242,6114.74576,1,70543948.9664,0.0233880386010203
4243,6114.76576,2,70543968.96,0.0356260372487553
4244,6114.78576,1,70543989.0176,0.023439260761776
4245,6114.80576,2,70544008.9344,0.0357090171491794
4246,6114.82576,1,70544029.0176,0.0233818919417297
4247,6114.84576,2,70544048.96,0.0355072018358022
4248,6114.86576,1,70544069.0176,0.0233859897145901
4249,6114.88576,2,70544088.96,0.0355471551211916
4250,6114.90576,1,70544109.0304,0.0233798430552994
4251,6114.92576,2,70544128.9856,0.0355533017804823
4252,6114.94576,1,70544148.9664,0.0234156985678284
4253,6114.96576,2,70544168.9856,0.0355645706558485
4254,6114.98576,1,70544189.0304,0.023384965271375
4255,6115.00576,2,70544209.0112,0.0356700883070051
4256,6115.02576,1,70544229.056,0.0235201917757699
4257,6115.04576,2,70544249.1136,0.0357438482184932
4258,6115.06576,1,70544269.0432,0.0234075030221075
4259,6115.08576,2,70544288.9856,0.0356014506115926
4260,6115.10576,1,70544309.0304,0.0234351629889155
4261,6115.12576,2,70544329.0496,0.0357079927059643
4262,6115.14576,1,70544349.0176,0.0234013563628168
4263,6115.16576,2,70544369.0368,0.0357336037863421
4264,6115.18576,1,70544389.0304,0.0234167230110435
4265,6115.20576,2,70544408.9984,0.0356823816255865
4266,6115.22576,1,70544429.0304,0.023412625238183
4267,6115.24576,2,70544449.0112,0.0355727662015694
4268,6115.26576,1,70544469.0816,0.0233859897145901
4269,6115.28576,2,70544489.0112,0.0353801708771283
4270,6115.30576,1,70544509.0176,0.0233706230663634
4271,6115.32576,2,70544529.024,0.0353627553424714
4272,6115.34576,1,70544549.0176,0.0234075030221075
4273,6115.36576,2,70544569.024,0.035250066588809
4274,6115.38576,1,70544589.056,0.0234361874321306
4275,6115.40576,2,70544609.024,0.035123035630135
4276,6115.42576,1,70544629.0432,0.0234720429446596
4277,6115.44576,2,70544649.0368,0.0350984489929723
4278,6115.46576,1,70544669.0944,0.023457700739648
4279,6115.48576,2,70544689.024,0.0350943512201119
4280,6115.50576,1,70544709.0304,0.023466920728584
4281,6115.52576,2,70544729.088,0.0349027803388858
4282,6115.54576,1,70544749.056,0.0234208207839039
4283,6115.56576,2,70544769.0752,0.0349560513860717
4284,6115.58576,1,70544789.0432,0.0234433585346364
4285,6115.60576,2,70544809.0368,0.0349181469871125
4286,6115.62576,1,70544829.1072,0.0233255475648985
4287,6115.64576,2,70544849.0624,0.034959124715717
4288,6115.66576,1,70544869.1456,0.023321449792038
4289,6115.68576,2,70544889.0496,0.0350543979347225
4290,6115.70576,1,70544909.056,0.0233818919417297
4291,6115.72576,2,70544929.1136,0.0351086934251234
4292,6115.74576,1,70544949.0688,0.0233450119859856
4293,6115.76576,2,70544969.1776,0.035158891142664
4294,6115.78576,1,70544989.1328,0.0233767697256541
4295,6115.80576,2,70545009.0624,0.0352439199295183
4296,6115.82576,1,70545029.1072,0.023366525293503
4297,6115.84576,2,70545049.1008,0.0353197287274366
4298,6115.86576,1,70545069.0944,0.0233798430552994
4299,6115.88576,2,70545089.0752,0.0354436863564653
4300,6115.90576,1,70545109.0816,0.023403405249247
4301,6115.92576,2,70545129.1136,0.0351681111316
4302,6115.94576,1,70545149.0944,0.0232886676091544
4303,6115.96576,2,70545169.1136,0.0350554223779376
4304,6115.98576,1,70545189.0816,0.0232814965066486
4305,6116.00576,2,70545209.1008,0.0348853648042289
4306,6116.02576,1,70545229.1584,0.0233644764070728
4307,6116.04576,2,70545249.1136,0.0347808715962874
4308,6116.06576,1,70545269.1328,0.0233091564734567
4309,6116.08576,2,70545289.1136,0.034776773823427
4310,6116.10576,1,70545309.1072,0.0232569098694859
4311,6116.12576,2,70545329.1648,0.034668182842625
4312,6116.14576,1,70545349.1072,0.0233378408834798
4313,6116.16576,2,70545369.152,0.0347347716516073
4314,6116.18576,1,70545389.1456,0.0233153031327474
4315,6116.20576,2,70545409.1008,0.0346937939230028
4316,6116.22576,1,70545429.1584,0.0233296453377589
4317,6116.24576,2,70545449.152,0.0346917450365726
4318,6116.26576,1,70545469.1968,0.0233316942241892
4319,6116.28576,2,70545489.1264,0.0345595918618231
4320,6116.30576,1,70545509.1584,0.0233777941688692
4321,6116.32576,2,70545529.2032,0.0346630606265495
4322,6116.34576,1,70545549.1456,0.0234095519085377
4323,6116.36576,2,70545569.1392,0.0348618026102813
4324,6116.38576,1,70545589.1456,0.0233234986784682
4325,6116.40576,2,70545609.152,0.0351824533366116
4326,6116.42576,1,70545629.1456,0.0233265720081136
4327,6116.44576,2,70545649.1904,0.0351373778351466
4328,6116.46576,1,70545669.1712,0.0232620320855615
4329,6116.48576,2,70545689.1648,0.0351640133587395
4330,6116.50576,1,70545709.1712,0.0233009609277358
4331,6116.52576,2,70545729.1648,0.0350779601286701
4332,6116.54576,1,70545749.2352,0.0233409142131252
4333,6116.56576,2,70545769.1904,0.0349960046714611
4334,6116.58576,1,70545789.1968,0.0232507632101953
4335,6116.60576,2,70545809.216,0.0349140492142521
4336,6116.62576,1,70545829.2224,0.0233091564734567
4337,6116.64576,2,70545849.6384,0.0349816624664495
4338,6116.66576,1,70545869.184,0.0233542319749216
4339,6116.68576,2,70545889.1776,0.0349007314524556
4340,6116.70576,1,70545909.184,0.0232784231770033
4341,6116.72576,2,70545929.1904,0.0347696027209212
4342,6116.74576,1,70545949.2608,0.0233388653266949
4343,6116.76576,2,70545969.1776,0.034785993812363
4344,6116.78576,1,70545989.1968,0.0233019853709509
4345,6116.80576,2,70546009.2544,0.0347644805048456
4346,6116.82576,1,70546029.184,0.0232917409387998
4347,6116.84576,2,70546049.3568,0.0346579384104739
4348,6116.86576,1,70546069.1968,0.023321449792038
4349,6116.88576,2,70546089.2288,0.0345483229864569
4350,6116.90576,1,70546109.3504,0.0233675497367181
4351,6116.92576,2,70546129.2032,0.0345739340668347
4352,6116.94576,1,70546149.2224,0.0233060831438113
4353,6116.96576,2,70546169.3184,0.0345370541110906
4354,6116.98576,1,70546189.2864,0.0232681787448522
4355,6117.00576,2,70546209.2288,0.0345370541110906
4356,6117.02576,1,70546229.3376,0.0233286208945438
4357,6117.04576,2,70546249.536,0.0344848075071199
4358,6117.06576,1,70546269.312,0.0233194009056078
4359,6117.08576,2,70546289.2544,0.0344735386317536
4360,6117.10576,1,70546309.2224,0.0232835453930789
4361,6117.12576,2,70546329.2672,0.0344755875181839
4362,6117.14576,1,70546349.2736,0.023303009814166
4363,6117.16576,2,70546369.2928,0.0343926076177597
4364,6117.18576,1,70546389.2352,0.0232476898805499
4365,6117.20576,2,70546409.2416,0.0343249943655623
4366,6117.22576,1,70546429.2992,0.0232702276312824
4367,6117.24576,2,70546449.2928,0.0343301165816379
4368,6117.26576,1,70546469.2864,0.0233931608170959
4369,6117.28576,2,70546489.2672,0.034267625545516
4370,6117.30576,1,70546509.248,0.0233829163849448
4371,6117.32576,2,70546529.344,0.0341907923043826
4372,6117.34576,1,70546549.312,0.0233183764623927
4373,6117.36576,2,70546569.344,0.0342891388530334
4374,6117.38576,1,70546589.2864,0.0232927653820149
4375,6117.40576,2,70546609.2672,0.0342655766590858
4376,6117.42576,1,70546629.312,0.02329378982523
4377,6117.44576,2,70546649.3312,0.0342706988751613
4378,6117.46576,1,70546669.44,0.0232814965066486
4379,6117.48576,2,70546689.3312,0.0342512344540742
4380,6117.50576,1,70546709.3248,0.0233921363738808
4381,6117.52576,2,70546729.28,0.0343075788309054
4382,6117.54576,1,70546749.4528,0.0233552564181367
4383,6117.56576,2,70546769.3056,0.0344694408588932
4384,6117.58576,1,70546789.2992,0.0232917409387998
4385,6117.60576,2,70546809.3696,0.0345729096236196
4386,6117.62576,1,70546829.2864,0.0232948142684451
4387,6117.64576,2,70546849.6384,0.0345647140778987
4388,6117.66576,1,70546869.312,0.023303009814166
4389,6117.68576,2,70546889.3312,0.0349376114081996
4390,6117.70576,1,70546909.376,0.0232814965066486
4391,6117.72576,2,70546929.3184,0.0351240600733501
4392,6117.74576,1,70546949.3504,0.0233101809166718
4393,6117.76576,2,70546969.344,0.0350584957075829
4394,6117.78576,1,70546989.3632,0.0232927653820149
4395,6117.80576,2,70547009.3184,0.0350718134693794
4396,6117.82576,1,70547029.3248,0.0232722765177126
4397,6117.84576,2,70547049.5488,0.0348966336795951
4398,6117.86576,1,70547069.3376,0.0233388653266949
4399,6117.88576,2,70547089.344,0.0347214538898109
4400,6117.90576,1,70547109.3632,0.0232835453930789
4401,6117.92576,2,70547129.3312,0.0347327227651771
4402,6117.94576,1,70547149.4784,0.0233675497367181
4403,6117.96576,2,70547169.3824,0.0347450160837585
4404,6117.98576,1,70547189.3504,0.0233081320302416
4405,6118.00576,2,70547209.3696,0.03471325834409
4406,6118.02576,1,70547229.3888,0.0233777941688692
4407,6118.04576,2,70547249.5616,0.0349150736574672
4408,6118.06576,1,70547269.3888,0.0233357919970496
4409,6118.08576,2,70547289.4976,0.0350574712643678
4410,6118.10576,1,70547309.4272,0.0233327186674043
4411,6118.12576,2,70547329.4336,0.0349273669760485
4412,6118.14576,1,70547349.4016,0.023321449792038
4413,6118.16576,2,70547369.4208,0.0348505337349151
4414,6118.18576,1,70547389.376,0.0233112053598869
4415,6118.20576,2,70547409.408,0.0348361915299035
4416,6118.22576,1,70547429.4784,0.0232835453930789
4417,6118.24576,2,70547449.472,0.0347347716516073
4418,6118.26576,1,70547469.6448,0.0232446165509046
4419,6118.28576,2,70547489.4336,0.0345759829532649
4420,6118.30576,1,70547509.4016,0.0232538365398406
4421,6118.32576,2,70547529.472,0.0344540742106665
4422,6118.34576,1,70547549.44,0.0232917409387998
4423,6118.36576,2,70547569.4464,0.0343905587313295
4424,6118.38576,1,70547589.504,0.0233624275206425
4425,6118.40576,2,70547609.4336,0.0343823631856086
4426,6118.42576,1,70547629.4272,0.0233347675538345
4427,6118.44576,2,70547649.6128,0.0343055299444752
4428,6118.46576,1,70547669.4656,0.0233050587005962
4429,6118.48576,2,70547689.4848,0.034331141024853
4430,6118.50576,1,70547709.4912,0.0233777941688692
4431,6118.52576,2,70547729.6896,0.0342983588419694
4432,6118.54576,1,70547749.5808,0.0233890630442355
4433,6118.56576,2,70547769.4464,0.0344643186428176
4434,6118.58576,1,70547789.5552,0.0233265720081136
4435,6118.60576,2,70547809.4336,0.0345032474849919
4436,6118.62576,1,70547829.5168,0.0232733009609277
4437,6118.64576,2,70547849.5488,0.0345165652467884
4438,6118.66576,1,70547869.4528,0.0233470608724158
4439,6118.68576,2,70547889.6128,0.034458171983527
4440,6118.70576,1,70547909.4144,0.0233439875427705
4441,6118.72576,2,70547929.8304,0.0344817341774745
4442,6118.74576,1,70547949.5168,0.0232692031880673
4443,6118.76576,2,70547969.5616,0.0345093941442826
4444,6118.78576,1,70547989.6192,0.0232630565287766
4445,6118.80576,2,70548009.4592,0.0345657385211138
4446,6118.82576,1,70548029.5168,0.0233019853709509
4447,6118.84576,2,70548049.472,0.0347153072305202
4448,6118.86576,1,70548069.5296,0.0232425676644744
4449,6118.88576,2,70548089.5232,0.0346804761612064
4450,6118.90576,1,70548109.632,0.0233142786895322
4451,6118.92576,2,70548129.536,0.0346077406929334
4452,6118.94576,1,70548149.632,0.0232989120413055
4453,6118.96576,2,70548169.6,0.0345370541110906
4454,6118.98576,1,70548189.7216,0.0232958387116602
4455,6119.00576,2,70548209.472,0.0344305120167189
4456,6119.02576,1,70548229.4912,0.0233337431106194
4457,6119.04576,2,70548249.6128,0.0343741676398877
4458,6119.06576,1,70548269.568,0.0232763742905731
4459,6119.08576,2,70548289.536,0.0344725141885385
4460,6119.10576,1,70548309.568,0.0233511586452763
4461,6119.12576,2,70548329.5488,0.0345432007703813
4462,6119.14576,1,70548349.5424,0.0233419386563403
4463,6119.16576,2,70548369.5744,0.0344510008810212
4464,6119.18576,1,70548389.5168,0.0232968631548753
4465,6119.20576,2,70548409.6768,0.0345309074517999
4466,6119.22576,1,70548429.44,0.0234085274653226
4467,6119.24576,2,70548449.4976,0.0345616407482533
4468,6119.26576,1,70548469.5424,0.0234699940582294
4469,6119.28576,2,70548489.7024,0.0346886717069273
4470,6119.30576,1,70548509.5552,0.0233777941688692
4471,6119.32576,2,70548529.6256,0.0347655049480607
4472,6119.34576,1,70548549.5168,0.0233716475095785
4473,6119.36576,2,70548569.5488,0.0349437580674903
4474,6119.38576,1,70548589.5168,0.0233859897145901
4475,6119.40576,2,70548609.536,0.0350830823447456
4476,6119.42576,1,70548629.5552,0.0233716475095785
4477,6119.44576,2,70548649.6128,0.0349601491589321
4478,6119.46576,1,70548669.5552,0.0233706230663634
4479,6119.48576,2,70548689.6,0.0348751203720778
4480,6119.50576,1,70548709.6064,0.0233501342020612
4481,6119.52576,2,70548729.5232,0.0348259470977524
4482,6119.54576,1,70548749.568,0.0233962341467412
4483,6119.56576,2,70548769.7152,0.0348095560063106
4484,6119.58576,1,70548789.568,0.0233409142131252
4485,6119.60576,2,70548809.92,0.0348064826766652
4486,6119.62576,1,70548829.5296,0.0233296453377589
4487,6119.64576,2,70548849.5488,0.0347880426987932
4488,6119.66576,1,70548869.6704,0.0233040342573811
4489,6119.68576,2,70548889.6896,0.0346640850697646
4490,6119.70576,1,70548909.696,0.023330669780974
4491,6119.72576,2,70548929.6384,0.0346784272747762
4492,6119.74576,1,70548949.6704,0.0233460364292007
4493,6119.76576,2,70548969.5872,0.0346077406929334
4494,6119.78576,1,70548989.6448,0.0233829163849448
4495,6119.80576,2,70549009.6512,0.0345421763271662
4496,6119.82576,1,70549029.696,0.0233255475648985
4497,6119.84576,2,70549049.5744,0.0344684164156781
4498,6119.86576,1,70549069.6192,0.023403405249247
4499,6119.88576,2,70549089.6768,0.034549347429672
4500,6119.90576,1,70549109.6576,0.0233921363738808
4501,6119.92576,2,70549129.6512,0.0347255516626713
4502,6119.94576,1,70549149.6192,0.023439260761776
4503,6119.96576,2,70549169.664,0.0347624316184154
4504,6119.98576,1,70549189.7088,0.0233777941688692
4505,6120.00576,2,70549209.6256,0.0347839449259328
4506,6120.02576,1,70549229.7216,0.0234156985678284
4507,6120.04576,2,70549249.6256,0.0347357960948225
4508,6120.06576,1,70549269.7856,0.023412625238183
4509,6120.08576,2,70549289.6256,0.034558567418608
4510,6120.10576,1,70549309.7984,0.0233347675538345
4511,6120.12576,2,70549329.856,0.034595447374352
4512,6120.14576,1,70549349.7728,0.0233327186674043
4513,6120.16576,2,70549369.6896,0.0347101850144447
4514,6120.18576,1,70549389.8112,0.0233357919970496
4515,6120.20576,2,70549409.7152,0.0346722806154855
4516,6120.22576,1,70549429.7088,0.0232958387116602
4517,6120.24576,2,70549449.792,0.0345380785543057
4518,6120.26576,1,70549469.6192,0.0233296453377589
4519,6120.28576,2,70549489.6896,0.0344233409142131
4520,6120.30576,1,70549509.7216,0.0234146741246133
4521,6120.32576,2,70549530.1504,0.034431536459934
4522,6120.34576,1,70549549.7472,0.0233603786342123
4523,6120.36576,2,70549569.6384,0.0344397320056549
4524,6120.38576,1,70549589.7088,0.023375745282439
4525,6120.40576,2,70549609.8176,0.0344397320056549
4526,6120.42576,1,70549629.7088,0.0234238941135493
4527,6120.44576,2,70549649.664,0.034449976437806
4528,6120.46576,1,70549669.7216,0.0234095519085377
4529,6120.48576,2,70549689.7408,0.0345104185874977
4530,6120.50576,1,70549709.7984,0.0234966295818223
4531,6120.52576,2,70549729.7408,0.034640522875817
4532,6120.54576,1,70549749.7984,0.0233675497367181
4533,6120.56576,2,70549769.7536,0.0346005695904276
4534,6120.58576,1,70549789.8496,0.023466920728584
4535,6120.60576,2,70549809.8688,0.0347122339008749
4536,6120.62576,1,70549829.8496,0.0234658962853689
4537,6120.64576,2,70549849.664,0.0345974962607823
4538,6120.66576,1,70549869.76,0.0235058495707583
4539,6120.68576,2,70549889.7536,0.0346753539451308
4540,6120.70576,1,70549909.7088,0.0234966295818223
4541,6120.72576,2,70549929.8048,0.0347829204827176
4542,6120.74576,1,70549949.6576,0.0235294117647059
4543,6120.76576,2,70549969.7152,0.0347777982666421
4544,6120.78576,1,70549989.7472,0.0234638473989387
4545,6120.80576,2,70550009.856,0.0350031757739669
4546,6120.82576,1,70550029.8112,0.0234372118753458
4547,6120.84576,2,70550049.8176,0.0349939557850308
4548,6120.86576,1,70550069.76,0.0234146741246133
4549,6120.88576,2,70550089.7024,0.034994980228246
4550,6120.90576,1,70550109.696,0.0234054541356773
4551,6120.92576,2,70550129.7536,0.0349980535578913
4552,6120.94576,1,70550149.7856,0.0234351629889155
4553,6120.96576,2,70550169.7664,0.0351302067326408
4554,6120.98576,1,70550189.6704,0.0235222406622001
4555,6121.00576,2,70550209.7664,0.0351312311758559
4556,6121.02576,1,70550229.7344,0.0234956051386072
4557,6121.04576,2,70550249.6768,0.0350390312864958
4558,6121.06576,1,70550269.7856,0.02347614071752
4559,6121.08576,2,70550289.7792,0.0351199623004897
4560,6121.10576,1,70550309.7088,0.0235078984571885
4561,6121.12576,2,70550329.7536,0.0350759112422398
4562,6121.14576,1,70550349.7088,0.0235478517425779
4563,6121.16576,2,70550369.7792,0.0348146782223861
4564,6121.18576,1,70550389.696,0.0234802384903805
4565,6121.20576,2,70550409.8048,0.0348689737127871
4566,6121.22576,1,70550429.76,0.023394185260311
4567,6121.24576,2,70550449.728,0.0347593582887701
4568,6121.26576,1,70550469.8752,0.0233429630995554
4569,6121.28576,2,70550489.7536,0.0348177515520315
4570,6121.30576,1,70550509.7472,0.023348085315631
4571,6121.32576,2,70550529.9072,0.0349304403056939
4572,6121.34576,1,70550549.7856,0.0233132542463171
4573,6121.36576,2,70550569.8304,0.0348597537238511
4574,6121.38576,1,70550589.8496,0.023384965271375
4575,6121.40576,2,70550609.7408,0.034922244759973
4576,6121.42576,1,70550629.7216,0.0233911119306657
4577,6121.44576,2,70550649.728,0.0349324891921241
4578,6121.46576,1,70550669.7344,0.0233716475095785
4579,6121.48576,2,70550689.7152,0.0349017558956707
4580,6121.50576,1,70550709.7728,0.0233655008502879
4581,6121.52576,2,70550729.8944,0.0349806380232344
4582,6121.54576,1,70550749.7856,0.0234156985678284
4583,6121.56576,2,70550769.7664,0.0349099514413916
4584,6121.58576,1,70550789.7344,0.023357305304567
4585,6121.60576,2,70550809.8816,0.0350103468764726
4586,6121.62576,1,70550829.7856,0.023357305304567
4587,6121.64576,2,70550849.7792,0.0349960046714611
4588,6121.66576,1,70550869.8624,0.0232907164955847
4589,6121.68576,2,70550889.7536,0.0352510910320241
4590,6121.70576,1,70550909.8496,0.0233655008502879
4591,6121.72576,2,70550929.8432,0.0352387977134427
4592,6121.74576,1,70550949.8112,0.0232773987337882
4593,6121.76576,2,70550969.8048,0.0352900198741984
4594,6121.78576,1,70550989.7728,0.023330669780974
4595,6121.80576,2,70551009.7664,0.0350974245497572
4596,6121.82576,1,70551029.8368,0.0233808674985146
4597,6121.84576,2,70551049.7792,0.0351261089597804
4598,6121.86576,1,70551069.8496,0.023366525293503
4599,6121.88576,2,70551089.7664,0.0349806380232344
4600,6121.90576,1,70551109.7728,0.0233183764623927
4601,6121.92576,2,70551130.0224,0.0351609400290942
4602,6121.94576,1,70551149.7984,0.0233818919417297
4603,6121.96576,2,70551169.8432,0.0350011268875366
4604,6121.98576,1,70551189.8112,0.0234177474542586
4605,6122.00576,2,70551209.9584,0.0349826869096646
4606,6122.02576,1,70551229.7984,0.0233706230663634
4607,6122.04576,2,70551249.8304,0.0349376114081996
4608,6122.06576,1,70551269.9776,0.0234536029667875
4609,6122.08576,2,70551289.8176,0.0348720470424324
4610,6122.10576,1,70551309.888,0.0234402852049911
4611,6122.12576,2,70551329.8816,0.0349160981006823
4612,6122.14576,1,70551349.7984,0.0233777941688692
4613,6122.16576,2,70551370.3296,0.0350994734361874
4614,6122.18576,1,70551389.8496,0.0233521830884914
4615,6122.20576,2,70551409.8816,0.0353494375806749
4616,6122.22576,1,70551429.9392,0.0233562808613519
4617,6122.24576,2,70551449.8688,0.035459053004692
4618,6122.26576,1,70551469.9392,0.0233132542463171
4619,6122.28576,2,70551489.92,0.0353770975474829
4620,6122.30576,1,70551509.8624,0.023357305304567
4621,6122.32576,2,70551529.8688,0.0353012887495646
4622,6122.34576,1,70551549.9904,0.0233767697256541
4623,6122.36576,2,70551569.8688,0.03521421107628
4624,6122.38576,1,70551589.8624,0.0234310652160551
4625,6122.40576,2,70551609.8944,0.035277726555617
4626,6122.42576,1,70551629.8368,0.0233962341467412
4627,6122.44576,2,70551649.9328,0.035204991087344
4628,6122.46576,1,70551669.9136,0.0234228696703342
4629,6122.48576,2,70551689.8944,0.0351158645276292
4630,6122.50576,1,70551709.9136,0.0234597496260782
4631,6122.52576,2,70551729.9072,0.0350605445940132
4632,6122.54576,1,70551749.9392,0.0234433585346364
4633,6122.56576,2,70551769.9072,0.0350707890261643
4634,6122.58576,1,70551789.888,0.0234464318642818
4635,6122.60576,2,70551809.9456,0.0349632224885775
4636,6122.62576,1,70551829.9136,0.0234290163296248
4637,6122.64576,2,70551849.9328,0.0350964001065421
4638,6122.66576,1,70551869.952,0.0234279918864097
4639,6122.68576,2,70551889.9712,0.0351937222119778
4640,6122.70576,1,70551909.9392,0.0234075030221075
4641,6122.72576,2,70551930.112,0.0350697645829492
4642,6122.74576,1,70551950.016,0.0233347675538345
4643,6122.76576,2,70551969.9456,0.0349038047821009
4644,6122.78576,1,70551989.9392,0.023303009814166
4645,6122.80576,2,70552009.9584,0.0347993115741594
4646,6122.82576,1,70552029.888,0.0232958387116602
4647,6122.84576,2,70552049.984,0.034785993812363
4648,6122.86576,1,70552069.9648,0.0233419386563403
4649,6122.88576,2,70552089.92,0.0346651095129797
4650,6122.90576,1,70552109.9776,0.0233972585899564
4651,6122.92576,2,70552129.92,0.0347050627983691
4652,6122.94576,1,70552149.9776,0.0233491097588461
4653,6122.96576,2,70552169.9584,0.0347173561169504
4654,6122.98576,1,70552189.9904,0.0233050587005962
4655,6123.00576,2,70552210.0096,0.0348310693138279
4656,6123.02576,1,70552229.952,0.0233050587005962
4657,6123.04576,2,70552249.984,0.0347347716516073
4658,6123.06576,1,70552269.9904,0.0233204253488229
4659,6123.08576,2,70552289.9328,0.0348740959288627
4660,6123.10576,1,70552310.0544,0.0233839408281599
4661,6123.12576,2,70552330.0352,0.0347931649148688
4662,6123.14576,1,70552350.0288,0.0233634519638576
4663,6123.16576,2,70552370.0224,0.0348495092917
4664,6123.18576,1,70552390.016,0.0234023808060319
4665,6123.20576,2,70552409.9968,0.0348177515520315
4666,6123.22576,1,70552430.0416,0.0233419386563403
4667,6123.24576,2,70552450.0352,0.0348372159731186
4668,6123.26576,1,70552469.9648,0.0233542319749216
4669,6123.28576,2,70552490.0224,0.0348126293359559
4670,6123.30576,1,70552510.0416,0.0234023808060319
4671,6123.32576,2,70552530.0608,0.0348177515520315
4672,6123.34576,1,70552550.016,0.0233788186120843
4673,6123.36576,2,70552570.0224,0.0348075071198803
4674,6123.38576,1,70552590.016,0.0233132542463171
4675,6123.40576,2,70552610.048,0.0347890671420083
4676,6123.42576,1,70552629.9904,0.0233685741799332
4677,6123.44576,2,70552650.0864,0.0348300448706128
4678,6123.46576,1,70552670.1056,0.0233921363738808
4679,6123.48576,2,70552690.0352,0.0347757493802119
4680,6123.50576,1,70552710.0928,0.0234156985678284
4681,6123.52576,2,70552730.048,0.0348474604052697
4682,6123.54576,1,70552750.0672,0.0233562808613519
4683,6123.56576,2,70552770.0608,0.0348751203720778
4684,6123.58576,1,70552790.0416,0.0234382363185609
4685,6123.60576,2,70552810.1632,0.0347972626877292
4686,6123.62576,1,70552830.1056,0.02343004077284
4687,6123.64576,2,70552850.1376,0.0348638514967115
4688,6123.66576,1,70552870.0672,0.0234413096482062
4689,6123.68576,2,70552890.112,0.0349355625217694
4690,6123.70576,1,70552910.0672,0.023403405249247
4691,6123.72576,2,70552930.0352,0.0348904870203045
4692,6123.74576,1,70552950.1184,0.0234945806953921
4693,6123.76576,2,70552970.0352,0.0349744913639437
4694,6123.78576,1,70552990.0672,0.0234607740692933
4695,6123.80576,2,70553010.0608,0.0348966336795951
4696,6123.82576,1,70553030.0288,0.0234361874321306
4697,6123.84576,2,70553050.1376,0.0349089269981765
4698,6123.86576,1,70553070.1184,0.0234177474542586
4699,6123.88576,2,70553090.0608,0.0349929313418157
4700,6123.90576,1,70553110.0928,0.02343004077284
4701,6123.92576,2,70553130.048,0.0350718134693794
4702,6123.94576,1,70553150.1824,0.0233890630442355
4703,6123.96576,2,70553170.0864,0.0351281578462106
4704,6123.98576,1,70553190.1824,0.0234546274100027
4705,6124.00576,2,70553210.0736,0.0352633843506054
4706,6124.02576,1,70553230.1824,0.0233921363738808
4707,6124.04576,2,70553250.0736,0.0354867129715
4708,6124.06576,1,70553270.0928,0.0234884340361014
4709,6124.08576,2,70553290.112,0.0354867129715
4710,6124.10576,1,70553310.0928,0.0234249185567644
4711,6124.12576,2,70553330.0736,0.0355748150879997
4712,6124.14576,1,70553350.1568,0.0233952097035261
4713,6124.16576,2,70553370.0992,0.035596328395517
4714,6124.18576,1,70553390.0672,0.0235181428893396
4715,6124.20576,2,70553410.0992,0.0357192615813305
4716,6124.22576,1,70553430.3104,0.0234976540250374
4717,6124.24576,2,70553450.1504,0.0356557461019936
4718,6124.26576,1,70553470.1056,0.0234454074210666
4719,6124.28576,2,70553490.1248,0.0354918351875756
4720,6124.30576,1,70553510.208,0.02343004077284
4721,6124.32576,2,70553530.0864,0.0353402175917389
4722,6124.34576,1,70553550.1952,0.0233747208392239
4723,6124.36576,2,70553570.0864,0.0353084598520704
4724,6124.38576,1,70553590.1312,0.0234331141024853
4725,6124.40576,2,70553610.2528,0.0352326510541521
4726,6124.42576,1,70553630.272,0.0233788186120843
4727,6124.44576,2,70553650.176,0.0351967955416231
4728,6124.46576,1,70553670.144,0.0233491097588461
4729,6124.48576,2,70553690.1248,0.0352326510541521
4730,6124.50576,1,70553710.1824,0.0233788186120843
4731,6124.52576,2,70553730.1248,0.0352541643616694
4732,6124.54576,1,70553750.1696,0.0233224742352531
4733,6124.56576,2,70553770.24,0.0352828487716926
4734,6124.58576,1,70553790.1312,0.0233736963960088
4735,6124.60576,2,70553810.2144,0.0354754440961337
4736,6124.62576,1,70553830.1312,0.0233132542463171
4737,6124.64576,2,70553850.2272,0.0354651996639826
4738,6124.66576,1,70553870.1696,0.023366525293503
4739,6124.68576,2,70553890.1376,0.0356465261130576
4740,6124.70576,1,70553910.208,0.0232948142684451
4741,6124.72576,2,70553930.2272,0.035650623885918
4742,6124.74576,1,70553950.2592,0.0233491097588461
4743,6124.76576,2,70553970.1504,0.0355389595754707
4744,6124.78576,1,70553990.1696,0.0232784231770033
4745,6124.80576,2,70554010.2016,0.0354877374147151
4746,6124.82576,1,70554030.1568,0.0232886676091544
4747,6124.84576,2,70554050.2144,0.0353801708771283
4748,6124.86576,1,70554070.1568,0.0232067121519454
4749,6124.88576,2,70554090.176,0.0355471551211916
4750,6124.90576,1,70554110.208,0.0232087610383756
4751,6124.92576,2,70554130.1888,0.0355635462126334
4752,6124.94576,1,70554150.208,0.0232712520744975
4753,6124.96576,2,70554170.176,0.0355748150879997
4754,6124.98576,1,70554190.1696,0.0232773987337882
4755,6125.00576,2,70554210.2016,0.035550228450837
4756,6125.02576,1,70554230.1824,0.0233040342573811
4757,6125.04576,2,70554250.24,0.0355696928719241
4758,6125.06576,1,70554270.1952,0.023230274345893
4759,6125.08576,2,70554290.2016,0.0356793082959412
4760,6125.10576,1,70554310.4,0.0233470608724158
4761,6125.12576,2,70554330.1888,0.0355983772819473
4762,6125.14576,1,70554350.2592,0.023348085315631
4763,6125.16576,2,70554370.2528,0.0355389595754707
4764,6125.18576,1,70554390.2208,0.0233716475095785
4765,6125.20576,2,70554410.2912,0.0354703218800582
4766,6125.22576,1,70554430.208,0.0233788186120843
4767,6125.24576,2,70554450.2528,0.0354508574589711
4768,6125.26576,1,70554470.1952,0.0234013563628168
4769,6125.28576,2,70554490.2528,0.0354119286167968
4770,6125.30576,1,70554510.2976,0.0232558854262708
4771,6125.32576,2,70554530.3296,0.0353197287274366
4772,6125.34576,1,70554550.2336,0.0232835453930789
4773,6125.36576,2,70554570.2272,0.0352807998852624
4774,6125.38576,1,70554590.2592,0.023221054356957
4775,6125.40576,2,70554610.2272,0.0352818243284775
4776,6125.42576,1,70554630.2464,0.023312229803102
4777,6125.44576,2,70554650.2528,0.0351732333476755
4778,6125.46576,1,70554670.2976,0.0232507632101953
4779,6125.48576,2,70554690.2272,0.0350779601286701
4780,6125.50576,1,70554710.2592,0.023266129858422
4781,6125.52576,2,70554730.2528,0.0350738623558096
4782,6125.54576,1,70554750.272,0.0232405187780441
4783,6125.56576,2,70554770.3296,0.0349816624664495
4784,6125.58576,1,70554790.2208,0.0232630565287766
4785,6125.60576,2,70554810.24,0.034994980228246
4786,6125.62576,1,70554830.336,0.0232968631548753
4787,6125.64576,2,70554850.2784,0.0349171225438974
4788,6125.66576,1,70554870.3104,0.0233450119859856
4789,6125.68576,2,70554890.2528,0.0348884381338742
4790,6125.70576,1,70554910.208,0.0232343721187535
4791,6125.72576,2,70554930.3424,0.0347941893580839
4792,6125.74576,1,70554950.2848,0.0232989120413055
4793,6125.76576,2,70554970.2656,0.034677402831561
4794,6125.78576,1,70554990.272,0.0232876431659393
4795,6125.80576,2,70555010.2528,0.0346333517733112
4796,6125.82576,1,70555030.272,0.023202614379085
4797,6125.84576,2,70555050.2912,0.0346179851250845
4798,6125.86576,1,70555070.3744,0.0232681787448522
4799,6125.88576,2,70555090.3168,0.0346610117401192
4800,6125.90576,1,70555110.3104,0.0232466654373348
4801,6125.92576,2,70555130.304,0.0346282295572356
4802,6125.94576,1,70555150.272,0.0232323232323232
4803,6125.96576,2,70555170.3168,0.0345718851804045
4804,6125.98576,1,70555190.2592,0.0232364210051837
4805,6126.00576,2,70555210.3808,0.034731698321962
4806,6126.02576,1,70555230.3616,0.0232876431659393
4807,6126.04576,2,70555250.3424,0.0347614071752003
4808,6126.06576,1,70555270.4512,0.0231677833097711
4809,6126.08576,2,70555290.2912,0.0346937939230028
4810,6126.10576,1,70555310.2848,0.0231636855369107
4811,6126.12576,2,70555330.3296,0.0346415473190321
4812,6126.14576,1,70555350.336,0.0232015899358699
4813,6126.16576,2,70555370.3296,0.0346528161943983
4814,6126.18576,1,70555390.3232,0.0231565144344049
4815,6126.20576,2,70555410.2656,0.0347214538898109
4816,6126.22576,1,70555430.3872,0.0232046632655152
4817,6126.24576,2,70555450.3424,0.034640522875817
4818,6126.26576,1,70555470.3744,0.0233081320302416
4819,6126.28576,2,70555490.3296,0.034785993812363
4820,6126.30576,1,70555510.4128,0.0232814965066486
4821,6126.32576,2,70555530.3296,0.0349150736574672
4822,6126.34576,1,70555550.4,0.0232507632101953
4823,6126.36576,2,70555570.3936,0.0350144446493331
4824,6126.38576,1,70555590.3488,0.0232835453930789
4825,6126.40576,2,70555610.368,0.0350820579015305
4826,6126.42576,1,70555630.4,0.023266129858422
4827,6126.44576,2,70555650.368,0.0350144446493331
4828,6126.46576,1,70555670.4384,0.0232384698916139
4829,6126.48576,2,70555690.3424,0.0347798471530723
4830,6126.50576,1,70555710.336,0.023221054356957
4831,6126.52576,2,70555730.4448,0.0346456450918926
4832,6126.54576,1,70555750.3872,0.0232220788001721
4833,6126.56576,2,70555770.4832,0.0345790562829102
4834,6126.58576,1,70555790.3488,0.0232005654926547
4835,6126.60576,2,70555810.3936,0.0345852029422009
4836,6126.62576,1,70555830.4512,0.0232190054705268
4837,6126.64576,2,70555850.368,0.0344550986538816
4838,6126.66576,1,70555870.4512,0.0232056877087303
4839,6126.68576,2,70555890.4704,0.0345114430307128
4840,6126.70576,1,70555910.336,0.0232323232323232
4841,6126.72576,2,70555930.4832,0.034549347429672
4842,6126.74576,1,70555950.3872,0.0232610076423464
4843,6126.76576,2,70555970.3552,0.0345616407482533
4844,6126.78576,1,70555990.4896,0.0232814965066486
4845,6126.80576,2,70556010.4192,0.0346835494908517
4846,6126.82576,1,70556030.6688,0.0232722765177126
4847,6126.84576,2,70556050.4192,0.0348310693138279
4848,6126.86576,1,70556070.464,0.0233101809166718
4849,6126.88576,2,70556090.4192,0.0349191714303276
4850,6126.90576,1,70556110.4128,0.0232702276312824
4851,6126.92576,2,70556130.4192,0.0350533734915074
4852,6126.94576,1,70556150.4256,0.0233183764623927
4853,6126.96576,2,70556170.496,0.0351302067326408
4854,6126.98576,1,70556190.4256,0.023348085315631
4855,6127.00576,2,70556210.4192,0.0351926977687627
4856,6127.02576,1,70556230.5024,0.0233491097588461
4857,6127.04576,2,70556250.4192,0.0352715798963263
4858,6127.06576,1,70556270.5664,0.0233644764070728
4859,6127.08576,2,70556290.4448,0.0353852930932038
4860,6127.10576,1,70556310.4,0.0232896920523695
4861,6127.12576,2,70556330.5344,0.0355994017251624
4862,6127.14576,1,70556350.4384,0.0233644764070728
4863,6127.16576,2,70556370.4576,0.0356311594648309
4864,6127.18576,1,70556390.4384,0.0233644764070728
4865,6127.20576,2,70556410.4192,0.0357838015038826
4866,6127.22576,1,70556430.464,0.0233900874874506
4867,6127.24576,2,70556450.4576,0.0357581904235048
4868,6127.26576,1,70556470.464,0.0234023808060319
4869,6127.28576,2,70556490.56,0.0359005880304055
4870,6127.30576,1,70556510.4256,0.0234372118753458
4871,6127.32576,2,70556530.432,0.0358493658696498
4872,6127.34576,1,70556550.5792,0.0233439875427705
4873,6127.36576,2,70556570.4704,0.0359804946011842
4874,6127.38576,1,70556590.4896,0.0233337431106194
4875,6127.40576,2,70556610.496,0.0359538590775913
4876,6127.42576,1,70556630.4768,0.0233880386010203
4877,6127.44576,2,70556650.5728,0.0359302968836437
4878,6127.46576,1,70556670.5664,0.0233204253488229
4879,6127.48576,2,70556690.4192,0.0356854549552318
4880,6127.50576,1,70556710.5024,0.0233726719527937
4881,6127.52576,2,70556730.4448,0.0356547216587785
4882,6127.54576,1,70556750.6944,0.0232558854262708
4883,6127.56576,2,70556770.4704,0.0356495994427029
4884,6127.58576,1,70556790.464,0.0233245231216834
4885,6127.60576,2,70556810.4704,0.035832974778208
4886,6127.62576,1,70556830.4768,0.023384965271375
4887,6127.64576,2,70556850.4704,0.0359487368615158
4888,6127.66576,1,70556870.4896,0.023348085315631
4889,6127.68576,2,70556890.5216,0.0360153256704981
4890,6127.70576,1,70556910.5024,0.023357305304567
4891,6127.72576,2,70556930.5216,0.035932345770074
4892,6127.74576,1,70556950.5024,0.0232825209498638
4893,6127.76576,2,70556970.4448,0.0359528346343762
4894,6127.78576,1,70556990.5792,0.0232456409941197
4895,6127.80576,2,70557010.5088,0.035814534800336
4896,6127.82576,1,70557030.5152,0.0232384698916139
4897,6127.84576,2,70557050.5088,0.0358042903681849
4898,6127.86576,1,70557070.5536,0.0233286208945438
4899,6127.88576,2,70557090.4704,0.0359272235539984
4900,6127.90576,1,70557110.4896,0.0233163275759625
4901,6127.92576,2,70557130.4832,0.03598766570369
4902,6127.94576,1,70557150.4896,0.0233255475648985
4903,6127.96576,2,70557170.5856,0.0360901100252013
4904,6127.98576,1,70557190.4768,0.0233398897699101
4905,6128.00576,2,70557210.496,0.0362130432110148
4906,6128.02576,1,70557230.5536,0.0232681787448522
4907,6128.04576,2,70557250.496,0.0361956276763579
4908,6128.06576,1,70557270.6816,0.0233368164402647
4909,6128.08576,2,70557290.5344,0.0360583522855328
4910,6128.10576,1,70557310.5792,0.0232896920523695
4911,6128.12576,2,70557330.5984,0.0358749769500277
4912,6128.14576,1,70557350.5408,0.023312229803102
4913,6128.16576,2,70557370.7008,0.0357530682074293
4914,6128.18576,1,70557390.4768,0.0232773987337882
4915,6128.20576,2,70557410.5088,0.0356198905894646
4916,6128.22576,1,70557430.6304,0.0232097854815908
4917,6128.24576,2,70557450.5216,0.0354805663122093
4918,6128.26576,1,70557470.5792,0.023284569836294
4919,6128.28576,2,70557490.5344,0.0354498330157559
4920,6128.30576,1,70557510.5664,0.023312229803102
4921,6128.32576,2,70557530.5344,0.0353381687053087
4922,6128.34576,1,70557550.528,0.0232517876534104
4923,6128.36576,2,70557570.7136,0.0353617308992563
4924,6128.38576,1,70557590.528,0.0233153031327474
4925,6128.40576,2,70557610.5472,0.035413977503227
4926,6128.42576,1,70557630.6944,0.0233142786895322
4927,6128.44576,2,70557650.5472,0.0355922306226566
4928,6128.46576,1,70557670.6176,0.023375745282439
4929,6128.48576,2,70557690.5344,0.0355246173704592
4930,6128.50576,1,70557710.5792,0.0233726719527937
4931,6128.52576,2,70557730.624,0.0356567705452087
4932,6128.54576,1,70557750.5408,0.0232190054705268
4933,6128.56576,2,70557770.5856,0.0357540926506444
4934,6128.58576,1,70557790.6816,0.023248714323765
4935,6128.60576,2,70557810.5344,0.0359067346896962
4936,6128.62576,1,70557830.6304,0.0232763742905731
4937,6128.64576,2,70557850.56,0.0358268281189174
4938,6128.66576,1,70557870.5664,0.0232989120413055
4939,6128.68576,2,70557890.5984,0.0357028704898887
4940,6128.70576,1,70557910.6432,0.0232968631548753
4941,6128.72576,2,70557930.6624,0.0356813571823714
4942,6128.74576,1,70557950.5664,0.0233204253488229
4943,6128.76576,2,70557970.5856,0.0357069682627492
4944,6128.78576,1,70557990.6688,0.0233839408281599
4945,6128.80576,2,70558010.5728,0.0355799373040752
4946,6128.82576,1,70558030.5792,0.0233347675538345
4947,6128.84576,2,70558050.56,0.0355522773372672
4948,6128.86576,1,70558070.592,0.0233009609277358
4949,6128.88576,2,70558090.8032,0.0353576331263958
4950,6128.90576,1,70558110.8352,0.0232907164955847
4951,6128.92576,2,70558130.5856,0.0354180752760875
4952,6128.94576,1,70558150.6048,0.0232989120413055
4953,6128.96576,2,70558170.8416,0.035404757514291
4954,6128.98576,1,70558190.656,0.0232948142684451
4955,6129.00576,2,70558210.6112,0.0353822197635585
4956,6129.02576,1,70558230.6048,0.0233593541909972
4957,6129.04576,2,70558250.8288,0.0354570041182617
4958,6129.06576,1,70558270.6304,0.0232640809719917
4959,6129.08576,2,70558290.624,0.035477492982564
4960,6129.10576,1,70558310.848,0.0232917409387998
4961,6129.12576,2,70558330.8288,0.035641403896982
4962,6129.14576,1,70558350.7072,0.0232630565287766
4963,6129.16576,2,70558370.6624,0.0355983772819473
4964,6129.18576,1,70558390.6816,0.0232999364845207
4965,6129.20576,2,70558410.5984,0.0356209150326797
4966,6129.22576,1,70558430.6816,0.023248714323765
4967,6129.24576,2,70558450.7136,0.0354990062900813
4968,6129.26576,1,70558470.6432,0.0233040342573811
4969,6129.28576,2,70558490.6496,0.0354559796750466
4970,6129.30576,1,70558510.7968,0.0233419386563403
4971,6129.32576,2,70558530.6496,0.0352910443174135
4972,6129.34576,1,70558550.6688,0.0233071075870264
4973,6129.36576,2,70558570.6624,0.0352930932038437
4974,6129.38576,1,70558590.6432,0.0233132542463171
4975,6129.40576,2,70558610.7904,0.0352603110209601
4976,6129.42576,1,70558630.6688,0.0232866187227242
4977,6129.44576,2,70558650.688,0.0352101133034196
4978,6129.46576,1,70558670.7072,0.0233419386563403
4979,6129.48576,2,70558690.6752,0.0353207531706517
4980,6129.50576,1,70558710.6688,0.0233265720081136
4981,6129.52576,2,70558730.6752,0.0351240600733501
4982,6129.54576,1,70558750.8096,0.023321449792038
4983,6129.56576,2,70558770.7008,0.0351404511647919
4984,6129.58576,1,70558790.6688,0.023266129858422
4985,6129.60576,2,70558810.6624,0.0352265043948614
4986,6129.62576,1,70558830.6816,0.0232610076423464
4987,6129.64576,2,70558850.8416,0.0351978199848382
4988,6129.66576,1,70558870.6432,0.0232927653820149
4989,6129.68576,2,70558890.7136,0.0351076689819083
4990,6129.70576,1,70558910.7712,0.0232364210051837
4991,6129.72576,2,70558930.7008,0.0352224066220009
4992,6129.74576,1,70558950.7712,0.0233398897699101
4993,6129.76576,2,70558970.688,0.0351681111316
4994,6129.78576,1,70558990.7328,0.023275349847358
4995,6129.80576,2,70559010.7264,0.0351261089597804
4996,6129.82576,1,70559030.7072,0.0233777941688692
4997,6129.84576,2,70559050.752,0.0351332800622862
4998,6129.86576,1,70559070.7328,0.0233429630995554
4999,6129.88576,2,70559090.7392,0.0350164935357633
5000,6129.90576,1,70559110.784,0.0233767697256541
5001,6129.92576,2,70559130.7008,0.0351394267215768
5002,6129.94576,1,70559150.8224,0.0233921363738808
5003,6129.96576,2,70559170.7264,0.0351937222119778
5004,6129.98576,1,70559190.6816,0.0233993074763866
5005,6130.00576,2,70559210.7776,0.0352551888048845
5006,6130.02576,1,70559230.7072,0.0233911119306657
5007,6130.04576,2,70559250.7264,0.0350400557297109
5008,6130.06576,1,70559270.7328,0.0234146741246133
5009,6130.08576,2,70559290.7264,0.0349447825107054
5010,6130.10576,1,70559310.8608,0.0233880386010203
5011,6130.12576,2,70559330.7392,0.0349826869096646
5012,6130.14576,1,70559350.8096,0.0233081320302416
5013,6130.16576,2,70559370.7392,0.0349960046714611
5014,6130.18576,1,70559390.7072,0.0233982830331715
5015,6130.20576,2,70559410.816,0.0349970291146762
5016,6130.22576,1,70559430.7584,0.0233634519638576
5017,6130.24576,2,70559450.7648,0.0349980535578913
5018,6130.26576,1,70559470.7712,0.0233409142131252
5019,6130.28576,2,70559490.8032,0.0349611736021472
5020,6130.30576,1,70559510.7968,0.0233347675538345
5021,6130.32576,2,70559530.7136,0.0349632224885775
5022,6130.34576,1,70559550.848,0.0232651054152068
5023,6130.36576,2,70559570.8032,0.0349970291146762
5024,6130.38576,1,70559590.784,0.0233777941688692
5025,6130.40576,2,70559610.8672,0.0350882045608212
5026,6130.42576,1,70559630.7712,0.0233695986231483
5027,6130.44576,2,70559650.816,0.0350072735468273
5028,6130.46576,1,70559670.7712,0.0233378408834798
5029,6130.48576,2,70559690.8544,0.0348669248263569
5030,6130.50576,1,70559710.7968,0.0233296453377589
5031,6130.52576,2,70559730.816,0.0348566803942058
5032,6130.54576,1,70559750.7712,0.0233460364292007
5033,6130.56576,2,70559770.752,0.0347552605159096
5034,6130.58576,1,70559790.9248,0.0233593541909972
5035,6130.60576,2,70559810.8032,0.0347470649701887
5036,6130.62576,1,70559830.848,0.0232968631548753
5037,6130.64576,2,70559850.8032,0.0345811051693405
5038,6130.66576,1,70559870.8224,0.0233019853709509
5039,6130.68576,2,70559890.88,0.0347214538898109
5040,6130.70576,1,70559910.784,0.0233808674985146
5041,6130.72576,2,70559930.8288,0.0346384739893868
5042,6130.74576,1,70559950.8096,0.0234351629889155
5043,6130.76576,2,70559970.8032,0.0346415473190321
5044,6130.78576,1,70559990.912,0.0234423340914213
5045,6130.80576,2,70560010.8288,0.0347091605712295
5046,6130.82576,1,70560030.8352,0.0234361874321306
5047,6130.84576,2,70560050.8288,0.0349611736021472
5048,6130.86576,1,70560070.848,0.0234064785788924
5049,6130.88576,2,70560090.8032,0.0350380068432807
5050,6130.90576,1,70560110.976,0.0234587251828631
5051,6130.92576,2,70560130.8544,0.0352439199295183
5052,6130.94576,1,70560150.912,0.0234249185567644
5053,6130.96576,2,70560170.8416,0.0352613354641752
5054,6130.98576,1,70560190.8224,0.0234075030221075
5055,6131.005792,2,70560210.88,0.0353402175917389
5056,6131.025792,1,70560230.8352,0.0234023808060319
5057,6131.045792,2,70560250.8672,0.0351906488823325
5058,6131.065792,1,70560270.912,0.0234054541356773
5059,6131.085792,2,70560290.8416,0.0351691355748151
5060,6131.105792,1,70560310.9632,0.0233634519638576
5061,6131.125792,2,70560330.8544,0.0349939557850308
5062,6131.145792,1,70560350.9248,0.0233265720081136
5063,6131.165792,2,70560370.8416,0.034968344704653
5064,6131.185792,1,70560390.912,0.0233593541909972
5065,6131.205792,2,70560410.8928,0.0350421046161411
5066,6131.225792,1,70560430.8736,0.0232825209498638
5067,6131.245792,2,70560450.944,0.0351947466551929
5068,6131.265792,1,70560470.8736,0.0233081320302416
5069,6131.285792,2,70560490.8928,0.0351998688712685
5070,6131.305792,1,70560511.0016,0.0233706230663634
5071,6131.325792,2,70560530.9056,0.0352971909767042
5072,6131.345792,1,70560550.976,0.0233378408834798
5073,6131.365792,2,70560570.88,0.0354016841846456
5074,6131.385792,1,70560590.8992,0.0232558854262708
5075,6131.405792,2,70560610.8928,0.0354457352428955
5076,6131.425792,1,70560630.8864,0.0233163275759625
5077,6131.445792,2,70560650.8928,0.0355246173704592
5078,6131.465792,1,70560670.8992,0.0233685741799332
5079,6131.485792,2,70560690.8928,0.0355553506669125
5080,6131.505792,1,70560711.0784,0.0233603786342123
5081,6131.525792,2,70560730.88,0.0357018460466736
5082,6131.545792,1,70560750.912,0.0233747208392239
5083,6131.565792,2,70560770.944,0.0358616591882312
5084,6131.585792,1,70560790.9504,0.023375745282439
5085,6131.605792,2,70560811.0464,0.0358667814043068
5086,6131.625792,1,70560830.976,0.023357305304567
5087,6131.645792,2,70560851.008,0.0359425902022251
5088,6131.665792,1,70560870.9376,0.0232528120966255
5089,6131.685792,2,70560890.944,0.0360399123076608
5090,6131.705792,1,70560910.9248,0.0233378408834798
5091,6131.725792,2,70560930.9568,0.0360747433769746
5092,6131.745792,1,70560950.9504,0.0233337431106194
5093,6131.765792,2,70560970.9312,0.0361003544573524
5094,6131.785792,1,70560990.9632,0.0233368164402647
5095,6131.805792,2,70561011.008,0.0359804946011842
5096,6131.825792,1,70561030.9376,0.0234003319196017
5097,6131.845792,2,70561050.9568,0.0358944413711148
5098,6131.865792,1,70561070.9248,0.023412625238183
5099,6131.885792,2,70561090.9824,0.035760239309935
5100,6131.905792,1,70561110.9504,0.0233511586452763
5101,6131.925792,2,70561131.008,0.0357878992767431
5102,6131.945792,1,70561151.104,0.0233829163849448
5103,6131.965792,2,70561170.9568,0.0357735570717315
5104,6131.985792,1,70561191.0016,0.0233695986231483
5105,6132.005792,2,70561211.008,0.0357295060134817
5106,6132.025792,1,70561230.9888,0.0233542319749216
5107,6132.045792,2,70561250.9568,0.035823754789272
5108,6132.065792,1,70561271.0144,0.0232978875980904
5109,6132.085792,2,70561290.9696,0.0358165836867662
5110,6132.105792,1,70561311.104,0.0233777941688692
5111,6132.125792,2,70561330.9824,0.0358073636978302
5112,6132.145792,1,70561350.9888,0.0233009609277358
5113,6132.165792,2,70561371.1104,0.0357981437088942
5114,6132.185792,1,70561390.9888,0.023384965271375
5115,6132.205792,2,70561410.9824,0.0356864793984469
5116,6132.225792,1,70561430.9888,0.0233716475095785
5117,6132.245792,2,70561450.9824,0.0356967238305981
5118,6132.265792,1,70561471.168,0.0233173520191776
5119,6132.285792,2,70561490.9952,0.0354529063454013
5120,6132.305792,1,70561511.0144,0.0233112053598869
5121,6132.325792,2,70561531.0592,0.0354129530600119
5122,6132.345792,1,70561551.0912,0.023394185260311
5123,6132.365792,2,70561570.9952,0.0354662241071977
5124,6132.385792,1,70561591.0016,0.023348085315631
5125,6132.405792,2,70561611.0208,0.0353279242731575
5126,6132.425792,1,70561631.0016,0.023412625238183
5127,6132.445792,2,70561651.0464,0.0355225684840289
5128,6132.465792,1,70561671.0144,0.0234310652160551
5129,6132.485792,2,70561691.0976,0.035505152949372
5130,6132.505792,1,70561711.0272,0.0232896920523695
5131,6132.525792,2,70561731.0336,0.0354375396971746
5132,6132.545792,1,70561751.104,0.0233870141578052
5133,6132.565792,2,70561771.072,0.0355758395312148
5134,6132.585792,1,70561791.0784,0.0233542319749216
5135,6132.605792,2,70561811.0592,0.0354877374147151
5136,6132.625792,1,70561831.0528,0.0232917409387998
5137,6132.645792,2,70561851.0848,0.035596328395517
5138,6132.665792,1,70561871.0272,0.0232978875980904
5139,6132.685792,2,70561891.0976,0.0356147683733891
5140,6132.705792,1,70561911.0656,0.0233398897699101
5141,6132.725792,2,70561931.0848,0.035495932960436
5142,6132.745792,1,70561951.04,0.0233419386563403
5143,6132.765792,2,70561971.0336,0.0353105087385006
5144,6132.785792,1,70561991.1296,0.0232866187227242
5145,6132.805792,2,70562011.0592,0.0351814288933964
5146,6132.825792,1,70562031.0656,0.0233265720081136
5147,6132.845792,2,70562051.0592,0.0351035712090479
5148,6132.865792,1,70562071.0528,0.0233644764070728
5149,6132.885792,2,70562091.072,0.034977564693589
5150,6132.905792,1,70562111.0912,0.0233491097588461
5151,6132.925792,2,70562131.0592,0.035022640195054
5152,6132.945792,1,70562151.1808,0.0233798430552994
5153,6132.965792,2,70562171.0848,0.0349212203167578
5154,6132.985792,1,70562191.0912,0.0233552564181367
5155,6133.005792,2,70562211.0848,0.0349796135800193
5156,6133.025792,1,70562231.0656,0.0233255475648985
5157,6133.045792,2,70562251.1488,0.0349294158624787
5158,6133.065792,1,70562271.104,0.0233593541909972
5159,6133.085792,2,70562291.0848,0.0352695310098961
5160,6133.105792,1,70562311.104,0.0233593541909972
5161,6133.125792,2,70562331.0976,0.0352172844059254
5162,6133.145792,1,70562351.168,0.0233357919970496
5163,6133.165792,2,70562371.1104,0.0351978199848382
5164,6133.185792,1,70562391.104,0.0233767697256541
5165,6133.205792,2,70562411.1616,0.0351845022230418
5166,6133.225792,1,70562431.1168,0.0233286208945438
5167,6133.245792,2,70562451.2896,0.0351906488823325
5168,6133.265792,1,70562471.1424,0.0233194009056078
5169,6133.285792,2,70562491.1104,0.0353074354088553
5170,6133.305792,1,70562511.104,0.0233532075317065
5171,6133.325792,2,70562531.0976,0.0351988444280534
5172,6133.345792,1,70562551.1168,0.0233071075870264
5173,6133.365792,2,70562571.136,0.0351558178130186
5174,6133.385792,1,70562591.1296,0.0233378408834798
5175,6133.405792,2,70562611.1104,0.0353791464339132
5176,6133.425792,1,70562631.1936,0.0233511586452763
5177,6133.445792,2,70562651.1744,0.0352859221013379
5178,6133.465792,1,70562671.1424,0.0233419386563403
5179,6133.485792,2,70562691.1616,0.0352172844059254
5180,6133.505792,1,70562711.1424,0.023266129858422
5181,6133.525792,2,70562731.1616,0.0352951420902739
5182,6133.545792,1,70562751.1424,0.0233501342020612
5183,6133.565792,2,70562771.136,0.0354078308439363
5184,6133.585792,1,70562791.1296,0.0233388653266949
5185,6133.605792,2,70562811.1232,0.0353545597967505
5186,6133.625792,1,70562831.1552,0.0233040342573811
5187,6133.645792,2,70562851.1488,0.0353811953203434
5188,6133.665792,1,70562871.1552,0.0233716475095785
5189,6133.685792,2,70562891.1744,0.0353760731042678
5190,6133.705792,1,70562911.1424,0.023403405249247
5191,6133.725792,2,70562931.1616,0.0353965619685701
5192,6133.745792,1,70562951.1808,0.0233675497367181
5193,6133.765792,2,70562971.1616,0.0354283197082386
5194,6133.785792,1,70562991.2832,0.0233921363738808
5195,6133.805792,2,70563011.1616,0.0353719753314074
5196,6133.825792,1,70563031.2832,0.0233060831438113
5197,6133.845792,2,70563051.3024,0.0353555842399656
5198,6133.865792,1,70563071.1552,0.0233726719527937
5199,6133.885792,2,70563091.1744,0.0352879709877681
5200,6133.905792,1,70563111.1808,0.0233101809166718
5201,6133.925792,2,70563131.2896,0.0351732333476755
5202,6133.945792,1,70563151.1936,0.0233859897145901
5203,6133.965792,2,70563171.1872,0.0350513246050771
5204,6133.985792,1,70563191.3472,0.0233542319749216
5205,6134.005792,2,70563211.2,0.0350841067879607
5206,6134.025792,1,70563231.2576,0.0233624275206425
5207,6134.045792,2,70563251.2,0.0350738623558096
5208,6134.065792,1,70563271.2064,0.0233685741799332
5209,6134.085792,2,70563291.2,0.0350103468764726
5210,6134.105792,1,70563311.1936,0.0234228696703342
5211,6134.125792,2,70563331.264,0.0349826869096646
5212,6134.145792,1,70563351.3472,0.0234116007949679
5213,6134.165792,2,70563371.2,0.0348546315077755
5214,6134.185792,1,70563391.2832,0.0234320896592702
5215,6134.205792,2,70563411.2128,0.0347491138566189
5216,6134.225792,1,70563431.2576,0.0234156985678284
5217,6134.245792,2,70563451.264,0.0346876472637122
5218,6134.265792,1,70563471.232,0.0233644764070728
5219,6134.285792,2,70563491.2384,0.0346466695351077
5220,6134.305792,1,70563511.2064,0.0233562808613519
5221,6134.325792,2,70563531.2768,0.0347265761058864
5222,6134.345792,1,70563551.2576,0.0234013563628168
5223,6134.365792,2,70563571.2512,0.0347521871862643
5224,6134.385792,1,70563591.3088,0.0233818919417297
5225,6134.405792,2,70563611.2384,0.0346733050587006
5226,6134.425792,1,70563631.6032,0.0234464318642818
5227,6134.445792,2,70563651.2384,0.0350339090704202
5228,6134.465792,1,70563671.3088,0.0234075030221075
5229,6134.485792,2,70563691.3408,0.035231626610937
5230,6134.505792,1,70563711.2576,0.0234085274653226
5231,6134.525792,2,70563731.2896,0.0351547933698035
5232,6134.545792,1,70563751.2576,0.0233634519638576
5233,6134.565792,2,70563771.2768,0.0351681111316
5234,6134.585792,1,70563791.4112,0.0233777941688692
5235,6134.605792,2,70563811.3024,0.0350830823447456
5236,6134.625792,1,70563831.2832,0.023321449792038
5237,6134.645792,2,70563851.3664,0.035195771098408
5238,6134.665792,1,70563871.3088,0.0233880386010203
5239,6134.685792,2,70563891.2768,0.0354621263343373
5240,6134.705792,1,70563911.3088,0.0233388653266949
5241,6134.725792,2,70563931.4176,0.0354949085172209
5242,6134.745792,1,70563951.3088,0.0234433585346364
5243,6134.765792,2,70563971.2768,0.0352664576802508
5244,6134.785792,1,70563991.3088,0.0233337431106194
5245,6134.805792,2,70564011.3536,0.0352859221013379
5246,6134.825792,1,70564031.2704,0.0233880386010203
5247,6134.845792,2,70564051.3024,0.0353975864117852
5248,6134.865792,1,70564071.2832,0.0233675497367181
5249,6134.885792,2,70564091.2896,0.0353473886942447
5250,6134.905792,1,70564111.3472,0.023384965271375
5251,6134.925792,2,70564131.2512,0.0353883664228492
5252,6134.945792,1,70564151.36,0.0233439875427705
5253,6134.965792,2,70564171.3024,0.0354570041182617
5254,6134.985792,1,70564191.3088,0.0232907164955847
5255,6135.005792,2,70564211.328,0.0353422664781691
5256,6135.025792,1,70564231.424,0.0233614030774274
5257,6135.045792,2,70564251.3792,0.0352490421455939
5258,6135.065792,1,70564271.3344,0.0232876431659393
5259,6135.085792,2,70564291.4176,0.035104595652263
5260,6135.105792,1,70564311.3088,0.0233450119859856
5261,6135.125792,2,70564331.4048,0.0348454115188395
5262,6135.145792,1,70564351.3216,0.0233081320302416
5263,6135.165792,2,70564371.328,0.0348443870756244
5264,6135.185792,1,70564391.3984,0.0233388653266949
5265,6135.205792,2,70564411.3152,0.0347757493802119
5266,6135.225792,1,70564431.36,0.0233255475648985
5267,6135.245792,2,70564451.4304,0.0347347716516073
5268,6135.265792,1,70564471.3472,0.0232353965619686
5269,6135.285792,2,70564491.3408,0.0345575429753929
5270,6135.305792,1,70564511.3472,0.0233327186674043
5271,6135.325792,2,70564531.4688,0.0345749585100498
5272,6135.345792,1,70564551.36,0.0233409142131252
5273,6135.365792,2,70564571.3536,0.0345001741553466
5274,6135.385792,1,70564591.3984,0.0233450119859856
5275,6135.405792,2,70564611.3536,0.0344807097342594
5276,6135.425792,1,70564631.5008,0.0232927653820149
5277,6135.445792,2,70564651.3536,0.0344725141885385
5278,6135.465792,1,70564671.4112,0.0232681787448522
5279,6135.485792,2,70564691.3536,0.0344264142438585
5280,6135.505792,1,70564711.3728,0.0233234986784682
5281,6135.525792,2,70564731.4176,0.0344417808920851
5282,6135.545792,1,70564751.424,0.0234259429999795
5283,6135.565792,2,70564771.3792,0.0344428053353003
5284,6135.585792,1,70564791.5904,0.023357305304567
5285,6135.605792,2,70564811.3664,0.0344089987092015
5286,6135.625792,1,70564831.4368,0.0233829163849448
5287,6135.645792,2,70564851.392,0.0347153072305202
5288,6135.665792,1,70564871.424,0.0233972585899564
5289,6135.685792,2,70564891.4432,0.034813653779171
5290,6135.705792,1,70564911.3728,0.0233624275206425
5291,6135.725792,2,70564931.456,0.0347091605712295
5292,6135.745792,1,70564951.4368,0.0234187718974737
5293,6135.765792,2,70564971.456,0.0346548650808286
5294,6135.785792,1,70564991.3984,0.0233409142131252
5295,6135.805792,2,70565011.4176,0.0344684164156781
5296,6135.825792,1,70565031.488,0.0233491097588461
5297,6135.845792,2,70565051.5456,0.0344253898006434
5298,6135.865792,1,70565071.4112,0.0233019853709509
5299,6135.885792,2,70565091.4048,0.0344889052799803
5300,6135.905792,1,70565111.68,0.0233829163849448
5301,6135.925792,2,70565131.4304,0.0343967053906202
5302,6135.945792,1,70565151.6672,0.0234413096482062
5303,6135.965792,2,70565171.4304,0.0344745630749688
5304,6135.985792,1,70565191.4112,0.0234945806953921
5305,6136.005792,2,70565211.52,0.0345432007703813
5306,6136.025792,1,70565231.4752,0.0234556518532178
5307,6136.045792,2,70565251.5456,0.0345073452578524
5308,6136.065792,1,70565271.488,0.0233419386563403
5309,6136.085792,2,70565291.4688,0.0344817341774745
5310,6136.105792,1,70565311.5648,0.0233224742352531
5311,6136.125792,2,70565331.456,0.0345472985432417
5312,6136.145792,1,70565351.6288,0.0233060831438113
5313,6136.165792,2,70565371.4944,0.0345350052246604
5314,6136.185792,1,70565391.424,0.0234085274653226
5315,6136.205792,2,70565411.52,0.0347235027762411
5316,6136.225792,1,70565431.4624,0.0233706230663634
5317,6136.245792,2,70565451.5072,0.0349796135800193
5318,6136.265792,1,70565471.4496,0.0233194009056078
5319,6136.285792,2,70565491.4816,0.0351189378572746
5320,6136.305792,1,70565511.5264,0.0233675497367181
5321,6136.325792,2,70565531.456,0.0351076689819083
5322,6136.345792,1,70565551.4368,0.0233675497367181
5323,6136.365792,2,70565571.456,0.0351261089597804
5324,6136.385792,1,70565591.552,0.0233398897699101
5325,6136.405792,2,70565611.4816,0.0351250845165652
5326,6136.425792,1,70565631.5264,0.0233337431106194
5327,6136.445792,2,70565651.4816,0.0351486467105128
5328,6136.465792,1,70565671.5008,0.0233347675538345
5329,6136.485792,2,70565691.4688,0.0350216157518389
5330,6136.505792,1,70565711.488,0.023357305304567
5331,6136.525792,2,70565731.5712,0.0349919068986006
5332,6136.545792,1,70565751.5776,0.023303009814166
5333,6136.565792,2,70565771.5072,0.0349540024996415
5334,6136.585792,1,70565791.5648,0.0233398897699101
5335,6136.605792,2,70565811.5328,0.0348525826213453
5336,6136.625792,1,70565831.5392,0.023357305304567
5337,6136.645792,2,70565851.5584,0.0348833159177987
5338,6136.665792,1,70565871.5008,0.0233112053598869
5339,6136.685792,2,70565891.52,0.0349898580121704
5340,6136.705792,1,70565911.488,0.0233450119859856
5341,6136.725792,2,70565931.5072,0.0350421046161411
5342,6136.745792,1,70565951.5648,0.0233153031327474
5343,6136.765792,2,70565971.5072,0.0351086934251234
5344,6136.785792,1,70565991.5392,0.0233675497367181
5345,6136.805792,2,70566011.52,0.0351035712090479
5346,6136.825792,1,70566031.6032,0.0233593541909972
5347,6136.845792,2,70566051.5328,0.0350554223779376
5348,6136.865792,1,70566071.5136,0.0233808674985146
5349,6136.885792,2,70566091.5328,0.0350718134693794
5350,6136.905792,1,70566111.5392,0.0233470608724158
5351,6136.925792,2,70566131.712,0.035059520150798
5352,6136.945792,1,70566151.5392,0.0233265720081136
5353,6136.965792,2,70566171.584,0.0349919068986006
5354,6136.985792,1,70566191.5648,0.0233337431106194
5355,6137.005792,2,70566211.5456,0.0349232692031881
5356,6137.025792,1,70566231.5904,0.0233040342573811
5357,6137.045792,2,70566251.6224,0.035004200217182
5358,6137.065792,1,70566271.5776,0.0233163275759625
5359,6137.085792,2,70566291.5584,0.0350841067879607
5360,6137.105792,1,70566311.6672,0.0232927653820149
5361,6137.125792,2,70566331.6096,0.0350912778904665
5362,6137.145792,1,70566351.7824,0.0233316942241892
5363,6137.165792,2,70566371.52,0.0351343045055013
5364,6137.185792,1,70566391.6032,0.0233337431106194
5365,6137.205792,2,70566411.6096,0.0351640133587395
5366,6137.225792,1,70566431.6928,0.0232907164955847
5367,6137.245792,2,70566451.5968,0.0352848976581228
5368,6137.265792,1,70566471.5776,0.0233275964513287
5369,6137.285792,2,70566491.584,0.0353402175917389
5370,6137.305792,1,70566511.5904,0.0233368164402647
5371,6137.325792,2,70566531.7376,0.0353883664228492
5372,6137.345792,1,70566551.5904,0.0233296453377589
5373,6137.365792,2,70566571.584,0.0353064109656402
5374,6137.385792,1,70566591.5648,0.023312229803102
5375,6137.405792,2,70566611.648,0.0351609400290942
5376,6137.425792,1,70566631.5904,0.0232989120413055
5377,6137.445792,2,70566651.7248,0.0351189378572746
5378,6137.465792,1,70566671.6032,0.0233880386010203
5379,6137.485792,2,70566691.6096,0.0352551888048845
5380,6137.505792,1,70566711.616,0.0233347675538345
5381,6137.525792,2,70566731.5968,0.0350062491036122
5382,6137.545792,1,70566751.8208,0.0232804720634335
5383,6137.565792,2,70566771.6352,0.0351179134140595
5384,6137.585792,1,70566791.616,0.0232538365398406
5385,6137.605792,2,70566811.6608,0.0351035712090479
5386,6137.625792,1,70566831.5776,0.0232989120413055
5387,6137.645792,2,70566851.6608,0.0352039666441289
5388,6137.665792,1,70566871.6544,0.0232272010162477
5389,6137.685792,2,70566891.648,0.0352664576802508
5390,6137.705792,1,70566911.6416,0.0232917409387998
5391,6137.725792,2,70566931.6608,0.035250066588809
5392,6137.745792,1,70566951.8976,0.0232948142684451
5393,6137.765792,2,70566971.712,0.0351670866883849
5394,6137.785792,1,70566991.6416,0.0232569098694859
5395,6137.805792,2,70567011.648,0.0350820579015305
5396,6137.825792,1,70567031.6928,0.023257934312701
5397,6137.845792,2,70567051.648,0.0349232692031881
5398,6137.865792,1,70567071.6544,0.0232917409387998
5399,6137.885792,2,70567091.6608,0.0348812670313685
5400,6137.905792,1,70567111.6672,0.0232261765730326
5401,6137.925792,2,70567131.6864,0.0348372159731186
5402,6137.945792,1,70567151.6544,0.0232569098694859
5403,6137.965792,2,70567171.7248,0.0348300448706128
5404,6137.985792,1,70567191.6672,0.0232722765177126
5405,6138.005792,2,70567211.6608,0.0349160981006823
5406,6138.025792,1,70567231.9488,0.0232927653820149
5407,6138.045792,2,70567251.6608,0.0348566803942058
5408,6138.065792,1,70567271.6672,0.0232435921076895
5409,6138.085792,2,70567291.6864,0.0348792181449382
5410,6138.105792,1,70567311.6928,0.0233337431106194
5411,6138.125792,2,70567331.8784,0.035123035630135
5412,6138.145792,1,70567351.6672,0.0233460364292007
5413,6138.165792,2,70567371.7504,0.0351076689819083
5414,6138.185792,1,70567391.7184,0.0232907164955847
5415,6138.205792,2,70567411.6992,0.0348761448152929
5416,6138.225792,1,70567431.8208,0.0232968631548753
5417,6138.245792,2,70567451.6864,0.0349755158071588
5418,6138.265792,1,70567471.7056,0.0233163275759625
5419,6138.285792,2,70567491.7376,0.0348505337349151
5420,6138.305792,1,70567511.7312,0.0233255475648985
5421,6138.325792,2,70567531.8016,0.0348689737127871
5422,6138.345792,1,70567551.8464,0.0233993074763866
5423,6138.365792,2,70567571.7888,0.0348894625770894
5424,6138.385792,1,70567591.7312,0.0232733009609277
5425,6138.405792,2,70567611.712,0.0348925359067347
5426,6138.425792,1,70567631.7824,0.0232917409387998
5427,6138.445792,2,70567651.7248,0.0349478558403508
5428,6138.465792,1,70567671.8336,0.0233511586452763
5429,6138.485792,2,70567691.7504,0.0350216157518389
5430,6138.505792,1,70567711.7312,0.0233429630995554
5431,6138.525792,2,70567731.776,0.0349191714303276
5432,6138.545792,1,70567751.7184,0.0233593541909972
5433,6138.565792,2,70567771.7248,0.0348208248816768
5434,6138.585792,1,70567791.7824,0.0233224742352531
5435,6138.605792,2,70567811.7376,0.0347839449259328
5436,6138.625792,1,70567831.744,0.0233142786895322
5437,6138.645792,2,70567851.7888,0.0348177515520315
5438,6138.665792,1,70567871.7184,0.0233839408281599
5439,6138.685792,2,70567891.7504,0.0347624316184154
5440,6138.705792,1,70567911.7952,0.0233347675538345
5441,6138.725792,2,70567931.7632,0.0346456450918926
5442,6138.745792,1,70567951.7696,0.0234095519085377
5443,6138.765792,2,70567971.7888,0.0346108140225787
5444,6138.785792,1,70567991.7568,0.0233429630995554
5445,6138.805792,2,70568011.8784,0.034649742864753
5446,6138.825792,1,70568031.7696,0.0232640809719917
5447,6138.845792,2,70568051.9168,0.034558567418608
5448,6138.865792,1,70568071.7696,0.0233542319749216
5449,6138.885792,2,70568091.776,0.0346733050587006
5450,6138.905792,1,70568111.8976,0.0233818919417297
5451,6138.925792,2,70568131.8144,0.0346651095129797
5452,6138.945792,1,70568151.8336,0.0233511586452763
5453,6138.965792,2,70568171.7888,0.0347808715962874
5454,6138.985792,1,70568191.7568,0.023403405249247
5455,6139.005792,2,70568211.9424,0.0348464359620546
5456,6139.025792,1,70568231.7696,0.0234044296924621
5457,6139.045792,2,70568251.776,0.0349662958182228
5458,6139.065792,1,70568271.8976,0.0234341385457004
5459,6139.085792,2,70568291.776,0.0351701600180302
5460,6139.105792,1,70568312.192,0.0234095519085377
5461,6139.125792,2,70568331.9168,0.0351681111316
5462,6139.145792,1,70568351.7952,0.0234218452271191
5463,6139.165792,2,70568371.8528,0.0351527444833733
5464,6139.185792,1,70568391.8208,0.0234310652160551
5465,6139.205792,2,70568411.9168,0.035268506566681
5466,6139.225792,1,70568431.8208,0.023384965271375
5467,6139.245792,2,70568451.904,0.0352377732702276
5468,6139.265792,1,70568471.8208,0.023394185260311
5469,6139.285792,2,70568491.9168,0.0353176798410064
5470,6139.305792,1,70568512.1024,0.0233829163849448
5471,6139.325792,2,70568531.8016,0.0352715798963263
5472,6139.345792,1,70568552.1024,0.0233450119859856
5473,6139.365792,2,70568571.84,0.0350123957629029
5474,6139.385792,1,70568591.8336,0.0234423340914213
5475,6139.405792,2,70568612.0704,0.0349304403056939
5476,6139.425792,1,70568631.872,0.0234341385457004
5477,6139.445792,2,70568651.8528,0.0349755158071588
5478,6139.465792,1,70568671.9488,0.0234208207839039
5479,6139.485792,2,70568691.904,0.0347931649148688
5480,6139.505792,1,70568711.8592,0.023330669780974
5481,6139.525792,2,70568731.84,0.0347900915852234
5482,6139.545792,1,70568752.128,0.0234075030221075
5483,6139.565792,2,70568771.9296,0.0346753539451308
5484,6139.585792,1,70568791.936,0.0234003319196017
5485,6139.605792,2,70568813.0688,0.034649742864753
5486,6139.625792,1,70568831.8848,0.0233859897145901
5487,6139.645792,2,70568851.8656,0.0347204294465958
5488,6139.665792,1,70568871.9872,0.0234372118753458
5489,6139.685792,2,70568891.9168,0.0346907205933575
5490,6139.705792,1,70568912,0.023412625238183
5491,6139.725792,2,70568931.9552,0.0346784272747762
5492,6139.745792,1,70568951.872,0.023439260761776
5493,6139.765792,2,70568971.8912,0.0346435962054623
5494,6139.785792,1,70568991.8848,0.0233562808613519
5495,6139.805792,2,70569012.1728,0.0346354006597414
5496,6139.825792,1,70569031.9104,0.0233767697256541
5497,6139.845792,2,70569052.1728,0.0345165652467884
5498,6139.865792,1,70569071.872,0.023394185260311
5499,6139.885792,2,70569091.8912,0.0345329563382302
5500,6139.905792,1,70569111.9232,0.0233747208392239
5501,6139.925792,2,70569131.9296,0.0344776364046141
5502,6139.945792,1,70569151.8976,0.0234105763517528
5503,6139.965792,2,70569171.904,0.0344089987092015
5504,6139.985792,1,70569191.8848,0.0234218452271191
5505,6140.005792,2,70569211.9296,0.0343659720941668
5506,6140.025792,1,70569231.8976,0.0233818919417297
5507,6140.045792,2,70569252.0192,0.0344049009363411
5508,6140.065792,1,70569271.9232,0.0233091564734567
5509,6140.085792,2,70569292.1088,0.0343413854570041
5510,6140.105792,1,70569311.9744,0.0234218452271191
5511,6140.125792,2,70569331.9168,0.0342850410801729
5512,6140.145792,1,70569352.0512,0.0233747208392239
5513,6140.165792,2,70569371.9424,0.0343649476509517
5514,6140.185792,1,70569391.936,0.0233921363738808
5515,6140.205792,2,70569411.9936,0.0342850410801729
5516,6140.225792,1,70569431.936,0.0233142786895322
5517,6140.245792,2,70569452.3648,0.0342502100108591
5518,6140.265792,1,70569471.936,0.0232958387116602
5519,6140.285792,2,70569491.968,0.0342061589526093
5520,6140.305792,1,70569512.128,0.0232917409387998
5521,6140.325792,2,70569531.9424,0.0343721187534575
5522,6140.345792,1,70569551.9872,0.0233275964513287
5523,6140.365792,2,70569572.0064,0.0344991497121315
5524,6140.385792,1,70569591.9616,0.0233521830884914
5525,6140.405792,2,70569612.2112,0.0345350052246604
5526,6140.425792,1,70569631.936,0.0233081320302416
5527,6140.445792,2,70569652.288,0.0346292540004508
5528,6140.465792,1,70569671.9744,0.0233419386563403
5529,6140.485792,2,70569691.9424,0.034776773823427
5530,6140.505792,1,70569712.064,0.0233542319749216
5531,6140.525792,2,70569731.9808,0.0347798471530723
5532,6140.545792,1,70569752.1536,0.0233163275759625
5533,6140.565792,2,70569772.0192,0.034968344704653
5534,6140.585792,1,70569791.936,0.0233603786342123
5535,6140.605792,2,70569812.096,0.0351476222672977
5536,6140.625792,1,70569832,0.0233624275206425
5537,6140.645792,2,70569852.1088,0.0350789845718852
5538,6140.665792,1,70569871.9872,0.0233388653266949
5539,6140.685792,2,70569892.0064,0.0350748867990247
5540,6140.705792,1,70569912.1664,0.0233460364292007
5541,6140.725792,2,70569932.032,0.0351578666994488
5542,6140.745792,1,70569952,0.0233532075317065
5543,6140.765792,2,70569971.9936,0.0351281578462106
5544,6140.785792,1,70569992,0.0233695986231483
5545,6140.805792,2,70570012.1728,0.0351435244944373
5546,6140.825792,1,70570032.0384,0.0234320896592702
5547,6140.845792,2,70570052.0192,0.0352633843506054
5548,6140.865792,1,70570072.0384,0.0234156985678284
5549,6140.885792,2,70570092.0064,0.0353166553977913
5550,6140.905792,1,70570112.0768,0.0233726719527937
5551,6140.925792,2,70570132.1088,0.0351937222119778
5552,6140.945792,1,70570152.2816,0.0233316942241892
5553,6140.965792,2,70570172.1472,0.0352756776691868
5554,6140.985792,1,70570192.0768,0.0233900874874506
5555,6141.005792,2,70570212.1088,0.0352941176470588
5556,6141.025792,1,70570232.0512,0.0233829163849448
5557,6141.045792,2,70570252.032,0.0354641752207675
5558,6141.065792,1,70570272.1024,0.0233952097035261
5559,6141.085792,2,70570292.0192,0.0353822197635585
5560,6141.105792,1,70570312.128,0.0234208207839039
5561,6141.125792,2,70570332.1216,0.0353801708771283
5562,6141.145792,1,70570352.2688,0.0233173520191776
5563,6141.165792,2,70570372.1984,0.0353996352982154
5564,6141.185792,1,70570392.128,0.0234044296924621
5565,6141.205792,2,70570412.2496,0.0353402175917389
5566,6141.225792,1,70570432.1408,0.0233818919417297
5567,6141.245792,2,70570452.16,0.0352295777245067
5568,6141.265792,1,70570472.2304,0.02329378982523
5569,6141.285792,2,70570492.4672,0.0351885999959022
5570,6141.305792,1,70570512.4096,0.023284569836294
5571,6141.325792,2,70570532.1216,0.0350349335136353
5572,6141.345792,1,70570552.832,0.0232548609830557
5573,6141.365792,2,70570572.1344,0.035086155674391
5574,6141.385792,1,70570592.2816,0.023193394390149
5575,6141.405792,2,70570612.1472,0.0351107423115537
5576,6141.425792,1,70570632.0768,0.0232517876534104
5577,6141.445792,2,70570652.4416,0.0351353289487164
5578,6141.465792,1,70570672.1536,0.0232671543016371
5579,6141.485792,2,70570692.16,0.0350195668654086
5580,6141.505792,1,70570712.2176,0.0232128588112361
5581,6141.525792,2,70570732.1472,0.0350656668100887
5582,6141.545792,1,70570752.2048,0.0231657344233409
5583,6141.565792,2,70570772.2624,0.0352726043395415
5584,6141.585792,1,70570792.3072,0.0231288544675969
5585,6141.605792,2,70570812.1856,0.0354703218800582
5586,6141.625792,1,70570832.1408,0.0231892966172885
5587,6141.645792,2,70570852.3648,0.0355082262790173
5588,6141.665792,1,70570872.1664,0.0231401233429631
5589,6141.685792,2,70570892.3008,0.0353545597967505
5590,6141.705792,1,70570912.1664,0.0231503677751142
5591,6141.725792,2,70570932.2752,0.0353187042842215
5592,6141.745792,1,70570952.3712,0.0231442211158236
5593,6141.765792,2,70570972.2368,0.0351281578462106
5594,6141.785792,1,70570992.3968,0.0232149076976663
5595,6141.805792,2,70571012.2496,0.0351804044501813
5596,6141.825792,1,70571032.32,0.0231309033540271
5597,6141.845792,2,70571052.224,0.0349581002725019
5598,6141.865792,1,70571072.192,0.0231616366504805
5599,6141.885792,2,70571092.1472,0.0348843403610138
5600,6141.905792,1,70571112.1792,0.0231606122072654
5601,6141.925792,2,70571132.2112,0.0347235027762411
5602,6141.945792,1,70571152.1792,0.0231216833650911
5603,6141.965792,2,70571172.1728,0.0346241317843752
5604,6141.985792,1,70571192.192,0.0231104144897248
5605,6142.005792,2,70571212.1472,0.0346394984326019
5606,6142.025792,1,70571232.1408,0.0231985166062245
5607,6142.045792,2,70571252.16,0.0346896961501424
5608,6142.065792,1,70571272.1536,0.0231268055811666
5609,6142.085792,2,70571292.1728,0.0345114430307128
5610,6142.105792,1,70571312.256,0.0231974921630094
5611,6142.125792,2,70571332.2112,0.0344325609031491
5612,6142.145792,1,70571352.2688,0.0231985166062245
5613,6142.165792,2,70571372.224,0.0343700698670273
5614,6142.185792,1,70571392.2432,0.0232374454483988
5615,6142.205792,2,70571412.2112,0.0343413854570041
5616,6142.225792,1,70571432.2944,0.0231872477308583
5617,6142.245792,2,70571452.224,0.0343393365705739
5618,6142.265792,1,70571472.256,0.0232948142684451
5619,6142.285792,2,70571492.2368,0.0342573811133649
5620,6142.305792,1,70571512.512,0.0232005654926547
5621,6142.325792,2,70571532.224,0.0342645522158707
5622,6142.345792,1,70571552.2944,0.0231995410494396
5623,6142.365792,2,70571572.3008,0.0344479275513758
5624,6142.385792,1,70571592.2944,0.0232651054152068
5625,6142.405792,2,70571612.3776,0.0346138873522241
5626,6142.425792,1,70571632.2688,0.0232763742905731
5627,6142.445792,2,70571652.3904,0.0347327227651771
5628,6142.465792,1,70571672.4224,0.0232497387669801
5629,6142.485792,2,70571692.3008,0.0348894625770894
5630,6142.505792,1,70571712.3456,0.023303009814166
5631,6142.525792,2,70571732.736,0.0350123957629029
5632,6142.545792,1,70571752.2688,0.023248714323765
5633,6142.565792,2,70571772.416,0.0351619644723093
5634,6142.585792,1,70571792.3456,0.0232773987337882
5635,6142.605792,2,70571812.288,0.0354016841846456
5636,6142.625792,1,70571832.2304,0.023266129858422
5637,6142.645792,2,70571852.4032,0.0354529063454013
5638,6142.665792,1,70571872.2816,0.0232312987891081
5639,6142.685792,2,70571892.2368,0.0354334419243141
5640,6142.705792,1,70571912.3968,0.0232733009609277
5641,6142.725792,2,70571932.2624,0.0354795418689942
5642,6142.745792,1,70571952.4224,0.0233245231216834
5643,6142.765792,2,70571972.2496,0.0354692974368431
5644,6142.785792,1,70571992.4608,0.0232804720634335
5645,6142.805792,2,70572012.3904,0.0355850595201508
5646,6142.825792,1,70572032.384,0.0233296453377589
5647,6142.845792,2,70572052.416,0.0356444772266273
5648,6142.865792,1,70572072.4096,0.0233327186674043
5649,6142.885792,2,70572092.4544,0.0356536972155633
5650,6142.905792,1,70572112.3072,0.0233173520191776
5651,6142.925792,2,70572132.3392,0.035559448439773
5652,6142.945792,1,70572152.3712,0.0232835453930789
5653,6142.965792,2,70572172.2368,0.0356250128055402
5654,6142.985792,1,70572192.3456,0.023303009814166
5655,6143.005792,2,70572212.416,0.0355092507222325
5656,6143.025792,1,70572232.3072,0.0233409142131252
5657,6143.045792,2,70572252.4672,0.0353893908660643
5658,6143.065792,1,70572272.384,0.0233450119859856
5659,6143.085792,2,70572292.288,0.0353176798410064
5660,6143.105792,1,70572312.3456,0.0233204253488229
5661,6143.125792,2,70572332.3264,0.035259286577745
5662,6143.145792,1,70572352.384,0.023266129858422
5663,6143.165792,2,70572372.3776,0.035395537525355
5664,6143.185792,1,70572392.4224,0.0233429630995554
5665,6143.205792,2,70572412.4544,0.0353770975474829
5666,6143.225792,1,70572432.4224,0.0233583297477821
5667,6143.245792,2,70572452.288,0.0352838732149077
5668,6143.265792,1,70572472.3456,0.0233429630995554
5669,6143.285792,2,70572492.5568,0.0351086934251234
5670,6143.305792,1,70572512.3712,0.0234197963406888
5671,6143.325792,2,70572532.3904,0.0350113713196877
5672,6143.345792,1,70572552.384,0.0233470608724158
5673,6143.365792,2,70572572.416,0.0349611736021472
5674,6143.385792,1,70572592.5632,0.0234003319196017
5675,6143.405792,2,70572612.3648,0.0348843403610138
5676,6143.425792,1,70572632.4864,0.0233695986231483
5677,6143.445792,2,70572652.5952,0.0348710225992173
5678,6143.465792,1,70572672.4096,0.0234136496813982
5679,6143.485792,2,70572692.5056,0.0348699981560022
5680,6143.505792,1,70572712.384,0.0234382363185609
5681,6143.525792,2,70572732.3648,0.0348556559509906
5682,6143.545792,1,70572752.3968,0.0233491097588461
5683,6143.565792,2,70572772.4544,0.0348822914745836
5684,6143.585792,1,70572792.4608,0.0233470608724158
5685,6143.605792,2,70572812.48,0.0350359579568504
5686,6143.625792,1,70572832.3456,0.0233296453377589
5687,6143.645792,2,70572852.3392,0.0350482512754318
5688,6143.665792,1,70572872.4736,0.023366525293503
5689,6143.685792,2,70572892.3264,0.0351291822894257
5690,6143.705792,1,70572912.4096,0.0233439875427705
5691,6143.725792,2,70572932.4544,0.0349847357960948
5692,6143.745792,1,70572952.3712,0.0234136496813982
5693,6143.765792,2,70572972.4416,0.0351629889155244
5694,6143.785792,1,70572992.3584,0.0233101809166718
5695,6143.805792,2,70573012.4032,0.0350615690372283
5696,6143.825792,1,70573032.5504,0.0233655008502879
5697,6143.845792,2,70573052.3648,0.0350298112975598
5698,6143.865792,1,70573072.4352,0.0233736963960088
5699,6143.885792,2,70573092.3776,0.0350236646382691
5700,6143.905792,1,70573112.448,0.0233501342020612
5701,6143.925792,2,70573132.416,0.0349621980453623
5702,6143.945792,1,70573152.4352,0.0233829163849448
5703,6143.965792,2,70573172.4416,0.0351281578462106
5704,6143.985792,1,70573192.4352,0.0233491097588461
5705,6144.005792,2,70573212.4544,0.0351793800069662
5706,6144.025792,1,70573232.4096,0.0234269674431946
5707,6144.045792,2,70573252.5184,0.0351250845165652
5708,6144.065792,1,70573272.4096,0.0234351629889155
5709,6144.085792,2,70573292.608,0.0351906488823325
5710,6144.105792,1,70573312.4224,0.0234146741246133
5711,6144.125792,2,70573332.4416,0.0351527444833733
5712,6144.145792,1,70573352.4352,0.0234423340914213
5713,6144.165792,2,70573372.4544,0.0350912778904665
5714,6144.185792,1,70573392.4864,0.0234341385457004
5715,6144.205792,2,70573412.4928,0.0352213821787858
5716,6144.225792,1,70573432.4608,0.0234177474542586
5717,6144.245792,2,70573452.5312,0.0354016841846456
5718,6144.265792,1,70573472.4992,0.0234167230110435
5719,6144.285792,2,70573492.5312,0.0352183088491405
5720,6144.305792,1,70573512.5632,0.0234146741246133
5721,6144.325792,2,70573532.4544,0.0350308357407749
5722,6144.345792,1,70573552.4608,0.0233859897145901
5723,6144.365792,2,70573572.4544,0.0350841067879607
5724,6144.385792,1,70573592.4736,0.0233931608170959
5725,6144.405792,2,70573612.5056,0.0351885999959022
5726,6144.425792,1,70573632.6016,0.0233900874874506
5727,6144.445792,2,70573652.5824,0.0350257135246993
5728,6144.465792,1,70573672.5248,0.0234136496813982
5729,6144.485792,2,70573692.6592,0.0349878091257402
5730,6144.505792,1,70573712.576,0.0233798430552994
5731,6144.525792,2,70573732.4672,0.0348689737127871
5732,6144.545792,1,70573752.5888,0.0233593541909972
5733,6144.565792,2,70573772.48,0.0348351670866884
5734,6144.585792,1,70573792.4608,0.0233286208945438
5735,6144.605792,2,70573812.5056,0.0349355625217694
5736,6144.625792,1,70573832.64,0.0234023808060319
5737,6144.645792,2,70573852.4544,0.0349273669760485
5738,6144.665792,1,70573872.4864,0.023375745282439
5739,6144.685792,2,70573892.4928,0.0349990780011064
5740,6144.705792,1,70573912.4608,0.0233972585899564
5741,6144.725792,2,70573932.6208,0.0350882045608212
5742,6144.745792,1,70573952.7168,0.0233798430552994
5743,6144.765792,2,70573972.5312,0.0350943512201119
5744,6144.785792,1,70573992.5504,0.0234197963406888
5745,6144.805792,2,70574012.4416,0.0351117667547688
5746,6144.825792,1,70574032.576,0.0233747208392239
5747,6144.845792,2,70574052.5568,0.0350257135246993
5748,6144.865792,1,70574072.512,0.0234167230110435
5749,6144.885792,2,70574092.48,0.0350523490482923
5750,6144.905792,1,70574112.6144,0.0233419386563403
5751,6144.925792,2,70574132.5568,0.0349038047821009
5752,6144.945792,1,70574152.5376,0.0233952097035261
5753,6144.965792,2,70574172.5184,0.0347081361280144
5754,6144.985792,1,70574192.4864,0.0233429630995554
5755,6145.005792,2,70574212.5056,0.0347398938676829
5756,6145.025792,1,70574232.4992,0.023348085315631
5757,6145.045792,2,70574252.5056,0.0348935603499498
5758,6145.065792,1,70574272.6272,0.0232743254041428
5759,6145.085792,2,70574292.544,0.0351804044501813
5760,6145.105792,1,70574312.5248,0.0233286208945438
5761,6145.125792,2,70574332.6464,0.0351732333476755
5762,6145.145792,1,70574352.4992,0.0232507632101953
5763,6145.165792,2,70574372.5824,0.0349140492142521
5764,6145.185792,1,70574392.5632,0.0232773987337882
5765,6145.205792,2,70574412.5312,0.034649742864753
5766,6145.225792,1,70574432.7296,0.0233060831438113
5767,6145.245792,2,70574452.5696,0.0344694408588932
5768,6145.265792,1,70574472.5248,0.0233337431106194
5769,6145.285792,2,70574492.6208,0.0344274386870736
5770,6145.305792,1,70574512.9856,0.0233132542463171
5771,6145.325792,2,70574532.4928,0.0343157743766263
5772,6145.345792,1,70574552.5632,0.0233050587005962
5773,6145.365792,2,70574572.6208,0.0342737722048067
5774,6145.385792,1,70574592.6144,0.0233347675538345
5775,6145.405792,2,70574612.5952,0.0342696744319462
5776,6145.425792,1,70574632.5376,0.0233286208945438
5777,6145.445792,2,70574652.6848,0.0341057635175282
5778,6145.465792,1,70574672.6528,0.0233101809166718
5779,6145.485792,2,70574692.6208,0.0341846456450919
5780,6145.505792,1,70574712.64,0.0233388653266949
5781,6145.525792,2,70574732.5568,0.0343065543876903
5782,6145.545792,1,70574752.6272,0.0233224742352531
5783,6145.565792,2,70574772.6336,0.0343116766037659
5784,6145.585792,1,70574792.6656,0.0233296453377589
5785,6145.605792,2,70574812.608,0.034349581002725
5786,6145.625792,1,70574832.6656,0.0233818919417297
5787,6145.645792,2,70574852.5824,0.0341979634068884
5788,6145.665792,1,70574872.6144,0.0234382363185609
5789,6145.685792,2,70574892.5696,0.0340658102321388
5790,6145.705792,1,70574912.5888,0.0233890630442355
5791,6145.725792,2,70574932.608,0.0339889769910054
5792,6145.745792,1,70574952.5888,0.0233962341467412
5793,6145.765792,2,70574972.7104,0.0340002458663716
5794,6145.785792,1,70574992.6656,0.0233234986784682
5795,6145.805792,2,70575012.6464,0.033921363738808
5796,6145.825792,1,70575032.5888,0.0232517876534104
5797,6145.845792,2,70575052.6848,0.0340340524924703
5798,6145.865792,1,70575072.6528,0.0232948142684451
5799,6145.885792,2,70575092.6208,0.0340371258221157
5800,6145.905792,1,70575112.6784,0.023248714323765
5801,6145.925792,2,70575132.6336,0.0341385457004118
5802,6145.945792,1,70575152.6912,0.0232978875980904
5803,6145.965792,2,70575172.672,0.0341907923043826
5804,6145.985792,1,70575192.6272,0.0232272010162477
5805,6146.005792,2,70575212.6592,0.034176450099371
5806,6146.025792,1,70575232.6784,0.0232712520744975
5807,6146.045792,2,70575252.608,0.0341231790521851
5808,6146.065792,1,70575272.6272,0.0231923699469338
5809,6146.085792,2,70575292.8384,0.0342112811686848
5810,6146.105792,1,70575312.7168,0.023257934312701
5811,6146.125792,2,70575332.6848,0.0342409900219231
5812,6146.145792,1,70575352.6784,0.0233009609277358
5813,6146.165792,2,70575372.7616,0.034158010121499
5814,6146.185792,1,70575392.6656,0.0233101809166718
5815,6146.205792,2,70575412.6848,0.0340658102321388
5816,6146.225792,1,70575432.6912,0.0232261765730326
5817,6146.245792,2,70575452.672,0.0342471366812138
5818,6146.265792,1,70575472.6272,0.0232169565840965
5819,6146.285792,2,70575492.7488,0.0342635277726556
5820,6146.305792,1,70575512.6784,0.0232138832544512
5821,6146.325792,2,70575532.6464,0.0342153789415453
5822,6146.345792,1,70575552.8576,0.0231677833097711
5823,6146.365792,2,70575572.6592,0.0343055299444752
5824,6146.385792,1,70575592.768,0.0231851988444281
5825,6146.405792,2,70575612.7872,0.0342706988751613
5826,6146.425792,1,70575632.7168,0.0232773987337882
5827,6146.445792,2,70575652.7488,0.0338701415780523
5828,6146.465792,1,70575672.7808,0.0232958387116602
5829,6146.485792,2,70575692.736,0.0340709324482144
5830,6146.505792,1,70575712.7296,0.0232589587559162
5831,6146.525792,2,70575732.7232,0.0341682545536501
5832,6146.545792,1,70575752.8192,0.0232896920523695
5833,6146.565792,2,70575772.7872,0.0342553322269347
5834,6146.585792,1,70575792.7552,0.023266129858422
5835,6146.605792,2,70575812.736,0.0342327944762022
5836,6146.625792,1,70575832.7808,0.0233132542463171
5837,6146.645792,2,70575852.7616,0.0340709324482144
5838,6146.665792,1,70575872.704,0.0232927653820149
5839,6146.685792,2,70575892.6976,0.0339705370131334
5840,6146.705792,1,70575912.7296,0.0233511586452763
5841,6146.725792,2,70575932.7616,0.0339940992070809
5842,6146.745792,1,70575952.768,0.0233357919970496
5843,6146.765792,2,70575972.7104,0.0339643903538427
5844,6146.785792,1,70575992.8064,0.0232999364845207
5845,6146.805792,2,70576012.7488,0.0339992214231565
5846,6146.825792,1,70576032.7424,0.023321449792038
5847,6146.845792,2,70576052.7744,0.0339623414674125
5848,6146.865792,1,70576072.8192,0.0233234986784682
5849,6146.885792,2,70576092.7488,0.0338465793841047
5850,6146.905792,1,70576112.7296,0.0233316942241892
5851,6146.925792,2,70576132.8128,0.0338834593398488
5852,6146.945792,1,70576152.832,0.0233931608170959
5853,6146.965792,2,70576172.8128,0.033821992746942
5854,6146.985792,1,70576192.768,0.0233777941688692
5855,6147.005792,2,70576212.736,0.0339100948634417
5856,6147.025792,1,70576232.832,0.0233357919970496
5857,6147.045792,2,70576252.8384,0.0341467412461327
5858,6147.065792,1,70576272.768,0.0233173520191776
5859,6147.085792,2,70576292.7488,0.0345472985432417
5860,6147.105792,1,70576312.7296,0.0233234986784682
5861,6147.125792,2,70576332.864,0.0345821296125556
5862,6147.145792,1,70576352.768,0.0233101809166718
5863,6147.165792,2,70576372.7616,0.0344848075071199
5864,6147.185792,1,70576392.7808,0.0232855942795091
5865,6147.205792,2,70576412.7616,0.0343628987645215
5866,6147.225792,1,70576432.8192,0.0233296453377589
5867,6147.245792,2,70576452.8,0.0342389411354929
5868,6147.265792,1,70576472.7168,0.0233419386563403
5869,6147.285792,2,70576492.8128,0.0340012703095867
5870,6147.305792,1,70576512.7936,0.0233839408281599
5871,6147.325792,2,70576532.9152,0.0338353105087385
5872,6147.345792,1,70576552.8576,0.0233429630995554
5873,6147.365792,2,70576572.864,0.0337021328907739
5874,6147.385792,1,70576592.8192,0.023284569836294
5875,6147.405792,2,70576612.8256,0.0336099330014137
5876,6147.425792,1,70576632.768,0.0233142786895322
5877,6147.445792,2,70576652.8896,0.033594566353187
5878,6147.465792,1,70576672.8064,0.0233839408281599
5879,6147.485792,2,70576692.8128,0.0335156842256234
5880,6147.505792,1,70576712.8192,0.0233368164402647
5881,6147.525792,2,70576732.8768,0.0335515397381523
5882,6147.545792,1,70576752.8192,0.023375745282439
5883,6147.565792,2,70576772.8384,0.0334265576659086
5884,6147.585792,1,70576792.8064,0.0233286208945438
5885,6147.605792,2,70576812.9408,0.0335423197492163
5886,6147.625792,1,70576832.832,0.023357305304567
5887,6147.645792,2,70576852.8384,0.0335095375663327
5888,6147.665792,1,70576872.8192,0.0233552564181367
5889,6147.685792,2,70576892.8512,0.0334654865080829
5890,6147.705792,1,70576912.8192,0.0233870141578052
5891,6147.725792,2,70576932.8512,0.0334347532116295
5892,6147.745792,1,70576952.8064,0.0232702276312824
5893,6147.765792,2,70576972.8384,0.0334675353945131
5894,6147.785792,1,70576992.8832,0.0233429630995554
5895,6147.805792,2,70577012.864,0.0334460220869957
5896,6147.825792,1,70577032.8576,0.023357305304567
5897,6147.845792,2,70577052.8128,0.0334255332226935
5898,6147.865792,1,70577072.8448,0.0233255475648985
5899,6147.885792,2,70577092.992,0.0334408998709202
5900,6147.905792,1,70577112.896,0.023375745282439
5901,6147.925792,2,70577132.8512,0.0335638330567337
5902,6147.945792,1,70577152.8576,0.0233450119859856
5903,6147.965792,2,70577172.8256,0.0336437396275124
5904,6147.985792,1,70577192.8192,0.0233890630442355
5905,6148.005792,2,70577212.9024,0.0336744729239658
5906,6148.025792,1,70577232.8832,0.0233603786342123
5907,6148.045792,2,70577252.9024,0.0336642284918147
5908,6148.065792,1,70577272.8576,0.0234454074210666
5909,6148.085792,2,70577292.8768,0.0336478374003729
5910,6148.105792,1,70577312.9088,0.0234351629889155
5911,6148.125792,2,70577332.928,0.0336181285471346
5912,6148.145792,1,70577352.896,0.0233798430552994
5913,6148.165792,2,70577372.9536,0.0337369639600877
5914,6148.185792,1,70577392.8832,0.023348085315631
5915,6148.205792,2,70577412.9152,0.0338445304976745
5916,6148.225792,1,70577432.8832,0.0233788186120843
5917,6148.245792,2,70577452.928,0.0340801524371504
5918,6148.265792,1,70577472.8448,0.0233194009056078
5919,6148.285792,2,70577492.9152,0.0344745630749688
5920,6148.305792,1,70577512.8704,0.0232927653820149
5921,6148.325792,2,70577532.864,0.0343485565595099
5922,6148.345792,1,70577552.9216,0.0233593541909972
5923,6148.365792,2,70577572.9152,0.0342184522711906
5924,6148.385792,1,70577593.0368,0.0233675497367181
5925,6148.405792,2,70577612.9536,0.0342092322822546
5926,6148.425792,1,70577633.0112,0.0233644764070728
5927,6148.445792,2,70577652.9664,0.0343045055012601
5928,6148.465792,1,70577672.9344,0.0234003319196017
5929,6148.485792,2,70577692.9536,0.0340678591185691
5930,6148.505792,1,70577712.9856,0.0233183764623927
5931,6148.525792,2,70577732.9664,0.0340043436392321
5932,6148.545792,1,70577753.0752,0.023321449792038
5933,6148.565792,2,70577772.9536,0.0339551703649067
5934,6148.585792,1,70577792.9344,0.0234167230110435
5935,6148.605792,2,70577812.9664,0.0339469748191858
5936,6148.625792,1,70577832.9856,0.0234013563628168
5937,6148.645792,2,70577853.0432,0.0340330280492552
5938,6148.665792,1,70577872.9728,0.0232681787448522
5939,6148.685792,2,70577892.928,0.0339705370131334
5940,6148.705792,1,70577912.96,0.0233388653266949
5941,6148.725792,2,70577932.9664,0.0338373593951687
5942,6148.745792,1,70577953.1392,0.0233378408834798
5943,6148.765792,2,70577973.0048,0.0337113528797099
5944,6148.785792,1,70577992.9728,0.0234310652160551
5945,6148.805792,2,70578012.9664,0.0336427151842973
5946,6148.825792,1,70578033.0752,0.0233224742352531
5947,6148.845792,2,70578052.992,0.0336355440817915
5948,6148.865792,1,70578072.9728,0.0233398897699101
5949,6148.885792,2,70578092.9664,0.0336222263199951
5950,6148.905792,1,70578112.9984,0.023357305304567
5951,6148.925792,2,70578132.9536,0.0335464175220768
5952,6148.945792,1,70578152.96,0.0233204253488229
5953,6148.965792,2,70578172.9664,0.0334460220869957
5954,6148.985792,1,70578192.9728,0.0233470608724158
5955,6149.005792,2,70578213.0304,0.0334992931341816
5956,6149.025792,1,70578233.0368,0.0233777941688692
5957,6149.045792,2,70578253.0944,0.0335013420206118
5958,6149.065792,1,70578272.9856,0.023321449792038
5959,6149.085792,2,70578293.0432,0.0334767553834491
5960,6149.105792,1,70578312.9472,0.0232743254041428
5961,6149.125792,2,70578333.0432,0.0335003175773967
5962,6149.145792,1,70578353.0368,0.0234146741246133
5963,6149.165792,2,70578373.056,0.0334060688016063
5964,6149.185792,1,70578392.9856,0.0232907164955847
5965,6149.205792,2,70578413.0432,0.0334152887905423
5966,6149.225792,1,70578433.024,0.0233521830884914
5967,6149.245792,2,70578453.0176,0.0336099330014137
5968,6149.265792,1,70578473.024,0.0233409142131252
5969,6149.285792,2,70578493.0688,0.0334992931341816
5970,6149.305792,1,70578512.9984,0.0233542319749216
5971,6149.325792,2,70578533.0176,0.0333958243694552
5972,6149.345792,1,70578552.9984,0.0233634519638576
5973,6149.365792,2,70578572.992,0.0333568955272809
5974,6149.385792,1,70578593.1008,0.0233624275206425
5975,6149.405792,2,70578613.0816,0.0333343577765484
5976,6149.425792,1,70578632.9856,0.0233501342020612
5977,6149.445792,2,70578653.0176,0.0332134734771652
5978,6149.465792,1,70578673.024,0.0234197963406888
5979,6149.485792,2,70578693.0176,0.0331407380088922
5980,6149.505792,1,70578713.0368,0.0233634519638576
5981,6149.525792,2,70578733.0432,0.0331673735324851
5982,6149.545792,1,70578753.0112,0.0233562808613519
5983,6149.565792,2,70578773.0432,0.0332360112278976
5984,6149.585792,1,70578793.024,0.0233532075317065
5985,6149.605792,2,70578813.056,0.0332319134550372
5986,6149.625792,1,70578833.024,0.0233470608724158
5987,6149.645792,2,70578853.1072,0.0332493289896941
5988,6149.665792,1,70578873.152,0.0233716475095785
5989,6149.685792,2,70578893.0304,0.0333384555494089
5990,6149.705792,1,70578913.0752,0.0233183764623927
5991,6149.725792,2,70578933.0688,0.0334060688016063
5992,6149.745792,1,70578953.1264,0.0233378408834798
5993,6149.765792,2,70578973.0432,0.033402995471961
5994,6149.785792,1,70578993.0496,0.0232855942795091
5995,6149.805792,2,70579013.0304,0.033503390907042
5996,6149.825792,1,70579033.0368,0.0233593541909972
5997,6149.845792,2,70579053.1456,0.0335730530456697
5998,6149.865792,1,70579073.0624,0.0233870141578052
5999,6149.885792,2,70579093.1072,0.0335751019320999
6000,6149.905792,1,70579113.0112,0.0233491097588461
6001,6149.925792,2,70579133.0048,0.033585346364251
6002,6149.945792,1,70579153.088,0.0232630565287766
6003,6149.965792,2,70579173.0432,0.0335689552728092
6004,6149.985792,1,70579193.024,0.0233327186674043
6005,6150.005792,2,70579213.056,0.0335535886245825
6006,6150.025792,1,70579233.088,0.02329378982523
6007,6150.045792,2,70579253.0304,0.0333927510398099
6008,6150.065792,1,70579273.0496,0.0233818919417297
6009,6150.085792,2,70579293.0304,0.0334531931895015
6010,6150.105792,1,70579313.0496,0.0232671543016371
6011,6150.125792,2,70579333.0816,0.0334019710287459
6012,6150.145792,1,70579353.1008,0.0233562808613519
6013,6150.165792,2,70579373.0688,0.0334050443583912
6014,6150.185792,1,70579393.0624,0.0234054541356773
6015,6150.205792,2,70579413.056,0.0333343577765484
6016,6150.225792,1,70579433.0624,0.0233245231216834
6017,6150.245792,2,70579453.12,0.0335003175773967
6018,6150.265792,1,70579473.0624,0.0233357919970496
6019,6150.285792,2,70579493.0688,0.0334695842809433
6020,6150.305792,1,70579513.152,0.0233429630995554
6021,6150.325792,2,70579533.0816,0.0335996885692626
6022,6150.345792,1,70579553.1136,0.0233777941688692
6023,6150.365792,2,70579573.1328,0.033821992746942
6024,6150.385792,1,70579593.2416,0.023375745282439
6025,6150.405792,2,70579613.1584,0.0337717950294015
6026,6150.425792,1,70579633.1264,0.0233071075870264
6027,6150.445792,2,70579653.0816,0.0338107238715758
6028,6150.465792,1,70579673.1392,0.0232978875980904
6029,6150.485792,2,70579693.0688,0.0336334951953613
6030,6150.505792,1,70579713.1392,0.0233060831438113
6031,6150.525792,2,70579733.3504,0.0335402708627861
6032,6150.545792,1,70579753.1136,0.0232743254041428
6033,6150.565792,2,70579773.12,0.0334972442477513
6034,6150.585792,1,70579793.152,0.0233829163849448
6035,6150.605792,2,70579813.0688,0.0333456266519147
6036,6150.625792,1,70579833.1136,0.0233603786342123
6037,6150.645792,2,70579853.0816,0.0333866043805192
6038,6150.665792,1,70579873.1136,0.0233234986784682
6039,6150.685792,2,70579893.1072,0.0334460220869957
6040,6150.705792,1,70579913.1008,0.0233101809166718
6041,6150.725792,2,70579933.1584,0.0334972442477513
6042,6150.745792,1,70579953.152,0.0233296453377589
6043,6150.765792,2,70579973.12,0.0335566619542279
6044,6150.785792,1,70579993.1776,0.023321449792038
6045,6150.805792,2,70580013.12,0.0335638330567337
6046,6150.825792,1,70580033.1392,0.0232599831991313
6047,6150.845792,2,70580053.1328,0.0333907021533796
6048,6150.865792,1,70580073.152,0.0234064785788924
6049,6150.885792,2,70580093.1968,0.033257524535415
6050,6150.905792,1,70580113.1264,0.0232733009609277
6051,6150.925792,2,70580133.12,0.0332114245907349
6052,6150.945792,1,70580153.1136,0.0233388653266949
6053,6150.965792,2,70580173.1328,0.0332308890118221
6054,6150.985792,1,70580193.2032,0.0234249185567644
6055,6151.005792,2,70580213.1712,0.0332605978650603
6056,6151.025792,1,70580233.1648,0.0233275964513287
6057,6151.045792,2,70580253.1456,0.0332646956379208
6058,6151.065792,1,70580273.2032,0.0233747208392239
6059,6151.085792,2,70580293.184,0.0332134734771652
6060,6151.105792,1,70580313.152,0.0233275964513287
6061,6151.125792,2,70580333.12,0.0332493289896941
6062,6151.145792,1,70580353.152,0.0232692031880673
6063,6151.165792,2,70580373.1584,0.0332565000921999
6064,6151.185792,1,70580393.28,0.0233419386563403
6065,6151.205792,2,70580413.1584,0.0333497244247751
6066,6151.225792,1,70580433.2032,0.0232743254041428
6067,6151.245792,2,70580453.1456,0.0333866043805192
6068,6151.265792,1,70580473.1776,0.0232907164955847
6069,6151.285792,2,70580493.184,0.0335679308295941
6070,6151.305792,1,70580513.1648,0.0233081320302416
6071,6151.325792,2,70580533.2352,0.0335996885692626
6072,6151.345792,1,70580553.3696,0.023321449792038
6073,6151.365792,2,70580573.312,0.0336078841149835
6074,6151.385792,1,70580593.2544,0.0233019853709509
6075,6151.405792,2,70580613.2224,0.0335638330567337
6076,6151.425792,1,70580633.2032,0.0233091564734567
6077,6151.445792,2,70580653.2096,0.0335822730346057
6078,6151.465792,1,70580673.2288,0.0232825209498638
6079,6151.485792,2,70580693.1712,0.0335474419652919
6080,6151.505792,1,70580713.2288,0.0233050587005962
6081,6151.525792,2,70580733.2224,0.0336713995943205
6082,6151.545792,1,70580753.2288,0.0232917409387998
6083,6151.565792,2,70580773.2096,0.0336867662425472
6084,6151.585792,1,70580793.2032,0.0232896920523695
6085,6151.605792,2,70580813.2096,0.0335648574999488
6086,6151.625792,1,70580833.3056,0.0233194009056078
6087,6151.645792,2,70580853.2096,0.0334992931341816
6088,6151.665792,1,70580873.3568,0.02329378982523
6089,6151.685792,2,70580893.2608,0.0334480709734259
6090,6151.705792,1,70580913.216,0.023384965271375
6091,6151.725792,2,70580933.2736,0.0334480709734259
6092,6151.745792,1,70580953.2416,0.0233183764623927
6093,6151.765792,2,70580973.184,0.0334552420759317
6094,6151.785792,1,70580993.2928,0.0233450119859856
6095,6151.805792,2,70581013.2864,0.0335781752617452
6096,6151.825792,1,70581033.2032,0.0232538365398406
6097,6151.845792,2,70581053.312,0.0336027618989079
6098,6151.865792,1,70581073.2544,0.0232784231770033
6099,6151.885792,2,70581093.2352,0.0336693507078903
6100,6151.905792,1,70581113.3696,0.0233398897699101
6101,6151.925792,2,70581133.1968,0.0335791997049604
6102,6151.945792,1,70581153.2544,0.0232886676091544
6103,6151.965792,2,70581173.2736,0.0335423197492163
6104,6151.985792,1,70581193.2672,0.0233142786895322
6105,6152.005824,2,70581213.2864,0.0335505152949372
6106,6152.025824,1,70581233.28,0.0232353965619686
6107,6152.045824,2,70581253.2864,0.0334777798266642
6108,6152.065824,1,70581273.28,0.0232087610383756
6109,6152.085824,2,70581293.2992,0.0333107955826009
6110,6152.105824,1,70581313.2672,0.0232353965619686
6111,6152.125824,2,70581333.2864,0.0333384555494089
6112,6152.145824,1,70581353.2544,0.0232384698916139
6113,6152.165824,2,70581373.3376,0.0333743110619378
6114,6152.185824,1,70581393.4336,0.0233470608724158
6115,6152.205824,2,70581413.2736,0.0332841600590079
6116,6152.225824,1,70581433.4336,0.0233357919970496
6117,6152.245824,2,70581453.2864,0.0333251377876124
6118,6152.265824,1,70581473.3184,0.0232067121519454
6119,6152.285824,2,70581493.4144,0.0332677689675661
6120,6152.305824,1,70581513.344,0.0232599831991313
6121,6152.325824,2,70581533.4272,0.0333241133443973
6122,6152.345824,1,70581553.3568,0.0233511586452763
6123,6152.365824,2,70581573.312,0.0333179666851066
6124,6152.385824,1,70581593.3824,0.0232435921076895
6125,6152.405824,2,70581613.3248,0.0332954289343742
6126,6152.425824,1,70581633.3952,0.023257934312701
6127,6152.445824,2,70581653.3504,0.0333947999262401
6128,6152.465824,1,70581673.3184,0.0232374454483988
6129,6152.485824,2,70581693.376,0.0333589444137112
6130,6152.505824,1,70581713.3184,0.0232610076423464
6131,6152.525824,2,70581733.376,0.0335146597824083
6132,6152.545824,1,70581753.3056,0.0232384698916139
6133,6152.565824,2,70581773.3504,0.0335310508738501
6134,6152.585824,1,70581793.3056,0.0232569098694859
6135,6152.605824,2,70581813.3376,0.0334859753723851
6136,6152.625824,1,70581833.3312,0.0233234986784682
6137,6152.645824,2,70581853.3248,0.0334490954166411
6138,6152.665824,1,70581873.3696,0.0233491097588461
6139,6152.685824,2,70581893.3376,0.0333640666297867
6140,6152.705824,1,70581913.344,0.0233060831438113
6141,6152.725824,2,70581933.4784,0.0333466510951298
6142,6152.745824,1,70581953.344,0.0233265720081136
6143,6152.765824,2,70581973.376,0.0332862089454381
6144,6152.785824,1,70581993.3568,0.0233009609277358
6145,6152.805824,2,70582013.3248,0.0333251377876124
6146,6152.825824,1,70582033.3312,0.0232292499026779
6147,6152.845824,2,70582053.3632,0.033384555494089
6148,6152.865824,1,70582073.3568,0.0232917409387998
6149,6152.885824,2,70582093.3632,0.0333732866187227
6150,6152.905824,1,70582113.3568,0.0232056877087303
6151,6152.925824,2,70582133.4016,0.0333773843915832
6152,6152.945824,1,70582153.4208,0.023384965271375
6153,6152.965824,2,70582173.5168,0.0335925174667568
6154,6152.985824,1,70582193.408,0.0232876431659393
6155,6153.005824,2,70582213.4272,0.0337656483701108
6156,6153.025824,1,70582233.3824,0.0232917409387998
6157,6153.045824,2,70582253.4656,0.0339111193066568
6158,6153.065824,1,70582273.408,0.0233173520191776
6159,6153.085824,2,70582293.3632,0.0339131681930871
6160,6153.105824,1,70582313.3952,0.0233767697256541
6161,6153.125824,2,70582333.3888,0.0339059970905813
6162,6153.145824,1,70582353.3952,0.0233368164402647
6163,6153.165824,2,70582373.3888,0.0338988259880755
6164,6153.185824,1,70582393.4336,0.0233409142131252
6165,6153.205824,2,70582413.4016,0.0338732149076977
6166,6153.225824,1,70582433.4464,0.0233368164402647
6167,6153.245824,2,70582453.5168,0.0339316081709591
6168,6153.265824,1,70582473.408,0.0233194009056078
6169,6153.285824,2,70582493.44,0.0339807814452845
6170,6153.305824,1,70582513.4464,0.02329378982523
6171,6153.325824,2,70582533.4784,0.033949023705616
6172,6153.345824,1,70582553.5104,0.0233521830884914
6173,6153.365824,2,70582573.4784,0.0338875571127092
6174,6153.385824,1,70582593.408,0.0233091564734567
6175,6153.405824,2,70582613.4272,0.0339387792734649
6176,6153.425824,1,70582633.792,0.0232948142684451
6177,6153.445824,2,70582653.4656,0.0339193148523777
6178,6153.465824,1,70582673.4592,0.0232558854262708
6179,6153.485824,2,70582693.4528,0.0338906304423546
6180,6153.505824,1,70582713.472,0.0233194009056078
6181,6153.525824,2,70582733.504,0.0339838547749298
6182,6153.545824,1,70582753.5232,0.0233419386563403
6183,6153.565824,2,70582773.4912,0.0339387792734649
6184,6153.585824,1,70582793.472,0.0233378408834798
6185,6153.605824,2,70582813.4912,0.0339234126252382
6186,6153.625824,1,70582833.5744,0.0233153031327474
6187,6153.645824,2,70582853.4656,0.0338834593398488
6188,6153.665824,1,70582873.4464,0.0232466654373348
6189,6153.685824,2,70582893.4656,0.0341139590632491
6190,6153.705824,1,70582913.4592,0.0232866187227242
6191,6153.725824,2,70582933.4656,0.0342102567254697
6192,6153.745824,1,70582953.5616,0.0233275964513287
6193,6153.765824,2,70582973.4528,0.0341795234290163
6194,6153.785824,1,70582993.6128,0.0232558854262708
6195,6153.805824,2,70583013.5424,0.0339531214784764
6196,6153.825824,1,70583033.536,0.0232886676091544
6197,6153.845824,2,70583053.5808,0.0339234126252382
6198,6153.865824,1,70583073.4976,0.0233060831438113
6199,6153.885824,2,70583093.5296,0.0337697461429713
6200,6153.905824,1,70583113.4848,0.0232702276312824
6201,6153.925824,2,70583133.4656,0.0337543794947446
6202,6153.945824,1,70583153.6256,0.0232364210051837
6203,6153.965824,2,70583173.4912,0.0337717950294015
6204,6153.985824,1,70583193.472,0.0233050587005962
6205,6154.005824,2,70583213.4528,0.0336662773782449
6206,6154.025824,1,70583233.5232,0.0232876431659393
6207,6154.045824,2,70583253.504,0.0336498862868031
6208,6154.065824,1,70583273.5104,0.0233112053598869
6209,6154.085824,2,70583293.4912,0.0337041817772041
6210,6154.105824,1,70583313.4976,0.0233142786895322
6211,6154.125824,2,70583333.5424,0.0338158460876514
6212,6154.145824,1,70583353.472,0.0233286208945438
6213,6154.165824,2,70583373.5424,0.0338230171901572
6214,6154.185824,1,70583393.7152,0.0233634519638576
6215,6154.205824,2,70583413.5168,0.0338629704755465
6216,6154.225824,1,70583433.536,0.023303009814166
6217,6154.245824,2,70583453.5552,0.0338076505419305
6218,6154.265824,1,70583473.5104,0.0233859897145901
6219,6154.285824,2,70583493.5808,0.0339141926363022
6220,6154.305824,1,70583513.5616,0.0233736963960088
6221,6154.325824,2,70583533.4784,0.0339787325588543
6222,6154.345824,1,70583553.5488,0.0233777941688692
6223,6154.365824,2,70583573.568,0.0340832257667957
6224,6154.385824,1,70583593.6256,0.0234054541356773
6225,6154.405824,2,70583613.6704,0.034158010121499
6226,6154.425824,1,70583633.536,0.0234464318642818
6227,6154.445824,2,70583653.568,0.0341774745425861
6228,6154.465824,1,70583673.536,0.0235253139918454
6229,6154.485824,2,70583693.568,0.0343506054459401
6230,6154.505824,1,70583713.5872,0.0234443829778515
6231,6154.525824,2,70583733.5552,0.0343926076177597
6232,6154.545824,1,70583753.6512,0.0234546274100027
6233,6154.565824,2,70583773.5936,0.0344510008810212
6234,6154.585824,1,70583793.5488,0.023366525293503
6235,6154.605824,2,70583813.6448,0.034467391972463
6236,6154.625824,1,70583833.6,0.0234382363185609
6237,6154.645824,2,70583853.696,0.034595447374352
6238,6154.665824,1,70583873.6128,0.0233798430552994
6239,6154.685824,2,70583893.888,0.0344714897453234
6240,6154.705824,1,70583913.5616,0.0233829163849448
6241,6154.725824,2,70583933.568,0.0345432007703813
6242,6154.745824,1,70583953.5872,0.023394185260311
6243,6154.765824,2,70583973.568,0.0345831540557707
6244,6154.785824,1,70583993.5872,0.0234956051386072
6245,6154.805824,2,70584013.6064,0.0345974962607823
6246,6154.825824,1,70584033.5744,0.0234863851496712
6247,6154.845824,2,70584053.7088,0.0347511627430492
6248,6154.865824,1,70584073.6512,0.0234710185014445
6249,6154.885824,2,70584093.6064,0.0346671583994099
6250,6154.905824,1,70584113.6512,0.0234269674431946
6251,6154.925824,2,70584133.76,0.0347788227098572
6252,6154.945824,1,70584153.5616,0.0233859897145901
6253,6154.965824,2,70584173.6064,0.0347357960948225
6254,6154.985824,1,70584193.5872,0.0233808674985146
6255,6155.005824,2,70584213.6576,0.034867949269572
6256,6155.025824,1,70584233.664,0.0234966295818223
6257,6155.045824,2,70584253.6192,0.034968344704653
6258,6155.065824,1,70584273.6384,0.023403405249247
6259,6155.085824,2,70584293.6576,0.0348966336795951
6260,6155.105824,1,70584313.6512,0.0234187718974737
6261,6155.125824,2,70584333.6448,0.0348054582334501
6262,6155.145824,1,70584353.6896,0.0234361874321306
6263,6155.165824,2,70584373.632,0.0348945847931649
6264,6155.185824,1,70584393.6512,0.0234177474542586
6265,6155.205824,2,70584413.6448,0.0347460405269736
6266,6155.225824,1,70584433.7408,0.0233767697256541
6267,6155.245824,2,70584454.0032,0.0346927694797877
6268,6155.265824,1,70584473.6384,0.0234648718421538
6269,6155.285824,2,70584493.6832,0.0346815006044215
6270,6155.305824,1,70584513.7152,0.0234269674431946
6271,6155.325824,2,70584533.76,0.0347634560616305
6272,6155.345824,1,70584553.6896,0.0234187718974737
6273,6155.365824,2,70584573.6704,0.0347849693691479
6274,6155.385824,1,70584593.6768,0.0234003319196017
6275,6155.405824,2,70584613.6448,0.0346989161390784
6276,6155.425824,1,70584633.7152,0.0234566762964329
6277,6155.445824,2,70584653.8624,0.0345688118507591
6278,6155.465824,1,70584673.792,0.0234454074210666
6279,6155.485824,2,70584693.6704,0.034658962853689
6280,6155.505824,1,70584713.7024,0.0234105763517528
6281,6155.525824,2,70584733.7216,0.0347921404716537
6282,6155.545824,1,70584753.6896,0.0234515540803573
6283,6155.565824,2,70584773.7088,0.0349468313971357
6284,6155.585824,1,70584793.7408,0.0233911119306657
6285,6155.605824,2,70584813.7344,0.0349621980453623
6286,6155.625824,1,70584833.6896,0.0234187718974737
6287,6155.645824,2,70584853.7216,0.0348546315077755
6288,6155.665824,1,70584873.6896,0.0233777941688692
6289,6155.685824,2,70584893.6576,0.0349212203167578
6290,6155.705824,1,70584913.7152,0.0233818919417297
6291,6155.725824,2,70584933.7216,0.0349755158071588
6292,6155.745824,1,70584953.7024,0.0233962341467412
6293,6155.765824,2,70584973.6832,0.0350841067879607
6294,6155.785824,1,70584993.728,0.0233706230663634
6295,6155.805824,2,70585013.696,0.0351148400844141
6296,6155.825824,1,70585033.856,0.0234105763517528
6297,6155.845824,2,70585053.8112,0.0351906488823325
6298,6155.865824,1,70585073.7408,0.0233736963960088
6299,6155.885824,2,70585093.696,0.0351885999959022
6300,6155.905824,1,70585113.7792,0.0233265720081136
6301,6155.925824,2,70585133.824,0.0351148400844141
6302,6155.945824,1,70585153.7792,0.023375745282439
6303,6155.965824,2,70585173.7216,0.0351240600733501
6304,6155.985824,1,70585193.7024,0.0232907164955847
6305,6156.005824,2,70585213.76,0.035149671153728
6306,6156.025824,1,70585233.7408,0.0232814965066486
6307,6156.045824,2,70585253.8624,0.0352531399184543
6308,6156.065824,1,70585273.7152,0.023321449792038
6309,6156.085824,2,70585293.7216,0.0352387977134427
6310,6156.105824,1,70585313.7536,0.0233419386563403
6311,6156.125824,2,70585334.144,0.0352326510541521
6312,6156.145824,1,70585353.8048,0.0233542319749216
6313,6156.165824,2,70585373.7984,0.0352736287827566
6314,6156.185824,1,70585393.9456,0.0233337431106194
6315,6156.205824,2,70585413.76,0.0351179134140595
6316,6156.225824,1,70585433.792,0.0232773987337882
6317,6156.245824,2,70585453.76,0.0350339090704202
6318,6156.265824,1,70585473.792,0.0233798430552994
6319,6156.285824,2,70585493.7984,0.035104595652263
6320,6156.305824,1,70585513.7792,0.0233040342573811
6321,6156.325824,2,70585533.8112,0.0349703935910832
6322,6156.345824,1,70585553.7792,0.0233439875427705
6323,6156.365824,2,70585573.7472,0.0348925359067347
6324,6156.385824,1,70585593.9584,0.0232630565287766
6325,6156.405824,2,70585613.7856,0.0348781937017231
6326,6156.425824,1,70585633.8048,0.0233552564181367
6327,6156.445824,2,70585653.8496,0.0349191714303276
6328,6156.465824,1,70585673.8048,0.0233890630442355
6329,6156.485824,2,70585693.8112,0.0347357960948225
6330,6156.505824,1,70585714.0992,0.0234464318642818
6331,6156.525824,2,70585733.8496,0.0347818960395025
6332,6156.545824,1,70585753.8432,0.0233767697256541
6333,6156.565824,2,70585773.8368,0.0347388694244678
6334,6156.585824,1,70585793.856,0.0234013563628168
6335,6156.605824,2,70585814.0672,0.0348085315630955
6336,6156.625824,1,70585833.8304,0.0233552564181367
6337,6156.645824,2,70585853.8112,0.034677402831561
6338,6156.665824,1,70585873.856,0.023448480750712
6339,6156.685824,2,70585894.0928,0.034704038355154
6340,6156.705824,1,70585913.8432,0.0234556518532178
6341,6156.725824,2,70585933.824,0.0346610117401192
6342,6156.745824,1,70585954.0096,0.0234279918864097
6343,6156.765824,2,70585973.8112,0.0347706271641363
6344,6156.785824,1,70585993.8816,0.0233552564181367
6345,6156.805824,2,70586013.824,0.0349068781117463
6346,6156.825824,1,70586033.8688,0.0233931608170959
6347,6156.845824,2,70586053.9008,0.0348474604052697
6348,6156.865824,1,70586073.8432,0.0233204253488229
6349,6156.885824,2,70586093.9264,0.0348218493248919
6350,6156.905824,1,70586113.8432,0.0233552564181367
6351,6156.925824,2,70586133.8368,0.0348372159731186
6352,6156.945824,1,70586154.2528,0.0233460364292007
6353,6156.965824,2,70586173.9136,0.0347357960948225
6354,6156.985824,1,70586193.856,0.0233818919417297
6355,6157.005824,2,70586213.8624,0.0347214538898109
6356,6157.025824,1,70586233.8688,0.023348085315631
6357,6157.045824,2,70586254.0032,0.0347911160284385
6358,6157.065824,1,70586273.8816,0.0233603786342123
6359,6157.085824,2,70586293.8624,0.0348822914745836
6360,6157.105824,1,70586314.048,0.0233419386563403
6361,6157.125824,2,70586334.0288,0.034867949269572
6362,6157.145824,1,70586353.8816,0.0233460364292007
6363,6157.165824,2,70586373.888,0.0348751203720778
6364,6157.185824,1,70586393.9968,0.0232978875980904
6365,6157.205824,2,70586413.8624,0.034822873768107
6366,6157.225824,1,70586434.368,0.0233132542463171
6367,6157.245824,2,70586454.0032,0.0348925359067347
6368,6157.265824,1,70586473.8688,0.0233583297477821
6369,6157.285824,2,70586494.4384,0.0350001024443215
6370,6157.305824,1,70586513.9456,0.0233890630442355
6371,6157.325824,2,70586533.888,0.0349570758292868
6372,6157.345824,1,70586553.9584,0.0233706230663634
6373,6157.365824,2,70586573.9136,0.0351783555637511
6374,6157.385824,1,70586593.9456,0.0233204253488229
6375,6157.405824,2,70586613.9136,0.0353053865224251
6376,6157.425824,1,70586633.9328,0.0234228696703342
6377,6157.445824,2,70586653.952,0.0354826151986395
6378,6157.465824,1,70586673.8944,0.0234628229557236
6379,6157.485824,2,70586693.9776,0.0353514864671051
6380,6157.505824,1,70586713.9584,0.023457700739648
6381,6157.525824,2,70586734.7712,0.0351414756080071
6382,6157.545824,1,70586754.0864,0.0234433585346364
6383,6157.565824,2,70586773.9904,0.0350984489929723
6384,6157.585824,1,70586793.9968,0.0235386317536419
6385,6157.605824,2,70586813.9264,0.0350605445940132
6386,6157.625824,1,70586833.984,0.0234730673878747
6387,6157.645824,2,70586854.3232,0.0349908824553855
6388,6157.665824,1,70586873.9584,0.0235314606511361
6389,6157.685824,2,70586893.9264,0.0349867846825251
6390,6157.705824,1,70586914.0352,0.0234699940582294
6391,6157.725824,2,70586933.9648,0.0348433626324093
6392,6157.745824,1,70586954.2272,0.0234505296371422
6393,6157.765824,2,70586973.9392,0.0347491138566189
6394,6157.785824,1,70586994.1376,0.0234915073657467
6395,6157.805824,2,70587014.2976,0.0347788227098572
6396,6157.825824,1,70587034.2528,0.0234751162743049
6397,6157.845824,2,70587054.08,0.0347460405269736
6398,6157.865824,1,70587074.2272,0.0234023808060319
6399,6157.885824,2,70587094.3488,0.0347798471530723
6400,6157.905824,1,70587114.3808,0.0234433585346364
6401,6157.925824,2,70587134.2976,0.0346815006044215
6402,6157.945824,1,70587154.0224,0.0234228696703342
6403,6157.965824,2,70587174.3488,0.0348997070092405
6404,6157.985824,1,70587193.9968,0.0233060831438113
6405,6158.005824,2,70587214.2848,0.0347921404716537
6406,6158.025824,1,70587234.1504,0.023403405249247
6407,6158.045824,2,70587254.08,0.034813653779171
6408,6158.065824,1,70587274.2144,0.0234279918864097
6409,6158.085824,2,70587294.0032,0.0348454115188395
6410,6158.105824,1,70587314.0736,0.0234177474542586
6411,6158.125824,2,70587334.1568,0.0349079025549614
6412,6158.145824,1,70587353.984,0.023448480750712
6413,6158.165824,2,70587373.9776,0.034949904726781
6414,6158.185824,1,70587394.24,0.0234843362632409
6415,6158.205824,2,70587414.3744,0.0349120003278218
6416,6158.225824,1,70587434.5856,0.02343004077284
6417,6158.245824,2,70587454.1312,0.0351650378019546
6418,6158.265824,1,70587474.0096,0.0234935562521769
6419,6158.285824,2,70587494.0672,0.0350451779457865
6420,6158.305824,1,70587514.048,0.02343004077284
6421,6158.325824,2,70587534.0416,0.0349642469317926
6422,6158.345824,1,70587554.1248,0.0234679451717991
6423,6158.365824,2,70587574.1696,0.0348802425881533
6424,6158.385824,1,70587594.0224,0.0234935562521769
6425,6158.405824,2,70587614.4128,0.0348392648595488
6426,6158.425824,1,70587634.0224,0.0234546274100027
6427,6158.445824,2,70587654.1056,0.0349017558956707
6428,6158.465824,1,70587674.112,0.0233911119306657
6429,6158.485824,2,70587694.272,0.0350277624111295
6430,6158.505824,1,70587714.0864,0.0234997029114676
6431,6158.525824,2,70587734.2208,0.035123035630135
6432,6158.545824,1,70587754.0608,0.0234956051386072
6433,6158.565824,2,70587774.0416,0.0349785891368041
6434,6158.585824,1,70587794.2528,0.0235355584239966
6435,6158.605824,2,70587814.464,0.0349130247710369
6436,6158.625824,1,70587834.2272,0.0234474563074969
6437,6158.645824,2,70587854.0416,0.0348034093470199
6438,6158.665824,1,70587874.0864,0.02343004077284
6439,6158.685824,2,70587894.4,0.0347542360726945
6440,6158.705824,1,70587914.9696,0.02347614071752
6441,6158.725824,2,70587934.0672,0.034694818366218
6442,6158.745824,1,70587954.1248,0.0234269674431946
6443,6158.765824,2,70587974.1312,0.0346722806154855
6444,6158.785824,1,70587994.0608,0.0234495051939271
6445,6158.805824,2,70588014.0672,0.0345974962607823
6446,6158.825824,1,70588034.1376,0.0234505296371422
6447,6158.845824,2,70588054.1056,0.0347019894687237
6448,6158.865824,1,70588074.0608,0.0234197963406888
6449,6158.885824,2,70588094.0672,0.0345339807814453
6450,6158.905824,1,70588114.1504,0.023412625238183
6451,6158.925824,2,70588134.08,0.0345913496014916
6452,6158.945824,1,70588154.5728,0.023357305304567
6453,6158.965824,2,70588174.0928,0.0347081361280144
6454,6158.985824,1,70588194.5728,0.0234259429999795
6455,6159.005824,2,70588214.0928,0.0347306738787469
6456,6159.025824,1,70588234.0992,0.0233972585899564
6457,6159.045824,2,70588255.1424,0.034722478333026
6458,6159.065824,1,70588274.1248,0.0234361874321306
6459,6159.085824,2,70588294.0928,0.0347470649701887
6460,6159.105824,1,70588314.4704,0.0234228696703342
6461,6159.125824,2,70588334.144,0.0347716516073514
6462,6159.145824,1,70588354.112,0.0233777941688692
6463,6159.165824,2,70588374.2336,0.0348259470977524
6464,6159.185824,1,70588394.112,0.0234679451717991
6465,6159.205824,2,70588414.6304,0.0348454115188395
6466,6159.225824,1,70588434.1504,0.0233173520191776
6467,6159.245824,2,70588454.5408,0.035076935685455
6468,6159.265824,1,70588474.56,0.0233829163849448
6469,6159.285824,2,70588494.9504,0.0350523490482923
6470,6159.305824,1,70588514.5984,0.0234372118753458
6471,6159.325824,2,70588534.656,0.0350482512754318
6472,6159.345824,1,70588554.1888,0.0234177474542586
6473,6159.365824,2,70588574.2464,0.0350021513307517
6474,6159.385824,1,70588594.2656,0.0233880386010203
6475,6159.405824,2,70588614.9632,0.0348659003831418
6476,6159.425824,1,70588634.1248,0.0234781896039503
6477,6159.445824,2,70588654.4768,0.0348638514967115
6478,6159.465824,1,70588674.176,0.0234607740692933
6479,6159.485824,2,70588694.1184,0.0347655049480607
6480,6159.505824,1,70588714.1632,0.0234617985125085
6481,6159.525824,2,70588734.336,0.0348187759952466
6482,6159.545824,1,70588754.1888,0.0234495051939271
6483,6159.565824,2,70588774.528,0.034822873768107
6484,6159.585824,1,70588794.5216,0.023403405249247
6485,6159.605824,2,70588814.3488,0.0349263425328334
6486,6159.625824,1,70588834.6496,0.0234413096482062
6487,6159.645824,2,70588854.1952,0.0349806380232344
6488,6159.665824,1,70588874.24,0.0234536029667875
6489,6159.685824,2,70588894.208,0.0348966336795951
6490,6159.705824,1,70588914.176,0.0234617985125085
6491,6159.725824,2,70588934.2336,0.0348536070645604
6492,6159.745824,1,70588954.4064,0.0234136496813982
6493,6159.765824,2,70588974.1696,0.0348515581781302
6494,6159.785824,1,70588994.2272,0.0234464318642818
6495,6159.805824,2,70589014.1824,0.0348536070645604
6496,6159.825824,1,70589034.24,0.023348085315631
6497,6159.845824,2,70589054.2592,0.0348157026656012
6498,6159.865824,1,70589074.2016,0.023403405249247
6499,6159.885824,2,70589094.208,0.0348157026656012
6500,6159.905824,1,70589114.3424,0.0232948142684451
6501,6159.925824,2,70589134.6304,0.0348997070092405
6502,6159.945824,1,70589154.2144,0.023330669780974
6503,6159.965824,2,70589174.208,0.0348249226545373
6504,6159.985824,1,70589194.3808,0.0233603786342123
6505,6160.005824,2,70589214.2208,0.0349970291146762
6506,6160.025824,1,70589235.392,0.0233726719527937
6507,6160.045824,2,70589254.2592,0.0349212203167578
6508,6160.065824,1,70589274.6496,0.0232722765177126
6509,6160.085824,2,70589294.208,0.0348443870756244
6510,6160.105824,1,70589314.9696,0.023366525293503
6511,6160.125824,2,70589335.1296,0.0348187759952466
6512,6160.145824,1,70589354.8032,0.0233614030774274
6513,6160.165824,2,70589374.7968,0.0347890671420083
6514,6160.185824,1,70589394.2528,0.0233347675538345
6515,6160.205824,2,70589414.7072,0.0348331182002582
6516,6160.225824,1,70589434.56,0.0233583297477821
6517,6160.245824,2,70589454.7584,0.0349068781117463
6518,6160.265824,1,70589474.2144,0.0234167230110435
6519,6160.285824,2,70589494.2592,0.0349970291146762
6520,6160.305824,1,70589514.24,0.0234935562521769
6521,6160.325824,2,70589534.5536,0.0350328846272051
6522,6160.345824,1,70589554.2784,0.0234781896039503
6523,6160.365824,2,70589574.4128,0.0350615690372283
6524,6160.385824,1,70589594.2656,0.0234781896039503
6525,6160.405824,2,70589614.2208,0.0349857602393099
6526,6160.425824,1,70589634.4064,0.0234474563074969
6527,6160.445824,2,70589654.3616,0.0350031757739669
6528,6160.465824,1,70589674.2528,0.0234361874321306
6529,6160.485824,2,70589694.2336,0.0350431290593562
6530,6160.505824,1,70589714.24,0.0234884340361014
6531,6160.525824,2,70589734.592,0.0350851312311759
6532,6160.545824,1,70589754.3808,0.0234249185567644
6533,6160.565824,2,70589774.2848,0.034940684737845
6534,6160.585824,1,70589794.2528,0.0235232651054152
6535,6160.605824,2,70589814.4128,0.0347665293912758
6536,6160.625824,1,70589834.304,0.0234730673878747
6537,6160.645824,2,70589854.2592,0.0347737004937816
6538,6160.665824,1,70589874.2912,0.0234382363185609
6539,6160.685824,2,70589894.6304,0.0348013604605897
6540,6160.705824,1,70589914.2784,0.0234781896039503
6541,6160.725824,2,70589934.3104,0.0347163316737353
6542,6160.745824,1,70589954.8928,0.0234177474542586
6543,6160.765824,2,70589974.8608,0.0348536070645604
6544,6160.785824,1,70589994.3168,0.0235324850943512
6545,6160.805824,2,70590014.4896,0.0348710225992173
6546,6160.825824,1,70590034.3424,0.0235007273546827
6547,6160.845824,2,70590054.5536,0.0349109758846067
6548,6160.865824,1,70590074.3168,0.0233112053598869
6549,6160.885824,2,70590094.8352,0.035158891142664
6550,6160.905824,1,70590114.3296,0.0234156985678284
6551,6160.925824,2,70590134.3104,0.0352172844059254
6552,6160.945824,1,70590154.3296,0.0234105763517528
6553,6160.965824,2,70590174.3488,0.0352623599073903
6554,6160.985824,1,70590194.4064,0.0234320896592702
6555,6161.005824,2,70590214.3488,0.0353678775585469
6556,6161.025824,1,70590234.3424,0.0234218452271191
6557,6161.045824,2,70590254.8608,0.0351855266662569
6558,6161.065824,1,70590274.3296,0.0234167230110435
6559,6161.085824,2,70590294.336,0.0351199623004897
6560,6161.105824,1,70590314.3936,0.023448480750712
6561,6161.125824,2,70590334.3744,0.0351353289487164
6562,6161.145824,1,70590354.9696,0.0234095519085377
6563,6161.165824,2,70590374.9888,0.0351086934251234
6564,6161.185824,1,70590394.3808,0.023321449792038
6565,6161.205824,2,70590415.1936,0.0351035712090479
6566,6161.225824,1,70590434.4448,0.0233173520191776
6567,6161.245824,2,70590454.3872,0.0352818243284775
6568,6161.265824,1,70590474.3808,0.0232722765177126
6569,6161.285824,2,70590494.4256,0.0353166553977913
6570,6161.305824,1,70590514.3936,0.0233993074763866
6571,6161.325824,2,70590534.5024,0.0352213821787858
6572,6161.345824,1,70590554.4448,0.0233501342020612
6573,6161.365824,2,70590574.7584,0.0351107423115537
6574,6161.385824,1,70590594.4192,0.0234361874321306
6575,6161.405824,2,70590614.4896,0.034949904726781
6576,6161.425824,1,70590634.3808,0.0234197963406888
6577,6161.445824,2,70590655.0784,0.0349201958735427
6578,6161.465824,1,70590674.4448,0.0233398897699101
6579,6161.485824,2,70590694.3744,0.0348116048927408
6580,6161.505824,1,70590714.4448,0.0233890630442355
6581,6161.525824,2,70590735.1168,0.034822873768107
6582,6161.545824,1,70590754.3936,0.023403405249247
6583,6161.565824,2,70590774.6304,0.03489560923638
6584,6161.585824,1,70590794.4448,0.0234197963406888
6585,6161.605824,2,70590814.6816,0.0351107423115537
6586,6161.625824,1,70590834.3808,0.0233450119859856
6587,6161.645824,2,70590854.4896,0.0352562132480997
6588,6161.665824,1,70590874.5088,0.023394185260311
6589,6161.685824,2,70590894.3744,0.035113815641199
6590,6161.705824,1,70590916.224,0.0233911119306657
6591,6161.725824,2,70590934.7712,0.0349417091810601
6592,6161.745824,1,70590955.1232,0.0234064785788924
6593,6161.765824,2,70590974.6176,0.0347747249369967
6594,6161.785824,1,70590995.3792,0.0233603786342123
6595,6161.805824,2,70591014.4128,0.0346917450365726
6596,6161.825824,1,70591034.3936,0.0234044296924621
6597,6161.845824,2,70591054.4256,0.0346200340115147
6598,6161.865824,1,70591074.3936,0.023321449792038
6599,6161.885824,2,70591094.464,0.0345513963161022
6600,6161.905824,1,70591114.5088,0.0234095519085377
6601,6161.925824,2,70591134.4384,0.0344940274960559
6602,6161.945824,1,70591154.4448,0.0233870141578052
6603,6161.965824,2,70591174.4512,0.0344479275513758
6604,6161.985824,1,70591194.432,0.0233511586452763
6605,6162.005824,2,70591215.2832,0.0344643186428176
6606,6162.025824,1,70591234.5216,0.0233439875427705
6607,6162.045824,2,70591254.4896,0.0344848075071199
6608,6162.065824,1,70591274.816,0.0232999364845207
6609,6162.085824,2,70591294.4256,0.0344602208699572
6610,6162.105824,1,70591314.4448,0.0233009609277358
6611,6162.125824,2,70591334.656,0.0346374495461717
6612,6162.145824,1,70591354.4576,0.0233644764070728
6613,6162.165824,2,70591374.4512,0.0350687401397341
6614,6162.185824,1,70591394.4832,0.0233542319749216
6615,6162.205824,2,70591414.464,0.0349417091810601
6616,6162.225824,1,70591434.4832,0.0233624275206425
6617,6162.245824,2,70591454.464,0.0348792181449382
6618,6162.265824,1,70591474.4576,0.023357305304567
6619,6162.285824,2,70591494.8736,0.0347491138566189
6620,6162.305824,1,70591514.4832,0.0233706230663634
6621,6162.325824,2,70591534.5024,0.034622082897945
6622,6162.345824,1,70591554.5088,0.0233880386010203
6623,6162.365824,2,70591574.4768,0.0346169606818694
6624,6162.385824,1,70591594.8544,0.0234146741246133
6625,6162.405824,2,70591614.4768,0.0345667629643289
6626,6162.425824,1,70591634.4704,0.023384965271375
6627,6162.445824,2,70591654.5152,0.0344796852910443
6628,6162.465824,1,70591674.5088,0.0234197963406888
6629,6162.485824,2,70591694.4896,0.0344591964267421
6630,6162.505824,1,70591714.496,0.0234013563628168
6631,6162.525824,2,70591735.3216,0.0344827586206897
6632,6162.545824,1,70591755.1488,0.0233644764070728
6633,6162.565824,2,70591775.3984,0.0345790562829102
6634,6162.585824,1,70591794.5088,0.0233542319749216
6635,6162.605824,2,70591814.5152,0.0346333517733112
6636,6162.625824,1,70591834.5344,0.0234382363185609
6637,6162.645824,2,70591854.5152,0.0346466695351077
6638,6162.665824,1,70591874.8288,0.0234238941135493
6639,6162.685824,2,70591894.7456,0.0346374495461717
6640,6162.705824,1,70591914.5216,0.0233695986231483
6641,6162.725824,2,70591934.5408,0.0346087651361485
6642,6162.745824,1,70591954.5344,0.0233675497367181
6643,6162.765824,2,70591974.6176,0.0346425717622472
6644,6162.785824,1,70591994.6752,0.0233716475095785
6645,6162.805824,2,70592014.5152,0.0346733050587006
6646,6162.825824,1,70592034.5984,0.0233839408281599
6647,6162.845824,2,70592054.5408,0.0345339807814453
6648,6162.865824,1,70592074.5472,0.0233900874874506
6649,6162.885824,2,70592094.7072,0.034331141024853
6650,6162.905824,1,70592114.56,0.0233767697256541
6651,6162.925824,2,70592134.5408,0.0342983588419694
6652,6162.945824,1,70592154.5728,0.0233675497367181
6653,6162.965824,2,70592174.5536,0.0342379166922777
6654,6162.985824,1,70592194.6368,0.0233993074763866
6655,6163.005824,2,70592214.5536,0.0342256233736964
6656,6163.025824,1,70592234.5856,0.0233931608170959
6657,6163.045824,2,70592254.5536,0.0343270432519925
6658,6163.065824,1,70592274.5728,0.0234187718974737
6659,6163.085824,2,70592294.5408,0.0343751920831028
6660,6163.105824,1,70592314.5728,0.0233777941688692
6661,6163.125824,2,70592335.0656,0.0343290921384228
6662,6163.145824,1,70592354.5728,0.0234351629889155
6663,6163.165824,2,70592374.5536,0.0344120720388469
6664,6163.185824,1,70592394.5856,0.0233593541909972
6665,6163.205824,2,70592414.6048,0.0345667629643289
6666,6163.225824,1,70592434.6624,0.0234013563628168
6667,6163.245824,2,70592454.7968,0.0346251562275903
6668,6163.265824,1,70592474.6368,0.0233071075870264
6669,6163.285824,2,70592494.6176,0.0346005695904276
6670,6163.305824,1,70592514.5984,0.0233491097588461
6671,6163.325824,2,70592534.5792,0.0345852029422009
6672,6163.345824,1,70592554.6368,0.023412625238183
6673,6163.365824,2,70592574.5536,0.0346784272747762
6674,6163.385824,1,70592594.7904,0.0233562808613519
6675,6163.405824,2,70592614.6304,0.0347357960948225
6676,6163.425824,1,70592634.6752,0.0233695986231483
6677,6163.445824,2,70592654.6816,0.034658962853689
6678,6163.465824,1,70592674.6752,0.023366525293503
6679,6163.485824,2,70592694.6304,0.0345708607371893
6680,6163.505824,1,70592714.7008,0.0233337431106194
6681,6163.525824,2,70592734.6176,0.0346097895793636
6682,6163.545824,1,70592754.6112,0.0233368164402647
6683,6163.565824,2,70592774.9376,0.0346456450918926
6684,6163.585824,1,70592794.6624,0.0233593541909972
6685,6163.605824,2,70592814.6048,0.0346435962054623
6686,6163.625824,1,70592834.6496,0.0233234986784682
6687,6163.645824,2,70592854.6304,0.0346384739893868
6688,6163.665824,1,70592874.7008,0.0233091564734567
6689,6163.685824,2,70592894.6304,0.0347573094023398
6690,6163.705824,1,70592914.6624,0.0233224742352531
6691,6163.725824,2,70592934.656,0.0348218493248919
6692,6163.745824,1,70592954.6624,0.0233993074763866
6693,6163.765824,2,70592974.848,0.0346999405822935
6694,6163.785824,1,70592994.6496,0.0233060831438113
6695,6163.805824,2,70593014.6688,0.0346435962054623
6696,6163.825824,1,70593034.6496,0.023330669780974
6697,6163.845824,2,70593054.656,0.0346118384657938
6698,6163.865824,1,70593074.7008,0.0232917409387998
6699,6163.885824,2,70593094.6688,0.03444075644887
6700,6163.905824,1,70593114.7008,0.0233470608724158
6701,6163.925824,2,70593134.6816,0.0343864609584691
6702,6163.945824,1,70593154.6624,0.0233327186674043
6703,6163.965824,2,70593174.6944,0.034403876493126
6704,6163.985824,1,70593195.52,0.0233982830331715
6705,6164.005824,2,70593214.72,0.0344335853463643
6706,6164.025824,1,70593234.688,0.0233398897699101
6707,6164.045824,2,70593254.72,0.0345145163603581
6708,6164.065824,1,70593274.7136,0.023366525293503
6709,6164.085824,2,70593294.6688,0.0345964718175671
6710,6164.105824,1,70593314.752,0.023375745282439
6711,6164.125824,2,70593334.6816,0.0345554940889626
6712,6164.145824,1,70593354.7008,0.0233357919970496
6713,6164.165824,2,70593374.7584,0.0346999405822935
6714,6164.185824,1,70593394.688,0.0233511586452763
6715,6164.205824,2,70593414.7072,0.0348669248263569
6716,6164.225824,1,70593434.7008,0.0233583297477821
6717,6164.245824,2,70593454.7328,0.0348157026656012
6718,6164.265824,1,70593474.688,0.0233808674985146
6719,6164.285824,2,70593494.7072,0.0348177515520315
6720,6164.305824,1,70593514.7264,0.0232517876534104
6721,6164.325824,2,70593534.8736,0.0345933984879218
6722,6164.345824,1,70593554.7136,0.0232630565287766
6723,6164.365824,2,70593574.6944,0.0344438297785154
6724,6164.385824,1,70593594.7264,0.0233777941688692
6725,6164.405824,2,70593615.2192,0.034267625545516
6726,6164.425824,1,70593634.7136,0.0233644764070728
6727,6164.445824,2,70593655.7184,0.0342123056118999
6728,6164.465824,1,70593675.4816,0.0233388653266949
6729,6164.485824,2,70593694.7584,0.0342614788862253
6730,6164.505824,1,70593714.7776,0.0233286208945438
6731,6164.525824,2,70593734.9632,0.0343178232630565
6732,6164.545824,1,70593754.7136,0.0233163275759625
6733,6164.565824,2,70593774.7712,0.0342286967033417
6734,6164.585824,1,70593794.7648,0.0233224742352531
6735,6164.605824,2,70593814.8608,0.0342379166922777
6736,6164.625824,1,70593834.9568,0.0233429630995554
6737,6164.645824,2,70593854.7584,0.0342666011023009
6738,6164.665824,1,70593874.7904,0.0233347675538345
6739,6164.685824,2,70593894.7584,0.0344479275513758
6740,6164.705824,1,70593914.7392,0.0233153031327474
6741,6164.725824,2,70593934.7584,0.0346169606818694
6742,6164.745824,1,70593954.8032,0.0233173520191776
6743,6164.765824,2,70593974.7584,0.0344356342327945
6744,6164.785824,1,70593994.752,0.0233747208392239
6745,6164.805824,2,70594014.848,0.0342840166369578
6746,6164.825824,1,70594034.7904,0.0233337431106194
6747,6164.845824,2,70594054.784,0.034213330055115
6748,6164.865824,1,70594074.7648,0.0232630565287766
6749,6164.885824,2,70594094.784,0.0341866945315221
6750,6164.905824,1,70594114.7904,0.0232917409387998
6751,6164.925824,2,70594135.104,0.0341825967586617
6752,6164.945824,1,70594155.0848,0.0233378408834798
6753,6164.965824,2,70594174.7712,0.0341754256561559
6754,6164.985824,1,70594194.8032,0.0232896920523695
6755,6165.005824,2,70594214.784,0.0342379166922777
6756,6165.025824,1,70594234.8032,0.0232876431659393
6757,6165.045824,2,70594254.8352,0.0341641567807896
6758,6165.065824,1,70594274.816,0.0232917409387998
6759,6165.085824,2,70594294.8096,0.0342225500440511
6760,6165.105824,1,70594314.8288,0.0232712520744975
6761,6165.125824,2,70594334.8352,0.0341918167475977
6762,6165.145824,1,70594354.8032,0.0233962341467412
6763,6165.165824,2,70594375.2576,0.0341590345647141
6764,6165.185824,1,70594394.816,0.0234218452271191
6765,6165.205824,2,70594414.7968,0.0341887434179523
6766,6165.225824,1,70594434.8416,0.0233788186120843
6767,6165.245824,2,70594454.8352,0.0341098612903887
6768,6165.265824,1,70594475.4944,0.0233859897145901
6769,6165.285824,2,70594495.3344,0.0342061589526093
6770,6165.305824,1,70594514.8032,0.023284569836294
6771,6165.325824,2,70594534.8736,0.0340320036060401
6772,6165.345824,1,70594554.8416,0.0233296453377589
6773,6165.365824,2,70594574.7968,0.034112934620034
6774,6165.385824,1,70594594.816,0.0233644764070728
6775,6165.405824,2,70594614.8608,0.034213330055115
6776,6165.425824,1,70594634.8288,0.0233603786342123
6777,6165.445824,2,70594654.9888,0.0342553322269347
6778,6165.465824,1,70594674.8032,0.0233644764070728
6779,6165.485824,2,70594694.8352,0.0342430389083533
6780,6165.505824,1,70594714.8544,0.0233337431106194
6781,6165.525824,2,70594734.8608,0.0345175896900035
6782,6165.545824,1,70594754.9312,0.0233286208945438
6783,6165.565824,2,70594774.8608,0.0345329563382302
6784,6165.585824,1,70594794.88,0.0233644764070728
6785,6165.605824,2,70594815.4624,0.0344622697563874
6786,6165.625824,1,70594834.88,0.0234556518532178
6787,6165.645824,2,70594855.232,0.0344786608478292
6788,6165.665824,1,70594874.8416,0.0233890630442355
6789,6165.685824,2,70594895.4752,0.0343075788309054
6790,6165.705824,1,70594915.2,0.0233603786342123
6791,6165.725824,2,70594934.8608,0.0344151453684922
6792,6165.745824,1,70594955.0592,0.0234320896592702
6793,6165.765824,2,70594974.8608,0.0344284631302887
6794,6165.785824,1,70594994.8928,0.0234085274653226
6795,6165.805824,2,70595014.848,0.034413096482062
6796,6165.825824,1,70595034.8544,0.0234238941135493
6797,6165.845824,2,70595054.9248,0.034331141024853
6798,6165.865824,1,70595074.8928,0.0233552564181367
6799,6165.885824,2,70595094.912,0.0343690454238122
6800,6165.905824,1,70595114.9312,0.023384965271375
6801,6165.925824,2,70595134.8992,0.0344735386317536
6802,6165.945824,1,70595154.9568,0.0233982830331715
6803,6165.965824,2,70595174.9376,0.034413096482062
6804,6165.985824,1,70595194.88,0.023403405249247
6805,6166.005824,2,70595214.9248,0.0342532833405044
6806,6166.025824,1,70595235.52,0.0233655008502879
6807,6166.045824,2,70595254.8992,0.0343270432519925
6808,6166.065824,1,70595274.9312,0.0233870141578052
6809,6166.085824,2,70595294.8864,0.0342655766590858
6810,6166.105824,1,70595314.9184,0.0233409142131252
6811,6166.125824,2,70595334.912,0.0342420144651382
6812,6166.145824,1,70595355.5456,0.0233224742352531
6813,6166.165824,2,70595374.9504,0.0342963099555392
6814,6166.185824,1,70595394.9696,0.023366525293503
6815,6166.205824,2,70595414.912,0.03439465650419
6816,6166.225824,1,70595434.9056,0.023375745282439
6817,6166.245824,2,70595454.9248,0.0344428053353003
6818,6166.265824,1,70595474.944,0.023312229803102
6819,6166.285824,2,70595494.8864,0.0344889052799803
6820,6166.305824,1,70595514.9312,0.0233409142131252
6821,6166.325824,2,70595534.9248,0.0344305120167189
6822,6166.345824,1,70595554.944,0.023403405249247
6823,6166.365824,2,70595575.3728,0.0343506054459401
6824,6166.385824,1,70595595.0336,0.0233644764070728
6825,6166.405824,2,70595614.9632,0.0343157743766263
6826,6166.425824,1,70595635.776,0.0234023808060319
6827,6166.445824,2,70595654.9376,0.0342594299997951
6828,6166.465824,1,70595675.3536,0.0233726719527937
6829,6166.485824,2,70595694.9376,0.0343362632409286
6830,6166.505824,1,70595715.2768,0.0234290163296248
6831,6166.525824,2,70595734.9888,0.0343270432519925
6832,6166.545824,1,70595754.9568,0.0233675497367181
6833,6166.565824,2,70595774.976,0.0345360296678755
6834,6166.585824,1,70595794.9568,0.0233132542463171
6835,6166.605824,2,70595814.9504,0.0345360296678755
6836,6166.625824,1,70595834.9824,0.0233388653266949
6837,6166.645824,2,70595855.5904,0.0345893007150614
6838,6166.665824,1,70595875.6992,0.0233829163849448
6839,6166.685824,2,70595894.9888,0.0345421763271662
6840,6166.705824,1,70595914.9952,0.0233736963960088
6841,6166.725824,2,70595934.976,0.0345872518286311
6842,6166.745824,1,70595955.3024,0.0233788186120843
6843,6166.765824,2,70595974.9888,0.0345155408035733
6844,6166.785824,1,70595994.9952,0.0234382363185609
6845,6166.805824,2,70596015.1808,0.0345893007150614
6846,6166.825824,1,70596036.0192,0.0234361874321306
6847,6166.845824,2,70596055.0144,0.0345114430307128
6848,6166.865824,1,70596074.9952,0.0234269674431946
6849,6166.885824,2,70596094.976,0.0346179851250845
6850,6166.905824,1,70596115.0592,0.0233286208945438
6851,6166.925824,2,70596135.0144,0.0347347716516073
6852,6166.945824,1,70596155.6864,0.0234361874321306
6853,6166.965824,2,70596177.0496,0.034813653779171
6854,6166.985824,1,70596195.0336,0.0233993074763866
6855,6167.005824,2,70596215.0528,0.0347972626877292
6856,6167.025824,1,70596235.0208,0.0234228696703342
6857,6167.045824,2,70596255.04,0.0346907205933575
6858,6167.065824,1,70596275.264,0.0234095519085377
6859,6167.085824,2,70596295.04,0.0348146782223861
6860,6167.105824,1,70596315.7888,0.0234105763517528
6861,6167.125824,2,70596336.0768,0.0348054582334501
6862,6167.145824,1,70596355.072,0.0234730673878747
6863,6167.165824,2,70596375.7312,0.0348085315630955
6864,6167.185824,1,70596395.0848,0.023502776241113
6865,6167.205824,2,70596415.168,0.034904829225316
6866,6167.225824,1,70596435.072,0.023448480750712
6867,6167.245824,2,70596455.1424,0.0347398938676829
6868,6167.265824,1,70596475.0336,0.0234495051939271
6869,6167.285824,2,70596495.8336,0.0347870182555781
6870,6167.305824,1,70596515.0848,0.023466920728584
6871,6167.325824,2,70596535.168,0.0347870182555781
6872,6167.345824,1,70596555.0848,0.0234413096482062
6873,6167.365824,2,70596575.552,0.0349878091257402
6874,6167.385824,1,70596595.0848,0.0234177474542586
6875,6167.405824,2,70596615.1168,0.034867949269572
6876,6167.425824,1,70596635.4944,0.0233993074763866
6877,6167.445824,2,70596655.104,0.0348126293359559
6878,6167.465824,1,70596675.072,0.023439260761776
6879,6167.485824,2,70596695.0656,0.0348536070645604
6880,6167.505824,1,70596715.6992,0.0234505296371422
6881,6167.525824,2,70596735.0912,0.0349191714303276
6882,6167.545824,1,70596755.072,0.0234013563628168
6883,6167.565824,2,70596775.232,0.0348433626324093
6884,6167.585824,1,70596795.6224,0.0234095519085377
6885,6167.605824,2,70596815.6544,0.03503186018399
6886,6167.625824,1,70596835.0976,0.0234259429999795
6887,6167.645824,2,70596855.104,0.0349744913639437
6888,6167.665824,1,70596876.8384,0.0233419386563403
6889,6167.685824,2,70596895.8592,0.0347706271641363
6890,6167.705824,1,70596915.136,0.0234320896592702
6891,6167.725824,2,70596935.104,0.0347091605712295
6892,6167.745824,1,70596955.1104,0.0233470608724158
6893,6167.765824,2,70596975.1296,0.0345995451472125
6894,6167.785824,1,70596995.1872,0.0233491097588461
6895,6167.805824,2,70597015.104,0.0346149117954392
6896,6167.825824,1,70597035.1104,0.0232825209498638
6897,6167.845824,2,70597055.1808,0.0345093941442826
6898,6167.865824,1,70597075.5584,0.0233695986231483
6899,6167.885824,2,70597095.1424,0.0345411518839511
6900,6167.905824,1,70597115.1104,0.0233982830331715
6901,6167.925824,2,70597135.1296,0.0345196385764337
6902,6167.945824,1,70597155.1488,0.0233439875427705
6903,6167.965824,2,70597175.1168,0.034549347429672
6904,6167.985824,1,70597195.1232,0.0232948142684451
6905,6168.005824,2,70597215.1424,0.0345534452025324
6906,6168.025824,1,70597235.1616,0.0232855942795091
6907,6168.045824,2,70597255.168,0.0345575429753929
6908,6168.065824,1,70597275.2384,0.0232702276312824
6909,6168.085824,2,70597295.1296,0.0345247607925093
6910,6168.105824,1,70597315.7888,0.0232692031880673
6911,6168.125824,2,70597335.1424,0.0345093941442826
6912,6168.145824,1,70597355.1488,0.0233040342573811
6913,6168.165824,2,70597375.1936,0.03444075644887
6914,6168.185824,1,70597395.1616,0.0232036388223001
6915,6168.205824,2,70597415.8592,0.0344325609031491
6916,6168.225824,1,70597435.1616,0.023202614379085
6917,6168.245824,2,70597455.1552,0.0343710943102424
6918,6168.265824,1,70597475.1616,0.0232640809719917
6919,6168.285824,2,70597495.1808,0.0343608498780913
6920,6168.305824,1,70597515.1616,0.0232138832544512
6921,6168.325824,2,70597535.168,0.0343608498780913
6922,6168.345824,1,70597555.2128,0.0232128588112361
6923,6168.365824,2,70597575.168,0.0343342143544983
6924,6168.385824,1,70597595.1744,0.0231739299690618
6925,6168.405824,2,70597615.2064,0.03439465650419
6926,6168.425824,1,70597635.2256,0.0232056877087303
6927,6168.445824,2,70597655.36,0.0344059253795562
6928,6168.465824,1,70597675.456,0.0233060831438113
6929,6168.485824,2,70597695.1936,0.0344479275513758
6930,6168.505824,1,70597715.3664,0.0233101809166718
6931,6168.525824,2,70597735.1424,0.0344796852910443
6932,6168.545824,1,70597755.264,0.0233614030774274
6933,6168.565824,2,70597775.3984,0.0345923740447067
6934,6168.585824,1,70597795.2,0.0233286208945438
6935,6168.605824,2,70597815.488,0.0346190095682996
6936,6168.625824,1,70597835.328,0.0233194009056078
6937,6168.645824,2,70597855.2064,0.0346231073411601
6938,6168.665824,1,70597875.2,0.0233347675538345
6939,6168.685824,2,70597895.2064,0.0347368205380376
6940,6168.705824,1,70597915.2,0.0232989120413055
6941,6168.725824,2,70597935.2064,0.0347429671973283
6942,6168.745824,1,70597955.8784,0.0232692031880673
6943,6168.765824,2,70597975.2192,0.0349642469317926
6944,6168.785824,1,70597995.2256,0.0232917409387998
6945,6168.805824,2,70598015.2192,0.0350113713196877
6946,6168.825824,1,70598035.2384,0.0233163275759625
6947,6168.845824,2,70598055.7568,0.0351640133587395
6948,6168.865824,1,70598075.2512,0.0233521830884914
6949,6168.885824,2,70598095.232,0.0352377732702276
6950,6168.905824,1,70598115.2512,0.0233726719527937
6951,6168.925824,2,70598135.2192,0.0351681111316
6952,6168.945824,1,70598155.2512,0.0233316942241892
6953,6168.965824,2,70598175.2704,0.035158891142664
6954,6168.985824,1,70598195.2256,0.0233798430552994
6955,6169.005824,2,70598215.296,0.0352367488270125
6956,6169.025824,1,70598235.264,0.0233870141578052
6957,6169.045824,2,70598255.2448,0.0352121621898498
6958,6169.065824,1,70598275.8912,0.0233982830331715
6959,6169.085824,2,70598295.2448,0.0352326510541521
6960,6169.105824,1,70598315.2512,0.0233788186120843
6961,6169.125824,2,70598335.296,0.0351035712090479
6962,6169.145824,1,70598355.3152,0.0233644764070728
6963,6169.165824,2,70598375.3344,0.0351015223226177
6964,6169.185824,1,70598395.2768,0.0233112053598869
6965,6169.205824,2,70598415.7568,0.0350923023336816
6966,6169.225824,1,70598435.328,0.0232784231770033
6967,6169.245824,2,70598455.3216,0.0351670866883849
6968,6169.265824,1,70598477.5424,0.0233224742352531
6969,6169.285824,2,70598495.3216,0.0350421046161411
6970,6169.305824,1,70598515.584,0.0233101809166718
6971,6169.325824,2,70598535.2832,0.0352469932591636
6972,6169.345824,1,70598555.328,0.0233153031327474
6973,6169.365824,2,70598575.2832,0.0352633843506054
6974,6169.385824,1,70598595.7376,0.0233060831438113
6975,6169.405824,2,70598615.3088,0.0353791464339132
6976,6169.425824,1,70598635.3024,0.0232312987891081
6977,6169.445824,2,70598655.3472,0.035359682012826
6978,6169.465824,1,70598675.3664,0.0232978875980904
6979,6169.485824,2,70598697.1648,0.0352357243837974
6980,6169.505824,1,70598715.328,0.0232917409387998
6981,6169.525824,2,70598735.7056,0.035359682012826
6982,6169.545824,1,70598755.392,0.0232773987337882
6983,6169.565824,2,70598776.7296,0.0352644087938206
6984,6169.585824,1,70598795.3152,0.0232722765177126
6985,6169.605824,2,70598815.3088,0.0352695310098961
6986,6169.625824,1,70598835.3408,0.0232630565287766
6987,6169.645824,2,70598855.3216,0.0352848976581228
6988,6169.665824,1,70598875.3664,0.0232804720634335
6989,6169.685824,2,70598895.3472,0.0353617308992563
6990,6169.705824,1,70598915.3536,0.023303009814166
6991,6169.725824,2,70598935.3728,0.0353176798410064
6992,6169.745824,1,70598957.5168,0.0232692031880673
6993,6169.765824,2,70598975.3344,0.0352193332923556
6994,6169.785824,1,70598995.4304,0.0232517876534104
6995,6169.805824,2,70599015.36,0.0352039666441289
6996,6169.825824,1,70599035.392,0.0232476898805499
6997,6169.845824,2,70599055.36,0.0351384022783617
6998,6169.865824,1,70599077.44,0.0232733009609277
6999,6169.885824,2,70599095.4624,0.0351220111869199
7000,6169.905824,1,70599115.3664,0.0233183764623927
7001,6169.925824,2,70599135.8336,0.0350636179236585
7002,6169.945824,1,70599155.3536,0.0233194009056078
7003,6169.965824,2,70599175.3856,0.0349355625217694
7004,6169.985824,1,70599195.3408,0.023330669780974
7005,6170.005856,2,70599215.3984,0.0348792181449382
7006,6170.025856,1,70599235.84,0.0233194009056078
7007,6170.045856,2,70599255.3728,0.0351414756080071
7008,6170.065856,1,70599275.4048,0.0233173520191776
7009,6170.085856,2,70599295.4112,0.035149671153728
7010,6170.105856,1,70599315.392,0.0233337431106194
7011,6170.125856,2,70599335.3856,0.0350011268875366
7012,6170.145856,1,70599355.9424,0.0233234986784682
7013,6170.165856,2,70599375.3728,0.0348894625770894
7014,6170.185856,1,70599395.392,0.0233163275759625
7015,6170.205856,2,70599415.3728,0.034886389247444
7016,6170.225856,1,70599435.904,0.0232599831991313
7017,6170.245856,2,70599455.5008,0.0349703935910832
7018,6170.265856,1,70599475.392,0.0233880386010203
7019,6170.285856,2,70599495.5904,0.0349017558956707
7020,6170.305856,1,70599515.8272,0.0233501342020612
7021,6170.325856,2,70599536.1408,0.0349847357960948
7022,6170.345856,1,70599555.4048,0.023303009814166
7023,6170.365856,2,70599575.4112,0.034877169258508
7024,6170.385856,1,70599596.0576,0.0232907164955847
7025,6170.405856,2,70599615.4112,0.0348853648042289
7026,6170.425856,1,70599636.1088,0.0232999364845207
7027,6170.445856,2,70599655.3984,0.0349242936464032
7028,6170.465856,1,70599675.6224,0.0232077365951605
7029,6170.485856,2,70599697.4592,0.0349437580674903
7030,6170.505856,1,70599715.6992,0.0232784231770033
7031,6170.525856,2,70599735.4368,0.035050300161862
7032,6170.545856,1,70599755.4688,0.0232866187227242
7033,6170.565856,2,70599775.4368,0.0350175179789784
7034,6170.585856,1,70599795.4432,0.0233583297477821
7035,6170.605856,2,70599815.4752,0.0350462023890016
7036,6170.625856,1,70599835.456,0.0233501342020612
7037,6170.645856,2,70599855.4368,0.0349529780564263
7038,6170.665856,1,70599875.4304,0.0233060831438113
7039,6170.685856,2,70599895.5264,0.0349458069539205
7040,6170.705856,1,70599918.4,0.0232896920523695
7041,6170.725856,2,70599936.4608,0.0348259470977524
7042,6170.745856,1,70599955.456,0.0233900874874506
7043,6170.765856,2,70599977.5232,0.0348095560063106
7044,6170.785856,1,70599995.5072,0.0233081320302416
7045,6170.805856,2,70600015.4624,0.0347747249369967
7046,6170.825856,1,70600035.7888,0.0233347675538345
7047,6170.845856,2,70600056.4736,0.0349960046714611
7048,6170.865856,1,70600075.4944,0.0233132542463171
7049,6170.885856,2,70600095.488,0.0350933267768968
7050,6170.905856,1,70600116.224,0.0233153031327474
7051,6170.925856,2,70600135.5136,0.0352162599627103
7052,6170.945856,1,70600155.5584,0.0232558854262708
7053,6170.965856,2,70600175.488,0.035286946544553
7054,6170.985856,1,70600195.4816,0.023312229803102
7055,6171.005856,2,70600215.5392,0.0352521154752392
7056,6171.025856,1,70600235.4944,0.0233183764623927
7057,6171.045856,2,70600255.8592,0.0351834777798267
7058,6171.065856,1,70600275.776,0.0232610076423464
7059,6171.085856,2,70600295.4752,0.0351537689265884
7060,6171.105856,1,70600315.4816,0.023266129858422
7061,6171.125856,2,70600335.5264,0.0350369824000656
7062,6171.145856,1,70600355.5072,0.0232784231770033
7063,6171.165856,2,70600375.5392,0.0350123957629029
7064,6171.185856,1,70600395.52,0.0233163275759625
7065,6171.205856,2,70600415.5136,0.0350882045608212
7066,6171.225856,1,70600435.52,0.0232517876534104
7067,6171.245856,2,70600457.5872,0.0350574712643678
7068,6171.265856,1,70600475.6736,0.0232374454483988
7069,6171.285856,2,70600495.5136,0.0349130247710369
7070,6171.305856,1,70600515.5456,0.0232886676091544
7071,6171.325856,2,70600535.936,0.0348454115188395
7072,6171.345856,1,70600555.968,0.0232446165509046
7073,6171.365856,2,70600575.552,0.0346896961501424
7074,6171.385856,1,70600595.5328,0.023303009814166
7075,6171.405856,2,70600615.552,0.034731698321962
7076,6171.425856,1,70600637.2992,0.0232640809719917
7077,6171.445856,2,70600656.2688,0.034776773823427
7078,6171.465856,1,70600676.6976,0.0232415432212592
7079,6171.485856,2,70600695.5264,0.0348730714856475
7080,6171.505856,1,70600717.9008,0.0232517876534104
7081,6171.525856,2,70600737.6128,0.0349345380785543
7082,6171.545856,1,70600755.5968,0.0232927653820149
7083,6171.565856,2,70600775.5648,0.035076935685455
7084,6171.585856,1,70600795.52,0.0232364210051837
7085,6171.605856,2,70600815.5776,0.0349365869649845
7086,6171.625856,1,70600835.5712,0.0231944188333641
7087,6171.645856,2,70600857.3568,0.0348085315630955
7088,6171.665856,1,70600875.6608,0.023202614379085
7089,6171.685856,2,70600895.5776,0.0347460405269736
7090,6171.705856,1,70600916.544,0.0233429630995554
7091,6171.725856,2,70600935.5648,0.0347347716516073
7092,6171.745856,1,70600955.6608,0.0232190054705268
7093,6171.765856,2,70600975.552,0.034668182842625
7094,6171.785856,1,70600995.712,0.0231862232876432
7095,6171.805856,2,70601015.552,0.0346999405822935
7096,6171.825856,1,70601035.584,0.0232169565840965
7097,6171.845856,2,70601055.9872,0.03471325834409
7098,6171.865856,1,70601075.9424,0.0232405187780441
7099,6171.885856,2,70601095.6288,0.0347081361280144
7100,6171.905856,1,70601115.6224,0.0232599831991313
7101,6171.925856,2,70601135.6928,0.0347982871309443
7102,6171.945856,1,70601155.584,0.0231524166615445
7103,6171.965856,2,70601175.616,0.0345636896346836
7104,6171.985856,1,70601195.6608,0.0233040342573811
7105,6172.005856,2,70601215.616,0.034668182842625
7106,6172.025856,1,70601235.6224,0.0231606122072654
7107,6172.045856,2,70601255.6544,0.0345309074517999
7108,6172.065856,1,70601275.712,0.0231944188333641
7109,6172.085856,2,70601295.8336,0.0346149117954392
7110,6172.105856,1,70601315.6608,0.0232435921076895
7111,6172.125856,2,70601335.616,0.0345288585653697
7112,6172.145856,1,70601355.6096,0.0232261765730326
7113,6172.165856,2,70601375.6416,0.0345575429753929
7114,6172.185856,1,70601395.6352,0.0232374454483988
7115,6172.205856,2,70601415.7312,0.0344602208699572
7116,6172.225856,1,70601435.648,0.0231708566394165
7117,6172.245856,2,70601455.6672,0.0345472985432417
7118,6172.265856,1,70601475.6352,0.0232097854815908
7119,6172.285856,2,70601496.064,0.034567787407544
7120,6172.305856,1,70601515.6608,0.0231892966172885
7121,6172.325856,2,70601535.6288,0.0346743295019157
7122,6172.345856,1,70601555.7888,0.0232466654373348
7123,6172.365856,2,70601576.4224,0.0347593582887701
7124,6172.385856,1,70601595.6224,0.023175978855492
7125,6172.405856,2,70601616,0.0347429671973283
7126,6172.425856,1,70601635.6608,0.0231985166062245
7127,6172.445856,2,70601655.7184,0.0347460405269736
7128,6172.465856,1,70601675.84,0.023284569836294
7129,6172.485856,2,70601695.6416,0.0346722806154855
7130,6172.505856,1,70601715.6864,0.0232067121519454
7131,6172.525856,2,70601735.6672,0.0345175896900035
7132,6172.545856,1,70601755.7248,0.023239494334829
7133,6172.565856,2,70601775.68,0.0346548650808286
7134,6172.585856,1,70601795.6736,0.0232538365398406
7135,6172.605856,2,70601815.8336,0.0346210584547299
7136,6172.625856,1,70601835.8272,0.0232569098694859
7137,6172.645856,2,70601856.1408,0.0345882762718462
7138,6172.665856,1,70601875.6864,0.0232548609830557
7139,6172.685856,2,70601896.128,0.0345749585100498
7140,6172.705856,1,70601915.6864,0.0231882721740734
7141,6172.725856,2,70601935.7184,0.034422316470998
7142,6172.745856,1,70601956.4672,0.0231995410494396
7143,6172.765856,2,70601975.6928,0.0345565185321778
7144,6172.785856,1,70601995.712,0.0232446165509046
7145,6172.805856,2,70602016.4096,0.0345524207593173
7146,6172.825856,1,70602035.7504,0.0232794476202184
7147,6172.845856,2,70602055.7184,0.0345114430307128
7148,6172.865856,1,70602075.7376,0.0233183764623927
7149,6172.885856,2,70602095.7056,0.0344991497121315
7150,6172.905856,1,70602115.7504,0.0232353965619686
7151,6172.925856,2,70602135.7184,0.0343393365705739
7152,6172.945856,1,70602155.7504,0.0232743254041428
7153,6172.965856,2,70602175.7312,0.0344356342327945
7154,6172.985856,1,70602196.032,0.0233296453377589
7155,6173.005856,2,70602215.744,0.0345268096789395
7156,6173.025856,1,70602235.776,0.0232835453930789
7157,6173.045856,2,70602255.808,0.0344837830639048
7158,6173.065856,1,70602275.7632,0.0233091564734567
7159,6173.085856,2,70602295.7056,0.034403876493126
7160,6173.105856,1,70602315.7504,0.0233019853709509
7161,6173.125856,2,70602335.744,0.0343628987645215
7162,6173.145856,1,70602356.1472,0.0232692031880673
7163,6173.165856,2,70602376.7168,0.0345104185874977
7164,6173.185856,1,70602395.7632,0.0232425676644744
7165,6173.205856,2,70602415.744,0.0345636896346836
7166,6173.225856,1,70602435.776,0.0232108099248059
7167,6173.245856,2,70602455.8592,0.0344735386317536
7168,6173.265856,1,70602475.7504,0.0232220788001721
7169,6173.285856,2,70602495.7824,0.0345657385211138
7170,6173.305856,1,70602515.7632,0.0231811010715676
7171,6173.325856,2,70602535.7696,0.0346046673632881
7172,6173.345856,1,70602555.8272,0.0232231032433872
7173,6173.365856,2,70602575.7824,0.0345483229864569
7174,6173.385856,1,70602595.7888,0.0232620320855615
7175,6173.405856,2,70602615.7696,0.0347962382445141
7176,6173.425856,1,70602635.7888,0.0233183764623927
7177,6173.445856,2,70602655.8336,0.0346835494908517
7178,6173.465856,1,70602675.7888,0.0232907164955847
7179,6173.485856,2,70602696.64,0.0344991497121315
7180,6173.505856,1,70602716.4288,0.0232507632101953
7181,6173.525856,2,70602735.744,0.0344325609031491
7182,6173.545856,1,70602755.8272,0.0233173520191776
7183,6173.565856,2,70602775.7952,0.034558567418608
7184,6173.585856,1,70602796.3776,0.023239494334829
7185,6173.605856,2,70602815.8464,0.0345237363492942
7186,6173.625856,1,70602836.5824,0.023266129858422
7187,6173.645856,2,70602856.2816,0.0345790562829102
7188,6173.665856,1,70602875.8016,0.0232773987337882
7189,6173.685856,2,70602895.808,0.034549347429672
7190,6173.705856,1,70602916.1856,0.0232640809719917
7191,6173.725856,2,70602935.8208,0.034649742864753
7192,6173.745856,1,70602956.5696,0.0232999364845207
7193,6173.765856,2,70602975.7696,0.0346487184215379
7194,6173.785856,1,70602996.8896,0.0232251521298174
7195,6173.805856,2,70603015.8208,0.0347829204827176
7196,6173.825856,1,70603035.8784,0.0231729055258467
7197,6173.845856,2,70603056.2304,0.0347511627430492
7198,6173.865856,1,70603077.248,0.0232312987891081
7199,6173.885856,2,70603096.8832,0.0346917450365726
7200,6173.905856,1,70603115.8144,0.0231739299690618
7201,6173.925856,2,70603138.4832,0.0348945847931649
7202,6173.945856,1,70603156.2752,0.0231790521851374
7203,6173.965856,2,70603175.872,0.0350554223779376
7204,6173.985856,1,70603196.2624,0.0232538365398406
7205,6174.005856,2,70603215.8464,0.0352244555084312
7206,6174.025856,1,70603235.84,0.0231892966172885
7207,6174.045856,2,70603256.0896,0.035259286577745
7208,6174.065856,1,70603275.904,0.0231821255147827
7209,6174.085856,2,70603295.872,0.0352101133034196
7210,6174.105856,1,70603316.4672,0.0232282254594628
7211,6174.125856,2,70603335.8848,0.0349642469317926
7212,6174.145856,1,70603355.8528,0.0232405187780441
7213,6174.165856,2,70603375.8592,0.0349509291699961
7214,6174.185856,1,70603395.8272,0.0231513922183293
7215,6174.205856,2,70603416.96,0.03489560923638
7216,6174.225856,1,70603438.336,0.0232425676644744
7217,6174.245856,2,70603455.872,0.0348525826213453
7218,6174.265856,1,70603475.8656,0.0232138832544512
7219,6174.285856,2,70603496.576,0.0348433626324093
7220,6174.305856,1,70603515.904,0.0231841744012129
7221,6174.325856,2,70603535.872,0.0348013604605897
7222,6174.345856,1,70603555.904,0.0232804720634335
7223,6174.365856,2,70603576.2304,0.0346896961501424
7224,6174.385856,1,70603595.9424,0.0231821255147827
7225,6174.405856,2,70603615.872,0.034658962853689
7226,6174.425856,1,70603635.8656,0.0232005654926547
7227,6174.445856,2,70603655.9104,0.0346569139672588
7228,6174.465856,1,70603675.9808,0.0231616366504805
7229,6174.485856,2,70603695.8848,0.0345370541110906
7230,6174.505856,1,70603716.8768,0.0232405187780441
7231,6174.525856,2,70603735.8976,0.0344387075624398
7232,6174.545856,1,70603755.9296,0.0231862232876432
7233,6174.565856,2,70603775.9104,0.0343690454238122
7234,6174.585856,1,70603796.5056,0.0231780277419223
7235,6174.605856,2,70603815.9104,0.0343567521052308
7236,6174.625856,1,70603835.9296,0.0232036388223001
7237,6174.645856,2,70603855.9232,0.0344294875735038
7238,6174.665856,1,70603876.2368,0.0232558854262708
7239,6174.685856,2,70603896.6528,0.0345124674739279
7240,6174.705856,1,70603916.7616,0.0231811010715676
7241,6174.725856,2,70603935.9104,0.0344561230970967
7242,6174.745856,1,70603958.4384,0.0232425676644744
7243,6174.765856,2,70603975.9104,0.0345780318396951
7244,6174.785856,1,70603995.9552,0.0232384698916139
7245,6174.805856,2,70604015.9232,0.0346251562275903
7246,6174.825856,1,70604035.9552,0.023221054356957
7247,6174.845856,2,70604055.9744,0.0346825250476366
7248,6174.865856,1,70604075.968,0.023248714323765
7249,6174.885856,2,70604095.9872,0.0347398938676829
7250,6174.905856,1,70604115.9168,0.0231811010715676
7251,6174.925856,2,70604136.704,0.034922244759973
7252,6174.945856,1,70604156.4928,0.0232292499026779
7253,6174.965856,2,70604176.8064,0.0349796135800193
7254,6174.985856,1,70604195.9168,0.023221054356957
7255,6175.005856,2,70604215.9488,0.0350892290040363
7256,6175.025856,1,70604235.9552,0.023166758866556
7257,6175.045856,2,70604255.936,0.035076935685455
7258,6175.065856,1,70604276.3776,0.0231708566394165
7259,6175.085856,2,70604295.9616,0.0350021513307517
7260,6175.105856,1,70604316.2496,0.0231995410494396
7261,6175.125856,2,70604335.9872,0.0348546315077755
7262,6175.145856,1,70604355.968,0.0232067121519454
7263,6175.165856,2,70604375.9872,0.0347419427541131
7264,6175.185856,1,70604395.9808,0.0232251521298174
7265,6175.205856,2,70604416.8192,0.0347019894687237
7266,6175.225856,1,70604436.16,0.0231944188333641
7267,6175.245856,2,70604456.2432,0.0346548650808286
7268,6175.265856,1,70604475.9808,0.0232097854815908
7269,6175.285856,2,70604496,0.0345175896900035
7270,6175.305856,1,70604516.0064,0.0232517876534104
7271,6175.325856,2,70604536.576,0.0346435962054623
7272,6175.345856,1,70604556.032,0.0232681787448522
7273,6175.365856,2,70604576.0128,0.0347706271641363
7274,6175.385856,1,70604596.6464,0.0232364210051837
7275,6175.405856,2,70604616,0.0347112094576598
7276,6175.425856,1,70604636.0576,0.0232876431659393
7277,6175.445856,2,70604656.0128,0.0346753539451308
7278,6175.465856,1,70604676.0448,0.0232415432212592
7279,6175.485856,2,70604696,0.0346446206486774
7280,6175.505856,1,70604717.0816,0.0232528120966255
7281,6175.525856,2,70604736.1152,0.034731698321962
7282,6175.545856,1,70604756.6464,0.0232149076976663
7283,6175.565856,2,70604776.064,0.0346958428094331
7284,6175.585856,1,70604796.0576,0.0232435921076895
7285,6175.605856,2,70604816.0128,0.0347931649148688
7286,6175.625856,1,70604836.032,0.0232343721187535
7287,6175.645856,2,70604856.4352,0.0348249226545373
7288,6175.665856,1,70604876.9024,0.0232466654373348
7289,6175.685856,2,70604896.0512,0.0347112094576598
7290,6175.705856,1,70604916.352,0.0231954432765792
7291,6175.725856,2,70604937.0496,0.0348269715409675
7292,6175.745856,1,70604956.096,0.0232435921076895
7293,6175.765856,2,70604976.128,0.0347337472083922
7294,6175.785856,1,70604996.0448,0.0232097854815908
7295,6175.805856,2,70605016.0512,0.0347747249369967
7296,6175.825856,1,70605036.0704,0.023230274345893
7297,6175.845856,2,70605056.064,0.0349263425328334
7298,6175.865856,1,70605076.0448,0.0231770032987072
7299,6175.885856,2,70605096.9856,0.0348064826766652
7300,6175.905856,1,70605117.1072,0.0233265720081136
7301,6175.925856,2,70605136.0512,0.0348566803942058
7302,6175.945856,1,70605156.0832,0.0232353965619686
7303,6175.965856,2,70605176.0896,0.0347849693691479
7304,6175.985856,1,70605196.0704,0.023193394390149
7305,6176.005856,2,70605216.128,0.0349027803388858
7306,6176.025856,1,70605236.8768,0.0231974921630094
7307,6176.045856,2,70605256.1024,0.0349478558403508
7308,6176.065856,1,70605277.3248,0.0232712520744975
7309,6176.085856,2,70605296.1024,0.0348515581781302
7310,6176.105856,1,70605316.1472,0.0231831499579978
7311,6176.125856,2,70605336.1152,0.0347972626877292
7312,6176.145856,1,70605356.096,0.0232231032433872
7313,6176.165856,2,70605376.128,0.0348433626324093
7314,6176.185856,1,70605396.1088,0.0232712520744975
7315,6176.205856,2,70605417.5232,0.0348187759952466
7316,6176.225856,1,70605436.0576,0.0231729055258467
7317,6176.245856,2,70605456.256,0.0349376114081996
7318,6176.265856,1,70605476.0704,0.0232077365951605
7319,6176.285856,2,70605496.128,0.0348710225992173
7320,6176.305856,1,70605517.1584,0.0231309033540271
7321,6176.325856,2,70605536.128,0.0349755158071588
7322,6176.345856,1,70605556.2624,0.0232108099248059
7323,6176.365856,2,70605576.1152,0.0348710225992173
7324,6176.385856,1,70605596.1344,0.0232015899358699
7325,6176.405856,2,70605616.1664,0.0348116048927408
7326,6176.425856,1,70605636.1344,0.0231872477308583
7327,6176.445856,2,70605656.6528,0.0348157026656012
7328,6176.465856,1,70605676.4928,0.0232128588112361
7329,6176.485856,2,70605697.152,0.0348536070645604
7330,6176.505856,1,70605716.3392,0.0231329522404573
7331,6176.525856,2,70605737.0368,0.0349437580674903
7332,6176.545856,1,70605756.8512,0.0231011945007888
7333,6176.565856,2,70605776.1536,0.0349181469871125
7334,6176.585856,1,70605797.4144,0.0231565144344049
7335,6176.605856,2,70605818.0608,0.035013420206118
7336,6176.625856,1,70605836.16,0.0231872477308583
7337,6176.645856,2,70605856.1408,0.0350287868543447
7338,6176.665856,1,70605876.1856,0.0231749544122769
7339,6176.685856,2,70605897.1648,0.0350912778904665
7340,6176.705856,1,70605916.16,0.0231493433318991
7341,6176.725856,2,70605936.1664,0.0351353289487164
7342,6176.745856,1,70605956.1728,0.0231452455590387
7343,6176.765856,2,70605976.1792,0.035204991087344
7344,6176.785856,1,70605996.8896,0.0231370500133178
7345,6176.805856,2,70606016.1664,0.0354436863564653
7346,6176.825856,1,70606037.7088,0.0232169565840965
7347,6176.845856,2,70606056.2048,0.0355082262790173
7348,6176.865856,1,70606076.2112,0.0232036388223001
7349,6176.885856,2,70606096.1792,0.0352756776691868
7350,6176.905856,1,70606116.7232,0.0232231032433872
7351,6176.925856,2,70606136.1792,0.0350533734915074
7352,6176.945856,1,70606157.2224,0.023202614379085
7353,6176.965856,2,70606176.192,0.0348238982113221
7354,6176.985856,1,70606196.2112,0.0232917409387998
7355,6177.005856,2,70606216.2432,0.0347204294465958
7356,6177.025856,1,70606236.224,0.0232763742905731
7357,6177.045856,2,70606256.192,0.0347142827873051
7358,6177.065856,1,70606276.8256,0.0232804720634335
7359,6177.085856,2,70606296.192,0.0346999405822935
7360,6177.105856,1,70606316.1856,0.0232446165509046
7361,6177.125856,2,70606336.192,0.0347163316737353
7362,6177.145856,1,70606356.3264,0.0232866187227242
7363,6177.165856,2,70606376.2688,0.0347532116294794
7364,6177.185856,1,70606396.2368,0.0233224742352531
7365,6177.205856,2,70606416.7168,0.0349662958182228
7366,6177.225856,1,70606436.1728,0.0233470608724158
7367,6177.245856,2,70606456.704,0.0350195668654086
7368,6177.265856,1,70606478.1824,0.0233081320302416
7369,6177.285856,2,70606497.5488,0.0350605445940132
7370,6177.305856,1,70606516.224,0.0232681787448522
7371,6177.325856,2,70606536.256,0.035123035630135
7372,6177.345856,1,70606556.2496,0.0232241276866023
7373,6177.365856,2,70606576.6784,0.0351609400290942
7374,6177.385856,1,70606596.8896,0.0232569098694859
7375,6177.405856,2,70606616.2816,0.0352828487716926
7376,6177.425856,1,70606636.224,0.0232968631548753
7377,6177.445856,2,70606656.2944,0.0353924641957096
7378,6177.465856,1,70606676.288,0.023275349847358
7379,6177.485856,2,70606696.256,0.0351783555637511
7380,6177.505856,1,70606717.1072,0.0232220788001721
7381,6177.525856,2,70606737.0112,0.0351885999959022
7382,6177.545856,1,70606756.3392,0.0232497387669801
7383,6177.565856,2,70606776.2944,0.035004200217182
7384,6177.585856,1,70606798.0288,0.0232005654926547
7385,6177.605856,2,70606817.5872,0.0350779601286701
7386,6177.625856,1,70606837.2992,0.0232835453930789
7387,6177.645856,2,70606856.3072,0.0348966336795951
7388,6177.665856,1,70606876.8128,0.0232353965619686
7389,6177.685856,2,70606896.2816,0.0349468313971357
7390,6177.705856,1,70606916.6336,0.0232374454483988
7391,6177.725856,2,70606937.6128,0.0351076689819083
7392,6177.745856,1,70606957.7728,0.0232599831991313
7393,6177.765856,2,70606976.2816,0.0351086934251234
7394,6177.785856,1,70606996.2752,0.0232702276312824
7395,6177.805856,2,70607016.3072,0.0352510910320241
7396,6177.825856,1,70607037.9008,0.0232507632101953
7397,6177.845856,2,70607056.32,0.0353740242178376
7398,6177.865856,1,70607076.3648,0.0233183764623927
7399,6177.885856,2,70607097.344,0.0353402175917389
7400,6177.905856,1,70607116.5696,0.0233081320302416
7401,6177.925856,2,70607136.256,0.0352900198741984
7402,6177.945856,1,70607156.352,0.0233388653266949
7403,6177.965856,2,70607176.32,0.0353473886942447
7404,6177.985856,1,70607196.5824,0.0233829163849448
7405,6178.005856,2,70607216.2816,0.0354170508328723
7406,6178.025856,1,70607236.3392,0.0232927653820149
7407,6178.045856,2,70607256.3072,0.0352951420902739
7408,6178.065856,1,70607276.3136,0.0233337431106194
7409,6178.085856,2,70607296.9984,0.0350841067879607
7410,6178.105856,1,70607316.3392,0.0233593541909972
7411,6178.125856,2,70607336.3456,0.0349283914192636
7412,6178.145856,1,70607356.3776,0.0233409142131252
7413,6178.165856,2,70607376.3328,0.0348915114635196
7414,6178.185856,1,70607397.0176,0.0233470608724158
7415,6178.205856,2,70607416.2816,0.0347173561169504
7416,6178.225856,1,70607437.2352,0.0233614030774274
7417,6178.245856,2,70607456.8448,0.0346989161390784
7418,6178.265856,1,70607476.352,0.0233153031327474
7419,6178.285856,2,70607499.0592,0.0347839449259328
7420,6178.305856,1,70607516.3392,0.0233911119306657
7421,6178.325856,2,70607536.3328,0.0349242936464032
7422,6178.345856,1,70607556.992,0.0233316942241892
7423,6178.365856,2,70607577.0752,0.0348740959288627
7424,6178.385856,1,70607596.3648,0.0233634519638576
7425,6178.405856,2,70607616.4736,0.0348925359067347
7426,6178.425856,1,70607636.4032,0.0233255475648985
7427,6178.445856,2,70607656.3712,0.0347009650255086
7428,6178.465856,1,70607676.416,0.0234167230110435
7429,6178.485856,2,70607696.3968,0.0347634560616305
7430,6178.505856,1,70607717.0176,0.0232876431659393
7431,6178.525856,2,70607736.3968,0.0347890671420083
7432,6178.545856,1,70607757.312,0.0233173520191776
7433,6178.565856,2,70607776.9472,0.034677402831561
7434,6178.585856,1,70607796.416,0.0233767697256541
7435,6178.605856,2,70607816.384,0.0347941893580839
7436,6178.625856,1,70607836.416,0.0233552564181367
7437,6178.645856,2,70607856.4096,0.0346722806154855
7438,6178.665856,1,70607876.4544,0.0232917409387998
7439,6178.685856,2,70607896.4096,0.0347624316184154
7440,6178.705856,1,70607916.6976,0.0233409142131252
7441,6178.725856,2,70607936.7808,0.0347911160284385
7442,6178.745856,1,70607956.48,0.0233429630995554
7443,6178.765856,2,70607977.024,0.0348003360173746
7444,6178.785856,1,70607996.928,0.0233521830884914
7445,6178.805856,2,70608016.448,0.035022640195054
7446,6178.825856,1,70608036.4544,0.0233685741799332
7447,6178.845856,2,70608056.4864,0.0350349335136353
7448,6178.865856,1,70608076.4288,0.0233634519638576
7449,6178.885856,2,70608096.4352,0.0351875755526871
7450,6178.905856,1,70608116.5184,0.0233132542463171
7451,6178.925856,2,70608136.512,0.0352418710430881
7452,6178.945856,1,70608156.4544,0.0233911119306657
7453,6178.965856,2,70608176.4736,0.0352787509988321
7454,6178.985856,1,70608196.9536,0.0233542319749216
7455,6179.005856,2,70608217.1008,0.0354006597414305
7456,6179.025856,1,70608237.1968,0.0233491097588461
7457,6179.045856,2,70608256.5248,0.0353268998299424
7458,6179.065856,1,70608276.8384,0.0233931608170959
7459,6179.085856,2,70608296.4352,0.0353750486610527
7460,6179.105856,1,70608317.1968,0.0233675497367181
7461,6179.125856,2,70608336.4608,0.0354559796750466
7462,6179.145856,1,70608358.7968,0.0233685741799332
7463,6179.165856,2,70608377.2928,0.0353750486610527
7464,6179.185856,1,70608396.4672,0.0233603786342123
7465,6179.205856,2,70608416.4096,0.0353432909213842
7466,6179.225856,1,70608436.48,0.0234433585346364
7467,6179.245856,2,70608456.4736,0.0351988444280534
7468,6179.265856,1,70608476.48,0.023312229803102
7469,6179.285856,2,70608496.4608,0.0352152355194952
7470,6179.305856,1,70608516.4544,0.0234495051939271
7471,6179.325856,2,70608537.728,0.0352582621345299
7472,6179.345856,1,70608556.544,0.023384965271375
7473,6179.365856,2,70608577.0368,0.0352541643616694
7474,6179.385856,1,70608596.5056,0.0233132542463171
7475,6179.405856,2,70608618.24,0.0352387977134427
7476,6179.425856,1,70608636.4416,0.0232722765177126
7477,6179.445856,2,70608657.5616,0.035195771098408
7478,6179.465856,1,70608677.0304,0.0232743254041428
7479,6179.485856,2,70608697.408,0.035095375663327
7480,6179.505856,1,70608716.48,0.0232722765177126
7481,6179.525856,2,70608736.512,0.0348853648042289
7482,6179.545856,1,70608757.0432,0.0233142786895322
7483,6179.565856,2,70608776.4992,0.0348167271088164
7484,6179.585856,1,70608796.4544,0.0233419386563403
7485,6179.605856,2,70608816.5248,0.0349089269981765
7486,6179.625856,1,70608837.6192,0.0232804720634335
7487,6179.645856,2,70608856.5248,0.0351199623004897
7488,6179.665856,1,70608876.544,0.0233798430552994
7489,6179.685856,2,70608896.5376,0.0353924641957096
7490,6179.705856,1,70608917.2992,0.0234064785788924
7491,6179.725856,2,70608936.4864,0.0353637797856865
7492,6179.745856,1,70608956.9792,0.0233993074763866
7493,6179.765856,2,70608976.5248,0.0352080644169894
7494,6179.785856,1,70608997.248,0.0233521830884914
7495,6179.805856,2,70609016.4736,0.0352879709877681
7496,6179.825856,1,70609037.312,0.0233460364292007
7497,6179.845856,2,70609056.5248,0.0352715798963263
7498,6179.865856,1,70609076.5312,0.0233439875427705
7499,6179.885856,2,70609096.96,0.0351855266662569
7500,6179.905856,1,70609117.4144,0.0233173520191776
7501,6179.925856,2,70609136.5376,0.0352387977134427
7502,6179.945856,1,70609156.8512,0.0233163275759625
7503,6179.965856,2,70609177.088,0.0351332800622862
7504,6179.985856,1,70609197.44,0.0232866187227242
7505,6180.005856,2,70609216.5632,0.0350984489929723
7506,6180.025856,1,70609237.0816,0.0233829163849448
7507,6180.045856,2,70609259.1616,0.0351537689265884
7508,6180.065856,1,70609276.544,0.023357305304567
7509,6180.085856,2,70609296.512,0.0351834777798267
7510,6180.105856,1,70609316.6336,0.0234310652160551
7511,6180.125856,2,70609336.64,0.0351506955969431
7512,6180.145856,1,70609356.5824,0.0233818919417297
7513,6180.165856,2,70609377.1392,0.0350164935357633
7514,6180.185856,1,70609396.5952,0.023403405249247
7515,6180.205856,2,70609417.2928,0.0351312311758559
7516,6180.225856,1,70609436.5696,0.023394185260311
7517,6180.245856,2,70609457.3824,0.0352562132480997
7518,6180.265856,1,70609477.3632,0.0233685741799332
7519,6180.285856,2,70609496.5888,0.0351517200401582
7520,6180.305856,1,70609516.6464,0.0234044296924621
7521,6180.325856,2,70609536.6144,0.0353729997746225
7522,6180.345856,1,70609557.4144,0.0233859897145901
7523,6180.365856,2,70609577.0624,0.0354672485504128
7524,6180.385856,1,70609596.5824,0.0234341385457004
7525,6180.405856,2,70609618.5216,0.0354354908107444
7526,6180.425856,1,70609636.5824,0.0233859897145901
7527,6180.445856,2,70609656.6016,0.0353279242731575
7528,6180.465856,1,70609676.6336,0.0233808674985146
7529,6180.485856,2,70609696.64,0.0352623599073903
7530,6180.505856,1,70609717.056,0.0233993074763866
7531,6180.525856,2,70609737.3184,0.0353873419796341
7532,6180.545856,1,70609756.608,0.0234054541356773
7533,6180.565856,2,70609777.4848,0.0354713463232733
7534,6180.585856,1,70609796.6592,0.023403405249247
7535,6180.605856,2,70609818.5216,0.0355901817362264
7536,6180.625856,1,70609836.6464,0.0233583297477821
7537,6180.645856,2,70609856.6016,0.0355358862458254
7538,6180.665856,1,70609877.2224,0.0233716475095785
7539,6180.685856,2,70609896.6528,0.0354016841846456
7540,6180.705856,1,70609916.6208,0.0233009609277358
7541,6180.725856,2,70609938.8416,0.0353514864671051
7542,6180.745856,1,70609956.672,0.0232548609830557
7543,6180.765856,2,70609976.64,0.0355522773372672
7544,6180.785856,1,70609996.672,0.0232722765177126
7545,6180.805856,2,70610016.64,0.0356127194869588
7546,6180.825856,1,70610037.1584,0.0232804720634335
7547,6180.845856,2,70610056.6784,0.0356475505562727
7548,6180.865856,1,70610076.6336,0.0233101809166718
7549,6180.885856,2,70610096.6656,0.035359682012826
7550,6180.905856,1,70610116.6976,0.023312229803102
7551,6180.925856,2,70610136.6272,0.0353914397524945
7552,6180.945856,1,70610156.6976,0.0232917409387998
7553,6180.965856,2,70610177.024,0.0353668531153318
7554,6180.985856,1,70610197.9648,0.0232743254041428
7555,6181.005856,2,70610216.7168,0.0353043620792099
7556,6181.025856,1,70610236.8128,0.0232948142684451
7557,6181.045856,2,70610256.6656,0.03535046202389
7558,6181.065856,1,70610276.736,0.023312229803102
7559,6181.085856,2,70610296.64,0.0354498330157559
7560,6181.105856,1,70610316.7232,0.0232517876534104
7561,6181.125856,2,70610336.6912,0.0352982154199193
7562,6181.145856,1,70610356.7232,0.0232558854262708
7563,6181.165856,2,70610377.152,0.0352562132480997
7564,6181.185856,1,70610396.9664,0.0232517876534104
7565,6181.205856,2,70610416.6656,0.0352224066220009
7566,6181.225856,1,70610436.6976,0.0233265720081136
7567,6181.245856,2,70610456.704,0.0350718134693794
7568,6181.265856,1,70610476.672,0.0232712520744975
7569,6181.285856,2,70610496.7296,0.035158891142664
7570,6181.305856,1,70610516.7616,0.023257934312701
7571,6181.325856,2,70610536.7296,0.035259286577745
7572,6181.345856,1,70610557.5808,0.0233347675538345
7573,6181.365856,2,70610576.7296,0.0352377732702276
7574,6181.385856,1,70610596.7744,0.0233685741799332
7575,6181.405856,2,70610616.7168,0.0352930932038437
7576,6181.425856,1,70610636.7232,0.0233439875427705
7577,6181.445856,2,70610656.832,0.035368902001762
7578,6181.465856,1,70610676.7232,0.0233101809166718
7579,6181.485856,2,70610696.7168,0.0351783555637511
7580,6181.505856,1,70610717.4912,0.023375745282439
7581,6181.525856,2,70610736.7168,0.0351086934251234
7582,6181.545856,1,70610756.7488,0.0232948142684451
7583,6181.565856,2,70610776.7552,0.034977564693589
7584,6181.585856,1,70610796.7104,0.0233398897699101
7585,6181.605856,2,70610816.7552,0.035059520150798
7586,6181.625856,1,70610836.9792,0.0233347675538345
7587,6181.645856,2,70610856.7552,0.0350267379679144
7588,6181.665856,1,70610876.736,0.0234238941135493
7589,6181.685856,2,70610897.1648,0.0350123957629029
7590,6181.705856,1,70610916.736,0.0234310652160551
7591,6181.725856,2,70610937.3312,0.0349765402503739
7592,6181.745856,1,70610956.8128,0.0233716475095785
7593,6181.765856,2,70610976.7808,0.0349181469871125
7594,6181.785856,1,70610996.7744,0.0233685741799332
7595,6181.805856,2,70611016.7936,0.0350421046161411
7596,6181.825856,1,70611037.0304,0.0233931608170959
7597,6181.845856,2,70611056.832,0.0350472268322167
7598,6181.865856,1,70611076.9152,0.023394185260311
7599,6181.885856,2,70611096.7808,0.0351148400844141
7600,6181.905856,1,70611116.8128,0.023366525293503
7601,6181.925856,2,70611136.768,0.0350666912533038
7602,6181.945856,1,70611156.928,0.0234269674431946
7603,6181.965856,2,70611176.7808,0.0350328846272051
7604,6181.985856,1,70611196.8256,0.0234904829225316
7605,6182.005856,2,70611216.7936,0.0350738623558096
7606,6182.025856,1,70611236.8128,0.0233706230663634
7607,6182.045856,2,70611256.8192,0.0350267379679144
7608,6182.065856,1,70611277.4016,0.0234044296924621
7609,6182.085856,2,70611297.3312,0.0351076689819083
7610,6182.105856,1,70611317.4784,0.023384965271375
7611,6182.125856,2,70611336.7808,0.0350482512754318
7612,6182.145856,1,70611356.8384,0.0234361874321306
7613,6182.165856,2,70611376.7808,0.0348945847931649
7614,6182.185856,1,70611396.864,0.0234003319196017
7615,6182.205856,2,70611416.8064,0.0349878091257402
7616,6182.225856,1,70611436.7744,0.023303009814166
7617,6182.245856,2,70611456.8192,0.0347706271641363
7618,6182.265856,1,70611477.7856,0.0232794476202184
7619,6182.285856,2,70611497.3568,0.0348177515520315
7620,6182.305856,1,70611517.6448,0.0233234986784682
7621,6182.325856,2,70611536.8192,0.0348607781670662
7622,6182.345856,1,70611556.864,0.0232630565287766
7623,6182.365856,2,70611576.8192,0.0351804044501813
7624,6182.385856,1,70611596.9024,0.0232999364845207
7625,6182.405856,2,70611616.8832,0.035296166533489
7626,6182.425856,1,70611636.8,0.0232794476202184
7627,6182.445856,2,70611657.0112,0.0352490421455939
7628,6182.465856,1,70611677.2096,0.0233890630442355
7629,6182.485856,2,70611696.8576,0.0352920687606286
7630,6182.505856,1,70611716.9664,0.0233736963960088
7631,6182.525856,2,70611736.832,0.0352633843506054
7632,6182.545856,1,70611756.8256,0.0233562808613519
7633,6182.565856,2,70611776.8704,0.0352295777245067
7634,6182.585856,1,70611796.864,0.0233972585899564
7635,6182.605856,2,70611817.2928,0.0351896244391173
7636,6182.625856,1,70611836.8768,0.023403405249247
7637,6182.645856,2,70611856.896,0.0351599155858791
7638,6182.665856,1,70611876.864,0.0233255475648985
7639,6182.685856,2,70611898.4192,0.0350390312864958
7640,6182.705856,1,70611919.3216,0.0234075030221075
7641,6182.725856,2,70611936.896,0.0351517200401582
7642,6182.745856,1,70611956.9536,0.0233952097035261
7643,6182.765856,2,70611976.8832,0.0350636179236585
7644,6182.785856,1,70611996.9024,0.0234710185014445
7645,6182.805856,2,70612017.6896,0.0350728379125945
7646,6182.825856,1,70612037.376,0.0233972585899564
7647,6182.845856,2,70612056.9216,0.0350082979900424
7648,6182.865856,1,70612076.8768,0.0233777941688692
7649,6182.885856,2,70612097.3824,0.0350984489929723
7650,6182.905856,1,70612116.8768,0.0234382363185609
7651,6182.925856,2,70612137.5616,0.0351414756080071
7652,6182.945856,1,70612156.9536,0.0233634519638576
7653,6182.965856,2,70612176.9344,0.0351179134140595
7654,6182.985856,1,70612196.9408,0.0233429630995554
7655,6183.005856,2,70612217.216,0.0351711844612453
7656,6183.025856,1,70612236.9152,0.023403405249247
7657,6183.045856,2,70612256.9216,0.0351681111316
7658,6183.065856,1,70612277.0432,0.0233736963960088
7659,6183.085856,2,70612296.896,0.0351804044501813
7660,6183.105856,1,70612316.9536,0.0234515540803573
7661,6183.125856,2,70612339.8528,0.0351076689819083
7662,6183.145856,1,70612357.0304,0.0234105763517528
7663,6183.165856,2,70612377.152,0.0352449443727334
7664,6183.185856,1,70612396.9536,0.0233521830884914
7665,6183.205856,2,70612417.8176,0.0352029422009138
7666,6183.225856,1,70612436.9536,0.0233368164402647
7667,6183.245856,2,70612457.0112,0.0353555842399656
7668,6183.265856,1,70612476.9408,0.0234382363185609
7669,6183.285856,2,70612496.9472,0.0353566086831807
7670,6183.305856,1,70612516.992,0.0233081320302416
7671,6183.325856,2,70612536.9472,0.035186551109472
7672,6183.345856,1,70612557.0048,0.0233593541909972
7673,6183.365856,2,70612576.9088,0.0351670866883849
7674,6183.385856,1,70612596.9664,0.0233173520191776
7675,6183.405856,2,70612617.0112,0.0351425000512222
7676,6183.425856,1,70612636.9408,0.023330669780974
7677,6183.445856,2,70612656.9856,0.0350369824000656
7678,6183.465856,1,70612677.0048,0.0233675497367181
7679,6183.485856,2,70612696.96,0.0350062491036122
7680,6183.505856,1,70612717.0432,0.0233009609277358
7681,6183.525856,2,70612737.0368,0.0349601491589321
7682,6183.545856,1,70612757.2224,0.0233286208945438
7683,6183.565856,2,70612777.0112,0.0350984489929723
7684,6183.585856,1,70612797.0048,0.0232978875980904
7685,6183.605856,2,70612816.9856,0.0351465978240826
7686,6183.625856,1,70612836.9664,0.023348085315631
7687,6183.645856,2,70612856.9728,0.0352705554531112
7688,6183.665856,1,70612876.992,0.0233183764623927
7689,6183.685856,2,70612897.0112,0.035341242034954
7690,6183.705856,1,70612916.9664,0.0233695986231483
7691,6183.725856,2,70612937.0496,0.0356495994427029
7692,6183.745856,1,70612956.992,0.0232692031880673
7693,6183.765856,2,70612976.9984,0.0356280861351855
7694,6183.785856,1,70612997.056,0.0233234986784682
7695,6183.805856,2,70613019.4816,0.0356434527834122
7696,6183.825856,1,70613037.6064,0.0232610076423464
7697,6183.845856,2,70613057.0496,0.035459053004692
7698,6183.865856,1,70613077.0304,0.0233583297477821
7699,6183.885856,2,70613097.0624,0.0353535353535354
7700,6183.905856,1,70613117.0176,0.0233245231216834
7701,6183.925856,2,70613137.9456,0.0351783555637511
7702,6183.945856,1,70613157.056,0.0232835453930789
7703,6183.965856,2,70613177.024,0.0352357243837974
7704,6183.985856,1,70613196.992,0.0232589587559162
7705,6184.005856,2,70613217.024,0.0351804044501813
7706,6184.025856,1,70613237.0304,0.0233378408834798
7707,6184.045856,2,70613256.9984,0.0351199623004897
7708,6184.065856,1,70613277.0432,0.0232722765177126
7709,6184.085856,2,70613297.0496,0.0351066445386932
7710,6184.105856,1,70613317.0688,0.0233265720081136
7711,6184.125856,2,70613337.0624,0.0351056200954781
7712,6184.145856,1,70613357.0688,0.0233255475648985
7713,6184.165856,2,70613377.0496,0.0350298112975598
7714,6184.185856,1,70613397.1456,0.0233388653266949
7715,6184.205856,2,70613417.0624,0.0350349335136353
7716,6184.225856,1,70613437.1328,0.0232958387116602
7717,6184.245856,2,70613457.2928,0.0350359579568504
7718,6184.265856,1,70613477.504,0.0234187718974737
7719,6184.285856,2,70613498.1248,0.0350390312864958
7720,6184.305856,1,70613517.056,0.0234361874321306
7721,6184.325856,2,70613537.0624,0.0352224066220009
7722,6184.345856,1,70613557.0688,0.0233634519638576
7723,6184.365856,2,70613577.1008,0.0351506955969431
7724,6184.385856,1,70613597.0944,0.0234177474542586
7725,6184.405856,2,70613617.4976,0.0352172844059254
7726,6184.425856,1,70613637.0688,0.0233726719527937
7727,6184.445856,2,70613657.0752,0.0351066445386932
7728,6184.465856,1,70613677.0944,0.0233870141578052
7729,6184.485856,2,70613697.1008,0.0351783555637511
7730,6184.505856,1,70613717.0816,0.0233183764623927
7731,6184.525856,2,70613738.0352,0.0352121621898498
7732,6184.545856,1,70613757.4144,0.0233562808613519
7733,6184.565856,2,70613777.088,0.0352664576802508
7734,6184.585856,1,70613797.0688,0.0233224742352531
7735,6184.605856,2,70613817.0752,0.0352889954309833
7736,6184.625856,1,70613837.0944,0.0233706230663634
7737,6184.645856,2,70613857.0368,0.035277726555617
7738,6184.665856,1,70613877.056,0.0233583297477821
7739,6184.685856,2,70613897.088,0.0353125576249308
7740,6184.705856,1,70613918.1312,0.0233982830331715
7741,6184.725856,2,70613938.112,0.0353166553977913
7742,6184.745856,1,70613957.2352,0.0233726719527937
7743,6184.765856,2,70613977.1008,0.0354150019464421
7744,6184.785856,1,70613997.1584,0.023312229803102
7745,6184.805856,2,70614017.1008,0.0354201241625177
7746,6184.825856,1,70614037.12,0.0233255475648985
7747,6184.845856,2,70614057.3312,0.0354785174257791
7748,6184.865856,1,70614077.1456,0.0233050587005962
7749,6184.885856,2,70614097.1648,0.0354600774479071
7750,6184.905856,1,70614117.2096,0.0233316942241892
7751,6184.925856,2,70614137.1648,0.0355912061794415
7752,6184.945856,1,70614157.3248,0.0232886676091544
7753,6184.965856,2,70614177.3696,0.0356332083512611
7754,6184.985856,1,70614197.2224,0.0232538365398406
7755,6185.005888,2,70614217.2288,0.0355461306779765
7756,6185.025888,1,70614237.184,0.0232497387669801
7757,6185.045888,2,70614257.2416,0.0354354908107444
7758,6185.065888,1,70614277.3632,0.0232835453930789
7759,6185.085888,2,70614297.3184,0.035559448439773
7760,6185.105888,1,70614317.2992,0.0233644764070728
7761,6185.125888,2,70614337.2416,0.0356475505562727
7762,6185.145888,1,70614357.3248,0.0233931608170959
7763,6185.165888,2,70614377.2544,0.0356854549552318
7764,6185.185888,1,70614397.4144,0.0233603786342123
7765,6185.205888,2,70614417.3312,0.035386317536419
7766,6185.225888,1,70614437.4144,0.0234054541356773
7767,6185.245888,2,70614457.4976,0.0352070399737743
7768,6185.265888,1,70614477.184,0.0233706230663634
7769,6185.285888,2,70614497.1776,0.0351978199848382
7770,6185.305888,1,70614517.2096,0.0233880386010203
7771,6185.325888,2,70614537.6512,0.0350605445940132
7772,6185.345888,1,70614557.2736,0.0233603786342123
7773,6185.365888,2,70614577.216,0.0351445489376524
7774,6185.385888,1,70614597.2096,0.0234003319196017
7775,6185.405888,2,70614617.1776,0.0352623599073903
7776,6185.425888,1,70614637.184,0.0234044296924621
7777,6185.445888,2,70614657.3056,0.0352224066220009
7778,6185.465888,1,70614677.2096,0.0233429630995554
7779,6185.485888,2,70614697.1776,0.0352203577355707
7780,6185.505888,1,70614717.2096,0.0232855942795091
7781,6185.525888,2,70614737.2672,0.0352787509988321
7782,6185.545888,1,70614757.5296,0.0233603786342123
7783,6185.565888,2,70614777.2288,0.0353473886942447
7784,6185.585888,1,70614797.2224,0.0233593541909972
7785,6185.605888,2,70614817.2416,0.0355840350769357
7786,6185.625888,1,70614837.2992,0.0232435921076895
7787,6185.645888,2,70614857.216,0.0356823816255865
7788,6185.665888,1,70614878.8224,0.0233501342020612
7789,6185.685888,2,70614897.2416,0.0355645706558485
7790,6185.705888,1,70614917.2352,0.0232569098694859
7791,6185.725888,2,70614937.2672,0.0355533017804823
7792,6185.745888,1,70614957.2992,0.023312229803102
7793,6185.765888,2,70614977.2544,0.0354692974368431
7794,6185.785888,1,70614997.2224,0.0233378408834798
7795,6185.805888,2,70615017.2288,0.0354723707664884
7796,6185.825888,1,70615037.3248,0.0232855942795091
7797,6185.845888,2,70615057.2672,0.0355133484950929
7798,6185.865888,1,70615077.248,0.023348085315631
7799,6185.885888,2,70615097.28,0.0354221730489479
7800,6185.905888,1,70615117.2608,0.0232907164955847
7801,6185.925888,2,70615137.28,0.0354908107443604
7802,6185.945888,1,70615157.2864,0.0233634519638576
7803,6185.965888,2,70615177.3056,0.0354744196529186
7804,6185.985888,1,70615197.3248,0.0233204253488229
7805,6186.005888,2,70615219.4688,0.0356526727723482
7806,6186.025888,1,70615237.2992,0.0233050587005962
7807,6186.045888,2,70615257.2544,0.0357735570717315
7808,6186.065888,1,70615277.5296,0.0233316942241892
7809,6186.085888,2,70615298.7776,0.0356813571823714
7810,6186.105888,1,70615318.2336,0.0231964677197943
7811,6186.125888,2,70615337.3184,0.0355994017251624
7812,6186.145888,1,70615357.2736,0.0232794476202184
7813,6186.165888,2,70615379.5712,0.0356885282848772
7814,6186.185888,1,70615397.312,0.023357305304567
7815,6186.205888,2,70615417.2928,0.0356711127502203
7816,6186.225888,1,70615437.2864,0.0233409142131252
7817,6186.245888,2,70615457.3184,0.0357172126949003
7818,6186.265888,1,70615477.2992,0.0233081320302416
7819,6186.285888,2,70615497.2928,0.0357223349109759
7820,6186.305888,1,70615517.312,0.0233829163849448
7821,6186.325888,2,70615537.28,0.0355317884729649
7822,6186.345888,1,70615560.0512,0.0232651054152068
7823,6186.365888,2,70615577.3184,0.0353064109656402
7824,6186.385888,1,70615597.2992,0.0234249185567644
7825,6186.405888,2,70615617.4464,0.0352920687606286
7826,6186.425888,1,70615637.5296,0.0234023808060319
7827,6186.445888,2,70615657.4208,0.0353166553977913
7828,6186.465888,1,70615677.3504,0.0233818919417297
7829,6186.485888,2,70615697.344,0.0353617308992563
7830,6186.505888,1,70615717.3376,0.0234105763517528
7831,6186.525888,2,70615737.3056,0.0352828487716926
7832,6186.545888,1,70615757.632,0.0233265720081136
7833,6186.565888,2,70615777.3696,0.0353443153645993
7834,6186.585888,1,70615797.4912,0.0233224742352531
7835,6186.605888,2,70615817.344,0.0352172844059254
7836,6186.625888,1,70615837.3248,0.023321449792038
7837,6186.645888,2,70615857.5232,0.0351660622451698
7838,6186.665888,1,70615877.632,0.023403405249247
7839,6186.685888,2,70615897.472,0.0352039666441289
7840,6186.705888,1,70615917.376,0.0233296453377589
7841,6186.725888,2,70615937.344,0.0352039666441289
7842,6186.745888,1,70615957.568,0.023357305304567
7843,6186.765888,2,70615977.344,0.0352787509988321
7844,6186.785888,1,70615997.44,0.0233716475095785
7845,6186.805888,2,70616017.3568,0.0352971909767042
7846,6186.825888,1,70616037.3504,0.023357305304567
7847,6186.845888,2,70616057.4208,0.0352859221013379
7848,6186.865888,1,70616077.3632,0.0233962341467412
7849,6186.885888,2,70616098.3296,0.0352705554531112
7850,6186.905888,1,70616117.4016,0.0233644764070728
7851,6186.925888,2,70616137.3696,0.035104595652263
7852,6186.945888,1,70616157.5552,0.0233900874874506
7853,6186.965888,2,70616177.3824,0.0352111377466347
7854,6186.985888,1,70616197.4656,0.0233962341467412
7855,6187.005888,2,70616217.3952,0.0351722089044604
7856,6187.025888,1,70616238.4128,0.0233614030774274
7857,6187.045888,2,70616257.8816,0.0350871801176061
7858,6187.065888,1,70616277.4144,0.0233839408281599
7859,6187.085888,2,70616297.3952,0.0351332800622862
7860,6187.105888,1,70616317.6064,0.0234617985125085
7861,6187.125888,2,70616337.3824,0.0350472268322167
7862,6187.145888,1,70616357.5424,0.0233153031327474
7863,6187.165888,2,70616377.536,0.0349509291699961
7864,6187.185888,1,70616397.4016,0.0233685741799332
7865,6187.205888,2,70616417.408,0.0349785891368041
7866,6187.225888,1,70616437.6832,0.0233327186674043
7867,6187.245888,2,70616457.536,0.0349365869649845
7868,6187.265888,1,70616477.4144,0.0232712520744975
7869,6187.285888,2,70616497.8176,0.0349458069539205
7870,6187.305888,1,70616517.4144,0.0232405187780441
7871,6187.325888,2,70616537.4464,0.0349529780564263
7872,6187.345888,1,70616557.5552,0.0233112053598869
7873,6187.365888,2,70616577.4336,0.034994980228246
7874,6187.385888,1,70616597.4528,0.0232466654373348
7875,6187.405888,2,70616617.7536,0.0351568422562337
7876,6187.425888,1,70616637.4272,0.0232610076423464
7877,6187.445888,2,70616657.472,0.0353166553977913
7878,6187.465888,1,70616677.6448,0.0232610076423464
7879,6187.485888,2,70616697.4336,0.035477492982564
7880,6187.505888,1,70616717.4784,0.0232989120413055
7881,6187.525888,2,70616737.472,0.0357387260024177
7882,6187.545888,1,70616757.7344,0.0232671543016371
7883,6187.565888,2,70616777.5616,0.0357858503903129
7884,6187.585888,1,70616797.4528,0.0233357919970496
7885,6187.605888,2,70616817.536,0.0358155592435511
7886,6187.625888,1,70616837.44,0.0232702276312824
7887,6187.645888,2,70616857.8688,0.0358585858585859
7888,6187.665888,1,70616877.4656,0.0232599831991313
7889,6187.685888,2,70616897.4464,0.035932345770074
7890,6187.705888,1,70616917.504,0.0233398897699101
7891,6187.725888,2,70616937.4592,0.0359036613600508
7892,6187.745888,1,70616957.5168,0.0232476898805499
7893,6187.765888,2,70616978.0096,0.0358678058475219
7894,6187.785888,1,70616997.4784,0.023312229803102
7895,6187.805888,2,70617018.4064,0.0356977482738132
7896,6187.825888,1,70617037.4784,0.0233460364292007
7897,6187.845888,2,70617057.4976,0.035514372938308
7898,6187.865888,1,70617077.6832,0.0232630565287766
7899,6187.885888,2,70617097.5488,0.035332022046018
7900,6187.905888,1,70617117.5296,0.0232784231770033
7901,6187.925888,2,70617137.4848,0.0352418710430881
7902,6187.945888,1,70617157.6576,0.0232384698916139
7903,6187.965888,2,70617177.6256,0.0352357243837974
7904,6187.985888,1,70617197.6448,0.0233532075317065
7905,6188.005888,2,70617217.536,0.0352603110209601
7906,6188.025888,1,70617237.4912,0.0232968631548753
7907,6188.045888,2,70617257.6896,0.0353484131374598
7908,6188.065888,1,70617277.5168,0.023330669780974
7909,6188.085888,2,70617297.5744,0.0353217776138669
7910,6188.105888,1,70617317.5296,0.0233491097588461
7911,6188.125888,2,70617337.536,0.0352767021124019
7912,6188.145888,1,70617357.8496,0.0233019853709509
7913,6188.165888,2,70617377.536,0.0351926977687627
7914,6188.185888,1,70617397.76,0.0233019853709509
7915,6188.205888,2,70617417.5104,0.0353156309545762
7916,6188.225888,1,70617437.5424,0.0232968631548753
7917,6188.245888,2,70617457.7664,0.0352510910320241
7918,6188.265888,1,70617477.6064,0.0232538365398406
7919,6188.285888,2,70617497.7408,0.0351926977687627
7920,6188.305888,1,70617517.5552,0.0232773987337882
7921,6188.325888,2,70617537.5488,0.0351148400844141
7922,6188.345888,1,70617557.7216,0.0232999364845207
7923,6188.365888,2,70617577.5744,0.0350646423668736
7924,6188.385888,1,70617597.568,0.0232989120413055
7925,6188.405888,2,70617617.728,0.0350462023890016
7926,6188.425888,1,70617637.5808,0.0233368164402647
7927,6188.445888,2,70617657.5872,0.0349160981006823
7928,6188.465888,1,70617677.5424,0.023266129858422
7929,6188.485888,2,70617697.6,0.0349458069539205
7930,6188.505888,1,70617717.5936,0.0233224742352531
7931,6188.525888,2,70617737.7664,0.0348515581781302
7932,6188.545888,1,70617757.568,0.0232692031880673
7933,6188.565888,2,70617777.6256,0.0347982871309443
7934,6188.585888,1,70617797.6832,0.0232835453930789
7935,6188.605888,2,70617817.6768,0.0348116048927408
7936,6188.625888,1,70617837.5936,0.023321449792038
7937,6188.645888,2,70617857.8432,0.0346978916958633
7938,6188.665888,1,70617878.0032,0.0232804720634335
7939,6188.685888,2,70617897.7152,0.0345206630196488
7940,6188.705888,1,70617917.9008,0.0232814965066486
7941,6188.725888,2,70617937.7024,0.0345442252135964
7942,6188.745888,1,70617957.8112,0.02329378982523
7943,6188.765888,2,70617977.792,0.034540127440736
7944,6188.785888,1,70617997.8752,0.0233491097588461
7945,6188.805888,2,70618017.7024,0.0345780318396951
7946,6188.825888,1,70618037.9136,0.0232907164955847
7947,6188.845888,2,70618057.7664,0.0347071116847993
7948,6188.865888,1,70618077.6192,0.0233501342020612
7949,6188.885888,2,70618097.9456,0.0346692072858402
7950,6188.905888,1,70618118.1824,0.0232825209498638
7951,6188.925888,2,70618137.6128,0.0345923740447067
7952,6188.945888,1,70618157.8496,0.0233511586452763
7953,6188.965888,2,70618177.7792,0.0344807097342594
7954,6188.985888,1,70618197.632,0.0232702276312824
7955,6189.005888,2,70618217.7536,0.0344264142438585
7956,6189.025888,1,70618237.6448,0.0232712520744975
7957,6189.045888,2,70618257.6512,0.0342963099555392
7958,6189.065888,1,70618277.9008,0.0233163275759625
7959,6189.085888,2,70618297.6512,0.0343833876288237
7960,6189.105888,1,70618317.8752,0.0232743254041428
7961,6189.125888,2,70618337.7792,0.0344346097895794
7962,6189.145888,1,70618357.6576,0.0233378408834798
7963,6189.165888,2,70618377.9968,0.0344745630749688
7964,6189.185888,1,70618397.6832,0.0234054541356773
7965,6189.205888,2,70618417.8304,0.0346866228204971
7966,6189.225888,1,70618437.7728,0.0233532075317065
7967,6189.245888,2,70618457.7408,0.0348812670313685
7968,6189.265888,1,70618477.6064,0.0232456409941197
7969,6189.285888,2,70618497.7408,0.0349191714303276
7970,6189.305888,1,70618517.7856,0.0232517876534104
7971,6189.325888,2,70618537.856,0.0348577048374209
7972,6189.345888,1,70618557.9648,0.0232220788001721
7973,6189.365888,2,70618577.6512,0.0349089269981765
7974,6189.385888,1,70618597.9392,0.023303009814166
7975,6189.405888,2,70618617.6896,0.0350144446493331
7976,6189.425888,1,70618637.7984,0.0233224742352531
7977,6189.445888,2,70618657.8432,0.0348751203720778
7978,6189.465888,1,70618677.7088,0.0233296453377589
7979,6189.485888,2,70618697.8688,0.0347634560616305
7980,6189.505888,1,70618717.952,0.0232989120413055
7981,6189.525888,2,70618737.9584,0.0349806380232344
7982,6189.545888,1,70618757.9648,0.0232794476202184
7983,6189.565888,2,70618777.9584,0.0350472268322167
7984,6189.585888,1,70618797.9136,0.0232569098694859
7985,6189.605888,2,70618817.7152,0.034959124715717
7986,6189.625888,1,70618837.696,0.0232712520744975
7987,6189.645888,2,70618857.7024,0.0349816624664495
7988,6189.665888,1,70618878.0416,0.0232343721187535
7989,6189.685888,2,70618898.0864,0.0350082979900424
7990,6189.705888,1,70618917.9008,0.023330669780974
7991,6189.725888,2,70618938.0352,0.0347532116294794
7992,6189.745888,1,70618957.7472,0.0233163275759625
7993,6189.765888,2,70618977.7024,0.0346763783883459
7994,6189.785888,1,70618997.888,0.0232978875980904
7995,6189.805888,2,70619017.856,0.0347777982666421
7996,6189.825888,1,70619037.952,0.0232927653820149
7997,6189.845888,2,70619057.9072,0.034813653779171
7998,6189.865888,1,70619077.888,0.0233296453377589
7999,6189.885888,2,70619097.7408,0.0347112094576598
8000,6189.905888,1,70619117.7344,0.0233275964513287
8001,6189.925888,2,70619137.8688,0.0346661339561948
8002,6189.945888,1,70619157.696,0.0232978875980904
8003,6189.965888,2,70619177.9328,0.0346763783883459
8004,6189.985888,1,70619197.6832,0.0233450119859856
8005,6190.005888,2,70619217.856,0.034694818366218
8006,6190.025888,1,70619237.696,0.0233265720081136
8007,6190.045888,2,70619257.6896,0.0347665293912758
8008,6190.065888,1,70619277.8752,0.0233357919970496
8009,6190.085888,2,70619297.6896,0.0349632224885775
8010,6190.105888,1,70619318.0416,0.0233255475648985
8011,6190.125888,2,70619337.984,0.0349939557850308
8012,6190.145888,1,70619357.7856,0.0233655008502879
8013,6190.165888,2,70619377.7408,0.0349007314524556
8014,6190.185888,1,70619397.8496,0.023394185260311
8015,6190.205888,2,70619417.8176,0.0349017558956707
8016,6190.225888,1,70619438.0032,0.0233614030774274
8017,6190.245888,2,70619457.7152,0.0350472268322167
8018,6190.265888,1,70619477.696,0.0233071075870264
8019,6190.285888,2,70619497.6896,0.0351384022783617
8020,6190.305888,1,70619517.7728,0.0233153031327474
8021,6190.325888,2,70619537.7408,0.0351363533919315
8022,6190.345888,1,70619557.7344,0.0233419386563403
8023,6190.365888,2,70619577.7024,0.0350441535025713
8024,6190.385888,1,70619597.76,0.0232814965066486
8025,6190.405888,2,70619617.7536,0.0349386358514148
8026,6190.425888,1,70619637.8496,0.0232927653820149
8027,6190.445888,2,70619657.7536,0.0349242936464032
8028,6190.465888,1,70619677.7344,0.0232866187227242
8029,6190.485888,2,70619697.7408,0.0348802425881533
8030,6190.505888,1,70619717.7344,0.0233091564734567
8031,6190.525888,2,70619737.7536,0.0349007314524556
8032,6190.545888,1,70619757.7216,0.0232989120413055
8033,6190.565888,2,70619777.7408,0.0349099514413916
8034,6190.585888,1,70619797.7472,0.0232343721187535
8035,6190.605888,2,70619817.8048,0.0347593582887701
8036,6190.625888,1,70619837.7728,0.0232087610383756
8037,6190.645888,2,70619857.9456,0.0348464359620546
8038,6190.665888,1,70619877.7856,0.0232456409941197
8039,6190.685888,2,70619897.7792,0.0348464359620546
8040,6190.705888,1,70619917.9776,0.0232077365951605
8041,6190.725888,2,70619937.792,0.0348966336795951
8042,6190.745888,1,70619957.7728,0.0232312987891081
8043,6190.765888,2,70619977.7408,0.0349417091810601
8044,6190.785888,1,70619997.7984,0.0232517876534104
8045,6190.805888,2,70620018.0736,0.0348945847931649
8046,6190.825888,1,70620037.7984,0.0233286208945438
8047,6190.845888,2,70620057.7792,0.0349345380785543
8048,6190.865888,1,70620077.7856,0.0232169565840965
8049,6190.885888,2,70620097.8688,0.0348761448152929
8050,6190.905888,1,70620117.9136,0.0231954432765792
8051,6190.925888,2,70620137.7536,0.0349191714303276
8052,6190.945888,1,70620157.9392,0.0232927653820149
8053,6190.965888,2,70620177.792,0.0348310693138279
8054,6190.985888,1,70620198.0288,0.0232005654926547
8055,6191.005888,2,70620217.92,0.0348495092917
8056,6191.025888,1,70620237.9904,0.023239494334829
8057,6191.045888,2,70620258.0352,0.0348577048374209
8058,6191.065888,1,70620277.8496,0.0231800766283525
8059,6191.085888,2,70620297.984,0.0348648759399267
8060,6191.105888,1,70620318.3744,0.0231913455037187
8061,6191.125888,2,70620337.9328,0.0349581002725019
8062,6191.145888,1,70620357.824,0.02329378982523
8063,6191.165888,2,70620377.8176,0.0350605445940132
8064,6191.185888,1,70620398.1056,0.0232825209498638
8065,6191.205888,2,70620417.792,0.0348566803942058
8066,6191.225888,1,70620437.824,0.0232364210051837
8067,6191.245888,2,70620457.8176,0.0346364251029565
8068,6191.265888,1,70620477.8112,0.0232231032433872
8069,6191.285888,2,70620498.0224,0.0345698362939742
8070,6191.305888,1,70620518.0544,0.0231964677197943
8071,6191.325888,2,70620538.0096,0.0345985207039974
8072,6191.345888,1,70620557.8752,0.0231923699469338
8073,6191.365888,2,70620577.8432,0.0345985207039974
8074,6191.385888,1,70620597.8752,0.0232159321408814
8075,6191.405888,2,70620617.8816,0.0346999405822935
8076,6191.425888,1,70620638.1696,0.0231554899911898
8077,6191.445888,2,70620657.8944,0.0347521871862643
8078,6191.465888,1,70620678.2976,0.0231913455037187
8079,6191.485888,2,70620698.0608,0.0348310693138279
8080,6191.505888,1,70620718.0288,0.0232200299137419
8081,6191.525888,2,70620738.1248,0.0349038047821009
8082,6191.545888,1,70620757.8624,0.0232251521298174
8083,6191.565888,2,70620777.9072,0.0348720470424324
8084,6191.585888,1,70620797.8624,0.0232261765730326
8085,6191.605888,2,70620818.112,0.0349181469871125
8086,6191.625888,1,70620838.2976,0.0231831499579978
8087,6191.645888,2,70620857.8816,0.0348822914745836
8088,6191.665888,1,70620877.888,0.0231524166615445
8089,6191.685888,2,70620898.0736,0.034832093757043
8090,6191.705888,1,70620917.888,0.0231995410494396
8091,6191.725888,2,70620937.9072,0.0348536070645604
8092,6191.745888,1,70620957.888,0.0231114389329399
8093,6191.765888,2,70620977.856,0.0348802425881533
8094,6191.785888,1,70620997.9648,0.0231964677197943
8095,6191.805888,2,70621018.0352,0.0350779601286701
8096,6191.825888,1,70621037.8752,0.0232702276312824
8097,6191.845888,2,70621057.9072,0.0350472268322167
8098,6191.865888,1,70621077.888,0.0231708566394165
8099,6191.885888,2,70621097.9584,0.0351025467658328
8100,6191.905888,1,70621118.2592,0.0232405187780441
8101,6191.925888,2,70621137.9328,0.0350472268322167
8102,6191.945888,1,70621157.9264,0.0231892966172885
8103,6191.965888,2,70621177.9072,0.0350820579015305
8104,6191.985888,1,70621197.9136,0.0231821255147827
8105,6192.005888,2,70621217.9072,0.0350738623558096
8106,6192.025888,1,70621237.952,0.0232067121519454
8107,6192.045888,2,70621257.984,0.0351547933698035
8108,6192.065888,1,70621277.9392,0.0232528120966255
8109,6192.085888,2,70621298.1888,0.0351107423115537
8110,6192.105888,1,70621317.9008,0.0232702276312824
8111,6192.125888,2,70621337.9712,0.0349540024996415
8112,6192.145888,1,70621357.952,0.0233450119859856
8113,6192.165888,2,70621377.9712,0.0349652713750077
8114,6192.185888,1,70621398.1312,0.0233194009056078
8115,6192.205888,2,70621417.9712,0.0349181469871125
8116,6192.225888,1,70621437.9776,0.0233511586452763
8117,6192.245888,2,70621457.9584,0.0349990780011064
8118,6192.265888,1,70621477.952,0.0234054541356773
8119,6192.285888,2,70621497.9968,0.0349581002725019
8120,6192.305888,1,70621518.1824,0.0233398897699101
8121,6192.325888,2,70621537.9328,0.0349365869649845
8122,6192.345888,1,70621557.9776,0.023403405249247
8123,6192.365888,2,70621577.9968,0.0351363533919315
8124,6192.385888,1,70621597.9648,0.0233265720081136
8125,6192.405888,2,70621617.9968,0.0352930932038437
8126,6192.425888,1,70621637.9648,0.0233378408834798
8127,6192.445888,2,70621657.984,0.0354221730489479
8128,6192.465888,1,70621677.9648,0.0233521830884914
8129,6192.485888,2,70621697.9584,0.0354395885836048
8130,6192.505888,1,70621718.0288,0.0233993074763866
8131,6192.525888,2,70621737.984,0.0355164218247382
8132,6192.545888,1,70621758.0544,0.0232927653820149
8133,6192.565888,2,70621777.9968,0.0354836396418547
8134,6192.585888,1,70621797.9904,0.0233419386563403
8135,6192.605888,2,70621817.984,0.0355297395865347
8136,6192.625888,1,70621837.9904,0.0232702276312824
8137,6192.645888,2,70621858.0736,0.0355901817362264
8138,6192.665888,1,70621878.0672,0.0233695986231483
8139,6192.685888,2,70621898.0352,0.0354949085172209
8140,6192.705888,1,70621918.0288,0.0232876431659393
8141,6192.725888,2,70621938.0352,0.0354908107443604
8142,6192.745888,1,70621958.0032,0.023375745282439
8143,6192.765888,2,70621978.0224,0.0354692974368431
8144,6192.785888,1,70621998.0544,0.0232876431659393
8145,6192.805888,2,70622018.0096,0.0351937222119778
8146,6192.825888,1,70622038.016,0.0233132542463171
8147,6192.845888,2,70622058.0096,0.0351506955969431
8148,6192.865888,1,70622078.0032,0.0233450119859856
8149,6192.885888,2,70622098.0608,0.035041080172926
8150,6192.905888,1,70622118.0288,0.0232712520744975
8151,6192.925888,2,70622138.0224,0.0348925359067347
8152,6192.945888,1,70622158.0288,0.0233859897145901
8153,6192.965888,2,70622178.0224,0.0351537689265884
8154,6192.985888,1,70622198.0416,0.023439260761776
8155,6193.005888,2,70622218.0352,0.0352603110209601
8156,6193.025888,1,70622238.016,0.0233521830884914
8157,6193.045888,2,70622258.2144,0.0353074354088553
8158,6193.065888,1,70622278.0288,0.0233911119306657
8159,6193.085888,2,70622298.0352,0.035322802057082
8160,6193.105888,1,70622318.016,0.0233921363738808
8161,6193.125888,2,70622338.0352,0.0354180752760875
8162,6193.145888,1,70622358.0288,0.0234044296924621
8163,6193.165888,2,70622378.0352,0.0354580285614768
8164,6193.185888,1,70622398.0416,0.0234771651607351
8165,6193.205888,2,70622418.048,0.0354723707664884
8166,6193.225888,1,70622438.08,0.0233337431106194
8167,6193.245888,2,70622458.0736,0.0354867129715
8168,6193.265888,1,70622478.0416,0.0234146741246133
8169,6193.285888,2,70622498.048,0.0355850595201508
8170,6193.305888,1,70622518.0672,0.023448480750712
8171,6193.325888,2,70622538.0736,0.0355164218247382
8172,6193.345888,1,70622558.1696,0.0234689696150142
8173,6193.365888,2,70622578.0608,0.0355881328497961
8174,6193.385888,1,70622598.0928,0.0234843362632409
8175,6193.405888,2,70622618.0992,0.0355082262790173
8176,6193.425888,1,70622638.0544,0.0234310652160551
8177,6193.445888,2,70622658.0736,0.0353904153092794
8178,6193.465888,1,70622678.0672,0.0234218452271191
8179,6193.485888,2,70622698.0736,0.0353309976028029
8180,6193.505888,1,70622718.08,0.0234320896592702
8181,6193.525888,2,70622738.1632,0.0352736287827566
8182,6193.545888,1,70622758.2464,0.0235662917204499
8183,6193.565888,2,70622778.2016,0.0353566086831807
8184,6193.585888,1,70622798.1056,0.023457700739648
8185,6193.605888,2,70622818.112,0.0353924641957096
8186,6193.625888,1,70622838.1184,0.0234925318089618
8187,6193.645888,2,70622858.0992,0.0352428954863032
8188,6193.665888,1,70622878.0928,0.0235611695043744
8189,6193.685888,2,70622898.0992,0.0352183088491405
8190,6193.705888,1,70622918.08,0.0235478517425779
8191,6193.725888,2,70622938.1248,0.0352008933144836
8192,6193.745888,1,70622958.1184,0.0234699940582294
8193,6193.765888,2,70622978.0864,0.0351998688712685
8194,6193.785888,1,70622998.1312,0.0234331141024853
8195,6193.805888,2,70623018.1632,0.0351240600733501
8196,6193.825888,1,70623038.1696,0.0233931608170959
8197,6193.845888,2,70623058.1504,0.0350728379125945
8198,6193.865888,1,70623078.1696,0.0234341385457004
8199,6193.885888,2,70623098.1632,0.0350421046161411
8200,6193.905888,1,70623118.1312,0.0234751162743049
8201,6193.925888,2,70623138.1376,0.0350164935357633
8202,6193.945888,1,70623158.1696,0.023530436207921
8203,6193.965888,2,70623178.1248,0.0350759112422398
8204,6193.985888,1,70623198.1184,0.023403405249247
8205,6194.005888,2,70623218.1248,0.0350615690372283
8206,6194.025888,1,70623238.1312,0.023366525293503
8207,6194.045888,2,70623258.24,0.035104595652263
8208,6194.065888,1,70623278.144,0.0234085274653226
8209,6194.085888,2,70623298.1504,0.0348822914745836
8210,6194.105888,1,70623318.1696,0.0233890630442355
8211,6194.125888,2,70623338.1632,0.0350298112975598
8212,6194.145888,1,70623358.144,0.0233911119306657
8213,6194.165888,2,70623378.1888,0.0350472268322167
8214,6194.185888,1,70623398.1568,0.0234044296924621
8215,6194.205888,2,70623418.1504,0.0349273669760485
8216,6194.225888,1,70623438.1696,0.0233706230663634
8217,6194.245888,2,70623458.6624,0.0350062491036122
8218,6194.265888,1,70623478.1824,0.0234177474542586
8219,6194.285888,2,70623498.2016,0.0351312311758559
8220,6194.305888,1,70623518.1696,0.0233921363738808
8221,6194.325888,2,70623538.1632,0.0351148400844141
8222,6194.345888,1,70623558.2848,0.0234044296924621
8223,6194.365888,2,70623578.24,0.0349960046714611
8224,6194.385888,1,70623598.1696,0.0234515540803573
8225,6194.405888,2,70623618.2016,0.0349744913639437
8226,6194.425888,1,70623638.208,0.0233859897145901
8227,6194.445888,2,70623658.5216,0.0349089269981765
8228,6194.465888,1,70623678.2848,0.0234208207839039
8229,6194.485888,2,70623698.2016,0.0349755158071588
8230,6194.505888,1,70623718.2208,0.0234638473989387
8231,6194.525888,2,70623738.2016,0.0350851312311759
8232,6194.545888,1,70623758.2592,0.0234638473989387
8233,6194.565888,2,70623778.2144,0.035059520150798
8234,6194.585888,1,70623798.272,0.0234238941135493
8235,6194.605888,2,70623818.2656,0.0350052246603971
8236,6194.625888,1,70623838.2208,0.0234628229557236
8237,6194.645888,2,70623858.3424,0.034940684737845
8238,6194.665888,1,70623878.208,0.0233767697256541
8239,6194.685888,2,70623898.2272,0.0349365869649845
8240,6194.705888,1,70623918.3232,0.0233808674985146
8241,6194.725888,2,70623938.2656,0.0350523490482923
8242,6194.745888,1,70623958.6688,0.0234064785788924
8243,6194.765888,2,70623978.2144,0.0351650378019546
8244,6194.785888,1,70623998.2336,0.0234167230110435
8245,6194.805888,2,70624018.2272,0.0353217776138669
8246,6194.825888,1,70624038.272,0.0234433585346364
8247,6194.845888,2,70624058.4192,0.0354467596861106
8248,6194.865888,1,70624078.2464,0.0234156985678284
8249,6194.885888,2,70624098.24,0.0355205195975987
8250,6194.905888,1,70624118.2592,0.0234167230110435
8251,6194.925888,2,70624138.24,0.0356188661462495
8252,6194.945888,1,70624158.2592,0.0234218452271191
8253,6194.965888,2,70624178.3168,0.0357387260024177
8254,6194.985888,1,70624198.2464,0.0234269674431946
8255,6195.005888,2,70624218.2784,0.0356618927612842
8256,6195.025888,1,70624238.272,0.0233931608170959
8257,6195.045888,2,70624258.4064,0.0357243837974061
8258,6195.065888,1,70624278.4,0.023448480750712
8259,6195.085888,2,70624298.2656,0.0356967238305981
8260,6195.105888,1,70624318.3488,0.0234894584793165
8261,6195.125888,2,70624338.2784,0.0356209150326797
8262,6195.145888,1,70624358.4768,0.023412625238183
8263,6195.165888,2,70624378.3296,0.0355768639744299
8264,6195.185888,1,70624398.272,0.0234556518532178
8265,6195.205888,2,70624418.2528,0.03562296391911
8266,6195.225888,1,70624438.3104,0.0234699940582294
8267,6195.245888,2,70624458.368,0.0355830106337206
8268,6195.265888,1,70624478.3616,0.0234566762964329
8269,6195.285888,2,70624498.2912,0.0356557461019936
8270,6195.305888,1,70624518.2976,0.0234310652160551
8271,6195.325888,2,70624538.4832,0.0356844305120167
8272,6195.345888,1,70624558.4768,0.0234197963406888
8273,6195.365888,2,70624578.304,0.0358585858585859
8274,6195.385888,1,70624598.3232,0.0233921363738808
8275,6195.405888,2,70624618.368,0.0360255701026492
8276,6195.425888,1,70624638.3104,0.023403405249247
8277,6195.445888,2,70624658.3936,0.0361177699920093
8278,6195.465888,1,70624678.3744,0.0234525785235724
8279,6195.485888,2,70624698.3552,0.035969225725818
8280,6195.505888,1,70624718.3232,0.0234689696150142
8281,6195.525888,2,70624738.432,0.0360450345237363
8282,6195.545888,1,70624758.4512,0.0234013563628168
8283,6195.565888,2,70624778.3296,0.0359804946011842
8284,6195.585888,1,70624798.3744,0.0234085274653226
8285,6195.605888,2,70624818.3296,0.0359077591329113
8286,6195.625888,1,70624838.3872,0.0234054541356773
8287,6195.645888,2,70624858.4832,0.0358452680967894
8288,6195.665888,1,70624878.4,0.0233726719527937
8289,6195.685888,2,70624898.3424,0.035768434855656
8290,6195.705888,1,70624918.3616,0.023466920728584
8291,6195.725888,2,70624938.4064,0.0356270616919704
8292,6195.745888,1,70624958.4128,0.0234064785788924
8293,6195.765888,2,70624978.3936,0.0355461306779765
8294,6195.785888,1,70624998.3488,0.0233511586452763
8295,6195.805888,2,70625018.3808,0.0354344663675293
8296,6195.825888,1,70625038.4384,0.0234822873768107
8297,6195.845888,2,70625058.4192,0.0354313930378839
8298,6195.865888,1,70625078.4768,0.0234433585346364
8299,6195.885888,2,70625098.3552,0.0353156309545762
8300,6195.905888,1,70625118.4,0.0234628229557236
8301,6195.925888,2,70625138.4448,0.0351691355748151
8302,6195.945888,1,70625158.4128,0.0234310652160551
8303,6195.965888,2,70625178.3808,0.0351619644723093
8304,6195.985888,1,70625198.5536,0.0234372118753458
8305,6196.005888,2,70625218.4192,0.0352234310652161
8306,6196.025888,1,70625238.3744,0.0234699940582294
8307,6196.045888,2,70625258.4704,0.0353637797856865
8308,6196.065888,1,70625278.3872,0.0234341385457004
8309,6196.085888,2,70625298.5088,0.0353555842399656
8310,6196.105888,1,70625318.336,0.0234013563628168
8311,6196.125888,2,70625338.4064,0.0354508574589711
8312,6196.145888,1,70625358.5664,0.0233829163849448
8313,6196.165888,2,70625378.3936,0.0354078308439363
8314,6196.185888,1,70625398.3872,0.023457700739648
8315,6196.205888,2,70625418.4448,0.0354498330157559
8316,6196.225888,1,70625438.4,0.0234310652160551
8317,6196.245888,2,70625458.4576,0.0354395885836048
8318,6196.265888,1,70625478.4128,0.0233870141578052
8319,6196.285888,2,70625498.4832,0.0356373061241215
8320,6196.305888,1,70625518.4,0.0234945806953921
8321,6196.325888,2,70625538.3936,0.0355901817362264
8322,6196.345888,1,70625558.4768,0.0234249185567644
8323,6196.365888,2,70625578.4576,0.0357397504456328
8324,6196.385888,1,70625598.4512,0.0233839408281599
8325,6196.405888,2,70625618.4192,0.0356762349662958
8326,6196.425888,1,70625638.4128,0.0234361874321306
8327,6196.445888,2,70625658.8672,0.0355256418136743
8328,6196.465888,1,70625678.592,0.0234146741246133
8329,6196.485888,2,70625698.4832,0.0354744196529186
8330,6196.505888,1,70625718.464,0.0234536029667875
8331,6196.525888,2,70625738.4576,0.0354713463232733
8332,6196.545888,1,70625758.7072,0.0234064785788924
8333,6196.565888,2,70625778.496,0.0353002643063495
8334,6196.585888,1,70625798.4128,0.0235058495707583
8335,6196.605888,2,70625818.4192,0.0352859221013379
8336,6196.625888,1,70625838.4896,0.0234505296371422
8337,6196.645888,2,70625858.6496,0.0351640133587395
8338,6196.665888,1,70625878.4896,0.0234310652160551
8339,6196.685888,2,70625898.4832,0.0351168889708443
8340,6196.705888,1,70625918.4768,0.0234423340914213
8341,6196.725888,2,70625938.4832,0.0351117667547688
8342,6196.745888,1,70625958.7328,0.0234699940582294
8343,6196.765888,2,70625978.5984,0.035022640195054
8344,6196.785888,1,70625998.528,0.0234361874321306
8345,6196.805888,2,70626018.5088,0.0350482512754318
8346,6196.825888,1,70626038.5152,0.023530436207921
8347,6196.845888,2,70626058.5344,0.0350246890814842
8348,6196.865888,1,70626078.4768,0.0234884340361014
8349,6196.885888,2,70626098.5472,0.0349181469871125
8350,6196.905888,1,70626118.5536,0.0234792140471654
8351,6196.925888,2,70626138.5216,0.0348402893027639
8352,6196.945888,1,70626158.8224,0.0233931608170959
8353,6196.965888,2,70626178.5728,0.0347624316184154
8354,6196.985888,1,70626198.6304,0.0234597496260782
8355,6197.005888,2,70626218.5728,0.0347204294465958
8356,6197.025888,1,70626238.5792,0.0233655008502879
8357,6197.045888,2,70626258.8288,0.0347542360726945
8358,6197.065888,1,70626278.6304,0.023403405249247
8359,6197.085888,2,70626298.5856,0.0349529780564263
8360,6197.105888,1,70626318.5792,0.0233993074763866
8361,6197.125888,2,70626338.496,0.0350093224332575
8362,6197.145888,1,70626358.6688,0.0234269674431946
8363,6197.165888,2,70626378.5472,0.0349417091810601
8364,6197.185888,1,70626398.8224,0.0233911119306657
8365,6197.205888,2,70626418.5344,0.0349304403056939
8366,6197.225888,1,70626438.528,0.0233716475095785
8367,6197.245888,2,70626458.5856,0.0348505337349151
8368,6197.265888,1,70626478.5024,0.0233101809166718
8369,6197.285888,2,70626498.5344,0.0346866228204971
8370,6197.305888,1,70626518.592,0.0233419386563403
8371,6197.325888,2,70626538.5472,0.0346476939783228
8372,6197.345888,1,70626558.6688,0.0232599831991313
8373,6197.365888,2,70626578.624,0.03471325834409
8374,6197.385888,1,70626598.7968,0.0233460364292007
8375,6197.405888,2,70626618.6624,0.03471325834409
8376,6197.425888,1,70626638.5792,0.0233327186674043
8377,6197.445888,2,70626658.7008,0.0348187759952466
8378,6197.465888,1,70626678.6304,0.0232773987337882
8379,6197.485888,2,70626698.816,0.034704038355154
8380,6197.505888,1,70626718.656,0.0233091564734567
8381,6197.525888,2,70626738.6752,0.0345175896900035
8382,6197.545888,1,70626758.8608,0.0233388653266949
8383,6197.565888,2,70626778.6112,0.0344243653574282
8384,6197.585888,1,70626798.656,0.0233532075317065
8385,6197.605888,2,70626818.6112,0.0344059253795562
8386,6197.625888,1,70626838.7584,0.0233972585899564
8387,6197.645888,2,70626858.8416,0.0343331899112832
8388,6197.665888,1,70626878.6048,0.0233439875427705
8389,6197.685888,2,70626898.5984,0.0342071833958244
8390,6197.705888,1,70626918.7584,0.0232866187227242
8391,6197.725888,2,70626938.5984,0.0342123056118999
8392,6197.745888,1,70626958.8096,0.0233501342020612
8393,6197.765888,2,70626978.6752,0.0343782654127482
8394,6197.785888,1,70626998.6944,0.0233839408281599
8395,6197.805888,2,70627018.6112,0.0343762165263179
8396,6197.825888,1,70627038.6432,0.0233808674985146
8397,6197.845888,2,70627058.6368,0.0345175896900035
8398,6197.865888,1,70627078.6176,0.023439260761776
8399,6197.885888,2,70627098.624,0.0345626651914684
8400,6197.905888,1,70627118.6432,0.0233511586452763
8401,6197.925888,2,70627138.6112,0.0345790562829102
8402,6197.945888,1,70627158.7328,0.0233388653266949
8403,6197.965888,2,70627178.6624,0.0347214538898109
8404,6197.985888,1,70627198.5792,0.0233316942241892
8405,6198.005888,2,70627218.7776,0.0348607781670662
8406,6198.025888,1,70627238.72,0.0233409142131252
8407,6198.045888,2,70627258.8416,0.0349099514413916
8408,6198.065888,1,70627278.912,0.0233378408834798
8409,6198.085888,2,70627298.7264,0.0347798471530723
8410,6198.105888,1,70627318.8608,0.0232927653820149
8411,6198.125888,2,70627338.7136,0.0346978916958633
8412,6198.145888,1,70627358.7072,0.0233224742352531
8413,6198.165888,2,70627378.8416,0.0344837830639048
8414,6198.185888,1,70627398.8992,0.0232558854262708
8415,6198.205888,2,70627418.7008,0.0344899297231954
8416,6198.225888,1,70627438.784,0.0233255475648985
8417,6198.245888,2,70627458.6624,0.0344428053353003
8418,6198.265888,1,70627479.104,0.0232896920523695
8419,6198.285888,2,70627498.8032,0.0344735386317536
8420,6198.305888,1,70627518.7968,0.023257934312701
8421,6198.325888,2,70627538.8544,0.0343454832298646
8422,6198.345888,1,70627558.784,0.0233450119859856
8423,6198.365888,2,70627578.6752,0.034413096482062
8424,6198.385888,1,70627598.7328,0.0233173520191776
8425,6198.405888,2,70627618.8544,0.0344120720388469
8426,6198.425888,1,70627638.6944,0.0233450119859856
8427,6198.445888,2,70627658.7264,0.0343137254901961
8428,6198.465888,1,70627678.784,0.0233224742352531
8429,6198.485888,2,70627698.8672,0.0345032474849919
8430,6198.505888,1,70627718.8736,0.0233275964513287
8431,6198.525888,2,70627738.7264,0.03444075644887
8432,6198.545888,1,70627758.8352,0.0233931608170959
8433,6198.565888,2,70627778.752,0.0345257852357244
8434,6198.585888,1,70627798.72,0.0233859897145901
8435,6198.605888,2,70627818.7264,0.0344458786649456
8436,6198.625888,1,70627838.8224,0.0233501342020612
8437,6198.645888,2,70627858.9184,0.0344776364046141
8438,6198.665888,1,70627878.8864,0.0233593541909972
8439,6198.685888,2,70627898.7264,0.0343977298338353
8440,6198.705888,1,70627918.848,0.0233357919970496
8441,6198.725888,2,70627938.7392,0.0344284631302887
8442,6198.745888,1,70627958.9504,0.0234116007949679
8443,6198.765888,2,70627978.7136,0.0344079742659864
8444,6198.785888,1,70627998.7328,0.0234156985678284
8445,6198.805888,2,70628018.688,0.0344540742106665
8446,6198.825888,1,70628038.848,0.0233245231216834
8447,6198.845888,2,70628058.8928,0.0345011985985617
8448,6198.865888,1,70628078.8096,0.0233429630995554
8449,6198.885888,2,70628098.816,0.0346569139672588
8450,6198.905888,1,70628118.9888,0.0233040342573811
8451,6198.925888,2,70628138.944,0.03471325834409
8452,6198.945888,1,70628158.848,0.0233450119859856
8453,6198.965888,2,70628178.7648,0.0346886717069273
8454,6198.985888,1,70628198.8352,0.0234085274653226
8455,6199.005888,2,70628218.7904,0.0346845739340668
8456,6199.025888,1,70628239.0144,0.0233634519638576
8457,6199.045888,2,70628259.1104,0.0347798471530723
8458,6199.065888,1,70628278.7712,0.0234197963406888
8459,6199.085888,2,70628298.8288,0.0347747249369967
8460,6199.105888,1,70628319.0528,0.0233245231216834
8461,6199.125888,2,70628338.7904,0.0347931649148688
8462,6199.145888,1,70628358.7584,0.0233583297477821
8463,6199.165888,2,70628378.816,0.0347962382445141
8464,6199.185888,1,70628398.8096,0.023375745282439
8465,6199.205888,2,70628418.7904,0.0348474604052697
8466,6199.225888,1,70628438.7968,0.0233234986784682
8467,6199.245888,2,70628458.9568,0.0350298112975598
8468,6199.265888,1,70628479.3216,0.0234085274653226
8469,6199.285888,2,70628498.8416,0.0350892290040363
8470,6199.305888,1,70628519.1168,0.023403405249247
8471,6199.325888,2,70628539.1104,0.035113815641199
8472,6199.345888,1,70628558.8736,0.0234187718974737
8473,6199.365888,2,70628579.2896,0.0351158645276292
8474,6199.385888,1,70628598.9248,0.0234505296371422
8475,6199.405888,2,70628619.072,0.0353074354088553
8476,6199.425888,1,70628638.848,0.0234464318642818
8477,6199.445888,2,70628658.9568,0.0355399840186858
8478,6199.465888,1,70628678.8096,0.0234433585346364
8479,6199.485888,2,70628698.9952,0.0353760731042678
8480,6199.505888,1,70628718.9504,0.0233706230663634
8481,6199.525888,2,70628739.2896,0.035259286577745
8482,6199.545888,1,70628759.0784,0.0233286208945438
8483,6199.565888,2,70628779.1232,0.0351845022230418
8484,6199.585888,1,70628799.104,0.0233982830331715
8485,6199.605888,2,70628818.9184,0.035004200217182
8486,6199.625888,1,70628839.3088,0.023375745282439
8487,6199.645888,2,70628858.9824,0.0349365869649845
8488,6199.665888,1,70628879.0272,0.0233818919417297
8489,6199.685888,2,70628899.136,0.0348310693138279
8490,6199.705888,1,70628918.8864,0.0234013563628168
8491,6199.725888,2,70628938.9312,0.0347624316184154
8492,6199.745888,1,70628958.8992,0.023466920728584
8493,6199.765888,2,70628978.9312,0.0346558895240437
8494,6199.785888,1,70628999.0656,0.0233706230663634
8495,6199.805888,2,70629019.1872,0.0345524207593173
8496,6199.825888,1,70629038.8992,0.0233275964513287
8497,6199.845888,2,70629058.9568,0.03439465650419
8498,6199.865888,1,70629078.9248,0.0234044296924621
8499,6199.885888,2,70629098.9568,0.0344346097895794
8500,6199.905888,1,70629118.8992,0.023448480750712
8501,6199.925888,2,70629138.9056,0.0342747966480218
8502,6199.945888,1,70629158.8608,0.0233583297477821
8503,6199.965888,2,70629178.944,0.0341959145204581
8504,6199.985888,1,70629198.8992,0.0233388653266949
8505,6200.005888,2,70629219.1616,0.0342245989304813
8506,6200.025888,1,70629239.1552,0.0234290163296248
8507,6200.045888,2,70629258.9568,0.0342450877947835
8508,6200.065888,1,70629278.976,0.0233962341467412
8509,6200.085888,2,70629298.9184,0.0342747966480218
8510,6200.105888,1,70629318.9632,0.0233439875427705
8511,6200.125888,2,70629338.88,0.0342655766590858
8512,6200.145888,1,70629358.9248,0.0234208207839039
8513,6200.165888,2,70629379.1488,0.0342778699776671
8514,6200.185888,1,70629398.8992,0.0234238941135493
8515,6200.205888,2,70629418.8928,0.034239965578708
8516,6200.225888,1,70629438.8864,0.0234556518532178
8517,6200.245888,2,70629458.9952,0.0342512344540742
8518,6200.265888,1,70629478.9376,0.023448480750712
8519,6200.285888,2,70629498.9696,0.0343249943655623
8520,6200.305888,1,70629518.9376,0.023457700739648
8521,6200.325888,2,70629538.9312,0.0344960763824861
8522,6200.345888,1,70629558.9888,0.0233726719527937
8523,6200.365888,2,70629578.9568,0.0344458786649456
8524,6200.385888,1,70629598.8992,0.0233931608170959
8525,6200.405888,2,70629619.0208,0.0344735386317536
8526,6200.425888,1,70629638.8992,0.0234413096482062
8527,6200.445888,2,70629658.9568,0.0344796852910443
8528,6200.465888,1,70629678.9504,0.0233644764070728
8529,6200.485888,2,70629698.8928,0.0345647140778987
8530,6200.505888,1,70629718.912,0.0233880386010203
8531,6200.525888,2,70629738.9056,0.0344684164156781
8532,6200.545888,1,70629758.8992,0.0233337431106194
8533,6200.565888,2,70629778.9952,0.0344171942549224
8534,6200.585888,1,70629799.0016,0.0233911119306657
8535,6200.605888,2,70629819.0208,0.0344889052799803
8536,6200.625888,1,70629838.912,0.0233378408834798
8537,6200.645888,2,70629858.9184,0.0346978916958633
8538,6200.665888,1,70629878.9632,0.0234536029667875
8539,6200.685888,2,70629898.944,0.0347204294465958
8540,6200.705888,1,70629918.9504,0.0234003319196017
8541,6200.725888,2,70629938.944,0.0347194050033807
8542,6200.745888,1,70629958.9376,0.0233706230663634
8543,6200.765888,2,70629979.0336,0.0347583338455549
8544,6200.785888,1,70629998.9376,0.0233583297477821
8545,6200.805888,2,70630018.9952,0.0348894625770894
8546,6200.825888,1,70630038.9632,0.0234238941135493
8547,6200.845888,2,70630059.0336,0.0351281578462106
8548,6200.865888,1,70630079.0144,0.0234495051939271
8549,6200.885888,2,70630098.9696,0.0352039666441289
8550,6200.905888,1,70630118.976,0.023412625238183
8551,6200.925888,2,70630138.9696,0.0352377732702276
8552,6200.945888,1,70630159.04,0.023412625238183
8553,6200.965888,2,70630178.9824,0.0350082979900424
8554,6200.985888,1,70630199.0016,0.0233593541909972
8555,6201.005888,2,70630218.9952,0.0349693691478681
8556,6201.025888,1,70630238.976,0.0234505296371422
8557,6201.045888,2,70630259.2,0.034822873768107
8558,6201.065888,1,70630278.9888,0.0233870141578052
8559,6201.085888,2,70630298.9696,0.034722478333026
8560,6201.105888,1,70630318.9888,0.023485360706456
8561,6201.125888,2,70630338.9952,0.0347357960948225
8562,6201.145888,1,70630359.04,0.02343004077284
8563,6201.165888,2,70630378.9952,0.0346046673632881
8564,6201.185888,1,70630398.976,0.0234208207839039
8565,6201.205888,2,70630419.0592,0.0346231073411601
8566,6201.225888,1,70630439.0016,0.0234013563628168
8567,6201.245888,2,70630459.3536,0.0345196385764337
8568,6201.265888,1,70630478.9888,0.0234833118200258
8569,6201.285888,2,70630498.9952,0.0344632941996025
8570,6201.305888,1,70630519.0784,0.023384965271375
8571,6201.325888,2,70630539.008,0.0345196385764337
8572,6201.345888,1,70630559.1552,0.0233870141578052
8573,6201.365888,2,70630579.008,0.0345093941442826
8574,6201.385888,1,70630599.1296,0.0233829163849448
8575,6201.405888,2,70630619.0336,0.0346036429200729
8576,6201.425888,1,70630639.0784,0.0234044296924621
8577,6201.445888,2,70630659.1104,0.0345237363492942
8578,6201.465888,1,70630679.0272,0.0233911119306657
8579,6201.485888,2,70630699.0208,0.0344335853463643
8580,6201.505888,1,70630719.104,0.0234116007949679
8581,6201.525888,2,70630739.0208,0.0344325609031491
8582,6201.545888,1,70630759.1936,0.0234064785788924
8583,6201.565888,2,70630779.0336,0.0345032474849919
8584,6201.585888,1,70630799.0272,0.0234546274100027
8585,6201.605888,2,70630819.2256,0.0344510008810212
8586,6201.625888,1,70630839.04,0.0234003319196017
8587,6201.645888,2,70630859.136,0.0345216874628639
8588,6201.665888,1,70630879.1168,0.0233880386010203
8589,6201.685888,2,70630899.136,0.0345882762718462
8590,6201.705888,1,70630919.0784,0.0234064785788924
8591,6201.725888,2,70630939.1488,0.0346097895793636
8592,6201.745888,1,70630959.3088,0.0233808674985146
8593,6201.765888,2,70630979.1488,0.0348198004384617
8594,6201.785888,1,70630999.104,0.0233829163849448
8595,6201.805888,2,70631019.072,0.0347962382445141
8596,6201.825888,1,70631039.168,0.0234648718421538
8597,6201.845888,2,70631059.1616,0.0347173561169504
8598,6201.865888,1,70631079.5264,0.023439260761776
8599,6201.885888,2,70631099.1232,0.0346241317843752
8600,6201.905888,1,70631119.1424,0.0234607740692933
8601,6201.925888,2,70631139.1104,0.0345534452025324
8602,6201.945888,1,70631159.1936,0.0233675497367181
8603,6201.965888,2,70631179.1872,0.0345800807261253
8604,6201.985888,1,70631199.1168,0.0234617985125085
8605,6202.005888,2,70631219.0848,0.0344714897453234
8606,6202.025888,1,70631239.1424,0.0234382363185609
8607,6202.045888,2,70631259.2,0.0344059253795562
8608,6202.065888,1,70631279.1936,0.0235017517978978
8609,6202.085888,2,70631299.1488,0.0344714897453234
8610,6202.105888,1,70631319.2576,0.0234966295818223
8611,6202.125888,2,70631339.1488,0.03457700739648
8612,6202.145888,1,70631359.1296,0.0234679451717991
8613,6202.165888,2,70631379.1232,0.0345329563382302
8614,6202.185888,1,70631399.1296,0.0234710185014445
8615,6202.205888,2,70631419.1488,0.0344059253795562
8616,6202.225888,1,70631439.168,0.0234536029667875
8617,6202.245888,2,70631459.1488,0.0344089987092015
8618,6202.265888,1,70631479.1552,0.0234023808060319
8619,6202.285888,2,70631499.2,0.0343772409695331
8620,6202.305888,1,70631519.2192,0.0234587251828631
8621,6202.325888,2,70631539.1488,0.0343301165816379
8622,6202.345888,1,70631559.1936,0.0234566762964329
8623,6202.365888,2,70631579.1488,0.034303481058045
8624,6202.385888,1,70631599.2832,0.0234710185014445
8625,6202.405888,2,70631619.1616,0.0345073452578524
8626,6202.425888,1,70631639.1808,0.0234997029114676
8627,6202.445888,2,70631659.2896,0.0345513963161022
8628,6202.465888,1,70631679.1552,0.0234771651607351
8629,6202.485888,2,70631699.1872,0.0346855983772819
8630,6202.505888,1,70631719.1808,0.0235447784129326
8631,6202.525888,2,70631739.2,0.0346251562275903
8632,6202.545888,1,70631759.3088,0.0235007273546827
8633,6202.565888,2,70631779.1744,0.0345432007703813
8634,6202.585888,1,70631799.1552,0.0234454074210666
8635,6202.605888,2,70631819.2128,0.0346763783883459
8636,6202.625888,1,70631839.2192,0.0234781896039503
8637,6202.645888,2,70631859.2128,0.0346302784436659
8638,6202.665888,1,70631879.232,0.0235355584239966
8639,6202.685888,2,70631899.2256,0.0345821296125556
8640,6202.705888,1,70631919.1936,0.023403405249247
8641,6202.725888,2,70631939.2896,0.034586227385416
8642,6202.745888,1,70631959.232,0.023457700739648
8643,6202.765888,2,70631979.2128,0.0345175896900035
8644,6202.785888,1,70631999.3728,0.0233890630442355
8645,6202.805888,2,70632019.2256,0.0343065543876903
8646,6202.825888,1,70632039.296,0.0233603786342123
8647,6202.845888,2,70632059.2768,0.0343803142991784
8648,6202.865888,1,70632079.2704,0.0233368164402647
8649,6202.885888,2,70632099.328,0.03444075644887
8650,6202.905888,1,70632119.2576,0.0233337431106194
8651,6202.925888,2,70632139.2128,0.0342973343987543
8652,6202.945888,1,70632159.296,0.0233265720081136
8653,6202.965888,2,70632179.264,0.0342737722048067
8654,6202.985888,1,70632199.2576,0.0232968631548753
8655,6203.005888,2,70632219.2512,0.0341979634068884
8656,6203.025888,1,70632239.3216,0.0233019853709509
8657,6203.045888,2,70632259.264,0.034239965578708
8658,6203.065888,1,70632279.2576,0.0233562808613519
8659,6203.085888,2,70632299.2512,0.0343198721494868
8660,6203.105888,1,70632319.296,0.0232999364845207
8661,6203.125888,2,70632339.2512,0.034540127440736
8662,6203.145888,1,70632359.552,0.0233839408281599
8663,6203.165888,2,70632379.3408,0.0346179851250845
8664,6203.185888,1,70632399.3088,0.0233583297477821
8665,6203.205888,2,70632419.4048,0.0346712561722704
8666,6203.225888,1,70632439.2832,0.0233767697256541
8667,6203.245888,2,70632459.264,0.0347112094576598
8668,6203.265888,1,70632479.296,0.0234044296924621
8669,6203.285888,2,70632499.328,0.034704038355154
8670,6203.305888,1,70632519.6032,0.0234433585346364
8671,6203.325888,2,70632539.328,0.0345964718175671
8672,6203.345888,1,70632559.2704,0.0233634519638576
8673,6203.365888,2,70632579.264,0.034595447374352
8674,6203.385888,1,70632599.2832,0.0233644764070728
8675,6203.405888,2,70632619.264,0.0345319318950151
8676,6203.425888,1,70632639.2832,0.0233347675538345
8677,6203.445888,2,70632659.4176,0.0345268096789395
8678,6203.465888,1,70632679.3088,0.0232917409387998
8679,6203.485888,2,70632699.328,0.0345544696457475
8680,6203.505888,1,70632719.3728,0.0232681787448522
8681,6203.525888,2,70632739.3152,0.0344591964267421
8682,6203.545888,1,70632759.3728,0.0233050587005962
8683,6203.565888,2,70632779.328,0.03439465650419
8684,6203.585888,1,70632799.3088,0.0233470608724158
8685,6203.605888,2,70632819.4432,0.0344458786649456
8686,6203.625888,1,70632839.3088,0.0233286208945438
8687,6203.645888,2,70632859.3024,0.0343096277173356
8688,6203.665888,1,70632879.36,0.0233296453377589
8689,6203.685888,2,70632899.3024,0.0342973343987543
8690,6203.705888,1,70632919.3088,0.0233153031327474
8691,6203.725888,2,70632939.3152,0.0342993832851845
8692,6203.745888,1,70632959.3472,0.023312229803102
8693,6203.765888,2,70632979.3024,0.0343813387423935
8694,6203.785888,1,70632999.3088,0.0232272010162477
8695,6203.805888,2,70633019.3408,0.0343864609584691
8696,6203.825888,1,70633039.3472,0.02329378982523
8697,6203.845888,2,70633059.5968,0.0343249943655623
8698,6203.865888,1,70633079.3728,0.0233081320302416
8699,6203.885888,2,70633099.328,0.0345565185321778
8700,6203.905888,1,70633119.3472,0.0232620320855615
8701,6203.925888,2,70633139.3024,0.0344817341774745
8702,6203.945888,1,70633159.3472,0.0232876431659393
8703,6203.965888,2,70633179.3536,0.0345022230417768
8704,6203.985888,1,70633199.4496,0.0233583297477821
8705,6204.005888,2,70633219.3536,0.0344602208699572
8706,6204.025888,1,70633239.36,0.0233511586452763
8707,6204.045888,2,70633259.4048,0.0345483229864569
8708,6204.065888,1,70633279.36,0.0233583297477821
8709,6204.085888,2,70633299.328,0.0346036429200729
8710,6204.105888,1,70633319.3472,0.0233542319749216
8711,6204.125888,2,70633339.3408,0.0347030139119389
8712,6204.145888,1,70633359.3856,0.0233767697256541
8713,6204.165888,2,70633379.392,0.034832093757043
8714,6204.185888,1,70633399.3472,0.0234177474542586
8715,6204.205888,2,70633419.4048,0.0345913496014916
8716,6204.225888,1,70633439.36,0.0233931608170959
8717,6204.245888,2,70633459.3664,0.0345831540557707
8718,6204.265888,1,70633479.4368,0.0234177474542586
8719,6204.285888,2,70633499.392,0.0345462741000266
8720,6204.305888,1,70633519.36,0.0234054541356773
8721,6204.325888,2,70633539.392,0.034385436515254
8722,6204.345888,1,70633559.36,0.0233112053598869
8723,6204.365888,2,70633579.4176,0.0343608498780913
8724,6204.385888,1,70633599.36,0.0234095519085377
8725,6204.405888,2,70633619.4176,0.0343014321716147
8726,6204.425888,1,70633639.3856,0.0233542319749216
8727,6204.445888,2,70633659.392,0.0343741676398877
8728,6204.465888,1,70633679.4112,0.0233952097035261
8729,6204.485888,2,70633699.3536,0.0343710943102424
8730,6204.505888,1,70633719.4368,0.0233736963960088
8731,6204.525888,2,70633739.392,0.0342891388530334
8732,6204.545888,1,70633759.4496,0.0232855942795091
8733,6204.565888,2,70633779.4944,0.0342174278279755
8734,6204.585888,1,70633799.3856,0.0233767697256541
8735,6204.605888,2,70633819.392,0.0342112811686848
8736,6204.625888,1,70633839.424,0.0233552564181367
8737,6204.645888,2,70633859.3792,0.0343372876841437
8738,6204.665888,1,70633879.424,0.0233911119306657
8739,6204.685888,2,70633899.392,0.0343208965927019
8740,6204.705888,1,70633919.3728,0.0233736963960088
8741,6204.725888,2,70633939.4688,0.0343669965373819
8742,6204.745888,1,70633959.4112,0.0233829163849448
8743,6204.765888,2,70633979.4176,0.0343413854570041
8744,6204.785888,1,70633999.4112,0.0233685741799332
8745,6204.805888,2,70634019.392,0.034267625545516
8746,6204.825888,1,70634039.4368,0.0233839408281599
8747,6204.845888,2,70634059.4304,0.0342758210912369
8748,6204.865888,1,70634079.4752,0.0234023808060319
8749,6204.885888,2,70634099.4304,0.0343721187534575
8750,6204.905888,1,70634119.424,0.0233829163849448
8751,6204.925888,2,70634139.4176,0.0343803142991784
8752,6204.945888,1,70634159.4368,0.0234566762964329
8753,6204.965888,2,70634179.4816,0.0344458786649456
8754,6204.985888,1,70634199.4368,0.0233716475095785
8755,6205.00592,2,70634219.4432,0.0344714897453234
8756,6205.02592,1,70634239.4624,0.0233962341467412
8757,6205.04592,2,70634259.456,0.0345841784989858
8758,6205.06592,1,70634279.5008,0.0233911119306657
8759,6205.08592,2,70634299.4304,0.0345933984879218
8760,6205.10592,1,70634319.4752,0.0233511586452763
8761,6205.12592,2,70634339.4944,0.0346169606818694
8762,6205.14592,1,70634359.4496,0.0234249185567644
8763,6205.16592,2,70634379.5072,0.0346323273300961
8764,6205.18592,1,70634399.4496,0.023312229803102
8765,6205.20592,2,70634419.5584,0.0345749585100498
8766,6205.22592,1,70634439.4624,0.0233521830884914
8767,6205.24592,2,70634459.5712,0.0344397320056549
8768,6205.26592,1,70634479.5008,0.0233644764070728
8769,6205.28592,2,70634499.4816,0.0344745630749688
8770,6205.30592,1,70634519.5392,0.0233542319749216
8771,6205.32592,2,70634539.5072,0.0343844120720388
8772,6205.34592,1,70634559.68,0.0233491097588461
8773,6205.36592,2,70634579.4944,0.034467391972463
8774,6205.38592,1,70634599.5648,0.023394185260311
8775,6205.40592,2,70634619.5584,0.0344079742659864
8776,6205.42592,1,70634639.4752,0.0234413096482062
8777,6205.44592,2,70634659.6224,0.0343967053906202
8778,6205.46592,1,70634679.5264,0.0233890630442355
8779,6205.48592,2,70634699.6224,0.0342891388530334
8780,6205.50592,1,70634719.5264,0.0234454074210666
8781,6205.52592,2,70634739.4944,0.0342942610691089
8782,6205.54592,1,70634759.6416,0.0233962341467412
8783,6205.56592,2,70634779.5456,0.0341067879607433
8784,6205.58592,1,70634799.552,0.0234105763517528
8785,6205.60592,2,70634819.4944,0.0342266478169115
8786,6205.62592,1,70634839.5904,0.0234781896039503
8787,6205.64592,2,70634859.6352,0.0342502100108591
8788,6205.66592,1,70634879.6032,0.0234331141024853
8789,6205.68592,2,70634899.52,0.0343669965373819
8790,6205.70592,1,70634919.5008,0.0235089229004036
8791,6205.72592,2,70634939.648,0.0343383121273588
8792,6205.74592,1,70634959.5392,0.0234781896039503
8793,6205.76592,2,70634979.6352,0.0342266478169115
8794,6205.78592,1,70634999.5648,0.0234454074210666
8795,6205.80592,2,70635019.5328,0.0343782654127482
8796,6205.82592,1,70635039.6032,0.0234587251828631
8797,6205.84592,2,70635059.5584,0.0343833876288237
8798,6205.86592,1,70635079.6032,0.0234085274653226
8799,6205.88592,2,70635099.5584,0.0344479275513758
8800,6205.90592,1,70635119.5776,0.0234792140471654
8801,6205.92592,2,70635139.6352,0.0343905587313295
8802,6205.94592,1,70635159.5776,0.023412625238183
8803,6205.96592,2,70635179.6224,0.0344796852910443
8804,6205.98592,1,70635199.5392,0.0234269674431946
8805,6206.00592,2,70635219.5968,0.0345657385211138
8806,6206.02592,1,70635239.6032,0.0233716475095785
8807,6206.04592,2,70635259.6096,0.0343987542770504
8808,6206.06592,1,70635279.5776,0.0233388653266949
8809,6206.08592,2,70635299.6736,0.0344202675845678
8810,6206.10592,1,70635319.616,0.0234505296371422
8811,6206.12592,2,70635339.6736,0.0342348433626324
8812,6206.14592,1,70635359.744,0.0234341385457004
8813,6206.16592,2,70635379.6224,0.0341610834511443
8814,6206.18592,1,70635399.6544,0.0233982830331715
8815,6206.20592,2,70635419.5968,0.034331141024853
8816,6206.22592,1,70635439.6416,0.0234095519085377
8817,6206.24592,2,70635459.8144,0.034358800991661
8818,6206.26592,1,70635479.5904,0.0233911119306657
8819,6206.28592,2,70635499.6736,0.0343649476509517
8820,6206.30592,1,70635519.5904,0.0233521830884914
8821,6206.32592,2,70635539.6096,0.0343639232077366
8822,6206.34592,1,70635559.68,0.0234433585346364
8823,6206.36592,2,70635579.6352,0.0343137254901961
8824,6206.38592,1,70635599.6672,0.0233911119306657
8825,6206.40592,2,70635619.648,0.0343598254348761
8826,6206.42592,1,70635639.6288,0.0234710185014445
8827,6206.44592,2,70635659.712,0.0343485565595099
8828,6206.46592,1,70635679.6288,0.0234136496813982
8829,6206.48592,2,70635699.5968,0.0344520253242363
8830,6206.50592,1,70635719.68,0.0233890630442355
8831,6206.52592,2,70635739.6352,0.0343762165263179
8832,6206.54592,1,70635759.7696,0.0233593541909972
8833,6206.56592,2,70635779.6608,0.0343506054459401
8834,6206.58592,1,70635799.616,0.0233071075870264
8835,6206.60592,2,70635819.6736,0.0342870899666032
8836,6206.62592,1,70635839.6288,0.023412625238183
8837,6206.64592,2,70635859.8144,0.0343229454791321
8838,6206.66592,1,70635879.6416,0.0234413096482062
8839,6206.68592,2,70635899.5968,0.0342758210912369
8840,6206.70592,1,70635919.68,0.0233460364292007
8841,6206.72592,2,70635939.6352,0.0343290921384228
8842,6206.74592,1,70635959.7312,0.0234331141024853
8843,6206.76592,2,70635979.6992,0.0342942610691089
8844,6206.78592,1,70635999.6416,0.0234003319196017
8845,6206.80592,2,70636019.6992,0.0342737722048067
8846,6206.82592,1,70636039.6672,0.0233593541909972
8847,6206.84592,2,70636059.8016,0.0342245989304813
8848,6206.86592,1,70636079.6928,0.0233675497367181
8849,6206.88592,2,70636099.712,0.0342737722048067
8850,6206.90592,1,70636119.6928,0.0234167230110435
8851,6206.92592,2,70636139.6736,0.0342235744872662
8852,6206.94592,1,70636159.6544,0.0234351629889155
8853,6206.96592,2,70636179.648,0.0343137254901961
8854,6206.98592,1,70636199.6288,0.0234658962853689
8855,6207.00592,2,70636219.6608,0.0343874854016842
8856,6207.02592,1,70636239.7056,0.023403405249247
8857,6207.04592,2,70636259.6736,0.0343188477062716
8858,6207.06592,1,70636279.8848,0.0233880386010203
8859,6207.08592,2,70636299.648,0.0343751920831028
8860,6207.10592,1,70636319.7184,0.0234279918864097
8861,6207.12592,2,70636339.7376,0.0345124674739279
8862,6207.14592,1,70636359.6544,0.0234290163296248
8863,6207.16592,2,70636379.6992,0.0345780318396951
8864,6207.18592,1,70636399.7312,0.0234218452271191
8865,6207.20592,2,70636419.6608,0.0345503718728871
8866,6207.22592,1,70636439.6928,0.0233153031327474
8867,6207.24592,2,70636459.6864,0.0345821296125556
8868,6207.26592,1,70636479.7056,0.0233439875427705
8869,6207.28592,2,70636499.7248,0.0345923740447067
8870,6207.30592,1,70636519.68,0.0233296453377589
8871,6207.32592,2,70636539.6864,0.0344376831192247
8872,6207.34592,1,70636559.8336,0.0233245231216834
8873,6207.36592,2,70636579.6992,0.03439465650419
8874,6207.38592,1,70636599.7184,0.0233818919417297
8875,6207.40592,2,70636619.6864,0.0343956809474051
8876,6207.42592,1,70636639.6928,0.0233398897699101
8877,6207.44592,2,70636659.84,0.0345032474849919
8878,6207.46592,1,70636679.7184,0.0233419386563403
8879,6207.48592,2,70636699.6864,0.0346179851250845
8880,6207.50592,1,70636719.7696,0.0233716475095785
8881,6207.52592,2,70636739.6864,0.0345616407482533
8882,6207.54592,1,70636759.7056,0.0233880386010203
8883,6207.56592,2,70636779.7248,0.0346794517179913
8884,6207.58592,1,70636799.7312,0.0234116007949679
8885,6207.60592,2,70636819.7504,0.0346968672526482
8886,6207.62592,1,70636839.7312,0.0233911119306657
8887,6207.64592,2,70636859.7248,0.0348013604605897
8888,6207.66592,1,70636879.744,0.023366525293503
8889,6207.68592,2,70636899.7632,0.0347194050033807
8890,6207.70592,1,70636919.744,0.0233716475095785
8891,6207.72592,2,70636939.7504,0.0348699981560022
8892,6207.74592,1,70636959.7696,0.023375745282439
8893,6207.76592,2,70636979.7248,0.034767553834491
8894,6207.78592,1,70636999.8976,0.0233900874874506
8895,6207.80592,2,70637019.7248,0.0348208248816768
8896,6207.82592,1,70637039.7824,0.0233716475095785
8897,6207.84592,2,70637059.8272,0.0349621980453623
8898,6207.86592,1,70637079.808,0.0233931608170959
8899,6207.88592,2,70637099.7888,0.034940684737845
8900,6207.90592,1,70637119.7568,0.0234474563074969
8901,6207.92592,2,70637139.8272,0.0349888335689553
8902,6207.94592,1,70637159.808,0.023394185260311
8903,6207.96592,2,70637179.7888,0.0351209867437048
8904,6207.98592,1,70637199.7952,0.023348085315631
8905,6208.00592,2,70637219.8144,0.0349058536685312
8906,6208.02592,1,70637239.7952,0.0234156985678284
8907,6208.04592,2,70637259.8016,0.0345729096236196
8908,6208.06592,1,70637279.8336,0.0234249185567644
8909,6208.08592,2,70637299.7632,0.0346015940336427
8910,6208.10592,1,70637319.7952,0.0233890630442355
8911,6208.12592,2,70637339.7888,0.0345544696457475
8912,6208.14592,1,70637359.7952,0.0233603786342123
8913,6208.16592,2,70637379.84,0.0345073452578524
8914,6208.18592,1,70637399.808,0.023394185260311
8915,6208.20592,2,70637419.7888,0.0345841784989858
8916,6208.22592,1,70637439.8464,0.023375745282439
8917,6208.24592,2,70637459.8272,0.0347265761058864
8918,6208.26592,1,70637479.7952,0.0234525785235724
8919,6208.28592,2,70637499.8144,0.0348177515520315
8920,6208.30592,1,70637519.7952,0.0234095519085377
8921,6208.32592,2,70637540.0064,0.0347583338455549
8922,6208.34592,1,70637559.8336,0.0233521830884914
8923,6208.36592,2,70637579.8016,0.0346722806154855
8924,6208.38592,1,70637599.8208,0.0234382363185609
8925,6208.40592,2,70637619.8144,0.0347788227098572
8926,6208.42592,1,70637639.808,0.0233511586452763
8927,6208.44592,2,70637659.8016,0.0346138873522241
8928,6208.46592,1,70637679.8208,0.0233470608724158
8929,6208.48592,2,70637699.84,0.0346876472637122
8930,6208.50592,1,70637719.8336,0.0233624275206425
8931,6208.52592,2,70637739.8528,0.0346169606818694
8932,6208.54592,1,70637760.0256,0.0233562808613519
8933,6208.56592,2,70637779.84,0.0347562849591247
8934,6208.58592,1,70637799.8336,0.0233962341467412
8935,6208.60592,2,70637819.9168,0.0347388694244678
8936,6208.62592,1,70637839.8336,0.0233993074763866
8937,6208.64592,2,70637859.904,0.0348064826766652
8938,6208.66592,1,70637879.8464,0.0233982830331715
8939,6208.68592,2,70637899.8528,0.0347101850144447
8940,6208.70592,1,70637919.8848,0.0233911119306657
8941,6208.72592,2,70637939.84,0.0346026184768578
8942,6208.74592,1,70637959.9488,0.0233439875427705
8943,6208.76592,2,70637979.8784,0.0345288585653697
8944,6208.78592,1,70637999.936,0.0233542319749216
8945,6208.80592,2,70638019.8528,0.034485831950335
8946,6208.82592,1,70638039.9744,0.0233316942241892
8947,6208.84592,2,70638059.904,0.0345780318396951
8948,6208.86592,1,70638079.8464,0.0234269674431946
8949,6208.88592,2,70638100.0192,0.0348187759952466
8950,6208.90592,1,70638119.9488,0.0234689696150142
8951,6208.92592,2,70638139.9296,0.0347921404716537
8952,6208.94592,1,70638159.936,0.0233993074763866
8953,6208.96592,2,70638179.9168,0.0348761448152929
8954,6208.98592,1,70638199.9744,0.0234505296371422
8955,6209.00592,2,70638219.8656,0.0348843403610138
8956,6209.02592,1,70638239.8848,0.0233911119306657
8957,6209.04592,2,70638260.1472,0.0349447825107054
8958,6209.06592,1,70638279.9744,0.0234228696703342
8959,6209.08592,2,70638300.032,0.0349212203167578
8960,6209.10592,1,70638319.9872,0.023466920728584
8961,6209.12592,2,70638339.968,0.0350574712643678
8962,6209.14592,1,70638359.8976,0.0234259429999795
8963,6209.16592,2,70638379.9296,0.0348915114635196
8964,6209.18592,1,70638400.0384,0.0234156985678284
8965,6209.20592,2,70638419.9296,0.0350421046161411
8966,6209.22592,1,70638440.0128,0.023466920728584
8967,6209.24592,2,70638459.9936,0.0349734669207286
8968,6209.26592,1,70638479.9232,0.0234044296924621
8969,6209.28592,2,70638499.9552,0.0348730714856475
8970,6209.30592,1,70638519.9232,0.023384965271375
8971,6209.32592,2,70638540.0448,0.0347378449812527
8972,6209.34592,1,70638559.9232,0.0234454074210666
8973,6209.36592,2,70638579.9296,0.0347706271641363
8974,6209.38592,1,70638600.064,0.0233890630442355
8975,6209.40592,2,70638619.9808,0.0348566803942058
8976,6209.42592,1,70638639.9744,0.0233890630442355
8977,6209.44592,2,70638659.9808,0.034813653779171
8978,6209.46592,1,70638680.128,0.0234658962853689
8979,6209.48592,2,70638699.9936,0.0348300448706128
8980,6209.50592,1,70638719.9488,0.0233900874874506
8981,6209.52592,2,70638740.1856,0.0349386358514148
8982,6209.54592,1,70638759.9744,0.0234197963406888
8983,6209.56592,2,70638780.1856,0.0349283914192636
8984,6209.58592,1,70638800.0384,0.0234075030221075
8985,6209.60592,2,70638819.9808,0.0350154690925482
8986,6209.62592,1,70638840.064,0.0234136496813982
8987,6209.64592,2,70638860.0576,0.0347644805048456
8988,6209.66592,1,70638880.0768,0.0233798430552994
8989,6209.68592,2,70638899.9168,0.0348392648595488
8990,6209.70592,1,70638919.936,0.0233255475648985
8991,6209.72592,2,70638940.096,0.0349089269981765
8992,6209.74592,1,70638959.9872,0.0234003319196017
8993,6209.76592,2,70638979.9552,0.0349181469871125
8994,6209.78592,1,70639000,0.0234156985678284
8995,6209.80592,2,70639019.9936,0.0351117667547688
8996,6209.82592,1,70639040.0384,0.0234556518532178
8997,6209.84592,2,70639059.9936,0.0350431290593562
8998,6209.86592,1,70639080.0256,0.0234525785235724
8999,6209.88592,2,70639100.096,0.0350462023890016
9000,6209.90592,1,70639120,0.023485360706456
9001,6209.92592,2,70639140.0576,0.0348382404163337
9002,6209.94592,1,70639159.9744,0.02343004077284
9003,6209.96592,2,70639179.9552,0.0347532116294794
9004,6209.98592,1,70639200.0128,0.023448480750712
9005,6210.00592,2,70639220.032,0.0346763783883459
9006,6210.02592,1,70639240.1792,0.0234566762964329
9007,6210.04592,2,70639260.2496,0.0344837830639048
9008,6210.06592,1,70639280.0128,0.023403405249247
9009,6210.08592,2,70639300.0192,0.0345206630196488
9010,6210.10592,1,70639320,0.0233603786342123
9011,6210.12592,2,70639340.0448,0.0345032474849919
9012,6210.14592,1,70639360.0128,0.0234495051939271
9013,6210.16592,2,70639380.032,0.0345319318950151
9014,6210.18592,1,70639400.0384,0.0233829163849448
9015,6210.20592,2,70639420.0448,0.0344233409142131
9016,6210.22592,1,70639440.0384,0.0234044296924621
9017,6210.24592,2,70639460.0832,0.0345933984879218
9018,6210.26592,1,70639480,0.023348085315631
9019,6210.28592,2,70639500.0448,0.0345319318950151
9020,6210.30592,1,70639520.0256,0.0233521830884914
9021,6210.32592,2,70639540.0704,0.034640522875817
9022,6210.34592,1,70639560.1024,0.0233357919970496
9023,6210.36592,2,70639580.096,0.0345175896900035
9024,6210.38592,1,70639600.0512,0.023312229803102
9025,6210.40592,2,70639620.0704,0.0345421763271662
9026,6210.42592,1,70639640.0256,0.0233112053598869
9027,6210.44592,2,70639660.0576,0.0345575429753929
9028,6210.46592,1,70639680.0768,0.0233316942241892
9029,6210.48592,2,70639700.0832,0.0346036429200729
9030,6210.50592,1,70639720.0512,0.023321449792038
9031,6210.52592,2,70639740.0448,0.0347122339008749
9032,6210.54592,1,70639760.0512,0.0233019853709509
9033,6210.56592,2,70639780.096,0.0346907205933575
9034,6210.58592,1,70639800.064,0.0232589587559162
9035,6210.60592,2,70639820.0832,0.0346825250476366
9036,6210.62592,1,70639840.0896,0.0232989120413055
9037,6210.64592,2,70639860.0576,0.0348116048927408
9038,6210.66592,1,70639880.1024,0.0233153031327474
9039,6210.68592,2,70639900.096,0.0348966336795951
9040,6210.70592,1,70639920.0896,0.0232620320855615
9041,6210.72592,2,70639940.0576,0.0348669248263569
9042,6210.74592,1,70639960.1024,0.0232784231770033
9043,6210.76592,2,70639980.1344,0.0348413137459791
9044,6210.78592,1,70640000.064,0.0232610076423464
9045,6210.80592,2,70640020.0704,0.0347368205380376
9046,6210.82592,1,70640040.128,0.0233439875427705
9047,6210.84592,2,70640060.16,0.0346692072858402
9048,6210.86592,1,70640080.1408,0.0233532075317065
9049,6210.88592,2,70640100.1344,0.0347050627983691
9050,6210.90592,1,70640120.1152,0.0233419386563403
9051,6210.92592,2,70640140.0832,0.0348105804495257
9052,6210.94592,1,70640160.1536,0.0233163275759625
9053,6210.96592,2,70640180.16,0.0348935603499498
9054,6210.98592,1,70640200.0768,0.0233327186674043
9055,6211.00592,2,70640220.1088,0.0348372159731186
9056,6211.02592,1,70640240.1536,0.0233634519638576
9057,6211.04592,2,70640260.1088,0.0347818960395025
9058,6211.06592,1,70640280.128,0.0234085274653226
9059,6211.08592,2,70640300.1984,0.0348249226545373
9060,6211.10592,1,70640320.1024,0.0234351629889155
9061,6211.12592,2,70640340.1728,0.0347798471530723
9062,6211.14592,1,70640360.2176,0.0233736963960088
9063,6211.16592,2,70640380.1856,0.0347542360726945
9064,6211.18592,1,70640400.1664,0.0234413096482062
9065,6211.20592,2,70640420.1344,0.0347665293912758
9066,6211.22592,1,70640440.2688,0.0234218452271191
9067,6211.24592,2,70640460.2112,0.0346753539451308
9068,6211.26592,1,70640480.1536,0.0233316942241892
9069,6211.28592,2,70640500.1856,0.0345483229864569
9070,6211.30592,1,70640520.1408,0.0234597496260782
9071,6211.32592,2,70640540.2112,0.034549347429672
9072,6211.34592,1,70640560.1664,0.0233491097588461
9073,6211.36592,2,70640580.1472,0.034495051939271
9074,6211.38592,1,70640600.2432,0.0233347675538345
9075,6211.40592,2,70640620.1472,0.0345513963161022
9076,6211.42592,1,70640640.1664,0.0234382363185609
9077,6211.44592,2,70640660.2496,0.0344632941996025
9078,6211.46592,1,70640680.2176,0.0233839408281599
9079,6211.48592,2,70640700.1856,0.0345698362939742
9080,6211.50592,1,70640720.1792,0.0234617985125085
9081,6211.52592,2,70640740.3136,0.0347870182555781
9082,6211.54592,1,70640760.2304,0.0234617985125085
9083,6211.56592,2,70640780.2496,0.0348976581228103
9084,6211.58592,1,70640800.1792,0.023394185260311
9085,6211.60592,2,70640820.1728,0.0349734669207286
9086,6211.62592,1,70640840.2176,0.023457700739648
9087,6211.64592,2,70640860.2496,0.0352183088491405
9088,6211.66592,1,70640880.2048,0.0234546274100027
9089,6211.68592,2,70640900.288,0.0352101133034196
9090,6211.70592,1,70640920.192,0.0234382363185609
9091,6211.72592,2,70640940.224,0.0352398221566579
9092,6211.74592,1,70640960.256,0.0234136496813982
9093,6211.76592,2,70640980.2368,0.0351855266662569
9094,6211.78592,1,70641000.2304,0.0234597496260782
9095,6211.80592,2,70641020.2368,0.0350144446493331
9096,6211.82592,1,70641040.2432,0.023412625238183
9097,6211.84592,2,70641060.2112,0.0350451779457865
9098,6211.86592,1,70641080.2304,0.0233829163849448
9099,6211.88592,2,70641100.2752,0.0349939557850308
9100,6211.90592,1,70641120.256,0.0234320896592702
9101,6211.92592,2,70641140.2496,0.0349662958182228
9102,6211.94592,1,70641160.3584,0.0233993074763866
9103,6211.96592,2,70641180.2624,0.0348884381338742
9104,6211.98592,1,70641200.2944,0.0234290163296248
9105,6212.00592,2,70641220.3392,0.0349160981006823
9106,6212.02592,1,70641240.256,0.0233419386563403
9107,6212.04592,2,70641260.3136,0.0348740959288627
9108,6212.06592,1,70641280.256,0.0233562808613519
9109,6212.08592,2,70641300.3648,0.0348177515520315
9110,6212.10592,1,70641320.2432,0.0233962341467412
9111,6212.12592,2,70641340.2496,0.0347972626877292
9112,6212.14592,1,70641360.3712,0.0232558854262708
9113,6212.16592,2,70641380.3008,0.0347716516073514
9114,6212.18592,1,70641400.2816,0.023375745282439
9115,6212.20592,2,70641420.2752,0.0348208248816768
9116,6212.22592,1,70641440.2688,0.0233265720081136
9117,6212.24592,2,70641460.288,0.0347603827319852
9118,6212.26592,1,70641480.2944,0.0233183764623927
9119,6212.28592,2,70641500.288,0.034968344704653
9120,6212.30592,1,70641520.2688,0.0233378408834798
9121,6212.32592,2,70641540.2368,0.0349847357960948
9122,6212.34592,1,70641560.32,0.023257934312701
9123,6212.36592,2,70641580.288,0.0348894625770894
9124,6212.38592,1,70641600.2944,0.0233327186674043
9125,6212.40592,2,70641620.2752,0.034694818366218
9126,6212.42592,1,70641640.2816,0.0233521830884914
9127,6212.44592,2,70641660.3648,0.0346558895240437
9128,6212.46592,1,70641680.3328,0.0233818919417297
9129,6212.48592,2,70641700.3264,0.0346610117401192
9130,6212.50592,1,70641720.3328,0.0233439875427705
9131,6212.52592,2,70641740.3392,0.0348269715409675
9132,6212.54592,1,70641760.32,0.0233091564734567
9133,6212.56592,2,70641780.352,0.0348915114635196
9134,6212.58592,1,70641800.3456,0.023375745282439
9135,6212.60592,2,70641820.3008,0.0349601491589321
9136,6212.62592,1,70641840.3328,0.0234208207839039
9137,6212.64592,2,70641860.352,0.0347911160284385
9138,6212.66592,1,70641880.32,0.0233388653266949
9139,6212.68592,2,70641900.3648,0.0348699981560022
9140,6212.70592,1,70641920.3328,0.0233204253488229
9141,6212.72592,2,70641940.416,0.0348822914745836
9142,6212.74592,1,70641960.3584,0.0233788186120843
9143,6212.76592,2,70641980.3264,0.0348146782223861
9144,6212.78592,1,70642000.3328,0.0233409142131252
9145,6212.80592,2,70642020.352,0.0348618026102813
9146,6212.82592,1,70642040.384,0.0233378408834798
9147,6212.84592,2,70642060.352,0.0349201958735427
9148,6212.86592,1,70642080.3584,0.0233798430552994
9149,6212.88592,2,70642100.3904,0.0347183805601656
9150,6212.90592,1,70642120.3712,0.0233532075317065
9151,6212.92592,2,70642140.3392,0.0347542360726945
9152,6212.94592,1,70642160.3584,0.0233542319749216
9153,6212.96592,2,70642180.3904,0.0348894625770894
9154,6212.98592,1,70642200.4224,0.0234587251828631
9155,6213.00592,2,70642220.3776,0.0349560513860717
9156,6213.02592,1,70642240.384,0.0234146741246133
9157,6213.04592,2,70642260.4288,0.0349806380232344
9158,6213.06592,1,70642280.3712,0.0234320896592702
9159,6213.08592,2,70642300.352,0.034822873768107
9160,6213.10592,1,70642320.3968,0.0234064785788924
9161,6213.12592,2,70642340.4672,0.0347777982666421
9162,6213.14592,1,70642360.448,0.0234187718974737
9163,6213.16592,2,70642380.4032,0.0348577048374209
9164,6213.18592,1,70642400.384,0.0233900874874506
9165,6213.20592,2,70642420.3904,0.0348843403610138
9166,6213.22592,1,70642440.3712,0.0234423340914213
9167,6213.24592,2,70642460.3904,0.0347870182555781
9168,6213.26592,1,70642480.4352,0.0234146741246133
9169,6213.28592,2,70642500.416,0.0348997070092405
9170,6213.30592,1,70642520.4096,0.0234064785788924
9171,6213.32592,2,70642540.4288,0.0349519536132112
9172,6213.34592,1,70642560.4224,0.0234679451717991
9173,6213.36592,2,70642580.4032,0.0350554223779376
9174,6213.38592,1,70642600.3712,0.0234863851496712
9175,6213.40592,2,70642620.4544,0.0351578666994488
9176,6213.42592,1,70642640.4224,0.0234351629889155
9177,6213.44592,2,70642660.4544,0.0349355625217694
9178,6213.46592,1,70642680.4096,0.023485360706456
9179,6213.48592,2,70642700.4544,0.0347880426987932
9180,6213.50592,1,70642720.4608,0.0234075030221075
9181,6213.52592,2,70642740.4032,0.0347911160284385
9182,6213.54592,1,70642760.576,0.0234454074210666
9183,6213.56592,2,70642780.4288,0.0348177515520315
9184,6213.58592,1,70642800.4608,0.02343004077284
9185,6213.60592,2,70642820.4544,0.0348146782223861
9186,6213.62592,1,70642840.4352,0.0235181428893396
9187,6213.64592,2,70642860.4544,0.0347245272194562
9188,6213.66592,1,70642880.4736,0.0234597496260782
9189,6213.68592,2,70642900.4032,0.0347962382445141
9190,6213.70592,1,70642920.5248,0.0233706230663634
9191,6213.72592,2,70642940.5056,0.0348126293359559
9192,6213.74592,1,70642960.4736,0.0234433585346364
9193,6213.76592,2,70642980.5952,0.0347183805601656
9194,6213.78592,1,70643000.448,0.0234259429999795
9195,6213.80592,2,70643020.4416,0.0347368205380376
9196,6213.82592,1,70643040.4608,0.0234177474542586
9197,6213.84592,2,70643060.48,0.0346743295019157
9198,6213.86592,1,70643080.4736,0.0234443829778515
9199,6213.88592,2,70643100.4928,0.0345923740447067
9200,6213.90592,1,70643120.4608,0.0234874095928863
9201,6213.92592,2,70643140.4928,0.0345237363492942
9202,6213.94592,1,70643160.4864,0.0234146741246133
9203,6213.96592,2,70643180.48,0.0344540742106665
9204,6213.98592,1,70643200.512,0.0234843362632409
9205,6214.00592,2,70643220.48,0.0344550986538816
9206,6214.02592,1,70643240.512,0.0234720429446596
9207,6214.04592,2,70643260.4928,0.0343803142991784
9208,6214.06592,1,70643280.512,0.0234064785788924
9209,6214.08592,2,70643300.4416,0.034476611961399
9210,6214.10592,1,70643320.4992,0.023412625238183
9211,6214.12592,2,70643340.48,0.0344796852910443
9212,6214.14592,1,70643360.512,0.0234146741246133
9213,6214.16592,2,70643380.5312,0.0344622697563874
9214,6214.18592,1,70643400.4992,0.0233880386010203
9215,6214.20592,2,70643420.7744,0.0344612453131723
9216,6214.22592,1,70643440.5376,0.0234290163296248
9217,6214.24592,2,70643460.4928,0.0344827586206897
9218,6214.26592,1,70643480.4864,0.0233675497367181
9219,6214.28592,2,70643500.5312,0.0344233409142131
9220,6214.30592,1,70643520.4992,0.0234075030221075
9221,6214.32592,2,70643540.5952,0.0344919786096257
9222,6214.34592,1,70643560.576,0.0233491097588461
9223,6214.36592,2,70643580.4928,0.0343526543323704
9224,6214.38592,1,70643600.6016,0.0234269674431946
9225,6214.40592,2,70643620.5184,0.0343669965373819
9226,6214.42592,1,70643640.5376,0.0234197963406888
9227,6214.44592,2,70643660.5568,0.0344694408588932
9228,6214.46592,1,70643680.512,0.0234136496813982
9229,6214.48592,2,70643700.5568,0.0344212920277829
9230,6214.50592,1,70643720.5376,0.0234156985678284
9231,6214.52592,2,70643740.5824,0.0344971008257012
9232,6214.54592,1,70643760.576,0.02343004077284
9233,6214.56592,2,70643780.5568,0.0344243653574282
9234,6214.58592,1,70643800.5632,0.023394185260311
9235,6214.60592,2,70643820.544,0.0345011985985617
9236,6214.62592,1,70643840.6656,0.023439260761776
9237,6214.64592,2,70643860.5568,0.0343516298891552
9238,6214.66592,1,70643880.576,0.0233521830884914
9239,6214.68592,2,70643900.5824,0.0344796852910443
9240,6214.70592,1,70643920.5632,0.023375745282439
9241,6214.72592,2,70643940.6592,0.0345063208146372
9242,6214.74592,1,70643960.576,0.0234136496813982
9243,6214.76592,2,70643980.6208,0.034612862909009
9244,6214.78592,1,70644000.6528,0.0234064785788924
9245,6214.80592,2,70644020.5568,0.0346517917511832
9246,6214.82592,1,70644040.5632,0.0234464318642818
9247,6214.84592,2,70644060.5952,0.0346190095682996
9248,6214.86592,1,70644080.6656,0.0234310652160551
9249,6214.88592,2,70644100.5312,0.0345800807261253
9250,6214.90592,1,70644120.6528,0.0234515540803573
9251,6214.92592,2,70644140.6208,0.0345237363492942
9252,6214.94592,1,70644160.576,0.0234402852049911
9253,6214.96592,2,70644180.5696,0.0344899297231954
9254,6214.98592,1,70644200.6784,0.0234064785788924
9255,6215.00592,2,70644220.6464,0.0344991497121315
9256,6215.02592,1,70644240.576,0.0234925318089618
9257,6215.04592,2,70644260.8128,0.0344458786649456
9258,6215.06592,1,70644280.6144,0.0234249185567644
9259,6215.08592,2,70644300.5952,0.0346517917511832
9260,6215.10592,1,70644320.6144,0.0234638473989387
9261,6215.12592,2,70644340.5696,0.0346272051140205
9262,6215.14592,1,70644360.64,0.023394185260311
9263,6215.16592,2,70644380.5696,0.0346036429200729
9264,6215.18592,1,70644400.7296,0.0234597496260782
9265,6215.20592,2,70644420.608,0.0344776364046141
9266,6215.22592,1,70644440.6144,0.0234351629889155
9267,6215.24592,2,70644460.7488,0.0345913496014916
9268,6215.26592,1,70644480.6144,0.0234443829778515
9269,6215.28592,2,70644500.6976,0.0346374495461717
9270,6215.30592,1,70644520.6144,0.0234228696703342
9271,6215.32592,2,70644540.6464,0.0346190095682996
9272,6215.34592,1,70644560.768,0.0234146741246133
9273,6215.36592,2,70644580.6592,0.0345595918618231
9274,6215.38592,1,70644600.64,0.0234730673878747
9275,6215.40592,2,70644620.6976,0.0346630606265495
9276,6215.42592,1,70644640.6272,0.0235058495707583
9277,6215.44592,2,70644660.6208,0.0346261806708054
9278,6215.46592,1,70644680.7552,0.0234075030221075
9279,6215.48592,2,70644700.6592,0.0346354006597414
9280,6215.50592,1,70644720.6784,0.0234699940582294
9281,6215.52592,2,70644740.6464,0.0346179851250845
9282,6215.54592,1,70644760.6656,0.0234177474542586
9283,6215.56592,2,70644780.672,0.0346999405822935
9284,6215.58592,1,70644800.704,0.0234915073657467
9285,6215.60592,2,70644820.7104,0.0347470649701887
9286,6215.62592,1,70644840.8576,0.0234710185014445
9287,6215.64592,2,70644860.6592,0.0346149117954392
9288,6215.66592,1,70644880.64,0.0233870141578052
9289,6215.68592,2,70644900.736,0.0346159362386543
9290,6215.70592,1,70644920.6656,0.0234054541356773
9291,6215.72592,2,70644940.7488,0.0346210584547299
9292,6215.74592,1,70644960.6656,0.0234146741246133
9293,6215.76592,2,70644980.736,0.0346015940336427
9294,6215.78592,1,70645000.7424,0.0233818919417297
9295,6215.80592,2,70645020.672,0.0347788227098572
9296,6215.82592,1,70645040.64,0.0233470608724158
9297,6215.84592,2,70645060.864,0.0346302784436659
9298,6215.86592,1,70645080.6784,0.0233911119306657
9299,6215.88592,2,70645100.6848,0.0345114430307128
9300,6215.90592,1,70645120.7296,0.0233357919970496
9301,6215.92592,2,70645141.4272,0.0345780318396951
9302,6215.94592,1,70645160.832,0.0233060831438113
9303,6215.96592,2,70645180.7616,0.0345565185321778
9304,6215.98592,1,70645200.768,0.0233142786895322
9305,6216.00592,2,70645220.8384,0.0345544696457475
9306,6216.02592,1,70645240.8832,0.0232855942795091
9307,6216.04592,2,70645260.7488,0.034549347429672
9308,6216.06592,1,70645280.7552,0.0232671543016371
9309,6216.08592,2,70645300.7232,0.0345442252135964
9310,6216.10592,1,70645320.7424,0.0233521830884914
9311,6216.12592,2,70645340.7104,0.0345944229311369
9312,6216.14592,1,70645360.7424,0.0232446165509046
9313,6216.16592,2,70645380.736,0.0345411518839511
9314,6216.18592,1,70645400.8064,0.0232866187227242
9315,6216.20592,2,70645420.7232,0.0344550986538816
9316,6216.22592,1,70645440.7296,0.0233009609277358
9317,6216.24592,2,70645460.736,0.0343557276620157
9318,6216.26592,1,70645480.7552,0.0232538365398406
9319,6216.28592,2,70645500.7488,0.0344919786096257
9320,6216.30592,1,70645520.7936,0.0232558854262708
9321,6216.32592,2,70645540.8256,0.0344428053353003
9322,6216.34592,1,70645560.8192,0.0232702276312824
9323,6216.36592,2,70645580.7744,0.034558567418608
9324,6216.38592,1,70645600.7936,0.0232333476755383
9325,6216.40592,2,70645620.7872,0.03457700739648
9326,6216.42592,1,70645640.7936,0.0233286208945438
9327,6216.44592,2,70645660.7744,0.0346108140225787
9328,6216.46592,1,70645680.7552,0.0233501342020612
9329,6216.48592,2,70645700.7488,0.0345974962607823
9330,6216.50592,1,70645720.7936,0.0233347675538345
9331,6216.52592,2,70645740.7616,0.0346108140225787
9332,6216.54592,1,70645760.8576,0.0233409142131252
9333,6216.56592,2,70645780.7744,0.0346538406376135
9334,6216.58592,1,70645800.8064,0.0233378408834798
9335,6216.60592,2,70645820.8768,0.0345944229311369
9336,6216.62592,1,70645840.7808,0.0233060831438113
9337,6216.64592,2,70645860.7872,0.0347696027209212
9338,6216.66592,1,70645880.7808,0.0233275964513287
9339,6216.68592,2,70645900.8128,0.0347542360726945
9340,6216.70592,1,70645920.8192,0.0233767697256541
9341,6216.72592,2,70645940.9536,0.0346200340115147
9342,6216.74592,1,70645960.8576,0.0233388653266949
9343,6216.76592,2,70645980.864,0.0345565185321778
9344,6216.78592,1,70646000.832,0.0233419386563403
9345,6216.80592,2,70646020.8,0.0345974962607823
9346,6216.82592,1,70646040.8192,0.0233501342020612
9347,6216.84592,2,70646060.8128,0.0346169606818694
9348,6216.86592,1,70646080.7936,0.0232814965066486
9349,6216.88592,2,70646100.8256,0.0345524207593173
9350,6216.90592,1,70646120.8448,0.0233316942241892
9351,6216.92592,2,70646140.9408,0.0345534452025324
9352,6216.94592,1,70646160.7936,0.0233511586452763
9353,6216.96592,2,70646180.9664,0.0345206630196488
9354,6216.98592,1,70646200.8448,0.0233357919970496
9355,6217.00592,2,70646220.8512,0.0344550986538816
9356,6217.02592,1,70646240.8448,0.0234177474542586
9357,6217.04592,2,70646260.8256,0.0344991497121315
9358,6217.06592,1,70646280.832,0.0233993074763866
9359,6217.08592,2,70646300.8256,0.034558567418608
9360,6217.10592,1,70646320.8704,0.0234013563628168
9361,6217.12592,2,70646340.8128,0.0346118384657938
9362,6217.14592,1,70646360.8064,0.0234228696703342
9363,6217.16592,2,70646380.864,0.0347306738787469
9364,6217.18592,1,70646400.8448,0.0234054541356773
9365,6217.20592,2,70646420.8384,0.0346702317290553
9366,6217.22592,1,70646440.9472,0.023375745282439
9367,6217.24592,2,70646460.8768,0.0348023849038048
9368,6217.26592,1,70646480.8448,0.0233972585899564
9369,6217.28592,2,70646500.8512,0.0348669248263569
9370,6217.30592,1,70646520.8576,0.0233818919417297
9371,6217.32592,2,70646540.8512,0.0349396602946299
9372,6217.34592,1,70646561.024,0.0233470608724158
9373,6217.36592,2,70646580.9152,0.0349427336242752
9374,6217.38592,1,70646600.8832,0.0234187718974737
9375,6217.40592,2,70646620.8768,0.0351220111869199
9376,6217.42592,1,70646640.8832,0.0234105763517528
9377,6217.44592,2,70646660.9024,0.0349601491589321
9378,6217.46592,1,70646680.8832,0.0233337431106194
9379,6217.48592,2,70646700.8512,0.0352029422009138
9380,6217.50592,1,70646720.9216,0.0234075030221075
9381,6217.52592,2,70646740.8896,0.0351353289487164
9382,6217.54592,1,70646760.9728,0.0233644764070728
9383,6217.56592,2,70646780.9152,0.03521421107628
9384,6217.58592,1,70646800.896,0.0234238941135493
9385,6217.60592,2,70646820.9024,0.0353012887495646
9386,6217.62592,1,70646840.9472,0.0234474563074969
9387,6217.64592,2,70646861.0944,0.0352859221013379
9388,6217.66592,1,70646880.9088,0.0233716475095785
9389,6217.68592,2,70646900.9408,0.0353658286721167
9390,6217.70592,1,70646920.9856,0.023348085315631
9391,6217.72592,2,70646940.9408,0.0353811953203434
9392,6217.74592,1,70646961.0752,0.0233163275759625
9393,6217.76592,2,70646980.928,0.0353125576249308
9394,6217.78592,1,70647000.896,0.0233265720081136
9395,6217.80592,2,70647020.9536,0.0353391931485238
9396,6217.82592,1,70647040.9344,0.0233132542463171
9397,6217.84592,2,70647060.928,0.035395537525355
9398,6217.86592,1,70647080.9344,0.0233409142131252
9399,6217.88592,2,70647100.9152,0.0353248509435122
9400,6217.90592,1,70647121.0368,0.0233255475648985
9401,6217.92592,2,70647141.0176,0.0352459688159485
9402,6217.94592,1,70647160.9728,0.0233296453377589
9403,6217.96592,2,70647180.992,0.0351517200401582
9404,6217.98592,1,70647200.9344,0.0233450119859856
9405,6218.00592,2,70647221.1072,0.0349601491589321
9406,6218.02592,1,70647240.9344,0.02343004077284
9407,6218.04592,2,70647260.9024,0.0348659003831418
9408,6218.06592,1,70647280.9984,0.0233275964513287
9409,6218.08592,2,70647300.9408,0.034740918310898
9410,6218.10592,1,70647320.9856,0.0233593541909972
9411,6218.12592,2,70647341.0048,0.0347194050033807
9412,6218.14592,1,70647360.9856,0.0233419386563403
9413,6218.16592,2,70647381.0176,0.0347849693691479
9414,6218.18592,1,70647401.0368,0.0233460364292007
9415,6218.20592,2,70647420.9536,0.0348034093470199
9416,6218.22592,1,70647441.0112,0.023275349847358
9417,6218.24592,2,70647460.992,0.0349488802835659
9418,6218.26592,1,70647480.9856,0.0233634519638576
9419,6218.28592,2,70647501.1328,0.0352008933144836
9420,6218.30592,1,70647520.9984,0.0233101809166718
9421,6218.32592,2,70647541.056,0.03521421107628
9422,6218.34592,1,70647561.024,0.0234218452271191
9423,6218.36592,2,70647581.0048,0.03521421107628
9424,6218.38592,1,70647601.0368,0.0233347675538345
9425,6218.40592,2,70647621.0176,0.0353566086831807
9426,6218.42592,1,70647641.5232,0.0233747208392239
9427,6218.44592,2,70647661.0432,0.0353156309545762
9428,6218.46592,1,70647680.9856,0.0232989120413055
9429,6218.48592,2,70647701.056,0.0354600774479071
9430,6218.50592,1,70647721.0368,0.0233194009056078
9431,6218.52592,2,70647741.1072,0.0353750486610527
9432,6218.54592,1,70647761.0752,0.023248714323765
9433,6218.56592,2,70647781.0048,0.0354242219353781
9434,6218.58592,1,70647801.1136,0.0232415432212592
9435,6218.60592,2,70647821.0176,0.0354365152539595
9436,6218.62592,1,70647841.024,0.0232353965619686
9437,6218.64592,2,70647861.0304,0.0353330464892331
9438,6218.66592,1,70647881.0496,0.0232814965066486
9439,6218.68592,2,70647901.056,0.0352807998852624
9440,6218.70592,1,70647921.0496,0.0232814965066486
9441,6218.72592,2,70647941.0176,0.0351681111316
9442,6218.74592,1,70647961.1136,0.0231616366504805
9443,6218.76592,2,70647981.0176,0.0353023131927797
9444,6218.78592,1,70648001.1264,0.0232333476755383
9445,6218.80592,2,70648021.0944,0.03535046202389
9446,6218.82592,1,70648041.024,0.0232558854262708
9447,6218.84592,2,70648061.184,0.0353125576249308
9448,6218.86592,1,70648081.1008,0.023211834368021
9449,6218.88592,2,70648101.1712,0.0353023131927797
9450,6218.90592,1,70648121.088,0.0232282254594628
9451,6218.92592,2,70648141.0816,0.0350841067879607
9452,6218.94592,1,70648161.1392,0.0232722765177126
9453,6218.96592,2,70648181.0688,0.0350984489929723
9454,6218.98592,1,70648201.1904,0.0232999364845207
9455,6219.00592,2,70648221.0816,0.0353576331263958
9456,6219.02592,1,70648241.088,0.0233112053598869
9457,6219.04592,2,70648261.1584,0.0354027086278608
9458,6219.06592,1,70648281.0752,0.0233470608724158
9459,6219.08592,2,70648301.1968,0.0352213821787858
9460,6219.10592,1,70648321.1008,0.0233194009056078
9461,6219.12592,2,70648341.312,0.0350462023890016
9462,6219.14592,1,70648361.0752,0.023275349847358
9463,6219.16592,2,70648381.0688,0.0349703935910832
9464,6219.18592,1,70648401.152,0.0234146741246133
9465,6219.20592,2,70648421.0944,0.0347931649148688
9466,6219.22592,1,70648441.1136,0.0234023808060319
9467,6219.24592,2,70648461.1456,0.0347634560616305
9468,6219.26592,1,70648481.152,0.0233993074763866
9469,6219.28592,2,70648501.1968,0.034586227385416
9470,6219.30592,1,70648521.1136,0.02343004077284
9471,6219.32592,2,70648541.0816,0.0347081361280144
9472,6219.34592,1,70648561.2288,0.0234259429999795
9473,6219.36592,2,70648581.12,0.034658962853689
9474,6219.38592,1,70648601.152,0.0235017517978978
9475,6219.40592,2,70648621.1712,0.0346876472637122
9476,6219.42592,1,70648641.1008,0.0234341385457004
9477,6219.44592,2,70648661.2992,0.0347204294465958
9478,6219.46592,1,70648681.1648,0.0234628229557236
9479,6219.48592,2,70648701.5808,0.0347890671420083
9480,6219.50592,1,70648721.216,0.0235140451164792
9481,6219.52592,2,70648741.1456,0.0347624316184154
9482,6219.54592,1,70648761.1648,0.0234699940582294
9483,6219.56592,2,70648781.1584,0.0347398938676829
9484,6219.58592,1,70648801.344,0.0234874095928863
9485,6219.60592,2,70648821.1456,0.0345155408035733
9486,6219.62592,1,70648841.1648,0.0235458028561477
9487,6219.64592,2,70648861.1712,0.0343741676398877
9488,6219.66592,1,70648881.2416,0.0234525785235724
9489,6219.68592,2,70648901.12,0.0343413854570041
9490,6219.70592,1,70648921.6,0.0234310652160551
9491,6219.72592,2,70648941.2096,0.0345698362939742
9492,6219.74592,1,70648961.1264,0.0234556518532178
9493,6219.76592,2,70648981.1328,0.0345380785543057
9494,6219.78592,1,70649001.152,0.0233327186674043
9495,6219.80592,2,70649021.1584,0.0345319318950151
9496,6219.82592,1,70649041.1904,0.0233275964513287
9497,6219.84592,2,70649061.2608,0.0344930030528408
9498,6219.86592,1,70649081.1776,0.023321449792038
9499,6219.88592,2,70649101.1584,0.0345145163603581
9500,6219.90592,1,70649121.2416,0.0233552564181367
9501,6219.92592,2,70649141.1712,0.0345595918618231
9502,6219.94592,1,70649161.28,0.0233286208945438
9503,6219.96592,2,70649181.2736,0.0346487184215379
9504,6219.98592,1,70649201.2032,0.023412625238183
9505,6220.00592,2,70649221.1968,0.0346517917511832
9506,6220.02592,1,70649241.1776,0.0234710185014445
9507,6220.04592,2,70649261.184,0.0346896961501424
9508,6220.06592,1,70649281.2416,0.0234628229557236
9509,6220.08592,2,70649301.1584,0.0346978916958633
9510,6220.10592,1,70649321.2032,0.0234238941135493
9511,6220.12592,2,70649341.2352,0.0347726760505665
9512,6220.14592,1,70649361.344,0.0234607740692933
9513,6220.16592,2,70649381.1968,0.0347747249369967
9514,6220.18592,1,70649401.2416,0.0234638473989387
9515,6220.20592,2,70649421.2224,0.0347398938676829
9516,6220.22592,1,70649441.216,0.0234382363185609
9517,6220.24592,2,70649461.2352,0.0347614071752003
9518,6220.26592,1,70649481.216,0.0234546274100027
9519,6220.28592,2,70649501.2224,0.0347583338455549
9520,6220.30592,1,70649521.3312,0.0234402852049911
9521,6220.32592,2,70649541.3504,0.0349826869096646
9522,6220.34592,1,70649561.2416,0.0234218452271191
9523,6220.36592,2,70649581.2224,0.0349242936464032
9524,6220.38592,1,70649601.1904,0.0233234986784682
9525,6220.40592,2,70649621.3248,0.0349765402503739
9526,6220.42592,1,70649641.2288,0.0234443829778515
9527,6220.44592,2,70649661.312,0.0349478558403508
9528,6220.46592,1,70649681.2672,0.0234136496813982
9529,6220.48592,2,70649701.248,0.0348648759399267
9530,6220.50592,1,70649721.28,0.0233378408834798
9531,6220.52592,2,70649741.2864,0.0349765402503739
9532,6220.54592,1,70649761.5104,0.0234781896039503
9533,6220.56592,2,70649781.248,0.034832093757043
9534,6220.58592,1,70649801.2032,0.023485360706456
9535,6220.60592,2,70649821.2992,0.0348443870756244
9536,6220.62592,1,70649841.2928,0.0233982830331715
9537,6220.64592,2,70649861.2992,0.0346845739340668
9538,6220.66592,1,70649881.28,0.0233952097035261
9539,6220.68592,2,70649901.2992,0.0347808715962874
9540,6220.70592,1,70649921.2672,0.0233839408281599
9541,6220.72592,2,70649941.4912,0.034731698321962
9542,6220.74592,1,70649961.5616,0.0233603786342123
9543,6220.76592,2,70649981.2352,0.0347153072305202
9544,6220.78592,1,70650001.28,0.023502776241113
9545,6220.80592,2,70650021.312,0.0346989161390784
9546,6220.82592,1,70650041.3824,0.0233962341467412
9547,6220.84592,2,70650061.2864,0.0347614071752003
9548,6220.86592,1,70650081.3568,0.0233900874874506
9549,6220.88592,2,70650101.2736,0.0347337472083922
9550,6220.90592,1,70650121.2544,0.0234402852049911
9551,6220.92592,2,70650141.312,0.0346825250476366
9552,6220.94592,1,70650161.3184,0.0234382363185609
9553,6220.96592,2,70650181.2736,0.0347194050033807
9554,6220.98592,1,70650201.2672,0.0234341385457004
9555,6221.005952,2,70650221.312,0.0346907205933575
9556,6221.025952,1,70650241.3568,0.0234443829778515
9557,6221.045952,2,70650261.6448,0.0347265761058864
9558,6221.065952,1,70650281.2928,0.0234228696703342
9559,6221.085952,2,70650301.4016,0.0347614071752003
9560,6221.105952,1,70650321.3568,0.0234331141024853
9561,6221.125952,2,70650341.3376,0.0345790562829102
9562,6221.145952,1,70650361.344,0.0234956051386072
9563,6221.165952,2,70650381.2736,0.034586227385416
9564,6221.185952,1,70650401.3824,0.0234884340361014
9565,6221.205952,2,70650421.2864,0.0346692072858402
9566,6221.225952,1,70650441.3824,0.0234822873768107
9567,6221.245952,2,70650461.3888,0.0346640850697646
9568,6221.265952,1,70650481.344,0.0235621939475895
9569,6221.285952,2,70650501.312,0.0346855983772819
9570,6221.305952,1,70650521.3696,0.0235242895486303
9571,6221.325952,2,70650541.5808,0.0348187759952466
9572,6221.345952,1,70650561.344,0.0235519495154384
9573,6221.365952,2,70650581.376,0.0347777982666421
9574,6221.385952,1,70650601.4208,0.0235519495154384
9575,6221.405952,2,70650621.3504,0.0348341426434733
9576,6221.425952,1,70650641.4464,0.0234771651607351
9577,6221.445952,2,70650661.4912,0.0347931649148688
9578,6221.465952,1,70650681.3696,0.0234720429446596
9579,6221.485952,2,70650701.3248,0.0349171225438974
9580,6221.505952,1,70650721.408,0.0234382363185609
9581,6221.525952,2,70650741.4016,0.0349990780011064
9582,6221.545952,1,70650761.3568,0.023394185260311
9583,6221.565952,2,70650781.4016,0.0349273669760485
9584,6221.585952,1,70650801.344,0.0234197963406888
9585,6221.605952,2,70650821.6064,0.0349140492142521
9586,6221.625952,1,70650841.3952,0.0233931608170959
9587,6221.645952,2,70650861.4144,0.034968344704653
9588,6221.665952,1,70650881.3824,0.0233870141578052
9589,6221.685952,2,70650901.4528,0.0351107423115537
9590,6221.705952,1,70650921.664,0.0234341385457004
9591,6221.725952,2,70650941.4656,0.0350943512201119
9592,6221.745952,1,70650961.6256,0.0234238941135493
9593,6221.765952,2,70650981.3888,0.0352244555084312
9594,6221.785952,1,70651001.5744,0.0234884340361014
9595,6221.805952,2,70651021.3504,0.0351394267215768
9596,6221.825952,1,70651041.4464,0.023466920728584
9597,6221.845952,2,70651061.4912,0.0351189378572746
9598,6221.865952,1,70651081.5104,0.0233603786342123
9599,6221.885952,2,70651101.376,0.0348238982113221
9600,6221.905952,1,70651121.472,0.0233501342020612
9601,6221.925952,2,70651141.504,0.0347419427541131
9602,6221.945952,1,70651161.5616,0.0234320896592702
9603,6221.965952,2,70651181.44,0.0347235027762411
9604,6221.985952,1,70651201.472,0.0233931608170959
9605,6222.005952,2,70651221.4528,0.0346302784436659
9606,6222.025952,1,70651241.5232,0.0233337431106194
9607,6222.045952,2,70651261.5168,0.0347081361280144
9608,6222.065952,1,70651281.472,0.0233552564181367
9609,6222.085952,2,70651301.4272,0.0347603827319852
9610,6222.105952,1,70651321.4592,0.0234495051939271
9611,6222.125952,2,70651341.5296,0.0348187759952466
9612,6222.145952,1,70651361.472,0.0234013563628168
9613,6222.165952,2,70651381.4784,0.0348659003831418
9614,6222.185952,1,70651401.472,0.0234105763517528
9615,6222.205952,2,70651421.5424,0.0347655049480607
9616,6222.225952,1,70651441.5872,0.0234372118753458
9617,6222.245952,2,70651461.504,0.0347993115741594
9618,6222.265952,1,70651481.472,0.0234085274653226
9619,6222.285952,2,70651501.4784,0.0348443870756244
9620,6222.305952,1,70651521.5488,0.0233542319749216
9621,6222.325952,2,70651541.5168,0.0348894625770894
9622,6222.345952,1,70651561.5616,0.0233327186674043
9623,6222.365952,2,70651581.4656,0.0348249226545373
9624,6222.385952,1,70651601.4848,0.0233767697256541
9625,6222.405952,2,70651621.5168,0.0349007314524556
9626,6222.425952,1,70651641.536,0.023330669780974
9627,6222.445952,2,70651661.6704,0.0348935603499498
9628,6222.465952,1,70651681.4848,0.0234310652160551
9629,6222.485952,2,70651701.5296,0.0349120003278218
9630,6222.505952,1,70651721.4848,0.023412625238183
9631,6222.525952,2,70651741.5552,0.0347777982666421
9632,6222.545952,1,70651761.7024,0.0233153031327474
9633,6222.565952,2,70651781.504,0.0347388694244678
9634,6222.585952,1,70651801.4848,0.0233962341467412
9635,6222.605952,2,70651821.5296,0.0346763783883459
9636,6222.625952,1,70651841.5744,0.0233409142131252
9637,6222.645952,2,70651861.6576,0.0346978916958633
9638,6222.665952,1,70651881.5232,0.0233911119306657
9639,6222.685952,2,70651901.5808,0.0346937939230028
9640,6222.705952,1,70651921.5616,0.0233163275759625
9641,6222.725952,2,70651941.5936,0.034677402831561
9642,6222.745952,1,70651961.5872,0.0233347675538345
9643,6222.765952,2,70651981.6192,0.03457700739648
9644,6222.785952,1,70652001.6512,0.0233234986784682
9645,6222.805952,2,70652021.6448,0.034658962853689
9646,6222.825952,1,70652041.5616,0.0232671543016371
9647,6222.845952,2,70652061.7216,0.034740918310898
9648,6222.865952,1,70652081.536,0.0232855942795091
9649,6222.885952,2,70652101.5424,0.0346640850697646
9650,6222.905952,1,70652121.6,0.0233911119306657
9651,6222.925952,2,70652141.5936,0.0346968672526482
9652,6222.945952,1,70652161.5744,0.0233532075317065
9653,6222.965952,2,70652181.5424,0.0347788227098572
9654,6222.985952,1,70652201.6,0.0233880386010203
9655,6223.005952,2,70652221.5936,0.0348238982113221
9656,6223.025952,1,70652241.5744,0.0233859897145901
9657,6223.045952,2,70652261.6064,0.0346927694797877
9658,6223.065952,1,70652281.7024,0.0234515540803573
9659,6223.085952,2,70652301.5552,0.0347941893580839
9660,6223.105952,1,70652321.6256,0.0233450119859856
9661,6223.125952,2,70652341.632,0.0347521871862643
9662,6223.145952,1,70652361.6384,0.0234054541356773
9663,6223.165952,2,70652381.6192,0.0347327227651771
9664,6223.185952,1,70652401.5616,0.0233695986231483
9665,6223.205952,2,70652421.6576,0.0346784272747762
9666,6223.225952,1,70652441.5872,0.0233972585899564
9667,6223.245952,2,70652461.6192,0.0346364251029565
9668,6223.265952,1,70652481.7024,0.023366525293503
9669,6223.285952,2,70652501.6448,0.0346179851250845
9670,6223.305952,1,70652521.6,0.0233777941688692
9671,6223.325952,2,70652541.6064,0.0346599872969041
9672,6223.345952,1,70652561.6384,0.0234064785788924
9673,6223.365952,2,70652581.8624,0.0346282295572356
9674,6223.385952,1,70652601.7152,0.0233675497367181
9675,6223.405952,2,70652621.6704,0.0346333517733112
9676,6223.425952,1,70652641.6768,0.0233829163849448
9677,6223.445952,2,70652661.7728,0.0349038047821009
9678,6223.465952,1,70652681.856,0.0234208207839039
9679,6223.485952,2,70652701.5552,0.0347368205380376
9680,6223.505952,1,70652721.6896,0.0234259429999795
9681,6223.525952,2,70652741.6704,0.0347737004937816
9682,6223.545952,1,70652761.8816,0.0234433585346364
9683,6223.565952,2,70652781.6064,0.0348577048374209
9684,6223.585952,1,70652801.6,0.0234167230110435
9685,6223.605952,2,70652821.632,0.0347849693691479
9686,6223.625952,1,70652841.6768,0.0234730673878747
9687,6223.645952,2,70652861.632,0.034750138299834
9688,6223.665952,1,70652881.664,0.0234249185567644
9689,6223.685952,2,70652901.9136,0.0346200340115147
9690,6223.705952,1,70652921.6512,0.0233972585899564
9691,6223.725952,2,70652941.696,0.0346394984326019
9692,6223.745952,1,70652961.6768,0.0234740918310898
9693,6223.765952,2,70652981.696,0.0346005695904276
9694,6223.785952,1,70653001.6768,0.0233439875427705
9695,6223.805952,2,70653021.6576,0.0344182186981376
9696,6223.825952,1,70653041.6384,0.0234228696703342
9697,6223.845952,2,70653061.632,0.034513491917143
9698,6223.865952,1,70653081.6896,0.0233347675538345
9699,6223.885952,2,70653101.6576,0.0345811051693405
9700,6223.905952,1,70653121.728,0.0233655008502879
9701,6223.925952,2,70653141.6832,0.0346876472637122
9702,6223.945952,1,70653161.9968,0.0234105763517528
9703,6223.965952,2,70653181.7984,0.0348167271088164
9704,6223.985952,1,70653201.664,0.0234023808060319
9705,6224.005952,2,70653221.7472,0.0347060872415842
9706,6224.025952,1,70653241.728,0.0234116007949679
9707,6224.045952,2,70653261.8624,0.0348290204273977
9708,6224.065952,1,70653281.6768,0.0233952097035261
9709,6224.085952,2,70653301.7088,0.0348945847931649
9710,6224.105952,1,70653321.7408,0.0233870141578052
9711,6224.125952,2,70653341.696,0.0349960046714611
9712,6224.145952,1,70653361.8176,0.0233562808613519
9713,6224.165952,2,70653381.6832,0.034922244759973
9714,6224.185952,1,70653401.7152,0.0234351629889155
9715,6224.205952,2,70653421.7088,0.0350052246603971
9716,6224.225952,1,70653441.8048,0.0234197963406888
9717,6224.245952,2,70653461.696,0.0349335136353392
9718,6224.265952,1,70653481.7536,0.0233767697256541
9719,6224.285952,2,70653501.76,0.0349365869649845
9720,6224.305952,1,70653521.7408,0.0234208207839039
9721,6224.325952,2,70653541.8368,0.0349109758846067
9722,6224.345952,1,70653561.7536,0.0234710185014445
9723,6224.365952,2,70653581.7472,0.0349693691478681
9724,6224.385952,1,70653601.856,0.0234597496260782
9725,6224.405952,2,70653621.8112,0.0348843403610138
9726,6224.425952,1,70653641.7792,0.0234382363185609
9727,6224.445952,2,70653661.8624,0.0349232692031881
9728,6224.465952,1,70653681.8688,0.0234075030221075
9729,6224.485952,2,70653701.6832,0.0349253180896183
9730,6224.505952,1,70653721.8048,0.0234372118753458
9731,6224.525952,2,70653741.7216,0.0348740959288627
9732,6224.545952,1,70653761.7536,0.0234320896592702
9733,6224.565952,2,70653781.8368,0.0347655049480607
9734,6224.585952,1,70653801.9712,0.02347614071752
9735,6224.605952,2,70653821.8368,0.0347491138566189
9736,6224.625952,1,70653841.7408,0.0234177474542586
9737,6224.645952,2,70653861.824,0.0347573094023398
9738,6224.665952,1,70653881.7408,0.0234833118200258
9739,6224.685952,2,70653901.8496,0.0347050627983691
9740,6224.705952,1,70653921.7664,0.0234536029667875
9741,6224.725952,2,70653941.8112,0.0347777982666421
9742,6224.745952,1,70653961.8304,0.0234187718974737
9743,6224.765952,2,70653981.888,0.0347460405269736
9744,6224.785952,1,70654001.7792,0.0233952097035261
9745,6224.805952,2,70654021.8624,0.0346190095682996
9746,6224.825952,1,70654041.8048,0.02343004077284
9747,6224.845952,2,70654061.8112,0.0345718851804045
9748,6224.865952,1,70654081.8304,0.0234259429999795
9749,6224.885952,2,70654101.7472,0.0345114430307128
9750,6224.905952,1,70654121.8432,0.0233808674985146
9751,6224.925952,2,70654141.8112,0.0345052963714221
9752,6224.945952,1,70654161.9584,0.0233624275206425
9753,6224.965952,2,70654181.824,0.0344694408588932
9754,6224.985952,1,70654201.7536,0.0233767697256541
9755,6225.005952,2,70654221.8496,0.0344059253795562
9756,6225.025952,1,70654241.8048,0.0234536029667875
9757,6225.045952,2,70654261.952,0.0344182186981376
9758,6225.065952,1,70654281.8816,0.0233808674985146
9759,6225.085952,2,70654301.8624,0.0345575429753929
9760,6225.105952,1,70654322.2784,0.0233798430552994
9761,6225.125952,2,70654341.8624,0.0345472985432417
9762,6225.145952,1,70654361.8432,0.0234187718974737
9763,6225.165952,2,70654381.8624,0.0345718851804045
9764,6225.185952,1,70654401.856,0.023384965271375
9765,6225.205952,2,70654421.8368,0.0344684164156781
9766,6225.225952,1,70654441.8432,0.0234085274653226
9767,6225.245952,2,70654461.8624,0.034340361013789
9768,6225.265952,1,70654481.8048,0.0234187718974737
9769,6225.285952,2,70654501.888,0.0342870899666032
9770,6225.305952,1,70654521.856,0.0233993074763866
9771,6225.325952,2,70654541.9264,0.0342215256008359
9772,6225.345952,1,70654561.92,0.0234044296924621
9773,6225.365952,2,70654581.8112,0.0342717233183765
9774,6225.385952,1,70654601.8944,0.0234095519085377
9775,6225.405952,2,70654621.9008,0.0343536787755855
9776,6225.425952,1,70654641.9712,0.0234187718974737
9777,6225.445952,2,70654661.9008,0.034485831950335
9778,6225.465952,1,70654681.856,0.0234863851496712
9779,6225.485952,2,70654701.8624,0.0343987542770504
9780,6225.505952,1,70654721.8944,0.0233952097035261
9781,6225.525952,2,70654741.9264,0.0346077406929334
9782,6225.545952,1,70654762.0224,0.0234075030221075
9783,6225.565952,2,70654781.9776,0.0346118384657938
9784,6225.585952,1,70654801.92,0.0234331141024853
9785,6225.605952,2,70654821.9264,0.0346087651361485
9786,6225.625952,1,70654841.8944,0.0233952097035261
9787,6225.645952,2,70654861.952,0.0345739340668347
9788,6225.665952,1,70654882.0864,0.0233542319749216
9789,6225.685952,2,70654901.9008,0.0344776364046141
9790,6225.705952,1,70654921.8048,0.0233593541909972
9791,6225.725952,2,70654941.8624,0.0345688118507591
9792,6225.745952,1,70654961.8176,0.0233439875427705
9793,6225.765952,2,70654981.8752,0.0343301165816379
9794,6225.785952,1,70655001.9456,0.0233347675538345
9795,6225.805952,2,70655021.888,0.0343301165816379
9796,6225.825952,1,70655041.9072,0.0233419386563403
9797,6225.845952,2,70655061.952,0.0342993832851845
9798,6225.865952,1,70655081.8944,0.0232835453930789
9799,6225.885952,2,70655101.9392,0.0344212920277829
9800,6225.905952,1,70655121.8944,0.0233624275206425
9801,6225.925952,2,70655141.8752,0.0344755875181839
9802,6225.945952,1,70655161.9584,0.0233562808613519
9803,6225.965952,2,70655182.1184,0.0346999405822935
9804,6225.985952,1,70655202.0224,0.0233337431106194
9805,6226.005952,2,70655221.9392,0.0346804761612064
9806,6226.025952,1,70655241.984,0.0233173520191776
9807,6226.045952,2,70655262.08,0.0346753539451308
9808,6226.065952,1,70655281.9712,0.0234208207839039
9809,6226.085952,2,70655301.9392,0.0347429671973283
9810,6226.105952,1,70655321.9584,0.0234085274653226
9811,6226.125952,2,70655341.9136,0.0346538406376135
9812,6226.145952,1,70655361.9712,0.0234638473989387
9813,6226.165952,2,70655381.9904,0.0346272051140205
9814,6226.185952,1,70655401.9328,0.0233603786342123
9815,6226.205952,2,70655421.9648,0.034622082897945
9816,6226.225952,1,70655441.9584,0.0234351629889155
9817,6226.245952,2,70655462.0032,0.0345513963161022
9818,6226.265952,1,70655482.0352,0.0235109717868339
9819,6226.285952,2,70655501.9264,0.0344008031634806
9820,6226.305952,1,70655521.9456,0.023457700739648
9821,6226.325952,2,70655541.9392,0.0345093941442826
9822,6226.345952,1,70655561.9968,0.0234607740692933
9823,6226.365952,2,70655581.888,0.0344786608478292
9824,6226.385952,1,70655602.048,0.0234064785788924
9825,6226.405952,2,70655622.016,0.0344305120167189
9826,6226.425952,1,70655641.984,0.0234351629889155
9827,6226.445952,2,70655661.952,0.0342829921937427
9828,6226.465952,1,70655681.9712,0.0233614030774274
9829,6226.485952,2,70655701.9776,0.0343547032188006
9830,6226.505952,1,70655722.0096,0.0233275964513287
9831,6226.525952,2,70655741.9904,0.0344305120167189
9832,6226.545952,1,70655761.9968,0.0233562808613519
9833,6226.565952,2,70655782.0544,0.0344202675845678
9834,6226.585952,1,70655801.984,0.0234013563628168
9835,6226.605952,2,70655822.016,0.0343823631856086
9836,6226.625952,1,70655842.0608,0.0234515540803573
9837,6226.645952,2,70655862.1184,0.0344663675292479
9838,6226.665952,1,70655881.9584,0.0233439875427705
9839,6226.685952,2,70655901.9648,0.0344622697563874
9840,6226.705952,1,70655922.0352,0.0233542319749216
9841,6226.725952,2,70655942.0032,0.0343280676952077
9842,6226.745952,1,70655962.048,0.0234843362632409
9843,6226.765952,2,70655982.08,0.0342706988751613
9844,6226.785952,1,70656002.0352,0.0234177474542586
9845,6226.805952,2,70656021.952,0.0343352387977134
9846,6226.825952,1,70656041.984,0.0233142786895322
9847,6226.845952,2,70656062.0416,0.0342737722048067
9848,6226.865952,1,70656081.9968,0.0233470608724158
9849,6226.885952,2,70656102.0672,0.034204110066179
9850,6226.905952,1,70656122.0224,0.0233808674985146
9851,6226.925952,2,70656142.016,0.0343721187534575
9852,6226.945952,1,70656162.0352,0.0233921363738808
9853,6226.965952,2,70656181.9776,0.0344305120167189
9854,6226.985952,1,70656201.9968,0.0234464318642818
9855,6227.005952,2,70656222.0032,0.0343618743213064
9856,6227.025952,1,70656242.0224,0.0234822873768107
9857,6227.045952,2,70656262.0544,0.0343342143544983
9858,6227.065952,1,70656282.0352,0.0234187718974737
9859,6227.085952,2,70656302.0544,0.0344376831192247
9860,6227.105952,1,70656322.0352,0.0233603786342123
9861,6227.125952,2,70656342.0288,0.0343516298891552
9862,6227.145952,1,70656362.0608,0.02343004077284
9863,6227.165952,2,70656382.0672,0.0344028520499109
9864,6227.185952,1,70656402.048,0.0234331141024853
9865,6227.205952,2,70656422.0288,0.0344714897453234
9866,6227.225952,1,70656442.1632,0.0234197963406888
9867,6227.245952,2,70656462.144,0.034658962853689
9868,6227.265952,1,70656482.0992,0.023412625238183
9869,6227.285952,2,70656502.0288,0.0347368205380376
9870,6227.305952,1,70656522.0352,0.0234320896592702
9871,6227.325952,2,70656542.0928,0.0348648759399267
9872,6227.345952,1,70656562.1504,0.0234443829778515
9873,6227.365952,2,70656582.08,0.0349642469317926
9874,6227.385952,1,70656602.048,0.0234075030221075
9875,6227.405952,2,70656622.0672,0.0350964001065421
9876,6227.425952,1,70656642.0736,0.0234003319196017
9877,6227.445952,2,70656662.1312,0.0352562132480997
9878,6227.465952,1,70656682.0736,0.023394185260311
9879,6227.485952,2,70656702.0288,0.0351691355748151
9880,6227.505952,1,70656722.1248,0.0233194009056078
9881,6227.525952,2,70656742.0928,0.0351220111869199
9882,6227.545952,1,70656762.048,0.0235150695596943
9883,6227.565952,2,70656782.1312,0.0351261089597804
9884,6227.585952,1,70656802.0736,0.0233234986784682
9885,6227.605952,2,70656822.1056,0.0350021513307517
9886,6227.625952,1,70656842.0864,0.0234238941135493
9887,6227.645952,2,70656862.1056,0.0350021513307517
9888,6227.665952,1,70656882.1504,0.0234003319196017
9889,6227.685952,2,70656902.1056,0.034968344704653
9890,6227.705952,1,70656922.0864,0.0234290163296248
9891,6227.725952,2,70656942.1312,0.0350339090704202
9892,6227.745952,1,70656962.1504,0.0234423340914213
9893,6227.765952,2,70656982.144,0.0349919068986006
9894,6227.785952,1,70657002.1888,0.0234167230110435
9895,6227.805952,2,70657022.0544,0.0350349335136353
9896,6227.825952,1,70657042.1376,0.0233655008502879
9897,6227.845952,2,70657062.1696,0.0350103468764726
9898,6227.865952,1,70657082.112,0.0234310652160551
9899,6227.885952,2,70657102.144,0.03503186018399
9900,6227.905952,1,70657122.1376,0.023394185260311
9901,6227.925952,2,70657142.1184,0.0348781937017231
9902,6227.945952,1,70657162.176,0.0234208207839039
9903,6227.965952,2,70657182.0928,0.0348269715409675
9904,6227.985952,1,70657202.0864,0.0234720429446596
9905,6228.005952,2,70657222.1312,0.034722478333026
9906,6228.025952,1,70657242.1504,0.0234566762964329
9907,6228.045952,2,70657262.208,0.0346907205933575
9908,6228.065952,1,70657282.1376,0.0234085274653226
9909,6228.085952,2,70657302.1568,0.0345944229311369
9910,6228.105952,1,70657322.1248,0.0233450119859856
9911,6228.125952,2,70657342.1568,0.0345175896900035
9912,6228.145952,1,70657362.112,0.0233880386010203
9913,6228.165952,2,70657382.1952,0.0346466695351077
9914,6228.185952,1,70657402.1376,0.0234351629889155
9915,6228.205952,2,70657422.1568,0.0345052963714221
9916,6228.225952,1,70657442.176,0.0234597496260782
9917,6228.245952,2,70657462.208,0.0345268096789395
9918,6228.265952,1,70657482.1504,0.0233890630442355
9919,6228.285952,2,70657502.1824,0.034567787407544
9920,6228.305952,1,70657522.1376,0.0234423340914213
9921,6228.325952,2,70657542.1696,0.0346026184768578
9922,6228.345952,1,70657562.1888,0.0234197963406888
9923,6228.365952,2,70657582.1568,0.0344161698117073
9924,6228.385952,1,70657602.1888,0.0234566762964329
9925,6228.405952,2,70657622.2208,0.0345811051693405
9926,6228.425952,1,70657642.2272,0.0235181428893396
9927,6228.445952,2,70657662.208,0.0345647140778987
9928,6228.465952,1,70657682.176,0.0234833118200258
9929,6228.485952,2,70657702.2208,0.0346261806708054
9930,6228.505952,1,70657722.2016,0.0234433585346364
9931,6228.525952,2,70657742.1696,0.034694818366218
9932,6228.545952,1,70657762.2656,0.0234597496260782
9933,6228.565952,2,70657782.2464,0.0346487184215379
9934,6228.585952,1,70657802.2016,0.0233859897145901
9935,6228.605952,2,70657822.2208,0.034649742864753
9936,6228.625952,1,70657842.176,0.023403405249247
9937,6228.645952,2,70657862.2336,0.0347398938676829
9938,6228.665952,1,70657882.24,0.0234740918310898
9939,6228.685952,2,70657902.2336,0.0347737004937816
9940,6228.705952,1,70657922.2272,0.0234833118200258
9941,6228.725952,2,70657942.208,0.0348279959841826
9942,6228.745952,1,70657962.304,0.0234075030221075
9943,6228.765952,2,70657982.208,0.034813653779171
9944,6228.785952,1,70658002.304,0.0234607740692933
9945,6228.805952,2,70658022.2592,0.0349324891921241
9946,6228.825952,1,70658042.2272,0.0234402852049911
9947,6228.845952,2,70658062.2592,0.0349847357960948
9948,6228.865952,1,70658082.2528,0.0234259429999795
9949,6228.885952,2,70658102.2464,0.0349140492142521
9950,6228.905952,1,70658122.2784,0.0233655008502879
9951,6228.925952,2,70658142.2208,0.0349355625217694
9952,6228.945952,1,70658162.2528,0.0233818919417297
9953,6228.965952,2,70658182.2336,0.0346630606265495
9954,6228.985952,1,70658202.3424,0.0232978875980904
9955,6229.005952,2,70658222.2592,0.0346968672526482
9956,6229.025952,1,70658242.2656,0.0233695986231483
9957,6229.045952,2,70658262.336,0.0344325609031491
9958,6229.065952,1,70658282.2912,0.0234310652160551
9959,6229.085952,2,70658302.2848,0.0343690454238122
9960,6229.105952,1,70658322.2272,0.0233583297477821
9961,6229.125952,2,70658342.2464,0.0342952855123241
9962,6229.145952,1,70658362.3296,0.0232968631548753
9963,6229.165952,2,70658382.3232,0.0341477656893478
9964,6229.185952,1,70658402.2656,0.0233347675538345
9965,6229.205952,2,70658422.2336,0.0342696744319462
9966,6229.225952,1,70658442.2784,0.023348085315631
9967,6229.245952,2,70658462.2592,0.0343372876841437
9968,6229.265952,1,70658482.304,0.0233993074763866
9969,6229.285952,2,70658502.3104,0.0343721187534575
9970,6229.305952,1,70658522.2656,0.0233890630442355
9971,6229.325952,2,70658542.272,0.0343208965927019
9972,6229.345952,1,70658562.2784,0.0234075030221075
9973,6229.365952,2,70658582.336,0.0341989878501035
9974,6229.385952,1,70658602.3296,0.0234095519085377
9975,6229.405952,2,70658622.2976,0.0341969389636732
9976,6229.425952,1,70658642.2912,0.0233081320302416
9977,6229.445952,2,70658662.4128,0.0341170323928945
9978,6229.465952,1,70658682.3168,0.0233839408281599
9979,6229.485952,2,70658702.2976,0.0341600590079292
9980,6229.505952,1,70658722.3552,0.0233511586452763
9981,6229.525952,2,70658742.3104,0.0341375212571967
9982,6229.545952,1,70658762.4576,0.0234351629889155
9983,6229.565952,2,70658782.3104,0.0340166369578134
9984,6229.585952,1,70658802.3168,0.023439260761776
9985,6229.605952,2,70658822.2848,0.0338937037719999
9986,6229.625952,1,70658842.3424,0.0234156985678284
9987,6229.645952,2,70658862.3616,0.0340361013789006
9988,6229.665952,1,70658882.3808,0.0234812629335956
9989,6229.685952,2,70658902.3872,0.0339684881267031
9990,6229.705952,1,70658922.2912,0.0234720429446596
9991,6229.725952,2,70658942.336,0.0341795234290163
9992,6229.745952,1,70658962.3424,0.0234587251828631
9993,6229.765952,2,70658982.3744,0.034267625545516
9994,6229.785952,1,70659002.4064,0.0233880386010203
9995,6229.805952,2,70659022.4256,0.034230745589772
9996,6229.825952,1,70659042.3936,0.0234146741246133
9997,6229.845952,2,70659062.3488,0.0342071833958244
9998,6229.865952,1,70659082.3808,0.023312229803102
9999,6229.885952,2,70659102.4512,0.0342194767144057
10000,6229.905952,1,70659122.3296,0.0234208207839039
10001,6229.925952,2,70659142.2848,0.0343198721494868
10002,6229.945952,1,70659162.368,0.0234751162743049
10003,6229.965952,2,70659182.3104,0.0343690454238122
10004,6229.985952,1,70659202.3552,0.0234003319196017
10005,6230.005952,2,70659222.336,0.0344212920277829
10006,6230.025952,1,70659242.3424,0.0234351629889155
10007,6230.045952,2,70659262.5152,0.0343874854016842
10008,6230.065952,1,70659282.3296,0.0234044296924621
10009,6230.085952,2,70659302.3232,0.0344110475956318
10010,6230.105952,1,70659322.368,0.0234228696703342
10011,6230.125952,2,70659342.4768,0.0343167988198414
10012,6230.145952,1,70659362.3424,0.0234044296924621
10013,6230.165952,2,70659382.3872,0.0343844120720388
10014,6230.185952,1,70659402.3424,0.0233388653266949
10015,6230.205952,2,70659422.3616,0.0344069498227713
10016,6230.225952,1,70659442.496,0.0233511586452763
10017,6230.245952,2,70659462.2976,0.034586227385416
10018,6230.265952,1,70659482.3296,0.023457700739648
10019,6230.285952,2,70659502.3488,0.0346886717069273
10020,6230.305952,1,70659522.3424,0.0234156985678284
10021,6230.325952,2,70659542.4128,0.0346671583994099
10022,6230.345952,1,70659562.4576,0.0234710185014445
10023,6230.365952,2,70659582.4256,0.0347941893580839
10024,6230.385952,1,70659602.3936,0.0233911119306657
10025,6230.405952,2,70659622.3872,0.0348597537238511
10026,6230.425952,1,70659642.3808,0.0234320896592702
10027,6230.445952,2,70659662.4128,0.0348208248816768
10028,6230.465952,1,70659682.4064,0.0234423340914213
10029,6230.485952,2,70659702.3872,0.0349242936464032
10030,6230.505952,1,70659722.3808,0.0234310652160551
10031,6230.525952,2,70659742.3616,0.0348474604052697
10032,6230.545952,1,70659762.3808,0.0234331141024853
10033,6230.565952,2,70659782.4,0.0348843403610138
10034,6230.585952,1,70659802.3296,0.0234433585346364
10035,6230.605952,2,70659822.3488,0.0347470649701887
10036,6230.625952,1,70659842.432,0.0235140451164792
10037,6230.645952,2,70659862.3872,0.0348003360173746
10038,6230.665952,1,70659882.3808,0.0234843362632409
10039,6230.685952,2,70659902.4,0.0350298112975598
10040,6230.705952,1,70659922.368,0.0234894584793165
10041,6230.725952,2,70659942.4896,0.0351517200401582
10042,6230.745952,1,70659962.432,0.023375745282439
10043,6230.765952,2,70659982.4128,0.0351189378572746
10044,6230.785952,1,70660002.432,0.0234156985678284
10045,6230.805952,2,70660022.4128,0.0351363533919315
10046,6230.825952,1,70660042.4192,0.0234505296371422
10047,6230.845952,2,70660062.464,0.034968344704653
10048,6230.865952,1,70660082.4064,0.0233091564734567
10049,6230.885952,2,70660102.464,0.0347265761058864
10050,6230.905952,1,70660122.4576,0.0234413096482062
10051,6230.925952,2,70660142.4256,0.0347829204827176
10052,6230.945952,1,70660162.4576,0.0234105763517528
10053,6230.965952,2,70660182.4512,0.0348218493248919
10054,6230.985952,1,70660202.3936,0.0233829163849448
10055,6231.005952,2,70660222.4384,0.0347993115741594
10056,6231.025952,1,70660242.432,0.0233900874874506
10057,6231.045952,2,70660262.528,0.0347071116847993
10058,6231.065952,1,70660282.4448,0.0234064785788924
10059,6231.085952,2,70660302.4384,0.0347757493802119
10060,6231.105952,1,70660322.432,0.0233818919417297
10061,6231.125952,2,70660342.4512,0.0348054582334501
10062,6231.145952,1,70660362.4448,0.0233900874874506
10063,6231.165952,2,70660382.464,0.0347296494355318
10064,6231.185952,1,70660402.5216,0.023321449792038
10065,6231.205952,2,70660422.4896,0.0347562849591247
10066,6231.225952,1,70660442.4576,0.0233870141578052
10067,6231.245952,2,70660462.4896,0.0347849693691479
10068,6231.265952,1,70660482.4448,0.0233716475095785
10069,6231.285952,2,70660502.5152,0.034822873768107
10070,6231.305952,1,70660522.4576,0.0234064785788924
10071,6231.325952,2,70660542.464,0.0347542360726945
10072,6231.345952,1,70660562.56,0.0233624275206425
10073,6231.365952,2,70660582.4512,0.0347153072305202
10074,6231.385952,1,70660602.4576,0.0233552564181367
10075,6231.405952,2,70660622.4896,0.0348023849038048
10076,6231.425952,1,70660642.4576,0.0234372118753458
10077,6231.445952,2,70660662.5408,0.0347706271641363
10078,6231.465952,1,70660682.5088,0.0234464318642818
10079,6231.485952,2,70660702.5152,0.0347747249369967
10080,6231.505952,1,70660722.5344,0.0234290163296248
10081,6231.525952,2,70660742.4896,0.0349529780564263
10082,6231.545952,1,70660762.4448,0.0234177474542586
10083,6231.565952,2,70660782.4896,0.0349171225438974
10084,6231.585952,1,70660802.496,0.0234607740692933
10085,6231.605952,2,70660822.528,0.0347614071752003
10086,6231.625952,1,70660842.5216,0.02347614071752
10087,6231.645952,2,70660862.5152,0.0347101850144447
10088,6231.665952,1,70660882.6112,0.0234167230110435
10089,6231.685952,2,70660902.5792,0.0346620361833344
10090,6231.705952,1,70660922.5344,0.0234116007949679
10091,6231.725952,2,70660942.5536,0.0346661339561948
10092,6231.745952,1,70660962.5088,0.0234474563074969
10093,6231.765952,2,70660982.5152,0.0346712561722704
10094,6231.785952,1,70661002.5344,0.0234177474542586
10095,6231.805952,2,70661022.5024,0.0346087651361485
10096,6231.825952,1,70661042.5472,0.0233921363738808
10097,6231.845952,2,70661062.5408,0.0346046673632881
10098,6231.865952,1,70661082.5856,0.0234413096482062
10099,6231.885952,2,70661102.528,0.0346046673632881
10100,6231.905952,1,70661122.5216,0.0233829163849448
10101,6231.925952,2,70661142.5536,0.0345380785543057
10102,6231.945952,1,70661162.56,0.0234177474542586
10103,6231.965952,2,70661182.5536,0.0346476939783228
10104,6231.985952,1,70661202.5344,0.0233644764070728
10105,6232.005952,2,70661222.5408,0.0345759829532649
10106,6232.025952,1,70661242.5472,0.0234044296924621
10107,6232.045952,2,70661262.5664,0.0345811051693405
10108,6232.065952,1,70661282.5856,0.0234023808060319
10109,6232.085952,2,70661302.5792,0.0345616407482533
10110,6232.105952,1,70661322.5728,0.0234003319196017
10111,6232.125952,2,70661342.5664,0.0344417808920851
10112,6232.145952,1,70661362.5472,0.0233255475648985
10113,6232.165952,2,70661382.592,0.0343741676398877
10114,6232.185952,1,70661402.5472,0.0234648718421538
10115,6232.205952,2,70661422.5664,0.0343260188087774
10116,6232.225952,1,70661442.5856,0.023403405249247
10117,6232.245952,2,70661462.6176,0.0342420144651382
10118,6232.265952,1,70661482.5728,0.0234197963406888
10119,6232.285952,2,70661502.5792,0.0344069498227713
10120,6232.305952,1,70661522.5856,0.0234915073657467
10121,6232.325952,2,70661542.592,0.0344776364046141
10122,6232.345952,1,70661562.6112,0.0234515540803573
10123,6232.365952,2,70661582.5664,0.0345196385764337
10124,6232.385952,1,70661602.624,0.0234136496813982
10125,6232.405952,2,70661622.592,0.0345749585100498
10126,6232.425952,1,70661642.5984,0.0234341385457004
10127,6232.445952,2,70661662.6304,0.0346138873522241
10128,6232.465952,1,70661682.5984,0.0235324850943512
10129,6232.485952,2,70661702.5664,0.0347716516073514
10130,6232.505952,1,70661722.5856,0.0233798430552994
10131,6232.525952,2,70661742.6176,0.0346712561722704
10132,6232.545952,1,70661762.624,0.0234402852049911
10133,6232.565952,2,70661782.6176,0.0347644805048456
10134,6232.585952,1,70661802.5984,0.0234679451717991
10135,6232.605952,2,70661822.592,0.0347050627983691
10136,6232.625952,1,70661842.688,0.0234402852049911
10137,6232.645952,2,70661862.592,0.0348648759399267
10138,6232.665952,1,70661882.624,0.0233634519638576
10139,6232.685952,2,70661902.592,0.0348925359067347
10140,6232.705952,1,70661922.5856,0.0234054541356773
10141,6232.725952,2,70661942.6048,0.03489560923638
10142,6232.745952,1,70661962.6624,0.0235324850943512
10143,6232.765952,2,70661982.6176,0.0348495092917
10144,6232.785952,1,70662002.6368,0.0234658962853689
10145,6232.805952,2,70662022.6432,0.0349970291146762
10146,6232.825952,1,70662042.624,0.0233880386010203
10147,6232.845952,2,70662062.656,0.0352797754420472
10148,6232.865952,1,70662082.6368,0.0234290163296248
10149,6232.885952,2,70662102.6304,0.0354488085725408
10150,6232.905952,1,70662122.752,0.023448480750712
10151,6232.925952,2,70662142.6304,0.0353484131374598
10152,6232.945952,1,70662162.624,0.0234792140471654
10153,6232.965952,2,70662182.6816,0.0352941176470588
10154,6232.985952,1,70662202.6496,0.0234474563074969
10155,6233.005952,2,70662222.6944,0.0354129530600119
10156,6233.025952,1,70662242.6496,0.0234443829778515
10157,6233.045952,2,70662262.656,0.0352572376913148
10158,6233.065952,1,70662282.6752,0.0234187718974737
10159,6233.085952,2,70662302.6432,0.0352367488270125
10160,6233.105952,1,70662322.688,0.0234525785235724
10161,6233.125952,2,70662342.6944,0.0350472268322167
10162,6233.145952,1,70662362.6496,0.0234167230110435
10163,6233.165952,2,70662382.7328,0.035041080172926
10164,6233.185952,1,70662402.7008,0.023403405249247
10165,6233.205952,2,70662422.7072,0.0351414756080071
10166,6233.225952,1,70662442.7008,0.0234013563628168
10167,6233.245952,2,70662462.6944,0.0351353289487164
10168,6233.265952,1,70662482.7392,0.0234402852049911
10169,6233.285952,2,70662502.7072,0.0351250845165652
10170,6233.305952,1,70662522.6624,0.0233870141578052
10171,6233.325952,2,70662542.7584,0.035149671153728
10172,6233.345952,1,70662562.7392,0.0233695986231483
10173,6233.365952,2,70662582.7968,0.0352213821787858
10174,6233.385952,1,70662602.7136,0.0234064785788924
10175,6233.405952,2,70662622.7456,0.035204991087344
10176,6233.425952,1,70662642.7008,0.0234679451717991
10177,6233.445952,2,70662663.168,0.0352541643616694
10178,6233.465952,1,70662682.816,0.0233521830884914
10179,6233.485952,2,70662702.7072,0.0351824533366116
10180,6233.505952,1,70662722.7136,0.0233900874874506
10181,6233.525952,2,70662743.1424,0.0351004978794025
10182,6233.545952,1,70662762.752,0.0233972585899564
10183,6233.565952,2,70662782.7584,0.0350779601286701
10184,6233.585952,1,70662802.7008,0.0234218452271191
10185,6233.605952,2,70662822.7328,0.0350451779457865
10186,6233.625952,1,70662842.7264,0.0234454074210666
10187,6233.645952,2,70662862.7328,0.0349570758292868
10188,6233.665952,1,70662882.7392,0.0234372118753458
10189,6233.685952,2,70662902.7328,0.0349345380785543
10190,6233.705952,1,70662922.8288,0.0234433585346364
10191,6233.725952,2,70662942.7968,0.0349734669207286
10192,6233.745952,1,70662962.7392,0.0234146741246133
10193,6233.765952,2,70662982.7328,0.0351025467658328
10194,6233.785952,1,70663002.7648,0.0234515540803573
10195,6233.805952,2,70663022.7584,0.0351209867437048
10196,6233.825952,1,70663042.7392,0.0234187718974737
10197,6233.845952,2,70663062.784,0.035022640195054
10198,6233.865952,1,70663082.7776,0.0233952097035261
10199,6233.885952,2,70663102.7584,0.0349079025549614
10200,6233.905952,1,70663122.7264,0.023394185260311
10201,6233.925952,2,70663142.8096,0.0347962382445141
10202,6233.945952,1,70663162.7904,0.0234833118200258
10203,6233.965952,2,70663182.7968,0.034740918310898
10204,6233.985952,1,70663202.752,0.0234105763517528
10205,6234.005952,2,70663223.2192,0.0347019894687237
10206,6234.025952,1,70663242.9312,0.0234720429446596
10207,6234.045952,2,70663262.8096,0.0346917450365726
10208,6234.065952,1,70663282.816,0.0234341385457004
10209,6234.085952,2,70663302.8096,0.0346272051140205
10210,6234.105952,1,70663322.8032,0.0234617985125085
10211,6234.125952,2,70663342.8608,0.0345657385211138
10212,6234.145952,1,70663362.7776,0.0234689696150142
10213,6234.165952,2,70663382.8096,0.0346671583994099
10214,6234.185952,1,70663402.8032,0.0233982830331715
10215,6234.205952,2,70663422.7968,0.0346384739893868
10216,6234.225952,1,70663442.8416,0.0234064785788924
10217,6234.245952,2,70663462.976,0.0345944229311369
10218,6234.265952,1,70663482.7904,0.0234966295818223
10219,6234.285952,2,70663502.7968,0.0346640850697646
10220,6234.305952,1,70663522.816,0.0234812629335956
10221,6234.325952,2,70663542.8096,0.0344827586206897
10222,6234.345952,1,70663562.8928,0.0234156985678284
10223,6234.365952,2,70663582.8224,0.0345852029422009
10224,6234.385952,1,70663602.8288,0.0234607740692933
10225,6234.405952,2,70663622.9248,0.0346323273300961
10226,6234.425952,1,70663642.8928,0.0235109717868339
10227,6234.445952,2,70663662.9376,0.0345708607371893
10228,6234.465952,1,70663682.9056,0.0235109717868339
10229,6234.485952,2,70663702.8864,0.0345749585100498
10230,6234.505952,1,70663722.8672,0.0234597496260782
10231,6234.525952,2,70663742.8352,0.0344643186428176
10232,6234.545952,1,70663762.8672,0.0234556518532178
10233,6234.565952,2,70663782.848,0.0345636896346836
10234,6234.585952,1,70663802.8416,0.0234085274653226
10235,6234.605952,2,70663822.8224,0.0346425717622472
10236,6234.625952,1,70663842.88,0.0234679451717991
10237,6234.645952,2,70663862.8352,0.0346866228204971
10238,6234.665952,1,70663882.8544,0.0234208207839039
10239,6234.685952,2,70663902.8864,0.0346896961501424
10240,6234.705952,1,70663922.8416,0.0233808674985146
10241,6234.725952,2,70663942.8608,0.0347081361280144
10242,6234.745952,1,70663962.9696,0.0234238941135493
10243,6234.765952,2,70663982.8608,0.0347173561169504
10244,6234.785952,1,70664002.8672,0.0233931608170959
10245,6234.805952,2,70664022.976,0.0347624316184154
10246,6234.825952,1,70664042.8672,0.0234238941135493
10247,6234.845952,2,70664062.9504,0.0348392648595488
10248,6234.865952,1,70664082.8672,0.0233552564181367
10249,6234.885952,2,70664102.912,0.0348628270534964
10250,6234.905952,1,70664122.9184,0.0234023808060319
10251,6234.925952,2,70664142.8608,0.0349335136353392
10252,6234.945952,1,70664162.944,0.0233398897699101
10253,6234.965952,2,70664182.912,0.0348116048927408
10254,6234.985952,1,70664202.88,0.023384965271375
10255,6235.005952,2,70664222.8992,0.034832093757043
10256,6235.025952,1,70664242.944,0.0233460364292007
10257,6235.045952,2,70664262.8992,0.0347655049480607
10258,6235.065952,1,70664282.9312,0.0233101809166718
10259,6235.085952,2,70664302.9248,0.0347532116294794
10260,6235.105952,1,70664322.8928,0.0232876431659393
10261,6235.125952,2,70664342.8864,0.0348402893027639
10262,6235.145952,1,70664362.9312,0.0232907164955847
10263,6235.165952,2,70664382.9248,0.0348720470424324
10264,6235.185952,1,70664402.944,0.0233829163849448
10265,6235.205952,2,70664422.9632,0.034867949269572
10266,6235.225952,1,70664442.8928,0.0233542319749216
10267,6235.245952,2,70664462.9504,0.0350052246603971
10268,6235.265952,1,70664482.9184,0.0234085274653226
10269,6235.285952,2,70664502.9248,0.0350277624111295
10270,6235.305952,1,70664522.9312,0.0233655008502879
10271,6235.325952,2,70664542.9376,0.0351609400290942
10272,6235.345952,1,70664562.9696,0.0233357919970496
10273,6235.365952,2,70664583.0016,0.035104595652263
10274,6235.385952,1,70664602.9696,0.0233706230663634
10275,6235.405952,2,70664623.872,0.0351015223226177
10276,6235.425952,1,70664642.9312,0.0233511586452763
10277,6235.445952,2,70664662.9504,0.0351025467658328
10278,6235.465952,1,70664683.0208,0.0233327186674043
10279,6235.485952,2,70664702.9504,0.0350451779457865
10280,6235.505952,1,70664722.944,0.0233071075870264
10281,6235.525952,2,70664742.9376,0.0351056200954781
10282,6235.545952,1,70664762.9568,0.0233491097588461
10283,6235.565952,2,70664782.976,0.0352613354641752
10284,6235.585952,1,70664803.008,0.0232978875980904
10285,6235.605952,2,70664823.0656,0.0352971909767042
10286,6235.625952,1,70664842.9824,0.0233204253488229
10287,6235.645952,2,70664863.1552,0.0353750486610527
10288,6235.665952,1,70664883.0208,0.0232978875980904
10289,6235.685952,2,70664903.0272,0.0353668531153318
10290,6235.705952,1,70664923.0592,0.0232743254041428
10291,6235.725952,2,70664942.976,0.0352715798963263
10292,6235.745952,1,70664962.9568,0.0233562808613519
10293,6235.765952,2,70664983.0272,0.0351578666994488
10294,6235.785952,1,70665002.9568,0.0233255475648985
10295,6235.805952,2,70665023.1424,0.035286946544553
10296,6235.825952,1,70665043.008,0.0233511586452763
10297,6235.845952,2,70665062.9888,0.035459053004692
10298,6235.865952,1,70665082.9696,0.0233542319749216
10299,6235.885952,2,70665103.0528,0.0356260372487553
10300,6235.905952,1,70665123.1616,0.0233275964513287
10301,6235.925952,2,70665143.04,0.0355317884729649
10302,6235.945952,1,70665163.2,0.0232999364845207
10303,6235.965952,2,70665182.976,0.0356157928166042
10304,6235.985952,1,70665202.9824,0.023384965271375
10305,6236.005984,2,70665223.0912,0.0356455016698424
10306,6236.025984,1,70665243.008,0.0233542319749216
10307,6236.045984,2,70665263.168,0.0357069682627492
10308,6236.065984,1,70665283.0336,0.0233593541909972
10309,6236.085984,2,70665302.9888,0.0357930214928186
10310,6236.105984,1,70665323.1616,0.0233644764070728
10311,6236.125984,2,70665343.0144,0.0360757678201897
10312,6236.145984,1,70665363.0208,0.0233153031327474
10313,6236.165984,2,70665383.0272,0.0362816809064274
10314,6236.185984,1,70665403.0592,0.0233542319749216
10315,6236.205984,2,70665423.5904,0.0361946032331428
10316,6236.225984,1,70665443.072,0.0233726719527937
10317,6236.245984,2,70665463.232,0.0362386542913926
10318,6236.265984,1,70665483.0592,0.023412625238183
10319,6236.285984,2,70665503.1424,0.0362714364742762
10320,6236.305984,1,70665523.1104,0.0233562808613519
10321,6236.325984,2,70665543.04,0.0363093408732354
10322,6236.345984,1,70665563.0592,0.0233716475095785
10323,6236.365984,2,70665583.0784,0.0361853832442068
10324,6236.385984,1,70665603.0208,0.0233890630442355
10325,6236.405984,2,70665623.1424,0.0359712746122482
10326,6236.425984,1,70665643.0848,0.0233511586452763
10327,6236.445984,2,70665663.0528,0.0357991681521093
10328,6236.465984,1,70665683.0976,0.0233419386563403
10329,6236.485984,2,70665703.0912,0.0357899481631733
10330,6236.505984,1,70665723.1744,0.0233880386010203
10331,6236.525984,2,70665743.2064,0.0358565369721556
10332,6236.545984,1,70665763.0592,0.023403405249247
10333,6236.565984,2,70665783.104,0.0358196570164116
10334,6236.585984,1,70665803.072,0.0234146741246133
10335,6236.605984,2,70665823.2448,0.035786874833528
10336,6236.625984,1,70665843.1104,0.0233695986231483
10337,6236.645984,2,70665863.1808,0.0357878992767431
10338,6236.665984,1,70665883.0976,0.023384965271375
10339,6236.685984,2,70665903.232,0.0358135103571209
10340,6236.705984,1,70665923.1488,0.023412625238183
10341,6236.725984,2,70665943.168,0.0358544880857254
10342,6236.745984,1,70665963.2768,0.0233470608724158
10343,6236.765984,2,70665983.104,0.0359343946565042
10344,6236.785984,1,70666003.1616,0.0233409142131252
10345,6236.805984,2,70666023.0912,0.0359333702132891
10346,6236.825984,1,70666043.1488,0.0233224742352531
10347,6236.845984,2,70666063.104,0.0359425902022251
10348,6236.865984,1,70666083.0592,0.0233716475095785
10349,6236.885984,2,70666103.36,0.0359466879750855
10350,6236.905984,1,70666123.3024,0.0233962341467412
10351,6236.925984,2,70666143.4368,0.0359774212715389
10352,6236.945984,1,70666163.2256,0.0233491097588461
10353,6236.965984,2,70666183.2832,0.035905710246481
10354,6236.985984,1,70666203.1616,0.023357305304567
10355,6237.005984,2,70666223.1296,0.0360839633659106
10356,6237.025984,1,70666243.1616,0.0233142786895322
10357,6237.045984,2,70666269.2864,0.0360706456041142
10358,6237.065984,1,70666283.0976,0.0233275964513287
10359,6237.085984,2,70666303.1168,0.0361372344130965
10360,6237.105984,1,70666323.3024,0.0234013563628168
10361,6237.125984,2,70666343.2448,0.0360952322412769
10362,6237.145984,1,70666363.1104,0.0234023808060319
10363,6237.165984,2,70666383.1296,0.0363021697707296
10364,6237.185984,1,70666403.1616,0.0234146741246133
10365,6237.205984,2,70666423.1424,0.0362570942692647
10366,6237.225984,1,70666443.1872,0.023457700739648
10367,6237.245984,2,70666463.2576,0.0363974429897351
10368,6237.265984,1,70666483.1872,0.0234136496813982
10369,6237.285984,2,70666503.4112,0.0362939742250087
10370,6237.305984,1,70666523.1744,0.0233644764070728
10371,6237.325984,2,70666543.232,0.0363318786239679
10372,6237.345984,1,70666563.2256,0.0233829163849448
10373,6237.365984,2,70666583.168,0.0362990964410843
10374,6237.385984,1,70666603.3536,0.023366525293503
10375,6237.405984,2,70666623.3088,0.036114696662364
10376,6237.425984,1,70666643.1616,0.023321449792038
10377,6237.445984,2,70666663.2064,0.0361802610281312
10378,6237.465984,1,70666683.1744,0.0233327186674043
10379,6237.485984,2,70666703.616,0.0360839633659106
10380,6237.505984,1,70666723.2128,0.0233952097035261
10381,6237.525984,2,70666743.1936,0.0361413321859569
10382,6237.545984,1,70666763.2384,0.0233808674985146
10383,6237.565984,2,70666783.2192,0.0360337656483701
10384,6237.585984,1,70666803.2896,0.0234259429999795
10385,6237.605984,2,70666823.2576,0.035932345770074
10386,6237.625984,1,70666843.2896,0.023412625238183
10387,6237.645984,2,70666863.232,0.0359190280082775
10388,6237.665984,1,70666883.1872,0.023448480750712
10389,6237.685984,2,70666903.3472,0.0359661523961727
10390,6237.705984,1,70666923.2128,0.0234095519085377
10391,6237.725984,2,70666943.4624,0.0359067346896962
10392,6237.745984,1,70666963.264,0.0234167230110435
10393,6237.765984,2,70666983.1936,0.035796094822464
10394,6237.785984,1,70667003.3024,0.0233634519638576
10395,6237.805984,2,70667023.5904,0.035695699387383
10396,6237.825984,1,70667043.6352,0.0234915073657467
10397,6237.845984,2,70667063.2064,0.0356618927612842
10398,6237.865984,1,70667083.4816,0.0234064785788924
10399,6237.885984,2,70667103.2576,0.0357797037310222
10400,6237.905984,1,70667123.3152,0.023403405249247
10401,6237.925984,2,70667143.3216,0.0361290388673756
10402,6237.945984,1,70667163.2384,0.0234976540250374
10403,6237.965984,2,70667183.296,0.0361454299588174
10404,6237.985984,1,70667203.2256,0.0234699940582294
10405,6238.005984,2,70667223.2832,0.0362079209949393
10406,6238.025984,1,70667243.392,0.0234249185567644
10407,6238.045984,2,70667263.2576,0.0362816809064274
10408,6238.065984,1,70667283.2512,0.0234372118753458
10409,6238.085984,2,70667303.2192,0.0363216341918167
10410,6238.105984,1,70667323.264,0.0234105763517528
10411,6238.125984,2,70667343.36,0.03626016759891
10412,6238.145984,1,70667363.264,0.0235048251275432
10413,6238.165984,2,70667383.296,0.0362550453828344
10414,6238.185984,1,70667403.3792,0.0235253139918454
10415,6238.205984,2,70667423.296,0.0362458253938984
10416,6238.225984,1,70667443.3024,0.0234812629335956
10417,6238.245984,2,70667463.3984,0.0360634745016084
10418,6238.265984,1,70667483.2896,0.023502776241113
10419,6238.285984,2,70667504.2304,0.0358565369721556
10420,6238.305984,1,70667523.3664,0.0234843362632409
10421,6238.325984,2,70667543.3856,0.0357612637531502
10422,6238.345984,1,70667563.5328,0.0234679451717991
10423,6238.365984,2,70667583.3088,0.0355645706558485
10424,6238.385984,1,70667603.2512,0.0235007273546827
10425,6238.405984,2,70667623.296,0.0357315548999119
10426,6238.425984,1,70667643.2896,0.0234751162743049
10427,6238.445984,2,70667663.3728,0.0357356526727723
10428,6238.465984,1,70667683.6992,0.0234628229557236
10429,6238.485984,2,70667703.2704,0.0358206814596267
10430,6238.505984,1,70667723.9296,0.0234351629889155
10431,6238.525984,2,70667744.0384,0.0357622881963653
10432,6238.545984,1,70667763.456,0.0234044296924621
10433,6238.565984,2,70667783.3728,0.0358821480525335
10434,6238.585984,1,70667803.3152,0.0235242895486303
10435,6238.605984,2,70667823.5136,0.0358524391992952
10436,6238.625984,1,70667843.328,0.0233388653266949
10437,6238.645984,2,70667863.3216,0.0358411703239289
10438,6238.665984,1,70667883.4176,0.0234023808060319
10439,6238.685984,2,70667903.872,0.035868830290737
10440,6238.705984,1,70667923.456,0.0234331141024853
10441,6238.725984,2,70667944.2432,0.0358821480525335
10442,6238.745984,1,70667963.456,0.0233060831438113
10443,6238.765984,2,70667983.3088,0.0359118569057717
10444,6238.785984,1,70668003.4048,0.0234064785788924
10445,6238.805984,2,70668023.4368,0.0359395168725797
10446,6238.825984,1,70668043.3792,0.023348085315631
10447,6238.845984,2,70668063.3984,0.036187432130637
10448,6238.865984,1,70668083.3152,0.0234249185567644
10449,6238.885984,2,70668103.5008,0.0361351855266663
10450,6238.905984,1,70668123.3792,0.0233409142131252
10451,6238.925984,2,70668143.3216,0.0361700165959801
10452,6238.945984,1,70668163.5968,0.0234320896592702
10453,6238.965984,2,70668183.3472,0.0363359763968283
10454,6238.985984,1,70668203.3408,0.0233962341467412
10455,6239.005984,2,70668223.4112,0.0363892474440142
10456,6239.025984,1,70668243.4176,0.0233194009056078
10457,6239.045984,2,70668263.424,0.0362161165406601
10458,6239.065984,1,70668283.8016,0.0233439875427705
10459,6239.085984,2,70668303.3728,0.036205872108509
10460,6239.105984,1,70668323.4048,0.0232610076423464
10461,6239.125984,2,70668343.3728,0.0360952322412769
10462,6239.145984,1,70668363.712,0.0233634519638576
10463,6239.165984,2,70668383.5264,0.0358104370274756
10464,6239.185984,1,70668403.4944,0.0233368164402647
10465,6239.205984,2,70668423.3728,0.0358217059028418
10466,6239.225984,1,70668443.4304,0.0233009609277358
10467,6239.245984,2,70668463.4752,0.0357274571270514
10468,6239.265984,1,70668483.4048,0.0233562808613519
10469,6239.285984,2,70668503.3984,0.0356772594095109
10470,6239.305984,1,70668523.4048,0.0233296453377589
10471,6239.325984,2,70668543.3856,0.0355830106337206
10472,6239.345984,1,70668563.392,0.023357305304567
10473,6239.365984,2,70668583.3984,0.0356096461573135
10474,6239.385984,1,70668603.4176,0.0233409142131252
10475,6239.405984,2,70668623.424,0.0356065728276682
10476,6239.425984,1,70668643.392,0.023312229803102
10477,6239.445984,2,70668663.3984,0.0355696928719241
10478,6239.465984,1,70668683.6352,0.0233767697256541
10479,6239.485984,2,70668703.3984,0.0355973528387321
10480,6239.505984,1,70668723.456,0.0234208207839039
10481,6239.525984,2,70668743.4496,0.0355840350769357
10482,6239.545984,1,70668763.4688,0.023412625238183
10483,6239.565984,2,70668783.5776,0.0356075972708833
10484,6239.585984,1,70668803.4432,0.0234402852049911
10485,6239.605984,2,70668823.5264,0.0355604728829881
10486,6239.625984,1,70668843.5712,0.0233890630442355
10487,6239.645984,2,70668863.4496,0.0354826151986395
10488,6239.665984,1,70668883.4432,0.0234320896592702
10489,6239.685984,2,70668903.4752,0.0354641752207675
10490,6239.705984,1,70668923.4304,0.023384965271375
10491,6239.725984,2,70668943.7952,0.0354529063454013
10492,6239.745984,1,70668963.6864,0.0233921363738808
10493,6239.765984,2,70668987.6352,0.0354467596861106
10494,6239.785984,1,70669003.4816,0.0233911119306657
10495,6239.805984,2,70669023.8464,0.035477492982564
10496,6239.825984,1,70669043.52,0.0234208207839039
10497,6239.845984,2,70669063.4752,0.0354262708218084
10498,6239.865984,1,70669083.4688,0.0234003319196017
10499,6239.885984,2,70669103.4752,0.0354262708218084
10500,6239.905984,1,70669123.4688,0.0233511586452763
10501,6239.925984,2,70669143.4368,0.0355932550658717
10502,6239.945984,1,70669163.5328,0.0233532075317065
10503,6239.965984,2,70669183.616,0.0355317884729649
10504,6239.985984,1,70669204.3648,0.0233532075317065
10505,6240.005984,2,70669223.5008,0.0355348618026103
10506,6240.025984,1,70669243.584,0.0233798430552994
10507,6240.045984,2,70669263.8464,0.0354969574036511
10508,6240.065984,1,70669283.5456,0.0233911119306657
10509,6240.085984,2,70669303.5392,0.0354979818468662
10510,6240.105984,1,70669323.5072,0.0234085274653226
10511,6240.125984,2,70669343.5904,0.0355000307332964
10512,6240.145984,1,70669363.5584,0.0234208207839039
10513,6240.165984,2,70669383.616,0.0355912061794415
10514,6240.185984,1,70669403.7888,0.0234382363185609
10515,6240.205984,2,70669423.552,0.0355533017804823
10516,6240.225984,1,70669443.5328,0.0234382363185609
10517,6240.245984,2,70669463.6544,0.0354201241625177
10518,6240.265984,1,70669483.5584,0.02343004077284
10519,6240.285984,2,70669503.5136,0.035341242034954
10520,6240.305984,1,70669523.52,0.0234894584793165
10521,6240.325984,2,70669543.5392,0.0353535353535354
10522,6240.345984,1,70669563.6224,0.0235089229004036
10523,6240.365984,2,70669583.6416,0.0353402175917389
10524,6240.385984,1,70669603.584,0.0234474563074969
10525,6240.405984,2,70669623.68,0.0353146065113611
10526,6240.425984,1,70669643.584,0.0234781896039503
10527,6240.445984,2,70669663.6288,0.0353750486610527
10528,6240.465984,1,70669683.7504,0.0233972585899564
10529,6240.485984,2,70669703.6032,0.0353586575696109
10530,6240.505984,1,70669723.6352,0.0234423340914213
10531,6240.525984,2,70669743.5392,0.0354867129715
10532,6240.545984,1,70669763.6096,0.0235796094822464
10533,6240.565984,2,70669783.7824,0.0354109041735817
10534,6240.585984,1,70669803.5712,0.0234976540250374
10535,6240.605984,2,70669823.6288,0.0355031040629418
10536,6240.625984,1,70669843.6736,0.023530436207921
10537,6240.645984,2,70669863.5648,0.0355860839633659
10538,6240.665984,1,70669883.6736,0.0235171184461245
10539,6240.685984,2,70669903.6672,0.0355922306226566
10540,6240.705984,1,70669923.5712,0.0235519495154384
10541,6240.725984,2,70669943.5904,0.0355768639744299
10542,6240.745984,1,70669963.6608,0.0234515540803573
10543,6240.765984,2,70669983.6672,0.0354078308439363
10544,6240.785984,1,70670004.0192,0.0234720429446596
10545,6240.805984,2,70670023.744,0.0354201241625177
10546,6240.825984,1,70670043.6096,0.0234986784682525
10547,6240.845984,2,70670063.9872,0.035441637470035
10548,6240.865984,1,70670083.5968,0.0235068740139734
10549,6240.885984,2,70670104.512,0.0353986108550003
10550,6240.905984,1,70670123.6736,0.023448480750712
10551,6240.925984,2,70670144.0896,0.0353146065113611
10552,6240.945984,1,70670163.5712,0.0235314606511361
10553,6240.965984,2,70670183.7312,0.0352838732149077
10554,6240.985984,1,70670203.6864,0.0235099473436187
10555,6241.005984,2,70670223.6672,0.0354375396971746
10556,6241.025984,1,70670243.648,0.0234822873768107
10557,6241.045984,2,70670263.6544,0.0356055483844531
10558,6241.065984,1,70670283.6992,0.0234894584793165
10559,6241.085984,2,70670303.6032,0.0357858503903129
10560,6241.105984,1,70670323.6352,0.0234812629335956
10561,6241.125984,2,70670343.6544,0.0355748150879997
10562,6241.145984,1,70670363.6864,0.0234843362632409
10563,6241.165984,2,70670383.616,0.0355492040076219
10564,6241.185984,1,70670403.6736,0.0234525785235724
10565,6241.205984,2,70670423.6544,0.035568668428709
10566,6241.225984,1,70670443.7376,0.0234597496260782
10567,6241.245984,2,70670463.8464,0.0355092507222325
10568,6241.265984,1,70670483.7504,0.0234474563074969
10569,6241.285984,2,70670503.6544,0.0355451062347614
10570,6241.305984,1,70670523.712,0.0235499006290081
10571,6241.325984,2,70670543.8848,0.0355481795644067
10572,6241.345984,1,70670563.84,0.0234740918310898
10573,6241.365984,2,70670583.744,0.0355451062347614
10574,6241.385984,1,70670603.6736,0.0234607740692933
10575,6241.405984,2,70670623.9104,0.0354754440961337
10576,6241.425984,1,70670643.8272,0.0235089229004036
10577,6241.445984,2,70670663.9744,0.0355881328497961
10578,6241.465984,1,70670683.6608,0.0235048251275432
10579,6241.485984,2,70670703.8208,0.0355543262236974
10580,6241.505984,1,70670723.6864,0.0234351629889155
10581,6241.525984,2,70670743.6928,0.0355430573483312
10582,6241.545984,1,70670764.16,0.023439260761776
10583,6241.565984,2,70670783.6672,0.0354242219353781
10584,6241.585984,1,70670803.648,0.0234986784682525
10585,6241.605984,2,70670823.8464,0.0354908107443604
10586,6241.625984,1,70670843.776,0.0234997029114676
10587,6241.645984,2,70670863.8592,0.0355020796197267
10588,6241.665984,1,70670883.7376,0.0233695986231483
10589,6241.685984,2,70670903.7184,0.0354129530600119
10590,6241.705984,1,70670924.1088,0.0232886676091544
10591,6241.725984,2,70670943.808,0.0353801708771283
10592,6241.745984,1,70670963.6992,0.0233296453377589
10593,6241.765984,2,70670983.8208,0.0352848976581228
10594,6241.785984,1,70671004.0832,0.0233081320302416
10595,6241.805984,2,70671023.6928,0.0352039666441289
10596,6241.825984,1,70671043.8272,0.0234413096482062
10597,6241.845984,2,70671063.7952,0.0352244555084312
10598,6241.865984,1,70671083.6864,0.0233101809166718
10599,6241.885984,2,70671104.1408,0.0350738623558096
10600,6241.905984,1,70671123.7248,0.0233409142131252
10601,6241.925984,2,70671144.4608,0.0351752822341058
10602,6241.945984,1,70671163.8272,0.0235048251275432
10603,6241.965984,2,70671183.9104,0.0349447825107054
10604,6241.985984,1,70671204.0192,0.0234023808060319
10605,6242.005984,2,70671223.808,0.0349038047821009
10606,6242.025984,1,70671243.712,0.0234597496260782
10607,6242.045984,2,70671263.744,0.0348638514967115
10608,6242.065984,1,70671284.5696,0.0234607740692933
10609,6242.085984,2,70671303.8464,0.0349273669760485
10610,6242.105984,1,70671323.968,0.0235335095375663
10611,6242.125984,2,70671343.8976,0.0349662958182228
10612,6242.145984,1,70671363.8016,0.0233931608170959
10613,6242.165984,2,70671383.808,0.0350892290040363
10614,6242.185984,1,70671403.968,0.0234607740692933
10615,6242.205984,2,70671423.8336,0.0350441535025713
10616,6242.225984,1,70671443.84,0.0234290163296248
10617,6242.245984,2,70671464.3456,0.0351517200401582
10618,6242.265984,1,70671483.9424,0.0234167230110435
10619,6242.285984,2,70671504.1536,0.0353094842952855
10620,6242.305984,1,70671523.7504,0.023394185260311
10621,6242.325984,2,70671543.8336,0.0351885999959022
10622,6242.345984,1,70671563.8016,0.0233839408281599
10623,6242.365984,2,70671583.9616,0.0353484131374598
10624,6242.385984,1,70671603.8144,0.0234003319196017
10625,6242.405984,2,70671623.936,0.0354559796750466
10626,6242.425984,1,70671643.776,0.0232855942795091
10627,6242.445984,2,70671663.9744,0.0354406130268199
10628,6242.465984,1,70671683.8016,0.0233112053598869
10629,6242.485984,2,70671703.7824,0.0355317884729649
10630,6242.505984,1,70671723.9168,0.0233409142131252
10631,6242.525984,2,70671744.3072,0.0355727662015694
10632,6242.545984,1,70671763.968,0.0232794476202184
10633,6242.565984,2,70671784.0128,0.0354897863011453
10634,6242.585984,1,70671804.2112,0.0232968631548753
10635,6242.605984,2,70671823.872,0.0354170508328723
10636,6242.625984,1,70671843.9424,0.0233624275206425
10637,6242.645984,2,70671863.8208,0.0353822197635585
10638,6242.665984,1,70671883.8144,0.0233562808613519
10639,6242.685984,2,70671904,0.0354150019464421
10640,6242.705984,1,70671923.9296,0.0233419386563403
10641,6242.725984,2,70671944.256,0.0353494375806749
10642,6242.745984,1,70671964.1856,0.0233491097588461
10643,6242.765984,2,70671984.1536,0.0354887618579302
10644,6242.785984,1,70672004.3264,0.0233460364292007
10645,6242.805984,2,70672023.8976,0.0356311594648309
10646,6242.825984,1,70672043.84,0.0233655008502879
10647,6242.845984,2,70672064.0128,0.0356895527280923
10648,6242.865984,1,70672083.84,0.023303009814166
10649,6242.885984,2,70672103.8336,0.0358032659249698
10650,6242.905984,1,70672123.968,0.0234116007949679
10651,6242.925984,2,70672143.8592,0.0355082262790173
10652,6242.945984,1,70672163.9808,0.0232968631548753
10653,6242.965984,2,70672184.064,0.0355522773372672
10654,6242.985984,1,70672203.84,0.0233009609277358
10655,6243.005984,2,70672224.384,0.0355225684840289
10656,6243.025984,1,70672243.904,0.0233265720081136
10657,6243.045984,2,70672263.872,0.0353166553977913
10658,6243.065984,1,70672283.8784,0.0233634519638576
10659,6243.085984,2,70672304.0896,0.0353084598520704
10660,6243.105984,1,70672323.968,0.0233439875427705
10661,6243.125984,2,70672343.8976,0.0353842686499887
10662,6243.145984,1,70672363.9936,0.0232794476202184
10663,6243.165984,2,70672383.9872,0.035404757514291
10664,6243.185984,1,70672404.0704,0.0233081320302416
10665,6243.205984,2,70672424.1792,0.0354508574589711
10666,6243.225984,1,70672443.9808,0.0232558854262708
10667,6243.245984,2,70672464.0768,0.0354518819021862
10668,6243.265984,1,70672483.904,0.0232814965066486
10669,6243.285984,2,70672504.064,0.0354426619132501
10670,6243.305984,1,70672524.0448,0.0233439875427705
10671,6243.325984,2,70672544.0128,0.0354221730489479
10672,6243.345984,1,70672564.032,0.0233183764623927
10673,6243.365984,2,70672584.0768,0.0353289487163727
10674,6243.385984,1,70672603.8528,0.0232446165509046
10675,6243.405984,2,70672624.1792,0.0352654332370357
10676,6243.425984,1,70672643.9808,0.0233173520191776
10677,6243.445984,2,70672664.0384,0.0352183088491405
10678,6243.465984,1,70672683.8912,0.0233439875427705
10679,6243.485984,2,70672704.2304,0.035277726555617
10680,6243.505984,1,70672724.4672,0.0233532075317065
10681,6243.525984,2,70672744.0256,0.035413977503227
10682,6243.545984,1,70672764.48,0.0233439875427705
10683,6243.565984,2,70672783.936,0.0353217776138669
10684,6243.585984,1,70672803.904,0.023312229803102
10685,6243.605984,2,70672823.936,0.0355522773372672
10686,6243.625984,1,70672843.9168,0.0232896920523695
10687,6243.645984,2,70672864.0512,0.0356239883623251
10688,6243.665984,1,70672884.1088,0.0233450119859856
10689,6243.685984,2,70672904.2176,0.0356926260577376
10690,6243.705984,1,70672923.9296,0.0232825209498638
10691,6243.725984,2,70672944.1664,0.0358165836867662
10692,6243.745984,1,70672964.4928,0.0233245231216834
10693,6243.765984,2,70672984.0896,0.0358391214374987
10694,6243.785984,1,70673004.0448,0.0233624275206425
10695,6243.805984,2,70673024.1024,0.036005081238347
10696,6243.825984,1,70673044.2496,0.0233603786342123
10697,6243.845984,2,70673063.9616,0.0360593767287479
10698,6243.865984,1,70673083.9296,0.0233050587005962
10699,6243.885984,2,70673104.4096,0.0360071301247772
10700,6243.905984,1,70673124.032,0.0233368164402647
10701,6243.925984,2,70673144.0128,0.0358698547339521
10702,6243.945984,1,70673164.1344,0.0233091564734567
10703,6243.965984,2,70673184.1664,0.0357950703792489
10704,6243.985984,1,70673204.032,0.0233398897699101
10705,6244.005984,2,70673223.9488,0.035950785747946
10706,6244.025984,1,70673244.608,0.0233050587005962
10707,6244.045984,2,70673263.936,0.0358606347450161
10708,6244.065984,1,70673285.1712,0.0233286208945438
10709,6244.085984,2,70673304.128,0.0359948368061958
10710,6244.105984,1,70673324.032,0.0233194009056078
10711,6244.125984,2,70673344.6144,0.0359149302354171
10712,6244.145984,1,70673364.2752,0.0232743254041428
10713,6244.165984,2,70673384.2176,0.0358196570164116
10714,6244.185984,1,70673404.0448,0.0233552564181367
10715,6244.205984,2,70673424.2048,0.0359016124736206
10716,6244.225984,1,70673444.1984,0.0234269674431946
10717,6244.245984,2,70673464.3072,0.035823754789272
10718,6244.265984,1,70673484.1088,0.0234167230110435
10719,6244.285984,2,70673504.7808,0.0356639416477145
10720,6244.305984,1,70673524.0192,0.0233706230663634
10721,6244.325984,2,70673544,0.0356260372487553
10722,6244.345984,1,70673564.0576,0.0234054541356773
10723,6244.365984,2,70673584.0128,0.0354744196529186
10724,6244.385984,1,70673604.032,0.0233603786342123
10725,6244.405984,2,70673624.0128,0.0353330464892331
10726,6244.425984,1,70673644.032,0.0234617985125085
10727,6244.445984,2,70673664.1152,0.0352254799516463
10728,6244.465984,1,70673684.2368,0.0234238941135493
10729,6244.485984,2,70673705.3696,0.0353187042842215
10730,6244.505984,1,70673723.9936,0.0234249185567644
10731,6244.525984,2,70673744.0512,0.035386317536419
10732,6244.545984,1,70673764.0576,0.0233798430552994
10733,6244.565984,2,70673784.0128,0.0352971909767042
10734,6244.585984,1,70673805.0176,0.0233347675538345
10735,6244.605984,2,70673824.3712,0.0351978199848382
10736,6244.625984,1,70673844.288,0.0233019853709509
10737,6244.645984,2,70673864.0384,0.0352654332370357
10738,6244.665984,1,70673884.0448,0.0232958387116602
10739,6244.685984,2,70673904.5376,0.0353904153092794
10740,6244.705984,1,70673924.1216,0.0233060831438113
10741,6244.725984,2,70673944.0384,0.0354559796750466
10742,6244.745984,1,70673964.3904,0.023366525293503
10743,6244.765984,2,70673984.2944,0.0354180752760875
10744,6244.785984,1,70674004.48,0.0234044296924621
10745,6244.805984,2,70674024.0768,0.035423197492163
10746,6244.825984,1,70674044.1984,0.0234290163296248
10747,6244.845984,2,70674064.4992,0.0354098797303666
10748,6244.865984,1,70674084.0576,0.0234044296924621
10749,6244.885984,2,70674104.384,0.0354795418689942
10750,6244.905984,1,70674124.288,0.023366525293503
10751,6244.925984,2,70674144.5504,0.0354344663675293
10752,6244.945984,1,70674164.1216,0.023348085315631
10753,6244.965984,2,70674184.2816,0.0354334419243141
10754,6244.985984,1,70674204.3264,0.0233019853709509
10755,6245.005984,2,70674224.4096,0.0353750486610527
10756,6245.025984,1,70674244.4416,0.0233470608724158
10757,6245.045984,2,70674264.7296,0.0353084598520704
10758,6245.065984,1,70674284.5056,0.0234146741246133
10759,6245.085984,2,70674304.4992,0.0353115331817157
10760,6245.105984,1,70674324.5312,0.0233788186120843
10761,6245.125984,2,70674344.2304,0.0352203577355707
10762,6245.145984,1,70674365.056,0.0233132542463171
10763,6245.165984,2,70674384.1152,0.0352398221566579
10764,6245.185984,1,70674404.3904,0.0233767697256541
10765,6245.205984,2,70674424.7936,0.0350923023336816
10766,6245.225984,1,70674444.1088,0.0233542319749216
10767,6245.245984,2,70674464.5504,0.0354641752207675
10768,6245.265984,1,70674484.4416,0.0233511586452763
10769,6245.285984,2,70674504.128,0.0355328129161801
10770,6245.305984,1,70674524.6976,0.0232548609830557
10771,6245.325984,2,70674544.1792,0.0354385641403897
10772,6245.345984,1,70674564.6848,0.0232241276866023
10773,6245.365984,2,70674584.448,0.0353719753314074
10774,6245.385984,1,70674604.4672,0.0232312987891081
10775,6245.405984,2,70674624.4992,0.0354570041182617
10776,6245.425984,1,70674644.7488,0.0233142786895322
10777,6245.445984,2,70674664.1152,0.0354252463785932
10778,6245.465984,1,70674684.1472,0.0232599831991313
10779,6245.485984,2,70674704.1024,0.0354201241625177
10780,6245.505984,1,70674724.1472,0.0233112053598869
10781,6245.525984,2,70674744.1536,0.0355533017804823
10782,6245.545984,1,70674764.8512,0.0233019853709509
10783,6245.565984,2,70674784.2176,0.0356547216587785
10784,6245.585984,1,70674804.6848,0.0233337431106194
10785,6245.605984,2,70674824.2816,0.0356004261683775
10786,6245.625984,1,70674844.1728,0.0233060831438113
10787,6245.645984,2,70674864.9856,0.0355983772819473
10788,6245.665984,1,70674884.3648,0.0233040342573811
10789,6245.685984,2,70674904.576,0.0355420329051161
10790,6245.705984,1,70674924.9024,0.023221054356957
10791,6245.725984,2,70674944.8192,0.0355194951543836
10792,6245.745984,1,70674964.7104,0.0232651054152068
10793,6245.765984,2,70674984.6272,0.0355451062347614
10794,6245.785984,1,70675005.3504,0.0233194009056078
10795,6245.805984,2,70675024.5504,0.0356239883623251
10796,6245.825984,1,70675044.4416,0.0232907164955847
10797,6245.845984,2,70675064.4992,0.035523592927244
10798,6245.865984,1,70675084.1856,0.0232548609830557
10799,6245.885984,2,70675104.4096,0.0355031040629418
10800,6245.905984,1,70675124.5184,0.0232907164955847
10801,6245.925984,2,70675144.3456,0.0353883664228492
10802,6245.945984,1,70675164.9408,0.0232343721187535
10803,6245.965984,2,70675184.3968,0.0354846640850698
10804,6245.985984,1,70675204.8512,0.0232896920523695
10805,6246.005984,2,70675224.6912,0.0355010551765116
10806,6246.025984,1,70675245.0816,0.0232261765730326
10807,6246.045984,2,70675264.96,0.0355748150879997
10808,6246.065984,1,70675284.2368,0.0232343721187535
10809,6246.085984,2,70675304.384,0.035441637470035
10810,6246.105984,1,70675324.1984,0.0232343721187535
10811,6246.125984,2,70675344.2048,0.0354037330710759
10812,6246.145984,1,70675364.224,0.0233050587005962
10813,6246.165984,2,70675384.192,0.0355758395312148
10814,6246.185984,1,70675404.2496,0.0232067121519454
10815,6246.205984,2,70675424.512,0.0356516483291331
10816,6246.225984,1,70675444.3776,0.0232046632655152
10817,6246.245984,2,70675464.9216,0.0357704837420862
10818,6246.265984,1,70675484.4288,0.023221054356957
10819,6246.285984,2,70675504.7296,0.0357243837974061
10820,6246.305984,1,70675524.288,0.0232876431659393
10821,6246.325984,2,70675544.6016,0.0356495994427029
10822,6246.345984,1,70675564.736,0.0232814965066486
10823,6246.365984,2,70675584.6656,0.035704919376319
10824,6246.385984,1,70675604.864,0.0232292499026779
10825,6246.405984,2,70675624.896,0.0358370725510685
10826,6246.425984,1,70675644.6336,0.0233050587005962
10827,6246.445984,2,70675664.3968,0.0359579568504518
10828,6246.465984,1,70675684.3392,0.023321449792038
10829,6246.485984,2,70675704.2432,0.035932345770074
10830,6246.505984,1,70675724.2624,0.0232610076423464
10831,6246.525984,2,70675744.3968,0.0357889237199582
10832,6246.545984,1,70675764.2624,0.0233460364292007
10833,6246.565984,2,70675784.6656,0.0356875038416621
10834,6246.585984,1,70675804.544,0.0233091564734567
10835,6246.605984,2,70675824.7936,0.035568668428709
10836,6246.625984,1,70675844.8768,0.0233050587005962
10837,6246.645984,2,70675864.6656,0.0355010551765116
10838,6246.665984,1,70675884.544,0.0233183764623927
10839,6246.685984,2,70675904.8832,0.0354078308439363
10840,6246.705984,1,70675925.0176,0.0232292499026779
10841,6246.725984,2,70675944.3584,0.0355338373593952
10842,6246.745984,1,70675964.9024,0.023312229803102
10843,6246.765984,2,70675984.7424,0.0355840350769357
10844,6246.785984,1,70676004.8256,0.0232763742905731
10845,6246.805984,2,70676024.3712,0.0356116950437437
10846,6246.825984,1,70676044.608,0.0232968631548753
10847,6246.845984,2,70676064.7936,0.0355635462126334
10848,6246.865984,1,70676084.6592,0.0232763742905731
10849,6246.885984,2,70676104.9344,0.0354979818468662
10850,6246.905984,1,70676124.3008,0.0232261765730326
10851,6246.925984,2,70676144.8064,0.0354897863011453
10852,6246.945984,1,70676164.9536,0.0232640809719917
10853,6246.965984,2,70676184.5632,0.0354723707664884
10854,6246.985984,1,70676204.3136,0.0232179810273117
10855,6247.005984,2,70676224.576,0.0355881328497961
10856,6247.025984,1,70676244.48,0.0231985166062245
10857,6247.045984,2,70676264.4224,0.0356096461573135
10858,6247.065984,1,70676284.8,0.023257934312701
10859,6247.085984,2,70676305.0496,0.0354631507775524
10860,6247.105984,1,70676325.1968,0.0232968631548753
10861,6247.125984,2,70676344.4864,0.0356065728276682
10862,6247.145984,1,70676365.2992,0.02329378982523
10863,6247.165984,2,70676384.3712,0.0355256418136743
10864,6247.185984,1,70676404.7616,0.0232804720634335
10865,6247.205984,2,70676424.9344,0.0355563751101276
10866,6247.225984,1,70676444.7232,0.0233112053598869
10867,6247.245984,2,70676465.1264,0.0355768639744299
10868,6247.265984,1,70676484.992,0.0233327186674043
10869,6247.285984,2,70676504.7936,0.0354375396971746
10870,6247.305984,1,70676524.4672,0.0233450119859856
10871,6247.325984,2,70676544.6912,0.0353494375806749
10872,6247.345984,1,70676564.4032,0.0232681787448522
10873,6247.365984,2,70676584.3712,0.0352900198741984
10874,6247.385984,1,70676604.864,0.023312229803102
10875,6247.405984,2,70676624.6016,0.0352726043395415
10876,6247.425984,1,70676644.6336,0.0233286208945438
10877,6247.445984,2,70676664.6144,0.035195771098408
10878,6247.465984,1,70676684.5568,0.0233173520191776
10879,6247.485984,2,70676704.3328,0.0354211486057328
10880,6247.505984,1,70676724.8512,0.0233337431106194
10881,6247.525984,2,70676744.3968,0.0354088552871514
10882,6247.545984,1,70676765.1328,0.0233388653266949
10883,6247.565984,2,70676784.9088,0.0353525109103202
10884,6247.585984,1,70676804.5056,0.0233101809166718
10885,6247.605984,2,70676824.96,0.035432417481099
10886,6247.625984,1,70676844.8256,0.0232989120413055
10887,6247.645984,2,70676864.7552,0.0354016841846456
10888,6247.665984,1,70676884.8,0.0233275964513287
10889,6247.685984,2,70676904.448,0.035404757514291
10890,6247.705984,1,70676924.5696,0.0232917409387998
10891,6247.725984,2,70676944.8192,0.035204991087344
10892,6247.745984,1,70676965.376,0.0233204253488229
10893,6247.765984,2,70676984.7296,0.0352193332923556
10894,6247.785984,1,70677004.5184,0.023266129858422
10895,6247.805984,2,70677024.5632,0.0351025467658328
10896,6247.825984,1,70677045.0944,0.0233194009056078
10897,6247.845984,2,70677064.448,0.0350257135246993
10898,6247.865984,1,70677086.336,0.0232692031880673
10899,6247.885984,2,70677106.4704,0.0349386358514148
10900,6247.905984,1,70677124.6848,0.0233419386563403
10901,6247.925984,2,70677144.576,0.0349120003278218
10902,6247.945984,1,70677166.6304,0.0232814965066486
10903,6247.965984,2,70677184.4352,0.0350369824000656
10904,6247.985984,1,70677204.5824,0.0233695986231483
10905,6248.005984,2,70677224.576,0.0350964001065421
10906,6248.025984,1,70677244.7104,0.0233439875427705
10907,6248.045984,2,70677264.704,0.0350513246050771
10908,6248.065984,1,70677284.7872,0.0232364210051837
10909,6248.085984,2,70677304.5504,0.0351332800622862
10910,6248.105984,1,70677324.736,0.0233081320302416
10911,6248.125984,2,70677344.8832,0.0352562132480997
10912,6248.145984,1,70677364.6848,0.0232886676091544
10913,6248.165984,2,70677385.0624,0.0353914397524945
10914,6248.185984,1,70677404.5312,0.0233275964513287
10915,6248.205984,2,70677424.5888,0.0354805663122093
10916,6248.225984,1,70677446.7584,0.0233091564734567
10917,6248.245984,2,70677465.5104,0.0355492040076219
10918,6248.265984,1,70677484.8896,0.0232733009609277
10919,6248.285984,2,70677504.6272,0.035695699387383
10920,6248.305984,1,70677525.0176,0.0233142786895322
10921,6248.325984,2,70677546.5728,0.0358647325178765
10922,6248.345984,1,70677564.7104,0.0233071075870264
10923,6248.365984,2,70677584.9344,0.03594156575901
10924,6248.385984,1,70677604.5696,0.0233788186120843
10925,6248.405984,2,70677624.9984,0.0358339992214232
10926,6248.425984,1,70677644.9152,0.0233296453377589
10927,6248.445984,2,70677665.1904,0.0358165836867662
10928,6248.465984,1,70677685.2352,0.0232958387116602
10929,6248.485984,2,70677704.512,0.0357069682627492
10930,6248.505984,1,70677724.7488,0.0233644764070728
10931,6248.525984,2,70677744.9344,0.0356424283401971
10932,6248.545984,1,70677765.0304,0.0232804720634335
10933,6248.565984,2,70677784.64,0.0356393550105518
10934,6248.585984,1,70677805.0944,0.0232999364845207
10935,6248.605984,2,70677825.216,0.035887270268609
10936,6248.625984,1,70677844.7232,0.02329378982523
10937,6248.645984,2,70677864.5376,0.0358760013932428
10938,6248.665984,1,70677884.9664,0.0232886676091544
10939,6248.685984,2,70677905.1136,0.0358862458253939
10940,6248.705984,1,70677924.8256,0.0233173520191776
10941,6248.725984,2,70677944.9472,0.0357151638084701
10942,6248.745984,1,70677966.6176,0.0232517876534104
10943,6248.765984,2,70677984.9216,0.0357202860245457
10944,6248.785984,1,70678004.9536,0.023321449792038
10945,6248.805984,2,70678024.96,0.0358380969942836
10946,6248.825984,1,70678044.8896,0.0232896920523695
10947,6248.845984,2,70678064.6272,0.0357407748888479
10948,6248.865984,1,70678085.0944,0.0233552564181367
10949,6248.885984,2,70678104.96,0.035751019320999
10950,6248.905984,1,70678124.7232,0.0233286208945438
10951,6248.925984,2,70678144.7424,0.0356270616919704
10952,6248.945984,1,70678164.864,0.0232190054705268
10953,6248.965984,2,70678184.9088,0.035632183908046
10954,6248.985984,1,70678205.2096,0.0232773987337882
10955,6249.005984,2,70678224.5632,0.0356178417030344
10956,6249.025984,1,70678245.504,0.0232692031880673
10957,6249.045984,2,70678265.4336,0.0354692974368431
10958,6249.065984,1,70678285.1072,0.0233173520191776
10959,6249.085984,2,70678304.5504,0.0355174462679534
10960,6249.105984,1,70678326.336,0.0233194009056078
10961,6249.125984,2,70678344.896,0.035423197492163
10962,6249.145984,1,70678364.5952,0.0233234986784682
10963,6249.165984,2,70678384.6016,0.0354119286167968
10964,6249.185984,1,70678404.736,0.0233583297477821
10965,6249.205984,2,70678424.768,0.0354098797303666
10966,6249.225984,1,70678445.5168,0.023312229803102
10967,6249.245984,2,70678465.4464,0.0354365152539595
10968,6249.265984,1,70678484.6848,0.0232989120413055
10969,6249.285984,2,70678504.5888,0.0354908107443604
10970,6249.305984,1,70678524.6208,0.0232968631548753
10971,6249.325984,2,70678544.896,0.0355625217694183
10972,6249.345984,1,70678565.4784,0.0233204253488229
10973,6249.365984,2,70678584.576,0.0353934886389247
10974,6249.385984,1,70678604.8256,0.023248714323765
10975,6249.405984,2,70678624.6016,0.0354815907554244
10976,6249.425984,1,70678644.7104,0.0233532075317065
10977,6249.445984,2,70678665.1008,0.0354190997193026
10978,6249.465984,1,70678684.6976,0.0232743254041428
10979,6249.485984,2,70678704.6016,0.0353811953203434
10980,6249.505984,1,70678724.5952,0.023303009814166
10981,6249.525984,2,70678744.5888,0.0354088552871514
10982,6249.545984,1,70678764.6848,0.0233050587005962
10983,6249.565984,2,70678785.2928,0.0353852930932038
10984,6249.585984,1,70678804.6464,0.0233255475648985
10985,6249.605984,2,70678826.7008,0.0355246173704592
10986,6249.625984,1,70678844.6848,0.023330669780974
10987,6249.645984,2,70678864.6144,0.0354037330710759
10988,6249.665984,1,70678884.6848,0.0233296453377589
10989,6249.685984,2,70678904.7168,0.0353340709324482
10990,6249.705984,1,70678924.7104,0.023312229803102
10991,6249.725984,2,70678945.6,0.0353740242178376
10992,6249.745984,1,70678964.8384,0.0232435921076895
10993,6249.765984,2,70678984.8192,0.0351998688712685
10994,6249.785984,1,70679004.6592,0.0232855942795091
10995,6249.805984,2,70679024.6656,0.0351619644723093
10996,6249.825984,1,70679044.672,0.0232384698916139
10997,6249.845984,2,70679065.2672,0.0350093224332575
10998,6249.865984,1,70679084.6592,0.0232569098694859
10999,6249.885984,2,70679104.7424,0.0349898580121704
11000,6249.905984,1,70679124.8,0.0232692031880673
11001,6249.925984,2,70679146.7776,0.0348536070645604
11002,6249.945984,1,70679165.1712,0.0231657344233409
11003,6249.965984,2,70679184.8064,0.0348167271088164
11004,6249.985984,1,70679206.8736,0.023321449792038
11005,6250.005984,2,70679224.7424,0.0348710225992173
11006,6250.025984,1,70679246.8096,0.0231985166062245
11007,6250.045984,2,70679264.8576,0.0349109758846067
11008,6250.065984,1,70679284.6848,0.023248714323765
11009,6250.085984,2,70679304.6656,0.0350431290593562
11010,6250.105984,1,70679325.312,0.0232784231770033
11011,6250.125984,2,70679344.6784,0.0351814288933964
11012,6250.145984,1,70679366.4896,0.0233071075870264
11013,6250.165984,2,70679385.3568,0.0352930932038437
11014,6250.185984,1,70679404.8384,0.0233009609277358
11015,6250.205984,2,70679426.304,0.0352726043395415
11016,6250.225984,1,70679444.7616,0.0232476898805499
11017,6250.245984,2,70679464.7552,0.0352039666441289
11018,6250.265984,1,70679485.1072,0.0232927653820149
11019,6250.285984,2,70679505.0112,0.035177331120536
11020,6250.305984,1,70679525.7088,0.0232364210051837
11021,6250.325984,2,70679544.6784,0.0353023131927797
11022,6250.345984,1,70679565.248,0.0232538365398406
11023,6250.365984,2,70679584.9856,0.0353012887495646
11024,6250.385984,1,70679605.1072,0.0233183764623927
11025,6250.405984,2,70679625.152,0.0353166553977913
11026,6250.425984,1,70679644.7872,0.0233142786895322
11027,6250.445984,2,70679664.7424,0.0353279242731575
11028,6250.465984,1,70679684.7232,0.0232886676091544
11029,6250.485984,2,70679704.7552,0.0352510910320241
11030,6250.505984,1,70679724.928,0.0233890630442355
11031,6250.525984,2,70679744.7808,0.0350892290040363
11032,6250.545984,1,70679764.7488,0.0233224742352531
11033,6250.565984,2,70679784.704,0.0350339090704202
11034,6250.585984,1,70679806.4384,0.0233542319749216
11035,6250.605984,2,70679824.8192,0.0351670866883849
11036,6250.625984,1,70679844.7872,0.0233153031327474
11037,6250.645984,2,70679865.1776,0.0351343045055013
11038,6250.665984,1,70679886.8224,0.0234023808060319
11039,6250.685984,2,70679904.768,0.0351527444833733
11040,6250.705984,1,70679924.8896,0.0233019853709509
11041,6250.725984,2,70679946.5728,0.0352910443174135
11042,6250.745984,1,70679964.7744,0.0233275964513287
11043,6250.765984,2,70679985.0496,0.0352879709877681
11044,6250.785984,1,70680004.9024,0.0233767697256541
11045,6250.805984,2,70680024.9344,0.035404757514291
11046,6250.825984,1,70680044.7744,0.0233829163849448
11047,6250.845984,2,70680064.9088,0.0351240600733501
11048,6250.865984,1,70680085.0048,0.0233491097588461
11049,6250.885984,2,70680104.8064,0.0352070399737743
11050,6250.905984,1,70680124.7872,0.023348085315631
11051,6250.925984,2,70680146.9568,0.0349960046714611
11052,6250.945984,1,70680164.8,0.0233234986784682
11053,6250.965984,2,70680184.7808,0.0350584957075829
11054,6250.985984,1,70680204.8256,0.023366525293503
11055,6251.006016,2,70680226.9056,0.0351814288933964
11056,6251.026016,1,70680246.72,0.0233286208945438
11057,6251.046016,2,70680264.8192,0.0352859221013379
11058,6251.066016,1,70680284.8384,0.0233695986231483
11059,6251.086016,2,70680304.8448,0.0354375396971746
11060,6251.106016,1,70680324.9792,0.0233552564181367
11061,6251.126016,2,70680345.2672,0.0353197287274366
11062,6251.146016,1,70680364.7872,0.0233255475648985
11063,6251.166016,2,70680384.768,0.0352131866330649
11064,6251.186016,1,70680404.864,0.0233521830884914
11065,6251.206016,2,70680425.472,0.035332022046018
11066,6251.226016,1,70680445.1072,0.0233409142131252
11067,6251.246016,2,70680464.832,0.0353801708771283
11068,6251.266016,1,70680484.992,0.0233388653266949
11069,6251.286016,2,70680504.8832,0.0353648042289016
11070,6251.306016,1,70680524.8512,0.0233624275206425
11071,6251.326016,2,70680544.896,0.0351384022783617
11072,6251.346016,1,70680564.9024,0.0233716475095785
11073,6251.366016,2,70680584.8192,0.0351455733808675
11074,6251.386016,1,70680604.8896,0.0233777941688692
11075,6251.406016,2,70680626.7392,0.0351004978794025
11076,6251.426016,1,70680644.8256,0.0234699940582294
11077,6251.446016,2,70680665.0624,0.0351926977687627
11078,6251.466016,1,70680684.9408,0.0233695986231483
11079,6251.486016,2,70680704.9472,0.0352193332923556
11080,6251.506016,1,70680724.8384,0.0234054541356773
11081,6251.526016,2,70680744.8704,0.0352705554531112
11082,6251.546016,1,70680764.9792,0.0234054541356773
11083,6251.566016,2,70680785.2032,0.0352828487716926
11084,6251.586016,1,70680805.0176,0.0233972585899564
11085,6251.606016,2,70680824.8704,0.0355000307332964
11086,6251.626016,1,70680844.864,0.0234003319196017
11087,6251.646016,2,70680864.8832,0.0354529063454013
11088,6251.666016,1,70680884.8896,0.0234689696150142
11089,6251.686016,2,70680904.8704,0.0353893908660643
11090,6251.706016,1,70680924.864,0.0234710185014445
11091,6251.726016,2,70680944.8832,0.035204991087344
11092,6251.746016,1,70680964.9152,0.0233603786342123
11093,6251.766016,2,70680984.9088,0.0353248509435122
11094,6251.786016,1,70681005.0688,0.0233880386010203
11095,6251.806016,2,70681025.6128,0.0352572376913148
11096,6251.826016,1,70681044.9408,0.0234095519085377
11097,6251.846016,2,70681065.0496,0.0353627553424714
11098,6251.866016,1,70681084.8768,0.0233357919970496
11099,6251.886016,2,70681104.896,0.0353586575696109
11100,6251.906016,1,70681124.9536,0.0233296453377589
11101,6251.926016,2,70681144.9088,0.0354006597414305
11102,6251.946016,1,70681164.9152,0.0233275964513287
11103,6251.966016,2,70681184.8832,0.0352900198741984
11104,6251.986016,1,70681204.9024,0.0233777941688692
11105,6252.006016,2,70681224.9856,0.0351722089044604
11106,6252.026016,1,70681244.9792,0.0233296453377589
11107,6252.046016,2,70681264.9472,0.0350748867990247
11108,6252.066016,1,70681285.376,0.023348085315631
11109,6252.086016,2,70681304.96,0.035022640195054
11110,6252.106016,1,70681324.9536,0.0233429630995554
11111,6252.126016,2,70681345.0496,0.0351404511647919
11112,6252.146016,1,70681365.5296,0.0233204253488229
11113,6252.166016,2,70681386.0224,0.0351220111869199
11114,6252.186016,1,70681404.9664,0.0233071075870264
11115,6252.206016,2,70681425.3952,0.0352398221566579
11116,6252.226016,1,70681444.928,0.0234259429999795
11117,6252.246016,2,70681464.9344,0.0352480177023788
11118,6252.266016,1,70681484.9152,0.0233234986784682
11119,6252.286016,2,70681505.1392,0.0352101133034196
11120,6252.306016,1,70681524.9792,0.0233101809166718
11121,6252.326016,2,70681544.9216,0.0352848976581228
11122,6252.346016,1,70681565.184,0.0232476898805499
11123,6252.366016,2,70681585.1136,0.0352418710430881
11124,6252.386016,1,70681605.1712,0.0232702276312824
11125,6252.406016,2,70681624.9856,0.0352551888048845
11126,6252.426016,1,70681645.0176,0.0233777941688692
11127,6252.446016,2,70681665.2288,0.0352900198741984
11128,6252.466016,1,70681684.9536,0.0233409142131252
11129,6252.486016,2,70681704.9216,0.0352080644169894
11130,6252.506016,1,70681724.992,0.0233470608724158
11131,6252.526016,2,70681744.96,0.0352162599627103
11132,6252.546016,1,70681765.0048,0.0233521830884914
11133,6252.566016,2,70681785.0112,0.035177331120536
11134,6252.586016,1,70681805.0432,0.0232497387669801
11135,6252.606016,2,70681825.0624,0.0350257135246993
11136,6252.626016,1,70681844.9664,0.02329378982523
11137,6252.646016,2,70681865.0112,0.0349980535578913
11138,6252.666016,1,70681885.376,0.0233634519638576
11139,6252.686016,2,70681905.0368,0.0348884381338742
11140,6252.706016,1,70681925.1968,0.0232866187227242
11141,6252.726016,2,70681945.4464,0.0349396602946299
11142,6252.746016,1,70681965.0048,0.0233409142131252
11143,6252.766016,2,70681985.0752,0.0350605445940132
11144,6252.786016,1,70682005.12,0.0233204253488229
11145,6252.806016,2,70682025.1392,0.035059520150798
11146,6252.826016,1,70682045.1456,0.0232876431659393
11147,6252.846016,2,70682065.2672,0.0351537689265884
11148,6252.866016,1,70682085.0688,0.0233521830884914
11149,6252.886016,2,70682105.1392,0.0351752822341058
11150,6252.906016,1,70682125.0176,0.0232743254041428
11151,6252.926016,2,70682145.1776,0.0352746532259717
11152,6252.946016,1,70682165.056,0.0233153031327474
11153,6252.966016,2,70682185.3056,0.0351506955969431
11154,6252.986016,1,70682205.2992,0.0233286208945438
11155,6253.006016,2,70682225.2032,0.0351425000512222
11156,6253.026016,1,70682245.2864,0.0232733009609277
11157,6253.046016,2,70682265.024,0.034949904726781
11158,6253.066016,1,70682285.4912,0.0232968631548753
11159,6253.086016,2,70682305.0368,0.035104595652263
11160,6253.106016,1,70682325.2224,0.023284569836294
11161,6253.126016,2,70682345.2928,0.0354211486057328
11162,6253.146016,1,70682365.1584,0.0232651054152068
11163,6253.166016,2,70682385.0624,0.0354375396971746
11164,6253.186016,1,70682405.1584,0.0233695986231483
11165,6253.206016,2,70682425.1264,0.0354969574036511
11166,6253.226016,1,70682445.1968,0.0232876431659393
11167,6253.246016,2,70682465.1776,0.0355789128608601
11168,6253.266016,1,70682485.0816,0.0233357919970496
11169,6253.286016,2,70682505.1136,0.0356127194869588
11170,6253.306016,1,70682525.376,0.0233153031327474
11171,6253.326016,2,70682545.3952,0.035632183908046
11172,6253.346016,1,70682565.12,0.0232743254041428
11173,6253.366016,2,70682585.0624,0.0355225684840289
11174,6253.386016,1,70682605.0816,0.0232814965066486
11175,6253.406016,2,70682625.6128,0.0353729997746225
11176,6253.426016,1,70682645.1072,0.0232835453930789
11177,6253.446016,2,70682665.408,0.0352664576802508
11178,6253.466016,1,70682685.056,0.0232476898805499
11179,6253.486016,2,70682705.088,0.0350584957075829
11180,6253.506016,1,70682727.0784,0.0232097854815908
11181,6253.526016,2,70682745.1264,0.0349826869096646
11182,6253.546016,1,70682765.1584,0.0232784231770033
11183,6253.566016,2,70682786.2016,0.0349867846825251
11184,6253.586016,1,70682805.0816,0.0232702276312824
11185,6253.606016,2,70682825.088,0.0349734669207286
11186,6253.626016,1,70682845.6832,0.0232794476202184
11187,6253.646016,2,70682865.0752,0.034977564693589
11188,6253.666016,1,70682885.1584,0.0233409142131252
11189,6253.686016,2,70682905.2288,0.0349621980453623
11190,6253.706016,1,70682925.12,0.0233019853709509
11191,6253.726016,2,70682945.088,0.0349191714303276
11192,6253.746016,1,70682965.6064,0.0233337431106194
11193,6253.766016,2,70682985.2288,0.0349581002725019
11194,6253.786016,1,70683005.2992,0.0232876431659393
11195,6253.806016,2,70683025.1648,0.0350472268322167
11196,6253.826016,1,70683045.376,0.0233040342573811
11197,6253.846016,2,70683065.3952,0.0350820579015305
11198,6253.866016,1,70683085.4784,0.0233142786895322
11199,6253.886016,2,70683105.1136,0.0350820579015305
11200,6253.906016,1,70683125.1712,0.0232763742905731
11201,6253.926016,2,70683145.2672,0.0350830823447456
11202,6253.946016,1,70683165.4784,0.0233071075870264
11203,6253.966016,2,70683185.216,0.0349509291699961
11204,6253.986016,1,70683205.5424,0.0232866187227242
11205,6254.006016,2,70683225.2288,0.0350513246050771
11206,6254.026016,1,70683245.1712,0.0233153031327474
11207,6254.046016,2,70683265.1648,0.0352131866330649
11208,6254.066016,1,70683285.4016,0.0233357919970496
11209,6254.086016,2,70683305.1648,0.0353309976028029
11210,6254.106016,1,70683325.1584,0.0232968631548753
11211,6254.126016,2,70683345.1904,0.0355953039523019
11212,6254.146016,1,70683365.3632,0.0232702276312824
11213,6254.166016,2,70683385.3184,0.0355737906447846
11214,6254.186016,1,70683405.3888,0.0233081320302416
11215,6254.206016,2,70683425.1392,0.0355512528940521
11216,6254.226016,1,70683445.3248,0.0232999364845207
11217,6254.246016,2,70683465.1776,0.0354467596861106
11218,6254.266016,1,70683485.2864,0.0232640809719917
11219,6254.286016,2,70683505.2032,0.0354037330710759
11220,6254.306016,1,70683525.2224,0.023366525293503
11221,6254.326016,2,70683545.3056,0.0353699264449772
11222,6254.346016,1,70683565.5168,0.0232169565840965
11223,6254.366016,2,70683585.2032,0.0353197287274366
11224,6254.386016,1,70683605.6192,0.0233245231216834
11225,6254.406016,2,70683625.5232,0.0352582621345299
11226,6254.426016,1,70683645.312,0.0233337431106194
11227,6254.446016,2,70683665.3568,0.0351978199848382
11228,6254.466016,1,70683685.3376,0.0233224742352531
11229,6254.486016,2,70683705.2928,0.0351752822341058
11230,6254.506016,1,70683725.3376,0.0233839408281599
11231,6254.526016,2,70683745.344,0.035204991087344
11232,6254.546016,1,70683765.2736,0.0234228696703342
11233,6254.566016,2,70683785.1904,0.0351926977687627
11234,6254.586016,1,70683805.1968,0.0235181428893396
11235,6254.606016,2,70683825.2544,0.0351906488823325
11236,6254.626016,1,70683845.44,0.0233777941688692
11237,6254.646016,2,70683865.3568,0.0351537689265884
11238,6254.666016,1,70683885.2608,0.0234085274653226
11239,6254.686016,2,70683905.2544,0.0352541643616694
11240,6254.706016,1,70683925.7984,0.023439260761776
11241,6254.726016,2,70683945.344,0.0352254799516463
11242,6254.746016,1,70683965.3376,0.0234023808060319
11243,6254.766016,2,70683985.2544,0.0352162599627103
11244,6254.786016,1,70684005.5296,0.0233224742352531
11245,6254.806016,2,70684025.7536,0.0351435244944373
11246,6254.826016,1,70684045.2736,0.0233542319749216
11247,6254.846016,2,70684065.3312,0.0350707890261643
11248,6254.866016,1,70684085.3888,0.0234331141024853
11249,6254.886016,2,70684105.2416,0.0349017558956707
11250,6254.906016,1,70684126.2592,0.0233050587005962
11251,6254.926016,2,70684145.4592,0.0349191714303276
11252,6254.946016,1,70684166.016,0.0233634519638576
11253,6254.966016,2,70684185.7536,0.0348249226545373
11254,6254.986016,1,70684205.2352,0.0233409142131252
11255,6255.006016,2,70684225.4592,0.0350011268875366
11256,6255.026016,1,70684245.5424,0.0234187718974737
11257,6255.046016,2,70684265.6,0.0351691355748151
11258,6255.066016,1,70684285.3632,0.0234054541356773
11259,6255.086016,2,70684305.28,0.0353361198188784
11260,6255.106016,1,70684325.248,0.0234320896592702
11261,6255.126016,2,70684346.3296,0.0353637797856865
11262,6255.146016,1,70684365.2736,0.0234587251828631
11263,6255.166016,2,70684385.8688,0.0352387977134427
11264,6255.186016,1,70684405.2864,0.0234116007949679
11265,6255.206016,2,70684425.2672,0.0352541643616694
11266,6255.226016,1,70684445.4912,0.0233562808613519
11267,6255.246016,2,70684465.3824,0.0351506955969431
11268,6255.266016,1,70684485.2992,0.0233952097035261
11269,6255.286016,2,70684505.6,0.0351732333476755
11270,6255.306016,1,70684525.5168,0.0234279918864097
11271,6255.326016,2,70684545.4464,0.0352900198741984
11272,6255.346016,1,70684565.3248,0.023448480750712
11273,6255.366016,2,70684587.1488,0.0353555842399656
11274,6255.386016,1,70684605.3376,0.0234218452271191
11275,6255.406016,2,70684625.3312,0.0354426619132501
11276,6255.426016,1,70684645.2992,0.0235140451164792
11277,6255.446016,2,70684665.5488,0.0355041285061569
11278,6255.466016,1,70684685.4016,0.0234751162743049
11279,6255.486016,2,70684705.28,0.0354539307886164
11280,6255.506016,1,70684725.4144,0.0235007273546827
11281,6255.526016,2,70684745.4336,0.0354344663675293
11282,6255.546016,1,70684766.3488,0.0234617985125085
11283,6255.566016,2,70684785.3696,0.0353535353535354
11284,6255.586016,1,70684805.44,0.0234443829778515
11285,6255.606016,2,70684825.344,0.0354262708218084
11286,6255.626016,1,70684845.312,0.0234525785235724
11287,6255.646016,2,70684865.4208,0.0353279242731575
11288,6255.666016,1,70684885.5296,0.0234648718421538
11289,6255.686016,2,70684905.6384,0.0354744196529186
11290,6255.706016,1,70684925.5296,0.0234597496260782
11291,6255.726016,2,70684945.6,0.0354877374147151
11292,6255.746016,1,70684965.4656,0.0233993074763866
11293,6255.766016,2,70684985.3312,0.0352521154752392
11294,6255.786016,1,70685005.7984,0.0234044296924621
11295,6255.806016,2,70685025.8048,0.0352859221013379
11296,6255.826016,1,70685045.4016,0.0233767697256541
11297,6255.846016,2,70685065.4208,0.0351363533919315
11298,6255.866016,1,70685085.4272,0.0233501342020612
11299,6255.886016,2,70685105.472,0.0351394267215768
11300,6255.906016,1,70685125.3632,0.0233624275206425
11301,6255.926016,2,70685145.472,0.0350584957075829
11302,6255.946016,1,70685165.568,0.0233634519638576
11303,6255.966016,2,70685185.3696,0.0349058536685312
11304,6255.986016,1,70685206.4896,0.0232948142684451
11305,6256.006016,2,70685225.664,0.0347911160284385
11306,6256.026016,1,70685245.4144,0.0232804720634335
11307,6256.046016,2,70685265.5872,0.0347911160284385
11308,6256.066016,1,70685285.4528,0.0232630565287766
11309,6256.086016,2,70685305.4336,0.0347624316184154
11310,6256.106016,1,70685325.5296,0.0233419386563403
11311,6256.126016,2,70685346.3552,0.0346548650808286
11312,6256.146016,1,70685365.376,0.0232425676644744
11313,6256.166016,2,70685385.536,0.0345923740447067
11314,6256.186016,1,70685407.2576,0.0232948142684451
11315,6256.206016,2,70685425.4208,0.0346466695351077
11316,6256.226016,1,70685445.9904,0.0232866187227242
11317,6256.246016,2,70685465.9712,0.0346179851250845
11318,6256.266016,1,70685485.5552,0.0233327186674043
11319,6256.286016,2,70685505.8048,0.0346149117954392
11320,6256.306016,1,70685525.3888,0.023357305304567
11321,6256.326016,2,70685545.4336,0.0345811051693405
11322,6256.346016,1,70685565.5808,0.0232702276312824
11323,6256.366016,2,70685586.9696,0.0344919786096257
11324,6256.386016,1,70685606.016,0.0233040342573811
11325,6256.406016,2,70685625.5872,0.0344397320056549
11326,6256.426016,1,70685645.7088,0.0232733009609277
11327,6256.446016,2,70685665.664,0.0345237363492942
11328,6256.466016,1,70685685.6192,0.0232671543016371
11329,6256.486016,2,70685705.4592,0.0345339807814453
11330,6256.506016,1,70685725.4656,0.0233060831438113
11331,6256.526016,2,70685745.6384,0.0346804761612064
11332,6256.546016,1,70685765.504,0.0234064785788924
11333,6256.566016,2,70685785.4336,0.0347439916405434
11334,6256.586016,1,70685805.4528,0.0233388653266949
11335,6256.606016,2,70685825.408,0.0346179851250845
11336,6256.626016,1,70685845.5168,0.0233818919417297
11337,6256.646016,2,70685865.5616,0.0346261806708054
11338,6256.666016,1,70685885.5424,0.0233716475095785
11339,6256.686016,2,70685905.5744,0.0345350052246604
11340,6256.706016,1,70685925.4656,0.023394185260311
11341,6256.726016,2,70685945.6768,0.0346722806154855
11342,6256.746016,1,70685965.6704,0.0234536029667875
11343,6256.766016,2,70685985.4848,0.034785993812363
11344,6256.786016,1,70686005.4912,0.0234208207839039
11345,6256.806016,2,70686025.5872,0.0348177515520315
11346,6256.826016,1,70686045.5168,0.0234454074210666
11347,6256.846016,2,70686065.6896,0.0347173561169504
11348,6256.866016,1,70686085.4784,0.0234146741246133
11349,6256.886016,2,70686105.4848,0.0347829204827176
11350,6256.906016,1,70686126.6944,0.0234259429999795
11351,6256.926016,2,70686145.472,0.0349079025549614
11352,6256.946016,1,70686165.5552,0.0234679451717991
11353,6256.966016,2,70686185.4848,0.0349089269981765
11354,6256.986016,1,70686205.4784,0.0233921363738808
11355,6257.006016,2,70686225.5232,0.0349007314524556
11356,6257.026016,1,70686245.76,0.0233050587005962
11357,6257.046016,2,70686265.792,0.0348761448152929
11358,6257.066016,1,70686285.568,0.0233378408834798
11359,6257.086016,2,70686305.5744,0.0349550269428566
11360,6257.106016,1,70686325.5424,0.0233296453377589
11361,6257.126016,2,70686345.5104,0.0350113713196877
11362,6257.146016,1,70686365.6064,0.023357305304567
11363,6257.166016,2,70686385.5616,0.0348618026102813
11364,6257.186016,1,70686405.5936,0.0233142786895322
11365,6257.206016,2,70686425.5488,0.0349458069539205
11366,6257.226016,1,70686445.5936,0.0234351629889155
11367,6257.246016,2,70686465.6128,0.0350441535025713
11368,6257.266016,1,70686485.5168,0.0233316942241892
11369,6257.286016,2,70686505.536,0.0351435244944373
11370,6257.306016,1,70686525.6192,0.023375745282439
11371,6257.326016,2,70686545.5616,0.035395537525355
11372,6257.346016,1,70686565.6192,0.0233194009056078
11373,6257.366016,2,70686585.6256,0.0354385641403897
11374,6257.386016,1,70686605.5424,0.0233736963960088
11375,6257.406016,2,70686625.5488,0.0353842686499887
11376,6257.426016,1,70686645.6576,0.0234136496813982
11377,6257.446016,2,70686665.8176,0.0353340709324482
11378,6257.466016,1,70686685.6576,0.0233911119306657
11379,6257.486016,2,70686705.6256,0.0350871801176061
11380,6257.506016,1,70686725.568,0.0233470608724158
11381,6257.526016,2,70686745.92,0.0350011268875366
11382,6257.546016,1,70686765.632,0.0233091564734567
11383,6257.566016,2,70686785.5872,0.0349796135800193
11384,6257.586016,1,70686805.568,0.023394185260311
11385,6257.606016,2,70686825.6128,0.0349294158624787
11386,6257.626016,1,70686845.6064,0.0233532075317065
11387,6257.646016,2,70686865.5744,0.0348812670313685
11388,6257.666016,1,70686885.5552,0.0233818919417297
11389,6257.686016,2,70686905.7536,0.0348177515520315
11390,6257.706016,1,70686926.2464,0.023357305304567
11391,6257.726016,2,70686946.0992,0.0350093224332575
11392,6257.746016,1,70686965.6064,0.0234443829778515
11393,6257.766016,2,70686985.5744,0.0350933267768968
11394,6257.786016,1,70687005.6704,0.023375745282439
11395,6257.806016,2,70687025.5872,0.0351763066773209
11396,6257.826016,1,70687050.0096,0.0233675497367181
11397,6257.846016,2,70687065.6896,0.0352162599627103
11398,6257.866016,1,70687085.6064,0.0233429630995554
11399,6257.886016,2,70687105.6,0.0351558178130186
11400,6257.906016,1,70687125.6192,0.0233911119306657
11401,6257.926016,2,70687145.6768,0.0351373778351466
11402,6257.946016,1,70687165.632,0.0233234986784682
11403,6257.966016,2,70687185.5872,0.0350369824000656
11404,6257.986016,1,70687205.7728,0.0233521830884914
11405,6258.006016,2,70687225.6384,0.0351465978240826
11406,6258.026016,1,70687245.7216,0.0233245231216834
11407,6258.046016,2,70687265.6896,0.0350810334583154
11408,6258.066016,1,70687285.6448,0.0234228696703342
11409,6258.086016,2,70687305.6,0.0351127911979839
11410,6258.106016,1,70687325.696,0.023357305304567
11411,6258.126016,2,70687345.6896,0.035050300161862
11412,6258.146016,1,70687365.6576,0.0234218452271191
11413,6258.166016,2,70687385.6256,0.0350871801176061
11414,6258.186016,1,70687405.696,0.0233286208945438
11415,6258.206016,2,70687426.8288,0.0350523490482923
11416,6258.226016,1,70687447.4752,0.023384965271375
11417,6258.246016,2,70687465.7536,0.0351394267215768
11418,6258.266016,1,70687485.7088,0.0233736963960088
11419,6258.286016,2,70687505.664,0.0350390312864958
11420,6258.306016,1,70687525.7472,0.0233952097035261
11421,6258.326016,2,70687545.8048,0.0349335136353392
11422,6258.346016,1,70687565.7856,0.0234208207839039
11423,6258.366016,2,70687585.664,0.0350677156965189
11424,6258.386016,1,70687606.3104,0.0233880386010203
11425,6258.406016,2,70687625.6256,0.0351732333476755
11426,6258.426016,1,70687645.8496,0.0233142786895322
11427,6258.446016,2,70687665.7024,0.0352367488270125
11428,6258.466016,1,70687685.632,0.0234013563628168
11429,6258.486016,2,70687705.6896,0.0351947466551929
11430,6258.506016,1,70687725.6704,0.023384965271375
11431,6258.526016,2,70687745.7408,0.0352326510541521
11432,6258.546016,1,70687766.0928,0.0234474563074969
11433,6258.566016,2,70687785.6896,0.0353453398078145
11434,6258.586016,1,70687805.6704,0.0233716475095785
11435,6258.606016,2,70687825.7664,0.035395537525355
11436,6258.626016,1,70687847.5264,0.0233153031327474
11437,6258.646016,2,70687865.8048,0.0354242219353781
11438,6258.666016,1,70687885.76,0.023366525293503
11439,6258.686016,2,70687905.728,0.0353484131374598
11440,6258.706016,1,70687925.6832,0.0234515540803573
11441,6258.726016,2,70687945.92,0.0352910443174135
11442,6258.746016,1,70687965.7088,0.0234443829778515
11443,6258.766016,2,70687985.664,0.0351619644723093
11444,6258.786016,1,70688005.7728,0.0234054541356773
11445,6258.806016,2,70688025.7024,0.0351629889155244
11446,6258.826016,1,70688045.696,0.0234064785788924
11447,6258.846016,2,70688065.7536,0.0351998688712685
11448,6258.866016,1,70688085.7088,0.023384965271375
11449,6258.886016,2,70688105.7536,0.0350923023336816
11450,6258.906016,1,70688125.7984,0.0233255475648985
11451,6258.926016,2,70688145.7024,0.0351199623004897
11452,6258.946016,1,70688165.76,0.0233255475648985
11453,6258.966016,2,70688185.7536,0.0350287868543447
11454,6258.986016,1,70688205.7216,0.0232681787448522
11455,6259.006016,2,70688225.856,0.03489560923638
11456,6259.026016,1,70688245.952,0.0233398897699101
11457,6259.046016,2,70688265.7408,0.0348484848484849
11458,6259.066016,1,70688285.7856,0.0232794476202184
11459,6259.086016,2,70688305.9072,0.0347480894134038
11460,6259.106016,1,70688325.7472,0.023375745282439
11461,6259.126016,2,70688349.5552,0.0348126293359559
11462,6259.146016,1,70688365.7856,0.0232108099248059
11463,6259.166016,2,70688385.7408,0.0349120003278218
11464,6259.186016,1,70688405.7472,0.0232528120966255
11465,6259.206016,2,70688425.7792,0.0349847357960948
11466,6259.226016,1,70688445.76,0.0232241276866023
11467,6259.246016,2,70688465.7408,0.034931464748909
11468,6259.266016,1,70688485.7344,0.023248714323765
11469,6259.286016,2,70688505.792,0.035076935685455
11470,6259.306016,1,70688525.7344,0.0233644764070728
11471,6259.326016,2,70688545.7664,0.0349120003278218
11472,6259.346016,1,70688566.1696,0.0233583297477821
11473,6259.366016,2,70688585.7664,0.0348792181449382
11474,6259.386016,1,70688605.7728,0.0233644764070728
11475,6259.406016,2,70688625.7792,0.0348843403610138
11476,6259.426016,1,70688645.7856,0.0233470608724158
11477,6259.446016,2,70688665.7792,0.0347153072305202
11478,6259.466016,1,70688685.7984,0.023485360706456
11479,6259.486016,2,70688705.7792,0.0347419427541131
11480,6259.506016,1,70688725.8368,0.023330669780974
11481,6259.526016,2,70688745.8048,0.0348894625770894
11482,6259.546016,1,70688766.08,0.02347614071752
11483,6259.566016,2,70688785.8048,0.0350011268875366
11484,6259.586016,1,70688805.7856,0.0233634519638576
11485,6259.606016,2,70688825.7536,0.0348812670313685
11486,6259.626016,1,70688847.5904,0.0233675497367181
11487,6259.646016,2,70688865.8176,0.0348884381338742
11488,6259.666016,1,70688885.8112,0.0233439875427705
11489,6259.686016,2,70688905.7792,0.0347706271641363
11490,6259.706016,1,70688925.9648,0.0233316942241892
11491,6259.726016,2,70688946.0352,0.0347911160284385
11492,6259.746016,1,70688965.8368,0.0232743254041428
11493,6259.766016,2,70688986.624,0.0346415473190321
11494,6259.786016,1,70689005.9008,0.0233460364292007
11495,6259.806016,2,70689025.8304,0.0346374495461717
11496,6259.826016,1,70689045.8752,0.0233357919970496
11497,6259.846016,2,70689065.9072,0.0346548650808286
11498,6259.866016,1,70689085.8368,0.0232630565287766
11499,6259.886016,2,70689107.3152,0.0347880426987932
11500,6259.906016,1,70689125.8496,0.0232784231770033
11501,6259.926016,2,70689145.8688,0.0349744913639437
11502,6259.946016,1,70689165.9392,0.0233275964513287
11503,6259.966016,2,70689185.8816,0.0352490421455939
11504,6259.986016,1,70689205.8624,0.0233603786342123
11505,6260.006016,2,70689225.856,0.0350933267768968
11506,6260.026016,1,70689245.8496,0.0233194009056078
11507,6260.046016,2,70689268.4288,0.0348761448152929
11508,6260.066016,1,70689286.5536,0.0233388653266949
11509,6260.086016,2,70689305.8432,0.034922244759973
11510,6260.106016,1,70689325.8624,0.023366525293503
11511,6260.126016,2,70689345.8688,0.0347911160284385
11512,6260.146016,1,70689365.8624,0.0233675497367181
11513,6260.166016,2,70689385.8944,0.0348054582334501
11514,6260.186016,1,70689405.9264,0.0232917409387998
11515,6260.206016,2,70689425.856,0.0348546315077755
11516,6260.226016,1,70689445.9904,0.0232497387669801
11517,6260.246016,2,70689465.9072,0.0347993115741594
11518,6260.266016,1,70689485.8496,0.0232476898805499
11519,6260.286016,2,70689505.8688,0.0349673202614379
11520,6260.306016,1,70689525.8752,0.0232948142684451
11521,6260.326016,2,70689545.8688,0.034886389247444
11522,6260.346016,1,70689565.9264,0.0232978875980904
11523,6260.366016,2,70689588.5312,0.034832093757043
11524,6260.386016,1,70689605.9136,0.0232866187227242
11525,6260.406016,2,70689625.8816,0.0348372159731186
11526,6260.426016,1,70689645.8752,0.023275349847358
11527,6260.446016,2,70689665.9968,0.0347777982666421
11528,6260.466016,1,70689685.9392,0.0232446165509046
11529,6260.486016,2,70689705.9072,0.0347081361280144
11530,6260.506016,1,70689725.9264,0.0232190054705268
11531,6260.526016,2,70689745.9328,0.0348157026656012
11532,6260.546016,1,70689765.952,0.0232405187780441
11533,6260.566016,2,70689785.9456,0.0348730714856475
11534,6260.586016,1,70689806.08,0.0232958387116602
11535,6260.606016,2,70689825.9456,0.0348474604052697
11536,6260.626016,1,70689845.9648,0.0233255475648985
11537,6260.646016,2,70689866.0096,0.0348638514967115
11538,6260.666016,1,70689885.9008,0.0232896920523695
11539,6260.686016,2,70689905.92,0.0348454115188395
11540,6260.706016,1,70689926.1824,0.0233081320302416
11541,6260.726016,2,70689945.9456,0.0347941893580839
11542,6260.746016,1,70689965.888,0.0233829163849448
11543,6260.766016,2,70689985.9328,0.0349089269981765
11544,6260.786016,1,70690005.9264,0.0233245231216834
11545,6260.806016,2,70690025.92,0.0349191714303276
11546,6260.826016,1,70690045.9392,0.023348085315631
11547,6260.846016,2,70690065.9328,0.0349529780564263
11548,6260.866016,1,70690085.9392,0.0232907164955847
11549,6260.886016,2,70690105.9584,0.0349529780564263
11550,6260.906016,1,70690125.9776,0.0233409142131252
11551,6260.926016,2,70690145.9712,0.0349345380785543
11552,6260.946016,1,70690166.1568,0.0233337431106194
11553,6260.966016,2,70690186.0352,0.0349242936464032
11554,6260.986016,1,70690205.9776,0.0233603786342123
11555,6261.006016,2,70690225.9968,0.0348116048927408
11556,6261.026016,1,70690245.952,0.0232989120413055
11557,6261.046016,2,70690266.0864,0.0348382404163337
11558,6261.066016,1,70690286.0672,0.0232855942795091
11559,6261.086016,2,70690306.1504,0.0348761448152929
11560,6261.106016,1,70690325.9904,0.0232896920523695
11561,6261.126016,2,70690345.9968,0.0349806380232344
11562,6261.146016,1,70690366.0544,0.0233327186674043
11563,6261.166016,2,70690386.1888,0.0349386358514148
11564,6261.186016,1,70690406.0288,0.0233491097588461
11565,6261.206016,2,70690425.9712,0.0349960046714611
11566,6261.226016,1,70690446.0032,0.0233265720081136
11567,6261.246016,2,70690466.24,0.0348157026656012
11568,6261.266016,1,70690486.0416,0.0233142786895322
11569,6261.286016,2,70690506.048,0.0347204294465958
11570,6261.306016,1,70690526.0032,0.0233234986784682
11571,6261.326016,2,70690546.0992,0.0347839449259328
11572,6261.346016,1,70690566.5152,0.0233839408281599
11573,6261.366016,2,70690586.0096,0.0346569139672588
11574,6261.386016,1,70690606.3232,0.0233265720081136
11575,6261.406016,2,70690626.0096,0.0346876472637122
11576,6261.426016,1,70690646.0032,0.0233695986231483
11577,6261.446016,2,70690666.0608,0.0348157026656012
11578,6261.466016,1,70690686.3232,0.0233050587005962
11579,6261.486016,2,70690707.0208,0.0348126293359559
11580,6261.506016,1,70690726.0032,0.023275349847358
11581,6261.526016,2,70690746.0352,0.0347655049480607
11582,6261.546016,1,70690766.1312,0.0232835453930789
11583,6261.566016,2,70690786.368,0.0347542360726945
11584,6261.586016,1,70690806.0288,0.0233163275759625
11585,6261.606016,2,70690826.0352,0.0348085315630955
11586,6261.626016,1,70690846.0544,0.0232681787448522
11587,6261.646016,2,70690866.368,0.0348249226545373
11588,6261.666016,1,70690886.1056,0.0232907164955847
11589,6261.686016,2,70690906.0864,0.0349703935910832
11590,6261.706016,1,70690926.0416,0.0233634519638576
11591,6261.726016,2,70690946.0736,0.0350390312864958
11592,6261.746016,1,70690966.1696,0.0233542319749216
11593,6261.766016,2,70690986.2144,0.0350093224332575
11594,6261.786016,1,70691008.9856,0.0233931608170959
11595,6261.806016,2,70691027.4688,0.0349714180342984
11596,6261.826016,1,70691046.0672,0.0233818919417297
11597,6261.846016,2,70691066.2016,0.0348628270534964
11598,6261.866016,1,70691086.208,0.0233378408834798
11599,6261.886016,2,70691109.2608,0.0349785891368041
11600,6261.906016,1,70691126.0672,0.0233767697256541
11601,6261.926016,2,70691146.112,0.0349109758846067
11602,6261.946016,1,70691166.3744,0.0233542319749216
11603,6261.966016,2,70691186.1504,0.0348095560063106
11604,6261.986016,1,70691206.2848,0.0234085274653226
11605,6262.006016,2,70691226.0736,0.0348618026102813
11606,6262.026016,1,70691246.0672,0.0233511586452763
11607,6262.046016,2,70691266.176,0.0348310693138279
11608,6262.066016,1,70691286.1184,0.0233255475648985
11609,6262.086016,2,70691306.0992,0.0349079025549614
11610,6262.106016,1,70691326.1056,0.0233183764623927
11611,6262.126016,2,70691347.5328,0.0348556559509906
11612,6262.146016,1,70691366.4512,0.0232948142684451
11613,6262.166016,2,70691386.0992,0.0347972626877292
11614,6262.186016,1,70691408.6784,0.0233163275759625
11615,6262.206016,2,70691426.112,0.034795213801299
11616,6262.226016,1,70691446.1184,0.0232599831991313
11617,6262.246016,2,70691466.176,0.0348515581781302
11618,6262.266016,1,70691486.1824,0.0233265720081136
11619,6262.286016,2,70691506.1504,0.0346333517733112
11620,6262.306016,1,70691527.1808,0.0232589587559162
11621,6262.326016,2,70691546.176,0.0346323273300961
11622,6262.346016,1,70691566.2592,0.0232548609830557
11623,6262.366016,2,70691586.1888,0.0346333517733112
11624,6262.386016,1,70691606.1696,0.0232866187227242
11625,6262.406016,2,70691626.2016,0.0347030139119389
11626,6262.426016,1,70691646.1696,0.0233388653266949
11627,6262.446016,2,70691666.4704,0.0346733050587006
11628,6262.466016,1,70691686.2336,0.0233275964513287
11629,6262.486016,2,70691706.24,0.0347347716516073
11630,6262.506016,1,70691726.1952,0.023284569836294
11631,6262.526016,2,70691746.176,0.0347890671420083
11632,6262.546016,1,70691766.2592,0.0233091564734567
11633,6262.566016,2,70691786.2016,0.0349847357960948
11634,6262.586016,1,70691806.1952,0.0233163275759625
11635,6262.606016,2,70691826.176,0.0351271334029955
11636,6262.626016,1,70691846.272,0.023248714323765
11637,6262.646016,2,70691866.3936,0.0352674821234659
11638,6262.666016,1,70691886.2208,0.0233501342020612
11639,6262.686016,2,70691906.1632,0.0353811953203434
11640,6262.706016,1,70691926.2976,0.0233388653266949
11641,6262.726016,2,70691946.2016,0.0353484131374598
11642,6262.746016,1,70691966.272,0.0234085274653226
11643,6262.766016,2,70691986.6624,0.0354672485504128
11644,6262.786016,1,70692006.3104,0.0233470608724158
11645,6262.806016,2,70692028.928,0.0353535353535354
11646,6262.826016,1,70692046.1824,0.0233132542463171
11647,6262.846016,2,70692066.3168,0.0356260372487553
11648,6262.866016,1,70692086.2208,0.0233224742352531
11649,6262.886016,2,70692106.1632,0.0356526727723482
11650,6262.906016,1,70692126.2336,0.0232958387116602
11651,6262.926016,2,70692146.2528,0.035523592927244
11652,6262.946016,1,70692166.6432,0.0232896920523695
11653,6262.966016,2,70692186.2144,0.0354754440961337
11654,6262.986016,1,70692206.2464,0.0233296453377589
11655,6263.006016,2,70692226.2272,0.0354262708218084
11656,6263.026016,1,70692246.3744,0.0233583297477821
11657,6263.046016,2,70692266.3296,0.0355112996086627
11658,6263.066016,1,70692286.2976,0.0233255475648985
11659,6263.086016,2,70692306.1888,0.035514372938308
11660,6263.106016,1,70692326.5024,0.0232835453930789
11661,6263.126016,2,70692346.2144,0.0353791464339132
11662,6263.146016,1,70692366.2464,0.0233286208945438
11663,6263.166016,2,70692386.2912,0.0353617308992563
11664,6263.186016,1,70692406.2592,0.0233511586452763
11665,6263.206016,2,70692426.2656,0.0351732333476755
11666,6263.226016,1,70692446.2592,0.0233788186120843
11667,6263.246016,2,70692466.3552,0.035123035630135
11668,6263.266016,1,70692486.8608,0.0233634519638576
11669,6263.286016,2,70692506.1888,0.035076935685455
11670,6263.306016,1,70692526.2592,0.0233347675538345
11671,6263.326016,2,70692546.1888,0.0350267379679144
11672,6263.346016,1,70692566.3104,0.0233675497367181
11673,6263.366016,2,70692586.24,0.0349673202614379
11674,6263.386016,1,70692606.2464,0.0233552564181367
11675,6263.406016,2,70692626.2912,0.0350185424221935
11676,6263.426016,1,70692646.2208,0.0233450119859856
11677,6263.446016,2,70692666.432,0.0349806380232344
11678,6263.466016,1,70692686.2592,0.0233316942241892
11679,6263.486016,2,70692706.2656,0.0350421046161411
11680,6263.506016,1,70692726.8992,0.023384965271375
11681,6263.526016,2,70692746.2656,0.0350400557297109
11682,6263.546016,1,70692766.2336,0.0234044296924621
11683,6263.566016,2,70692787.456,0.0350031757739669
11684,6263.586016,1,70692806.528,0.0233388653266949
11685,6263.606016,2,70692826.2656,0.0349273669760485
11686,6263.626016,1,70692846.6048,0.0233316942241892
11687,6263.646016,2,70692866.3936,0.0348536070645604
11688,6263.666016,1,70692886.2336,0.0234197963406888
11689,6263.686016,2,70692906.3296,0.0348218493248919
11690,6263.706016,1,70692928.256,0.0234044296924621
11691,6263.726016,2,70692946.3296,0.0348146782223861
11692,6263.746016,1,70692966.4,0.0233839408281599
11693,6263.766016,2,70692986.2528,0.0349427336242752
11694,6263.786016,1,70693006.3104,0.0233736963960088
11695,6263.806016,2,70693026.2784,0.0347532116294794
11696,6263.826016,1,70693046.2848,0.0234259429999795
11697,6263.846016,2,70693066.4192,0.0348023849038048
11698,6263.866016,1,70693086.272,0.0233788186120843
11699,6263.886016,2,70693106.304,0.0347532116294794
11700,6263.906016,1,70693126.3104,0.0233593541909972
11701,6263.926016,2,70693146.304,0.0346517917511832
11702,6263.946016,1,70693166.3104,0.0233511586452763
11703,6263.966016,2,70693186.3296,0.034731698321962
11704,6263.986016,1,70693206.3232,0.0234064785788924
11705,6264.006016,2,70693226.7904,0.0347183805601656
11706,6264.026016,1,70693246.336,0.0234320896592702
11707,6264.046016,2,70693266.4192,0.0347634560616305
11708,6264.066016,1,70693286.3488,0.0233644764070728
11709,6264.086016,2,70693306.3168,0.0349714180342984
11710,6264.106016,1,70693326.3104,0.0233767697256541
11711,6264.126016,2,70693347.2128,0.0349150736574672
11712,6264.146016,1,70693366.5024,0.0234167230110435
11713,6264.166016,2,70693386.3552,0.0347439916405434
11714,6264.186016,1,70693406.3744,0.0233450119859856
11715,6264.206016,2,70693426.3552,0.0347798471530723
11716,6264.226016,1,70693446.336,0.0234228696703342
11717,6264.246016,2,70693466.3552,0.0346845739340668
11718,6264.266016,1,70693486.3616,0.0234208207839039
11719,6264.286016,2,70693506.3808,0.0348023849038048
11720,6264.306016,1,70693528.6784,0.0234208207839039
11721,6264.326016,2,70693546.3168,0.0349242936464032
11722,6264.346016,1,70693566.4128,0.0234751162743049
11723,6264.366016,2,70693586.3936,0.035177331120536
11724,6264.386016,1,70693606.4,0.0234187718974737
11725,6264.406016,2,70693626.8288,0.0352572376913148
11726,6264.426016,1,70693646.3488,0.0234116007949679
11727,6264.446016,2,70693667.9424,0.0352449443727334
11728,6264.466016,1,70693686.3744,0.0233931608170959
11729,6264.486016,2,70693706.3936,0.0351804044501813
11730,6264.506016,1,70693726.4128,0.0233491097588461
11731,6264.526016,2,70693746.4448,0.0350779601286701
11732,6264.546016,1,70693766.528,0.0233388653266949
11733,6264.566016,2,70693786.3424,0.0349960046714611
11734,6264.586016,1,70693807.8336,0.023403405249247
11735,6264.606016,2,70693826.8032,0.0349324891921241
11736,6264.626016,1,70693846.3744,0.0233419386563403
11737,6264.646016,2,70693866.5344,0.0347153072305202
11738,6264.666016,1,70693886.4768,0.0233583297477821
11739,6264.686016,2,70693906.4832,0.0346169606818694
11740,6264.706016,1,70693926.3744,0.0234095519085377
11741,6264.726016,2,70693946.432,0.0346548650808286
11742,6264.746016,1,70693966.464,0.0233747208392239
11743,6264.766016,2,70693986.4448,0.0346548650808286
11744,6264.786016,1,70694006.5024,0.0232804720634335
11745,6264.806016,2,70694027.008,0.0346866228204971
11746,6264.826016,1,70694047.3088,0.0233501342020612
11747,6264.846016,2,70694067.0464,0.0348751203720778
11748,6264.866016,1,70694086.464,0.023357305304567
11749,6264.886016,2,70694106.88,0.03503186018399
11750,6264.906016,1,70694126.7072,0.0233234986784682
11751,6264.926016,2,70694146.4576,0.0351302067326408
11752,6264.946016,1,70694166.5408,0.0233081320302416
11753,6264.966016,2,70694186.4832,0.0351722089044604
11754,6264.986016,1,70694206.5024,0.0232814965066486
11755,6265.006016,2,70694226.4448,0.0350882045608212
11756,6265.026016,1,70694246.4384,0.0232517876534104
11757,6265.046016,2,70694266.432,0.0351476222672977
11758,6265.066016,1,70694286.5152,0.02329378982523
11759,6265.086016,2,70694306.4576,0.0352111377466347
11760,6265.106016,1,70694326.4256,0.0232712520744975
11761,6265.126016,2,70694346.4448,0.035013420206118
11762,6265.146016,1,70694366.528,0.023211834368021
11763,6265.166016,2,70694386.4448,0.0349857602393099
11764,6265.186016,1,70694406.5152,0.0233071075870264
11765,6265.206016,2,70694426.9824,0.0348402893027639
11766,6265.226016,1,70694446.4384,0.0232620320855615
11767,6265.246016,2,70694466.56,0.0347644805048456
11768,6265.266016,1,70694486.4768,0.0232948142684451
11769,6265.286016,2,70694506.4704,0.0346466695351077
11770,6265.306016,1,70694526.5024,0.0232364210051837
11771,6265.326016,2,70694546.432,0.0346620361833344
11772,6265.346016,1,70694566.5792,0.0233040342573811
11773,6265.366016,2,70694586.7648,0.034622082897945
11774,6265.386016,1,70694606.5152,0.02329378982523
11775,6265.406016,2,70694626.5216,0.0346333517733112
11776,6265.426016,1,70694646.528,0.0232866187227242
11777,6265.446016,2,70694666.5216,0.0346077406929334
11778,6265.466016,1,70694686.5152,0.0233132542463171
11779,6265.486016,2,70694706.7648,0.0346804761612064
11780,6265.506016,1,70694726.912,0.0234013563628168
11781,6265.526016,2,70694746.496,0.0346517917511832
11782,6265.546016,1,70694766.5792,0.0233562808613519
11783,6265.566016,2,70694786.5472,0.0346937939230028
11784,6265.586016,1,70694806.912,0.0233716475095785
11785,6265.606016,2,70694826.4704,0.0347982871309443
11786,6265.626016,1,70694847.0528,0.0234064785788924
11787,6265.646016,2,70694866.6752,0.0349120003278218
11788,6265.666016,1,70694886.5536,0.0234730673878747
11789,6265.686016,2,70694906.56,0.0350082979900424
11790,6265.706016,1,70694926.5536,0.0234156985678284
11791,6265.726016,2,70694946.5344,0.0352039666441289
11792,6265.746016,1,70694966.5664,0.0234771651607351
11793,6265.766016,2,70694986.4832,0.0354088552871514
11794,6265.786016,1,70695006.528,0.0234341385457004
11795,6265.806016,2,70695026.5216,0.0354897863011453
11796,6265.826016,1,70695046.5408,0.0235458028561477
11797,6265.846016,2,70695066.7776,0.035413977503227
11798,6265.866016,1,70695086.7456,0.0234228696703342
11799,6265.886016,2,70695106.5216,0.0354201241625177
11800,6265.906016,1,70695126.5664,0.0234013563628168
11801,6265.926016,2,70695146.5728,0.0353105087385006
11802,6265.946016,1,70695166.8096,0.0234771651607351
11803,6265.966016,2,70695186.56,0.0352377732702276
11804,6265.986016,1,70695206.5536,0.0234228696703342
11805,6266.006016,2,70695226.6752,0.0351926977687627
11806,6266.026016,1,70695246.6048,0.0234054541356773
11807,6266.046016,2,70695266.624,0.0350277624111295
11808,6266.066016,1,70695286.592,0.0233777941688692
11809,6266.086016,2,70695306.56,0.035132255619071
11810,6266.106016,1,70695326.7328,0.0234433585346364
11811,6266.126016,2,70695346.5856,0.0351875755526871
11812,6266.146016,1,70695366.9248,0.0234997029114676
11813,6266.166016,2,70695386.5984,0.0349601491589321
11814,6266.186016,1,70695407.0016,0.0234208207839039
11815,6266.206016,2,70695426.7904,0.0349283914192636
11816,6266.226016,1,70695446.976,0.0233921363738808
11817,6266.246016,2,70695466.7904,0.0347347716516073
11818,6266.266016,1,70695486.656,0.0234525785235724
11819,6266.286016,2,70695506.7264,0.0346855983772819
11820,6266.306016,1,70695526.5664,0.0234105763517528
11821,6266.326016,2,70695546.56,0.034877169258508
11822,6266.346016,1,70695566.9632,0.0233603786342123
11823,6266.366016,2,70695587.0592,0.034795213801299
11824,6266.386016,1,70695606.7072,0.0233859897145901
11825,6266.406016,2,70695626.6112,0.0348976581228103
11826,6266.426016,1,70695646.656,0.0234413096482062
11827,6266.446016,2,70695666.7264,0.0349068781117463
11828,6266.466016,1,70695686.6432,0.0233921363738808
11829,6266.486016,2,70695706.8288,0.0348904870203045
11830,6266.506016,1,70695727.5776,0.0233952097035261
11831,6266.526016,2,70695746.5856,0.0349417091810601
11832,6266.546016,1,70695766.656,0.023439260761776
11833,6266.566016,2,70695786.7648,0.0350666912533038
11834,6266.586016,1,70695806.72,0.0234218452271191
11835,6266.606016,2,70695826.624,0.0350246890814842
11836,6266.626016,1,70695846.6304,0.0233880386010203
11837,6266.646016,2,70695866.6496,0.0351271334029955
11838,6266.666016,1,70695886.6432,0.0233952097035261
11839,6266.686016,2,70695906.6368,0.0351332800622862
11840,6266.706016,1,70695926.6816,0.0233142786895322
11841,6266.726016,2,70695946.6496,0.0349816624664495
11842,6266.746016,1,70695966.7328,0.0234085274653226
11843,6266.766016,2,70695986.8032,0.0349519536132112
11844,6266.786016,1,70696006.7072,0.0232569098694859
11845,6266.806016,2,70696026.8672,0.0348833159177987
11846,6266.826016,1,70696046.6816,0.023321449792038
11847,6266.846016,2,70696067.0464,0.0348310693138279
11848,6266.866016,1,70696086.6816,0.0233439875427705
11849,6266.886016,2,70696106.6368,0.0345995451472125
11850,6266.906016,1,70696126.6688,0.0232435921076895
11851,6266.926016,2,70696146.6368,0.0346087651361485
11852,6266.946016,1,70696166.7968,0.0232220788001721
11853,6266.966016,2,70696186.6496,0.0346169606818694
11854,6266.986016,1,70696206.8736,0.0233019853709509
11855,6267.006016,2,70696226.8416,0.0347050627983691
11856,6267.026016,1,70696246.6944,0.0232692031880673
11857,6267.046016,2,70696266.944,0.0348413137459791
11858,6267.066016,1,70696286.72,0.0232743254041428
11859,6267.086016,2,70696306.7776,0.0347993115741594
11860,6267.106016,1,70696326.8864,0.0233501342020612
11861,6267.126016,2,70696346.752,0.0347941893580839
11862,6267.146016,1,70696366.9376,0.0233060831438113
11863,6267.166016,2,70696386.7392,0.0347777982666421
11864,6267.186016,1,70696407.0144,0.0233419386563403
11865,6267.206016,2,70696426.7264,0.0347276005491016
11866,6267.226016,1,70696446.72,0.0233357919970496
11867,6267.246016,2,70696467.0464,0.0346302784436659
11868,6267.266016,1,70696486.784,0.0233460364292007
11869,6267.286016,2,70696506.8672,0.034704038355154
11870,6267.306016,1,70696526.8352,0.0233204253488229
11871,6267.326016,2,70696546.7264,0.0345964718175671
11872,6267.346016,1,70696566.8608,0.02343004077284
11873,6267.366016,2,70696586.9184,0.0346394984326019
11874,6267.386016,1,70696606.9248,0.0233655008502879
11875,6267.406016,2,70696626.7648,0.0345452496568115
11876,6267.426016,1,70696646.9248,0.0233429630995554
11877,6267.446016,2,70696667.1744,0.0346446206486774
11878,6267.466016,1,70696686.9376,0.0234218452271191
11879,6267.486016,2,70696707.008,0.0347081361280144
11880,6267.506016,1,70696726.8608,0.0233593541909972
11881,6267.526016,2,70696746.7264,0.0348730714856475
11882,6267.546016,1,70696767.2192,0.0233767697256541
11883,6267.566016,2,70696787.2,0.0348628270534964
11884,6267.586016,1,70696806.8864,0.0233993074763866
11885,6267.606016,2,70696826.7904,0.0349068781117463
11886,6267.626016,1,70696846.9248,0.023366525293503
11887,6267.646016,2,70696866.7776,0.0348238982113221
11888,6267.666016,1,70696887.0272,0.0233911119306657
11889,6267.686016,2,70696906.7776,0.03471325834409
11890,6267.706016,1,70696926.8992,0.0233900874874506
11891,6267.726016,2,70696946.7648,0.0347368205380376
11892,6267.746016,1,70696967.0272,0.0233593541909972
11893,6267.766016,2,70696986.9568,0.03471325834409
11894,6267.786016,1,70697006.9376,0.0233911119306657
11895,6267.806016,2,70697026.8416,0.0347265761058864
11896,6267.826016,1,70697046.784,0.0232989120413055
11897,6267.846016,2,70697067.0976,0.0345472985432417
11898,6267.866016,1,70697087.1168,0.0234156985678284
11899,6267.886016,2,70697106.9696,0.0347060872415842
11900,6267.906016,1,70697126.976,0.0233511586452763
11901,6267.926016,2,70697146.9056,0.0346292540004508
11902,6267.946016,1,70697167.2576,0.0233060831438113
11903,6267.966016,2,70697187.1616,0.0348054582334501
11904,6267.986016,1,70697206.8992,0.0233409142131252
11905,6268.006016,2,70697226.8672,0.0346302784436659
11906,6268.026016,1,70697246.8992,0.0233603786342123
11907,6268.046016,2,70697268.5568,0.0346415473190321
11908,6268.066016,1,70697286.8096,0.0233460364292007
11909,6268.086016,2,70697306.7776,0.0346200340115147
11910,6268.106016,1,70697326.8992,0.0233532075317065
11911,6268.126016,2,70697346.8672,0.0347101850144447
11912,6268.146016,1,70697367.0528,0.023403405249247
11913,6268.166016,2,70697387.0976,0.0346210584547299
11914,6268.186016,1,70697407.232,0.0233521830884914
11915,6268.206016,2,70697426.8416,0.034640522875817
11916,6268.226016,1,70697447.0528,0.0233532075317065
11917,6268.246016,2,70697467.136,0.0345964718175671
11918,6268.266016,1,70697486.9632,0.0233439875427705
11919,6268.286016,2,70697507.0464,0.0345944229311369
11920,6268.306016,1,70697527.1552,0.0233173520191776
11921,6268.326016,2,70697546.9952,0.0346046673632881
11922,6268.346016,1,70697567.2192,0.0233644764070728
11923,6268.366016,2,70697586.816,0.0345544696457475
11924,6268.386016,1,70697606.976,0.0233255475648985
11925,6268.406016,2,70697626.9184,0.034704038355154
11926,6268.426016,1,70697647.1168,0.0232456409941197
11927,6268.446016,2,70697666.9568,0.0346743295019157
11928,6268.466016,1,70697687.04,0.023303009814166
11929,6268.486016,2,70697706.944,0.0345309074517999
11930,6268.506016,1,70697726.8992,0.0232835453930789
11931,6268.526016,2,70697747.072,0.0346907205933575
11932,6268.546016,1,70697767.1936,0.0232589587559162
11933,6268.566016,2,70697786.8672,0.0346835494908517
11934,6268.586016,1,70697806.8608,0.023193394390149
11935,6268.606016,2,70697827.2384,0.0346620361833344
11936,6268.626016,1,70697847.1296,0.0232015899358699
11937,6268.646016,2,70697867.0208,0.0346261806708054
11938,6268.666016,1,70697887.1808,0.023266129858422
11939,6268.686016,2,70697906.9952,0.034694818366218
11940,6268.706016,1,70697926.8864,0.0232415432212592
11941,6268.726016,2,70697946.8928,0.034694818366218
11942,6268.746016,1,70697967.1424,0.0231770032987072
11943,6268.766016,2,70697987.1232,0.0347972626877292
11944,6268.786016,1,70698007.1552,0.0232220788001721
11945,6268.806016,2,70698027.0976,0.0348177515520315
11946,6268.826016,1,70698047.0144,0.0231903210605036
11947,6268.846016,2,70698067.2512,0.0346855983772819
11948,6268.866016,1,70698087.0784,0.0232497387669801
11949,6268.886016,2,70698107.0976,0.0346415473190321
11950,6268.906016,1,70698127.0272,0.0232835453930789
11951,6268.926016,2,70698147.0464,0.0345237363492942
11952,6268.946016,1,70698167.3472,0.0232067121519454
11953,6268.966016,2,70698187.4432,0.0345309074517999
11954,6268.986016,1,70698207.3088,0.0232333476755383
11955,6269.006016,2,70698227.072,0.034658962853689
11956,6269.026016,1,70698247.2192,0.0232814965066486
11957,6269.046016,2,70698267.2768,0.0347060872415842
11958,6269.066016,1,70698287.1424,0.0232323232323232
11959,6269.086016,2,70698307.2384,0.0347204294465958
11960,6269.106016,1,70698326.9888,0.0231811010715676
11961,6269.126016,2,70698347.2,0.0345513963161022
11962,6269.146016,1,70698367.296,0.023202614379085
11963,6269.166016,2,70698387.2256,0.0344305120167189
11964,6269.186016,1,70698407.2832,0.0232743254041428
11965,6269.206016,2,70698427.328,0.0345688118507591
11966,6269.226016,1,70698447.0912,0.0233071075870264
11967,6269.246016,2,70698467.2896,0.034458171983527
11968,6269.266016,1,70698487.3088,0.023330669780974
11969,6269.286016,2,70698507.1616,0.0344561230970967
11970,6269.306016,1,70698527.232,0.0232272010162477
11971,6269.326016,2,70698547.1872,0.0345350052246604
11972,6269.346016,1,70698567.168,0.0232425676644744
11973,6269.366016,2,70698587.4432,0.0344889052799803
11974,6269.386016,1,70698607.0144,0.0232773987337882
11975,6269.406016,2,70698627.2128,0.0344049009363411
11976,6269.426016,1,70698647.232,0.0232712520744975
11977,6269.446016,2,70698667.0592,0.0344202675845678
11978,6269.466016,1,70698687.0912,0.0232415432212592
11979,6269.486016,2,70698706.9696,0.0344489519945909
11980,6269.506016,1,70698727.3088,0.0232046632655152
11981,6269.526016,2,70698747.1872,0.0344520253242363
11982,6269.546016,1,70698766.9632,0.0232169565840965
11983,6269.566016,2,70698786.9952,0.0345155408035733
11984,6269.586016,1,70698807.0016,0.0233019853709509
11985,6269.606016,2,70698827.0336,0.0345944229311369
11986,6269.626016,1,70698847.2192,0.0232589587559162
11987,6269.646016,2,70698867.072,0.0346056918065032
11988,6269.666016,1,70698887.0784,0.0232630565287766
11989,6269.686016,2,70698907.328,0.0346415473190321
11990,6269.706016,1,70698926.976,0.0232384698916139
11991,6269.726016,2,70698947.1872,0.0346015940336427
11992,6269.746016,1,70698967.04,0.0233327186674043
11993,6269.766016,2,70698987.008,0.0345380785543057
11994,6269.786016,1,70699007.0144,0.0232108099248059
11995,6269.806016,2,70699027.1616,0.0345421763271662
11996,6269.826016,1,70699047.0272,0.0232671543016371
11997,6269.846016,2,70699067.0336,0.0345657385211138
11998,6269.866016,1,70699087.0016,0.0232128588112361
11999,6269.886016,2,70699107.072,0.0344510008810212
12000,6269.906016,1,70699127.232,0.0232067121519454
12001,6269.926016,2,70699147.4432,0.0345739340668347
12002,6269.946016,1,70699167.0784,0.0232323232323232
12003,6269.966016,2,70699187.0464,0.0347101850144447
12004,6269.986016,1,70699206.9504,0.0231677833097711
12005,6270.006048,2,70699227.1104,0.0347511627430492
12006,6270.026048,1,70699247.0016,0.0232138832544512
12007,6270.046048,2,70699267.2768,0.0346548650808286
12008,6270.066048,1,70699286.9888,0.0232558854262708
12009,6270.086048,2,70699306.9696,0.0344458786649456
12010,6270.106048,1,70699327.0016,0.0232353965619686
12011,6270.126048,2,70699347.0336,0.0344120720388469
12012,6270.146048,1,70699367.1936,0.0232712520744975
12013,6270.166048,2,70699387.0464,0.0344161698117073
12014,6270.186048,1,70699407.36,0.0232036388223001
12015,6270.206048,2,70699427.3792,0.0343239699223472
12016,6270.226048,1,70699447.0912,0.023275349847358
12017,6270.246048,2,70699467.0208,0.0342870899666032
12018,6270.266048,1,70699486.9632,0.0231811010715676
12019,6270.286048,2,70699507.0336,0.0342614788862253
12020,6270.306048,1,70699526.9888,0.0232128588112361
12021,6270.326048,2,70699547.2896,0.0343833876288237
12022,6270.346048,1,70699567.2576,0.0232425676644744
12023,6270.366048,2,70699587.0464,0.0343905587313295
12024,6270.386048,1,70699607.0272,0.0232149076976663
12025,6270.406048,2,70699627.0336,0.0343577765484459
12026,6270.426048,1,70699647.0144,0.0232538365398406
12027,6270.446048,2,70699667.1232,0.0343905587313295
12028,6270.466048,1,70699686.976,0.0233112053598869
12029,6270.486048,2,70699707.0208,0.0344981252689163
12030,6270.506048,1,70699727.0272,0.0232692031880673
12031,6270.526048,2,70699747.0336,0.0344079742659864
12032,6270.546048,1,70699767.0912,0.0232733009609277
12033,6270.566048,2,70699787.0208,0.0344745630749688
12034,6270.586048,1,70699807.0784,0.0232804720634335
12035,6270.606048,2,70699827.2,0.0343926076177597
12036,6270.626048,1,70699847.0528,0.023239494334829
12037,6270.646048,2,70699867.0848,0.0343731431966726
12038,6270.666048,1,70699887.0656,0.0232364210051837
12039,6270.686048,2,70699907.0976,0.0343823631856086
12040,6270.706048,1,70699927.3472,0.0232866187227242
12041,6270.726048,2,70699947.0848,0.0341969389636732
12042,6270.746048,1,70699967.1168,0.0232773987337882
12043,6270.766048,2,70699987.072,0.0341928411908128
12044,6270.786048,1,70700007.0784,0.0231903210605036
12045,6270.806048,2,70700027.072,0.0342338189194173
12046,6270.826048,1,70700047.04,0.0232825209498638
12047,6270.846048,2,70700067.072,0.0341907923043826
12048,6270.866048,1,70700087.0784,0.0231442211158236
12049,6270.886048,2,70700107.0848,0.034148790132563
12050,6270.906048,1,70700127.04,0.023193394390149
12051,6270.926048,2,70700147.0336,0.0343669965373819
12052,6270.946048,1,70700167.0912,0.0231841744012129
12053,6270.966048,2,70700187.0976,0.0344479275513758
12054,6270.986048,1,70700207.2064,0.0231985166062245
12055,6271.006048,2,70700227.072,0.0344376831192247
12056,6271.026048,1,70700247.3088,0.0231944188333641
12057,6271.046048,2,70700267.1104,0.0342317700329871
12058,6271.066048,1,70700287.1168,0.0231903210605036
12059,6271.086048,2,70700307.0976,0.0343106521605507
12060,6271.106048,1,70700327.104,0.0232067121519454
12061,6271.126048,2,70700347.0976,0.0342747966480218
12062,6271.146048,1,70700367.0912,0.0231708566394165
12063,6271.166048,2,70700387.1232,0.0342450877947835
12064,6271.186048,1,70700407.104,0.023166758866556
12065,6271.206048,2,70700427.0848,0.0343055299444752
12066,6271.226048,1,70700447.1424,0.0232077365951605
12067,6271.246048,2,70700467.1232,0.0344325609031491
12068,6271.266048,1,70700487.1296,0.0231350011268875
12069,6271.286048,2,70700507.1872,0.0345124674739279
12070,6271.306048,1,70700527.1168,0.023148318888684
12071,6271.326048,2,70700547.0848,0.0344161698117073
12072,6271.346048,1,70700567.1808,0.0231657344233409
12073,6271.366048,2,70700587.136,0.0342645522158707
12074,6271.386048,1,70700607.0912,0.0231554899911898
12075,6271.406048,2,70700627.136,0.0342758210912369
12076,6271.426048,1,70700647.168,0.0230950478414981
12077,6271.446048,2,70700667.2256,0.0342184522711906
12078,6271.466048,1,70700687.1168,0.0231606122072654
12079,6271.486048,2,70700707.1232,0.0342911877394636
12080,6271.506048,1,70700727.1296,0.0231811010715676
12081,6271.526048,2,70700747.1616,0.034239965578708
12082,6271.546048,1,70700767.1936,0.0231851988444281
12083,6271.566048,2,70700787.1488,0.0342123056118999
12084,6271.586048,1,70700807.1168,0.0232179810273117
12085,6271.606048,2,70700827.136,0.0341252279386154
12086,6271.626048,1,70700847.1808,0.0233040342573811
12087,6271.646048,2,70700867.2,0.0340688835617842
12088,6271.666048,1,70700887.1552,0.0231964677197943
12089,6271.686048,2,70700907.1488,0.0341323990411211
12090,6271.706048,1,70700927.168,0.0232876431659393
12091,6271.726048,2,70700947.1872,0.0340914213125166
12092,6271.746048,1,70700967.1808,0.0233286208945438
12093,6271.766048,2,70700987.4048,0.0341057635175282
12094,6271.786048,1,70701007.1552,0.0233183764623927
12095,6271.806048,2,70701027.1488,0.0342655766590858
12096,6271.826048,1,70701047.2064,0.0232804720634335
12097,6271.846048,2,70701067.2128,0.0343075788309054
12098,6271.866048,1,70701087.168,0.0234064785788924
12099,6271.886048,2,70701107.1488,0.0343342143544983
12100,6271.906048,1,70701127.168,0.0233614030774274
12101,6271.926048,2,70701147.1616,0.0344089987092015
12102,6271.946048,1,70701167.5392,0.0233265720081136
12103,6271.966048,2,70701187.2128,0.0345913496014916
12104,6271.986048,1,70701207.1936,0.0233491097588461
12105,6272.006048,2,70701227.2,0.0347142827873051
12106,6272.026048,1,70701247.2064,0.0234238941135493
12107,6272.046048,2,70701267.328,0.0348331182002582
12108,6272.066048,1,70701287.2064,0.0233839408281599
12109,6272.086048,2,70701307.1872,0.0347142827873051
12110,6272.106048,1,70701327.232,0.02329378982523
12111,6272.126048,2,70701347.2384,0.0346804761612064
12112,6272.146048,1,70701367.232,0.0232651054152068
12113,6272.166048,2,70701387.264,0.0346179851250845
12114,6272.186048,1,70701407.2192,0.0232927653820149
12115,6272.206048,2,70701427.2384,0.0346026184768578
12116,6272.226048,1,70701447.2448,0.0233194009056078
12117,6272.246048,2,70701467.264,0.0345749585100498
12118,6272.266048,1,70701487.2064,0.0233173520191776
12119,6272.286048,2,70701507.2512,0.0346907205933575
12120,6272.306048,1,70701527.2448,0.0233224742352531
12121,6272.326048,2,70701547.264,0.0346087651361485
12122,6272.346048,1,70701567.3088,0.0232640809719917
12123,6272.366048,2,70701587.2384,0.034540127440736
12124,6272.386048,1,70701607.2576,0.023321449792038
12125,6272.406048,2,70701627.2512,0.0346077406929334
12126,6272.426048,1,70701647.2448,0.0232599831991313
12127,6272.446048,2,70701667.264,0.034612862909009
12128,6272.466048,1,70701687.2704,0.0233132542463171
12129,6272.486048,2,70701707.2384,0.0346292540004508
12130,6272.506048,1,70701727.2576,0.0232733009609277
12131,6272.526048,2,70701747.2768,0.0345503718728871
12132,6272.546048,1,70701767.3856,0.0233142786895322
12133,6272.566048,2,70701787.2768,0.0346384739893868
12134,6272.586048,1,70701807.2576,0.0233327186674043
12135,6272.606048,2,70701827.264,0.0345995451472125
12136,6272.626048,1,70701847.296,0.0233501342020612
12137,6272.646048,2,70701867.2768,0.0346036429200729
12138,6272.666048,1,70701887.296,0.0233050587005962
12139,6272.686048,2,70701907.264,0.0345391029975208
12140,6272.706048,1,70701927.296,0.0233726719527937
12141,6272.726048,2,70701947.2768,0.0345093941442826
12142,6272.746048,1,70701967.4496,0.0233767697256541
12143,6272.766048,2,70701987.3024,0.0345718851804045
12144,6272.786048,1,70702007.296,0.0233163275759625
12145,6272.806048,2,70702027.328,0.0347050627983691
12146,6272.826048,1,70702047.2704,0.0233368164402647
12147,6272.846048,2,70702067.3664,0.0348423381891942
12148,6272.866048,1,70702087.296,0.0233081320302416
12149,6272.886048,2,70702108.4032,0.0350267379679144
12150,6272.906048,1,70702127.3472,0.0232907164955847
12151,6272.926048,2,70702147.3024,0.0350687401397341
12152,6272.946048,1,70702167.4624,0.0233327186674043
12153,6272.966048,2,70702187.3536,0.035050300161862
12154,6272.986048,1,70702207.2704,0.0233347675538345
12155,6273.006048,2,70702227.3408,0.0350062491036122
12156,6273.026048,1,70702247.296,0.0233368164402647
12157,6273.046048,2,70702267.5712,0.0350328846272051
12158,6273.066048,1,70702287.36,0.0233194009056078
12159,6273.086048,2,70702307.328,0.0351097178683386
12160,6273.106048,1,70702327.3216,0.0232692031880673
12161,6273.126048,2,70702347.3408,0.0351916733255476
12162,6273.146048,1,70702367.3216,0.0232814965066486
12163,6273.166048,2,70702387.3536,0.0348884381338742
12164,6273.186048,1,70702407.3472,0.0233091564734567
12165,6273.206048,2,70702427.3408,0.0349191714303276
12166,6273.226048,1,70702447.3472,0.0232722765177126
12167,6273.246048,2,70702467.392,0.0348218493248919
12168,6273.266048,1,70702487.3728,0.0232405187780441
12169,6273.286048,2,70702507.3664,0.0348577048374209
12170,6273.306048,1,70702527.3472,0.0232671543016371
12171,6273.326048,2,70702547.3408,0.034886389247444
12172,6273.346048,1,70702567.4112,0.0233040342573811
12173,6273.366048,2,70702587.3408,0.0349458069539205
12174,6273.386048,1,70702607.3856,0.0232835453930789
12175,6273.406048,2,70702627.3408,0.0348648759399267
12176,6273.426048,1,70702647.3472,0.0232528120966255
12177,6273.446048,2,70702667.456,0.0349201958735427
12178,6273.466048,1,70702687.488,0.02329378982523
12179,6273.486048,2,70702707.3664,0.0348638514967115
12180,6273.506048,1,70702727.3856,0.0233019853709509
12181,6273.526048,2,70702747.3664,0.0348607781670662
12182,6273.546048,1,70702767.424,0.0232507632101953
12183,6273.566048,2,70702787.3792,0.0349058536685312
12184,6273.586048,1,70702807.3984,0.0231421722293933
12185,6273.606048,2,70702827.392,0.0347880426987932
12186,6273.626048,1,70702847.3984,0.0231380744565329
12187,6273.646048,2,70702867.52,0.0348577048374209
12188,6273.666048,1,70702887.3984,0.023275349847358
12189,6273.686048,2,70702907.4304,0.0348382404163337
12190,6273.706048,1,70702927.4112,0.023312229803102
12191,6273.726048,2,70702947.4176,0.03489560923638
12192,6273.746048,1,70702967.6032,0.0233398897699101
12193,6273.766048,2,70702987.4048,0.0348986825660254
12194,6273.786048,1,70703007.4368,0.0232640809719917
12195,6273.806048,2,70703027.4304,0.0350943512201119
12196,6273.826048,1,70703047.424,0.0233542319749216
12197,6273.846048,2,70703067.4304,0.035195771098408
12198,6273.866048,1,70703087.4496,0.0232538365398406
12199,6273.886048,2,70703107.4176,0.0351363533919315
12200,6273.906048,1,70703127.424,0.0233521830884914
12201,6273.926048,2,70703147.4048,0.0351834777798267
12202,6273.946048,1,70703167.4752,0.0232743254041428
12203,6273.966048,2,70703187.4944,0.0351384022783617
12204,6273.986048,1,70703207.424,0.0232927653820149
12205,6274.006048,2,70703227.456,0.0351025467658328
12206,6274.026048,1,70703247.4496,0.023284569836294
12207,6274.046048,2,70703267.4944,0.0349427336242752
12208,6274.066048,1,70703287.4496,0.0233511586452763
12209,6274.086048,2,70703307.4688,0.0348546315077755
12210,6274.106048,1,70703327.4496,0.023284569836294
12211,6274.126048,2,70703347.4432,0.0348659003831418
12212,6274.146048,1,70703367.488,0.0233040342573811
12213,6274.166048,2,70703387.456,0.0348761448152929
12214,6274.186048,1,70703407.4624,0.0233316942241892
12215,6274.206048,2,70703427.4432,0.0348167271088164
12216,6274.226048,1,70703447.4752,0.0233532075317065
12217,6274.246048,2,70703467.5328,0.0347378449812527
12218,6274.266048,1,70703487.488,0.0233470608724158
12219,6274.286048,2,70703507.4688,0.0347101850144447
12220,6274.306048,1,70703527.4496,0.0233173520191776
12221,6274.326048,2,70703547.5584,0.0347337472083922
12222,6274.346048,1,70703567.552,0.0233429630995554
12223,6274.366048,2,70703587.5584,0.0347962382445141
12224,6274.386048,1,70703607.5008,0.0233337431106194
12225,6274.406048,2,70703627.4688,0.0346200340115147
12226,6274.426048,1,70703647.4752,0.0233132542463171
12227,6274.446048,2,70703667.4944,0.0347480894134038
12228,6274.466048,1,70703687.552,0.0233788186120843
12229,6274.486048,2,70703707.4816,0.034767553834491
12230,6274.506048,1,70703727.488,0.0234136496813982
12231,6274.526048,2,70703747.6224,0.0348177515520315
12232,6274.546048,1,70703767.7696,0.0234085274653226
12233,6274.566048,2,70703787.9168,0.0350666912533038
12234,6274.586048,1,70703807.488,0.0233265720081136
12235,6274.606048,2,70703827.5712,0.0352920687606286
12236,6274.626048,1,70703847.5648,0.0232763742905731
12237,6274.646048,2,70703867.52,0.0352131866330649
12238,6274.666048,1,70703887.6416,0.0233675497367181
12239,6274.686048,2,70703907.5328,0.0350584957075829
12240,6274.706048,1,70703927.5648,0.0233890630442355
12241,6274.726048,2,70703947.6352,0.0349519536132112
12242,6274.746048,1,70703967.6544,0.0233614030774274
12243,6274.766048,2,70703987.8272,0.0348392648595488
12244,6274.786048,1,70704007.552,0.0232825209498638
12245,6274.806048,2,70704027.4944,0.0348105804495257
12246,6274.826048,1,70704047.5264,0.0233265720081136
12247,6274.846048,2,70704067.7376,0.0346794517179913
12248,6274.866048,1,70704087.6544,0.0233224742352531
12249,6274.886048,2,70704107.584,0.0345985207039974
12250,6274.906048,1,70704127.5392,0.0232548609830557
12251,6274.926048,2,70704147.5456,0.0344151453684922
12252,6274.946048,1,70704167.5776,0.0231688077529863
12253,6274.966048,2,70704187.5072,0.0345032474849919
12254,6274.986048,1,70704207.5776,0.0232794476202184
12255,6275.006048,2,70704227.5456,0.0344796852910443
12256,6275.026048,1,70704247.5776,0.023148318888684
12257,6275.046048,2,70704267.6352,0.0344079742659864
12258,6275.066048,1,70704287.5904,0.0232558854262708
12259,6275.086048,2,70704307.5584,0.0344376831192247
12260,6275.106048,1,70704327.5904,0.023193394390149
12261,6275.126048,2,70704347.5712,0.0346435962054623
12262,6275.146048,1,70704367.6544,0.0232681787448522
12263,6275.166048,2,70704387.712,0.0347542360726945
12264,6275.186048,1,70704407.616,0.0232077365951605
12265,6275.206048,2,70704427.5712,0.0348279959841826
12266,6275.226048,1,70704447.5904,0.0232374454483988
12267,6275.246048,2,70704467.7888,0.0346804761612064
12268,6275.266048,1,70704487.5776,0.0232978875980904
12269,6275.286048,2,70704507.6736,0.0346651095129797
12270,6275.306048,1,70704527.6416,0.0231995410494396
12271,6275.326048,2,70704547.5968,0.0345718851804045
12272,6275.346048,1,70704567.8464,0.0232866187227242
12273,6275.366048,2,70704587.6352,0.0346169606818694
12274,6275.386048,1,70704607.616,0.023275349847358
12275,6275.406048,2,70704627.6096,0.0345933984879218
12276,6275.426048,1,70704647.6928,0.023275349847358
12277,6275.446048,2,70704667.8656,0.0345893007150614
12278,6275.466048,1,70704687.6416,0.0232712520744975
12279,6275.486048,2,70704707.8272,0.0345155408035733
12280,6275.506048,1,70704727.6544,0.0232446165509046
12281,6275.526048,2,70704747.6352,0.0345052963714221
12282,6275.546048,1,70704768.0896,0.023239494334829
12283,6275.566048,2,70704787.6352,0.0344653430860327
12284,6275.586048,1,70704807.68,0.0232927653820149
12285,6275.606048,2,70704827.648,0.0343649476509517
12286,6275.626048,1,70704847.6672,0.0232241276866023
12287,6275.646048,2,70704867.9936,0.0344120720388469
12288,6275.666048,1,70704887.68,0.0232948142684451
12289,6275.686048,2,70704907.6992,0.0344151453684922
12290,6275.706048,1,70704927.6544,0.0232907164955847
12291,6275.726048,2,70704947.648,0.0344264142438585
12292,6275.746048,1,70704967.9744,0.0232681787448522
12293,6275.766048,2,70704987.7248,0.0344489519945909
12294,6275.786048,1,70705007.7312,0.0233009609277358
12295,6275.806048,2,70705027.6608,0.0344161698117073
12296,6275.826048,1,70705047.6416,0.023312229803102
12297,6275.846048,2,70705067.8272,0.0344284631302887
12298,6275.866048,1,70705087.6288,0.0232907164955847
12299,6275.886048,2,70705107.7248,0.0345022230417768
12300,6275.906048,1,70705127.6672,0.0232456409941197
12301,6275.926048,2,70705147.6224,0.0343915831745446
12302,6275.946048,1,70705167.8976,0.0231872477308583
12303,6275.966048,2,70705187.7632,0.0344899297231954
12304,6275.986048,1,70705207.808,0.0232917409387998
12305,6276.006048,2,70705227.6736,0.0345298830085848
12306,6276.026048,1,70705247.7568,0.0232671543016371
12307,6276.046048,2,70705267.9424,0.0346517917511832
12308,6276.066048,1,70705287.7696,0.0232886676091544
12309,6276.086048,2,70705307.7376,0.034658962853689
12310,6276.106048,1,70705327.7184,0.0233142786895322
12311,6276.126048,2,70705347.6992,0.0346231073411601
12312,6276.146048,1,70705368.1792,0.0232999364845207
12313,6276.166048,2,70705387.7376,0.034449976437806
12314,6276.186048,1,70705407.9232,0.0232528120966255
12315,6276.206048,2,70705427.6864,0.03444075644887
12316,6276.226048,1,70705447.6672,0.0232374454483988
12317,6276.246048,2,70705468.1728,0.0344643186428176
12318,6276.266048,1,70705487.7824,0.0232517876534104
12319,6276.286048,2,70705507.7888,0.0344458786649456
12320,6276.306048,1,70705527.7312,0.0232610076423464
12321,6276.326048,2,70705547.7376,0.0344089987092015
12322,6276.346048,1,70705568.0128,0.0233009609277358
12323,6276.366048,2,70705587.7376,0.0345616407482533
12324,6276.386048,1,70705607.8464,0.0233409142131252
12325,6276.406048,2,70705627.7504,0.0345882762718462
12326,6276.426048,1,70705647.8592,0.0232886676091544
12327,6276.446048,2,70705667.8272,0.0346927694797877
12328,6276.466048,1,70705687.8464,0.0233921363738808
12329,6276.486048,2,70705707.904,0.0347839449259328
12330,6276.506048,1,70705727.744,0.0234054541356773
12331,6276.526048,2,70705747.7376,0.034813653779171
12332,6276.546048,1,70705768.384,0.0233296453377589
12333,6276.566048,2,70705787.7632,0.0347890671420083
12334,6276.586048,1,70705807.9232,0.023366525293503
12335,6276.606048,2,70705827.712,0.0348249226545373
12336,6276.626048,1,70705847.7312,0.023348085315631
12337,6276.646048,2,70705867.8784,0.0347655049480607
12338,6276.666048,1,70705887.8336,0.0233890630442355
12339,6276.686048,2,70705907.84,0.0349611736021472
12340,6276.706048,1,70705927.744,0.0233153031327474
12341,6276.726048,2,70705947.7632,0.0350584957075829
12342,6276.746048,1,70705967.936,0.0234167230110435
12343,6276.766048,2,70705987.8016,0.035022640195054
12344,6276.786048,1,70706007.8464,0.0233511586452763
12345,6276.806048,2,70706027.8144,0.0349027803388858
12346,6276.826048,1,70706047.808,0.0233183764623927
12347,6276.846048,2,70706067.9936,0.034877169258508
12348,6276.866048,1,70706087.7952,0.0233624275206425
12349,6276.886048,2,70706107.8656,0.0348597537238511
12350,6276.906048,1,70706127.7952,0.0233224742352531
12351,6276.926048,2,70706147.7632,0.0348269715409675
12352,6276.946048,1,70706167.9104,0.0233491097588461
12353,6276.966048,2,70706187.8656,0.0348833159177987
12354,6276.986048,1,70706208.0128,0.0233747208392239
12355,6277.006048,2,70706227.8784,0.0348392648595488
12356,6277.026048,1,70706247.7952,0.0233419386563403
12357,6277.046048,2,70706267.9936,0.0349201958735427
12358,6277.066048,1,70706288.0512,0.0233163275759625
12359,6277.086048,2,70706307.8912,0.0348822914745836
12360,6277.106048,1,70706327.8336,0.023366525293503
12361,6277.126048,2,70706347.8016,0.0349294158624787
12362,6277.146048,1,70706367.8976,0.0233337431106194
12363,6277.166048,2,70706387.8272,0.0350923023336816
12364,6277.186048,1,70706407.936,0.0233316942241892
12365,6277.206048,2,70706427.84,0.0350349335136353
12366,6277.226048,1,70706447.9488,0.0233624275206425
12367,6277.246048,2,70706468.0192,0.0351343045055013
12368,6277.266048,1,70706487.872,0.0233624275206425
12369,6277.286048,2,70706508.0192,0.0350933267768968
12370,6277.306048,1,70706527.8336,0.0233972585899564
12371,6277.326048,2,70706547.8656,0.0350984489929723
12372,6277.346048,1,70706568.0512,0.0232978875980904
12373,6277.366048,2,70706587.84,0.0351353289487164
12374,6277.386048,1,70706608.1024,0.0233542319749216
12375,6277.406048,2,70706627.84,0.0351250845165652
12376,6277.426048,1,70706647.8592,0.0234156985678284
12377,6277.446048,2,70706667.9424,0.0350912778904665
12378,6277.466048,1,70706687.8976,0.0233552564181367
12379,6277.486048,2,70706707.9168,0.0350902534472514
12380,6277.506048,1,70706727.8464,0.023439260761776
12381,6277.526048,2,70706748.1984,0.0349703935910832
12382,6277.546048,1,70706767.9872,0.0233962341467412
12383,6277.566048,2,70706787.9808,0.0349785891368041
12384,6277.586048,1,70706807.8976,0.02343004077284
12385,6277.606048,2,70706827.904,0.0348997070092405
12386,6277.626048,1,70706847.8848,0.0233112053598869
12387,6277.646048,2,70706867.9168,0.0348382404163337
12388,6277.666048,1,70706887.9104,0.0233716475095785
12389,6277.686048,2,70706907.9296,0.034832093757043
12390,6277.706048,1,70706927.8848,0.0232927653820149
12391,6277.726048,2,70706947.8656,0.0348577048374209
12392,6277.746048,1,70706968.064,0.0232866187227242
12393,6277.766048,2,70706987.9168,0.0349673202614379
12394,6277.786048,1,70707008.1664,0.0233931608170959
12395,6277.806048,2,70707027.8912,0.0350923023336816
12396,6277.826048,1,70707047.9744,0.0234023808060319
12397,6277.846048,2,70707067.968,0.0350482512754318
12398,6277.866048,1,70707087.936,0.0233808674985146
12399,6277.886048,2,70707108.2752,0.035104595652263
12400,6277.906048,1,70707127.936,0.0233439875427705
12401,6277.926048,2,70707148.0192,0.0353125576249308
12402,6277.946048,1,70707168.2304,0.0233900874874506
12403,6277.966048,2,70707187.9296,0.0353156309545762
12404,6277.986048,1,70707208.0128,0.0234279918864097
12405,6278.006048,2,70707227.9936,0.035505152949372
12406,6278.026048,1,70707248.0256,0.0234156985678284
12407,6278.046048,2,70707268.0576,0.0355512528940521
12408,6278.066048,1,70707287.9744,0.0234228696703342
12409,6278.086048,2,70707308.0064,0.035432417481099
12410,6278.106048,1,70707327.9744,0.0233870141578052
12411,6278.126048,2,70707347.9936,0.035441637470035
12412,6278.146048,1,70707368.2048,0.0234587251828631
12413,6278.166048,2,70707387.968,0.0353658286721167
12414,6278.186048,1,70707407.9744,0.0234402852049911
12415,6278.206048,2,70707428.032,0.0354703218800582
12416,6278.226048,1,70707447.9616,0.0234495051939271
12417,6278.246048,2,70707468.2368,0.0354375396971746
12418,6278.266048,1,70707488.0896,0.0233859897145901
12419,6278.286048,2,70707508.0576,0.0354180752760875
12420,6278.306048,1,70707527.9744,0.0234833118200258
12421,6278.326048,2,70707548.2112,0.0354354908107444
12422,6278.346048,1,70707568.1024,0.0234495051939271
12423,6278.366048,2,70707588.0832,0.0352531399184543
12424,6278.386048,1,70707608.0128,0.0235191673325548
12425,6278.406048,2,70707628.1344,0.0353207531706517
12426,6278.426048,1,70707647.9488,0.0234238941135493
12427,6278.446048,2,70707668.3264,0.0352008933144836
12428,6278.466048,1,70707688.0768,0.0234249185567644
12429,6278.486048,2,70707708.096,0.03535046202389
12430,6278.506048,1,70707728.0128,0.0233952097035261
12431,6278.526048,2,70707747.9936,0.0353852930932038
12432,6278.546048,1,70707768.1536,0.0234290163296248
12433,6278.566048,2,70707788.0192,0.0354160263896572
12434,6278.586048,1,70707808.0768,0.0234474563074969
12435,6278.606048,2,70707828.2368,0.0354918351875756
12436,6278.626048,1,70707848.1664,0.0234433585346364
12437,6278.646048,2,70707868.16,0.0354354908107444
12438,6278.666048,1,70707888.0512,0.0233931608170959
12439,6278.686048,2,70707908.096,0.0354570041182617
12440,6278.706048,1,70707928.0384,0.0234003319196017
12441,6278.726048,2,70707948.032,0.0353760731042678
12442,6278.746048,1,70707968.1408,0.0234259429999795
12443,6278.766048,2,70707988.0448,0.0354754440961337
12444,6278.786048,1,70708008.2432,0.0234116007949679
12445,6278.806048,2,70708028.032,0.0353986108550003
12446,6278.826048,1,70708048.1664,0.0234003319196017
12447,6278.846048,2,70708068.1856,0.0354518819021862
12448,6278.866048,1,70708088.0768,0.0233511586452763
12449,6278.886048,2,70708108.0704,0.0354877374147151
12450,6278.906048,1,70708128.0896,0.0233818919417297
12451,6278.926048,2,70708148.0576,0.0354733952097035
12452,6278.946048,1,70708168.0896,0.0233429630995554
12453,6278.966048,2,70708188.16,0.0356096461573135
12454,6278.986048,1,70708208.064,0.0233234986784682
12455,6279.006048,2,70708228.1088,0.0357458971049235
12456,6279.026048,1,70708248.2048,0.0233142786895322
12457,6279.046048,2,70708268.2624,0.0358196570164116
12458,6279.066048,1,70708288.2688,0.0232231032433872
12459,6279.086048,2,70708308.1856,0.0359118569057717
12460,6279.106048,1,70708328.1024,0.0232312987891081
12461,6279.126048,2,70708348.1088,0.0358555125289405
12462,6279.146048,1,70708368.2048,0.023248714323765
12463,6279.166048,2,70708388.096,0.0358370725510685
12464,6279.186048,1,70708408.2688,0.0231985166062245
12465,6279.206048,2,70708428.1472,0.0358534636425103
12466,6279.226048,1,70708448.1792,0.0231626610936956
12467,6279.246048,2,70708468.096,0.0358514147560801
12468,6279.266048,1,70708488.1792,0.023202614379085
12469,6279.286048,2,70708508.1088,0.0359610301800971
12470,6279.306048,1,70708528.0768,0.0231524166615445
12471,6279.326048,2,70708548.1088,0.0357735570717315
12472,6279.346048,1,70708568.1792,0.023248714323765
12473,6279.366048,2,70708588.1088,0.0358534636425103
12474,6279.386048,1,70708608.1664,0.0232528120966255
12475,6279.406048,2,70708628.096,0.0357059438195341
12476,6279.426048,1,70708648.1024,0.0232630565287766
12477,6279.446048,2,70708668.1344,0.0357213104677608
12478,6279.466048,1,70708688.2688,0.0232015899358699
12479,6279.486048,2,70708708.1216,0.0355533017804823
12480,6279.506048,1,70708728.1664,0.0231903210605036
12481,6279.526048,2,70708748.16,0.0355819861905055
12482,6279.546048,1,70708768.2304,0.023230274345893
12483,6279.566048,2,70708788.1472,0.0355072018358022
12484,6279.586048,1,70708808.0768,0.0232692031880673
12485,6279.606048,2,70708828.2496,0.0355112996086627
12486,6279.626048,1,70708848.1152,0.0232149076976663
12487,6279.646048,2,70708868.1856,0.0354805663122093
12488,6279.666048,1,70708888.1792,0.0232128588112361
12489,6279.686048,2,70708908.1216,0.035550228450837
12490,6279.706048,1,70708928.1536,0.0232651054152068
12491,6279.726048,2,70708948.16,0.0354867129715
12492,6279.746048,1,70708968.1536,0.0232548609830557
12493,6279.766048,2,70708988.1856,0.0355471551211916
12494,6279.786048,1,70709008.128,0.0232773987337882
12495,6279.806048,2,70709028.2112,0.0355614973262032
12496,6279.826048,1,70709048.1664,0.0232640809719917
12497,6279.846048,2,70709068.3008,0.035632183908046
12498,6279.866048,1,70709088.1408,0.0233357919970496
12499,6279.886048,2,70709108.16,0.035568668428709
12500,6279.906048,1,70709128.1664,0.0232999364845207
12501,6279.926048,2,70709148.1984,0.0356536972155633
12502,6279.946048,1,70709168.3456,0.0232773987337882
12503,6279.966048,2,70709188.416,0.0355655950990637
12504,6279.986048,1,70709208.1408,0.0232425676644744
12505,6280.006048,2,70709228.1472,0.0354897863011453
12506,6280.026048,1,70709248.2176,0.0232896920523695
12507,6280.046048,2,70709268.3136,0.0355174462679534
12508,6280.066048,1,70709288.1792,0.0232569098694859
12509,6280.086048,2,70709308.16,0.0355287151433196
12510,6280.106048,1,70709328.2304,0.0232476898805499
12511,6280.126048,2,70709348.1728,0.0355430573483312
12512,6280.146048,1,70709368.3072,0.0233081320302416
12513,6280.166048,2,70709388.1344,0.0355451062347614
12514,6280.186048,1,70709408.1664,0.0233347675538345
12515,6280.206048,2,70709428.1984,0.0354436863564653
12516,6280.226048,1,70709448.1792,0.0233163275759625
12517,6280.246048,2,70709468.5056,0.0354365152539595
12518,6280.266048,1,70709488.2176,0.023312229803102
12519,6280.286048,2,70709508.1984,0.0353422664781691
12520,6280.306048,1,70709528.2432,0.0233470608724158
12521,6280.326048,2,70709548.7488,0.0354119286167968
12522,6280.346048,1,70709568.32,0.0234116007949679
12523,6280.366048,2,70709588.1984,0.0353668531153318
12524,6280.386048,1,70709608.2048,0.0233624275206425
12525,6280.406048,2,70709628.1728,0.0352838732149077
12526,6280.426048,1,70709648.2048,0.0233347675538345
12527,6280.446048,2,70709668.2112,0.0353873419796341
12528,6280.466048,1,70709688.2688,0.0233009609277358
12529,6280.486048,2,70709709.1584,0.0351855266662569
12530,6280.506048,1,70709728.3072,0.0233337431106194
12531,6280.526048,2,70709748.2112,0.0352848976581228
12532,6280.546048,1,70709768.384,0.0233501342020612
12533,6280.566048,2,70709788.3008,0.0353166553977913
12534,6280.586048,1,70709808.2176,0.0233071075870264
12535,6280.606048,2,70709828.4544,0.0352889954309833
12536,6280.626048,1,70709848.2432,0.0233132542463171
12537,6280.646048,2,70709868.3264,0.0352398221566579
12538,6280.666048,1,70709888.32,0.0233050587005962
12539,6280.686048,2,70709908.1984,0.0352367488270125
12540,6280.706048,1,70709928.3072,0.023257934312701
12541,6280.726048,2,70709948.2368,0.0353012887495646
12542,6280.746048,1,70709968.3072,0.0232497387669801
12543,6280.766048,2,70709988.4032,0.0354385641403897
12544,6280.786048,1,70710008.2816,0.0232036388223001
12545,6280.806048,2,70710028.288,0.0354672485504128
12546,6280.826048,1,70710048.4864,0.0232405187780441
12547,6280.846048,2,70710068.3264,0.035395537525355
12548,6280.866048,1,70710088.4352,0.0232538365398406
12549,6280.886048,2,70710108.2752,0.0353648042289016
12550,6280.906048,1,70710128.3712,0.0232733009609277
12551,6280.926048,2,70710148.2496,0.0352838732149077
12552,6280.946048,1,70710168.384,0.0232589587559162
12553,6280.966048,2,70710188.3136,0.0352930932038437
12554,6280.986048,1,70710208.2688,0.0233071075870264
12555,6281.00608,2,70710228.352,0.035368902001762
12556,6281.02608,1,70710248.2944,0.0232200299137419
12557,6281.04608,2,70710268.3776,0.0352562132480997
12558,6281.06608,1,70710288.3072,0.0232353965619686
12559,6281.08608,2,70710308.2496,0.0352613354641752
12560,6281.10608,1,70710328.3328,0.0232046632655152
12561,6281.12608,2,70710348.3136,0.0352633843506054
12562,6281.14608,1,70710368.5504,0.0231862232876432
12563,6281.16608,2,70710388.3904,0.0354303685946688
12564,6281.18608,1,70710408.448,0.0232087610383756
12565,6281.20608,2,70710428.3392,0.0354334419243141
12566,6281.22608,1,70710448.3328,0.0232589587559162
12567,6281.24608,2,70710468.4288,0.0354611018911222
12568,6281.26608,1,70710488.3328,0.0232876431659393
12569,6281.28608,2,70710508.3648,0.0354098797303666
12570,6281.30608,1,70710528.3328,0.0232599831991313
12571,6281.32608,2,70710548.352,0.0355369106890405
12572,6281.34608,1,70710568.5504,0.0232784231770033
12573,6281.36608,2,70710588.4032,0.0357745815149466
12574,6281.38608,1,70710608.4096,0.0232036388223001
12575,6281.40608,2,70710628.3648,0.0358268281189174
12576,6281.42608,1,70710648.3584,0.0232435921076895
12577,6281.44608,2,70710668.4672,0.0355973528387321
12578,6281.46608,1,70710688.3584,0.0232292499026779
12579,6281.48608,2,70710708.416,0.0355748150879997
12580,6281.50608,1,70710728.4864,0.0232015899358699
12581,6281.52608,2,70710748.3776,0.0355573995533428
12582,6281.54608,1,70710768.5888,0.0232241276866023
12583,6281.56608,2,70710788.4032,0.035404757514291
12584,6281.58608,1,70710808.3584,0.0232630565287766
12585,6281.60608,2,70710828.4544,0.0353893908660643
12586,6281.62608,1,70710848.3968,0.0233327186674043
12587,6281.64608,2,70710868.4928,0.0352818243284775
12588,6281.66608,1,70710888.4096,0.0233224742352531
12589,6281.68608,2,70710908.3904,0.0353791464339132
12590,6281.70608,1,70710928.4736,0.0233603786342123
12591,6281.72608,2,70710948.4032,0.0354908107443604
12592,6281.74608,1,70710968.4608,0.0232640809719917
12593,6281.76608,2,70710988.4032,0.0354559796750466
12594,6281.78608,1,70711008.5248,0.023357305304567
12595,6281.80608,2,70711028.3904,0.0353422664781691
12596,6281.82608,1,70711048.4352,0.0233593541909972
12597,6281.84608,2,70711068.4672,0.0353607064560411
12598,6281.86608,1,70711088.3968,0.023384965271375
12599,6281.88608,2,70711108.4928,0.0355082262790173
12600,6281.90608,1,70711128.448,0.0233337431106194
12601,6281.92608,2,70711148.4416,0.0353617308992563
12602,6281.94608,1,70711168.5632,0.0233337431106194
12603,6281.96608,2,70711188.4544,0.0352715798963263
12604,6281.98608,1,70711208.4992,0.0232476898805499
12605,6282.00608,2,70711228.5056,0.0350892290040363
12606,6282.02608,1,70711248.4608,0.0232056877087303
12607,6282.04608,2,70711268.5184,0.0349837113528797
12608,6282.06608,1,70711288.448,0.0232948142684451
12609,6282.08608,2,70711308.5568,0.0350779601286701
12610,6282.10608,1,70711328.448,0.0231841744012129
12611,6282.12608,2,70711348.5568,0.0353043620792099
12612,6282.14608,1,70711368.5888,0.0232876431659393
12613,6282.16608,2,70711388.4544,0.0352562132480997
12614,6282.18608,1,70711408.448,0.0232825209498638
12615,6282.20608,2,70711428.608,0.0352807998852624
12616,6282.22608,1,70711448.448,0.0232835453930789
12617,6282.24608,2,70711468.5568,0.0350851312311759
12618,6282.26608,1,70711488.448,0.0232917409387998
12619,6282.28608,2,70711508.4416,0.0349744913639437
12620,6282.30608,1,70711528.512,0.0232773987337882
12621,6282.32608,2,70711548.5056,0.0348874136906591
12622,6282.34608,1,70711568.64,0.0233204253488229
12623,6282.36608,2,70711588.4672,0.0349007314524556
12624,6282.38608,1,70711608.4608,0.0234136496813982
12625,6282.40608,2,70711628.5056,0.0349283914192636
12626,6282.42608,1,70711648.448,0.0233255475648985
12627,6282.44608,2,70711668.7104,0.0349447825107054
12628,6282.46608,1,70711688.4992,0.0233829163849448
12629,6282.48608,2,70711708.4544,0.0352510910320241
12630,6282.50608,1,70711728.4992,0.0232968631548753
12631,6282.52608,2,70711748.48,0.0354354908107444
12632,6282.54608,1,70711768.6144,0.0233398897699101
12633,6282.56608,2,70711788.4928,0.0355461306779765
12634,6282.58608,1,70711808.4992,0.023375745282439
12635,6282.60608,2,70711828.5312,0.0355912061794415
12636,6282.62608,1,70711848.512,0.0233583297477821
12637,6282.64608,2,70711868.5312,0.0357889237199582
12638,6282.66608,1,70711888.512,0.0233993074763866
12639,6282.68608,2,70711908.5824,0.0359343946565042
12640,6282.70608,1,70711928.4736,0.0233501342020612
12641,6282.72608,2,70711948.4928,0.035923125781138
12642,6282.74608,1,70711968.6144,0.0233818919417297
12643,6282.76608,2,70711988.5056,0.0358370725510685
12644,6282.78608,1,70712008.5248,0.0233275964513287
12645,6282.80608,2,70712028.5696,0.0357110660356096
12646,6282.82608,1,70712048.512,0.0233839408281599
12647,6282.84608,2,70712068.672,0.0356444772266273
12648,6282.86608,1,70712088.5248,0.023357305304567
12649,6282.88608,2,70712108.5568,0.0355246173704592
12650,6282.90608,1,70712128.5888,0.0233583297477821
12651,6282.92608,2,70712148.4928,0.0354867129715
12652,6282.94608,1,70712168.6784,0.0233378408834798
12653,6282.96608,2,70712188.5568,0.0353986108550003
12654,6282.98608,1,70712208.5248,0.0233777941688692
12655,6283.00608,2,70712228.5056,0.0352951420902739
12656,6283.02608,1,70712248.512,0.0233952097035261
12657,6283.04608,2,70712268.6464,0.0351763066773209
12658,6283.06608,1,70712288.5888,0.0233900874874506
12659,6283.08608,2,70712308.5568,0.0351875755526871
12660,6283.10608,1,70712328.5888,0.0234320896592702
12661,6283.12608,2,70712348.544,0.0351271334029955
12662,6283.14608,1,70712368.6656,0.0234013563628168
12663,6283.16608,2,70712388.5824,0.0351793800069662
12664,6283.18608,1,70712408.576,0.0233890630442355
12665,6283.20608,2,70712428.544,0.0352080644169894
12666,6283.22608,1,70712448.6144,0.023403405249247
12667,6283.24608,2,70712468.6336,0.035231626610937
12668,6283.26608,1,70712488.6272,0.0233419386563403
12669,6283.28608,2,70712508.6464,0.0351937222119778
12670,6283.30608,1,70712528.5504,0.0233859897145901
12671,6283.32608,2,70712548.6208,0.0353586575696109
12672,6283.34608,1,70712568.64,0.0234075030221075
12673,6283.36608,2,70712588.5952,0.0354098797303666
12674,6283.38608,1,70712608.6016,0.0233870141578052
12675,6283.40608,2,70712628.5696,0.0353146065113611
12676,6283.42608,1,70712648.6272,0.0233675497367181
12677,6283.44608,2,70712668.6976,0.0354641752207675
12678,6283.46608,1,70712688.6272,0.0233614030774274
12679,6283.48608,2,70712708.608,0.035495932960436
12680,6283.50608,1,70712728.6016,0.0232917409387998
12681,6283.52608,2,70712748.736,0.0354467596861106
12682,6283.54608,1,70712768.6272,0.0233931608170959
12683,6283.56608,2,70712788.6848,0.0355389595754707
12684,6283.58608,1,70712808.5632,0.0233644764070728
12685,6283.60608,2,70712828.5696,0.0355543262236974
12686,6283.62608,1,70712848.6656,0.023330669780974
12687,6283.64608,2,70712868.5824,0.035587108406581
12688,6283.66608,1,70712888.5888,0.0234013563628168
12689,6283.68608,2,70712908.608,0.0356557461019936
12690,6283.70608,1,70712928.576,0.0234423340914213
12691,6283.72608,2,70712948.5952,0.0357161882516852
12692,6283.74608,1,70712968.704,0.0234013563628168
12693,6283.76608,2,70712988.5824,0.0356455016698424
12694,6283.78608,1,70713008.6784,0.0233788186120843
12695,6283.80608,2,70713028.608,0.0357305304566968
12696,6283.82608,1,70713048.6144,0.0233439875427705
12697,6283.84608,2,70713068.736,0.0357878992767431
12698,6283.86608,1,70713088.5632,0.0233583297477821
12699,6283.88608,2,70713108.6976,0.0356086217140984
12700,6283.90608,1,70713128.6144,0.0232907164955847
12701,6283.92608,2,70713148.6208,0.0355789128608601
12702,6283.94608,1,70713168.7936,0.0233450119859856
12703,6283.96608,2,70713188.6208,0.0354354908107444
12704,6283.98608,1,70713208.6912,0.0232681787448522
12705,6284.00608,2,70713228.6336,0.035322802057082
12706,6284.02608,1,70713248.6144,0.0232835453930789
12707,6284.04608,2,70713268.7104,0.0351988444280534
12708,6284.06608,1,70713288.64,0.0232077365951605
12709,6284.08608,2,70713308.672,0.0351629889155244
12710,6284.10608,1,70713328.6272,0.0232825209498638
12711,6284.12608,2,70713348.6336,0.0351373778351466
12712,6284.14608,1,70713368.7552,0.0232620320855615
12713,6284.16608,2,70713388.6464,0.0351025467658328
12714,6284.18608,1,70713408.64,0.0232272010162477
12715,6284.20608,2,70713428.672,0.0350277624111295
12716,6284.22608,1,70713448.6528,0.0232917409387998
12717,6284.24608,2,70713468.7104,0.0351066445386932
12718,6284.26608,1,70713488.7424,0.0232517876534104
12719,6284.28608,2,70713508.6592,0.0350123957629029
12720,6284.30608,1,70713528.64,0.0232671543016371
12721,6284.32608,2,70713548.7616,0.0351015223226177
12722,6284.34608,1,70713568.7424,0.023275349847358
12723,6284.36608,2,70713588.6592,0.0351004978794025
12724,6284.38608,1,70713608.7808,0.0232620320855615
12725,6284.40608,2,70713628.672,0.035041080172926
12726,6284.42608,1,70713648.704,0.0232323232323232
12727,6284.44608,2,70713668.672,0.0349509291699961
12728,6284.46608,1,70713688.7296,0.0233142786895322
12729,6284.48608,2,70713708.7104,0.0348146782223861
12730,6284.50608,1,70713728.8448,0.0232435921076895
12731,6284.52608,2,70713748.672,0.0346548650808286
12732,6284.54608,1,70713768.8192,0.0232794476202184
12733,6284.56608,2,70713788.7104,0.0346210584547299
12734,6284.58608,1,70713808.6784,0.0233316942241892
12735,6284.60608,2,70713828.7744,0.0346302784436659
12736,6284.62608,1,70713848.7168,0.0232425676644744
12737,6284.64608,2,70713868.8384,0.0347839449259328
12738,6284.66608,1,70713888.7296,0.0232456409941197
12739,6284.68608,2,70713908.7232,0.0348249226545373
12740,6284.70608,1,70713928.7552,0.0232620320855615
12741,6284.72608,2,70713948.7104,0.0346620361833344
12742,6284.74608,1,70713968.9088,0.0232374454483988
12743,6284.76608,2,70713988.7104,0.034668182842625
12744,6284.78608,1,70714008.7552,0.0232138832544512
12745,6284.80608,2,70714028.8896,0.0346548650808286
12746,6284.82608,1,70714048.7168,0.0232620320855615
12747,6284.84608,2,70714068.8896,0.0347398938676829
12748,6284.86608,1,70714088.8448,0.0232948142684451
12749,6284.88608,2,70714108.8256,0.0348792181449382
12750,6284.90608,1,70714128.7424,0.0232159321408814
12751,6284.92608,2,70714148.8256,0.0349007314524556
12752,6284.94608,1,70714168.8704,0.0232497387669801
12753,6284.96608,2,70714188.7488,0.0350052246603971
12754,6284.98608,1,70714208.8576,0.0232292499026779
12755,6285.00608,2,70714228.7744,0.0350021513307517
12756,6285.02608,1,70714248.7552,0.0232446165509046
12757,6285.04608,2,70714268.928,0.0349601491589321
12758,6285.06608,1,70714288.7552,0.023202614379085
12759,6285.08608,2,70714308.736,0.0350031757739669
12760,6285.10608,1,70714328.8192,0.0231339766836724
12761,6285.12608,2,70714348.7872,0.0349970291146762
12762,6285.14608,1,70714368.7808,0.0231698321962014
12763,6285.16608,2,70714388.8128,0.0351015223226177
12764,6285.18608,1,70714408.7808,0.0232763742905731
12765,6285.20608,2,70714428.7872,0.0351168889708443
12766,6285.22608,1,70714448.8064,0.0231974921630094
12767,6285.24608,2,70714468.864,0.0349509291699961
12768,6285.26608,1,70714488.8448,0.023202614379085
12769,6285.28608,2,70714508.7872,0.0348331182002582
12770,6285.30608,1,70714528.7936,0.023175978855492
12771,6285.32608,2,70714548.8768,0.0347286249923167
12772,6285.34608,1,70714568.896,0.0232528120966255
12773,6285.36608,2,70714588.8256,0.0347798471530723
12774,6285.38608,1,70714608.7936,0.0233603786342123
12775,6285.40608,2,70714628.8128,0.03471325834409
12776,6285.42608,1,70714648.8832,0.0232620320855615
12777,6285.44608,2,70714668.8256,0.0347491138566189
12778,6285.46608,1,70714688.9216,0.0232927653820149
12779,6285.48608,2,70714708.7872,0.034731698321962
12780,6285.50608,1,70714728.8576,0.0232702276312824
12781,6285.52608,2,70714748.9408,0.0346487184215379
12782,6285.54608,1,70714768.8832,0.023257934312701
12783,6285.56608,2,70714788.8256,0.0346056918065032
12784,6285.58608,1,70714808.832,0.0232517876534104
12785,6285.60608,2,70714828.8384,0.0348208248816768
12786,6285.62608,1,70714848.832,0.0232978875980904
12787,6285.64608,2,70714868.9152,0.0346435962054623
12788,6285.66608,1,70714888.8576,0.0233019853709509
12789,6285.68608,2,70714908.8768,0.0345688118507591
12790,6285.70608,1,70714928.96,0.0232968631548753
12791,6285.72608,2,70714948.8768,0.0345729096236196
12792,6285.74608,1,70714968.9728,0.0233634519638576
12793,6285.76608,2,70714988.8384,0.0345759829532649
12794,6285.78608,1,70715008.8576,0.0233337431106194
12795,6285.80608,2,70715028.928,0.0345821296125556
12796,6285.82608,1,70715048.8704,0.0232907164955847
12797,6285.84608,2,70715069.3504,0.034495051939271
12798,6285.86608,1,70715088.8832,0.0232825209498638
12799,6285.88608,2,70715108.8512,0.0344171942549224
12800,6285.90608,1,70715128.9472,0.0232569098694859
12801,6285.92608,2,70715148.8384,0.0344827586206897
12802,6285.94608,1,70715168.96,0.0232507632101953
12803,6285.96608,2,70715188.9664,0.0346661339561948
12804,6285.98608,1,70715208.8192,0.0232466654373348
12805,6286.00608,2,70715228.864,0.0346886717069273
12806,6286.02608,1,70715248.8704,0.0232405187780441
12807,6286.04608,2,70715268.8512,0.034767553834491
12808,6286.06608,1,70715288.896,0.0232620320855615
12809,6286.08608,2,70715308.8512,0.034822873768107
12810,6286.10608,1,70715328.8576,0.023257934312701
12811,6286.12608,2,70715348.8768,0.0348740959288627
12812,6286.14608,1,70715368.9088,0.0232712520744975
12813,6286.16608,2,70715388.8512,0.0349160981006823
12814,6286.18608,1,70715408.8832,0.0233101809166718
12815,6286.20608,2,70715428.8384,0.0351127911979839
12816,6286.22608,1,70715448.9088,0.023257934312701
12817,6286.24608,2,70715468.9792,0.0350646423668736
12818,6286.26608,1,70715488.9216,0.0232056877087303
12819,6286.28608,2,70715508.8768,0.0349939557850308
12820,6286.30608,1,70715528.8576,0.0232251521298174
12821,6286.32608,2,70715548.9024,0.0349550269428566
12822,6286.34608,1,70715569.0496,0.0232097854815908
12823,6286.36608,2,70715588.8896,0.034949904726781
12824,6286.38608,1,70715608.896,0.0232630565287766
12825,6286.40608,2,70715628.9664,0.0348300448706128
12826,6286.42608,1,70715648.9344,0.0232835453930789
12827,6286.44608,2,70715669.2096,0.0346825250476366
12828,6286.46608,1,70715688.8832,0.0232149076976663
12829,6286.48608,2,70715708.9024,0.0346620361833344
12830,6286.50608,1,70715728.9344,0.0232825209498638
12831,6286.52608,2,70715748.9152,0.0345974962607823
12832,6286.54608,1,70715769.0624,0.0232733009609277
12833,6286.56608,2,70715788.9024,0.0346333517733112
12834,6286.58608,1,70715808.896,0.0232476898805499
12835,6286.60608,2,70715828.928,0.0344786608478292
12836,6286.62608,1,70715848.8704,0.0232251521298174
12837,6286.64608,2,70715868.9024,0.0344643186428176
12838,6286.66608,1,70715888.9216,0.0232733009609277
12839,6286.68608,2,70715908.9024,0.034485831950335
12840,6286.70608,1,70715928.9088,0.0232651054152068
12841,6286.72608,2,70715948.9152,0.0344837830639048
12842,6286.74608,1,70715968.9856,0.0232261765730326
12843,6286.76608,2,70715988.9024,0.0343249943655623
12844,6286.78608,1,70716008.9856,0.0232005654926547
12845,6286.80608,2,70716028.992,0.0344612453131723
12846,6286.82608,1,70716048.9472,0.0232067121519454
12847,6286.84608,2,70716068.992,0.0343352387977134
12848,6286.86608,1,70716088.9216,0.0231636855369107
12849,6286.88608,2,70716108.9536,0.0343280676952077
12850,6286.90608,1,70716128.9984,0.0231227078083062
12851,6286.92608,2,70716148.928,0.0342266478169115
12852,6286.94608,1,70716169.0624,0.0231688077529863
12853,6286.96608,2,70716188.9792,0.0342645522158707
12854,6286.98608,1,70716208.9344,0.0232149076976663
12855,6287.00608,2,70716228.9792,0.0342235744872662
12856,6287.02608,1,70716248.9984,0.0232261765730326
12857,6287.04608,2,70716269.0816,0.0342409900219231
12858,6287.06608,1,70716288.96,0.0232138832544512
12859,6287.08608,2,70716308.9152,0.0342379166922777
12860,6287.10608,1,70716328.9728,0.0232374454483988
12861,6287.12608,2,70716348.9664,0.0342143544983302
12862,6287.14608,1,70716368.9728,0.023239494334829
12863,6287.16608,2,70716389.0944,0.0342276722601266
12864,6287.18608,1,70716408.96,0.0232814965066486
12865,6287.20608,2,70716429.056,0.0343608498780913
12866,6287.22608,1,70716449.024,0.0231862232876432
12867,6287.24608,2,70716468.992,0.0342123056118999
12868,6287.26608,1,70716489.0496,0.0231923699469338
12869,6287.28608,2,70716509.0176,0.0343475321162948
12870,6287.30608,1,70716528.9984,0.0232241276866023
12871,6287.32608,2,70716549.056,0.0343229454791321
12872,6287.34608,1,70716569.0112,0.023202614379085
12873,6287.36608,2,70716589.056,0.0343055299444752
12874,6287.38608,1,70716608.96,0.0231534411047596
12875,6287.40608,2,70716628.992,0.0343116766037659
12876,6287.42608,1,70716649.0112,0.0231985166062245
12877,6287.44608,2,70716669.056,0.0341569856782839
12878,6287.46608,1,70716689.0112,0.0232149076976663
12879,6287.48608,2,70716709.0432,0.0340770791075051
12880,6287.50608,1,70716729.0112,0.0232312987891081
12881,6287.52608,2,70716749.0304,0.0339459503759707
12882,6287.54608,1,70716769.0368,0.0231073411600795
12883,6287.56608,2,70716789.0688,0.0339162415227324
12884,6287.58608,1,70716809.024,0.0231319277972422
12885,6287.60608,2,70716829.0176,0.0343014321716147
12886,6287.62608,1,70716849.0624,0.0231770032987072
12887,6287.64608,2,70716869.0176,0.0341621078943594
12888,6287.66608,1,70716889.1264,0.0231370500133178
12889,6287.68608,2,70716909.056,0.0342502100108591
12890,6287.70608,1,70716929.024,0.0231083656032946
12891,6287.72608,2,70716949.056,0.0340207347306739
12892,6287.74608,1,70716969.0368,0.0231677833097711
12893,6287.76608,2,70716989.184,0.0339664392402729
12894,6287.78608,1,70717009.0624,0.0232097854815908
12895,6287.80608,2,70717029.0688,0.0339141926363022
12896,6287.82608,1,70717049.152,0.0231913455037187
12897,6287.84608,2,70717069.1456,0.0338096994283607
12898,6287.86608,1,70717089.152,0.0232312987891081
12899,6287.88608,2,70717109.0816,0.0338557993730408
12900,6287.90608,1,70717129.1392,0.0232169565840965
12901,6287.92608,2,70717149.056,0.034012539184953
12902,6287.94608,1,70717169.1264,0.0232251521298174
12903,6287.96608,2,70717189.0432,0.0340053680824472
12904,6287.98608,1,70717209.0368,0.0232046632655152
12905,6288.00608,2,70717229.1456,0.033857848259471
12906,6288.02608,1,70717249.0752,0.0232517876534104
12907,6288.04608,2,70717269.1584,0.0338353105087385
12908,6288.06608,1,70717289.1008,0.0232087610383756
12909,6288.08608,2,70717309.0816,0.0339070215337964
12910,6288.10608,1,70717329.0496,0.0232589587559162
12911,6288.12608,2,70717349.0944,0.0339059970905813
12912,6288.14608,1,70717369.152,0.0232405187780441
12913,6288.16608,2,70717389.0944,0.0338435060544594
12914,6288.18608,1,70717409.0752,0.023202614379085
12915,6288.20608,2,70717429.12,0.033885508226279
12916,6288.22608,1,70717449.1008,0.0232272010162477
12917,6288.24608,2,70717469.12,0.0339059970905813
12918,6288.26608,1,70717489.088,0.0232620320855615
12919,6288.28608,2,70717509.1072,0.0340555657999877
12920,6288.30608,1,70717529.1392,0.0233019853709509
12921,6288.32608,2,70717549.12,0.034131374597906
12922,6288.34608,1,70717569.1264,0.0232128588112361
12923,6288.36608,2,70717589.0944,0.0340361013789006
12924,6288.38608,1,70717609.1136,0.0232528120966255
12925,6288.40608,2,70717629.1456,0.0341190812793247
12926,6288.42608,1,70717649.1008,0.0233040342573811
12927,6288.44608,2,70717669.1584,0.0341815723154466
12928,6288.46608,1,70717689.1136,0.0232056877087303
12929,6288.48608,2,70717709.1328,0.0341907923043826
12930,6288.50608,1,70717729.1648,0.023166758866556
12931,6288.52608,2,70717749.12,0.0342901632962485
12932,6288.54608,1,70717769.216,0.0232671543016371
12933,6288.56608,2,70717789.1456,0.0344284631302887
12934,6288.58608,1,70717809.1264,0.0233081320302416
12935,6288.60608,2,70717829.1584,0.0344376831192247
12936,6288.62608,1,70717849.1392,0.0232538365398406
12937,6288.64608,2,70717869.1968,0.0344714897453234
12938,6288.66608,1,70717889.1392,0.0233112053598869
12939,6288.68608,2,70717909.12,0.0345800807261253
12940,6288.70608,1,70717929.216,0.0232968631548753
12941,6288.72608,2,70717949.1584,0.0345513963161022
12942,6288.74608,1,70717969.2288,0.0232169565840965
12943,6288.76608,2,70717989.2096,0.0345626651914684
12944,6288.78608,1,70718009.1648,0.0232077365951605
12945,6288.80608,2,70718029.184,0.0345196385764337
12946,6288.82608,1,70718049.216,0.0232814965066486
12947,6288.84608,2,70718069.1712,0.0344827586206897
12948,6288.86608,1,70718089.1776,0.0232548609830557
12949,6288.88608,2,70718109.1712,0.0345544696457475
12950,6288.90608,1,70718129.4208,0.0233142786895322
12951,6288.92608,2,70718149.1584,0.0345575429753929
12952,6288.94608,1,70718169.3952,0.0232507632101953
12953,6288.96608,2,70718189.1968,0.0344376831192247
12954,6288.98608,1,70718209.1648,0.0233470608724158
12955,6289.00608,2,70718229.2224,0.0342717233183765
12956,6289.02608,1,70718249.1776,0.023321449792038
12957,6289.04608,2,70718269.2352,0.0342594299997951
12958,6289.06608,1,70718289.2032,0.0232179810273117
12959,6289.08608,2,70718309.184,0.0341641567807896
12960,6289.10608,1,70718329.2416,0.023202614379085
12961,6289.12608,2,70718349.1968,0.0341006413014527
12962,6289.14608,1,70718369.1904,0.023312229803102
12963,6289.16608,2,70718389.2224,0.0341539123486385
12964,6289.18608,1,70718409.2032,0.0231770032987072
12965,6289.20608,2,70718429.3248,0.034112934620034
12966,6289.22608,1,70718449.216,0.0231964677197943
12967,6289.24608,2,70718469.2736,0.0340371258221157
12968,6289.26608,1,70718489.2032,0.0231462700022538
12969,6289.28608,2,70718509.2224,0.0341180568361096
12970,6289.30608,1,70718529.2544,0.0232272010162477
12971,6289.32608,2,70718549.2096,0.0341016657446678
12972,6289.34608,1,70718569.2928,0.0232231032433872
12973,6289.36608,2,70718589.4016,0.0342143544983302
12974,6289.38608,1,70718609.2416,0.0231821255147827
12975,6289.40608,2,70718629.2736,0.0342737722048067
12976,6289.42608,1,70718649.2416,0.0232466654373348
12977,6289.44608,2,70718669.2992,0.0342256233736964
12978,6289.46608,1,70718689.2416,0.0232159321408814
12979,6289.48608,2,70718709.568,0.034458171983527
12980,6289.50608,1,70718729.2672,0.0231944188333641
12981,6289.52608,2,70718749.2608,0.0345893007150614
12982,6289.54608,1,70718769.3056,0.0231821255147827
12983,6289.56608,2,70718789.2608,0.0345268096789395
12984,6289.58608,1,70718809.2672,0.0231851988444281
12985,6289.60608,2,70718829.312,0.0346958428094331
12986,6289.62608,1,70718849.28,0.0232528120966255
12987,6289.64608,2,70718869.3248,0.0345893007150614
12988,6289.66608,1,70718889.3312,0.0231636855369107
12989,6289.68608,2,70718909.2864,0.0345872518286311
12990,6289.70608,1,70718929.3184,0.0231739299690618
12991,6289.72608,2,70718949.2736,0.0345606163050382
12992,6289.74608,1,70718969.3312,0.0231872477308583
12993,6289.76608,2,70718989.2736,0.0346487184215379
12994,6289.78608,1,70719009.2928,0.0231964677197943
12995,6289.80608,2,70719029.376,0.0348116048927408
12996,6289.82608,1,70719049.2672,0.023193394390149
12997,6289.84608,2,70719069.3888,0.0350656668100887
12998,6289.86608,1,70719089.28,0.0231811010715676
12999,6289.88608,2,70719109.2736,0.0350216157518389
13000,6289.90608,1,70719129.344,0.0232077365951605
13001,6289.92608,2,70719149.312,0.0350738623558096
13002,6289.94608,1,70719169.344,0.0230509967832483
13003,6289.96608,2,70719189.2992,0.035149671153728
13004,6289.98608,1,70719209.2672,0.0231964677197943
13005,6290.00608,2,70719229.312,0.0351261089597804
13006,6290.02608,1,70719249.2928,0.0231882721740734
13007,6290.04608,2,70719269.4144,0.0350636179236585
13008,6290.06608,1,70719289.3184,0.0231616366504805
13009,6290.08608,2,70719309.3248,0.0350554223779376
13010,6290.10608,1,70719329.4336,0.0231780277419223
13011,6290.12608,2,70719349.3248,0.0350113713196877
13012,6290.14608,1,70719369.408,0.0231821255147827
13013,6290.16608,2,70719389.4656,0.0350830823447456
13014,6290.18608,1,70719409.3184,0.0232282254594628
13015,6290.20608,2,70719429.4016,0.0350564468211527
13016,6290.22608,1,70719449.344,0.0231554899911898
13017,6290.24608,2,70719469.376,0.0349601491589321
13018,6290.26608,1,70719489.3184,0.0232200299137419
13019,6290.28608,2,70719509.3376,0.0348833159177987
13020,6290.30608,1,70719529.3312,0.0231862232876432
13021,6290.32608,2,70719549.3504,0.0348515581781302
13022,6290.34608,1,70719569.4592,0.0231319277972422
13023,6290.36608,2,70719589.3504,0.0348607781670662
13024,6290.38608,1,70719609.3568,0.0232169565840965
13025,6290.40608,2,70719629.3888,0.0347603827319852
13026,6290.42608,1,70719649.3568,0.0231647099801258
13027,6290.44608,2,70719669.4784,0.0347941893580839
13028,6290.46608,1,70719689.3696,0.0231708566394165
13029,6290.48608,2,70719709.3504,0.034813653779171
13030,6290.50608,1,70719729.5104,0.023175978855492
13031,6290.52608,2,70719749.376,0.0347050627983691
13032,6290.54608,1,70719769.5616,0.0231892966172885
13033,6290.56608,2,70719789.376,0.0346855983772819
13034,6290.58608,1,70719809.3568,0.0231319277972422
13035,6290.60608,2,70719829.4144,0.0346394984326019
13036,6290.62608,1,70719849.3952,0.0231985166062245
13037,6290.64608,2,70719869.5936,0.0346784272747762
13038,6290.66608,1,70719889.3952,0.0231841744012129
13039,6290.68608,2,70719909.376,0.0346507673079681
13040,6290.70608,1,70719930.1248,0.023120658921876
13041,6290.72608,2,70719949.4144,0.0346005695904276
13042,6290.74608,1,70719969.4976,0.0231052922736493
13043,6290.76608,2,70719989.3888,0.0345298830085848
13044,6290.78608,1,70720009.3952,0.0232333476755383
13045,6290.80608,2,70720029.3632,0.0343690454238122
13046,6290.82608,1,70720049.3952,0.0231124633761551
13047,6290.84608,2,70720069.5552,0.0344202675845678
13048,6290.86608,1,70720089.4592,0.0231800766283525
13049,6290.88608,2,70720109.4528,0.034595447374352
13050,6290.90608,1,70720129.4848,0.0231411477861782
13051,6290.92608,2,70720149.4016,0.0346671583994099
13052,6290.94608,1,70720169.6,0.0231718810826316
13053,6290.96608,2,70720189.4144,0.0346876472637122
13054,6290.98608,1,70720209.408,0.0231216833650911
13055,6291.00608,2,70720229.4272,0.0347777982666421
13056,6291.02608,1,70720249.408,0.023084803409347
13057,6291.04608,2,70720269.568,0.0346743295019157
13058,6291.06608,1,70720289.5232,0.0231657344233409
13059,6291.08608,2,70720309.4272,0.0347747249369967
13060,6291.10608,1,70720329.4336,0.0231011945007888
13061,6291.12608,2,70720349.44,0.0349324891921241
13062,6291.14608,1,70720369.6,0.0231401233429631
13063,6291.16608,2,70720389.44,0.0349417091810601
13064,6291.18608,1,70720409.4336,0.0231411477861782
13065,6291.20608,2,70720429.4528,0.0349007314524556
13066,6291.22608,1,70720449.7152,0.023166758866556
13067,6291.24608,2,70720469.5296,0.0349898580121704
13068,6291.26608,1,70720489.5616,0.0231585633208351
13069,6291.28608,2,70720509.4656,0.0350523490482923
13070,6291.30608,1,70720529.4592,0.0231780277419223
13071,6291.32608,2,70720549.4528,0.0349621980453623
13072,6291.34608,1,70720569.5872,0.0231729055258467
13073,6291.36608,2,70720589.4528,0.0349253180896183
13074,6291.38608,1,70720609.4976,0.0231913455037187
13075,6291.40608,2,70720629.4784,0.0350974245497572
13076,6291.42608,1,70720649.472,0.0232261765730326
13077,6291.44608,2,70720669.5168,0.0350974245497572
13078,6291.46608,1,70720689.4848,0.0232046632655152
13079,6291.48608,2,70720709.4784,0.0351691355748151
13080,6291.50608,1,70720729.5232,0.0231462700022538
13081,6291.52608,2,70720749.4784,0.0352551888048845
13082,6291.54608,1,70720769.5744,0.0232548609830557
13083,6291.56608,2,70720789.5296,0.0351363533919315
13084,6291.58608,1,70720809.4464,0.0232343721187535
13085,6291.60608,2,70720829.5424,0.0351168889708443
13086,6291.62608,1,70720849.5104,0.0231688077529863
13087,6291.64608,2,70720869.6064,0.0350748867990247
13088,6291.66608,1,70720889.4592,0.0231534411047596
13089,6291.68608,2,70720909.5296,0.0350697645829492
13090,6291.70608,1,70720929.5104,0.0231851988444281
13091,6291.72608,2,70720949.504,0.0350093224332575
13092,6291.74608,1,70720969.5232,0.0231903210605036
13093,6291.76608,2,70720989.5168,0.0350093224332575
13094,6291.78608,1,70721009.5232,0.023175978855492
13095,6291.80608,2,70721029.5424,0.0349693691478681
13096,6291.82608,1,70721049.5232,0.0231616366504805
13097,6291.84608,2,70721069.568,0.0351384022783617
13098,6291.86608,1,70721089.5744,0.0231124633761551
13099,6291.88608,2,70721109.5296,0.0349099514413916
13100,6291.90608,1,70721129.5488,0.0231360255701027
13101,6291.92608,2,70721149.5552,0.0348474604052697
13102,6291.94608,1,70721169.5104,0.0231595877640502
13103,6291.96608,2,70721189.5296,0.0347009650255086
13104,6291.98608,1,70721209.5104,0.0232251521298174
13105,6292.00608,2,70721229.5168,0.0347491138566189
13106,6292.02608,1,70721249.536,0.0232251521298174
13107,6292.04608,2,70721269.6704,0.0348781937017231
13108,6292.06608,1,70721289.5616,0.0231985166062245
13109,6292.08608,2,70721309.5552,0.0346978916958633
13110,6292.10608,1,70721329.5488,0.0232569098694859
13111,6292.12608,2,70721349.5552,0.0346692072858402
13112,6292.14608,1,70721369.5744,0.0232405187780441
13113,6292.16608,2,70721389.5552,0.034785993812363
13114,6292.18608,1,70721409.5744,0.0232374454483988
13115,6292.20608,2,70721429.5808,0.0346753539451308
13116,6292.22608,1,70721449.536,0.0232446165509046
13117,6292.24608,2,70721469.632,0.0346446206486774
13118,6292.26608,1,70721489.6128,0.0231851988444281
13119,6292.28608,2,70721509.5936,0.0345391029975208
13120,6292.30608,1,70721529.5616,0.0232692031880673
13121,6292.32608,2,70721549.632,0.0345636896346836
13122,6292.34608,1,70721569.6256,0.0232866187227242
13123,6292.36608,2,70721589.5936,0.03457700739648
13124,6292.38608,1,70721609.664,0.023357305304567
13125,6292.40608,2,70721629.5808,0.0345554940889626
13126,6292.42608,1,70721649.6,0.0232671543016371
13127,6292.44608,2,70721669.824,0.0345370541110906
13128,6292.46608,1,70721689.7152,0.0232681787448522
13129,6292.48608,2,70721709.5936,0.034622082897945
13130,6292.50608,1,70721729.6128,0.0232620320855615
13131,6292.52608,2,70721749.5936,0.0346999405822935
13132,6292.54608,1,70721769.792,0.0232886676091544
13133,6292.56608,2,70721789.6064,0.034586227385416
13134,6292.58608,1,70721809.6,0.0232978875980904
13135,6292.60608,2,70721829.6576,0.0346487184215379
13136,6292.62608,1,70721849.6128,0.0232681787448522
13137,6292.64608,2,70721869.7728,0.0346784272747762
13138,6292.66608,1,70721889.6256,0.0233009609277358
13139,6292.68608,2,70721909.6192,0.0347982871309443
13140,6292.70608,1,70721929.6768,0.0232456409941197
13141,6292.72608,2,70721949.632,0.0348740959288627
13142,6292.74608,1,70721969.728,0.023303009814166
13143,6292.76608,2,70721989.6704,0.0349621980453623
13144,6292.78608,1,70722009.6128,0.0232466654373348
13145,6292.80608,2,70722029.6448,0.0349181469871125
13146,6292.82608,1,70722049.6256,0.0232763742905731
13147,6292.84608,2,70722069.7344,0.0348628270534964
13148,6292.86608,1,70722089.6256,0.0232866187227242
13149,6292.88608,2,70722109.5936,0.0348392648595488
13150,6292.90608,1,70722129.6768,0.0233204253488229
13151,6292.92608,2,70722149.6448,0.0347962382445141
13152,6292.94608,1,70722169.7408,0.0232056877087303
13153,6292.96608,2,70722189.6576,0.0348628270534964
13154,6292.98608,1,70722209.6512,0.0232712520744975
13155,6293.00608,2,70722229.6832,0.034994980228246
13156,6293.02608,1,70722249.6384,0.0233275964513287
13157,6293.04608,2,70722269.7472,0.0349242936464032
13158,6293.06608,1,70722289.6768,0.0232589587559162
13159,6293.08608,2,70722309.76,0.0348064826766652
13160,6293.10608,1,70722329.6896,0.0232876431659393
13161,6293.12608,2,70722349.7472,0.0346292540004508
13162,6293.14608,1,70722369.664,0.0232896920523695
13163,6293.16608,2,70722389.6704,0.0346968672526482
13164,6293.18608,1,70722409.7408,0.0232425676644744
13165,6293.20608,2,70722429.6832,0.0347081361280144
13166,6293.22608,1,70722449.7152,0.0232528120966255
13167,6293.24608,2,70722469.7088,0.0348392648595488
13168,6293.26608,1,70722489.6768,0.0233275964513287
13169,6293.28608,2,70722509.7216,0.0349601491589321
13170,6293.30608,1,70722529.6896,0.0233040342573811
13171,6293.32608,2,70722549.7856,0.0349785891368041
13172,6293.34608,1,70722569.7408,0.0233040342573811
13173,6293.36608,2,70722589.7088,0.0349847357960948
13174,6293.38608,1,70722609.728,0.0232835453930789
13175,6293.40608,2,70722629.7472,0.0349898580121704
13176,6293.42608,1,70722649.7024,0.023321449792038
13177,6293.44608,2,70722669.7856,0.035086155674391
13178,6293.46608,1,70722689.728,0.023275349847358
13179,6293.48608,2,70722709.7216,0.0350779601286701
13180,6293.50608,1,70722729.8432,0.0233091564734567
13181,6293.52608,2,70722749.7088,0.0350339090704202
13182,6293.54608,1,70722770.2912,0.0232876431659393
13183,6293.56608,2,70722789.7728,0.0351107423115537
13184,6293.58608,1,70722809.7152,0.023303009814166
13185,6293.60608,2,70722829.7344,0.0351035712090479
13186,6293.62608,1,70722849.728,0.0232814965066486
13187,6293.64608,2,70722869.824,0.035041080172926
13188,6293.66608,1,70722889.7408,0.0232610076423464
13189,6293.68608,2,70722909.7344,0.0351363533919315
13190,6293.70608,1,70722929.7408,0.0232333476755383
13191,6293.72608,2,70722949.7472,0.0353402175917389
13192,6293.74608,1,70722969.8176,0.0232466654373348
13193,6293.76608,2,70722989.7344,0.0352101133034196
13194,6293.78608,1,70723009.7536,0.0232999364845207
13195,6293.80608,2,70723029.7472,0.0352767021124019
13196,6293.82608,1,70723049.7408,0.023248714323765
13197,6293.84608,2,70723069.8368,0.0352265043948614
13198,6293.86608,1,70723089.7536,0.0232179810273117
13199,6293.88608,2,70723109.76,0.035286946544553
13200,6293.90608,1,70723129.8304,0.023284569836294
13201,6293.92608,2,70723149.76,0.0351947466551929
13202,6293.94608,1,70723169.8304,0.0231995410494396
13203,6293.96608,2,70723189.7728,0.0352951420902739
13204,6293.98608,1,70723209.7664,0.0231790521851374
13205,6294.00608,2,70723229.8624,0.0353043620792099
13206,6294.02608,1,70723249.7792,0.0232927653820149
13207,6294.04608,2,70723269.7856,0.035332022046018
13208,6294.06608,1,70723289.792,0.023193394390149
13209,6294.08608,2,70723309.7856,0.0353279242731575
13210,6294.10608,1,70723329.8304,0.0232333476755383
13211,6294.12608,2,70723349.7984,0.0352439199295183
13212,6294.14608,1,70723369.792,0.0232128588112361
13213,6294.16608,2,70723389.8752,0.0352828487716926
13214,6294.18608,1,70723409.8048,0.0231698321962014
13215,6294.20608,2,70723429.7856,0.0353627553424714
13216,6294.22608,1,70723449.8816,0.0232569098694859
13217,6294.24608,2,70723469.8112,0.0355174462679534
13218,6294.26608,1,70723489.8048,0.0232220788001721
13219,6294.28608,2,70723509.8112,0.0356024750548077
13220,6294.30608,1,70723529.856,0.0232159321408814
13221,6294.32608,2,70723549.888,0.0355000307332964
13222,6294.34608,1,70723569.8432,0.0232159321408814
13223,6294.36608,2,70723589.824,0.0355676439854939
13224,6294.38608,1,70723609.8304,0.0232907164955847
13225,6294.40608,2,70723629.824,0.0355543262236974
13226,6294.42608,1,70723649.856,0.0232784231770033
13227,6294.44608,2,70723669.8368,0.0354375396971746
13228,6294.46608,1,70723689.8432,0.023266129858422
13229,6294.48608,2,70723709.8368,0.0353115331817157
13230,6294.50608,1,70723729.8432,0.0232927653820149
13231,6294.52608,2,70723749.8496,0.0351681111316
13232,6294.54608,1,70723769.856,0.0232907164955847
13233,6294.56608,2,70723789.8496,0.0351025467658328
13234,6294.58608,1,70723809.9072,0.0233040342573811
13235,6294.60608,2,70723829.8496,0.0351650378019546
13236,6294.62608,1,70723849.9328,0.0233675497367181
13237,6294.64608,2,70723869.8752,0.0350369824000656
13238,6294.66608,1,70723889.92,0.0233019853709509
13239,6294.68608,2,70723909.888,0.0348577048374209
13240,6294.70608,1,70723929.9072,0.0234085274653226
13241,6294.72608,2,70723949.9392,0.034785993812363
13242,6294.74608,1,70723969.8944,0.0233091564734567
13243,6294.76608,2,70723989.9136,0.0347265761058864
13244,6294.78608,1,70724009.9584,0.0232948142684451
13245,6294.80608,2,70724029.8624,0.034822873768107
13246,6294.82608,1,70724049.8944,0.0233614030774274
13247,6294.84608,2,70724070.016,0.0348372159731186
13248,6294.86608,1,70724089.8688,0.0232507632101953
13249,6294.88608,2,70724109.9008,0.0348525826213453
13250,6294.90608,1,70724129.8816,0.0233286208945438
13251,6294.92608,2,70724149.9136,0.0349437580674903
13252,6294.94608,1,70724169.984,0.0232948142684451
13253,6294.96608,2,70724189.9008,0.0348894625770894
13254,6294.98608,1,70724210.048,0.0232978875980904
13255,6295.006112,2,70724229.9008,0.0349335136353392
13256,6295.026112,1,70724249.9072,0.0233040342573811
13257,6295.046112,2,70724269.9264,0.034968344704653
13258,6295.066112,1,70724289.92,0.0232589587559162
13259,6295.086112,2,70724309.9008,0.0350267379679144
13260,6295.106112,1,70724329.9072,0.0232948142684451
13261,6295.126112,2,70724349.9392,0.0349632224885775
13262,6295.146112,1,70724369.9456,0.0232784231770033
13263,6295.166112,2,70724389.9264,0.0349079025549614
13264,6295.186112,1,70724409.9328,0.0233040342573811
13265,6295.206112,2,70724429.9008,0.0347839449259328
13266,6295.226112,1,70724449.9456,0.0232927653820149
13267,6295.246112,2,70724470.0288,0.034832093757043
13268,6295.266112,1,70724489.9072,0.023312229803102
13269,6295.286112,2,70724509.9264,0.0347696027209212
13270,6295.306112,1,70724529.9584,0.0232087610383756
13271,6295.326112,2,70724549.9392,0.034804433790235
13272,6295.346112,1,70724570.0864,0.023230274345893
13273,6295.366112,2,70724589.9264,0.0345974962607823
13274,6295.386112,1,70724609.984,0.0232272010162477
13275,6295.406112,2,70724629.9392,0.0345196385764337
13276,6295.426112,1,70724649.9584,0.0232569098694859
13277,6295.446112,2,70724669.9904,0.0345237363492942
13278,6295.466112,1,70724689.9584,0.0232466654373348
13279,6295.486112,2,70724710.0288,0.0345175896900035
13280,6295.506112,1,70724729.9584,0.0232763742905731
13281,6295.526112,2,70724749.9136,0.0344909541664106
13282,6295.546112,1,70724770.0352,0.0232671543016371
13283,6295.566112,2,70724789.9648,0.03444075644887
13284,6295.586112,1,70724809.9584,0.023321449792038
13285,6295.606112,2,70724830.0288,0.0342655766590858
13286,6295.626112,1,70724849.9584,0.0232855942795091
13287,6295.646112,2,70724870.0032,0.0342358678058475
13288,6295.666112,1,70724889.984,0.023284569836294
13289,6295.686112,2,70724909.9648,0.0342922121826787
13290,6295.706112,1,70724929.9584,0.0232671543016371
13291,6295.726112,2,70724949.9904,0.0343731431966726
13292,6295.746112,1,70724969.984,0.0232671543016371
13293,6295.766112,2,70724990.016,0.0342778699776671
13294,6295.786112,1,70725009.9968,0.0232886676091544
13295,6295.806112,2,70725029.9776,0.034340361013789
13296,6295.826112,1,70725050.0992,0.02329378982523
13297,6295.846112,2,70725070.0288,0.0345022230417768
13298,6295.866112,1,70725090.048,0.0232261765730326
13299,6295.886112,2,70725110.0416,0.0344684164156781
13300,6295.906112,1,70725129.9968,0.0232948142684451
13301,6295.926112,2,70725150.0928,0.0343823631856086
13302,6295.946112,1,70725170.0224,0.0232927653820149
13303,6295.966112,2,70725190.0416,0.0342829921937427
13304,6295.986112,1,70725210.0096,0.0232312987891081
13305,6296.006112,2,70725230.0032,0.0344018276066958
13306,6296.026112,1,70725250.0736,0.023321449792038
13307,6296.046112,2,70725270.0928,0.0342983588419694
13308,6296.066112,1,70725290.0864,0.023312229803102
13309,6296.086112,2,70725310.0544,0.0344632941996025
13310,6296.106112,1,70725330.0352,0.0233255475648985
13311,6296.126112,2,70725350.0288,0.0344632941996025
13312,6296.146112,1,70725370.0096,0.023375745282439
13313,6296.166112,2,70725390.0544,0.0344192431413527
13314,6296.186112,1,70725410.0736,0.0233265720081136
13315,6296.206112,2,70725430.016,0.0344848075071199
13316,6296.226112,1,70725450.1248,0.0233204253488229
13317,6296.246112,2,70725470.1824,0.0343936320609749
13318,6296.266112,1,70725490.0864,0.0233706230663634
13319,6296.286112,2,70725510.0928,0.0344233409142131
13320,6296.306112,1,70725530.0352,0.0233655008502879
13321,6296.326112,2,70725550.0672,0.0344981252689163
13322,6296.346112,1,70725570.176,0.0233378408834798
13323,6296.366112,2,70725590.0672,0.0346015940336427
13324,6296.386112,1,70725610.0608,0.0233296453377589
13325,6296.406112,2,70725630.1184,0.034677402831561
13326,6296.426112,1,70725650.0864,0.0233521830884914
13327,6296.446112,2,70725670.1312,0.0345718851804045
13328,6296.466112,1,70725690.112,0.0232763742905731
13329,6296.486112,2,70725710.016,0.0347009650255086
13330,6296.506112,1,70725730.0736,0.0232866187227242
13331,6296.526112,2,70725750.1184,0.0347060872415842
13332,6296.546112,1,70725770.0736,0.0232364210051837
13333,6296.566112,2,70725790.08,0.0346292540004508
13334,6296.586112,1,70725810.0864,0.0232589587559162
13335,6296.606112,2,70725830.0928,0.0345196385764337
13336,6296.626112,1,70725850.1504,0.0231954432765792
13337,6296.646112,2,70725870.0928,0.0345063208146372
13338,6296.666112,1,70725890.0864,0.0232190054705268
13339,6296.686112,2,70725910.1056,0.0345186141332186
13340,6296.706112,1,70725930.0864,0.0231831499579978
13341,6296.726112,2,70725950.1696,0.0344151453684922
13342,6296.746112,1,70725970.2912,0.0232569098694859
13343,6296.766112,2,70725990.1568,0.0344305120167189
13344,6296.786112,1,70726010.112,0.0232108099248059
13345,6296.806112,2,70726030.0928,0.0345350052246604
13346,6296.826112,1,70726050.1632,0.0231780277419223
13347,6296.846112,2,70726070.1696,0.0344684164156781
13348,6296.866112,1,70726090.0992,0.0232005654926547
13349,6296.886112,2,70726110.1312,0.0345790562829102
13350,6296.906112,1,70726130.1504,0.0231841744012129
13351,6296.926112,2,70726150.1312,0.0345739340668347
13352,6296.946112,1,70726170.2016,0.0232292499026779
13353,6296.966112,2,70726190.1184,0.0345688118507591
13354,6296.986112,1,70726210.1504,0.0231380744565329
13355,6297.006112,2,70726230.1312,0.0346907205933575
13356,6297.026112,1,70726250.1248,0.0231698321962014
13357,6297.046112,2,70726270.272,0.0347900915852234
13358,6297.066112,1,70726290.112,0.0231657344233409
13359,6297.086112,2,70726310.1184,0.0346896961501424
13360,6297.106112,1,70726330.1888,0.0231370500133178
13361,6297.126112,2,70726350.144,0.0347101850144447
13362,6297.146112,1,70726370.304,0.023103243387219
13363,6297.166112,2,70726390.1568,0.0346620361833344
13364,6297.186112,1,70726410.1504,0.0232435921076895
13365,6297.206112,2,70726430.1568,0.0346866228204971
13366,6297.226112,1,70726450.1632,0.0231472944454689
13367,6297.246112,2,70726470.2592,0.0346015940336427
13368,6297.266112,1,70726490.1504,0.0231268055811666
13369,6297.286112,2,70726510.1696,0.0347429671973283
13370,6297.306112,1,70726530.2144,0.0231360255701027
13371,6297.326112,2,70726550.1824,0.0348443870756244
13372,6297.346112,1,70726570.1888,0.0231851988444281
13373,6297.366112,2,70726590.1696,0.034877169258508
13374,6297.386112,1,70726610.2144,0.023075583420411
13375,6297.406112,2,70726630.2208,0.0347439916405434
13376,6297.426112,1,70726650.176,0.0231401233429631
13377,6297.446112,2,70726670.592,0.0345565185321778
13378,6297.466112,1,70726690.24,0.0231083656032946
13379,6297.486112,2,70726710.1696,0.0344510008810212
13380,6297.506112,1,70726730.2528,0.0231626610936956
13381,6297.526112,2,70726750.1952,0.0344489519945909
13382,6297.546112,1,70726770.2016,0.0232087610383756
13383,6297.566112,2,70726790.208,0.0344899297231954
13384,6297.586112,1,70726810.1888,0.023221054356957
13385,6297.606112,2,70726830.3744,0.0343342143544983
13386,6297.626112,1,70726850.2144,0.0232149076976663
13387,6297.646112,2,70726870.528,0.0345309074517999
13388,6297.666112,1,70726890.2144,0.023148318888684
13389,6297.686112,2,70726910.208,0.034694818366218
13390,6297.706112,1,70726930.2272,0.0232825209498638
13391,6297.726112,2,70726950.2208,0.0345749585100498
13392,6297.746112,1,70726970.2528,0.0232333476755383
13393,6297.766112,2,70726990.208,0.0345001741553466
13394,6297.786112,1,70727010.2272,0.0232733009609277
13395,6297.806112,2,70727030.208,0.0345718851804045
13396,6297.826112,1,70727050.2272,0.0231442211158236
13397,6297.846112,2,70727070.272,0.0345739340668347
13398,6297.866112,1,70727090.3296,0.0232231032433872
13399,6297.886112,2,70727110.2336,0.0345524207593173
13400,6297.906112,1,70727130.4064,0.023193394390149
13401,6297.926112,2,70727150.3104,0.0345636896346836
13402,6297.946112,1,70727170.4192,0.0232220788001721
13403,6297.966112,2,70727190.3104,0.0345032474849919
13404,6297.986112,1,70727210.24,0.0232733009609277
13405,6298.006112,2,70727230.3232,0.0344745630749688
13406,6298.026112,1,70727250.2912,0.0232282254594628
13407,6298.046112,2,70727270.2976,0.034558567418608
13408,6298.066112,1,70727290.2656,0.0232384698916139
13409,6298.086112,2,70727310.2208,0.0345841784989858
13410,6298.106112,1,70727330.304,0.023239494334829
13411,6298.126112,2,70727350.3104,0.0345749585100498
13412,6298.146112,1,70727370.304,0.0231882721740734
13413,6298.166112,2,70727390.272,0.0345339807814453
13414,6298.186112,1,70727410.2656,0.0232681787448522
13415,6298.206112,2,70727430.3232,0.0345011985985617
13416,6298.226112,1,70727450.2784,0.0232712520744975
13417,6298.246112,2,70727470.2848,0.0344653430860327
13418,6298.266112,1,70727490.2912,0.0232866187227242
13419,6298.286112,2,70727510.272,0.0343598254348761
13420,6298.306112,1,70727530.368,0.0233388653266949
13421,6298.326112,2,70727550.2848,0.0344725141885385
13422,6298.346112,1,70727570.4448,0.0232855942795091
13423,6298.366112,2,70727590.2848,0.0345933984879218
13424,6298.386112,1,70727610.3168,0.0232364210051837
13425,6298.406112,2,70727630.3104,0.0345462741000266
13426,6298.426112,1,70727650.3168,0.0233060831438113
13427,6298.446112,2,70727670.4768,0.0345657385211138
13428,6298.466112,1,70727690.304,0.0233316942241892
13429,6298.486112,2,70727710.3232,0.0344909541664106
13430,6298.506112,1,70727730.3168,0.0233163275759625
13431,6298.526112,2,70727750.3232,0.0344848075071199
13432,6298.546112,1,70727770.4704,0.0232876431659393
13433,6298.566112,2,70727790.3232,0.0344868563935501
13434,6298.586112,1,70727810.3936,0.0232538365398406
13435,6298.606112,2,70727830.3744,0.0344243653574282
13436,6298.626112,1,70727850.4064,0.0232855942795091
13437,6298.646112,2,70727870.464,0.0345319318950151
13438,6298.666112,1,70727890.304,0.0233183764623927
13439,6298.686112,2,70727910.4896,0.0344643186428176
13440,6298.706112,1,70727930.3168,0.0232589587559162
13441,6298.726112,2,70727950.3616,0.0345298830085848
13442,6298.746112,1,70727970.3936,0.023266129858422
13443,6298.766112,2,70727990.3232,0.034422316470998
13444,6298.786112,1,70728010.4448,0.0232312987891081
13445,6298.806112,2,70728030.3488,0.0344981252689163
13446,6298.826112,1,70728050.4064,0.0232630565287766
13447,6298.846112,2,70728070.3744,0.0345001741553466
13448,6298.866112,1,70728090.368,0.023266129858422
13449,6298.886112,2,70728110.3616,0.0344376831192247
13450,6298.906112,1,70728130.368,0.0232886676091544
13451,6298.926112,2,70728150.3744,0.0344479275513758
13452,6298.946112,1,70728170.4704,0.0232804720634335
13453,6298.966112,2,70728190.3872,0.0345647140778987
13454,6298.986112,1,70728210.432,0.0232671543016371
13455,6299.006112,2,70728230.4256,0.0345688118507591
13456,6299.026112,1,70728250.3936,0.0232794476202184
13457,6299.046112,2,70728270.4256,0.0344991497121315
13458,6299.066112,1,70728290.3808,0.0232886676091544
13459,6299.086112,2,70728310.4512,0.0346067162497183
13460,6299.106112,1,70728330.4704,0.0232968631548753
13461,6299.126112,2,70728350.4384,0.034767553834491
13462,6299.146112,1,70728370.496,0.0232712520744975
13463,6299.166112,2,70728390.8096,0.0347491138566189
13464,6299.186112,1,70728410.4576,0.0232190054705268
13465,6299.206112,2,70728430.3872,0.0345852029422009
13466,6299.226112,1,70728450.4064,0.0232907164955847
13467,6299.246112,2,70728470.528,0.0345667629643289
13468,6299.266112,1,70728490.368,0.0233019853709509
13469,6299.286112,2,70728510.4512,0.0344807097342594
13470,6299.306112,1,70728530.4704,0.0232538365398406
13471,6299.326112,2,70728550.4,0.0345698362939742
13472,6299.346112,1,70728570.6112,0.0232312987891081
13473,6299.366112,2,70728590.4128,0.0345124674739279
13474,6299.386112,1,70728610.4576,0.0233542319749216
13475,6299.406112,2,70728630.464,0.0344243653574282
13476,6299.426112,1,70728650.4448,0.0233378408834798
13477,6299.446112,2,70728670.5408,0.0344018276066958
13478,6299.466112,1,70728690.7648,0.0233050587005962
13479,6299.486112,2,70728710.5536,0.0344745630749688
13480,6299.506112,1,70728730.5344,0.0233552564181367
13481,6299.526112,2,70728750.4896,0.0344212920277829
13482,6299.546112,1,70728770.5344,0.0232589587559162
13483,6299.566112,2,70728790.4,0.034321921035917
13484,6299.586112,1,70728810.7264,0.0232763742905731
13485,6299.606112,2,70728830.4384,0.0343075788309054
13486,6299.626112,1,70728850.5216,0.0233491097588461
13487,6299.646112,2,70728870.6816,0.0343362632409286
13488,6299.666112,1,70728890.4448,0.0233388653266949
13489,6299.686112,2,70728910.464,0.0343690454238122
13490,6299.706112,1,70728930.4576,0.0233194009056078
13491,6299.726112,2,70728950.464,0.0343106521605507
13492,6299.746112,1,70728970.7264,0.0232948142684451
13493,6299.766112,2,70728990.5536,0.0344387075624398
13494,6299.786112,1,70729010.5344,0.0233101809166718
13495,6299.806112,2,70729030.4896,0.0343444587866494
13496,6299.826112,1,70729050.4576,0.0233808674985146
13497,6299.846112,2,70729070.6432,0.0343792898559633
13498,6299.866112,1,70729090.4576,0.0232948142684451
13499,6299.886112,2,70729110.592,0.034358800991661
13500,6299.906112,1,70729130.5216,0.023330669780974
13501,6299.926112,2,70729150.5152,0.0342071833958244
13502,6299.946112,1,70729170.7392,0.023403405249247
13503,6299.966112,2,70729190.464,0.0340750302210748
13504,6299.986112,1,70729210.5344,0.0232958387116602
13505,6300.006112,2,70729230.5408,0.0340002458663716
13506,6300.026112,1,70729250.4704,0.0233132542463171
13507,6300.046112,2,70729270.912,0.0340412235949761
13508,6300.066112,1,70729290.496,0.0232773987337882
13509,6300.086112,2,70729310.5152,0.034103714631098
13510,6300.106112,1,70729330.4832,0.0232948142684451
13511,6300.126112,2,70729350.5536,0.0341190812793247
13512,6300.146112,1,70729370.5984,0.0232640809719917
13513,6300.166112,2,70729390.528,0.0342543077837195
13514,6300.186112,1,70729410.5344,0.023348085315631
13515,6300.206112,2,70729430.4896,0.0341631323375745
13516,6300.226112,1,70729450.6496,0.0233603786342123
13517,6300.246112,2,70729470.6048,0.0341754256561559
13518,6300.266112,1,70729490.496,0.0233183764623927
13519,6300.286112,2,70729510.8224,0.034085274653226
13520,6300.306112,1,70729530.5344,0.0232958387116602
13521,6300.326112,2,70729550.592,0.0341498145757781
13522,6300.346112,1,70729570.7136,0.0233245231216834
13523,6300.366112,2,70729590.6176,0.034094494642162
13524,6300.386112,1,70729610.5728,0.0233050587005962
13525,6300.406112,2,70729630.6176,0.034158010121499
13526,6300.426112,1,70729650.7264,0.0233419386563403
13527,6300.446112,2,70729670.6176,0.0341385457004118
13528,6300.466112,1,70729690.816,0.0232886676091544
13529,6300.486112,2,70729710.6048,0.0341006413014527
13530,6300.506112,1,70729730.5216,0.023266129858422
13531,6300.526112,2,70729750.5664,0.0340074169688774
13532,6300.546112,1,70729770.5856,0.0232231032433872
13533,6300.566112,2,70729790.5664,0.0340381502653308
13534,6300.586112,1,70729810.8544,0.0232743254041428
13535,6300.606112,2,70729830.6304,0.0339070215337964
13536,6300.626112,1,70729850.7904,0.0232896920523695
13537,6300.646112,2,70729870.5408,0.033876288237343
13538,6300.666112,1,70729890.624,0.0232681787448522
13539,6300.686112,2,70729910.656,0.033857848259471
13540,6300.706112,1,70729930.624,0.0232528120966255
13541,6300.726112,2,70729950.8224,0.0338056016555002
13542,6300.746112,1,70729970.6496,0.0232794476202184
13543,6300.766112,2,70729990.5664,0.0339111193066568
13544,6300.786112,1,70730010.6496,0.0233194009056078
13545,6300.806112,2,70730030.5408,0.0339715614563485
13546,6300.826112,1,70730050.6496,0.0232681787448522
13547,6300.846112,2,70730070.7328,0.0340145880713832
13548,6300.866112,1,70730090.6112,0.0232466654373348
13549,6300.886112,2,70730110.7968,0.0339787325588543
13550,6300.906112,1,70730130.5984,0.0232999364845207
13551,6300.926112,2,70730150.8096,0.0339951236502961
13552,6300.946112,1,70730170.6752,0.0232353965619686
13553,6300.966112,2,70730190.6048,0.0339357059438195
13554,6300.986112,1,70730210.8288,0.0233081320302416
13555,6301.006112,2,70730230.6432,0.0339367303870346
13556,6301.026112,1,70730250.6624,0.0232548609830557
13557,6301.046112,2,70730270.6816,0.0338414571680292
13558,6301.066112,1,70730290.6112,0.0232814965066486
13559,6301.086112,2,70730310.656,0.033730817300797
13560,6301.106112,1,70730330.624,0.0233286208945438
13561,6301.126112,2,70730350.6432,0.0336898395721925
13562,6301.146112,1,70730371.0208,0.0232907164955847
13563,6301.166112,2,70730390.6432,0.0336908640154076
13564,6301.186112,1,70730410.7648,0.0232589587559162
13565,6301.206112,2,70730430.6304,0.0336550085028787
13566,6301.226112,1,70730450.8288,0.023239494334829
13567,6301.246112,2,70730470.784,0.0335904685803266
13568,6301.266112,1,70730490.88,0.0232825209498638
13569,6301.286112,2,70730510.6688,0.0337564283811748
13570,6301.306112,1,70730530.7008,0.023312229803102
13571,6301.326112,2,70730550.7328,0.0336980351179134
13572,6301.346112,1,70730570.944,0.023321449792038
13573,6301.366112,2,70730590.8224,0.033775892802262
13574,6301.386112,1,70730610.6624,0.0232261765730326
13575,6301.406112,2,70730630.6688,0.0338998504312906
13576,6301.426112,1,70730650.7264,0.0232681787448522
13577,6301.446112,2,70730670.9376,0.0339377548302498
13578,6301.466112,1,70730690.7264,0.0233132542463171
13579,6301.486112,2,70730710.6688,0.0339807814452845
13580,6301.506112,1,70730730.7136,0.0232763742905731
13581,6301.526112,2,70730750.7072,0.0339326326141742
13582,6301.546112,1,70730771.1232,0.0233142786895322
13583,6301.566112,2,70730790.7584,0.033949023705616
13584,6301.586112,1,70730810.6624,0.023257934312701
13585,6301.606112,2,70730830.7456,0.0340084414120925
13586,6301.626112,1,70730850.7136,0.0233378408834798
13587,6301.646112,2,70730870.7072,0.0339264859548835
13588,6301.666112,1,70730890.7648,0.0232896920523695
13589,6301.686112,2,70730910.7456,0.0340268813899646
13590,6301.706112,1,70730930.7264,0.0232896920523695
13591,6301.726112,2,70730950.7456,0.0341344479275514
13592,6301.746112,1,70730970.7776,0.0233019853709509
13593,6301.766112,2,70730990.6816,0.0340740057778597
13594,6301.786112,1,70731010.7136,0.0233327186674043
13595,6301.806112,2,70731030.7968,0.0341006413014527
13596,6301.826112,1,70731050.7008,0.0232651054152068
13597,6301.846112,2,70731070.7584,0.0339244370684533
13598,6301.866112,1,70731090.7904,0.0232784231770033
13599,6301.886112,2,70731110.8864,0.0339510725920462
13600,6301.906112,1,70731130.752,0.0233019853709509
13601,6301.926112,2,70731150.7328,0.033958243694552
13602,6301.946112,1,70731170.8288,0.0233050587005962
13603,6301.966112,2,70731190.8352,0.0340094658553076
13604,6301.986112,1,70731210.7264,0.023357305304567
13605,6302.006112,2,70731230.784,0.0339889769910054
13606,6302.026112,1,70731250.7776,0.0233183764623927
13607,6302.046112,2,70731270.976,0.0340688835617842
13608,6302.066112,1,70731290.8416,0.0232630565287766
13609,6302.086112,2,70731310.7328,0.0340350769356855
13610,6302.106112,1,70731330.7648,0.0232630565287766
13611,6302.126112,2,70731350.7584,0.0340422480381912
13612,6302.146112,1,70731370.8928,0.0233163275759625
13613,6302.166112,2,70731390.784,0.0340135636281681
13614,6302.186112,1,70731410.752,0.0232784231770033
13615,6302.206112,2,70731430.784,0.0339193148523777
13616,6302.226112,1,70731450.944,0.0233019853709509
13617,6302.246112,2,70731471.0144,0.0340053680824472
13618,6302.266112,1,70731490.8288,0.0232917409387998
13619,6302.286112,2,70731510.7712,0.0341098612903887
13620,6302.306112,1,70731530.816,0.0232610076423464
13621,6302.326112,2,70731550.7712,0.0342184522711906
13622,6302.346112,1,70731570.9568,0.0232794476202184
13623,6302.366112,2,70731590.784,0.0342000122933186
13624,6302.386112,1,70731610.8416,0.0232917409387998
13625,6302.406112,2,70731630.8352,0.0341846456450919
13626,6302.426112,1,70731650.8288,0.0233183764623927
13627,6302.446112,2,70731670.8224,0.034230745589772
13628,6302.466112,1,70731690.8928,0.0233234986784682
13629,6302.486112,2,70731710.848,0.0343833876288237
13630,6302.506112,1,70731730.8928,0.023412625238183
13631,6302.526112,2,70731750.784,0.0344848075071199
13632,6302.546112,1,70731770.9184,0.0233542319749216
13633,6302.566112,2,70731790.8352,0.0345841784989858
13634,6302.586112,1,70731810.752,0.0233583297477821
13635,6302.606112,2,70731830.8096,0.0346108140225787
13636,6302.626112,1,70731850.8544,0.0233644764070728
13637,6302.646112,2,70731870.9504,0.0345196385764337
13638,6302.666112,1,70731890.8288,0.0233767697256541
13639,6302.686112,2,70731911.2448,0.0345503718728871
13640,6302.706112,1,70731930.816,0.0233357919970496
13641,6302.726112,2,70731951.0784,0.0345626651914684
13642,6302.746112,1,70731971.008,0.0233101809166718
13643,6302.766112,2,70731991.0016,0.0346825250476366
13644,6302.786112,1,70732011.0848,0.0233173520191776
13645,6302.806112,2,70732030.8224,0.0348238982113221
13646,6302.826112,1,70732050.8672,0.0233439875427705
13647,6302.846112,2,70732071.0016,0.0349355625217694
13648,6302.866112,1,70732090.9696,0.0233153031327474
13649,6302.886112,2,70732110.8608,0.0348300448706128
13650,6302.906112,1,70732130.9184,0.0232886676091544
13651,6302.926112,2,70732150.9504,0.0348310693138279
13652,6302.946112,1,70732170.9952,0.0232886676091544
13653,6302.966112,2,70732190.8864,0.0348556559509906
13654,6302.986112,1,70732210.9184,0.0233163275759625
13655,6303.006112,2,70732230.8736,0.0348464359620546
13656,6303.026112,1,70732250.9056,0.0233153031327474
13657,6303.046112,2,70732271.0656,0.0348075071198803
13658,6303.066112,1,70732290.8672,0.0232794476202184
13659,6303.086112,2,70732310.8992,0.0348945847931649
13660,6303.106112,1,70732330.9056,0.0232702276312824
13661,6303.126112,2,70732350.9376,0.0348372159731186
13662,6303.146112,1,70732370.9568,0.0232968631548753
13663,6303.166112,2,70732390.8736,0.0349068781117463
13664,6303.186112,1,70732410.8672,0.0233040342573811
13665,6303.206112,2,70732430.8864,0.03489560923638
13666,6303.226112,1,70732450.9184,0.0232692031880673
13667,6303.246112,2,70732471.0144,0.0348392648595488
13668,6303.266112,1,70732490.8928,0.0233153031327474
13669,6303.286112,2,70732510.9504,0.03489560923638
13670,6303.306112,1,70732530.9056,0.0232599831991313
13671,6303.326112,2,70732551.0016,0.0349181469871125
13672,6303.346112,1,70732571.0592,0.0233112053598869
13673,6303.366112,2,70732590.9376,0.0348730714856475
13674,6303.386112,1,70732610.8928,0.0232353965619686
13675,6303.406112,2,70732630.9504,0.0348986825660254
13676,6303.426112,1,70732650.9312,0.0232538365398406
13677,6303.446112,2,70732670.9632,0.035013420206118
13678,6303.466112,1,70732690.9568,0.0232179810273117
13679,6303.486112,2,70732711.3728,0.0351168889708443
13680,6303.506112,1,70732730.9312,0.0232333476755383
13681,6303.526112,2,70732750.9248,0.0352172844059254
13682,6303.546112,1,70732770.9568,0.023303009814166
13683,6303.566112,2,70732790.9632,0.0352244555084312
13684,6303.586112,1,70732810.9696,0.0232456409941197
13685,6303.606112,2,70732831.04,0.035186551109472
13686,6303.626112,1,70732850.9696,0.0232917409387998
13687,6303.646112,2,70732870.9248,0.0352275288380765
13688,6303.666112,1,70732890.9056,0.0232896920523695
13689,6303.686112,2,70732910.9376,0.0350646423668736
13690,6303.706112,1,70732931.0208,0.0232282254594628
13691,6303.726112,2,70732951.0144,0.0351568422562337
13692,6303.746112,1,70732971.0592,0.023330669780974
13693,6303.766112,2,70732990.976,0.035177331120536
13694,6303.786112,1,70733011.0208,0.0233040342573811
13695,6303.806112,2,70733031.0144,0.0351097178683386
13696,6303.826112,1,70733051.0848,0.0233204253488229
13697,6303.846112,2,70733071.0272,0.0350543979347225
13698,6303.866112,1,70733091.0208,0.0234044296924621
13699,6303.886112,2,70733111.0144,0.0349478558403508
13700,6303.906112,1,70733131.008,0.0233921363738808
13701,6303.926112,2,70733150.976,0.0349068781117463
13702,6303.946112,1,70733171.0976,0.0233234986784682
13703,6303.966112,2,70733191.0528,0.0350021513307517
13704,6303.986112,1,70733211.0976,0.0233275964513287
13705,6304.006112,2,70733231.0272,0.0349601491589321
13706,6304.026112,1,70733250.9824,0.0233890630442355
13707,6304.046112,2,70733271.0016,0.0348515581781302
13708,6304.066112,1,70733291.0336,0.0232948142684451
13709,6304.086112,2,70733311.04,0.0347890671420083
13710,6304.106112,1,70733331.072,0.0233286208945438
13711,6304.126112,2,70733351.0272,0.0348013604605897
13712,6304.146112,1,70733371.0208,0.0233142786895322
13713,6304.166112,2,70733391.0784,0.0347255516626713
13714,6304.186112,1,70733411.0464,0.0233726719527937
13715,6304.206112,2,70733430.976,0.034731698321962
13716,6304.226112,1,70733451.0464,0.0233532075317065
13717,6304.246112,2,70733471.0656,0.0347265761058864
13718,6304.266112,1,70733491.1488,0.023211834368021
13719,6304.286112,2,70733511.0912,0.0347552605159096
13720,6304.306112,1,70733531.2512,0.0233183764623927
13721,6304.326112,2,70733551.0656,0.0347982871309443
13722,6304.346112,1,70733571.1232,0.023357305304567
13723,6304.366112,2,70733591.232,0.0346517917511832
13724,6304.386112,1,70733611.0208,0.0234116007949679
13725,6304.406112,2,70733631.0144,0.034677402831561
13726,6304.426112,1,70733651.0336,0.0233398897699101
13727,6304.446112,2,70733671.1552,0.0346354006597414
13728,6304.466112,1,70733691.0464,0.0232907164955847
13729,6304.486112,2,70733711.0528,0.0345104185874977
13730,6304.506112,1,70733731.072,0.0233429630995554
13731,6304.526112,2,70733751.0272,0.034485831950335
13732,6304.546112,1,70733771.2,0.0233644764070728
13733,6304.566112,2,70733791.104,0.034413096482062
13734,6304.586112,1,70733811.0976,0.0233296453377589
13735,6304.606112,2,70733831.0144,0.0343536787755855
13736,6304.626112,1,70733851.136,0.0232149076976663
13737,6304.646112,2,70733871.0784,0.0343280676952077
13738,6304.666112,1,70733891.0848,0.0232804720634335
13739,6304.686112,2,70733911.0528,0.0343803142991784
13740,6304.706112,1,70733931.0208,0.0232671543016371
13741,6304.726112,2,70733951.0656,0.0343362632409286
13742,6304.746112,1,70733971.072,0.0233234986784682
13743,6304.766112,2,70733990.9888,0.0344253898006434
13744,6304.786112,1,70734011.0464,0.0233204253488229
13745,6304.806112,2,70734031.0656,0.0344028520499109
13746,6304.826112,1,70734051.0976,0.0232558854262708
13747,6304.846112,2,70734071.104,0.0343557276620157
13748,6304.866112,1,70734091.0464,0.0233286208945438
13749,6304.886112,2,70734111.1808,0.0343967053906202
13750,6304.906112,1,70734131.0976,0.0233337431106194
13751,6304.926112,2,70734151.104,0.0342532833405044
13752,6304.946112,1,70734171.136,0.0233501342020612
13753,6304.966112,2,70734191.0656,0.0341928411908128
13754,6304.986112,1,70734211.1488,0.0233101809166718
13755,6305.006112,2,70734231.1168,0.0340965435285922
13756,6305.026112,1,70734251.1104,0.0232630565287766
13757,6305.046112,2,70734271.1168,0.0340668346753539
13758,6305.066112,1,70734291.136,0.0233204253488229
13759,6305.086112,2,70734311.1168,0.0340565902432028
13760,6305.106112,1,70734331.0592,0.0233593541909972
13761,6305.126112,2,70734351.0656,0.0340811768803655
13762,6305.146112,1,70734371.1104,0.0232794476202184
13763,6305.166112,2,70734391.1296,0.0341600590079292
13764,6305.186112,1,70734411.1872,0.0232671543016371
13765,6305.206112,2,70734431.0912,0.0342082078390395
13766,6305.226112,1,70734451.0848,0.0232569098694859
13767,6305.246112,2,70734471.168,0.0343055299444752
13768,6305.266112,1,70734491.1232,0.0232589587559162
13769,6305.286112,2,70734511.1808,0.0342963099555392
13770,6305.306112,1,70734531.136,0.0232692031880673
13771,6305.326112,2,70734551.1808,0.0343167988198414
13772,6305.346112,1,70734571.2,0.0232640809719917
13773,6305.366112,2,70734591.1424,0.034349581002725
13774,6305.386112,1,70734611.2128,0.02329378982523
13775,6305.406112,2,70734631.1936,0.0343782654127482
13776,6305.426112,1,70734651.1104,0.0232763742905731
13777,6305.446112,2,70734671.2192,0.0344346097895794
13778,6305.466112,1,70734691.1744,0.023175978855492
13779,6305.486112,2,70734711.1168,0.0346087651361485
13780,6305.506112,1,70734731.1744,0.0231616366504805
13781,6305.526112,2,70734751.1168,0.0346435962054623
13782,6305.546112,1,70734771.264,0.023211834368021
13783,6305.566112,2,70734791.1552,0.0348208248816768
13784,6305.586112,1,70734811.2,0.0232712520744975
13785,6305.606112,2,70734831.2192,0.035004200217182
13786,6305.626112,1,70734851.2,0.0232784231770033
13787,6305.646112,2,70734871.168,0.0349796135800193
13788,6305.666112,1,70734891.1488,0.0232896920523695
13789,6305.686112,2,70734911.104,0.0349365869649845
13790,6305.706112,1,70734931.1872,0.0232978875980904
13791,6305.726112,2,70734951.1936,0.0348075071198803
13792,6305.746112,1,70734971.2896,0.0233081320302416
13793,6305.766112,2,70734991.1936,0.034813653779171
13794,6305.786112,1,70735011.456,0.0233224742352531
13795,6305.806112,2,70735031.1552,0.0348259470977524
13796,6305.826112,1,70735051.2,0.0233173520191776
13797,6305.846112,2,70735071.296,0.0347347716516073
13798,6305.866112,1,70735091.2,0.0233491097588461
13799,6305.886112,2,70735111.3344,0.0348577048374209
13800,6305.906112,1,70735131.2384,0.0233562808613519
13801,6305.926112,2,70735151.2832,0.0347911160284385
13802,6305.946112,1,70735171.4176,0.0233409142131252
13803,6305.966112,2,70735191.2064,0.0348443870756244
13804,6305.986112,1,70735211.3024,0.0232999364845207
13805,6306.006112,2,70735231.2832,0.0347798471530723
13806,6306.026112,1,70735251.2128,0.0233255475648985
13807,6306.046112,2,70735271.3472,0.0347337472083922
13808,6306.066112,1,70735291.1872,0.023330669780974
13809,6306.086112,2,70735311.1808,0.0347337472083922
13810,6306.106112,1,70735331.2896,0.0232814965066486
13811,6306.126112,2,70735351.2704,0.0347870182555781
13812,6306.146112,1,70735371.264,0.0233398897699101
13813,6306.166112,2,70735391.2704,0.034740918310898
13814,6306.186112,1,70735411.264,0.0232681787448522
13815,6306.206112,2,70735431.2704,0.0347542360726945
13816,6306.226112,1,70735451.2512,0.023284569836294
13817,6306.246112,2,70735471.4368,0.0346558895240437
13818,6306.266112,1,70735491.264,0.0232610076423464
13819,6306.286112,2,70735511.2832,0.0347378449812527
13820,6306.306112,1,70735531.3408,0.0232415432212592
13821,6306.326112,2,70735551.2704,0.0347368205380376
13822,6306.346112,1,70735571.3664,0.0233040342573811
13823,6306.366112,2,70735591.232,0.0346517917511832
13824,6306.386112,1,70735611.2128,0.0232589587559162
13825,6306.406112,2,70735631.2704,0.0345483229864569
13826,6306.426112,1,70735651.2768,0.0232743254041428
13827,6306.446112,2,70735671.3344,0.0345411518839511
13828,6306.466112,1,70735691.264,0.0232671543016371
13829,6306.486112,2,70735711.3216,0.0345022230417768
13830,6306.506112,1,70735731.264,0.0232794476202184
13831,6306.526112,2,70735751.232,0.0343434343434343
13832,6306.546112,1,70735771.328,0.0232179810273117
13833,6306.566112,2,70735791.2832,0.0342901632962485
13834,6306.586112,1,70735811.264,0.0232497387669801
13835,6306.606112,2,70735831.3216,0.0343260188087774
13836,6306.626112,1,70735851.3408,0.0233327186674043
13837,6306.646112,2,70735871.424,0.0342512344540742
13838,6306.666112,1,70735891.2768,0.0232138832544512
13839,6306.686112,2,70735911.2832,0.0341959145204581
13840,6306.706112,1,70735931.3536,0.0232835453930789
13841,6306.726112,2,70735951.2704,0.034194890077243
13842,6306.746112,1,70735971.3792,0.0232681787448522
13843,6306.766112,2,70735991.296,0.0342645522158707
13844,6306.786112,1,70736011.3024,0.0233112053598869
13845,6306.806112,2,70736031.296,0.0343147499334112
13846,6306.826112,1,70736051.2768,0.0232538365398406
13847,6306.846112,2,70736071.3088,0.0343741676398877
13848,6306.866112,1,70736091.3024,0.023330669780974
13849,6306.886112,2,70736111.3472,0.0344171942549224
13850,6306.906112,1,70736131.3024,0.0232989120413055
13851,6306.926112,2,70736151.3088,0.0345093941442826
13852,6306.946112,1,70736171.3408,0.0233511586452763
13853,6306.966112,2,70736191.3472,0.0345155408035733
13854,6306.986112,1,70736211.3152,0.0234218452271191
13855,6307.006112,2,70736231.3344,0.0345626651914684
13856,6307.026112,1,70736251.2896,0.0234146741246133
13857,6307.046112,2,70736271.2832,0.0346763783883459
13858,6307.066112,1,70736291.3792,0.0232763742905731
13859,6307.086112,2,70736311.36,0.0348034093470199
13860,6307.106112,1,70736331.4816,0.0233337431106194
13861,6307.126112,2,70736351.36,0.0347419427541131
13862,6307.146112,1,70736371.3664,0.0234238941135493
13863,6307.166112,2,70736391.3856,0.0348034093470199
13864,6307.186112,1,70736411.328,0.0234023808060319
13865,6307.206112,2,70736431.3088,0.0349581002725019
13866,6307.226112,1,70736451.3536,0.0234351629889155
13867,6307.246112,2,70736471.4368,0.0348843403610138
13868,6307.266112,1,70736491.3664,0.0234075030221075
13869,6307.286112,2,70736511.3472,0.0350369824000656
13870,6307.306112,1,70736531.3152,0.0233644764070728
13871,6307.326112,2,70736551.3472,0.0349089269981765
13872,6307.346112,1,70736571.4944,0.0233829163849448
13873,6307.366112,2,70736591.3216,0.0349027803388858
13874,6307.386112,1,70736611.4048,0.0233726719527937
13875,6307.406112,2,70736631.3472,0.0346855983772819
13876,6307.426112,1,70736651.3664,0.0234054541356773
13877,6307.446112,2,70736671.4624,0.0347337472083922
13878,6307.466112,1,70736691.3664,0.0233501342020612
13879,6307.486112,2,70736711.3472,0.0346896961501424
13880,6307.506112,1,70736731.5712,0.0232702276312824
13881,6307.526112,2,70736751.3728,0.0347726760505665
13882,6307.546112,1,70736771.4048,0.0232067121519454
13883,6307.566112,2,70736791.3984,0.0346671583994099
13884,6307.586112,1,70736811.392,0.0232497387669801
13885,6307.606112,2,70736831.4368,0.0347112094576598
13886,6307.626112,1,70736851.456,0.0232743254041428
13887,6307.646112,2,70736871.424,0.034567787407544
13888,6307.666112,1,70736891.4432,0.0232415432212592
13889,6307.686112,2,70736911.3984,0.0344827586206897
13890,6307.706112,1,70736931.3792,0.0232640809719917
13891,6307.726112,2,70736951.4112,0.0344151453684922
13892,6307.746112,1,70736971.3408,0.0232364210051837
13893,6307.766112,2,70736991.3728,0.0344212920277829
13894,6307.786112,1,70737011.392,0.023284569836294
13895,6307.806112,2,70737031.4752,0.0343700698670273
13896,6307.826112,1,70737051.4304,0.023248714323765
13897,6307.846112,2,70737071.5776,0.0343014321716147
13898,6307.866112,1,70737091.4432,0.0232640809719917
13899,6307.886112,2,70737111.5264,0.0341928411908128
13900,6307.906112,1,70737131.4048,0.023221054356957
13901,6307.926112,2,70737151.4496,0.034176450099371
13902,6307.946112,1,70737171.5968,0.0232804720634335
13903,6307.966112,2,70737191.4752,0.0342440633515684
13904,6307.986112,1,70737211.4304,0.0232968631548753
13905,6308.006112,2,70737231.424,0.034349581002725
13906,6308.026112,1,70737251.4048,0.0232866187227242
13907,6308.046112,2,70737271.8976,0.0343301165816379
13908,6308.066112,1,70737291.4688,0.0232640809719917
13909,6308.086112,2,70737311.424,0.0343096277173356
13910,6308.106112,1,70737331.4816,0.0232999364845207
13911,6308.126112,2,70737351.4368,0.0343721187534575
13912,6308.146112,1,70737371.4432,0.0233542319749216
13913,6308.166112,2,70737391.424,0.0345083697010675
13914,6308.186112,1,70737411.4816,0.023330669780974
13915,6308.206112,2,70737431.5008,0.0346722806154855
13916,6308.226112,1,70737451.4816,0.0234423340914213
13917,6308.246112,2,70737471.488,0.0346374495461717
13918,6308.266112,1,70737491.4688,0.0234003319196017
13919,6308.286112,2,70737511.488,0.0348259470977524
13920,6308.306112,1,70737531.4432,0.0233511586452763
13921,6308.326112,2,70737551.4752,0.0348822914745836
13922,6308.346112,1,70737571.6736,0.0233870141578052
13923,6308.366112,2,70737591.488,0.0350400557297109
13924,6308.386112,1,70737611.4944,0.0233675497367181
13925,6308.406112,2,70737631.4624,0.0350513246050771
13926,6308.426112,1,70737651.4944,0.0233695986231483
13927,6308.446112,2,70737671.6544,0.0350943512201119
13928,6308.466112,1,70737691.4816,0.0234443829778515
13929,6308.486112,2,70737711.552,0.0350964001065421
13930,6308.506112,1,70737731.52,0.0234454074210666
13931,6308.526112,2,70737751.4752,0.0349826869096646
13932,6308.546112,1,70737771.6864,0.0233726719527937
13933,6308.566112,2,70737791.5136,0.0348966336795951
13934,6308.586112,1,70737811.52,0.0234454074210666
13935,6308.606112,2,70737831.5776,0.0347696027209212
13936,6308.626112,1,70737851.5072,0.0233747208392239
13937,6308.646112,2,70737871.5136,0.0347388694244678
13938,6308.666112,1,70737891.5072,0.0233552564181367
13939,6308.686112,2,70737911.552,0.0346046673632881
13940,6308.706112,1,70737931.4432,0.0234187718974737
13941,6308.726112,2,70737951.552,0.0345708607371893
13942,6308.746112,1,70737971.6096,0.0233952097035261
13943,6308.766112,2,70737991.5008,0.0344704653021083
13944,6308.786112,1,70738011.5072,0.0234167230110435
13945,6308.806112,2,70738031.5264,0.0346087651361485
13946,6308.826112,1,70738051.52,0.0234228696703342
13947,6308.846112,2,70738071.5648,0.0347091605712295
13948,6308.866112,1,70738091.5328,0.0233736963960088
13949,6308.886112,2,70738111.6032,0.0346569139672588
13950,6308.906112,1,70738131.5584,0.0233521830884914
13951,6308.926112,2,70738151.5776,0.0345309074517999
13952,6308.946112,1,70738171.5712,0.0232671543016371
13953,6308.966112,2,70738191.5264,0.0346251562275903
13954,6308.986112,1,70738211.4816,0.023312229803102
13955,6309.006112,2,70738231.6032,0.0344376831192247
13956,6309.026112,1,70738251.5328,0.0233521830884914
13957,6309.046112,2,70738271.6672,0.0345964718175671
13958,6309.066112,1,70738291.5584,0.0234105763517528
13959,6309.086112,2,70738311.5264,0.0348105804495257
13960,6309.106112,1,70738331.5456,0.0233204253488229
13961,6309.126112,2,70738351.552,0.0349376114081996
13962,6309.146112,1,70738371.5712,0.0233388653266949
13963,6309.166112,2,70738391.616,0.0350923023336816
13964,6309.186112,1,70738411.6224,0.0233101809166718
13965,6309.206112,2,70738431.5392,0.0349396602946299
13966,6309.226112,1,70738451.5584,0.0232804720634335
13967,6309.246112,2,70738471.6032,0.0349253180896183
13968,6309.266112,1,70738491.5456,0.0233491097588461
13969,6309.286112,2,70738511.5904,0.0348259470977524
13970,6309.306112,1,70738531.5584,0.0233357919970496
13971,6309.326112,2,70738551.6032,0.0348054582334501
13972,6309.346112,1,70738571.6224,0.0232784231770033
13973,6309.366112,2,70738591.5648,0.0348341426434733
13974,6309.386112,1,70738611.5712,0.0232784231770033
13975,6309.406112,2,70738631.6032,0.0347204294465958
13976,6309.426112,1,70738651.584,0.0232743254041428
13977,6309.446112,2,70738671.68,0.0346179851250845
13978,6309.466112,1,70738691.5968,0.0232702276312824
13979,6309.486112,2,70738711.5904,0.0345790562829102
13980,6309.506112,1,70738731.7632,0.0233163275759625
13981,6309.526112,2,70738751.6032,0.0345124674739279
13982,6309.546112,1,70738771.6352,0.0232558854262708
13983,6309.566112,2,70738791.6032,0.0345554940889626
13984,6309.586112,1,70738811.6352,0.0232794476202184
13985,6309.606112,2,70738831.68,0.0346190095682996
13986,6309.626112,1,70738851.6096,0.0232620320855615
13987,6309.646112,2,70738871.6288,0.034832093757043
13988,6309.666112,1,70738891.5968,0.023248714323765
13989,6309.686112,2,70738911.68,0.0348730714856475
13990,6309.706112,1,70738931.6096,0.0232855942795091
13991,6309.726112,2,70738951.68,0.0352060155305591
13992,6309.746112,1,70738971.648,0.0232814965066486
13993,6309.766112,2,70738991.616,0.0352244555084312
13994,6309.786112,1,70739011.6352,0.0232671543016371
13995,6309.806112,2,70739031.6288,0.0351609400290942
13996,6309.826112,1,70739051.7376,0.0233470608724158
13997,6309.846112,2,70739071.68,0.0352193332923556
13998,6309.866112,1,70739091.6736,0.0232814965066486
13999,6309.886112,2,70739111.68,0.0351353289487164
14000,6309.906112,1,70739131.7376,0.0233593541909972
14001,6309.926112,2,70739151.6544,0.0350605445940132
14002,6309.946112,1,70739171.648,0.0232958387116602
14003,6309.966112,2,70739191.616,0.0348976581228103
14004,6309.986112,1,70739211.6096,0.0233071075870264
14005,6310.006144,2,70739231.616,0.0347368205380376
14006,6310.026144,1,70739251.6608,0.0233050587005962
14007,6310.046144,2,70739271.6288,0.0346302784436659
14008,6310.066144,1,70739291.6736,0.0233060831438113
14009,6310.086144,2,70739311.616,0.0346835494908517
14010,6310.106144,1,70739331.8016,0.0233521830884914
14011,6310.126144,2,70739351.6928,0.0346640850697646
14012,6310.146144,1,70739371.648,0.0233398897699101
14013,6310.166144,2,70739391.6672,0.0347665293912758
14014,6310.186144,1,70739411.648,0.0233142786895322
14015,6310.206144,2,70739431.7312,0.0348085315630955
14016,6310.226144,1,70739451.648,0.0233521830884914
14017,6310.246144,2,70739471.6672,0.0348843403610138
14018,6310.266144,1,70739491.6352,0.0233501342020612
14019,6310.286144,2,70739511.68,0.0347982871309443
14020,6310.306144,1,70739531.6352,0.023330669780974
14021,6310.326144,2,70739552.2944,0.0348023849038048
14022,6310.346144,1,70739571.712,0.023357305304567
14023,6310.366144,2,70739591.6672,0.0346753539451308
14024,6310.386144,1,70739611.6736,0.023366525293503
14025,6310.406144,2,70739631.68,0.0346241317843752
14026,6310.426144,1,70739651.6992,0.0234515540803573
14027,6310.446144,2,70739671.6928,0.0347081361280144
14028,6310.466144,1,70739691.712,0.0233460364292007
14029,6310.486144,2,70739711.6928,0.0346753539451308
14030,6310.506144,1,70739731.6864,0.0233398897699101
14031,6310.526144,2,70739751.744,0.0346651095129797
14032,6310.546144,1,70739771.6992,0.0232999364845207
14033,6310.566144,2,70739791.7696,0.0347081361280144
14034,6310.586144,1,70739811.7376,0.0233460364292007
14035,6310.606144,2,70739831.68,0.0346190095682996
14036,6310.626144,1,70739851.712,0.0232692031880673
14037,6310.646144,2,70739871.7184,0.0347204294465958
14038,6310.666144,1,70739891.712,0.0232507632101953
14039,6310.686144,2,70739911.7312,0.0348402893027639
14040,6310.706144,1,70739931.7376,0.0233132542463171
14041,6310.726144,2,70739951.7056,0.0348730714856475
14042,6310.746144,1,70739971.712,0.0232425676644744
14043,6310.766144,2,70739991.7312,0.0349130247710369
14044,6310.786144,1,70740011.6992,0.0233777941688692
14045,6310.806144,2,70740031.7184,0.0349581002725019
14046,6310.826144,1,70740051.776,0.0233153031327474
14047,6310.846144,2,70740071.7184,0.0349038047821009
14048,6310.866144,1,70740091.7248,0.0234382363185609
14049,6310.886144,2,70740111.7184,0.0349242936464032
14050,6310.906144,1,70740131.7504,0.0234269674431946
14051,6310.926144,2,70740151.7056,0.0348792181449382
14052,6310.946144,1,70740171.8016,0.0233747208392239
14053,6310.966144,2,70740191.6928,0.034877169258508
14054,6310.986144,1,70740211.7248,0.0234228696703342
14055,6311.006144,2,70740231.7568,0.0347696027209212
14056,6311.026144,1,70740251.712,0.0234023808060319
14057,6311.046144,2,70740271.808,0.0349283914192636
14058,6311.066144,1,70740291.7888,0.0233470608724158
14059,6311.086144,2,70740311.7824,0.034813653779171
14060,6311.106144,1,70740331.9296,0.0233603786342123
14061,6311.126144,2,70740351.8976,0.0348310693138279
14062,6311.146144,1,70740371.7888,0.0234495051939271
14063,6311.166144,2,70740391.8592,0.0347337472083922
14064,6311.186144,1,70740411.904,0.0233859897145901
14065,6311.206144,2,70740431.8848,0.0345923740447067
14066,6311.226144,1,70740451.8144,0.023275349847358
14067,6311.246144,2,70740472.0768,0.0346169606818694
14068,6311.266144,1,70740491.7888,0.0233644764070728
14069,6311.286144,2,70740511.808,0.0346671583994099
14070,6311.306144,1,70740531.7888,0.0232907164955847
14071,6311.326144,2,70740551.808,0.0347685782777061
14072,6311.346144,1,70740571.904,0.0233275964513287
14073,6311.366144,2,70740591.8336,0.0348699981560022
14074,6311.386144,1,70740611.8144,0.0232876431659393
14075,6311.406144,2,70740631.8336,0.0347880426987932
14076,6311.426144,1,70740651.8272,0.023330669780974
14077,6311.446144,2,70740671.808,0.034867949269572
14078,6311.466144,1,70740691.8272,0.0233337431106194
14079,6311.486144,2,70740711.7696,0.0348607781670662
14080,6311.506144,1,70740731.8016,0.0233142786895322
14081,6311.526144,2,70740751.808,0.0347757493802119
14082,6311.546144,1,70740771.7888,0.0232497387669801
14083,6311.566144,2,70740791.8464,0.0349632224885775
14084,6311.586144,1,70740811.8016,0.0233255475648985
14085,6311.606144,2,70740831.7952,0.0350113713196877
14086,6311.626144,1,70740851.8528,0.0233460364292007
14087,6311.646144,2,70740871.9104,0.0350523490482923
14088,6311.666144,1,70740891.8272,0.0233521830884914
14089,6311.686144,2,70740911.8464,0.0350912778904665
14090,6311.706144,1,70740931.8912,0.0233091564734567
14091,6311.726144,2,70740951.9488,0.0350482512754318
14092,6311.746144,1,70740971.8912,0.0233829163849448
14093,6311.766144,2,70740991.808,0.0349365869649845
14094,6311.786144,1,70741011.8528,0.0233583297477821
14095,6311.806144,2,70741031.808,0.0349734669207286
14096,6311.826144,1,70741051.84,0.0233439875427705
14097,6311.846144,2,70741071.8848,0.0349089269981765
14098,6311.866144,1,70741091.8272,0.0233255475648985
14099,6311.886144,2,70741111.8592,0.0349191714303276
14100,6311.906144,1,70741131.84,0.0233460364292007
14101,6311.926144,2,70741151.8336,0.0349908824553855
14102,6311.946144,1,70741171.8784,0.0233060831438113
14103,6311.966144,2,70741191.8464,0.0349724424775135
14104,6311.986144,1,70741211.8272,0.0232692031880673
14105,6312.006144,2,70741231.9616,0.035022640195054
14106,6312.026144,1,70741251.8528,0.0232927653820149
14107,6312.046144,2,70741272.0384,0.0350257135246993
14108,6312.066144,1,70741291.8656,0.0233337431106194
14109,6312.086144,2,70741311.8464,0.0349601491589321
14110,6312.106144,1,70741331.9168,0.0233009609277358
14111,6312.126144,2,70741351.8976,0.0351578666994488
14112,6312.146144,1,70741371.9424,0.0233234986784682
14113,6312.166144,2,70741391.9104,0.0353330464892331
14114,6312.186144,1,70741411.8784,0.023348085315631
14115,6312.206144,2,70741431.9104,0.0352848976581228
14116,6312.226144,1,70741451.9552,0.0233153031327474
14117,6312.246144,2,70741471.8848,0.0353484131374598
14118,6312.266144,1,70741491.8784,0.0232835453930789
14119,6312.286144,2,70741511.8848,0.03535046202389
14120,6312.306144,1,70741531.9168,0.023303009814166
14121,6312.326144,2,70741551.9104,0.0352510910320241
14122,6312.346144,1,70741571.9424,0.0233634519638576
14123,6312.366144,2,70741591.8848,0.035240846599873
14124,6312.386144,1,70741611.8528,0.0233706230663634
14125,6312.406144,2,70741631.936,0.0349847357960948
14126,6312.426144,1,70741651.8912,0.0233695986231483
14127,6312.446144,2,70741671.9616,0.0349703935910832
14128,6312.466144,1,70741691.904,0.0233327186674043
14129,6312.486144,2,70741711.9744,0.0349560513860717
14130,6312.506144,1,70741731.9424,0.0233706230663634
14131,6312.526144,2,70741751.8976,0.0348474604052697
14132,6312.546144,1,70741771.9552,0.0233624275206425
14133,6312.566144,2,70741791.9232,0.0349550269428566
14134,6312.586144,1,70741811.9168,0.0233747208392239
14135,6312.606144,2,70741831.9488,0.0350339090704202
14136,6312.626144,1,70741851.9168,0.0233706230663634
14137,6312.646144,2,70741871.9104,0.0351824533366116
14138,6312.666144,1,70741892.032,0.0233931608170959
14139,6312.686144,2,70741911.9872,0.0351435244944373
14140,6312.706144,1,70741931.9424,0.0233747208392239
14141,6312.726144,2,70741951.9744,0.0350933267768968
14142,6312.746144,1,70741971.9936,0.0233583297477821
14143,6312.766144,2,70741991.9232,0.0351517200401582
14144,6312.786144,1,70742012.0448,0.023375745282439
14145,6312.806144,2,70742031.9488,0.0351578666994488
14146,6312.826144,1,70742051.968,0.0233337431106194
14147,6312.846144,2,70742072.0896,0.0351158645276292
14148,6312.866144,1,70742092.0064,0.0233521830884914
14149,6312.886144,2,70742112.1152,0.0351373778351466
14150,6312.906144,1,70742131.9552,0.0234279918864097
14151,6312.926144,2,70742151.9488,0.035186551109472
14152,6312.946144,1,70742171.968,0.0233327186674043
14153,6312.966144,2,70742191.9616,0.0351650378019546
14154,6312.986144,1,70742212.096,0.0233716475095785
14155,6313.006144,2,70742232.0128,0.0350605445940132
14156,6313.026144,1,70742252.0064,0.023321449792038
14157,6313.046144,2,70742271.9232,0.0350472268322167
14158,6313.066144,1,70742291.9936,0.0233101809166718
14159,6313.086144,2,70742311.9744,0.0349519536132112
14160,6313.106144,1,70742331.9424,0.0233316942241892
14161,6313.126144,2,70742352.0512,0.0349796135800193
14162,6313.146144,1,70742371.968,0.0233542319749216
14163,6313.166144,2,70742391.9872,0.0349673202614379
14164,6313.186144,1,70742411.9936,0.0232507632101953
14165,6313.206144,2,70742431.9872,0.0350728379125945
14166,6313.226144,1,70742451.9936,0.0232425676644744
14167,6313.246144,2,70742472,0.0350625934804434
14168,6313.266144,1,70742492.0064,0.0231851988444281
14169,6313.286144,2,70742512,0.0350349335136353
14170,6313.306144,1,70742531.9808,0.0232312987891081
14171,6313.326144,2,70742552.0128,0.0351261089597804
14172,6313.346144,1,70742572.1984,0.0232548609830557
14173,6313.366144,2,70742592,0.0350830823447456
14174,6313.386144,1,70742612.16,0.0233204253488229
14175,6313.406144,2,70742632.1792,0.0351609400290942
14176,6313.426144,1,70742651.9552,0.0232763742905731
14177,6313.446144,2,70742672.064,0.0352828487716926
14178,6313.466144,1,70742692.0832,0.0233439875427705
14179,6313.486144,2,70742712.1408,0.035322802057082
14180,6313.506144,1,70742732.032,0.0233081320302416
14181,6313.526144,2,70742752.1792,0.0351086934251234
14182,6313.546144,1,70742772.0576,0.0233624275206425
14183,6313.566144,2,70742792.0256,0.035104595652263
14184,6313.586144,1,70742812.0192,0.0233091564734567
14185,6313.606144,2,70742832.0896,0.0350871801176061
14186,6313.626144,1,70742852.1344,0.0232948142684451
14187,6313.646144,2,70742872.0256,0.0351599155858791
14188,6313.666144,1,70742892.0704,0.0233357919970496
14189,6313.686144,2,70742912.0512,0.0350656668100887
14190,6313.706144,1,70742932.032,0.0232855942795091
14191,6313.726144,2,70742952.1408,0.034959124715717
14192,6313.746144,1,70742972.0448,0.0233675497367181
14193,6313.766144,2,70742992.0512,0.0347972626877292
14194,6313.786144,1,70743012.0576,0.0233993074763866
14195,6313.806144,2,70743032.0512,0.0346794517179913
14196,6313.826144,1,70743052.1088,0.0233603786342123
14197,6313.846144,2,70743072.1024,0.0346927694797877
14198,6313.866144,1,70743092.0576,0.0233521830884914
14199,6313.886144,2,70743112.0768,0.0347696027209212
14200,6313.906144,1,70743132.0832,0.0233040342573811
14201,6313.926144,2,70743152.064,0.0346251562275903
14202,6313.946144,1,70743172.0448,0.0233562808613519
14203,6313.966144,2,70743192.0768,0.0345472985432417
14204,6313.986144,1,70743212.0704,0.0233337431106194
14205,6314.006144,2,70743232.0896,0.0345462741000266
14206,6314.026144,1,70743252.096,0.023357305304567
14207,6314.046144,2,70743272.192,0.0346190095682996
14208,6314.066144,1,70743292.096,0.0234279918864097
14209,6314.086144,2,70743312.0896,0.0346815006044215
14210,6314.106144,1,70743332.096,0.0233562808613519
14211,6314.126144,2,70743352.32,0.0346579384104739
14212,6314.146144,1,70743372.0704,0.0234167230110435
14213,6314.166144,2,70743392.2048,0.0348167271088164
14214,6314.186144,1,70743412.1216,0.0233603786342123
14215,6314.206144,2,70743432.1408,0.0348669248263569
14216,6314.226144,1,70743452.1472,0.023357305304567
14217,6314.246144,2,70743472.1152,0.0347562849591247
14218,6314.266144,1,70743492.1088,0.0233870141578052
14219,6314.286144,2,70743512.1408,0.0348536070645604
14220,6314.306144,1,70743532.1088,0.0234792140471654
14221,6314.326144,2,70743552.1536,0.0347603827319852
14222,6314.346144,1,70743572.1728,0.0234187718974737
14223,6314.366144,2,70743592.1024,0.034750138299834
14224,6314.386144,1,70743612.16,0.0233829163849448
14225,6314.406144,2,70743632.1408,0.0347726760505665
14226,6314.426144,1,70743652.1088,0.0234361874321306
14227,6314.446144,2,70743672.2048,0.0348064826766652
14228,6314.466144,1,70743692.2112,0.0233952097035261
14229,6314.486144,2,70743712.1152,0.0346384739893868
14230,6314.506144,1,70743732.1472,0.02343004077284
14231,6314.526144,2,70743752.0896,0.0345472985432417
14232,6314.546144,1,70743772.1728,0.0233962341467412
14233,6314.566144,2,70743792.1536,0.034495051939271
14234,6314.586144,1,70743812.1344,0.0233695986231483
14235,6314.606144,2,70743832.1664,0.0345278341221546
14236,6314.626144,1,70743852.16,0.0233470608724158
14237,6314.646144,2,70743872.1664,0.0346005695904276
14238,6314.666144,1,70743892.1728,0.0234238941135493
14239,6314.686144,2,70743912.1664,0.0349581002725019
14240,6314.706144,1,70743932.2368,0.023357305304567
14241,6314.726144,2,70743952.192,0.0349447825107054
14242,6314.746144,1,70743972.288,0.0233337431106194
14243,6314.766144,2,70743992.2048,0.0347716516073514
14244,6314.786144,1,70744012.2752,0.0233870141578052
14245,6314.806144,2,70744032.192,0.0346394984326019
14246,6314.826144,1,70744052.1344,0.0232773987337882
14247,6314.846144,2,70744072.5248,0.0345093941442826
14248,6314.866144,1,70744092.16,0.0233204253488229
14249,6314.886144,2,70744112.192,0.0344971008257012
14250,6314.906144,1,70744132.224,0.023384965271375
14251,6314.926144,2,70744152.2176,0.0345933984879218
14252,6314.946144,1,70744172.288,0.0233378408834798
14253,6314.966144,2,70744192.2048,0.0348392648595488
14254,6314.986144,1,70744212.288,0.0234607740692933
14255,6315.006144,2,70744232.2048,0.0348331182002582
14256,6315.026144,1,70744252.2368,0.0233357919970496
14257,6315.046144,2,70744272.2048,0.0348423381891942
14258,6315.066144,1,70744292.2112,0.0233409142131252
14259,6315.086144,2,70744312.192,0.0349150736574672
14260,6315.106144,1,70744332.2112,0.0233511586452763
14261,6315.126144,2,70744352.2048,0.0349068781117463
14262,6315.146144,1,70744372.2368,0.0233204253488229
14263,6315.166144,2,70744392.2176,0.0346968672526482
14264,6315.186144,1,70744412.2368,0.0233153031327474
14265,6315.206144,2,70744432.2048,0.0346036429200729
14266,6315.226144,1,70744452.224,0.0233829163849448
14267,6315.246144,2,70744472.256,0.0345421763271662
14268,6315.266144,1,70744492.224,0.0233060831438113
14269,6315.286144,2,70744512.2432,0.0344919786096257
14270,6315.306144,1,70744532.2752,0.0233460364292007
14271,6315.326144,2,70744552.2432,0.034495051939271
14272,6315.346144,1,70744572.3392,0.0233890630442355
14273,6315.366144,2,70744592.2304,0.0345001741553466
14274,6315.386144,1,70744612.2624,0.0233685741799332
14275,6315.406144,2,70744632.256,0.0345616407482533
14276,6315.426144,1,70744652.2368,0.0233603786342123
14277,6315.446144,2,70744672.2944,0.0346435962054623
14278,6315.466144,1,70744692.2496,0.0233429630995554
14279,6315.486144,2,70744712.2944,0.0347419427541131
14280,6315.506144,1,70744732.2624,0.0233439875427705
14281,6315.526144,2,70744752.256,0.0347429671973283
14282,6315.546144,1,70744772.3264,0.0232733009609277
14283,6315.566144,2,70744792.2688,0.0347603827319852
14284,6315.586144,1,70744812.2624,0.0233204253488229
14285,6315.606144,2,70744832.2688,0.034612862909009
14286,6315.626144,1,70744852.2752,0.0233931608170959
14287,6315.646144,2,70744872.2304,0.0346159362386543
14288,6315.666144,1,70744892.2752,0.0233521830884914
14289,6315.686144,2,70744912.2944,0.0345391029975208
14290,6315.706144,1,70744932.352,0.0233183764623927
14291,6315.726144,2,70744952.2816,0.0345729096236196
14292,6315.746144,1,70744972.3264,0.0233706230663634
14293,6315.766144,2,70744992.2816,0.0345616407482533
14294,6315.786144,1,70745012.3008,0.0233552564181367
14295,6315.806144,2,70745032.2432,0.0344827586206897
14296,6315.826144,1,70745052.3008,0.0233644764070728
14297,6315.846144,2,70745072.384,0.0345298830085848
14298,6315.866144,1,70745092.3008,0.023412625238183
14299,6315.886144,2,70745112.3072,0.0344417808920851
14300,6315.906144,1,70745132.5056,0.0233859897145901
14301,6315.926144,2,70745153.8816,0.0343413854570041
14302,6315.946144,1,70745172.352,0.0233101809166718
14303,6315.966144,2,70745192.32,0.0342573811133649
14304,6315.986144,1,70745212.352,0.02329378982523
14305,6316.006144,2,70745232.3584,0.0342522588972893
14306,6316.026144,1,70745252.3008,0.0232733009609277
14307,6316.046144,2,70745272.3456,0.0341201057225398
14308,6316.066144,1,70745292.3392,0.0232220788001721
14309,6316.086144,2,70745312.32,0.03407605466429
14310,6316.106144,1,70745332.3392,0.0231401233429631
14311,6316.126144,2,70745352.3328,0.0340340524924703
14312,6316.146144,1,70745372.3392,0.023103243387219
14313,6316.166144,2,70745392.3328,0.034094494642162
14314,6316.186144,1,70745412.5056,0.0231442211158236
14315,6316.206144,2,70745432.32,0.0340934701989469
14316,6316.226144,1,70745452.5696,0.0231052922736493
14317,6316.246144,2,70745472.448,0.034239965578708
14318,6316.266144,1,70745492.3648,0.0232149076976663
14319,6316.286144,2,70745512.3584,0.0342368922490626
14320,6316.306144,1,70745532.3648,0.0232056877087303
14321,6316.326144,2,70745552.3584,0.0342952855123241
14322,6316.346144,1,70745573.3632,0.0231811010715676
14323,6316.366144,2,70745592.3968,0.0343710943102424
14324,6316.386144,1,70745612.3392,0.023175978855492
14325,6316.406144,2,70745633.024,0.0343792898559633
14326,6316.426144,1,70745652.352,0.0231882721740734
14327,6316.446144,2,70745672.448,0.0344417808920851
14328,6316.466144,1,70745692.4032,0.0231134878193702
14329,6316.486144,2,70745712.3584,0.0345104185874977
14330,6316.506144,1,70745732.3776,0.0232046632655152
14331,6316.526144,2,70745752.384,0.0344817341774745
14332,6316.546144,1,70745772.5952,0.0231288544675969
14333,6316.566144,2,70745792.3968,0.0344274386870736
14334,6316.586144,1,70745812.4544,0.0232005654926547
14335,6316.606144,2,70745832.3712,0.0343557276620157
14336,6316.626144,1,70745852.3904,0.0231145122625853
14337,6316.646144,2,70745872.3456,0.0342358678058475
14338,6316.666144,1,70745892.4032,0.0231339766836724
14339,6316.686144,2,70745913.1008,0.0342123056118999
14340,6316.706144,1,70745932.4032,0.02315753887762
14341,6316.726144,2,70745952.9216,0.03425840555658
14342,6316.746144,1,70745972.4672,0.023103243387219
14343,6316.766144,2,70745992.4608,0.0342358678058475
14344,6316.786144,1,70746012.4288,0.0232087610383756
14345,6316.806144,2,70746032.4096,0.0344530497674514
14346,6316.826144,1,70746052.416,0.0231585633208351
14347,6316.846144,2,70746072.96,0.0346015940336427
14348,6316.866144,1,70746092.48,0.0232097854815908
14349,6316.886144,2,70746112.4224,0.0347552605159096
14350,6316.906144,1,70746132.4288,0.023166758866556
14351,6316.926144,2,70746152.4224,0.0348003360173746
14352,6316.946144,1,70746172.4032,0.0231319277972422
14353,6316.966144,2,70746192.4224,0.0349355625217694
14354,6316.986144,1,70746212.4416,0.0231237322515213
14355,6317.006144,2,70746232.5888,0.0348894625770894
14356,6317.026144,1,70746252.416,0.0230899256254226
14357,6317.046144,2,70746272.512,0.034858729280636
14358,6317.066144,1,70746292.4672,0.0231677833097711
14359,6317.086144,2,70746312.4992,0.0347419427541131
14360,6317.106144,1,70746332.6336,0.0231903210605036
14361,6317.126144,2,70746353.024,0.0345421763271662
14362,6317.146144,1,70746372.4544,0.0231995410494396
14363,6317.166144,2,70746392.5632,0.0343710943102424
14364,6317.186144,1,70746412.8384,0.0231431966726084
14365,6317.206144,2,70746432.4352,0.0342368922490626
14366,6317.226144,1,70746452.4544,0.0230919745118528
14367,6317.246144,2,70746472.4992,0.0341795234290163
14368,6317.266144,1,70746492.4544,0.0231626610936956
14369,6317.286144,2,70746512.5248,0.0341733767697257
14370,6317.306144,1,70746532.4544,0.0231288544675969
14371,6317.326144,2,70746552.5248,0.0342829921937427
14372,6317.346144,1,70746572.5568,0.0231104144897248
14373,6317.366144,2,70746592.512,0.0341354723707665
14374,6317.386144,1,70746612.4928,0.0231104144897248
14375,6317.406144,2,70746633.3952,0.0340678591185691
14376,6317.426144,1,70746652.5824,0.0231472944454689
14377,6317.446144,2,70746672.4992,0.0340770791075051
14378,6317.466144,1,70746693.0816,0.0231175855922306
14379,6317.486144,2,70746712.7808,0.0340965435285922
14380,6317.506144,1,70746732.5184,0.0231411477861782
14381,6317.526144,2,70746752.4736,0.0339684881267031
14382,6317.546144,1,70746772.7744,0.0231442211158236
14383,6317.566144,2,70746792.4992,0.033839408281599
14384,6317.586144,1,70746812.48,0.0231319277972422
14385,6317.606144,2,70746832.5248,0.0338199438605118
14386,6317.626144,1,70746852.5056,0.0231442211158236
14387,6317.646144,2,70746872.512,0.0339336570573893
14388,6317.666144,1,70746892.5184,0.0231431966726084
14389,6317.686144,2,70746912.512,0.0338978015448604
14390,6317.706144,1,70746932.5184,0.0231401233429631
14391,6317.726144,2,70746952.4864,0.0338957526584301
14392,6317.746144,1,70746972.5568,0.0231472944454689
14393,6317.766144,2,70746992.5632,0.0339715614563485
14394,6317.786144,1,70747012.5312,0.0231974921630094
14395,6317.806144,2,70747032.5248,0.0340473702542668
14396,6317.826144,1,70747052.5184,0.0230950478414981
14397,6317.846144,2,70747072.576,0.0341539123486385
14398,6317.866144,1,70747092.5312,0.0231216833650911
14399,6317.886144,2,70747112.5632,0.0340955190853771
14400,6317.906144,1,70747132.5056,0.0230766078636261
14401,6317.926144,2,70747152.4864,0.0339418526031102
14402,6317.946144,1,70747172.5824,0.0231780277419223
14403,6317.966144,2,70747192.5376,0.0339705370131334
14404,6317.986144,1,70747212.9408,0.0231626610936956
14405,6318.006144,2,70747233.0112,0.0339531214784764
14406,6318.026144,1,70747252.5568,0.0231257811379515
14407,6318.046144,2,70747273.408,0.0339510725920462
14408,6318.066144,1,70747292.5824,0.0231770032987072
14409,6318.086144,2,70747312.5376,0.0339910258774356
14410,6318.106144,1,70747333.0176,0.0231472944454689
14411,6318.126144,2,70747352.5888,0.0341067879607433
14412,6318.146144,1,70747373.2864,0.0231380744565329
14413,6318.166144,2,70747392.768,0.0342051345093941
14414,6318.186144,1,70747412.608,0.0231954432765792
14415,6318.206144,2,70747432.64,0.0341170323928945
14416,6318.226144,1,70747452.5824,0.0231350011268875
14417,6318.246144,2,70747472.6528,0.0340207347306739
14418,6318.266144,1,70747492.8128,0.0231688077529863
14419,6318.286144,2,70747512.5888,0.0340268813899646
14420,6318.306144,1,70747532.7616,0.0230899256254226
14421,6318.326144,2,70747553.1776,0.0339367303870346
14422,6318.346144,1,70747572.608,0.0230981211711435
14423,6318.366144,2,70747592.576,0.0340063925256623
14424,6318.386144,1,70747612.5824,0.0231350011268875
14425,6318.406144,2,70747633.0752,0.0339254615116684
14426,6318.426144,1,70747652.608,0.0231155367058004
14427,6318.446144,2,70747672.6144,0.0338435060544594
14428,6318.466144,1,70747692.608,0.0231554899911898
14429,6318.486144,2,70747712.6528,0.0337922838937038
14430,6318.506144,1,70747732.608,0.0231513922183293
14431,6318.526144,2,70747752.6016,0.0337605261540353
14432,6318.546144,1,70747772.6208,0.0231688077529863
14433,6318.566144,2,70747792.7936,0.033839408281599
14434,6318.586144,1,70747813.3888,0.0232507632101953
14435,6318.606144,2,70747832.7808,0.0339900014342205
14436,6318.626144,1,70747852.6208,0.0232876431659393
14437,6318.646144,2,70747872.7168,0.0340740057778597
14438,6318.666144,1,70747892.6336,0.0233019853709509
14439,6318.686144,2,70747912.8576,0.0343915831745446
14440,6318.706144,1,70747932.8,0.0233706230663634
14441,6318.726144,2,70747952.6912,0.0344356342327945
14442,6318.746144,1,70747972.6336,0.023357305304567
14443,6318.766144,2,70747993.1776,0.0345319318950151
14444,6318.786144,1,70748012.736,0.0234238941135493
14445,6318.806144,2,70748033.2672,0.0346292540004508
14446,6318.826144,1,70748052.6464,0.0233777941688692
14447,6318.846144,2,70748072.704,0.034631302886881
14448,6318.866144,1,70748092.6464,0.0234085274653226
14449,6318.886144,2,70748113.1136,0.0345821296125556
14450,6318.906144,1,70748132.6464,0.0234781896039503
14451,6318.926144,2,70748152.64,0.0345893007150614
14452,6318.946144,1,70748172.736,0.0234197963406888
14453,6318.966144,2,70748192.7168,0.0345626651914684
14454,6318.986144,1,70748212.6464,0.0234792140471654
14455,6319.006144,2,70748232.8704,0.034668182842625
14456,6319.026144,1,70748252.6592,0.0234495051939271
14457,6319.046144,2,70748272.896,0.0345524207593173
14458,6319.066144,1,70748292.9408,0.0234279918864097
14459,6319.086144,2,70748312.6784,0.0345452496568115
14460,6319.106144,1,70748332.7104,0.0234515540803573
14461,6319.126144,2,70748352.6784,0.0343178232630565
14462,6319.146144,1,70748373.8112,0.0234013563628168
14463,6319.166144,2,70748392.6784,0.0343321654680681
14464,6319.186144,1,70748412.8768,0.0233818919417297
14465,6319.206144,2,70748432.768,0.0342379166922777
14466,6319.226144,1,70748452.6848,0.0233194009056078
14467,6319.246144,2,70748472.768,0.0343721187534575
14468,6319.266144,1,70748492.672,0.0233204253488229
14469,6319.286144,2,70748512.7424,0.0343362632409286
14470,6319.306144,1,70748532.6848,0.0233368164402647
14471,6319.326144,2,70748552.6912,0.0341631323375745
14472,6319.346144,1,70748572.9536,0.0232907164955847
14473,6319.366144,2,70748592.6912,0.0340678591185691
14474,6319.386144,1,70748612.736,0.023257934312701
14475,6319.406144,2,70748632.7296,0.0341334234843363
14476,6319.426144,1,70748652.7104,0.0232497387669801
14477,6319.446144,2,70748672.768,0.03393980371668
14478,6319.466144,1,70748692.7232,0.0233071075870264
14479,6319.486144,2,70748712.704,0.033766672813326
14480,6319.506144,1,70748732.7616,0.0232067121519454
14481,6319.526144,2,70748752.7424,0.0337021328907739
14482,6319.546144,1,70748772.8512,0.0233634519638576
14483,6319.566144,2,70748792.7296,0.0338199438605118
14484,6319.586144,1,70748812.7232,0.0233675497367181
14485,6319.606144,2,70748832.7936,0.0338609215891163
14486,6319.626144,1,70748852.7744,0.0232794476202184
14487,6319.646144,2,70748872.704,0.0340350769356855
14488,6319.666144,1,70748892.7488,0.0232528120966255
14489,6319.686144,2,70748912.7424,0.0340381502653308
14490,6319.706144,1,70748932.7872,0.0233409142131252
14491,6319.726144,2,70748953.3056,0.0339736103427787
14492,6319.746144,1,70748973.1328,0.0233071075870264
14493,6319.766144,2,70748993.2544,0.0338875571127092
14494,6319.786144,1,70749013.3888,0.0233101809166718
14495,6319.806144,2,70749032.768,0.0339500481488311
14496,6319.826144,1,70749052.7872,0.0233019853709509
14497,6319.846144,2,70749072.7936,0.0339531214784764
14498,6319.866144,1,70749092.8384,0.0233153031327474
14499,6319.886144,2,70749112.7936,0.0340084414120925
14500,6319.906144,1,70749133.3888,0.0233511586452763
14501,6319.926144,2,70749152.7552,0.0340330280492552
14502,6319.946144,1,70749172.8,0.0233132542463171
14503,6319.966144,2,70749193.1008,0.0340391747085459
14504,6319.986144,1,70749212.7616,0.0232640809719917
14505,6320.006144,2,70749233.2416,0.0340391747085459
14506,6320.026144,1,70749252.8,0.0233439875427705
14507,6320.046144,2,70749273.3312,0.0338824348966337
14508,6320.066144,1,70749292.8,0.0232292499026779
14509,6320.086144,2,70749312.7936,0.0339777081156391
14510,6320.106144,1,70749332.8384,0.023257934312701
14511,6320.126144,2,70749353.024,0.0339818058884996
14512,6320.146144,1,70749372.8512,0.0232907164955847
14513,6320.166144,2,70749392.8064,0.03398590366136
14514,6320.186144,1,70749412.8128,0.0233040342573811
14515,6320.206144,2,70749432.7936,0.0339992214231565
14516,6320.226144,1,70749452.8128,0.0232282254594628
14517,6320.246144,2,70749472.8192,0.0340268813899646
14518,6320.266144,1,70749492.8896,0.023239494334829
14519,6320.286144,2,70749513.2928,0.0338721904644826
14520,6320.306144,1,70749532.7744,0.0233173520191776
14521,6320.326144,2,70749553.536,0.0339008748745057
14522,6320.346144,1,70749572.9024,0.0232835453930789
14523,6320.366144,2,70749592.8192,0.033976683672424
14524,6320.386144,1,70749612.8384,0.0234290163296248
14525,6320.406144,2,70749632.832,0.034058639129633
14526,6320.426144,1,70749652.8384,0.023394185260311
14527,6320.446144,2,70749673.6,0.0340811768803655
14528,6320.466144,1,70749693.8752,0.0233562808613519
14529,6320.486144,2,70749712.7936,0.0342840166369578
14530,6320.506144,1,70749732.8512,0.0233194009056078
14531,6320.526144,2,70749752.832,0.0342573811133649
14532,6320.546144,1,70749772.8896,0.023366525293503
14533,6320.566144,2,70749793.5616,0.0342983588419694
14534,6320.586144,1,70749812.8384,0.0233798430552994
14535,6320.606144,2,70749832.832,0.0343393365705739
14536,6320.626144,1,70749852.8512,0.0233327186674043
14537,6320.646144,2,70749872.896,0.0343465076730797
14538,6320.666144,1,70749893.3632,0.0233368164402647
14539,6320.686144,2,70749912.8576,0.0343342143544983
14540,6320.706144,1,70749932.928,0.0233521830884914
14541,6320.726144,2,70749952.896,0.0344059253795562
14542,6320.746144,1,70749973.0304,0.0234187718974737
14543,6320.766144,2,70749992.9216,0.0346077406929334
14544,6320.786144,1,70750012.9408,0.0233716475095785
14545,6320.806144,2,70750032.896,0.0346558895240437
14546,6320.826144,1,70750052.9024,0.0233429630995554
14547,6320.846144,2,70750072.9728,0.034785993812363
14548,6320.866144,1,70750092.8896,0.0233655008502879
14549,6320.886144,2,70750113.1136,0.0347665293912758
14550,6320.906144,1,70750132.9152,0.0233767697256541
14551,6320.926144,2,70750152.832,0.034776773823427
14552,6320.946144,1,70750172.928,0.0234044296924621
14553,6320.966144,2,70750193.152,0.0348894625770894
14554,6320.986144,1,70750212.8896,0.0233112053598869
14555,6321.006144,2,70750233.1648,0.0349570758292868
14556,6321.026144,1,70750252.9024,0.0233491097588461
14557,6321.046144,2,70750272.9728,0.0350390312864958
14558,6321.066144,1,70750293.2608,0.0233521830884914
14559,6321.086144,2,70750312.896,0.0350800090151003
14560,6321.106144,1,70750333.056,0.0233060831438113
14561,6321.126144,2,70750352.9856,0.0351097178683386
14562,6321.146144,1,70750372.992,0.023357305304567
14563,6321.166144,2,70750392.9984,0.035041080172926
14564,6321.186144,1,70750412.928,0.0232927653820149
14565,6321.206144,2,70750433.152,0.034931464748909
14566,6321.226144,1,70750452.9408,0.0233091564734567
14567,6321.246144,2,70750472.9856,0.0349540024996415
14568,6321.266144,1,70750492.9536,0.0233009609277358
14569,6321.286144,2,70750512.96,0.0349140492142521
14570,6321.306144,1,70750533.3376,0.0233337431106194
14571,6321.326144,2,70750553.5872,0.0350687401397341
14572,6321.346144,1,70750572.9664,0.0232896920523695
14573,6321.366144,2,70750592.9344,0.035076935685455
14574,6321.386144,1,70750612.9408,0.0233921363738808
14575,6321.406144,2,70750632.9472,0.0351455733808675
14576,6321.426144,1,70750652.9408,0.0232896920523695
14577,6321.446144,2,70750673.0112,0.0350687401397341
14578,6321.466144,1,70750692.9536,0.0233009609277358
14579,6321.486144,2,70750712.9344,0.0350738623558096
14580,6321.506144,1,70750732.9792,0.023357305304567
14581,6321.526144,2,70750752.9472,0.0349611736021472
14582,6321.546144,1,70750773.0304,0.0232425676644744
14583,6321.566144,2,70750792.9728,0.0348843403610138
14584,6321.586144,1,70750812.9536,0.0232149076976663
14585,6321.606144,2,70750832.9984,0.0348054582334501
14586,6321.626144,1,70750853.4784,0.0232999364845207
14587,6321.646144,2,70750873.5488,0.0348023849038048
14588,6321.666144,1,70750893.1712,0.0233009609277358
14589,6321.686144,2,70750913.4592,0.0347962382445141
14590,6321.706144,1,70750932.9664,0.0233265720081136
14591,6321.726144,2,70750953.4848,0.0346548650808286
14592,6321.746144,1,70750973.9392,0.0233859897145901
14593,6321.766144,2,70750993.4464,0.0346179851250845
14594,6321.786144,1,70751013.4528,0.0232855942795091
14595,6321.806144,2,70751033.6128,0.0347655049480607
14596,6321.826144,1,70751053.0176,0.023330669780974
14597,6321.846144,2,70751073.0112,0.0349038047821009
14598,6321.866144,1,70751093.4016,0.0233593541909972
14599,6321.886144,2,70751112.96,0.0350123957629029
14600,6321.906144,1,70751133.0048,0.0233040342573811
14601,6321.926144,2,70751152.9856,0.0351793800069662
14602,6321.946144,1,70751173.0048,0.0232261765730326
14603,6321.966144,2,70751193.0112,0.0351097178683386
14604,6321.986144,1,70751213.0048,0.0233009609277358
14605,6322.006144,2,70751233.024,0.0352193332923556
14606,6322.026144,1,70751253.0176,0.0233388653266949
14607,6322.046144,2,70751272.9728,0.0351885999959022
14608,6322.066144,1,70751293.0688,0.0232876431659393
14609,6322.086144,2,70751312.9856,0.0350994734361874
14610,6322.106144,1,70751333.056,0.0232978875980904
14611,6322.126144,2,70751353.0752,0.0351107423115537
14612,6322.146144,1,70751373.056,0.0233337431106194
14613,6322.166144,2,70751393.0368,0.0350943512201119
14614,6322.186144,1,70751413.0432,0.0232312987891081
14615,6322.206144,2,70751433.0368,0.0350154690925482
14616,6322.226144,1,70751453.0432,0.0232794476202184
14617,6322.246144,2,70751474.0608,0.0349919068986006
14618,6322.266144,1,70751493.12,0.0232200299137419
14619,6322.286144,2,70751513.0496,0.0349058536685312
14620,6322.306144,1,70751533.0432,0.0232312987891081
14621,6322.326144,2,70751553.0752,0.0348259470977524
14622,6322.346144,1,70751573.0688,0.0232907164955847
14623,6322.366144,2,70751593.0496,0.0347880426987932
14624,6322.386144,1,70751613.0688,0.0232907164955847
14625,6322.406144,2,70751633.0624,0.0347818960395025
14626,6322.426144,1,70751653.056,0.0233183764623927
14627,6322.446144,2,70751673.0624,0.0346651095129797
14628,6322.466144,1,70751693.0816,0.0232415432212592
14629,6322.486144,2,70751713.6512,0.0347685782777061
14630,6322.506144,1,70751733.0816,0.0232999364845207
14631,6322.526144,2,70751753.0752,0.0349519536132112
14632,6322.546144,1,70751773.3888,0.0232835453930789
14633,6322.566144,2,70751793.1648,0.034949904726781
14634,6322.586144,1,70751813.1328,0.0233173520191776
14635,6322.606144,2,70751833.0752,0.0346815006044215
14636,6322.626144,1,70751853.0944,0.0233931608170959
14637,6322.646144,2,70751873.1008,0.0346784272747762
14638,6322.666144,1,70751893.1328,0.0233880386010203
14639,6322.686144,2,70751913.088,0.0347060872415842
14640,6322.706144,1,70751933.1328,0.023366525293503
14641,6322.726144,2,70751953.1008,0.0348177515520315
14642,6322.746144,1,70751973.1072,0.0232702276312824
14643,6322.766144,2,70751993.1136,0.0348536070645604
14644,6322.786144,1,70752013.1072,0.0233552564181367
14645,6322.806144,2,70752033.1136,0.034795213801299
14646,6322.826144,1,70752053.4656,0.0233859897145901
14647,6322.846144,2,70752073.152,0.0347214538898109
14648,6322.866144,1,70752093.1072,0.0233316942241892
14649,6322.886144,2,70752113.1136,0.034767553834491
14650,6322.906144,1,70752133.2096,0.0233286208945438
14651,6322.926144,2,70752153.6,0.0346630606265495
14652,6322.946144,1,70752174.2208,0.0233583297477821
14653,6322.966144,2,70752193.1648,0.034785993812363
14654,6322.986144,1,70752213.12,0.0233019853709509
14655,6323.006144,2,70752233.1648,0.0347122339008749
14656,6323.026144,1,70752253.1328,0.0233532075317065
14657,6323.046144,2,70752273.1392,0.0347900915852234
14658,6323.066144,1,70752293.2096,0.0233829163849448
14659,6323.086144,2,70752313.152,0.0346722806154855
14660,6323.106144,1,70752333.1712,0.0233614030774274
14661,6323.126144,2,70752353.1392,0.0347378449812527
14662,6323.146144,1,70752373.184,0.0233450119859856
14663,6323.166144,2,70752393.1904,0.0346548650808286
14664,6323.186144,1,70752413.1584,0.0233378408834798
14665,6323.206144,2,70752433.1776,0.0346323273300961
14666,6323.226144,1,70752453.1712,0.0232876431659393
14667,6323.246144,2,70752473.28,0.0346005695904276
14668,6323.266144,1,70752493.1584,0.0232743254041428
14669,6323.286144,2,70752513.2032,0.0346528161943983
14670,6323.306144,1,70752533.1968,0.0232927653820149
14671,6323.326144,2,70752553.1776,0.034640522875817
14672,6323.346144,1,70752573.184,0.0231995410494396
14673,6323.366144,2,70752593.1776,0.0346190095682996
14674,6323.386144,1,70752613.1968,0.0232794476202184
14675,6323.406144,2,70752633.1776,0.034668182842625
14676,6323.426144,1,70752653.1584,0.0232507632101953
14677,6323.446144,2,70752673.728,0.0345831540557707
14678,6323.466144,1,70752693.3504,0.0232220788001721
14679,6323.486144,2,70752713.1648,0.0344817341774745
14680,6323.506144,1,70752733.1584,0.0232640809719917
14681,6323.526144,2,70752753.1904,0.034558567418608
14682,6323.546144,1,70752773.2096,0.0232948142684451
14683,6323.566144,2,70752793.4208,0.0344930030528408
14684,6323.586144,1,70752814.0288,0.0231626610936956
14685,6323.606144,2,70752833.216,0.0345452496568115
14686,6323.626144,1,70752853.2352,0.0232138832544512
14687,6323.646144,2,70752873.2416,0.0347511627430492
14688,6323.666144,1,70752893.2096,0.023202614379085
14689,6323.686144,2,70752913.2416,0.0347194050033807
14690,6323.706144,1,70752933.6064,0.0232128588112361
14691,6323.726144,2,70752953.3696,0.0348218493248919
14692,6323.746144,1,70752973.2352,0.0232917409387998
14693,6323.766144,2,70752993.216,0.0349150736574672
14694,6323.786144,1,70753013.2608,0.0232384698916139
14695,6323.806144,2,70753033.1648,0.0348351670866884
14696,6323.826144,1,70753053.4016,0.0232640809719917
14697,6323.846144,2,70753073.3184,0.0348699981560022
14698,6323.866144,1,70753093.2736,0.0233009609277358
14699,6323.886144,2,70753113.7792,0.0347050627983691
14700,6323.906144,1,70753133.3376,0.0233245231216834
14701,6323.926144,2,70753153.4208,0.0347552605159096
14702,6323.946144,1,70753173.312,0.023321449792038
14703,6323.966144,2,70753193.2416,0.0347071116847993
14704,6323.986144,1,70753213.2352,0.0233286208945438
14705,6324.006144,2,70753233.2544,0.0349099514413916
14706,6324.026144,1,70753253.5296,0.0233183764623927
14707,6324.046144,2,70753273.3568,0.0349734669207286
14708,6324.066144,1,70753293.2608,0.0232917409387998
14709,6324.086144,2,70753313.2928,0.0349099514413916
14710,6324.106144,1,70753333.248,0.0232620320855615
14711,6324.126144,2,70753353.2672,0.0348433626324093
14712,6324.146144,1,70753373.2864,0.0232640809719917
14713,6324.166144,2,70753393.3056,0.0347726760505665
14714,6324.186144,1,70753413.7344,0.0232353965619686
14715,6324.206144,2,70753433.2672,0.0347398938676829
14716,6324.226144,1,70753453.4272,0.0232087610383756
14717,6324.246144,2,70753473.3056,0.0345729096236196
14718,6324.266144,1,70753493.2736,0.023266129858422
14719,6324.286144,2,70753513.3184,0.0346558895240437
14720,6324.306144,1,70753533.2864,0.0232876431659393
14721,6324.326144,2,70753553.28,0.0345985207039974
14722,6324.346144,1,70753573.3248,0.0232353965619686
14723,6324.366144,2,70753593.28,0.0349099514413916
14724,6324.386144,1,70753613.2864,0.0232978875980904
14725,6324.406144,2,70753633.2672,0.0350175179789784
14726,6324.426144,1,70753653.2864,0.0232692031880673
14727,6324.446144,2,70753673.3184,0.0349417091810601
14728,6324.466144,1,70753693.9136,0.0232548609830557
14729,6324.486144,2,70753713.3184,0.034832093757043
14730,6324.506144,1,70753733.312,0.0232425676644744
14731,6324.526144,2,70753753.3184,0.0348249226545373
14732,6324.546144,1,70753773.3504,0.023303009814166
14733,6324.566144,2,70753793.344,0.0347419427541131
14734,6324.586144,1,70753813.6192,0.0232353965619686
14735,6324.606144,2,70753833.344,0.0348198004384617
14736,6324.626144,1,70753853.3376,0.0231800766283525
14737,6324.646144,2,70753873.3312,0.0347870182555781
14738,6324.666144,1,70753893.3376,0.0231770032987072
14739,6324.686144,2,70753913.3312,0.0349324891921241
14740,6324.706144,1,70753933.3376,0.0232220788001721
14741,6324.726144,2,70753953.344,0.0349529780564263
14742,6324.746144,1,70753973.3632,0.0232272010162477
14743,6324.766144,2,70753993.3184,0.0350113713196877
14744,6324.786144,1,70754013.3376,0.0233071075870264
14745,6324.806144,2,70754034.1632,0.0351158645276292
14746,6324.826144,1,70754053.3888,0.0232220788001721
14747,6324.846144,2,70754073.3952,0.0351711844612453
14748,6324.866144,1,70754093.3888,0.0232589587559162
14749,6324.886144,2,70754113.3568,0.0350994734361874
14750,6324.906144,1,70754133.4528,0.0232763742905731
14751,6324.926144,2,70754153.3824,0.0351240600733501
14752,6324.946144,1,70754173.3888,0.023239494334829
14753,6324.966144,2,70754193.3696,0.035076935685455
14754,6324.986144,1,70754213.3632,0.023321449792038
14755,6325.006144,2,70754233.408,0.0350082979900424
14756,6325.026144,1,70754253.4016,0.0232425676644744
14757,6325.046144,2,70754273.3568,0.0348433626324093
14758,6325.066144,1,70754293.4144,0.023330669780974
14759,6325.086144,2,70754313.3696,0.0345052963714221
14760,6325.106144,1,70754333.3888,0.0233091564734567
14761,6325.126144,2,70754353.3568,0.0343926076177597
14762,6325.146144,1,70754373.696,0.0233091564734567
14763,6325.166144,2,70754393.8176,0.034340361013789
14764,6325.186144,1,70754413.4144,0.0232917409387998
14765,6325.206144,2,70754433.3696,0.0342461122379986
14766,6325.226144,1,70754454.1184,0.0233173520191776
14767,6325.246144,2,70754473.7664,0.0341774745425861
14768,6325.266144,1,70754493.6704,0.023239494334829
14769,6325.286144,2,70754513.408,0.0341795234290163
14770,6325.306144,1,70754533.4272,0.0232497387669801
14771,6325.326144,2,70754553.3952,0.0341477656893478
14772,6325.346144,1,70754573.4144,0.0232466654373348
14773,6325.366144,2,70754593.408,0.0340012703095867
14774,6325.386144,1,70754613.4016,0.0232364210051837
14775,6325.406144,2,70754633.4464,0.0341918167475977
14776,6325.426144,1,70754653.4016,0.0232333476755383
14777,6325.446144,2,70754673.4592,0.0341928411908128
14778,6325.466144,1,70754693.4272,0.0232159321408814
14779,6325.486144,2,70754713.9712,0.0342727477615916
14780,6325.506144,1,70754733.4528,0.0231770032987072
14781,6325.526144,2,70754753.4336,0.0343086032741205
14782,6325.546144,1,70754774.592,0.0232036388223001
14783,6325.566144,2,70754793.5104,0.0343434343434343
14784,6325.586144,1,70754813.8368,0.0232364210051837
14785,6325.606144,2,70754834.7264,0.0343936320609749
14786,6325.626144,1,70754853.4528,0.0232179810273117
14787,6325.646144,2,70754873.5104,0.0343045055012601
14788,6325.666144,1,70754893.44,0.0231442211158236
14789,6325.686144,2,70754913.4464,0.0343465076730797
14790,6325.706144,1,70754933.4272,0.0232149076976663
14791,6325.726144,2,70754953.4592,0.0343690454238122
14792,6325.746144,1,70754973.4656,0.0232681787448522
14793,6325.766144,2,70754993.4464,0.0345319318950151
14794,6325.786144,1,70755013.4784,0.0231903210605036
14795,6325.806144,2,70755033.4592,0.0346333517733112
14796,6325.826144,1,70755053.5552,0.0232435921076895
14797,6325.846144,2,70755073.728,0.0346896961501424
14798,6325.866144,1,70755093.5552,0.0232712520744975
14799,6325.886144,2,70755113.472,0.0346896961501424
14800,6325.906144,1,70755133.504,0.0232343721187535
14801,6325.926144,2,70755153.472,0.0347573094023398
14802,6325.946144,1,70755173.5296,0.0231513922183293
14803,6325.966144,2,70755193.4976,0.0347194050033807
14804,6325.986144,1,70755213.4656,0.0232108099248059
14805,6326.006144,2,70755233.536,0.0347583338455549
14806,6326.026144,1,70755253.4784,0.0232784231770033
14807,6326.046144,2,70755273.4976,0.0346978916958633
14808,6326.066144,1,70755293.5552,0.0232435921076895
14809,6326.086144,2,70755313.4592,0.0347706271641363
14810,6326.106144,1,70755333.504,0.0232384698916139
14811,6326.126144,2,70755353.5232,0.0348300448706128
14812,6326.146144,1,70755373.4912,0.0232067121519454
14813,6326.166144,2,70755393.4848,0.0348300448706128
14814,6326.186144,1,70755413.5424,0.0231411477861782
14815,6326.206144,2,70755433.4976,0.0350052246603971
14816,6326.226144,1,70755453.5552,0.023230274345893
14817,6326.246144,2,70755473.8176,0.0351004978794025
14818,6326.266144,1,70755493.504,0.0232538365398406
14819,6326.286144,2,70755513.5232,0.0350636179236585
14820,6326.306144,1,70755533.5168,0.0232651054152068
14821,6326.326144,2,70755553.5104,0.0352008933144836
14822,6326.346144,1,70755573.504,0.0232425676644744
14823,6326.366144,2,70755593.4976,0.035231626610937
14824,6326.386144,1,70755613.4912,0.0233153031327474
14825,6326.406144,2,70755633.7792,0.034968344704653
14826,6326.426144,1,70755653.8496,0.0232712520744975
14827,6326.446144,2,70755673.536,0.0348372159731186
14828,6326.466144,1,70755693.5552,0.0233091564734567
14829,6326.486144,2,70755713.5744,0.0347880426987932
14830,6326.506144,1,70755733.5424,0.0233655008502879
14831,6326.526144,2,70755754.5472,0.0347747249369967
14832,6326.546144,1,70755773.5936,0.0233183764623927
14833,6326.566144,2,70755793.5616,0.0346886717069273
14834,6326.586144,1,70755813.5424,0.0233050587005962
14835,6326.606144,2,70755833.5616,0.0346640850697646
14836,6326.626144,1,70755853.5936,0.0232128588112361
14837,6326.646144,2,70755873.6128,0.0347491138566189
14838,6326.666144,1,70755893.568,0.0232036388223001
14839,6326.686144,2,70755914.0096,0.0346456450918926
14840,6326.706144,1,70755933.5552,0.0232558854262708
14841,6326.726144,2,70755953.6128,0.034804433790235
14842,6326.746144,1,70755973.6064,0.0232384698916139
14843,6326.766144,2,70755993.728,0.0348761448152929
14844,6326.786144,1,70756013.5808,0.0232497387669801
14845,6326.806144,2,70756033.5744,0.0350380068432807
14846,6326.826144,1,70756053.5552,0.0232620320855615
14847,6326.846144,2,70756073.6768,0.0350748867990247
14848,6326.866144,1,70756093.9392,0.023239494334829
14849,6326.886144,2,70756113.8688,0.0351742577908907
14850,6326.906144,1,70756134.4512,0.0231790521851374
14851,6326.926144,2,70756154.2656,0.0352080644169894
14852,6326.946144,1,70756174.0672,0.0232405187780441
14853,6326.966144,2,70756193.6,0.035086155674391
14854,6326.986144,1,70756213.7728,0.023266129858422
14855,6327.006144,2,70756233.6,0.0349960046714611
14856,6327.026144,1,70756253.9904,0.0232896920523695
14857,6327.046144,2,70756273.7152,0.0350205913086238
14858,6327.066144,1,70756293.6448,0.0232507632101953
14859,6327.086144,2,70756313.7024,0.0350144446493331
14860,6327.106144,1,70756333.6064,0.023239494334829
14861,6327.126144,2,70756354.6496,0.034940684737845
14862,6327.146144,1,70756374.144,0.0232671543016371
14863,6327.166144,2,70756393.6512,0.0350431290593562
14864,6327.186144,1,70756413.632,0.0232896920523695
14865,6327.206144,2,70756433.6128,0.0350871801176061
14866,6327.226144,1,70756453.632,0.0233009609277358
14867,6327.246144,2,70756473.6384,0.0351373778351466
14868,6327.266144,1,70756493.6192,0.0232917409387998
14869,6327.286144,2,70756513.6,0.0351025467658328
14870,6327.306144,1,70756534.1184,0.0233327186674043
14871,6327.326144,2,70756553.8432,0.034968344704653
14872,6327.346144,1,70756573.6448,0.0232804720634335
14873,6327.366144,2,70756594.0736,0.0348925359067347
14874,6327.386144,1,70756613.696,0.0232405187780441
14875,6327.406144,2,70756633.664,0.0347347716516073
14876,6327.426144,1,70756654.3232,0.023303009814166
14877,6327.446144,2,70756673.6768,0.0347142827873051
14878,6327.466144,1,70756694.1824,0.0232589587559162
14879,6327.486144,2,70756714.0608,0.0345749585100498
14880,6327.506144,1,70756734.208,0.0232978875980904
14881,6327.526144,2,70756753.7024,0.0344786608478292
14882,6327.546144,1,70756773.7344,0.0233173520191776
14883,6327.566144,2,70756793.7024,0.034403876493126
14884,6327.586144,1,70756813.7088,0.023202614379085
14885,6327.606144,2,70756833.7024,0.0345011985985617
14886,6327.626144,1,70756853.696,0.0232989120413055
14887,6327.646144,2,70756873.7792,0.0344899297231954
14888,6327.666144,1,70756893.6576,0.023211834368021
14889,6327.686144,2,70756913.7536,0.0346456450918926
14890,6327.706144,1,70756933.7984,0.0232640809719917
14891,6327.726144,2,70756953.7792,0.0346272051140205
14892,6327.746144,1,70756973.8496,0.0232405187780441
14893,6327.766144,2,70756993.7024,0.0345472985432417
14894,6327.786144,1,70757013.7728,0.0232671543016371
14895,6327.806144,2,70757033.7152,0.0346108140225787
14896,6327.826144,1,70757053.696,0.0231882721740734
14897,6327.846144,2,70757074.4576,0.0346015940336427
14898,6327.866144,1,70757094.08,0.0231534411047596
14899,6327.886144,2,70757114.1504,0.0346640850697646
14900,6327.906144,1,70757134.5664,0.0232384698916139
14901,6327.926144,2,70757154.2016,0.0346394984326019
14902,6327.946144,1,70757174.464,0.0232292499026779
14903,6327.966144,2,70757193.728,0.0345626651914684
14904,6327.986144,1,70757213.7344,0.0232138832544512
14905,6328.006144,2,70757233.7152,0.0346108140225787
14906,6328.026144,1,70757253.8624,0.023248714323765
14907,6328.046144,2,70757273.792,0.0347327227651771
14908,6328.066144,1,70757293.8496,0.0232651054152068
14909,6328.086144,2,70757313.7024,0.0347173561169504
14910,6328.106144,1,70757333.7472,0.02329378982523
14911,6328.126144,2,70757354.24,0.0347347716516073
14912,6328.146144,1,70757374.5024,0.0233245231216834
14913,6328.166144,2,70757394.304,0.0347911160284385
14914,6328.186144,1,70757415.616,0.0232999364845207
14915,6328.206144,2,70757434.1888,0.0348874136906591
14916,6328.226144,1,70757454.5408,0.0232773987337882
14917,6328.246144,2,70757473.7664,0.0349120003278218
14918,6328.266144,1,70757495.3216,0.0232814965066486
14919,6328.286144,2,70757515.6224,0.0347737004937816
14920,6328.306144,1,70757533.7088,0.0232692031880673
14921,6328.326144,2,70757554.3424,0.0347378449812527
14922,6328.346144,1,70757573.76,0.023303009814166
14923,6328.366144,2,70757593.7536,0.0346108140225787
14924,6328.386144,1,70757613.76,0.023284569836294
14925,6328.406144,2,70757633.7792,0.0346354006597414
14926,6328.426144,1,70757653.76,0.0232681787448522
14927,6328.446144,2,70757673.8688,0.0345893007150614
14928,6328.466144,1,70757694.3872,0.0231544655479747
14929,6328.486144,2,70757714.8032,0.0346374495461717
14930,6328.506144,1,70757734.4256,0.0232497387669801
14931,6328.526144,2,70757754.5728,0.0347327227651771
14932,6328.546144,1,70757773.824,0.0232456409941197
14933,6328.566144,2,70757793.856,0.0348730714856475
14934,6328.586144,1,70757813.7984,0.0232599831991313
14935,6328.606144,2,70757833.8816,0.0350892290040363
14936,6328.626144,1,70757854.1952,0.0233071075870264
14937,6328.646144,2,70757873.792,0.035204991087344
14938,6328.666144,1,70757893.8752,0.0233491097588461
14939,6328.686144,2,70757913.8048,0.0350923023336816
14940,6328.706144,1,70757933.7856,0.0233183764623927
14941,6328.726144,2,70757953.8176,0.0348904870203045
14942,6328.746144,1,70757973.824,0.0232169565840965
14943,6328.766144,2,70757993.8048,0.0348238982113221
14944,6328.786144,1,70758013.8112,0.0232538365398406
14945,6328.806144,2,70758033.8304,0.0347142827873051
14946,6328.826144,1,70758054.336,0.0232415432212592
14947,6328.846144,2,70758074.6752,0.0347214538898109
14948,6328.866144,1,70758093.8496,0.023303009814166
14949,6328.886144,2,70758114.2272,0.0348699981560022
14950,6328.906144,1,70758133.8496,0.0232630565287766
14951,6328.926144,2,70758154.24,0.0348577048374209
14952,6328.946144,1,70758173.9392,0.023257934312701
14953,6328.966144,2,70758194.2656,0.0347112094576598
14954,6328.986144,1,70758213.8368,0.0232712520744975
14955,6329.006144,2,70758233.8816,0.0347163316737353
14956,6329.026144,1,70758253.8368,0.0232743254041428
14957,6329.046144,2,70758273.8432,0.0347829204827176
14958,6329.066144,1,70758293.8752,0.0231790521851374
14959,6329.086144,2,70758313.856,0.034785993812363
14960,6329.106144,1,70758333.8752,0.0232128588112361
14961,6329.126144,2,70758355.5456,0.0348822914745836
14962,6329.146144,1,70758374.5664,0.0232159321408814
14963,6329.166144,2,70758393.9712,0.0347347716516073
14964,6329.186144,1,70758413.8624,0.0232333476755383
14965,6329.206144,2,70758433.9328,0.0347685782777061
14966,6329.226144,1,70758454.336,0.0231821255147827
14967,6329.246144,2,70758473.9456,0.0348464359620546
14968,6329.266144,1,70758493.8496,0.0231565144344049
14969,6329.286144,2,70758514.7008,0.03489560923638
14970,6329.306144,1,70758533.8624,0.0232036388223001
14971,6329.326144,2,70758554.6624,0.0348659003831418
14972,6329.346144,1,70758573.9648,0.0232015899358699
14973,6329.366144,2,70758594.1376,0.034968344704653
14974,6329.386144,1,70758614.2464,0.0231790521851374
14975,6329.406144,2,70758633.9328,0.0349939557850308
14976,6329.426144,1,70758653.8752,0.0231903210605036
14977,6329.446144,2,70758673.9072,0.0351158645276292
14978,6329.466144,1,70758693.952,0.0231677833097711
14979,6329.486144,2,70758713.9584,0.0352920687606286
14980,6329.506144,1,70758733.9136,0.0231944188333641
14981,6329.526144,2,70758753.92,0.0352951420902739
14982,6329.546144,1,70758773.8624,0.0232917409387998
14983,6329.566144,2,70758793.9072,0.0353187042842215
14984,6329.586144,1,70758815.488,0.0232896920523695
14985,6329.606144,2,70758834.3424,0.0352828487716926
14986,6329.626144,1,70758853.888,0.023321449792038
14987,6329.646144,2,70758873.9328,0.035186551109472
14988,6329.666144,1,70758893.952,0.0233173520191776
14989,6329.686144,2,70758914.432,0.0351240600733501
14990,6329.706144,1,70758935.7696,0.0232958387116602
14991,6329.726144,2,70758953.9584,0.0349990780011064
14992,6329.746144,1,70758974.6816,0.0233839408281599
14993,6329.766144,2,70758995.7248,0.0348740959288627
14994,6329.786144,1,70759013.9648,0.0232773987337882
14995,6329.806144,2,70759033.92,0.0347214538898109
14996,6329.826144,1,70759053.9392,0.0232282254594628
14997,6329.846144,2,70759073.9968,0.03457700739648
14998,6329.866144,1,70759093.9264,0.0232343721187535
14999,6329.886144,2,70759113.9712,0.0345155408035733
15000,6329.906144,1,70759133.952,0.0232722765177126
15001,6329.926144,2,70759154.6624,0.0343823631856086
15002,6329.946144,1,70759173.9648,0.0232015899358699
15003,6329.966144,2,70759193.9968,0.0343803142991784
15004,6329.986144,1,70759214.0032,0.0232773987337882
15005,6330.006144,2,70759233.9712,0.0345052963714221
15006,6330.026144,1,70759253.952,0.023284569836294
15007,6330.046144,2,70759273.9712,0.034612862909009
15008,6330.066144,1,70759293.9648,0.0233234986784682
15009,6330.086144,2,70759313.984,0.0347993115741594
15010,6330.106144,1,70759333.9648,0.0232476898805499
15011,6330.126144,2,70759354.0992,0.0348454115188395
15012,6330.146144,1,70759373.952,0.0233296453377589
15013,6330.166144,2,70759395.6096,0.0348495092917
15014,6330.186144,1,70759414.0032,0.0232312987891081
15015,6330.206144,2,70759433.9584,0.0349714180342984
15016,6330.226144,1,70759454.016,0.0232425676644744
15017,6330.246144,2,70759473.9968,0.0348976581228103
15018,6330.266144,1,70759493.9904,0.0232405187780441
15019,6330.286144,2,70759514.0096,0.0347491138566189
15020,6330.306144,1,70759534.0032,0.023221054356957
15021,6330.326144,2,70759553.9968,0.0346087651361485
15022,6330.346144,1,70759574.0544,0.0232036388223001
15023,6330.366144,2,70759593.9968,0.0345298830085848
15024,6330.386144,1,70759614.0544,0.0232220788001721
15025,6330.406144,2,70759636.224,0.0344704653021083
15026,6330.426144,1,70759654.0672,0.0233275964513287
15027,6330.446144,2,70759674.0352,0.0345216874628639
15028,6330.466144,1,70759695.8208,0.0232333476755383
15029,6330.486144,2,70759714.0224,0.0346651095129797
15030,6330.506144,1,70759734.0544,0.0232712520744975
15031,6330.526144,2,70759754.176,0.0346476939783228
15032,6330.546144,1,70759774.1312,0.023211834368021
15033,6330.566144,2,70759794.0608,0.0347747249369967
15034,6330.586144,1,70759814.0416,0.0232108099248059
15035,6330.606144,2,70759834.048,0.0348454115188395
15036,6330.626144,1,70759854.0544,0.0231923699469338
15037,6330.646144,2,70759874.8928,0.0349150736574672
15038,6330.666144,1,70759894.3104,0.023202614379085
15039,6330.686144,2,70759914.3552,0.0349611736021472
15040,6330.706144,1,70759934.0416,0.0232712520744975
15041,6330.726144,2,70759954.0864,0.0351834777798267
15042,6330.746144,1,70759974.144,0.0232630565287766
15043,6330.766144,2,70759994.0736,0.0351609400290942
15044,6330.786144,1,70760014.2336,0.0232999364845207
15045,6330.806144,2,70760034.0352,0.0350369824000656
15046,6330.826144,1,70760054.0544,0.0232712520744975
15047,6330.846144,2,70760076.1472,0.0348628270534964
15048,6330.866144,1,70760094.6944,0.0232517876534104
15049,6330.886144,2,70760114.0224,0.0346323273300961
15050,6330.906144,1,70760134.1568,0.023284569836294
15051,6330.926144,2,70760154.0608,0.034458171983527
15052,6330.946144,1,70760174.1056,0.0232548609830557
15053,6330.966144,2,70760194.4832,0.0342963099555392
15054,6330.986144,1,70760214.1056,0.0232405187780441
15055,6331.006176,2,70760234.0992,0.034249185567644
15056,6331.026176,1,70760254.0928,0.0232630565287766
15057,6331.046176,2,70760276.224,0.0342696744319462
15058,6331.066176,1,70760294.1184,0.0232743254041428
15059,6331.086176,2,70760314.1248,0.0342256233736964
15060,6331.106176,1,70760334.0672,0.0232855942795091
15061,6331.126176,2,70760354.112,0.0343301165816379
15062,6331.146176,1,70760374.08,0.02329378982523
15063,6331.166176,2,70760394.6368,0.0342778699776671
15064,6331.186176,1,70760414.1184,0.0232968631548753
15065,6331.206176,2,70760434.0736,0.0342799188640974
15066,6331.226176,1,70760454.08,0.0232927653820149
15067,6331.246176,2,70760474.1632,0.0345688118507591
15068,6331.266176,1,70760494.1184,0.0233071075870264
15069,6331.286176,2,70760514.1248,0.0345278341221546
15070,6331.306176,1,70760535.0784,0.0232548609830557
15071,6331.326176,2,70760554.0736,0.034467391972463
15072,6331.346176,1,70760576.384,0.0232866187227242
15073,6331.366176,2,70760594.6496,0.0345370541110906
15074,6331.386176,1,70760614.1056,0.0233450119859856
15075,6331.406176,2,70760634.1632,0.0346272051140205
15076,6331.426176,1,70760654.2976,0.023248714323765
15077,6331.446176,2,70760674.1248,0.0346087651361485
15078,6331.466176,1,70760694.144,0.0232415432212592
15079,6331.486176,2,70760714.1376,0.0345073452578524
15080,6331.506176,1,70760735.0016,0.0232794476202184
15081,6331.526176,2,70760754.1376,0.0344540742106665
15082,6331.546176,1,70760774.1696,0.023266129858422
15083,6331.566176,2,70760795.904,0.0344171942549224
15084,6331.586176,1,70760814.144,0.0232528120966255
15085,6331.606176,2,70760834.1376,0.0344561230970967
15086,6331.626176,1,70760854.208,0.0232896920523695
15087,6331.646176,2,70760874.1504,0.0345780318396951
15088,6331.666176,1,70760894.1568,0.0232733009609277
15089,6331.686176,2,70760914.816,0.0344612453131723
15090,6331.706176,1,70760934.144,0.0232435921076895
15091,6331.726176,2,70760954.1632,0.0344284631302887
15092,6331.746176,1,70760974.208,0.0233040342573811
15093,6331.766176,2,70760994.176,0.0344100231524167
15094,6331.786176,1,70761014.1824,0.0232548609830557
15095,6331.806176,2,70761034.688,0.0345667629643289
15096,6331.826176,1,70761054.1696,0.0233204253488229
15097,6331.846176,2,70761074.2016,0.0345288585653697
15098,6331.866176,1,70761094.1696,0.0232425676644744
15099,6331.886176,2,70761114.2016,0.0344776364046141
15100,6331.906176,1,70761134.1952,0.0233183764623927
15101,6331.926176,2,70761154.24,0.0343710943102424
15102,6331.946176,1,70761174.2336,0.0232374454483988
15103,6331.966176,2,70761194.1888,0.0343475321162948
15104,6331.986176,1,70761214.1824,0.0232712520744975
15105,6332.006176,2,70761234.1888,0.0344100231524167
15106,6332.026176,1,70761254.1568,0.0232671543016371
15107,6332.046176,2,70761274.3552,0.0344663675292479
15108,6332.066176,1,70761294.272,0.0232261765730326
15109,6332.086176,2,70761314.8416,0.034349581002725
15110,6332.106176,1,70761334.8608,0.0232671543016371
15111,6332.126176,2,70761356.1728,0.0345196385764337
15112,6332.146176,1,70761374.208,0.0232405187780441
15113,6332.166176,2,70761394.5856,0.0344264142438585
15114,6332.186176,1,70761414.9632,0.0232456409941197
15115,6332.206176,2,70761434.2656,0.0343424099002192
15116,6332.226176,1,70761454.208,0.0232046632655152
15117,6332.246176,2,70761474.24,0.034476611961399
15118,6332.266176,1,70761494.208,0.0232067121519454
15119,6332.286176,2,70761514.2272,0.0344632941996025
15120,6332.306176,1,70761534.272,0.023230274345893
15121,6332.326176,2,70761554.2656,0.034476611961399
15122,6332.346176,1,70761574.272,0.023239494334829
15123,6332.366176,2,70761594.24,0.0343055299444752
15124,6332.386176,1,70761614.2336,0.0231821255147827
15125,6332.406176,2,70761634.24,0.034385436515254
15126,6332.426176,1,70761654.1952,0.0232179810273117
15127,6332.446176,2,70761674.24,0.034331141024853
15128,6332.466176,1,70761694.2464,0.0232384698916139
15129,6332.486176,2,70761714.2272,0.0343413854570041
15130,6332.506176,1,70761734.2464,0.0232466654373348
15131,6332.526176,2,70761755.0208,0.0341569856782839
15132,6332.546176,1,70761774.6304,0.0231872477308583
15133,6332.566176,2,70761794.7136,0.0341057635175282
15134,6332.586176,1,70761814.272,0.023239494334829
15135,6332.606176,2,70761834.2656,0.0340903968693015
15136,6332.626176,1,70761855.424,0.0231903210605036
15137,6332.646176,2,70761874.3424,0.0341426434732723
15138,6332.666176,1,70761895.0144,0.0232405187780441
15139,6332.686176,2,70761915.1872,0.0341774745425861
15140,6332.706176,1,70761934.2592,0.0232456409941197
15141,6332.726176,2,70761954.5728,0.0341252279386154
15142,6332.746176,1,70761974.4512,0.0232292499026779
15143,6332.766176,2,70761994.304,0.0341825967586617
15144,6332.786176,1,70762015.0784,0.0231698321962014
15145,6332.806176,2,70762034.2272,0.0342563566701498
15146,6332.826176,1,70762054.2848,0.0232015899358699
15147,6332.846176,2,70762074.3424,0.0342594299997951
15148,6332.866176,1,70762094.8992,0.0232179810273117
15149,6332.886176,2,70762114.3168,0.0343997787202655
15150,6332.906176,1,70762134.3488,0.0231677833097711
15151,6332.926176,2,70762154.624,0.0344366586760096
15152,6332.946176,1,70762174.3616,0.0231831499579978
15153,6332.966176,2,70762194.304,0.0343577765484459
15154,6332.986176,1,70762214.2976,0.0231626610936956
15155,6333.006176,2,70762234.3168,0.0344233409142131
15156,6333.026176,1,70762254.9632,0.0231739299690618
15157,6333.046176,2,70762274.368,0.03457700739648
15158,6333.066176,1,70762294.3232,0.0232763742905731
15159,6333.086176,2,70762314.304,0.0345452496568115
15160,6333.106176,1,70762334.3232,0.023230274345893
15161,6333.126176,2,70762355.5072,0.0345001741553466
15162,6333.146176,1,70762374.3616,0.0232466654373348
15163,6333.166176,2,70762394.4448,0.0346292540004508
15164,6333.186176,1,70762414.336,0.0232528120966255
15165,6333.206176,2,70762434.3168,0.0347071116847993
15166,6333.226176,1,70762454.464,0.0231616366504805
15167,6333.246176,2,70762474.3424,0.0347142827873051
15168,6333.266176,1,70762495.0528,0.0231749544122769
15169,6333.286176,2,70762515.3792,0.0346569139672588
15170,6333.306176,1,70762534.3488,0.0231831499579978
15171,6333.326176,2,70762554.8672,0.0345811051693405
15172,6333.346176,1,70762574.3744,0.0232087610383756
15173,6333.366176,2,70762594.7904,0.0346015940336427
15174,6333.386176,1,70762614.4256,0.0232272010162477
15175,6333.406176,2,70762634.368,0.0345729096236196
15176,6333.426176,1,70762654.3488,0.0231923699469338
15177,6333.446176,2,70762674.3808,0.0345360296678755
15178,6333.466176,1,70762695.2064,0.0231524166615445
15179,6333.486176,2,70762714.368,0.0345524207593173
15180,6333.506176,1,70762735.4368,0.0232149076976663
15181,6333.526176,2,70762755.264,0.0344059253795562
15182,6333.546176,1,70762774.8992,0.0232128588112361
15183,6333.566176,2,70762794.368,0.0343280676952077
15184,6333.586176,1,70762814.3744,0.0232036388223001
15185,6333.606176,2,70762834.3808,0.0343444587866494
15186,6333.626176,1,70762854.4,0.0231913455037187
15187,6333.646176,2,70762874.4576,0.0343434343434343
15188,6333.666176,1,70762894.4,0.023148318888684
15189,6333.686176,2,70762915.4048,0.0342297211465568
15190,6333.706176,1,70762934.4128,0.0231534411047596
15191,6333.726176,2,70762955.1488,0.0341518634622083
15192,6333.746176,1,70762974.4384,0.0232692031880673
15193,6333.766176,2,70762994.3808,0.0342071833958244
15194,6333.786176,1,70763014.6304,0.0231370500133178
15195,6333.806176,2,70763035.2,0.0342379166922777
15196,6333.826176,1,70763054.4,0.023166758866556
15197,6333.846176,2,70763074.432,0.0342112811686848
15198,6333.866176,1,70763094.464,0.0230878767389924
15199,6333.886176,2,70763114.752,0.0342215256008359
15200,6333.906176,1,70763137.216,0.0231862232876432
15201,6333.926176,2,70763154.4448,0.0341959145204581
15202,6333.946176,1,70763175.616,0.0232138832544512
15203,6333.966176,2,70763194.4832,0.0343413854570041
15204,6333.986176,1,70763215.0016,0.0232056877087303
15205,6334.006176,2,70763235.2128,0.0343649476509517
15206,6334.026176,1,70763255.5648,0.0232681787448522
15207,6334.046176,2,70763274.7776,0.0343721187534575
15208,6334.066176,1,70763294.4512,0.023211834368021
15209,6334.086176,2,70763316.2368,0.0343413854570041
15210,6334.106176,1,70763334.4256,0.0232702276312824
15211,6334.126176,2,70763354.432,0.034422316470998
15212,6334.146176,1,70763374.4512,0.0232876431659393
15213,6334.166176,2,70763395.4304,0.034495051939271
15214,6334.186176,1,70763414.656,0.0232692031880673
15215,6334.206176,2,70763434.432,0.0345616407482533
15216,6334.226176,1,70763454.9248,0.023230274345893
15217,6334.246176,2,70763475.1872,0.0344848075071199
15218,6334.266176,1,70763494.464,0.0232405187780441
15219,6334.286176,2,70763514.944,0.0344376831192247
15220,6334.306176,1,70763535.5264,0.0232128588112361
15221,6334.326176,2,70763555.3024,0.034522711906079
15222,6334.346176,1,70763574.5664,0.0232589587559162
15223,6334.366176,2,70763594.4704,0.0344479275513758
15224,6334.386176,1,70763615.2448,0.0232456409941197
15225,6334.406176,2,70763634.4704,0.0344540742106665
15226,6334.426176,1,70763654.5792,0.0232415432212592
15227,6334.446176,2,70763675.7504,0.034476611961399
15228,6334.466176,1,70763694.4896,0.0232497387669801
15229,6334.486176,2,70763714.5088,0.0345237363492942
15230,6334.506176,1,70763734.4768,0.023230274345893
15231,6334.526176,2,70763754.4832,0.0347665293912758
15232,6334.546176,1,70763774.5152,0.0232046632655152
15233,6334.566176,2,70763794.9824,0.0348238982113221
15234,6334.586176,1,70763815.2832,0.0232149076976663
15235,6334.606176,2,70763834.9696,0.0349939557850308
15236,6334.626176,1,70763855.6928,0.0232343721187535
15237,6334.646176,2,70763875.4432,0.0349376114081996
15238,6334.666176,1,70763894.528,0.0232200299137419
15239,6334.686176,2,70763914.9824,0.0347993115741594
15240,6334.706176,1,70763935.616,0.023230274345893
15241,6334.726176,2,70763957.8752,0.0348659003831418
15242,6334.746176,1,70763975.5392,0.0232599831991313
15243,6334.766176,2,70763994.5344,0.0348331182002582
15244,6334.786176,1,70764014.5408,0.0232907164955847
15245,6334.806176,2,70764035.0208,0.0348238982113221
15246,6334.826176,1,70764054.5408,0.0232292499026779
15247,6334.846176,2,70764074.9696,0.0347521871862643
15248,6334.866176,1,70764094.528,0.023239494334829
15249,6334.886176,2,70764115.392,0.0346425717622472
15250,6334.906176,1,70764134.5408,0.0232067121519454
15251,6334.926176,2,70764154.816,0.034694818366218
15252,6334.946176,1,70764174.5408,0.0232528120966255
15253,6334.966176,2,70764195.392,0.0345298830085848
15254,6334.986176,1,70764215.2704,0.0232323232323232
15255,6335.006176,2,70764234.5472,0.0346333517733112
15256,6335.026176,1,70764254.5664,0.0232159321408814
15257,6335.046176,2,70764274.5472,0.0347122339008749
15258,6335.066176,1,70764294.5536,0.0231913455037187
15259,6335.086176,2,70764316.352,0.034832093757043
15260,6335.106176,1,70764335.6672,0.0232261765730326
15261,6335.126176,2,70764354.5728,0.034940684737845
15262,6335.146176,1,70764375.744,0.0232374454483988
15263,6335.166176,2,70764394.5856,0.0351701600180302
15264,6335.186176,1,70764414.5664,0.0232179810273117
15265,6335.206176,2,70764434.944,0.0352982154199193
15266,6335.226176,1,70764455.5392,0.023211834368021
15267,6335.246176,2,70764474.6496,0.0352183088491405
15268,6335.266176,1,70764494.8608,0.0232272010162477
15269,6335.286176,2,70764516.3392,0.035240846599873
15270,6335.306176,1,70764535.36,0.0232712520744975
15271,6335.326176,2,70764554.56,0.0351250845165652
15272,6335.346176,1,70764574.6688,0.023202614379085
15273,6335.366176,2,70764594.5472,0.0349765402503739
15274,6335.386176,1,70764614.6816,0.0232548609830557
15275,6335.406176,2,70764634.5856,0.0348443870756244
15276,6335.426176,1,70764654.6688,0.0231708566394165
15277,6335.446176,2,70764674.7776,0.0348146782223861
15278,6335.466176,1,70764695.1424,0.0232907164955847
15279,6335.486176,2,70764714.7904,0.0349345380785543
15280,6335.506176,1,70764734.6304,0.0232548609830557
15281,6335.526176,2,70764755.84,0.0349550269428566
15282,6335.546176,1,70764774.72,0.023248714323765
15283,6335.566176,2,70764794.6368,0.0348618026102813
15284,6335.586176,1,70764815.6672,0.0232722765177126
15285,6335.606176,2,70764834.6112,0.0347357960948225
15286,6335.626176,1,70764855.8336,0.0232200299137419
15287,6335.646176,2,70764875.6736,0.034822873768107
15288,6335.666176,1,70764894.6304,0.0232651054152068
15289,6335.686176,2,70764916.5824,0.0348167271088164
15290,6335.706176,1,70764934.976,0.0232282254594628
15291,6335.726176,2,70764955.456,0.0348833159177987
15292,6335.746176,1,70764974.6304,0.0232476898805499
15293,6335.766176,2,70764994.6368,0.0348003360173746
15294,6335.786176,1,70765014.656,0.0232435921076895
15295,6335.806176,2,70765034.624,0.0347706271641363
15296,6335.826176,1,70765055.552,0.0232978875980904
15297,6335.846176,2,70765074.7648,0.0346292540004508
15298,6335.866176,1,70765094.6432,0.0232702276312824
15299,6335.886176,2,70765115.9296,0.0346558895240437
15300,6335.906176,1,70765134.9888,0.0232907164955847
15301,6335.926176,2,70765154.6496,0.0346784272747762
15302,6335.946176,1,70765174.72,0.0232456409941197
15303,6335.966176,2,70765194.944,0.0346097895793636
15304,6335.986176,1,70765215.36,0.0232476898805499
15305,6336.006176,2,70765234.6368,0.0344919786096257
15306,6336.026176,1,70765254.656,0.0232435921076895
15307,6336.046176,2,70765274.7264,0.0343874854016842
15308,6336.066176,1,70765294.6816,0.0232569098694859
15309,6336.086176,2,70765314.6624,0.0344346097895794
15310,6336.106176,1,70765335.5264,0.0233327186674043
15311,6336.126176,2,70765354.7008,0.0347818960395025
15312,6336.146176,1,70765374.8224,0.0232548609830557
15313,6336.166176,2,70765395.6352,0.0346282295572356
15314,6336.186176,1,70765414.6944,0.0232763742905731
15315,6336.206176,2,70765434.7008,0.0345165652467884
15316,6336.226176,1,70765454.7072,0.0232456409941197
15317,6336.246176,2,70765475.0208,0.0344243653574282
15318,6336.266176,1,70765494.7072,0.0232948142684451
15319,6336.286176,2,70765514.7008,0.0345472985432417
15320,6336.306176,1,70765535.36,0.0232476898805499
15321,6336.326176,2,70765554.9184,0.0344632941996025
15322,6336.346176,1,70765574.848,0.0233275964513287
15323,6336.366176,2,70765594.9952,0.0343823631856086
15324,6336.386176,1,70765615.3088,0.0233798430552994
15325,6336.406176,2,70765635.1872,0.03444075644887
15326,6336.426176,1,70765654.6944,0.0232599831991313
15327,6336.446176,2,70765674.752,0.0343710943102424
15328,6336.466176,1,70765694.8352,0.0232896920523695
15329,6336.486176,2,70765714.7136,0.0344919786096257
15330,6336.506176,1,70765734.72,0.0233132542463171
15331,6336.526176,2,70765754.7776,0.0344827586206897
15332,6336.546176,1,70765774.7968,0.0232917409387998
15333,6336.566176,2,70765794.7904,0.0345903251582765
15334,6336.586176,1,70765814.7712,0.0233173520191776
15335,6336.606176,2,70765834.7648,0.0345821296125556
15336,6336.626176,1,70765854.7584,0.0232702276312824
15337,6336.646176,2,70765875.2384,0.0346364251029565
15338,6336.666176,1,70765894.7072,0.0232968631548753
15339,6336.686176,2,70765914.7648,0.0347747249369967
15340,6336.706176,1,70765935.5136,0.0233265720081136
15341,6336.726176,2,70765955.1232,0.0347941893580839
15342,6336.746176,1,70765974.7968,0.0232589587559162
15343,6336.766176,2,70765996.6592,0.0348249226545373
15344,6336.786176,1,70766014.7456,0.0233163275759625
15345,6336.806176,2,70766036.7616,0.0347726760505665
15346,6336.826176,1,70766054.784,0.0233255475648985
15347,6336.846176,2,70766074.7392,0.0348269715409675
15348,6336.866176,1,70766095.2576,0.023275349847358
15349,6336.886176,2,70766114.7776,0.0348259470977524
15350,6336.906176,1,70766134.7712,0.0233829163849448
15351,6336.926176,2,70766154.752,0.0347245272194562
15352,6336.946176,1,70766176.1408,0.0233071075870264
15353,6336.966176,2,70766195.4176,0.0347573094023398
15354,6336.986176,1,70766214.7584,0.02329378982523
15355,6337.006176,2,70766234.7776,0.0348454115188395
15356,6337.026176,1,70766254.7328,0.0233296453377589
15357,6337.046176,2,70766274.7904,0.0347091605712295
15358,6337.066176,1,70766294.7968,0.0232558854262708
15359,6337.086176,2,70766314.8288,0.0348116048927408
15360,6337.106176,1,70766335.3344,0.0232251521298174
15361,6337.126176,2,70766354.8032,0.03489560923638
15362,6337.146176,1,70766374.8608,0.0232866187227242
15363,6337.166176,2,70766394.8288,0.0348484848484849
15364,6337.186176,1,70766414.8096,0.0233204253488229
15365,6337.206176,2,70766435.2384,0.0348710225992173
15366,6337.226176,1,70766455.424,0.02329378982523
15367,6337.246176,2,70766475.3792,0.0348116048927408
15368,6337.266176,1,70766494.8352,0.0232692031880673
15369,6337.286176,2,70766514.7648,0.0346415473190321
15370,6337.306176,1,70766535.104,0.0232415432212592
15371,6337.326176,2,70766554.8032,0.0345893007150614
15372,6337.346176,1,70766574.848,0.0232855942795091
15373,6337.366176,2,70766594.9184,0.0347060872415842
15374,6337.386176,1,70766614.8864,0.0233142786895322
15375,6337.406176,2,70766634.816,0.0347101850144447
15376,6337.426176,1,70766654.8352,0.0233296453377589
15377,6337.446176,2,70766674.8288,0.0345350052246604
15378,6337.466176,1,70766695.232,0.0232773987337882
15379,6337.486176,2,70766715.264,0.0346538406376135
15380,6337.506176,1,70766734.848,0.0233173520191776
15381,6337.526176,2,70766754.8544,0.0347030139119389
15382,6337.546176,1,70766774.912,0.0233009609277358
15383,6337.566176,2,70766794.9056,0.0345893007150614
15384,6337.586176,1,70766814.848,0.0233091564734567
15385,6337.606176,2,70766834.8288,0.0345554940889626
15386,6337.626176,1,70766854.8608,0.02329378982523
15387,6337.646176,2,70766875.4304,0.0344909541664106
15388,6337.666176,1,70766895.5008,0.0232251521298174
15389,6337.686176,2,70766914.8544,0.0344591964267421
15390,6337.706176,1,70766934.8608,0.0232589587559162
15391,6337.726176,2,70766955.3664,0.0345749585100498
15392,6337.746176,1,70766974.9376,0.0233060831438113
15393,6337.766176,2,70766995.3024,0.0346815006044215
15394,6337.786176,1,70767015.2704,0.0232538365398406
15395,6337.806176,2,70767035.5584,0.0346825250476366
15396,6337.826176,1,70767054.8736,0.0232804720634335
15397,6337.846176,2,70767075.4816,0.034622082897945
15398,6337.866176,1,70767094.8736,0.0233194009056078
15399,6337.886176,2,70767115.2896,0.0345155408035733
15400,6337.906176,1,70767134.8992,0.0232733009609277
15401,6337.926176,2,70767154.8672,0.0344284631302887
15402,6337.946176,1,70767175.168,0.0232241276866023
15403,6337.966176,2,70767194.8928,0.0343188477062716
15404,6337.986176,1,70767215.5776,0.0233255475648985
15405,6338.006176,2,70767235.4048,0.0341866945315221
15406,6338.026176,1,70767254.8992,0.023303009814166
15407,6338.046176,2,70767274.88,0.0341457168029176
15408,6338.066176,1,70767295.424,0.0233275964513287
15409,6338.086176,2,70767314.9056,0.0340658102321388
15410,6338.106176,1,70767334.8992,0.0232784231770033
15411,6338.126176,2,70767355.5328,0.0341559612350687
15412,6338.146176,1,70767375.8848,0.0233296453377589
15413,6338.166176,2,70767396.9792,0.0342102567254697
15414,6338.186176,1,70767415.4624,0.0232958387116602
15415,6338.206176,2,70767435.3024,0.0341805478722314
15416,6338.226176,1,70767454.9888,0.0233040342573811
15417,6338.246176,2,70767474.9312,0.0343270432519925
15418,6338.266176,1,70767494.8992,0.0233890630442355
15419,6338.286176,2,70767514.9568,0.0343444587866494
15420,6338.306176,1,70767535.3216,0.023321449792038
15421,6338.326176,2,70767554.9568,0.0344571475403118
15422,6338.346176,1,70767575.7056,0.0233060831438113
15423,6338.366176,2,70767595.4816,0.0345206630196488
15424,6338.386176,1,70767614.976,0.023348085315631
15425,6338.406176,2,70767634.9696,0.034368020980597
15426,6338.426176,1,70767654.9632,0.0233368164402647
15427,6338.446176,2,70767675.4048,0.0344991497121315
15428,6338.466176,1,70767695.7696,0.0233593541909972
15429,6338.486176,2,70767717.184,0.0343383121273588
15430,6338.506176,1,70767735.0784,0.0233695986231483
15431,6338.526176,2,70767755.584,0.0342645522158707
15432,6338.546176,1,70767775.104,0.0233040342573811
15433,6338.566176,2,70767795.8272,0.0342440633515684
15434,6338.586176,1,70767815.7056,0.0233316942241892
15435,6338.606176,2,70767835.9168,0.0342840166369578
15436,6338.626176,1,70767854.9632,0.0232794476202184
15437,6338.646176,2,70767875.7248,0.0342461122379986
15438,6338.666176,1,70767895.6544,0.023330669780974
15439,6338.686176,2,70767914.9952,0.0345216874628639
15440,6338.706176,1,70767935.5904,0.0233859897145901
15441,6338.726176,2,70767955.7248,0.0346630606265495
15442,6338.746176,1,70767976.0768,0.023321449792038
15443,6338.766176,2,70767995.0464,0.0347030139119389
15444,6338.786176,1,70768014.9888,0.0233337431106194
15445,6338.806176,2,70768035.4688,0.0347737004937816
15446,6338.826176,1,70768055.68,0.0232497387669801
15447,6338.846176,2,70768074.9952,0.0347511627430492
15448,6338.866176,1,70768095.6544,0.0233972585899564
15449,6338.886176,2,70768115.008,0.0349652713750077
15450,6338.906176,1,70768135.5776,0.0233357919970496
15451,6338.926176,2,70768155.6736,0.0349642469317926
15452,6338.946176,1,70768175.0144,0.0233368164402647
15453,6338.966176,2,70768195.008,0.0349079025549614
15454,6338.986176,1,70768215.0016,0.0232722765177126
15455,6339.006176,2,70768235.3664,0.0347993115741594
15456,6339.026176,1,70768255.6416,0.023330669780974
15457,6339.046176,2,70768276.0704,0.0348198004384617
15458,6339.066176,1,70768295.8464,0.0232825209498638
15459,6339.086176,2,70768315.072,0.0347737004937816
15460,6339.106176,1,70768335.1296,0.0233726719527937
15461,6339.126176,2,70768355.0464,0.0347665293912758
15462,6339.146176,1,70768375.0656,0.0233091564734567
15463,6339.166176,2,70768395.0464,0.0348095560063106
15464,6339.186176,1,70768415.808,0.0233255475648985
15465,6339.206176,2,70768435.0464,0.0348515581781302
15466,6339.226176,1,70768455.3856,0.0233634519638576
15467,6339.246176,2,70768475.5584,0.0350154690925482
15468,6339.266176,1,70768495.7696,0.023330669780974
15469,6339.286176,2,70768515.52,0.0352572376913148
15470,6339.306176,1,70768535.0528,0.0234003319196017
15471,6339.326176,2,70768555.3152,0.0351650378019546
15472,6339.346176,1,70768575.232,0.0233921363738808
15473,6339.366176,2,70768595.7888,0.0352346999405823
15474,6339.386176,1,70768615.7568,0.0233859897145901
15475,6339.406176,2,70768635.072,0.0351824533366116
15476,6339.426176,1,70768655.1552,0.0233255475648985
15477,6339.446176,2,70768675.0848,0.0351640133587395
15478,6339.466176,1,70768695.104,0.0233993074763866
15479,6339.486176,2,70768715.0592,0.0351127911979839
15480,6339.506176,1,70768735.7184,0.0232743254041428
15481,6339.526176,2,70768755.1104,0.0351414756080071
15482,6339.546176,1,70768775.232,0.0233081320302416
15483,6339.566176,2,70768795.072,0.0351035712090479
15484,6339.586176,1,70768815.7824,0.0232415432212592
15485,6339.606176,2,70768835.072,0.0350492757186469
15486,6339.626176,1,70768855.1168,0.0232610076423464
15487,6339.646176,2,70768875.6864,0.0350943512201119
15488,6339.666176,1,70768895.9104,0.023312229803102
15489,6339.686176,2,70768915.2128,0.0348566803942058
15490,6339.706176,1,70768935.0656,0.0233429630995554
15491,6339.726176,2,70768955.84,0.0349038047821009
15492,6339.746176,1,70768975.8848,0.023312229803102
15493,6339.766176,2,70768995.8144,0.0349201958735427
15494,6339.786176,1,70769017.8688,0.0233429630995554
15495,6339.806176,2,70769035.7248,0.0348474604052697
15496,6339.826176,1,70769056.0256,0.0233491097588461
15497,6339.846176,2,70769075.584,0.0348976581228103
15498,6339.866176,1,70769095.7824,0.0233798430552994
15499,6339.886176,2,70769115.1104,0.0350871801176061
15500,6339.906176,1,70769135.8208,0.0233368164402647
15501,6339.926176,2,70769155.5584,0.0351086934251234
15502,6339.946176,1,70769175.872,0.0233224742352531
15503,6339.966176,2,70769195.136,0.035104595652263
15504,6339.986176,1,70769215.6032,0.02329378982523
15505,6340.006176,2,70769235.136,0.0351506955969431
15506,6340.026176,1,70769255.1808,0.0233685741799332
15507,6340.046176,2,70769275.1616,0.0350359579568504
15508,6340.066176,1,70769295.1424,0.0232497387669801
15509,6340.086176,2,70769315.8784,0.0350482512754318
15510,6340.106176,1,70769335.8592,0.0233050587005962
15511,6340.126176,2,70769355.6224,0.0352121621898498
15512,6340.146176,1,70769375.9744,0.0232999364845207
15513,6340.166176,2,70769395.8016,0.0352244555084312
15514,6340.186176,1,70769416.0256,0.0232507632101953
15515,6340.206176,2,70769441.3056,0.0351742577908907
15516,6340.226176,1,70769455.7696,0.0232681787448522
15517,6340.246176,2,70769475.264,0.0350902534472514
15518,6340.266176,1,70769495.8336,0.0231729055258467
15519,6340.286176,2,70769516.032,0.0350584957075829
15520,6340.306176,1,70769535.1936,0.0232886676091544
15521,6340.326176,2,70769555.6224,0.0349335136353392
15522,6340.346176,1,70769575.9488,0.0232036388223001
15523,6340.366176,2,70769595.2384,0.0349601491589321
15524,6340.386176,1,70769615.296,0.0231421722293933
15525,6340.406176,2,70769637.0048,0.0349796135800193
15526,6340.426176,1,70769655.1808,0.023239494334829
15527,6340.446176,2,70769675.6352,0.0351148400844141
15528,6340.466176,1,70769695.9232,0.0231944188333641
15529,6340.486176,2,70769715.1872,0.0349714180342984
15530,6340.506176,1,70769735.1936,0.0232282254594628
15531,6340.526176,2,70769756.0192,0.0349007314524556
15532,6340.546176,1,70769775.296,0.0231749544122769
15533,6340.566176,2,70769795.2384,0.0347460405269736
15534,6340.586176,1,70769815.9104,0.0232620320855615
15535,6340.606176,2,70769835.968,0.0347562849591247
15536,6340.626176,1,70769855.2064,0.0232640809719917
15537,6340.646176,2,70769875.3024,0.0347019894687237
15538,6340.666176,1,70769895.9616,0.0232569098694859
15539,6340.686176,2,70769915.2256,0.034785993812363
15540,6340.706176,1,70769935.8208,0.023284569836294
15541,6340.726176,2,70769955.8016,0.0349079025549614
15542,6340.746176,1,70769975.8592,0.0232569098694859
15543,6340.766176,2,70769995.6736,0.035004200217182
15544,6340.786176,1,70770015.232,0.0232097854815908
15545,6340.806176,2,70770035.712,0.0349796135800193
15546,6340.826176,1,70770055.6928,0.0232804720634335
15547,6340.846176,2,70770075.264,0.035086155674391
15548,6340.866176,1,70770095.936,0.0232917409387998
15549,6340.886176,2,70770115.2,0.034968344704653
15550,6340.906176,1,70770135.232,0.0233542319749216
15551,6340.926176,2,70770155.7504,0.0348402893027639
15552,6340.946176,1,70770176.0256,0.0233634519638576
15553,6340.966176,2,70770195.264,0.0346804761612064
15554,6340.986176,1,70770215.8976,0.0232671543016371
15555,6341.006176,2,70770235.2768,0.0346364251029565
15556,6341.026176,1,70770257.4208,0.0232620320855615
15557,6341.046176,2,70770275.6736,0.0346610117401192
15558,6341.066176,1,70770295.2704,0.023230274345893
15559,6341.086176,2,70770315.6992,0.0346794517179913
15560,6341.106176,1,70770335.9616,0.0233593541909972
15561,6341.126176,2,70770355.6992,0.03489560923638
15562,6341.146176,1,70770375.3088,0.0233327186674043
15563,6341.166176,2,70770395.2768,0.0348238982113221
15564,6341.186176,1,70770415.9872,0.0232692031880673
15565,6341.206176,2,70770435.6992,0.0347798471530723
15566,6341.226176,1,70770456.128,0.0233060831438113
15567,6341.246176,2,70770475.3152,0.0347583338455549
15568,6341.266176,1,70770495.6928,0.0232907164955847
15569,6341.286176,2,70770515.2896,0.0347511627430492
15570,6341.306176,1,70770535.2832,0.0233624275206425
15571,6341.326176,2,70770555.7248,0.0347265761058864
15572,6341.346176,1,70770575.3216,0.0232548609830557
15573,6341.366176,2,70770595.3024,0.0347388694244678
15574,6341.386176,1,70770616.0896,0.0232978875980904
15575,6341.406176,2,70770635.3536,0.0347050627983691
15576,6341.426176,1,70770655.296,0.0232825209498638
15577,6341.446176,2,70770675.8144,0.0346005695904276
15578,6341.466176,1,70770695.3472,0.0232651054152068
15579,6341.486176,2,70770715.7632,0.0344991497121315
15580,6341.506176,1,70770735.9616,0.0232272010162477
15581,6341.526176,2,70770755.3408,0.0345063208146372
15582,6341.546176,1,70770775.424,0.0232108099248059
15583,6341.566176,2,70770795.8016,0.0344755875181839
15584,6341.586176,1,70770815.3088,0.0232794476202184
15585,6341.606176,2,70770835.8144,0.0345411518839511
15586,6341.626176,1,70770855.9616,0.0233071075870264
15587,6341.646176,2,70770876.0832,0.0345903251582765
15588,6341.666176,1,70770896.0512,0.0232948142684451
15589,6341.686176,2,70770915.3408,0.0347439916405434
15590,6341.706176,1,70770935.9616,0.0232722765177126
15591,6341.726176,2,70770955.328,0.034804433790235
15592,6341.746176,1,70770975.5392,0.0232128588112361
15593,6341.766176,2,70770995.4816,0.0346876472637122
15594,6341.786176,1,70771016.0256,0.0232497387669801
15595,6341.806176,2,70771035.3152,0.0345698362939742
15596,6341.826176,1,70771056.1024,0.0233132542463171
15597,6341.846176,2,70771075.9808,0.0345247607925093
15598,6341.866176,1,70771095.36,0.0233009609277358
15599,6341.886176,2,70771115.8144,0.0345196385764337
15600,6341.906176,1,70771135.36,0.0232825209498638
15601,6341.926176,2,70771155.6992,0.0344274386870736
15602,6341.946176,1,70771175.3728,0.0232855942795091
15603,6341.966176,2,70771195.3664,0.0344663675292479
15604,6341.986176,1,70771215.36,0.0232630565287766
15605,6342.006176,2,70771235.8912,0.0343516298891552
15606,6342.026176,1,70771255.3728,0.0232097854815908
15607,6342.046176,2,70771275.5328,0.0346015940336427
15608,6342.066176,1,70771295.4496,0.0232200299137419
15609,6342.086176,2,70771315.392,0.0346323273300961
15610,6342.106176,1,70771335.4368,0.0231821255147827
15611,6342.126176,2,70771356.2368,0.0347542360726945
15612,6342.146176,1,70771376.2176,0.0232312987891081
15613,6342.166176,2,70771395.4432,0.0346671583994099
15614,6342.186176,1,70771415.4112,0.0233583297477821
15615,6342.206176,2,70771435.584,0.0346517917511832
15616,6342.226176,1,70771456.1536,0.0232733009609277
15617,6342.246176,2,70771475.456,0.03457700739648
15618,6342.266176,1,70771495.3856,0.0231554899911898
15619,6342.286176,2,70771516.1472,0.0345708607371893
15620,6342.306176,1,70771535.5264,0.0233153031327474
15621,6342.326176,2,70771556.1472,0.034631302886881
15622,6342.346176,1,70771575.4752,0.0232466654373348
15623,6342.366176,2,70771595.4176,0.0346323273300961
15624,6342.386176,1,70771616.2048,0.0232630565287766
15625,6342.406176,2,70771636.2112,0.0346046673632881
15626,6342.426176,1,70771655.5008,0.0232149076976663
15627,6342.446176,2,70771675.9296,0.0345811051693405
15628,6342.466176,1,70771695.488,0.0233234986784682
15629,6342.486176,2,70771715.4048,0.0346046673632881
15630,6342.506176,1,70771735.4624,0.0233142786895322
15631,6342.526176,2,70771755.4176,0.0346446206486774
15632,6342.546176,1,70771775.6672,0.0233398897699101
15633,6342.566176,2,70771795.4432,0.034649742864753
15634,6342.586176,1,70771815.4368,0.0232948142684451
15635,6342.606176,2,70771835.4944,0.0344202675845678
15636,6342.626176,1,70771855.4368,0.0233009609277358
15637,6342.646176,2,70771875.4944,0.0344366586760096
15638,6342.666176,1,70771895.5136,0.0232374454483988
15639,6342.686176,2,70771915.9424,0.0343465076730797
15640,6342.706176,1,70771935.4496,0.0232610076423464
15641,6342.726176,2,70771955.4816,0.0345278341221546
15642,6342.746176,1,70771976.1536,0.0232917409387998
15643,6342.766176,2,70771995.456,0.0343608498780913
15644,6342.786176,1,70772015.5008,0.0232272010162477
15645,6342.806176,2,70772035.9168,0.0343301165816379
15646,6342.826176,1,70772055.4752,0.0233962341467412
15647,6342.846176,2,70772075.8912,0.0343454832298646
15648,6342.866176,1,70772095.488,0.0233091564734567
15649,6342.886176,2,70772115.5072,0.0342512344540742
15650,6342.906176,1,70772136.2304,0.0233163275759625
15651,6342.926176,2,70772155.4688,0.0343383121273588
15652,6342.946176,1,70772175.6288,0.0233798430552994
15653,6342.966176,2,70772195.5072,0.0342368922490626
15654,6342.986176,1,70772216.2304,0.023375745282439
15655,6343.006176,2,70772235.4944,0.0342368922490626
15656,6343.026176,1,70772255.5008,0.0233419386563403
15657,6343.046176,2,70772275.4816,0.0343915831745446
15658,6343.066176,1,70772295.5648,0.023357305304567
15659,6343.086176,2,70772315.9552,0.0343557276620157
15660,6343.106176,1,70772335.5264,0.0233726719527937
15661,6343.126176,2,70772355.5072,0.034458171983527
15662,6343.146176,1,70772375.5904,0.0233071075870264
15663,6343.166176,2,70772395.5584,0.0345257852357244
15664,6343.186176,1,70772415.5136,0.0233870141578052
15665,6343.206176,2,70772436.1984,0.0346958428094331
15666,6343.226176,1,70772455.5264,0.0233624275206425
15667,6343.246176,2,70772475.5712,0.0347276005491016
15668,6343.266176,1,70772495.6288,0.0233542319749216
15669,6343.286176,2,70772515.5328,0.0348392648595488
15670,6343.306176,1,70772535.5392,0.0233521830884914
15671,6343.326176,2,70772555.648,0.0347019894687237
15672,6343.346176,1,70772575.6288,0.0233409142131252
15673,6343.366176,2,70772595.5584,0.0347552605159096
15674,6343.386176,1,70772615.5392,0.0232743254041428
15675,6343.406176,2,70772635.5456,0.0345698362939742
15676,6343.426176,1,70772655.5648,0.0232435921076895
15677,6343.446176,2,70772676.096,0.0345063208146372
15678,6343.466176,1,70772695.6032,0.0232907164955847
15679,6343.486176,2,70772715.6224,0.0343465076730797
15680,6343.506176,1,70772737.088,0.0232722765177126
15681,6343.526176,2,70772755.5712,0.0342922121826787
15682,6343.546176,1,70772775.7568,0.0232784231770033
15683,6343.566176,2,70772795.584,0.034276845534452
15684,6343.586176,1,70772815.5904,0.0232896920523695
15685,6343.606176,2,70772835.5456,0.0342594299997951
15686,6343.626176,1,70772855.7056,0.023312229803102
15687,6343.646176,2,70772875.5968,0.0343516298891552
15688,6343.666176,1,70772895.6416,0.0232917409387998
15689,6343.686176,2,70772915.584,0.0343649476509517
15690,6343.706176,1,70772935.5648,0.0232773987337882
15691,6343.726176,2,70772955.584,0.0344530497674514
15692,6343.746176,1,70772976.3712,0.0233234986784682
15693,6343.766176,2,70772995.6736,0.0345063208146372
15694,6343.786176,1,70773015.5904,0.0232282254594628
15695,6343.806176,2,70773035.5968,0.0345124674739279
15696,6343.826176,1,70773055.9616,0.0232989120413055
15697,6343.846176,2,70773076.1088,0.0347368205380376
15698,6343.866176,1,70773095.6032,0.0233378408834798
15699,6343.886176,2,70773115.5968,0.0348464359620546
15700,6343.906176,1,70773135.5904,0.0232804720634335
15701,6343.926176,2,70773155.5968,0.0348208248816768
15702,6343.946176,1,70773175.6928,0.0232149076976663
15703,6343.966176,2,70773195.7504,0.0346763783883459
15704,6343.986176,1,70773215.6032,0.0232384698916139
15705,6344.006176,2,70773235.6608,0.0346343762165263
15706,6344.026176,1,70773255.6288,0.0232743254041428
15707,6344.046176,2,70773275.648,0.0346364251029565
15708,6344.066176,1,70773295.6544,0.0233993074763866
15709,6344.086176,2,70773315.6224,0.0346354006597414
15710,6344.106176,1,70773335.68,0.0233552564181367
15711,6344.126176,2,70773355.6224,0.0345821296125556
15712,6344.146176,1,70773377.1136,0.0233142786895322
15713,6344.166176,2,70773395.7504,0.0346333517733112
15714,6344.186176,1,70773415.6544,0.0233398897699101
15715,6344.206176,2,70773436.0832,0.0345872518286311
15716,6344.226176,1,70773455.6672,0.0233060831438113
15717,6344.246176,2,70773475.8144,0.0347183805601656
15718,6344.266176,1,70773495.6544,0.0232958387116602
15719,6344.286176,2,70773515.6864,0.0346733050587006
15720,6344.306176,1,70773535.6544,0.0232712520744975
15721,6344.326176,2,70773556.6592,0.034595447374352
15722,6344.346176,1,70773575.7696,0.023284569836294
15723,6344.366176,2,70773595.7376,0.0345933984879218
15724,6344.386176,1,70773615.6928,0.0233091564734567
15725,6344.406176,2,70773635.6992,0.0344889052799803
15726,6344.426176,1,70773655.6544,0.0232896920523695
15727,6344.446176,2,70773675.7888,0.0344151453684922
15728,6344.466176,1,70773695.8208,0.0232036388223001
15729,6344.486176,2,70773715.6608,0.0344458786649456
15730,6344.506176,1,70773735.6928,0.0232425676644744
15731,6344.526176,2,70773755.6736,0.0343567521052308
15732,6344.546176,1,70773775.936,0.0232364210051837
15733,6344.566176,2,70773795.6864,0.0343721187534575
15734,6344.586176,1,70773815.7056,0.0231872477308583
15735,6344.606176,2,70773835.7248,0.0342829921937427
15736,6344.626176,1,70773856.1792,0.0232251521298174
15737,6344.646176,2,70773875.8016,0.0341733767697257
15738,6344.666176,1,70773895.7952,0.0232989120413055
15739,6344.686176,2,70773915.7248,0.0342112811686848
15740,6344.706176,1,70773935.7952,0.0232128588112361
15741,6344.726176,2,70773955.8144,0.0342235744872662
15742,6344.746176,1,70773975.7952,0.0232138832544512
15743,6344.766176,2,70773996.0832,0.0341160079496793
15744,6344.786176,1,70774015.7056,0.0232610076423464
15745,6344.806176,2,70774035.9808,0.0341528879054234
15746,6344.826176,1,70774055.8336,0.0232907164955847
15747,6344.846176,2,70774076.1728,0.0341897678611675
15748,6344.866176,1,70774095.9232,0.0232784231770033
15749,6344.886176,2,70774115.7248,0.0342010367365337
15750,6344.906176,1,70774135.744,0.0233603786342123
15751,6344.926176,2,70774155.712,0.0343157743766263
15752,6344.946176,1,70774175.744,0.0232958387116602
15753,6344.966176,2,70774195.9936,0.0344212920277829
15754,6344.986176,1,70774215.7568,0.0233736963960088
15755,6345.006176,2,70774235.7376,0.034431536459934
15756,6345.026176,1,70774255.7568,0.0233798430552994
15757,6345.046176,2,70774275.904,0.034567787407544
15758,6345.066176,1,70774295.9744,0.0234249185567644
15759,6345.086176,2,70774315.776,0.0345595918618231
15760,6345.106176,1,70774335.7568,0.0233614030774274
15761,6345.126176,2,70774355.7888,0.034694818366218
15762,6345.146176,1,70774375.8336,0.023330669780974
15763,6345.166176,2,70774395.8784,0.0346651095129797
15764,6345.186176,1,70774415.7952,0.0233614030774274
15765,6345.206176,2,70774435.968,0.0345749585100498
15766,6345.226176,1,70774455.7696,0.0233829163849448
15767,6345.246176,2,70774477.824,0.0344981252689163
15768,6345.266176,1,70774495.936,0.023230274345893
15769,6345.286176,2,70774515.7888,0.0345052963714221
15770,6345.306176,1,70774535.7824,0.0232763742905731
15771,6345.326176,2,70774556.2112,0.0346671583994099
15772,6345.346176,1,70774575.8336,0.0232907164955847
15773,6345.366176,2,70774595.7888,0.0348638514967115
15774,6345.386176,1,70774615.808,0.0232651054152068
15775,6345.406176,2,70774635.7888,0.0350441535025713
15776,6345.426176,1,70774655.7824,0.0232651054152068
15777,6345.446176,2,70774676.3136,0.0349652713750077
15778,6345.466176,1,70774695.808,0.0233204253488229
15779,6345.486176,2,70774716.2112,0.0349468313971357
15780,6345.506176,1,70774735.8336,0.0233101809166718
15781,6345.526176,2,70774757.1328,0.0349652713750077
15782,6345.546176,1,70774775.9104,0.0232814965066486
15783,6345.566176,2,70774796.0576,0.0348822914745836
15784,6345.586176,1,70774815.7952,0.0232784231770033
15785,6345.606176,2,70774835.9296,0.0350390312864958
15786,6345.626176,1,70774855.8464,0.0233019853709509
15787,6345.646176,2,70774875.9552,0.0352521154752392
15788,6345.666176,1,70774896.064,0.0232876431659393
15789,6345.686176,2,70774915.9424,0.0354467596861106
15790,6345.706176,1,70774936.0256,0.0232353965619686
15791,6345.726176,2,70774956.0448,0.0355850595201508
15792,6345.746176,1,70774976.192,0.0232794476202184
15793,6345.766176,2,70774995.8912,0.0356967238305981
15794,6345.786176,1,70775016.1152,0.0233112053598869
15795,6345.806176,2,70775035.8528,0.0357274571270514
15796,6345.826176,1,70775055.8592,0.0233767697256541
15797,6345.846176,2,70775076.0704,0.0355922306226566
15798,6345.866176,1,70775096.0768,0.0232702276312824
15799,6345.886176,2,70775115.9424,0.035577888417645
15800,6345.906176,1,70775135.8848,0.0232763742905731
15801,6345.926176,2,70775156.7744,0.035514372938308
15802,6345.946176,1,70775176.1152,0.023303009814166
15803,6345.966176,2,70775196.1344,0.0354426619132501
15804,6345.986176,1,70775215.872,0.0233050587005962
15805,6346.006176,2,70775236.3904,0.0353064109656402
15806,6346.026176,1,70775255.872,0.0232200299137419
15807,6346.046176,2,70775276.1472,0.0351855266662569
15808,6346.066176,1,70775295.9232,0.0232507632101953
15809,6346.086176,2,70775315.8656,0.0352295777245067
15810,6346.106176,1,70775336.4736,0.0233562808613519
15811,6346.126176,2,70775356.4288,0.035186551109472
15812,6346.146176,1,70775376.2048,0.0234361874321306
15813,6346.166176,2,70775396.2112,0.0350441535025713
15814,6346.186176,1,70775416.1024,0.0233911119306657
15815,6346.206176,2,70775436.0064,0.0350021513307517
15816,6346.226176,1,70775455.8976,0.0233163275759625
15817,6346.246176,2,70775475.9808,0.0349447825107054
15818,6346.266176,1,70775496.192,0.0233245231216834
15819,6346.286176,2,70775515.9936,0.0349437580674903
15820,6346.306176,1,70775535.8976,0.0233409142131252
15821,6346.326176,2,70775556.0192,0.0348935603499498
15822,6346.346176,1,70775576.2944,0.0233767697256541
15823,6346.366176,2,70775595.904,0.0348710225992173
15824,6346.386176,1,70775616.1024,0.0233808674985146
15825,6346.406176,2,70775635.9296,0.034795213801299
15826,6346.426176,1,70775656.0256,0.0232866187227242
15827,6346.446176,2,70775676.032,0.0348310693138279
15828,6346.466176,1,70775696.0896,0.0233542319749216
15829,6346.486176,2,70775715.8912,0.0347706271641363
15830,6346.506176,1,70775736.1664,0.0233962341467412
15831,6346.526176,2,70775755.9424,0.0347839449259328
15832,6346.546176,1,70775776.768,0.0234136496813982
15833,6346.566176,2,70775796.1344,0.03471325834409
15834,6346.586176,1,70775815.936,0.0233532075317065
15835,6346.606176,2,70775836.2368,0.0347911160284385
15836,6346.626176,1,70775855.936,0.0233736963960088
15837,6346.646176,2,70775875.968,0.0348126293359559
15838,6346.666176,1,70775895.9616,0.0234863851496712
15839,6346.686176,2,70775915.9424,0.0349283914192636
15840,6346.706176,1,70775936.192,0.0233808674985146
15841,6346.726176,2,70775955.968,0.0349181469871125
15842,6346.746176,1,70775976.3072,0.0234884340361014
15843,6346.766176,2,70775995.9552,0.0349765402503739
15844,6346.786176,1,70776015.9488,0.0234966295818223
15845,6346.806176,2,70776036.0192,0.034977564693589
15846,6346.826176,1,70776056.1536,0.0234587251828631
15847,6346.846176,2,70776076.2624,0.0349468313971357
15848,6346.866176,1,70776096.2816,0.0234781896039503
15849,6346.886176,2,70776116.1088,0.0350697645829492
15850,6346.906176,1,70776136.0896,0.0234310652160551
15851,6346.926176,2,70776156.096,0.0351506955969431
15852,6346.946176,1,70776176,0.0234710185014445
15853,6346.966176,2,70776196.0192,0.0352162599627103
15854,6346.986176,1,70776215.9616,0.0234689696150142
15855,6347.006208,2,70776236.1856,0.0352224066220009
15856,6347.026208,1,70776256.0256,0.0234167230110435
15857,6347.046208,2,70776276.1728,0.035095375663327
15858,6347.066208,1,70776296.0256,0.023457700739648
15859,6347.086208,2,70776315.9808,0.0350421046161411
15860,6347.106208,1,70776336.2432,0.0234044296924621
15861,6347.126208,2,70776356.1472,0.0349990780011064
15862,6347.146208,1,70776376.256,0.0234679451717991
15863,6347.166208,2,70776396.2112,0.0350113713196877
15864,6347.186208,1,70776416.1408,0.0234382363185609
15865,6347.206208,2,70776436.288,0.0349652713750077
15866,6347.226208,1,70776456.1792,0.0234402852049911
15867,6347.246208,2,70776476.3136,0.0349621980453623
15868,6347.266208,1,70776496.4224,0.0234566762964329
15869,6347.286208,2,70776516.0832,0.0350236646382691
15870,6347.306208,1,70776536,0.023394185260311
15871,6347.326208,2,70776556.032,0.0351332800622862
15872,6347.346208,1,70776576.5248,0.0234290163296248
15873,6347.366208,2,70776596.1856,0.0352398221566579
15874,6347.386208,1,70776616.064,0.0233429630995554
15875,6347.406208,2,70776636.1216,0.0351855266662569
15876,6347.426208,1,70776656.0128,0.023384965271375
15877,6347.446208,2,70776676.2368,0.0350810334583154
15878,6347.466208,1,70776696.192,0.0234218452271191
15879,6347.486208,2,70776716.0448,0.0350001024443215
15880,6347.506208,1,70776736.2048,0.0234372118753458
15881,6347.526208,2,70776756.224,0.0349120003278218
15882,6347.546208,1,70776776.0768,0.0234003319196017
15883,6347.566208,2,70776796.1856,0.035041080172926
15884,6347.586208,1,70776816.3584,0.0234310652160551
15885,6347.606208,2,70776836.288,0.0350615690372283
15886,6347.626208,1,70776856.3584,0.0233562808613519
15887,6347.646208,2,70776876.4416,0.0349120003278218
15888,6347.666208,1,70776896.3328,0.0233972585899564
15889,6347.686208,2,70776916.288,0.0349611736021472
15890,6347.706208,1,70776936.5888,0.0233695986231483
15891,6347.726208,2,70776956.4672,0.0347696027209212
15892,6347.746208,1,70776976.4864,0.0234136496813982
15893,6347.766208,2,70776996.2112,0.0348454115188395
15894,6347.786208,1,70777016.4992,0.023439260761776
15895,6347.806208,2,70777036.032,0.03489560923638
15896,6347.826208,1,70777056.0256,0.0233347675538345
15897,6347.846208,2,70777076.032,0.034694818366218
15898,6347.866208,1,70777096.0256,0.0234331141024853
15899,6347.886208,2,70777116.032,0.0346640850697646
15900,6347.906208,1,70777136.0256,0.0233982830331715
15901,6347.926208,2,70777156.0064,0.0346097895793636
15902,6347.946208,1,70777176.0768,0.0233808674985146
15903,6347.966208,2,70777196.0448,0.0346487184215379
15904,6347.986208,1,70777216.0128,0.0234402852049911
15905,6348.006208,2,70777236.032,0.0346005695904276
15906,6348.026208,1,70777256.0512,0.0233368164402647
15907,6348.046208,2,70777276.0832,0.0346261806708054
15908,6348.066208,1,70777296.0768,0.023394185260311
15909,6348.086208,2,70777316.0704,0.0345923740447067
15910,6348.106208,1,70777336.064,0.0234167230110435
15911,6348.126208,2,70777356.0832,0.034595447374352
15912,6348.146208,1,70777376.1024,0.0233972585899564
15913,6348.166208,2,70777396.0832,0.0348105804495257
15914,6348.186208,1,70777416.064,0.0234413096482062
15915,6348.206208,2,70777436.0576,0.0348331182002582
15916,6348.226208,1,70777456.1152,0.0234146741246133
15917,6348.246208,2,70777476.0704,0.0347583338455549
15918,6348.266208,1,70777496.1536,0.0233829163849448
15919,6348.286208,2,70777516.0704,0.034668182842625
15920,6348.306208,1,70777536.128,0.0234156985678284
15921,6348.326208,2,70777556.0576,0.0346272051140205
15922,6348.346208,1,70777576.1024,0.0234443829778515
15923,6348.366208,2,70777596.1728,0.034658962853689
15924,6348.386208,1,70777616.2176,0.0234382363185609
15925,6348.406208,2,70777636.1216,0.0346763783883459
15926,6348.426208,1,70777656.1536,0.023394185260311
15927,6348.446208,2,70777676.1472,0.0346896961501424
15928,6348.466208,1,70777696.128,0.0233532075317065
15929,6348.486208,2,70777716.1856,0.034731698321962
15930,6348.506208,1,70777736.192,0.0235109717868339
15931,6348.526208,2,70777756.1344,0.0348269715409675
15932,6348.546208,1,70777776.128,0.0233614030774274
15933,6348.566208,2,70777796.1216,0.0348443870756244
15934,6348.586208,1,70777816.1024,0.0234013563628168
15935,6348.606208,2,70777836.096,0.0349335136353392
15936,6348.626208,1,70777856.1792,0.0233593541909972
15937,6348.646208,2,70777876.1088,0.0347911160284385
15938,6348.666208,1,70777896.128,0.0233614030774274
15939,6348.686208,2,70777916.16,0.0348423381891942
15940,6348.706208,1,70777936.128,0.0234259429999795
15941,6348.726208,2,70777956.1088,0.034886389247444
15942,6348.746208,1,70777977.0752,0.0233286208945438
15943,6348.766208,2,70777996.1344,0.0347982871309443
15944,6348.786208,1,70778016.2048,0.0234495051939271
15945,6348.806208,2,70778036.1472,0.0348023849038048
15946,6348.826208,1,70778056.192,0.0234044296924621
15947,6348.846208,2,70778076.2112,0.0350031757739669
15948,6348.866208,1,70778096.128,0.0233634519638576
15949,6348.886208,2,70778116.1344,0.0350574712643678
15950,6348.906208,1,70778136.2048,0.0233245231216834
15951,6348.926208,2,70778156.16,0.0350267379679144
15952,6348.946208,1,70778176.2176,0.0233112053598869
15953,6348.966208,2,70778196.1088,0.0349089269981765
15954,6348.986208,1,70778216.1408,0.0233429630995554
15955,6349.006208,2,70778236.1984,0.0347870182555781
15956,6349.026208,1,70778256.0896,0.0233644764070728
15957,6349.046208,2,70778276.1856,0.0348105804495257
15958,6349.066208,1,70778296.2432,0.0232435921076895
15959,6349.086208,2,70778316.1344,0.034776773823427
15960,6349.106208,1,70778336.1792,0.0233153031327474
15961,6349.126208,2,70778356.1344,0.0348392648595488
15962,6349.146208,1,70778376.1664,0.0232610076423464
15963,6349.166208,2,70778396.1728,0.0347849693691479
15964,6349.186208,1,70778416.1664,0.0233357919970496
15965,6349.206208,2,70778436.16,0.0346866228204971
15966,6349.226208,1,70778456.192,0.0233460364292007
15967,6349.246208,2,70778476.16,0.0346548650808286
15968,6349.266208,1,70778496.1408,0.0232978875980904
15969,6349.286208,2,70778516.1472,0.0347019894687237
15970,6349.306208,1,70778536.1664,0.023321449792038
15971,6349.326208,2,70778556.1344,0.0346978916958633
15972,6349.346208,1,70778576.1792,0.0233194009056078
15973,6349.366208,2,70778596.1856,0.0347573094023398
15974,6349.386208,1,70778616.2048,0.023275349847358
15975,6349.406208,2,70778636.1472,0.0347665293912758
15976,6349.426208,1,70778656.2048,0.0233173520191776
15977,6349.446208,2,70778676.2496,0.0346866228204971
15978,6349.466208,1,70778696.2432,0.0232907164955847
15979,6349.486208,2,70778716.16,0.0347337472083922
15980,6349.506208,1,70778736.192,0.0234464318642818
15981,6349.526208,2,70778756.2368,0.0347562849591247
15982,6349.546208,1,70778776.2816,0.0233491097588461
15983,6349.566208,2,70778796.2112,0.0348822914745836
15984,6349.586208,1,70778816.256,0.0233900874874506
15985,6349.606208,2,70778836.2112,0.0347982871309443
15986,6349.626208,1,70778856.32,0.023403405249247
15987,6349.646208,2,70778876.3392,0.0348290204273977
15988,6349.666208,1,70778896.384,0.0233870141578052
15989,6349.686208,2,70778916.2112,0.0347460405269736
15990,6349.706208,1,70778936.1792,0.0233132542463171
15991,6349.726208,2,70778956.2112,0.0348454115188395
15992,6349.746208,1,70778976.2816,0.0233019853709509
15993,6349.766208,2,70778996.1984,0.0348167271088164
15994,6349.786208,1,70779016.256,0.0232876431659393
15995,6349.806208,2,70779036.3264,0.0349714180342984
15996,6349.826208,1,70779056.256,0.0233163275759625
15997,6349.846208,2,70779076.2752,0.0349847357960948
15998,6349.866208,1,70779096.256,0.0233101809166718
15999,6349.886208,2,70779116.2624,0.0349980535578913
16000,6349.906208,1,70779136.2304,0.0232886676091544
16001,6349.926208,2,70779156.3008,0.0350697645829492
16002,6349.946208,1,70779176.2688,0.0233685741799332
16003,6349.966208,2,70779196.3136,0.0351937222119778
16004,6349.986208,1,70779216.2304,0.0232046632655152
16005,6350.006208,2,70779236.2496,0.0351373778351466
16006,6350.026208,1,70779256.2432,0.0233019853709509
16007,6350.046208,2,70779276.2496,0.0352090888602045
16008,6350.066208,1,70779296.2432,0.0232456409941197
16009,6350.086208,2,70779316.2496,0.0352008933144836
16010,6350.106208,1,70779336.2304,0.0233071075870264
16011,6350.126208,2,70779356.2368,0.035104595652263
16012,6350.146208,1,70779376.2816,0.0233296453377589
16013,6350.166208,2,70779396.2368,0.0351845022230418
16014,6350.186208,1,70779416.2816,0.023312229803102
16015,6350.206208,2,70779436.224,0.0352449443727334
16016,6350.226208,1,70779456.2304,0.0232958387116602
16017,6350.246208,2,70779476.2496,0.035231626610937
16018,6350.266208,1,70779496.2304,0.0233234986784682
16019,6350.286208,2,70779516.2496,0.0350636179236585
16020,6350.306208,1,70779536.2304,0.0232804720634335
16021,6350.326208,2,70779556.288,0.0351926977687627
16022,6350.346208,1,70779576.3712,0.023321449792038
16023,6350.366208,2,70779596.2624,0.0350574712643678
16024,6350.386208,1,70779616.2432,0.0233706230663634
16025,6350.406208,2,70779636.2368,0.0350431290593562
16026,6350.426208,1,70779656.2816,0.0233112053598869
16027,6350.446208,2,70779676.2624,0.035177331120536
16028,6350.466208,1,70779696.2688,0.0233726719527937
16029,6350.486208,2,70779716.4032,0.0353268998299424
16030,6350.506208,1,70779736.32,0.0233532075317065
16031,6350.526208,2,70779756.672,0.0354078308439363
16032,6350.546208,1,70779776.32,0.0233562808613519
16033,6350.566208,2,70779796.3648,0.0353576331263958
16034,6350.586208,1,70779816.3456,0.0233286208945438
16035,6350.606208,2,70779836.3392,0.0352859221013379
16036,6350.626208,1,70779856.3584,0.023348085315631
16037,6350.646208,2,70779876.3264,0.0353207531706517
16038,6350.666208,1,70779896.4096,0.0232896920523695
16039,6350.686208,2,70779916.3392,0.0353197287274366
16040,6350.706208,1,70779936.3584,0.0232989120413055
16041,6350.726208,2,70779956.288,0.0352295777245067
16042,6350.746208,1,70779976.3456,0.0233419386563403
16043,6350.766208,2,70779996.4416,0.035149671153728
16044,6350.786208,1,70780016.3456,0.0233409142131252
16045,6350.806208,2,70780036.352,0.0350943512201119
16046,6350.826208,1,70780056.3584,0.0233614030774274
16047,6350.846208,2,70780076.3392,0.0351445489376524
16048,6350.866208,1,70780096.3328,0.0233224742352531
16049,6350.886208,2,70780116.3904,0.0351168889708443
16050,6350.906208,1,70780136.3328,0.0234085274653226
16051,6350.926208,2,70780156.3264,0.0352060155305591
16052,6350.946208,1,70780176.3712,0.023366525293503
16053,6350.966208,2,70780196.352,0.0353648042289016
16054,6350.986208,1,70780216.3456,0.0233808674985146
16055,6351.006208,2,70780236.352,0.0354078308439363
16056,6351.026208,1,70780256.384,0.0232876431659393
16057,6351.046208,2,70780276.3776,0.0354119286167968
16058,6351.066208,1,70780296.3968,0.0234290163296248
16059,6351.086208,2,70780316.3904,0.0354119286167968
16060,6351.106208,1,70780336.32,0.023403405249247
16061,6351.126208,2,70780356.3904,0.035195771098408
16062,6351.146208,1,70780376.3712,0.0233839408281599
16063,6351.166208,2,70780396.3904,0.0351916733255476
16064,6351.186208,1,70780416.384,0.0233808674985146
16065,6351.206208,2,70780436.3648,0.035104595652263
16066,6351.226208,1,70780456.4608,0.0233859897145901
16067,6351.246208,2,70780476.4544,0.0352797754420472
16068,6351.266208,1,70780496.384,0.023394185260311
16069,6351.286208,2,70780516.3904,0.0352930932038437
16070,6351.306208,1,70780536.3968,0.0233552564181367
16071,6351.326208,2,70780556.4032,0.0352224066220009
16072,6351.346208,1,70780576.3712,0.0233398897699101
16073,6351.366208,2,70780596.48,0.0352818243284775
16074,6351.386208,1,70780616.512,0.0233245231216834
16075,6351.406208,2,70780636.416,0.0352664576802508
16076,6351.426208,1,70780656.4224,0.0233429630995554
16077,6351.446208,2,70780676.416,0.0353207531706517
16078,6351.466208,1,70780696.4224,0.0233019853709509
16079,6351.486208,2,70780716.48,0.035332022046018
16080,6351.506208,1,70780736.4608,0.0232999364845207
16081,6351.526208,2,70780756.4416,0.0353166553977913
16082,6351.546208,1,70780776.4608,0.0233296453377589
16083,6351.566208,2,70780796.4544,0.0351967955416231
16084,6351.586208,1,70780816.4992,0.0233112053598869
16085,6351.606208,2,70780836.4288,0.03521421107628
16086,6351.626208,1,70780856.576,0.0233439875427705
16087,6351.646208,2,70780876.8896,0.0353279242731575
16088,6351.666208,1,70780896.4736,0.0232989120413055
16089,6351.686208,2,70780916.4672,0.0354344663675293
16090,6351.706208,1,70780936.4736,0.0233972585899564
16091,6351.726208,2,70780956.4544,0.0354672485504128
16092,6351.746208,1,70780976.4352,0.0233655008502879
16093,6351.766208,2,70780996.4288,0.0355215440408138
16094,6351.786208,1,70781016.448,0.0234515540803573
16095,6351.806208,2,70781036.4288,0.0355973528387321
16096,6351.826208,1,70781056.448,0.0233911119306657
16097,6351.846208,2,70781076.4416,0.0358698547339521
16098,6351.866208,1,70781096.5504,0.0234116007949679
16099,6351.886208,2,70781116.4928,0.0357161882516852
16100,6351.906208,1,70781136.4608,0.0234146741246133
16101,6351.926208,2,70781156.4672,0.0356608683180691
16102,6351.946208,1,70781177.1008,0.0234044296924621
16103,6351.966208,2,70781196.5184,0.0356157928166042
16104,6351.986208,1,70781216.4992,0.0233736963960088
16105,6352.006208,2,70781236.5056,0.0355676439854939
16106,6352.026208,1,70781256.512,0.023412625238183
16107,6352.046208,2,70781276.544,0.0354908107443604
16108,6352.066208,1,70781296.5376,0.0233532075317065
16109,6352.086208,2,70781316.4928,0.035322802057082
16110,6352.106208,1,70781336.5248,0.0233091564734567
16111,6352.126208,2,70781356.5056,0.0352346999405823
16112,6352.146208,1,70781377.0112,0.0233450119859856
16113,6352.166208,2,70781396.4928,0.0351691355748151
16114,6352.186208,1,70781416.5248,0.0233296453377589
16115,6352.206208,2,70781436.544,0.0349560513860717
16116,6352.226208,1,70781456.5248,0.0232825209498638
16117,6352.246208,2,70781476.544,0.0349058536685312
16118,6352.266208,1,70781496.4992,0.0232569098694859
16119,6352.286208,2,70781516.5312,0.0349150736574672
16120,6352.306208,1,70781536.5248,0.0233368164402647
16121,6352.326208,2,70781556.544,0.035123035630135
16122,6352.346208,1,70781576.5632,0.0233040342573811
16123,6352.366208,2,70781596.5184,0.035086155674391
16124,6352.386208,1,70781616.5376,0.0233327186674043
16125,6352.406208,2,70781636.5312,0.0353023131927797
16126,6352.426208,1,70781656.5248,0.0233685741799332
16127,6352.446208,2,70781676.6208,0.035158891142664
16128,6352.466208,1,70781696.5376,0.023330669780974
16129,6352.486208,2,70781716.544,0.0351066445386932
16130,6352.506208,1,70781736.6272,0.0233019853709509
16131,6352.526208,2,70781756.5312,0.0350359579568504
16132,6352.546208,1,70781776.6144,0.0233224742352531
16133,6352.566208,2,70781796.5568,0.0351353289487164
16134,6352.586208,1,70781816.5376,0.0232548609830557
16135,6352.606208,2,70781836.544,0.0351506955969431
16136,6352.626208,1,70781856.5632,0.0232640809719917
16137,6352.646208,2,70781876.6976,0.0351998688712685
16138,6352.666208,1,70781896.5632,0.023303009814166
16139,6352.686208,2,70781916.6336,0.0352203577355707
16140,6352.706208,1,70781936.576,0.0232138832544512
16141,6352.726208,2,70781956.5696,0.0352848976581228
16142,6352.746208,1,70781976.6272,0.023239494334829
16143,6352.766208,2,70781996.5568,0.0351527444833733
16144,6352.786208,1,70782016.6144,0.0232640809719917
16145,6352.806208,2,70782036.6208,0.0351445489376524
16146,6352.826208,1,70782056.6016,0.023257934312701
16147,6352.846208,2,70782076.672,0.0351435244944373
16148,6352.866208,1,70782096.6144,0.0231616366504805
16149,6352.886208,2,70782116.6208,0.0353084598520704
16150,6352.906208,1,70782136.5888,0.0231923699469338
16151,6352.926208,2,70782156.5824,0.0352756776691868
16152,6352.946208,1,70782176.6656,0.0231780277419223
16153,6352.966208,2,70782196.5952,0.0352090888602045
16154,6352.986208,1,70782216.5888,0.0231995410494396
16155,6353.006208,2,70782236.6848,0.0353125576249308
16156,6353.026208,1,70782256.5888,0.02329378982523
16157,6353.046208,2,70782276.7104,0.0355225684840289
16158,6353.066208,1,70782296.6016,0.0233275964513287
16159,6353.086208,2,70782316.5952,0.0356014506115926
16160,6353.106208,1,70782336.6912,0.0232804720634335
16161,6353.126208,2,70782356.6464,0.0355727662015694
16162,6353.146208,1,70782376.7168,0.023239494334829
16163,6353.166208,2,70782396.6336,0.0355072018358022
16164,6353.186208,1,70782416.6656,0.0232261765730326
16165,6353.206208,2,70782436.736,0.0354129530600119
16166,6353.226208,1,70782456.64,0.0232312987891081
16167,6353.246208,2,70782476.6592,0.0352398221566579
16168,6353.266208,1,70782496.6272,0.0233316942241892
16169,6353.286208,2,70782516.6848,0.0351967955416231
16170,6353.306208,1,70782536.7296,0.0232620320855615
16171,6353.326208,2,70782556.6592,0.0350216157518389
16172,6353.346208,1,70782576.6656,0.0233081320302416
16173,6353.366208,2,70782596.9024,0.0351086934251234
16174,6353.386208,1,70782616.8576,0.0233655008502879
16175,6353.406208,2,70782636.736,0.0350236646382691
16176,6353.426208,1,70782656.7552,0.0232743254041428
16177,6353.446208,2,70782676.7232,0.0350308357407749
16178,6353.466208,1,70782696.8576,0.0232989120413055
16179,6353.486208,2,70782716.6592,0.0350871801176061
16180,6353.506208,1,70782736.704,0.023266129858422
16181,6353.526208,2,70782756.7872,0.0352582621345299
16182,6353.546208,1,70782776.6784,0.0233583297477821
16183,6353.566208,2,70782796.736,0.035186551109472
16184,6353.586208,1,70782816.6784,0.0232497387669801
16185,6353.606208,2,70782836.6848,0.0354406130268199
16186,6353.626208,1,70782856.768,0.0232435921076895
16187,6353.646208,2,70782876.7616,0.0354631507775524
16188,6353.666208,1,70782896.8832,0.023321449792038
16189,6353.686208,2,70782916.7104,0.0356547216587785
16190,6353.706208,1,70782936.6784,0.0232999364845207
16191,6353.726208,2,70782956.9792,0.0355655950990637
16192,6353.746208,1,70782976.8576,0.0233419386563403
16193,6353.766208,2,70782996.8,0.0354078308439363
16194,6353.786208,1,70783016.7296,0.0232927653820149
16195,6353.806208,2,70783036.6976,0.0354477841293257
16196,6353.826208,1,70783056.704,0.0233470608724158
16197,6353.846208,2,70783076.6976,0.035550228450837
16198,6353.866208,1,70783096.7296,0.0233798430552994
16199,6353.886208,2,70783116.7872,0.0355020796197267
16200,6353.906208,1,70783136.7168,0.023366525293503
16201,6353.926208,2,70783156.7104,0.0355328129161801
16202,6353.946208,1,70783176.6912,0.0233880386010203
16203,6353.966208,2,70783196.672,0.0355860839633659
16204,6353.986208,1,70783216.704,0.0233163275759625
16205,6354.006208,2,70783236.7232,0.0354395885836048
16206,6354.026208,1,70783256.7424,0.023284569836294
16207,6354.046208,2,70783276.7488,0.0353309976028029
16208,6354.066208,1,70783296.7808,0.0233644764070728
16209,6354.086208,2,70783316.7616,0.035395537525355
16210,6354.106208,1,70783336.768,0.0232794476202184
16211,6354.126208,2,70783356.7744,0.0353873419796341
16212,6354.146208,1,70783376.7552,0.0232763742905731
16213,6354.166208,2,70783396.8384,0.035495932960436
16214,6354.186208,1,70783416.7424,0.0233142786895322
16215,6354.206208,2,70783436.7872,0.0354293441514537
16216,6354.226208,1,70783456.8192,0.0233368164402647
16217,6354.246208,2,70783476.8256,0.035423197492163
16218,6354.266208,1,70783496.8192,0.0232773987337882
16219,6354.286208,2,70783516.7488,0.0355020796197267
16220,6354.306208,1,70783536.7552,0.0232558854262708
16221,6354.326208,2,70783556.7872,0.0356178417030344
16222,6354.346208,1,70783576.7936,0.0232866187227242
16223,6354.366208,2,70783596.7616,0.0357079927059643
16224,6354.386208,1,70783616.768,0.0232702276312824
16225,6354.406208,2,70783636.8384,0.0358001925953244
16226,6354.426208,1,70783656.7808,0.0232825209498638
16227,6354.446208,2,70783676.8384,0.0357489704345688
16228,6354.466208,1,70783696.7808,0.0233255475648985
16229,6354.486208,2,70783716.8,0.0358063392546151
16230,6354.506208,1,70783736.7936,0.0233839408281599
16231,6354.526208,2,70783756.7744,0.0357315548999119
16232,6354.546208,1,70783776.8448,0.0233173520191776
16233,6354.566208,2,70783796.7872,0.0356362816809064
16234,6354.586208,1,70783816.7808,0.0233071075870264
16235,6354.606208,2,70783836.8256,0.0356096461573135
16236,6354.626208,1,70783856.7936,0.0233265720081136
16237,6354.646208,2,70783876.8384,0.0356106706005286
16238,6354.666208,1,70783896.8704,0.0232794476202184
16239,6354.686208,2,70783916.7872,0.0357397504456328
16240,6354.706208,1,70783936.7808,0.023175978855492
16241,6354.726208,2,70783956.8,0.0356772594095109
16242,6354.746208,1,70783976.832,0.023175978855492
16243,6354.766208,2,70783996.7872,0.0358083881410453
16244,6354.786208,1,70784016.8064,0.0232917409387998
16245,6354.806208,2,70784036.8128,0.0360634745016084
16246,6354.826208,1,70784056.7936,0.0233890630442355
16247,6354.846208,2,70784076.8384,0.0362468498371135
16248,6354.866208,1,70784096.832,0.023366525293503
16249,6354.886208,2,70784116.8256,0.0360368389780154
16250,6354.906208,1,70784136.8192,0.0233460364292007
16251,6354.926208,2,70784156.8128,0.0359712746122482
16252,6354.946208,1,70784176.8576,0.0233685741799332
16253,6354.966208,2,70784196.8256,0.0358524391992952
16254,6354.986208,1,70784216.832,0.023375745282439
16255,6355.006208,2,70784236.8256,0.0357571659802897
16256,6355.026208,1,70784256.8576,0.023394185260311
16257,6355.046208,2,70784276.8384,0.0355000307332964
16258,6355.066208,1,70784296.8832,0.0233962341467412
16259,6355.086208,2,70784316.8384,0.0355901817362264
16260,6355.106208,1,70784336.8576,0.0233019853709509
16261,6355.126208,2,70784356.9152,0.0354150019464421
16262,6355.146208,1,70784376.832,0.0233409142131252
16263,6355.166208,2,70784396.8384,0.0353791464339132
16264,6355.186208,1,70784416.8448,0.0232651054152068
16265,6355.206208,2,70784436.864,0.0353473886942447
16266,6355.226208,1,70784456.96,0.0232876431659393
16267,6355.246208,2,70784477.1328,0.0355912061794415
16268,6355.266208,1,70784496.9216,0.0232538365398406
16269,6355.286208,2,70784516.8768,0.0355358862458254
16270,6355.306208,1,70784536.9472,0.0232866187227242
16271,6355.326208,2,70784556.864,0.0355451062347614
16272,6355.346208,1,70784576.9984,0.0233552564181367
16273,6355.366208,2,70784596.8896,0.035441637470035
16274,6355.386208,1,70784616.9344,0.0232989120413055
16275,6355.406208,2,70784636.9024,0.0355389595754707
16276,6355.426208,1,70784656.8832,0.0232681787448522
16277,6355.446208,2,70784676.9408,0.0357172126949003
16278,6355.466208,1,70784696.896,0.0232610076423464
16279,6355.486208,2,70784716.8896,0.0355748150879997
16280,6355.506208,1,70784736.9344,0.0233419386563403
