FrameCounter,SystemTimestamp,LedState,ComputerTimestamp,G0
0,15046.29056,7,72876182.5664,0.00392156862745098
1,15046.310528,2,72876202.5984,0.0241225643862561
2,15046.330528,1,72876222.4128,0.0201467002684041
3,15046.350528,2,72876242.4576,0.0240918310898027
4,15046.370528,1,72876262.5152,0.018125473804987
5,15046.390528,2,72876282.4448,0.0240283156104657
6,15046.410528,1,72876302.528,0.0201405536091134
7,15046.430528,2,72876322.4704,0.024085684430512
8,15046.450528,1,72876342.4896,0.0201415780523286
9,15046.470528,2,72876362.4576,0.0240426578154773
10,15046.490528,1,72876382.464,0.020164115803061
11,15046.510528,2,72876402.496,0.0240211445079599
12,15046.530528,1,72876422.4768,0.0201856291105784
13,15046.550528,2,72876442.4704,0.024003728973303
14,15046.570528,1,72876462.4896,0.0201333825066077
15,15046.590528,2,72876482.4704,0.0239299690618149
16,15046.610528,1,72876502.5024,0.0201446513819739
17,15046.630528,2,72876522.496,0.0239361157211056
18,15046.650528,1,72876542.528,0.0201282602905321
19,15046.670528,2,72876562.5344,0.0239053824246522
20,15046.690528,1,72876582.5536,0.0201303091769623
21,15046.710528,2,72876602.4448,0.0238838691171348
22,15046.730528,1,72876622.5024,0.0201354313930379
23,15046.750528,2,72876642.5088,0.0238418669453152
24,15046.770528,1,72876662.5152,0.0201282602905321
25,15046.790528,2,72876682.5216,0.0238889913332104
26,15046.810528,1,72876702.528,0.0201487491548343
27,15046.830528,2,72876722.5088,0.0237834736820538
28,15046.850528,1,72876742.8736,0.0200770381297765
29,15046.870528,2,72876762.5216,0.0238172803081525
30,15046.890528,1,72876782.6176,0.0201118691990903
31,15046.910528,2,72876802.5472,0.0237773270227631
32,15046.930528,1,72876822.5408,0.0200575737086893
33,15046.950528,2,72876842.624,0.0238592824799721
34,15046.970528,1,72876862.528,0.0200206937529453
35,15046.990528,2,72876882.5472,0.0237926936709898
36,15047.010528,1,72876902.5408,0.0200667936976253
37,15047.030528,2,72876922.6368,0.0237896203413445
38,15047.050528,1,72876942.5408,0.0200278648554511
39,15047.070528,2,72876962.6368,0.0238275247403036
40,15047.090528,1,72876982.656,0.0199510316143176
41,15047.110528,2,72877002.5728,0.0237465937263097
42,15047.130528,1,72877022.5536,0.020036060401172
43,15047.150528,2,72877042.6752,0.0237517159423853
44,15047.170528,1,72877062.6048,0.0199848382404163
45,15047.190528,2,72877082.5856,0.0237404470670191
46,15047.210528,1,72877102.5664,0.0199131272153584
47,15047.230528,2,72877122.56,0.0237343004077284
48,15047.250528,1,72877142.5664,0.0200473292765382
49,15047.270528,2,72877162.5344,0.023685127133403
50,15047.290528,1,72877182.5536,0.020009424877579
51,15047.310528,2,72877202.56,0.023785522568484
52,15047.330528,1,72877222.528,0.0200247915258057
53,15047.350528,2,72877242.5728,0.0237834736820538
54,15047.370528,1,72877262.6432,0.0200585981519044
55,15047.390528,2,72877282.5728,0.0238367447292397
56,15047.410528,1,72877302.5536,0.0199981560022128
57,15047.430528,2,72877322.5728,0.0238357202860245
58,15047.450528,1,72877342.5664,0.0200422070604626
59,15047.470528,2,72877362.5472,0.0237742536931178
60,15047.490528,1,72877382.5792,0.019981764910771
61,15047.510528,2,72877402.5728,0.0238592824799721
62,15047.530528,1,72877422.592,0.0199776671379105
63,15047.550528,2,72877442.6496,0.0238510869342512
64,15047.570528,1,72877462.592,0.02006372036798
65,15047.590528,2,72877482.5728,0.0238879668899953
66,15047.610528,1,72877502.6304,0.0199889360132768
67,15047.630528,2,72877522.5984,0.0238142069785072
68,15047.650528,1,72877542.5792,0.0200575737086893
69,15047.670528,2,72877562.5984,0.0238551847071117
70,15047.690528,1,72877582.5792,0.0200309381850964
71,15047.710528,2,72877602.5728,0.0238613313664024
72,15047.730528,1,72877622.6048,0.0200237670825906
73,15047.750528,2,72877642.5984,0.0238807957874895
74,15047.770528,1,72877662.5792,0.0200432315036778
75,15047.790528,2,72877682.5984,0.0238008892167107
76,15047.810528,1,72877702.592,0.019990984899707
77,15047.830528,2,72877722.6368,0.0238316225131641
78,15047.850528,1,72877742.6816,0.0199786915811257
79,15047.870528,2,72877762.5856,0.0239187001864487
80,15047.890528,1,72877782.6176,0.0200391337308173
81,15047.910528,2,72877802.5984,0.0240344622697564
82,15047.930528,1,72877822.592,0.0200247915258057
83,15047.950528,2,72877842.688,0.0240836355440818
84,15047.970528,1,72877862.6432,0.0200626959247649
85,15047.990528,2,72877882.6496,0.0241153932837503
86,15048.010528,1,72877902.6304,0.020026840412236
87,15048.030528,2,72877922.6112,0.0241184666133956
88,15048.050528,1,72877942.6688,0.0200073759911488
89,15048.070528,2,72877962.6368,0.0241563710123548
90,15048.090528,1,72877982.7072,0.020018644866515
91,15048.110528,2,72878002.6368,0.0242014465138197
92,15048.130528,1,72878022.6304,0.0200319626283115
93,15048.150528,2,72878042.7904,0.0240805622144365
94,15048.170528,1,72878062.6432,0.0200401581740324
95,15048.190528,2,72878082.6368,0.0240908066465876
96,15048.210528,1,72878102.6432,0.0200196693097302
97,15048.230528,2,72878122.6496,0.0240211445079599
98,15048.250528,1,72878142.6688,0.0199899604564919
99,15048.270528,2,72878162.624,0.0240068023029483
100,15048.290528,1,72878182.6944,0.0199930337861372
101,15048.310528,2,72878202.6496,0.0241317843751921
102,15048.330528,1,72878222.72,0.0200350359579568
103,15048.350528,2,72878242.7136,0.024176859876657
104,15048.370528,1,72878262.6688,0.0199981560022128
105,15048.390528,2,72878282.7264,0.0242629131067265
106,15048.410528,1,72878302.6688,0.0200391337308173
107,15048.430528,2,72878322.6752,0.0242014465138197
108,15048.450528,1,72878342.7456,0.0199930337861372
109,15048.470528,2,72878362.7008,0.0241635421148606
110,15048.490528,1,72878382.6816,0.0200391337308173
111,15048.510528,2,72878402.7008,0.024139979920913
112,15048.530528,1,72878422.6688,0.0201139180855205
113,15048.550528,2,72878442.752,0.0240826111008667
114,15048.570528,1,72878462.6944,0.0200575737086893
115,15048.590528,2,72878482.6752,0.0241471510234188
116,15048.610528,1,72878502.7328,0.020082160345852
117,15048.630528,2,72878522.7008,0.0241071977380294
118,15048.650528,1,72878542.7328,0.0200534759358289
119,15048.670528,2,72878562.7136,0.0241205154998258
120,15048.690528,1,72878582.7072,0.020118015858381
121,15048.710528,2,72878602.7136,0.024048804474768
122,15048.730528,1,72878622.72,0.0201036736533694
123,15048.750528,2,72878642.7264,0.024167639887721
124,15048.770528,1,72878662.7072,0.0200749892433462
125,15048.790528,2,72878682.7136,0.0240990021923085
126,15048.810528,1,72878702.848,0.0200616714815498
127,15048.830528,2,72878722.7008,0.024221935378122
128,15048.850528,1,72878742.72,0.0200647448111951
129,15048.870528,2,72878762.7648,0.0242280820374127
130,15048.890528,1,72878782.784,0.0200965025508636
131,15048.910528,2,72878802.7264,0.0243233552564181
132,15048.930528,1,72878822.784,0.0201149425287356
133,15048.950528,2,72878842.752,0.0242321798102731
134,15048.970528,1,72878862.784,0.0200842092322823
135,15048.990528,2,72878882.8032,0.024231155367058
136,15049.010528,1,72878902.7584,0.02006372036798
137,15049.030528,2,72878922.7904,0.0242301309238429
138,15049.050528,1,72878942.784,0.0200678181408405
139,15049.070528,2,72878962.7904,0.0242373020263487
140,15049.090528,1,72878982.7712,0.0201282602905321
141,15049.110528,2,72879002.8032,0.0241758354334419
142,15049.130528,1,72879022.7712,0.0201098203126601
143,15049.150528,2,72879042.7648,0.0241912020816686
144,15049.170528,1,72879062.7584,0.0201139180855205
145,15049.190528,2,72879082.816,0.0242250087077673
146,15049.210528,1,72879102.7456,0.0200022537750732
147,15049.230528,2,72879122.7648,0.0241952998545291
148,15049.250528,1,72879142.8608,0.0200831847890671
149,15049.270528,2,72879162.752,0.0241030999651689
150,15049.290528,1,72879182.7712,0.0200483537197533
151,15049.310528,2,72879202.8672,0.024104124408384
152,15049.330528,1,72879222.7712,0.0200575737086893
153,15049.350528,2,72879242.8672,0.0241102710676747
154,15049.370528,1,72879262.784,0.0200124982072244
155,15049.390528,2,72879282.8288,0.0241092466244596
156,15049.410528,1,72879302.784,0.0199715204786199
157,15049.430528,2,72879322.7776,0.0240385600426168
158,15049.450528,1,72879342.8736,0.0199745938082652
159,15049.470528,2,72879362.7776,0.0240549511340586
160,15049.490528,1,72879382.848,0.0200012293318581
161,15049.510528,2,72879402.8032,0.0239801667793554
162,15049.530528,1,72879422.784,0.0199991804454279
163,15049.550528,2,72879442.7904,0.0239361157211056
164,15049.570528,1,72879462.8096,0.0200288892986662
165,15049.590528,2,72879482.816,0.0239545556989776
166,15049.610528,1,72879502.8224,0.020036060401172
167,15049.630528,2,72879522.816,0.023876698014629
168,15049.650528,1,72879542.8352,0.0200012293318581
169,15049.670528,2,72879562.816,0.0238746491281988
170,15049.690528,1,72879582.8736,0.0199377138525212
171,15049.710528,2,72879602.9312,0.0238572335935419
172,15049.730528,1,72879622.8736,0.0199776671379105
173,15049.750528,2,72879642.7904,0.0238387936156699
174,15049.770528,1,72879662.8352,0.0199141516585736
175,15049.790528,2,72879682.8416,0.0238633802528326
176,15049.810528,1,72879702.8224,0.0199418116253816
177,15049.830528,2,72879722.8928,0.0238254758538734
178,15049.850528,1,72879742.8352,0.0199889360132768
179,15049.870528,2,72879762.8544,0.0238193291945827
180,15049.890528,1,72879782.912,0.0200124982072244
181,15049.910528,2,72879802.8544,0.0238961624357162
182,15049.930528,1,72879822.8864,0.0199704960354048
183,15049.950528,2,72879843.008,0.0239166513000184
184,15049.970528,1,72879862.848,0.019981764910771
185,15049.990528,2,72879882.8544,0.0239207490728789
186,15050.010528,1,72879902.8608,0.019963324932899
187,15050.030528,2,72879922.88,0.0241112955108898
188,15050.050528,1,72879942.8992,0.0199623004896839
189,15050.070528,2,72879962.8672,0.0241164177269654
190,15050.090528,1,72879982.848,0.0199510316143176
191,15050.110528,2,72880002.8672,0.024085684430512
192,15050.130528,1,72880022.8864,0.0199121027721433
193,15050.150528,2,72880042.8416,0.0240754399983609
194,15050.170528,1,72880062.8992,0.0198854672485504
195,15050.190528,2,72880082.8672,0.0239770934497101
196,15050.210528,1,72880102.8736,0.01988136947569
197,15050.230528,2,72880122.9056,0.0240406089290471
198,15050.250528,1,72880142.9248,0.0199110783289282
199,15050.270528,2,72880162.8544,0.0241133443973201
200,15050.290528,1,72880182.8992,0.0199039072264224
201,15050.310528,2,72880202.944,0.0242178376052615
202,15050.330528,1,72880222.912,0.0200114737640093
203,15050.350528,2,72880243.0336,0.024313110824267
204,15050.370528,1,72880262.8992,0.0199407871821665
205,15050.390528,2,72880282.944,0.0242772553117381
206,15050.410528,1,72880302.9376,0.0199858626836314
207,15050.430528,2,72880322.9184,0.0242434486856394
208,15050.450528,1,72880342.976,0.0199438605118118
209,15050.470528,2,72880362.9056,0.0242536931177905
210,15050.490528,1,72880382.8992,0.0199704960354048
211,15050.510528,2,72880402.9184,0.0241952998545291
212,15050.530528,1,72880422.9248,0.0199868871268466
213,15050.550528,2,72880442.9568,0.0241993976273895
214,15050.570528,1,72880462.9248,0.0200043026615035
215,15050.590528,2,72880482.9696,0.0241451021369885
216,15050.610528,1,72880502.9248,0.0199489827278874
217,15050.630528,2,72880522.9696,0.0241358821480525
218,15050.650528,1,72880542.912,0.0199674227057594
219,15050.670528,2,72880562.944,0.0242014465138197
220,15050.690528,1,72880582.9248,0.0199428360685967
221,15050.710528,2,72880602.9696,0.02420349540025
222,15050.730528,1,72880622.9376,0.0200043026615035
223,15050.750528,2,72880642.9824,0.0241871043088082
224,15050.770528,1,72880662.9248,0.0198967361239166
225,15050.790528,2,72880682.944,0.0241379310344828
226,15050.810528,1,72880702.9888,0.020018644866515
227,15050.830528,2,72880722.9696,0.024130759931977
228,15050.850528,1,72880742.976,0.0199520560575327
229,15050.870528,2,72880762.9568,0.0240826111008667
230,15050.890528,1,72880782.976,0.0199469338414572
231,15050.910528,2,72880803.0336,0.0241051488515992
232,15050.930528,1,72880822.9504,0.0200063515479337
233,15050.950528,2,72880843.072,0.0240119245190239
234,15050.970528,1,72880862.9888,0.0199674227057594
235,15050.990528,2,72880882.944,0.0239084557542975
236,15051.010528,1,72880903.0016,0.0200422070604626
237,15051.030528,2,72880922.9824,0.0238603069231872
238,15051.050528,1,72880942.976,0.0199776671379105
239,15051.070528,2,72880963.008,0.0238746491281988
240,15051.090528,1,72880983.0144,0.0199582027168234
241,15051.110528,2,72881002.9952,0.0238039625463561
242,15051.130528,1,72881022.9888,0.0199336160796607
243,15051.150528,2,72881043.072,0.0237793759091934
244,15051.170528,1,72881063.104,0.0199121027721433
245,15051.190528,2,72881083.0208,0.0236041961194091
246,15051.210528,1,72881102.976,0.0198301473149343
247,15051.230528,2,72881123.008,0.0236072694490544
248,15051.250528,1,72881143.0528,0.019836293974225
249,15051.270528,2,72881163.008,0.0236482471776589
250,15051.290528,1,72881183.04,0.0198229762124285
251,15051.310528,2,72881203.008,0.0236554182801647
252,15051.330528,1,72881223.1296,0.0198516606224517
253,15051.350528,2,72881243.0976,0.0235683406068802
254,15051.370528,1,72881263.0016,0.0199100538857131
255,15051.390528,2,72881283.0336,0.0236584916098101
256,15051.410528,1,72881303.0144,0.0198393673038703
257,15051.430528,2,72881323.008,0.0236461982912287
258,15051.450528,1,72881343.1296,0.01988136947569
259,15051.470528,2,72881363.0336,0.0236072694490544
260,15051.490528,1,72881383.0016,0.0198967361239166
261,15051.510528,2,72881403.0336,0.0235826828118917
262,15051.530528,1,72881423.0272,0.0198834183621202
263,15051.550528,2,72881443.0848,0.02361239166513
264,15051.570528,1,72881463.0528,0.019808634007417
265,15051.590528,2,72881483.0336,0.0236359538590776
266,15051.610528,1,72881503.1424,0.0198321962013646
267,15051.630528,2,72881523.072,0.0235570717315139
268,15051.650528,1,72881543.104,0.0198660028274633
269,15051.670528,2,72881563.072,0.0236318560862171
270,15051.690528,1,72881583.0784,0.0198711250435388
271,15051.710528,2,72881603.0336,0.0235509250722232
272,15051.730528,1,72881623.1424,0.0198731739299691
273,15051.750528,2,72881643.0592,0.0235048251275432
274,15051.770528,1,72881663.104,0.0198526850656668
275,15051.790528,2,72881683.0464,0.0235386317536419
276,15051.810528,1,72881703.0144,0.0198649783842482
277,15051.830528,2,72881723.0976,0.0235078984571885
278,15051.850528,1,72881743.0784,0.0198250250988588
279,15051.870528,2,72881763.1232,0.0235980494601184
280,15051.890528,1,72881783.0912,0.0197953162456205
281,15051.910528,2,72881803.0848,0.0235652672772348
282,15051.930528,1,72881823.1296,0.0197830229270392
283,15051.950528,2,72881843.5584,0.0235294117647059
284,15051.970528,1,72881863.1296,0.0197983895752658
285,15051.990528,2,72881883.0848,0.023539656196857
286,15052.010528,1,72881903.104,0.0198660028274633
287,15052.030528,2,72881923.1616,0.023558096174729
288,15052.050528,1,72881943.0912,0.0198014629049112
289,15052.070528,2,72881963.136,0.0236052205626242
290,15052.090528,1,72881983.0656,0.0199213227610794
291,15052.110528,2,72882003.0976,0.0235550228450837
292,15052.130528,1,72882023.1424,0.019836293974225
293,15052.150528,2,72882043.0976,0.0235222406622001
294,15052.170528,1,72882063.1552,0.0198434650767308
295,15052.190528,2,72882083.2128,0.0235755117093859
296,15052.210528,1,72882103.104,0.019817853996353
297,15052.230528,2,72882123.1616,0.0235294117647059
298,15052.250528,1,72882143.1296,0.0198321962013646
299,15052.270528,2,72882163.4432,0.0236564427233798
300,15052.290528,1,72882183.1552,0.0198055606777716
301,15052.310528,2,72882203.136,0.0237424959534493
302,15052.330528,1,72882223.2576,0.0199069805560678
303,15052.350528,2,72882243.1488,0.0237844981252689
304,15052.370528,1,72882263.3728,0.0198465384063761
305,15052.390528,2,72882283.2,0.0237814247956236
306,15052.410528,1,72882303.1424,0.0197881451431147
307,15052.430528,2,72882323.136,0.023849038047821
308,15052.450528,1,72882343.1296,0.0198823939189051
309,15052.470528,2,72882363.1744,0.0238838691171348
310,15052.490528,1,72882383.1296,0.0199315671932305
311,15052.510528,2,72882403.1616,0.0238019136599258
312,15052.530528,1,72882423.1936,0.0198741983731842
313,15052.550528,2,72882443.1744,0.023921773516094
314,15052.570528,1,72882463.168,0.0199500071711025
315,15052.590528,2,72882483.2128,0.0238623558096175
316,15052.610528,1,72882503.168,0.0198711250435388
317,15052.630528,2,72882523.1616,0.023776302579548
318,15052.650528,1,72882543.2192,0.0199192738746491
319,15052.670528,2,72882563.1744,0.0237588870448911
320,15052.690528,1,72882583.1936,0.0199151761017887
321,15052.710528,2,72882603.136,0.0236533693937345
322,15052.730528,1,72882623.1936,0.0199438605118118
323,15052.750528,2,72882643.1872,0.0237752781363329
324,15052.770528,1,72882663.1552,0.0199756182514803
325,15052.790528,2,72882683.2128,0.0237885958981294
326,15052.810528,1,72882703.1808,0.0199100538857131
327,15052.830528,2,72882723.2256,0.0238480136046059
328,15052.850528,1,72882743.3344,0.0200196693097302
329,15052.870528,2,72882763.1872,0.0237906447845596
330,15052.890528,1,72882783.3088,0.0199756182514803
331,15052.910528,2,72882803.2128,0.0237752781363329
332,15052.930528,1,72882823.2064,0.0199530805007478
333,15052.950528,2,72882843.2768,0.0238387936156699
334,15052.970528,1,72882863.232,0.0200299137418813
335,15052.990528,2,72882883.2128,0.0238439158317454
336,15053.010528,1,72882903.2704,0.0200165959800848
337,15053.030528,2,72882923.2128,0.0238920646628557
338,15053.050528,1,72882943.2832,0.0200124982072244
339,15053.070528,2,72882963.2896,0.0240027045300879
340,15053.090528,1,72882983.2576,0.0200708914704858
341,15053.110528,2,72883003.3152,0.0239289446185998
342,15053.130528,1,72883023.232,0.0199305427500154
343,15053.150528,2,72883043.3024,0.0239412379371811
344,15053.170528,1,72883063.2448,0.0198895650214109
345,15053.190528,2,72883083.1872,0.0239084557542975
346,15053.210528,1,72883103.2832,0.019972544921835
347,15053.230528,2,72883123.2768,0.0238295736267339
348,15053.250528,1,72883143.2576,0.0199018583399922
349,15053.270528,2,72883163.2384,0.0238551847071117
350,15053.290528,1,72883183.2448,0.0198864916917655
351,15053.310528,2,72883203.3536,0.0238623558096175
352,15053.330528,1,72883223.232,0.0199069805560678
353,15053.350528,2,72883243.3152,0.02379474255742
354,15053.370528,1,72883263.2448,0.019781998483824
355,15053.390528,2,72883283.2768,0.0238930891060709
356,15053.410528,1,72883303.2576,0.0198188784395681
357,15053.430528,2,72883323.2512,0.023849038047821
358,15053.450528,1,72883343.3344,0.0198957116807015
359,15053.470528,2,72883363.264,0.0238131825352921
360,15053.490528,1,72883383.2704,0.0197840473702543
361,15053.510528,2,72883403.2896,0.0238879668899953
362,15053.530528,1,72883423.3216,0.0198660028274633
363,15053.550528,2,72883443.3024,0.0239627512446985
364,15053.570528,1,72883463.2576,0.019954104943963
365,15053.590528,2,72883483.3024,0.0239187001864487
366,15053.610528,1,72883503.296,0.0199110783289282
367,15053.630528,2,72883523.2896,0.0237916692277747
368,15053.650528,1,72883543.296,0.0199735693650501
369,15053.670528,2,72883563.2896,0.0238623558096175
370,15053.690528,1,72883583.296,0.0200104493207941
371,15053.710528,2,72883603.2768,0.0237691314770422
372,15053.730528,1,72883623.3856,0.0200514270493987
373,15053.750528,2,72883643.3664,0.0237978158870654
374,15053.770528,1,72883663.2832,0.0200350359579568
375,15053.790528,2,72883683.3024,0.0238080603192165
376,15053.810528,1,72883703.3088,0.0200084004343639
377,15053.830528,2,72883723.2896,0.0238551847071117
378,15053.850528,1,72883743.4368,0.0200432315036778
379,15053.870528,2,72883763.3152,0.0238049869895712
380,15053.890528,1,72883783.36,0.0199704960354048
381,15053.910528,2,72883803.328,0.0238244514106583
382,15053.930528,1,72883823.424,0.0200340115147417
383,15053.950528,2,72883843.3408,0.0238510869342512
384,15053.970528,1,72883863.3344,0.0200903558915729
385,15053.990528,2,72883883.3664,0.0238531358206815
386,15054.010528,1,72883903.3344,0.0200585981519044
387,15054.030528,2,72883923.3152,0.0237015182248448
388,15054.050528,1,72883943.3856,0.0200053271047186
389,15054.070528,2,72883963.3408,0.0237271293052226
390,15054.090528,1,72883983.3344,0.0199459093982421
391,15054.110528,2,72884003.392,0.023739422623804
392,15054.130528,1,72884023.3344,0.0199131272153584
393,15054.150528,2,72884043.328,0.0237496670559551
394,15054.170528,1,72884063.3728,0.0200043026615035
395,15054.190528,2,72884083.3664,0.0236984448951995
396,15054.210528,1,72884103.3856,0.0199254205339398
397,15054.230528,2,72884123.3536,0.0237066404409204
398,15054.250528,1,72884143.36,0.0199151761017887
399,15054.270528,2,72884163.3664,0.023776302579548
400,15054.290528,1,72884183.3984,0.020054500379044
401,15054.310528,2,72884203.3536,0.0237230315323622
402,15054.330528,1,72884223.3728,0.0199233716475096
403,15054.350528,2,72884243.3664,0.0237506914991702
404,15054.370528,1,72884263.4496,0.0199930337861372
405,15054.390528,2,72884283.3792,0.0236472227344438
406,15054.410528,1,72884303.3728,0.0199623004896839
407,15054.430528,2,72884323.392,0.023739422623804
408,15054.450528,1,72884343.4496,0.0199448849550269
409,15054.470528,2,72884363.4432,0.0238008892167107
410,15054.490528,1,72884383.3728,0.020000204888643
411,15054.510528,2,72884403.392,0.02379474255742
412,15054.530528,1,72884423.4368,0.0199981560022128
413,15054.550528,2,72884443.392,0.0237640092609667
414,15054.570528,1,72884463.4752,0.0199838137972012
415,15054.590528,2,72884483.4048,0.023812158092077
416,15054.610528,1,72884503.5392,0.0199827893539861
417,15054.630528,2,72884523.4048,0.0238469891613908
418,15054.650528,1,72884543.4496,0.0199510316143176
419,15054.670528,2,72884563.4048,0.023821378081013
420,15054.690528,1,72884583.4112,0.0199213227610794
421,15054.710528,2,72884603.4176,0.0238029381031409
422,15054.730528,1,72884623.4496,0.0199325916364456
423,15054.750528,2,72884643.456,0.023858258036757
424,15054.770528,1,72884663.3984,0.0199715204786199
425,15054.790528,2,72884683.4176,0.023776302579548
426,15054.810528,1,72884703.4112,0.0198670272706784
427,15054.830528,2,72884723.4048,0.0237209826459319
428,15054.850528,1,72884743.5776,0.01992746942037
429,15054.870528,2,72884763.4688,0.0236728338148216
430,15054.890528,1,72884783.4496,0.0198844428053353
431,15054.910528,2,72884803.4048,0.0236810293605425
432,15054.930528,1,72884823.424,0.0199100538857131
433,15054.950528,2,72884843.4688,0.023675907144467
434,15054.970528,1,72884863.4624,0.01988136947569
435,15054.990528,2,72884883.4304,0.0237281537484377
436,15055.010528,1,72884903.488,0.0199418116253816
437,15055.030528,2,72884923.4688,0.0237281537484377
438,15055.050528,1,72884943.488,0.0198537095088819
439,15055.070528,2,72884963.4944,0.0236410760751532
440,15055.090528,1,72884983.4624,0.0199213227610794
441,15055.110528,2,72885003.4432,0.0236605404962403
442,15055.130528,1,72885023.4624,0.0198987850103469
443,15055.150528,2,72885043.4816,0.0237107382137808
444,15055.170528,1,72885063.4752,0.0198629294978179
445,15055.190528,2,72885083.52,0.0236789804741123
446,15055.210528,1,72885103.4752,0.0199202983178642
447,15055.230528,2,72885123.52,0.0236339049726474
448,15055.250528,1,72885143.4752,0.0199254205339398
449,15055.270528,2,72885163.5072,0.0236154649947753
450,15055.290528,1,72885183.4496,0.0199223472042945
451,15055.310528,2,72885203.4816,0.0236257094269265
452,15055.330528,1,72885223.5264,0.0198885405781957
453,15055.350528,2,72885243.5072,0.0236410760751532
454,15055.370528,1,72885263.488,0.0198977605671318
455,15055.390528,2,72885283.4944,0.0237629848177516
456,15055.410528,1,72885303.488,0.0199377138525212
457,15055.430528,2,72885323.456,0.0237814247956236
458,15055.450528,1,72885343.5264,0.0199940582293523
459,15055.470528,2,72885363.4944,0.02379474255742
460,15055.490528,1,72885383.5008,0.0199684471489745
461,15055.510528,2,72885403.5072,0.0238039625463561
462,15055.530528,1,72885423.552,0.0199602516032536
463,15055.550528,2,72885443.4944,0.0238080603192165
464,15055.570528,1,72885463.5264,0.0199469338414572
465,15055.590528,2,72885483.52,0.0237322515212982
466,15055.610528,1,72885503.488,0.0200309381850964
467,15055.630528,2,72885523.52,0.023776302579548
468,15055.650528,1,72885543.5136,0.0200135226504395
469,15055.670528,2,72885563.5456,0.0238183047513676
470,15055.690528,1,72885583.552,0.0200442559468929
471,15055.710528,2,72885603.5456,0.0238090847624316
472,15055.730528,1,72885623.5264,0.0200340115147417
473,15055.750528,2,72885643.5968,0.023703567111275
474,15055.770528,1,72885663.552,0.0200206937529453
475,15055.790528,2,72885683.5328,0.0237588870448911
476,15055.810528,1,72885703.552,0.0200473292765382
477,15055.830528,2,72885723.5968,0.0239156268568033
478,15055.850528,1,72885743.5648,0.02006372036798
479,15055.870528,2,72885763.584,0.0238244514106583
480,15055.890528,1,72885783.5648,0.0200862581187125
481,15055.910528,2,72885803.5584,0.0238848935603499
482,15055.930528,1,72885823.5776,0.0199336160796607
483,15055.950528,2,72885843.5712,0.0237138115434261
484,15055.970528,1,72885863.6288,0.0200524514926138
485,15055.990528,2,72885883.5456,0.0237701559202573
486,15056.010528,1,72885903.6288,0.0200534759358289
487,15056.030528,2,72885923.5456,0.0237250804187924
488,15056.050528,1,72885943.616,0.0200924047780032
489,15056.070528,2,72885963.5712,0.0237281537484377
490,15056.090528,1,72885983.5648,0.0199551293871781
491,15056.110528,2,72886003.6096,0.0237168848730715
492,15056.130528,1,72886023.5904,0.0200463048333231
493,15056.150528,2,72886043.584,0.0236339049726474
494,15056.170528,1,72886063.7312,0.0200032782182884
495,15056.190528,2,72886083.6224,0.0236082938922696
496,15056.210528,1,72886103.5648,0.0200247915258057
497,15056.230528,2,72886123.6352,0.023593951687258
498,15056.250528,1,72886143.5904,0.0199325916364456
499,15056.270528,2,72886163.584,0.0236349294158625
500,15056.290528,1,72886183.6544,0.0199428360685967
501,15056.310528,2,72886203.6096,0.0237066404409204
502,15056.330528,1,72886223.5776,0.0199899604564919
503,15056.350528,2,72886243.6224,0.0236830782469728
504,15056.370528,1,72886263.5904,0.0200258159690208
505,15056.390528,2,72886283.648,0.0237906447845596
506,15056.410528,1,72886303.616,0.020000204888643
507,15056.430528,2,72886323.6096,0.0237865470116991
508,15056.450528,1,72886343.7184,0.0200370848443871
509,15056.470528,2,72886363.6352,0.0237445448398795
510,15056.490528,1,72886383.6544,0.0200340115147417
511,15056.510528,2,72886403.6352,0.0237588870448911
512,15056.530528,1,72886423.6288,0.020045280390108
513,15056.550528,2,72886443.7248,0.0237885958981294
514,15056.570528,1,72886463.6672,0.0200258159690208
515,15056.590528,2,72886483.7632,0.0238101092056467
516,15056.610528,1,72886503.6544,0.0200708914704858
517,15056.630528,2,72886523.6736,0.0238562091503268
518,15056.650528,1,72886543.6416,0.0200411826172475
519,15056.670528,2,72886563.6736,0.0237168848730715
520,15056.690528,1,72886583.6544,0.0200247915258057
521,15056.710528,2,72886603.6224,0.0238008892167107
522,15056.730528,1,72886623.7184,0.020082160345852
523,15056.750528,2,72886643.6608,0.0239012846517918
524,15056.770528,1,72886663.7056,0.0201190403015961
525,15056.790528,2,72886684.032,0.0239965578707972
526,15056.810528,1,72886703.6672,0.0200667936976253
527,15056.830528,2,72886723.6608,0.0239607023582683
528,15056.850528,1,72886743.6672,0.0201241625176716
529,15056.870528,2,72886763.648,0.0240190956215297
530,15056.890528,1,72886783.6544,0.0201405536091134
531,15056.910528,2,72886803.776,0.0240549511340586
532,15056.930528,1,72886823.6544,0.0201282602905321
533,15056.950528,2,72886843.9168,0.023994508984367
534,15056.970528,1,72886863.7056,0.0201395291658983
535,15056.990528,2,72886883.6736,0.0240047534165181
536,15057.010528,1,72886903.68,0.020118015858381
537,15057.030528,2,72886923.6736,0.0240119245190239
538,15057.050528,1,72886943.6928,0.0200432315036778
539,15057.070528,2,72886963.712,0.0239576290286229
540,15057.090528,1,72886983.6928,0.0200790870162067
541,15057.110528,2,72887003.6992,0.023903333538222
542,15057.130528,1,72887023.6928,0.0200278648554511
543,15057.150528,2,72887043.712,0.0238900157764255
544,15057.170528,1,72887063.7184,0.0199582027168234
545,15057.190528,2,72887083.7504,0.0238203536377979
546,15057.210528,1,72887103.6928,0.0199879115700617
547,15057.230528,2,72887123.712,0.023821378081013
548,15057.250528,1,72887143.7184,0.0200104493207941
549,15057.270528,2,72887163.7248,0.0238541602638966
550,15057.290528,1,72887183.7184,0.0200124982072244
551,15057.310528,2,72887203.7504,0.0238029381031409
552,15057.330528,1,72887223.8336,0.0200063515479337
553,15057.350528,2,72887243.7248,0.0238111336488618
554,15057.370528,1,72887263.7184,0.0199500071711025
555,15057.390528,2,72887283.8016,0.0237844981252689
556,15057.410528,1,72887303.744,0.0199192738746491
557,15057.430528,2,72887323.8144,0.0237199582027168
558,15057.450528,1,72887343.7824,0.0198926383510562
559,15057.470528,2,72887363.776,0.0238162558649374
560,15057.490528,1,72887383.7312,0.01992746942037
561,15057.510528,2,72887403.7376,0.0239268957321696
562,15057.530528,1,72887423.7696,0.0199315671932305
563,15057.550528,2,72887443.7504,0.0239811912225705
564,15057.570528,1,72887463.8976,0.0199028827832073
565,15057.590528,2,72887483.7504,0.0238029381031409
566,15057.610528,1,72887503.7568,0.0199172249882189
567,15057.630528,2,72887523.776,0.0237558137152458
568,15057.650528,1,72887543.7696,0.0198619050546028
569,15057.670528,2,72887563.7632,0.02379474255742
570,15057.690528,1,72887583.808,0.019890589464626
571,15057.710528,2,72887603.7504,0.0237988403302805
572,15057.730528,1,72887623.7824,0.01988136947569
573,15057.750528,2,72887643.776,0.0237373737373737
574,15057.770528,1,72887663.7568,0.0197912184727601
575,15057.790528,2,72887683.776,0.0237373737373737
576,15057.810528,1,72887703.7568,0.0198424406335157
577,15057.830528,2,72887723.8272,0.0237353248509435
578,15057.850528,1,72887743.808,0.0198680517138935
579,15057.870528,2,72887763.776,0.0238049869895712
580,15057.890528,1,72887783.8592,0.0199315671932305
581,15057.910528,2,72887803.8144,0.0238172803081525
582,15057.930528,1,72887823.7568,0.0198762472596144
583,15057.950528,2,72887843.84,0.0236892249062634
584,15057.970528,1,72887863.7952,0.0199264449771549
585,15057.990528,2,72887883.8144,0.0237506914991702
586,15058.010528,1,72887903.8208,0.0199356649660909
587,15058.030528,2,72887923.8784,0.0236994693384146
588,15058.050528,1,72887943.8976,0.0198782961460446
589,15058.070528,2,72887963.8272,0.0237435203966644
590,15058.090528,1,72887983.8464,0.0198916139078411
591,15058.110528,2,72888003.8016,0.0236974204519843
592,15058.130528,1,72888023.8208,0.0199049316696376
593,15058.150528,2,72888043.8784,0.0236431249615834
594,15058.170528,1,72888063.8208,0.0199346405228758
595,15058.190528,2,72888083.8272,0.0237517159423853
596,15058.210528,1,72888103.8336,0.0198782961460446
597,15058.230528,2,72888123.8912,0.0236953715655541
598,15058.250528,1,72888143.8336,0.0199059561128527
599,15058.270528,2,72888163.8656,0.0237117626569959
600,15058.290528,1,72888183.8336,0.0199223472042945
601,15058.310528,2,72888203.84,0.0237117626569959
602,15058.330528,1,72888223.9104,0.0199766426946954
603,15058.350528,2,72888243.8656,0.0237271293052226
604,15058.370528,1,72888263.8464,0.0199766426946954
605,15058.390528,2,72888283.8656,0.0237619603745364
606,15058.410528,1,72888303.808,0.0200708914704858
607,15058.430528,2,72888323.8912,0.0237957670006352
608,15058.450528,1,72888343.8848,0.0200657692544102
609,15058.470528,2,72888363.8656,0.0238541602638966
610,15058.490528,1,72888383.8336,0.0200688425840556
611,15058.510528,2,72888403.8528,0.023921773516094
612,15058.530528,1,72888423.8464,0.0200790870162067
613,15058.550528,2,72888443.9168,0.0239607023582683
614,15058.570528,1,72888463.872,0.0199961071157826
615,15058.590528,2,72888483.8784,0.0238695269121233
616,15058.610528,1,72888503.8848,0.020054500379044
617,15058.630528,2,72888523.8656,0.023867478025693
618,15058.650528,1,72888543.9232,0.0201436269387588
619,15058.670528,2,72888563.9168,0.0238265002970885
620,15058.690528,1,72888583.8848,0.0201579691437704
621,15058.710528,2,72888603.9808,0.0238090847624316
622,15058.730528,1,72888623.8976,0.0200473292765382
623,15058.750528,2,72888643.8912,0.0238797713442744
624,15058.770528,1,72888663.8976,0.0201292847337472
625,15058.790528,2,72888683.8912,0.0238971868789313
626,15058.810528,1,72888703.9616,0.0199991804454279
627,15058.830528,2,72888723.9424,0.0238705513553384
628,15058.850528,1,72888744.064,0.0200883070051427
629,15058.870528,2,72888763.9168,0.0238562091503268
630,15058.890528,1,72888783.9104,0.0201118691990903
631,15058.910528,2,72888803.904,0.0238797713442744
632,15058.930528,1,72888823.936,0.02006372036798
633,15058.950528,2,72888843.9552,0.0238838691171348
634,15058.970528,1,72888863.8848,0.0200524514926138
635,15058.990528,2,72888883.968,0.0238377691724548
636,15059.01056,1,72888903.9104,0.0201077714262298
637,15059.03056,2,72888923.9296,0.0238920646628557
638,15059.05056,1,72888943.8976,0.020045280390108
639,15059.07056,2,72888963.9808,0.0239176757432336
640,15059.09056,1,72888983.8976,0.0200350359579568
641,15059.11056,2,72889003.9296,0.024012948962239
642,15059.13056,1,72889023.9488,0.0199694715921896
643,15059.15056,2,72889043.9168,0.0240047534165181
644,15059.17056,1,72889063.9744,0.0200770381297765
645,15059.19056,2,72889083.9424,0.023894113549286
646,15059.21056,1,72889103.9232,0.020054500379044
647,15059.23056,2,72889123.968,0.0238408425021001
648,15059.25056,1,72889143.9232,0.0201098203126601
649,15059.27056,2,72889163.968,0.0237824492388387
650,15059.29056,1,72889183.9872,0.02006372036798
651,15059.31056,2,72889203.9424,0.0237978158870654
652,15059.33056,1,72889224.0128,0.0200606470383347
653,15059.35056,2,72889244.032,0.0238111336488618
654,15059.37056,1,72889263.9616,0.0200934292212183
655,15059.39056,2,72889283.9936,0.0237230315323622
656,15059.41056,1,72889303.9616,0.0200770381297765
657,15059.43056,2,72889323.968,0.0237424959534493
658,15059.45056,1,72889344.0128,0.0200596225951196
659,15059.47056,2,72889363.968,0.0237568381584609
660,15059.49056,1,72889383.9744,0.0200698670272707
661,15059.51056,2,72889403.9808,0.0236789804741123
662,15059.53056,1,72889424,0.0200944536644334
663,15059.55056,2,72889444.0448,0.0237138115434261
664,15059.57056,1,72889464.0256,0.0200626959247649
665,15059.59056,2,72889483.968,0.0237250804187924
666,15059.61056,1,72889503.9616,0.0201292847337472
667,15059.63056,2,72889524.0576,0.0237517159423853
668,15059.65056,1,72889544,0.0200944536644334
669,15059.67056,2,72889563.9936,0.0237199582027168
670,15059.69056,1,72889583.9872,0.0200022537750732
671,15059.71056,2,72889603.9808,0.0237998647734956
672,15059.73056,1,72889623.9744,0.0200862581187125
673,15059.75056,2,72889644.0192,0.0237722048066876
674,15059.77056,1,72889664.0256,0.0200606470383347
675,15059.79056,2,72889684.0192,0.0237404470670191
676,15059.81056,1,72889704.064,0.0201221136312414
677,15059.83056,2,72889724.0064,0.0237609359313213
678,15059.85056,1,72889744.0256,0.0200965025508636
679,15059.87056,2,72889764.0192,0.0237978158870654
680,15059.89056,1,72889784.0128,0.0201344069498228
681,15059.91056,2,72889804.032,0.023839818058885
682,15059.93056,1,72889824.0384,0.0200831847890671
683,15059.95056,2,72889844.0704,0.0238951379925011
684,15059.97056,1,72889864.064,0.0200350359579568
685,15059.99056,2,72889884.0576,0.0238777224578442
686,15060.01056,1,72889904.0384,0.0201057225397996
687,15060.03056,2,72889924.0192,0.0238613313664024
688,15060.05056,1,72889944.128,0.0200329870715266
689,15060.07056,2,72889964.0448,0.0239463601532567
690,15060.09056,1,72889984.0384,0.0201292847337472
691,15060.11056,2,72890004.0576,0.0238152314217223
692,15060.13056,1,72890024.0512,0.020026840412236
693,15060.15056,2,72890044.032,0.0238449402749606
694,15060.17056,1,72890064.064,0.0200299137418813
695,15060.19056,2,72890084.0576,0.0238254758538734
696,15060.21056,1,72890104.0384,0.0200678181408405
697,15060.23056,2,72890124.1216,0.0237824492388387
698,15060.25056,1,72890144.0768,0.0200893314483578
699,15060.27056,2,72890164.0448,0.0238541602638966
700,15060.29056,1,72890184.0768,0.0200370848443871
701,15060.31056,2,72890204.0576,0.0238428913885303
702,15060.33056,1,72890224.1024,0.0201016247669392
703,15060.35056,2,72890244.1088,0.0238418669453152
704,15060.37056,1,72890264.0896,0.0200954781076485
705,15060.39056,2,72890284.0832,0.0238131825352921
706,15060.41056,1,72890304.0768,0.0200698670272707
707,15060.43056,2,72890324.1344,0.0238695269121233
708,15060.45056,1,72890344.1664,0.0200944536644334
709,15060.47056,2,72890364.096,0.0237804003524085
710,15060.49056,1,72890384.256,0.0200104493207941
711,15060.51056,2,72890404.096,0.0238060114327863
712,15060.53056,1,72890424.1024,0.0200278648554511
713,15060.55056,2,72890444.096,0.0237701559202573
714,15060.57056,1,72890464.1664,0.0199930337861372
715,15060.59056,2,72890484.096,0.0237261048620075
716,15060.61056,1,72890504.1024,0.0199745938082652
717,15060.63056,2,72890524.1984,0.0237711803634725
718,15060.65056,1,72890544.1536,0.0201057225397996
719,15060.67056,2,72890564.1472,0.0236441494047985
720,15060.69056,1,72890584.128,0.0200370848443871
721,15060.71056,2,72890604.1856,0.0237302026348679
722,15060.73056,1,72890624.128,0.0200575737086893
723,15060.75056,2,72890644.1216,0.0236963960087692
724,15060.77056,1,72890664.2816,0.0200565492654742
725,15060.79056,2,72890684.1344,0.0237691314770422
726,15060.81056,1,72890704.128,0.0200012293318581
727,15060.83056,2,72890724.1344,0.0238039625463561
728,15060.85056,1,72890744.1536,0.0200155715368697
729,15060.87056,2,72890764.1728,0.0239115290839429
730,15060.89056,1,72890784.1408,0.0200596225951196
731,15060.91056,2,72890804.1344,0.0238900157764255
732,15060.93056,1,72890824.1408,0.020091380334788
733,15060.95056,2,72890844.1856,0.0239719712336345
734,15060.97056,1,72890864.1792,0.0201262114041019
735,15060.99056,2,72890884.1344,0.0239105046407278
736,15061.01056,1,72890904.1536,0.0201139180855205
737,15061.03056,2,72890924.2368,0.0238254758538734
738,15061.05056,1,72890944.1408,0.0200708914704858
739,15061.07056,2,72890964.1216,0.0238572335935419
740,15061.09056,1,72890984.1536,0.0200555248222591
741,15061.11056,2,72891004.16,0.0238316225131641
742,15061.13056,1,72891024.1792,0.0201026492101543
743,15061.15056,2,72891044.1856,0.0238265002970885
744,15061.17056,1,72891064.1792,0.0200432315036778
745,15061.19056,2,72891084.1856,0.0239084557542975
746,15061.21056,1,72891104.1664,0.0200862581187125
747,15061.23056,2,72891124.2496,0.0239381646075358
748,15061.25056,1,72891144.2048,0.0201426024955437
749,15061.27056,2,72891164.224,0.0240477800315529
750,15061.29056,1,72891184.192,0.0200862581187125
751,15061.31056,2,72891204.2624,0.0240498289179831
752,15061.33056,1,72891224.192,0.0201006003237241
753,15061.35056,2,72891244.1984,0.0241205154998258
754,15061.37056,1,72891264.192,0.0200893314483578
755,15061.39056,2,72891284.1728,0.0240231933943901
756,15061.41056,1,72891304.2048,0.0200801114594218
757,15061.43056,2,72891324.16,0.0240078267461635
758,15061.45056,1,72891344.2176,0.0200463048333231
759,15061.47056,2,72891364.1984,0.023921773516094
760,15061.49056,1,72891384.2048,0.0200698670272707
761,15061.51056,2,72891404.2112,0.0238101092056467
762,15061.53056,1,72891424.2432,0.0200831847890671
763,15061.55056,2,72891444.2624,0.0237609359313213
764,15061.57056,1,72891464.2176,0.0200790870162067
765,15061.59056,2,72891484.2368,0.0237691314770422
766,15061.61056,1,72891504.2304,0.0200739648001311
767,15061.63056,2,72891524.224,0.0237814247956236
768,15061.65056,1,72891544.2176,0.0200831847890671
769,15061.67056,2,72891564.2624,0.0237681070338271
770,15061.69056,1,72891584.2304,0.0200411826172475
771,15061.71056,2,72891604.2496,0.02379474255742
772,15061.73056,1,72891624.2432,0.0201241625176716
773,15061.75056,2,72891644.2624,0.0237752781363329
774,15061.77056,1,72891664.256,0.0200903558915729
775,15061.79056,2,72891684.2496,0.0237476181695249
776,15061.81056,1,72891704.2688,0.0200852336754974
777,15061.83056,2,72891724.2624,0.0237476181695249
778,15061.85056,1,72891744.256,0.0201231380744565
779,15061.87056,2,72891764.288,0.0237506914991702
780,15061.89056,1,72891784.256,0.0201159669719507
781,15061.91056,2,72891804.3008,0.0238244514106583
782,15061.93056,1,72891824.2688,0.0200790870162067
783,15061.95056,2,72891844.352,0.023858258036757
784,15061.97056,1,72891864.2688,0.0200862581187125
785,15061.99056,2,72891884.3008,0.0237025426680599
786,15062.01056,1,72891904.2688,0.0200678181408405
787,15062.03056,2,72891924.3008,0.0237445448398795
788,15062.05056,1,72891944.3968,0.020082160345852
789,15062.07056,2,72891964.288,0.0237527403856004
790,15062.09056,1,72891984.2688,0.0200852336754974
791,15062.11056,2,72892004.352,0.0238265002970885
792,15062.13056,1,72892024.3072,0.0201518224844797
793,15062.15056,2,72892044.3264,0.0238592824799721
794,15062.17056,1,72892064.3328,0.0201692380191366
795,15062.19056,2,72892084.3008,0.0238787469010593
796,15062.21056,1,72892104.3072,0.0201016247669392
797,15062.23056,2,72892124.3008,0.0238592824799721
798,15062.25056,1,72892144.384,0.0201016247669392
799,15062.27056,2,72892164.416,0.0238500624910361
800,15062.29056,1,72892184.32,0.020108795869445
801,15062.31056,2,72892204.3136,0.0238848935603499
802,15062.33056,1,72892224.2944,0.0200944536644334
803,15062.35056,2,72892244.4032,0.023821378081013
804,15062.37056,1,72892264.3328,0.0201323580633925
805,15062.39056,2,72892284.3904,0.0238623558096175
806,15062.41056,1,72892304.32,0.0200872825619276
807,15062.43056,2,72892324.2624,0.0237650337041818
808,15062.45056,1,72892344.3968,0.0201589935869855
809,15062.47056,2,72892364.3776,0.0238234269674432
810,15062.49056,1,72892384.3968,0.0201897268834389
811,15062.51056,2,72892404.3008,0.0238521113774663
812,15062.53056,1,72892424.3456,0.0201497735980495
813,15062.55056,2,72892444.3008,0.0238715757985535
814,15062.57056,1,72892464.3328,0.0201856291105784
815,15062.59056,2,72892484.3392,0.0238142069785072
816,15062.61056,1,72892504.4352,0.0201712869055668
817,15062.63056,2,72892524.352,0.0238521113774663
818,15062.65056,1,72892544.3584,0.020136455836253
819,15062.67056,2,72892564.4288,0.0237865470116991
820,15062.69056,1,72892584.3712,0.0201251869608868
821,15062.71056,2,72892604.3648,0.0237978158870654
822,15062.73056,1,72892624.4096,0.020108795869445
823,15062.75056,2,72892644.3648,0.0238049869895712
824,15062.77056,1,72892664.3712,0.020173335791997
825,15062.79056,2,72892684.3648,0.0238111336488618
826,15062.81056,1,72892704.4608,0.0202327534984736
827,15062.83056,2,72892724.3776,0.0238469891613908
828,15062.85056,1,72892744.384,0.0202009957588051
829,15062.87056,2,72892764.608,0.0238316225131641
830,15062.89056,1,72892784.3584,0.0200975269940787
831,15062.91056,2,72892804.3776,0.0239330423914602
832,15062.93056,1,72892824.5504,0.0200975269940787
833,15062.95056,2,72892844.3904,0.0238787469010593
834,15062.97056,1,72892864.3712,0.0201323580633925
835,15062.99056,2,72892884.416,0.0239043579814371
836,15063.01056,1,72892904.384,0.0201487491548343
837,15063.03056,2,72892924.4416,0.0238439158317454
838,15063.05056,1,72892944.4224,0.0201374802794681
839,15063.07056,2,72892964.4032,0.0238152314217223
840,15063.09056,1,72892984.4096,0.0200944536644334
841,15063.11056,2,72893004.4032,0.0237506914991702
842,15063.13056,1,72893024.4096,0.0201098203126601
843,15063.15056,2,72893044.544,0.0237291781916528
844,15063.17056,1,72893064.4096,0.0201098203126601
845,15063.19056,2,72893084.416,0.0237711803634725
846,15063.21056,1,72893104.4224,0.0201323580633925
847,15063.23056,2,72893124.4288,0.02374864261274
848,15063.25056,1,72893144.4992,0.0201262114041019
849,15063.27056,2,72893164.48,0.0237804003524085
850,15063.29056,1,72893184.4224,0.0200616714815498
851,15063.31056,2,72893204.416,0.0236963960087692
852,15063.33056,1,72893224.4352,0.0201507980412646
853,15063.35056,2,72893244.4416,0.0237865470116991
854,15063.37056,1,72893264.4352,0.0201928002130842
855,15063.39056,2,72893284.4416,0.0237926936709898
856,15063.41056,1,72893304.4736,0.0201385047226832
857,15063.43056,2,72893324.416,0.0237691314770422
858,15063.45056,1,72893344.576,0.0201108447558752
859,15063.47056,2,72893364.4416,0.0238224025242281
860,15063.49056,1,72893384.8448,0.0201282602905321
861,15063.51056,2,72893404.4928,0.0238295736267339
862,15063.53056,1,72893424.4352,0.0201026492101543
863,15063.55056,2,72893444.5312,0.0238551847071117
864,15063.57056,1,72893464.4608,0.0201169914151659
865,15063.59056,2,72893484.416,0.0239084557542975
866,15063.61056,1,72893504.448,0.0201692380191366
867,15063.63056,2,72893524.4672,0.0238357202860245
868,15063.65056,1,72893544.4608,0.020145675825189
869,15063.67056,2,72893564.4928,0.0237906447845596
870,15063.69056,1,72893584.4736,0.0201764091216424
871,15063.71056,2,72893604.48,0.0237414715102342
872,15063.73056,1,72893624.512,0.020091380334788
873,15063.75056,2,72893644.48,0.0237773270227631
874,15063.77056,1,72893664.4864,0.0201477247116192
875,15063.79056,2,72893684.48,0.0237424959534493
876,15063.81056,1,72893704.5376,0.0201303091769623
877,15063.83056,2,72893724.48,0.0237691314770422
878,15063.85056,1,72893744.4992,0.0201323580633925
879,15063.87056,2,72893764.5184,0.0237701559202573
880,15063.89056,1,72893784.4864,0.0201682135759215
881,15063.91056,2,72893804.4928,0.0238131825352921
882,15063.93056,1,72893824.5248,0.0201221136312414
883,15063.95056,2,72893844.5184,0.0237056159977052
884,15063.97056,1,72893864.6272,0.0200801114594218
885,15063.99056,2,72893884.5056,0.0237056159977052
886,15064.01056,1,72893904.5376,0.0201866535537935
887,15064.03056,2,72893924.5312,0.0237261048620075
888,15064.05056,1,72893944.6272,0.0201815313377179
889,15064.07056,2,72893964.5184,0.023712787100211
890,15064.09056,1,72893984.5632,0.020190751326654
891,15064.11056,2,72894004.544,0.0236584916098101
892,15064.13056,1,72894024.5248,0.0202040690884504
893,15064.15056,2,72894044.5952,0.0238111336488618
894,15064.17056,1,72894064.576,0.0201415780523286
895,15064.19056,2,72894084.5312,0.0237599114881062
896,15064.21056,1,72894104.5632,0.0201928002130842
897,15064.23056,2,72894124.5696,0.0238326469563792
898,15064.25056,1,72894144.7168,0.0201098203126601
899,15064.27056,2,72894164.5056,0.0237148359866413
900,15064.29056,1,72894184.5504,0.0201241625176716
901,15064.31056,2,72894204.608,0.0237209826459319
902,15064.33056,1,72894224.5504,0.0200719159137009
903,15064.35056,2,72894244.5568,0.0237138115434261
904,15064.37056,1,72894264.5632,0.0200135226504395
905,15064.39056,2,72894284.5824,0.0238162558649374
906,15064.41056,1,72894304.576,0.0199971315589977
907,15064.43056,2,72894324.544,0.0238797713442744
908,15064.45056,1,72894344.6016,0.0200247915258057
909,15064.47056,2,72894364.5952,0.0238459647181757
910,15064.49056,1,72894384.576,0.0200698670272707
911,15064.51056,2,72894404.5696,0.0238377691724548
912,15064.53056,1,72894424.5632,0.0200555248222591
913,15064.55056,2,72894444.672,0.0238265002970885
914,15064.57056,1,72894464.5888,0.0199530805007478
915,15064.59056,2,72894484.5824,0.0239504579261172
916,15064.61056,1,72894504.5888,0.0200299137418813
917,15064.63056,2,72894524.5824,0.0238992357653615
918,15064.65056,1,72894544.7168,0.0200411826172475
919,15064.67056,2,72894564.5696,0.0238992357653615
920,15064.69056,1,72894584.6784,0.0200206937529453
921,15064.71056,2,72894604.5824,0.0238080603192165
922,15064.73056,1,72894624.6016,0.0199786915811257
923,15064.75056,2,72894644.5952,0.0237834736820538
924,15064.77056,1,72894664.6528,0.0200124982072244
925,15064.79056,2,72894684.608,0.0238162558649374
926,15064.81056,1,72894704.6144,0.0200237670825906
927,15064.83056,2,72894724.672,0.0237117626569959
928,15064.85056,1,72894744.6656,0.0200299137418813
929,15064.87056,2,72894764.608,0.023739422623804
930,15064.89056,1,72894784.6272,0.020045280390108
931,15064.91056,2,72894804.6336,0.0237056159977052
932,15064.93056,1,72894824.64,0.0200135226504395
933,15064.95056,2,72894844.7616,0.0237117626569959
934,15064.97056,1,72894864.6144,0.0201098203126601
935,15064.99056,2,72894884.7104,0.0237281537484377
936,15065.01056,1,72894904.64,0.0200411826172475
937,15065.03056,2,72894924.6336,0.0238521113774663
938,15065.05056,1,72894944.6016,0.0200944536644334
939,15065.07056,2,72894964.6464,0.0239504579261172
940,15065.09056,1,72894984.6272,0.0201917757698691
941,15065.11056,2,72895004.6336,0.0238971868789313
942,15065.13056,1,72895024.704,0.0201221136312414
943,15065.15056,2,72895044.7104,0.0239176757432336
944,15065.17056,1,72895064.6528,0.0201190403015961
945,15065.19056,2,72895084.6976,0.0239105046407278
946,15065.21056,1,72895104.6784,0.0201395291658983
947,15065.23056,2,72895124.7488,0.0239053824246522
948,15065.25056,1,72895144.6912,0.0201671891327064
949,15065.27056,2,72895164.6464,0.0239955334275821
950,15065.29056,1,72895184.7168,0.0201395291658983
951,15065.31056,2,72895204.6592,0.0238336713995943
952,15065.33056,1,72895224.6784,0.0201764091216424
953,15065.35056,2,72895244.7104,0.0237722048066876
954,15065.37056,1,72895264.6656,0.0201958735427295
955,15065.39056,2,72895284.6976,0.0238695269121233
956,15065.41056,1,72895304.6784,0.020154895814125
957,15065.43056,2,72895324.6976,0.0238705513553384
958,15065.45056,1,72895344.7424,0.0201415780523286
959,15065.47056,2,72895364.672,0.0239258712889545
960,15065.49056,1,72895384.7296,0.0201436269387588
961,15065.51056,2,72895404.6976,0.0238664535824779
962,15065.53056,1,72895424.9216,0.0200647448111951
963,15065.55056,2,72895444.7488,0.0237988403302805
964,15065.57056,1,72895464.7168,0.020091380334788
965,15065.59056,2,72895484.7488,0.0237691314770422
966,15065.61056,1,72895504.704,0.0201323580633925
967,15065.63056,2,72895524.7104,0.0237609359313213
968,15065.65056,1,72895544.7296,0.0200995758805089
969,15065.67056,2,72895564.6976,0.0237435203966644
970,15065.69056,1,72895584.768,0.0201436269387588
971,15065.71056,2,72895604.7488,0.0237148359866413
972,15065.73056,1,72895624.8064,0.0200831847890671
973,15065.75056,2,72895644.7488,0.0237045915544901
974,15065.77056,1,72895664.8192,0.0201190403015961
975,15065.79056,2,72895684.8256,0.0236707849283914
976,15065.81056,1,72895704.768,0.0201077714262298
977,15065.83056,2,72895724.736,0.0237271293052226
978,15065.85056,1,72895744.896,0.0201487491548343
979,15065.87056,2,72895764.7232,0.0236861515766181
980,15065.89056,1,72895784.8064,0.0201354313930379
981,15065.91056,2,72895804.7872,0.0235857561415371
982,15065.93056,1,72895824.7296,0.0201190403015961
983,15065.95056,2,72895844.8512,0.0237271293052226
984,15065.97056,1,72895864.7936,0.020136455836253
985,15065.99056,2,72895884.7488,0.0237179093162866
986,15066.01056,1,72895904.7936,0.020108795869445
987,15066.03056,2,72895924.8,0.023739422623804
988,15066.05056,1,72895944.9856,0.0201190403015961
989,15066.07056,2,72895965.0944,0.0237547892720306
990,15066.09056,1,72895984.7552,0.0200831847890671
991,15066.11056,2,72896005.4784,0.0236533693937345
992,15066.13056,1,72896024.7552,0.0201128936423054
993,15066.15056,2,72896044.864,0.0236707849283914
994,15066.17056,1,72896064.8576,0.0200965025508636
995,15066.19056,2,72896084.9024,0.0236502960640892
996,15066.21056,1,72896104.9856,0.0200483537197533
997,15066.23056,2,72896124.7872,0.0235816583686766
998,15066.25056,1,72896144.7936,0.0200391337308173
999,15066.27056,2,72896164.7616,0.0235714139365255
1000,15066.29056,1,72896184.768,0.0200422070604626
1001,15066.31056,2,72896204.7872,0.0235048251275432
1002,15066.33056,1,72896224.8192,0.0200770381297765
1003,15066.35056,2,72896244.8128,0.0235437539697175
1004,15066.37056,1,72896264.7936,0.0200411826172475
1005,15066.39056,2,72896284.8,0.0235867805847522
1006,15066.41056,1,72896304.8192,0.0199766426946954
1007,15066.43056,2,72896324.7744,0.0236287827565718
1008,15066.45056,1,72896344.8448,0.0200811359026369
1009,15066.47056,2,72896364.8896,0.0236072694490544
1010,15066.49056,1,72896384.7936,0.0200401581740324
1011,15066.51056,2,72896404.7744,0.0236287827565718
1012,15066.53056,1,72896424.896,0.0199981560022128
1013,15066.55056,2,72896444.8,0.0235867805847522
1014,15066.57056,1,72896464.832,0.0200893314483578
1015,15066.59056,2,72896484.8256,0.0235365828672117
1016,15066.61056,1,72896504.9344,0.0200135226504395
1017,15066.63056,2,72896524.8256,0.0236011227897638
1018,15066.65056,1,72896544.8448,0.020045280390108
1019,15066.67056,2,72896564.8128,0.0237465937263097
1020,15066.69056,1,72896584.8832,0.0201323580633925
1021,15066.71056,2,72896604.8128,0.0236789804741123
1022,15066.73056,1,72896624.8192,0.020118015858381
1023,15066.75056,2,72896644.8256,0.0236728338148216
1024,15066.77056,1,72896664.7936,0.0200606470383347
1025,15066.79056,2,72896684.9536,0.0236974204519843
1026,15066.81056,1,72896704.8448,0.0202102157477411
1027,15066.83056,2,72896724.8896,0.0236595160530252
1028,15066.85056,1,72896744.8704,0.0201046980965845
1029,15066.87056,2,72896764.8256,0.0237517159423853
1030,15066.89056,1,72896785.1136,0.020218411293462
1031,15066.91056,2,72896804.864,0.0236687360419612
1032,15066.93056,1,72896824.8576,0.020136455836253
1033,15066.95056,2,72896844.928,0.023812158092077
1034,15066.97056,1,72896864.8832,0.0201139180855205
1035,15066.99056,2,72896884.8128,0.0237271293052226
1036,15067.01056,1,72896904.9088,0.0202020202020202
1037,15067.03056,2,72896924.8384,0.0237599114881062
1038,15067.05056,1,72896944.896,0.020108795869445
1039,15067.07056,2,72896964.9792,0.0237097137705657
1040,15067.09056,1,72896984.8704,0.0201221136312414
1041,15067.11056,2,72897004.9024,0.0237097137705657
1042,15067.13056,1,72897024.896,0.0201507980412646
1043,15067.15056,2,72897044.8896,0.0236595160530252
1044,15067.17056,1,72897064.8576,0.0201139180855205
1045,15067.19056,2,72897084.9152,0.0236728338148216
1046,15067.21056,1,72897104.8704,0.020127235847317
1047,15067.23056,2,72897124.8768,0.0237045915544901
1048,15067.25056,1,72897145.1648,0.0201057225397996
1049,15067.27056,2,72897165.0048,0.0236994693384146
1050,15067.29056,1,72897185.0624,0.0201569447005552
1051,15067.31056,2,72897204.9152,0.0236584916098101
1052,15067.33056,1,72897224.896,0.0201928002130842
1053,15067.35056,2,72897244.9024,0.0236164894379905
1054,15067.37056,1,72897264.896,0.0201712869055668
1055,15067.39056,2,72897284.8896,0.0237547892720306
1056,15067.41056,1,72897304.9088,0.0201702624623517
1057,15067.43056,2,72897324.8768,0.0236994693384146
1058,15067.45056,1,72897344.8832,0.0201651402462762
1059,15067.47056,2,72897364.9664,0.0237261048620075
1060,15067.49056,1,72897384.9728,0.020190751326654
1061,15067.51056,2,72897404.9536,0.0237353248509435
1062,15067.53056,1,72897424.9856,0.0201835802241482
1063,15067.55056,2,72897445.7216,0.0237547892720306
1064,15067.57056,1,72897465.1136,0.0202593890220665
1065,15067.59056,2,72897484.9536,0.023785522568484
1066,15067.61056,1,72897505.1136,0.0202286557256131
1067,15067.63056,2,72897524.928,0.0237547892720306
1068,15067.65056,1,72897545.3312,0.0202020202020202
1069,15067.67056,2,72897565.1584,0.0237168848730715
1070,15067.69056,1,72897584.9856,0.0201692380191366
1071,15067.71056,2,72897604.9536,0.0236625893826705
1072,15067.73056,1,72897624.9984,0.0202429979306247
1073,15067.75056,2,72897645.0432,0.0236287827565718
1074,15067.77056,1,72897664.9088,0.0201815313377179
1075,15067.79056,2,72897684.9792,0.0236810293605425
1076,15067.81056,1,72897705.2416,0.0201712869055668
1077,15067.83056,2,72897725.0304,0.0236810293605425
1078,15067.85056,1,72897745.0752,0.020154895814125
1079,15067.87056,2,72897764.9792,0.0236953715655541
1080,15067.89056,1,72897784.9984,0.020218411293462
1081,15067.91056,2,72897804.9792,0.0237343004077284
1082,15067.93056,1,72897824.96,0.0201344069498228
1083,15067.95056,2,72897845.1072,0.0236431249615834
1084,15067.97056,1,72897864.9728,0.0201344069498228
1085,15067.99056,2,72897884.9792,0.0236769315876821
1086,15068.01056,1,72897904.9984,0.0202163624070318
1087,15068.03056,2,72897924.9792,0.0237517159423853
1088,15068.05056,1,72897944.9984,0.0201354313930379
1089,15068.07056,2,72897964.992,0.0237547892720306
1090,15068.09056,1,72897984.9984,0.020209191304526
1091,15068.11056,2,72898004.9664,0.0237220070891471
1092,15068.13056,1,72898025.0368,0.0201559202573401
1093,15068.15056,2,72898045.056,0.0235816583686766
1094,15068.17056,1,72898065.024,0.0201661646894913
1095,15068.19056,2,72898085.1584,0.0236584916098101
1096,15068.21056,1,72898104.96,0.0201589935869855
1097,15068.23056,2,72898125.0048,0.0236687360419612
1098,15068.25056,1,72898145.024,0.0201067469830147
1099,15068.27056,2,72898165.12,0.0236615649394554
1100,15068.29056,1,72898185.1392,0.0200585981519044
1101,15068.31056,2,72898205.312,0.0236543938369496
1102,15068.33056,1,72898225.1008,0.0201712869055668
1103,15068.35056,2,72898245.0944,0.0237722048066876
1104,15068.37056,1,72898264.9728,0.0200780625729916
1105,15068.39056,2,72898285.056,0.0236390271887229
1106,15068.41056,1,72898305.1392,0.0201016247669392
1107,15068.43056,2,72898325.0176,0.0237097137705657
1108,15068.45056,1,72898345.024,0.0201067469830147
1109,15068.47056,2,72898365.056,0.0237711803634725
1110,15068.49056,1,72898385.0752,0.0201620669166308
1111,15068.51056,2,72898405.0176,0.0236882004630483
1112,15068.53056,1,72898425.0624,0.0201190403015961
1113,15068.55056,2,72898445.0176,0.0238377691724548
1114,15068.57056,1,72898465.1776,0.0200883070051427
1115,15068.59056,2,72898485.4272,0.0238777224578442
1116,15068.61056,1,72898505.2032,0.0201507980412646
1117,15068.63056,2,72898525.056,0.0239381646075358
1118,15068.65056,1,72898545.0112,0.020082160345852
1119,15068.67056,2,72898565.0688,0.0239391890507509
1120,15068.69056,1,72898585.088,0.0201344069498228
1121,15068.71056,2,72898605.0432,0.0238777224578442
1122,15068.73056,1,72898625.1392,0.0200965025508636
1123,15068.75056,2,72898645.056,0.0238203536377979
1124,15068.77056,1,72898665.1392,0.0201846046673633
1125,15068.79056,2,72898685.0944,0.0237824492388387
1126,15068.81056,1,72898705.152,0.0201487491548343
1127,15068.83056,2,72898725.1072,0.0237107382137808
1128,15068.85056,1,72898745.2032,0.0202102157477411
1129,15068.87056,2,72898765.0944,0.0237240559755773
1130,15068.89056,1,72898785.408,0.020164115803061
1131,15068.91056,2,72898805.1584,0.023757862601676
1132,15068.93056,1,72898825.1008,0.0201835802241482
1133,15068.95056,2,72898845.0688,0.0237773270227631
1134,15068.97056,1,72898865.152,0.0201630913598459
1135,15068.99056,2,72898885.1328,0.023776302579548
1136,15069.01056,1,72898905.1008,0.0201723113487819
1137,15069.03056,2,72898925.2096,0.0237343004077284
1138,15069.05056,1,72898945.1008,0.0201231380744565
1139,15069.07056,2,72898965.4784,0.0236523449505194
1140,15069.09056,1,72898985.28,0.0200893314483578
1141,15069.11056,2,72899005.1584,0.0235693650500953
1142,15069.13056,1,72899025.1008,0.0200411826172475
1143,15069.15056,2,72899045.2096,0.023548876185793
1144,15069.17056,1,72899065.1392,0.0199838137972012
1145,15069.19056,2,72899085.1328,0.0235160940029094
1146,15069.21056,1,72899105.1264,0.0199510316143176
1147,15069.23056,2,72899125.1712,0.0235171184461245
1148,15069.25056,1,72899145.1136,0.0199858626836314
1149,15069.27056,2,72899165.1968,0.0234740918310898
1150,15069.29056,1,72899185.2032,0.0200432315036778
1151,15069.31056,2,72899205.1456,0.0234023808060319
1152,15069.33056,1,72899225.2416,0.0200483537197533
1153,15069.35056,2,72899245.1456,0.0233921363738808
1154,15069.37056,1,72899265.1648,0.0199889360132768
1155,15069.39056,2,72899285.1328,0.0234658962853689
1156,15069.41056,1,72899305.1904,0.0200626959247649
1157,15069.43056,2,72899325.1328,0.023502776241113
1158,15069.45056,1,72899345.3696,0.0199940582293523
1159,15069.47056,2,72899365.1584,0.0235601450611593
1160,15069.49056,1,72899385.1648,0.0200124982072244
1161,15069.51056,2,72899405.2224,0.0236052205626242
1162,15069.53056,1,72899425.3312,0.0199961071157826
1163,15069.55056,2,72899445.2352,0.0236236605404962
1164,15069.57056,1,72899465.28,0.0200585981519044
1165,15069.59056,2,72899485.1712,0.023539656196857
1166,15069.61056,1,72899505.216,0.0200483537197533
1167,15069.63056,2,72899525.184,0.0236052205626242
1168,15069.65056,1,72899545.1776,0.0199889360132768
1169,15069.67056,2,72899565.7984,0.023558096174729
1170,15069.69056,1,72899585.2544,0.0199940582293523
1171,15069.71056,2,72899605.2096,0.0235509250722232
1172,15069.73056,1,72899625.1904,0.0200442559468929
1173,15069.75056,2,72899645.376,0.0234966295818223
1174,15069.77056,1,72899665.1648,0.0200084004343639
1175,15069.79056,2,72899685.2992,0.0234361874321306
1176,15069.81056,1,72899705.2288,0.0199674227057594
1177,15069.83056,2,72899725.1712,0.0234587251828631
1178,15069.85056,1,72899745.344,0.0200299137418813
1179,15069.87056,2,72899765.184,0.0235427295265023
1180,15069.89056,1,72899785.3184,0.0199459093982421
1181,15069.91056,2,72899805.3248,0.02347614071752
1182,15069.93056,1,72899825.3696,0.0200114737640093
1183,15069.95056,2,72899845.3888,0.0235007273546827
1184,15069.97056,1,72899865.3312,0.0200176204232999
1185,15069.99056,2,72899885.184,0.023457700739648
1186,15070.01056,1,72899905.28,0.0200288892986662
1187,15070.03056,2,72899925.2224,0.0234915073657467
1188,15070.05056,1,72899945.3952,0.020072940356916
1189,15070.07056,2,72899965.248,0.0235130206732641
1190,15070.09056,1,72899985.2288,0.0200329870715266
1191,15070.11056,2,72900005.248,0.0235662917204499
1192,15070.13056,1,72900025.28,0.0200616714815498
1193,15070.15056,2,72900045.4912,0.0234966295818223
1194,15070.17056,1,72900065.28,0.0200391337308173
1195,15070.19056,2,72900085.2992,0.0235386317536419
1196,15070.21056,1,72900105.2544,0.0200473292765382
1197,15070.23056,2,72900125.2736,0.0235621939475895
1198,15070.25056,1,72900145.2928,0.020026840412236
1199,15070.27056,2,72900165.2992,0.0235324850943512
1200,15070.29056,1,72900185.28,0.0200084004343639
1201,15070.31056,2,72900205.2608,0.0235273628782757
1202,15070.33056,1,72900225.4848,0.0200862581187125
1203,15070.35056,2,72900245.3504,0.0235867805847522
1204,15070.37056,1,72900265.2928,0.0201702624623517
1205,15070.39056,2,72900285.2864,0.0236410760751532
1206,15070.41056,1,72900305.3568,0.0200770381297765
1207,15070.43056,2,72900325.376,0.0235908783576126
1208,15070.45056,1,72900345.3824,0.0200975269940787
1209,15070.47056,2,72900365.2992,0.0235345339807814
1210,15070.49056,1,72900385.3952,0.0201006003237241
1211,15070.51056,2,72900405.312,0.0236041961194091
1212,15070.53056,1,72900425.2928,0.0200831847890671
1213,15070.55056,2,72900445.3632,0.0235662917204499
1214,15070.57056,1,72900465.344,0.0200483537197533
1215,15070.59056,2,72900485.5424,0.0234997029114676
1216,15070.61056,1,72900505.2672,0.0200278648554511
1217,15070.63056,2,72900525.2864,0.0235386317536419
1218,15070.65056,1,72900545.3824,0.02006372036798
1219,15070.67056,2,72900565.3248,0.0235376073104268
1220,15070.69056,1,72900585.5488,0.0200319626283115
1221,15070.71056,2,72900605.4016,0.0235109717868339
1222,15070.73056,1,72900625.4592,0.0200329870715266
1223,15070.75056,2,72900645.4912,0.0234904829225316
1224,15070.77056,1,72900665.3696,0.0200247915258057
1225,15070.79056,2,72900685.4528,0.0234751162743049
1226,15070.81056,1,72900705.344,0.0200340115147417
1227,15070.83056,2,72900725.3888,0.0234822873768107
1228,15070.85056,1,72900745.4464,0.020036060401172
1229,15070.87056,2,72900765.4528,0.0235509250722232
1230,15070.89056,1,72900785.3568,0.019990984899707
1231,15070.91056,2,72900805.2992,0.0234228696703342
1232,15070.93056,1,72900825.3056,0.0200688425840556
1233,15070.95056,2,72900845.3504,0.023485360706456
1234,15070.97056,1,72900865.3184,0.0200391337308173
1235,15070.99056,2,72900885.376,0.0235294117647059
1236,15071.01056,1,72900905.3568,0.0200463048333231
1237,15071.03056,2,72900925.6448,0.023548876185793
1238,15071.05056,1,72900945.3824,0.0200524514926138
1239,15071.07056,2,72900965.44,0.0235632183908046
1240,15071.09056,1,72900985.3824,0.0200954781076485
1241,15071.11056,2,72901006.1696,0.0235560472882988
1242,15071.13056,1,72901025.4336,0.0200165959800848
1243,15071.15056,2,72901045.3376,0.0236011227897638
1244,15071.17056,1,72901065.3952,0.0200401581740324
1245,15071.19056,2,72901085.3888,0.0235611695043744
1246,15071.21056,1,72901105.4592,0.0200667936976253
1247,15071.23056,2,72901125.3888,0.0236257094269265
1248,15071.25056,1,72901145.4336,0.0200903558915729
1249,15071.27056,2,72901165.3888,0.023666687155531
1250,15071.29056,1,72901185.3824,0.0201374802794681
1251,15071.31056,2,72901205.504,0.0236461982912287
1252,15071.33056,1,72901225.6384,0.0200862581187125
1253,15071.35056,2,72901245.5296,0.0237332759645133
1254,15071.37056,1,72901265.4464,0.0201159669719507
1255,15071.39056,2,72901285.3632,0.0236113672219149
1256,15071.41056,1,72901305.6256,0.0201846046673633
1257,15071.43056,2,72901325.504,0.0235929272440429
1258,15071.45056,1,72901345.4592,0.0200606470383347
1259,15071.47056,2,72901365.5552,0.023640051631938
1260,15071.49056,1,72901385.5232,0.0200616714815498
1261,15071.51056,2,72901405.376,0.0236011227897638
1262,15071.53056,1,72901425.4592,0.0201221136312414
1263,15071.55056,2,72901445.44,0.0236687360419612
1264,15071.57056,1,72901465.3952,0.0201026492101543
1265,15071.59056,2,72901485.4784,0.0236175138812056
1266,15071.61056,1,72901505.408,0.0201221136312414
1267,15071.63056,2,72901525.3888,0.0238254758538734
1268,15071.65056,1,72901545.9584,0.020190751326654
1269,15071.67056,2,72901565.5424,0.0237783514659782
1270,15071.69056,1,72901585.6128,0.0201251869608868
1271,15071.71056,2,72901605.4144,0.0237271293052226
1272,15071.73056,1,72901625.6,0.0201210891880263
1273,15071.75056,2,72901645.5296,0.0236656627123159
1274,15071.77056,1,72901665.4592,0.0201149425287356
1275,15071.79056,2,72901685.4528,0.023694347122339
1276,15071.81056,1,72901705.4208,0.0201354313930379
1277,15071.83056,2,72901725.4272,0.0237261048620075
1278,15071.85056,1,72901745.4208,0.0202050935316655
1279,15071.87056,2,72901765.4272,0.0236390271887229
1280,15071.89056,1,72901785.4336,0.0201200647448112
1281,15071.91056,2,72901805.4016,0.0236205872108509
1282,15071.93056,1,72901825.4336,0.0200749892433462
1283,15071.95056,2,72901845.696,0.0235621939475895
1284,15071.97056,1,72901865.4336,0.0201241625176716
1285,15071.99056,2,72901885.44,0.0236748827012519
1286,15072.01056,1,72901905.472,0.0201190403015961
1287,15072.03056,2,72901925.4528,0.0236236605404962
1288,15072.05056,1,72901945.6256,0.0201507980412646
1289,15072.07056,2,72901965.4656,0.0235775605958162
1290,15072.09056,1,72901985.472,0.0200760136865614
1291,15072.11056,2,72902005.6832,0.0236390271887229
1292,15072.13056,1,72902025.4464,0.0201395291658983
1293,15072.15056,2,72902045.4144,0.0236687360419612
1294,15072.17056,1,72902065.4976,0.0200381092876022
1295,15072.19056,2,72902085.5936,0.0236318560862171
1296,15072.21056,1,72902105.536,0.0201241625176716
1297,15072.23056,2,72902125.5296,0.0236789804741123
1298,15072.25056,1,72902145.6256,0.0200309381850964
1299,15072.27056,2,72902165.4528,0.0236287827565718
1300,15072.29056,1,72902185.7536,0.0201794824512877
1301,15072.31056,2,72902205.5936,0.0236349294158625
1302,15072.33056,1,72902225.6256,0.0200903558915729
1303,15072.35056,2,72902245.5168,0.0236277583133567
1304,15072.37056,1,72902265.5104,0.0200596225951196
1305,15072.39056,2,72902285.5296,0.0236841026901879
1306,15072.41056,1,72902305.6512,0.0200719159137009
1307,15072.43056,2,72902325.5424,0.023666687155531
1308,15072.45056,1,72902345.7408,0.0200934292212183
1309,15072.47056,2,72902365.568,0.0236134161083451
1310,15072.49056,1,72902385.6,0.0200442559468929
1311,15072.51056,2,72902405.504,0.0235703894933104
1312,15072.53056,1,72902425.6256,0.0200616714815498
1313,15072.55056,2,72902445.5168,0.0236195627676358
1314,15072.57056,1,72902465.536,0.0200585981519044
1315,15072.59056,2,72902485.6832,0.0235888294711824
1316,15072.61056,1,72902505.664,0.02006372036798
1317,15072.63056,2,72902525.7728,0.023657467166595
1318,15072.65056,1,72902545.9328,0.0201579691437704
1319,15072.67056,2,72902565.6576,0.0235949761304731
1320,15072.69056,1,72902585.728,0.0201374802794681
1321,15072.71056,2,72902605.4912,0.0235703894933104
1322,15072.73056,1,72902625.6256,0.0201518224844797
1323,15072.75056,2,72902645.6576,0.0235806339254615
1324,15072.77056,1,72902665.536,0.0202470957034852
1325,15072.79056,2,72902685.5424,0.0235806339254615
1326,15072.81056,1,72902705.536,0.0201210891880263
1327,15072.83056,2,72902725.6832,0.0237066404409204
1328,15072.85056,1,72902745.7536,0.0201262114041019
1329,15072.87056,2,72902765.5168,0.0236390271887229
1330,15072.89056,1,72902785.5744,0.0201528469276948
1331,15072.91056,2,72902805.696,0.0237240559755773
1332,15072.93056,1,72902825.6256,0.020209191304526
1333,15072.95056,2,72902845.8368,0.0237640092609667
1334,15072.97056,1,72902865.5744,0.0201262114041019
1335,15072.99056,2,72902885.5808,0.0237056159977052
1336,15073.010592,1,72902905.6768,0.0201292847337472
1337,15073.030592,2,72902925.696,0.0236615649394554
1338,15073.050592,1,72902945.7536,0.0202102157477411
1339,15073.070592,2,72902965.5936,0.0236523449505194
1340,15073.090592,1,72902985.7664,0.020218411293462
1341,15073.110592,2,72903005.888,0.0235642428340197
1342,15073.130592,1,72903025.8048,0.0201600180302006
1343,15073.150592,2,72903045.6448,0.0236318560862171
1344,15073.170592,1,72903065.6,0.0201569447005552
1345,15073.190592,2,72903085.6704,0.023657467166595
1346,15073.210592,1,72903105.5744,0.0201385047226832
1347,15073.230592,2,72903125.6704,0.0236841026901879
1348,15073.250592,1,72903145.6768,0.0200493781629684
1349,15073.270592,2,72903165.5936,0.0236287827565718
1350,15073.290592,1,72903185.664,0.0200872825619276
1351,15073.310592,2,72903205.6448,0.02361239166513
1352,15073.330592,1,72903225.8048,0.020091380334788
1353,15073.350592,2,72903246.0288,0.0236492716208741
1354,15073.370592,1,72903265.7152,0.0201774335648575
1355,15073.390592,2,72903285.632,0.0236205872108509
1356,15073.410592,1,72903305.6768,0.0201231380744565
1357,15073.430592,2,72903325.6704,0.0236134161083451
1358,15073.450592,1,72903345.6384,0.0201866535537935
1359,15073.470592,2,72903365.5936,0.0236267338701416
1360,15073.490592,1,72903385.6128,0.0200924047780032
1361,15073.510592,2,72903405.7088,0.0236513205073043
1362,15073.530592,1,72903425.6256,0.0201344069498228
1363,15073.550592,2,72903445.632,0.0235960005736882
1364,15073.570592,1,72903465.6512,0.0201344069498228
1365,15073.590592,2,72903485.6064,0.0236748827012519
1366,15073.610592,1,72903505.7536,0.0201282602905321
1367,15073.630592,2,72903525.6448,0.023666687155531
1368,15073.650592,1,72903545.9072,0.0201538713709099
1369,15073.670592,2,72903565.632,0.0235714139365255
1370,15073.690592,1,72903585.9456,0.0200801114594218
1371,15073.710592,2,72903605.632,0.0236205872108509
1372,15073.730592,1,72903625.6512,0.0201579691437704
1373,15073.750592,2,72903645.6448,0.0236728338148216
1374,15073.770592,1,72903665.856,0.020154895814125
1375,15073.790592,2,72903685.9264,0.0237004937816297
1376,15073.810592,1,72903705.92,0.0201743602352122
1377,15073.830592,2,72903725.7472,0.0237107382137808
1378,15073.850592,1,72903745.6896,0.0201753846784273
1379,15073.870592,2,72903765.7088,0.0236933226791239
1380,15073.890592,1,72903785.8432,0.0200852336754974
1381,15073.910592,2,72903805.824,0.0237045915544901
1382,15073.930592,1,72903825.7792,0.0201159669719507
1383,15073.950592,2,72903846.1184,0.0237937181142049
1384,15073.970592,1,72903865.664,0.0201231380744565
1385,15073.990592,2,72903885.7472,0.0238234269674432
1386,15074.010592,1,72903905.8944,0.0201241625176716
1387,15074.030592,2,72903925.6704,0.0238418669453152
1388,15074.050592,1,72903945.6896,0.0201405536091134
1389,15074.070592,2,72903965.8752,0.0238736246849837
1390,15074.090592,1,72903985.792,0.0201835802241482
1391,15074.110592,2,72904005.6704,0.023830598069949
1392,15074.130592,1,72904025.92,0.0201569447005552
1393,15074.150592,2,72904045.696,0.0238685024689081
1394,15074.170592,1,72904065.8432,0.0201784580080726
1395,15074.190592,2,72904085.8752,0.0237732292499027
1396,15074.210592,1,72904106.0992,0.020173335791997
1397,15074.230592,2,72904125.888,0.0238203536377979
1398,15074.250592,1,72904145.7408,0.0201313336201774
1399,15074.270592,2,72904165.7088,0.0236994693384146
1400,15074.290592,1,72904185.8944,0.020145675825189
1401,15074.310592,2,72904205.9776,0.0237711803634725
1402,15074.330592,1,72904225.9712,0.0201682135759215
1403,15074.350592,2,72904245.9264,0.0237281537484377
1404,15074.370592,1,72904265.7536,0.0200924047780032
1405,15074.390592,2,72904285.7728,0.0236492716208741
1406,15074.410592,1,72904305.8688,0.0201282602905321
1407,15074.430592,2,72904325.7088,0.0236718093716065
1408,15074.450592,1,72904345.856,0.0201692380191366
1409,15074.470592,2,72904365.9136,0.0236933226791239
1410,15074.490592,1,72904385.7792,0.0201917757698691
1411,15074.510592,2,72904405.8112,0.0237138115434261
1412,15074.530592,1,72904425.984,0.0201671891327064
1413,15074.550592,2,72904446.1952,0.0237199582027168
1414,15074.570592,1,72904465.9072,0.0201385047226832
1415,15074.590592,2,72904485.9392,0.0237517159423853
1416,15074.610592,1,72904505.7664,0.0201149425287356
1417,15074.630592,2,72904525.7728,0.0237158604298564
1418,15074.650592,1,72904545.8048,0.019990984899707
1419,15074.670592,2,72904565.8496,0.0236349294158625
1420,15074.690592,1,72904585.792,0.019981764910771
1421,15074.710592,2,72904605.7984,0.0235283873214908
1422,15074.730592,1,72904626.1376,0.0200063515479337
1423,15074.750592,2,72904645.888,0.0235560472882988
1424,15074.770592,1,72904665.984,0.0199500071711025
1425,15074.790592,2,72904685.9392,0.0235376073104268
1426,15074.810592,1,72904706.1248,0.0199868871268466
1427,15074.830592,2,72904725.952,0.023448480750712
1428,15074.850592,1,72904745.9712,0.0200463048333231
1429,15074.870592,2,72904765.7856,0.02347614071752
1430,15074.890592,1,72904786.2784,0.0200237670825906
1431,15074.910592,2,72904805.7984,0.0234966295818223
1432,15074.930592,1,72904825.8688,0.0200309381850964
1433,15074.950592,2,72904845.8624,0.0235837072551069
1434,15074.970592,1,72904866.4832,0.0200084004343639
1435,15074.990592,2,72904885.824,0.0236185383244207
1436,15075.010592,1,72904906.2528,0.0199776671379105
1437,15075.030592,2,72904925.7728,0.0235150695596943
1438,15075.050592,1,72904945.9456,0.020045280390108
1439,15075.070592,2,72904965.8368,0.023548876185793
1440,15075.090592,1,72904985.8304,0.020072940356916
1441,15075.110592,2,72905005.8496,0.0236287827565718
1442,15075.130592,1,72905025.92,0.0200155715368697
1443,15075.150592,2,72905045.952,0.0236000983465487
1444,15075.170592,1,72905066.048,0.0200442559468929
1445,15075.190592,2,72905085.8624,0.0235611695043744
1446,15075.210592,1,72905105.92,0.0201026492101543
1447,15075.230592,2,72905126.016,0.0236011227897638
1448,15075.250592,1,72905145.8688,0.0199766426946954
1449,15075.270592,2,72905165.952,0.0236482471776589
1450,15075.290592,1,72905186.0736,0.0201026492101543
1451,15075.310592,2,72905205.8112,0.0236267338701416
1452,15075.330592,1,72905226.176,0.0199950826725675
1453,15075.350592,2,72905246.1056,0.0236318560862171
1454,15075.370592,1,72905266.0096,0.0199868871268466
1455,15075.390592,2,72905286.1056,0.0237179093162866
1456,15075.410592,1,72905305.8304,0.0200616714815498
1457,15075.430592,2,72905325.8624,0.023703567111275
1458,15075.450592,1,72905345.8944,0.0200329870715266
1459,15075.470592,2,72905365.9008,0.0236728338148216
1460,15075.490592,1,72905385.984,0.0200319626283115
1461,15075.510592,2,72905405.9392,0.0235826828118917
1462,15075.530592,1,72905426.0608,0.0200145470936546
1463,15075.550592,2,72905445.8496,0.0236318560862171
1464,15075.570592,1,72905465.9072,0.0199981560022128
1465,15075.590592,2,72905486.3232,0.0236134161083451
1466,15075.610592,1,72905506.2144,0.0200299137418813
1467,15075.630592,2,72905526.0672,0.0236605404962403
1468,15075.650592,1,72905545.9968,0.0200155715368697
1469,15075.670592,2,72905565.9392,0.0235693650500953
1470,15075.690592,1,72905586.0352,0.0200135226504395
1471,15075.710592,2,72905606.08,0.0236205872108509
1472,15075.730592,1,72905626.7904,0.0200319626283115
1473,15075.750592,2,72905646.4512,0.0236093183354847
1474,15075.770592,1,72905666.0352,0.0200432315036778
1475,15075.790592,2,72905685.8624,0.0235888294711824
1476,15075.810592,1,72905706.2272,0.0200493781629684
1477,15075.830592,2,72905726.016,0.0236205872108509
1478,15075.850592,1,72905745.92,0.0200217181961604
1479,15075.870592,2,72905765.9264,0.0236779560308972
1480,15075.890592,1,72905786.0096,0.0199797160243408
1481,15075.910592,2,72905805.9392,0.0236205872108509
1482,15075.930592,1,72905826.1504,0.0200473292765382
1483,15075.950592,2,72905845.9904,0.0236205872108509
1484,15075.970592,1,72905866.5088,0.0200114737640093
1485,15075.990592,2,72905885.9136,0.0235621939475895
1486,15076.010592,1,72905905.9072,0.0200514270493987
1487,15076.030592,2,72905926.1312,0.0236236605404962
1488,15076.050592,1,72905945.9328,0.0200022537750732
1489,15076.070592,2,72905966.1568,0.0236492716208741
1490,15076.090592,1,72905986.1888,0.0201006003237241
1491,15076.110592,2,72906005.9264,0.0236646382691007
1492,15076.130592,1,72906025.9968,0.0200196693097302
1493,15076.150592,2,72906046.1696,0.0236543938369496
1494,15076.170592,1,72906065.9584,0.019990984899707
1495,15076.190592,2,72906085.9648,0.0236380027455078
1496,15076.210592,1,72906106.2144,0.0200237670825906
1497,15076.230592,2,72906126.0672,0.0235806339254615
1498,15076.250592,1,72906146.24,0.0200924047780032
1499,15076.270592,2,72906165.9776,0.0235314606511361
1500,15076.290592,1,72906187.8656,0.0200463048333231
1501,15076.310592,2,72906206.016,0.023603171676194
1502,15076.330592,1,72906226.1248,0.0200842092322823
1503,15076.350592,2,72906246.1184,0.0235294117647059
1504,15076.370592,1,72906266.0736,0.0200504026061835
1505,15076.390592,2,72906286.784,0.0236103427786998
1506,15076.410592,1,72906306.1248,0.0199899604564919
1507,15076.430592,2,72906325.9648,0.0236595160530252
1508,15076.450592,1,72906346.2528,0.0200104493207941
1509,15076.470592,2,72906366.2848,0.0236093183354847
1510,15076.490592,1,72906385.9712,0.0200708914704858
1511,15076.510592,2,72906406.016,0.0235427295265023
1512,15076.530592,1,72906426.3936,0.0200114737640093
1513,15076.550592,2,72906446.3616,0.023539656196857
1514,15076.570592,1,72906466.0096,0.0199879115700617
1515,15076.590592,2,72906486.5792,0.0235765361526011
1516,15076.610592,1,72906506.1376,0.0200780625729916
1517,15076.630592,2,72906526.272,0.0235878050279673
1518,15076.650592,1,72906546.1504,0.0200760136865614
1519,15076.670592,2,72906566.08,0.023603171676194
1520,15076.690592,1,72906586.0608,0.0199786915811257
1521,15076.710592,2,72906606.0928,0.0234740918310898
1522,15076.730592,1,72906626.176,0.0200657692544102
1523,15076.750592,2,72906646.3232,0.0235539984018686
1524,15076.770592,1,72906666.0224,0.0200657692544102
1525,15076.790592,2,72906686.4256,0.023593951687258
1526,15076.810592,1,72906706.24,0.0201036736533694
1527,15076.830592,2,72906726.1824,0.0235898539143975
1528,15076.850592,1,72906746.5472,0.0201313336201774
1529,15076.870592,2,72906766.3616,0.0235929272440429
1530,15076.890592,1,72906786.2528,0.0201231380744565
1531,15076.910592,2,72906806.2592,0.0237179093162866
1532,15076.930592,1,72906826.2016,0.0200770381297765
1533,15076.950592,2,72906846.0544,0.0236164894379905
1534,15076.970592,1,72906866.4064,0.0201149425287356
1535,15076.990592,2,72906886.1568,0.0236103427786998
1536,15077.010592,1,72906906.2528,0.0201866535537935
1537,15077.030592,2,72906926.4,0.0236410760751532
1538,15077.050592,1,72906946.4192,0.020118015858381
1539,15077.070592,2,72906966.2976,0.0236298071997869
1540,15077.090592,1,72906986.304,0.0201077714262298
1541,15077.110592,2,72907006.1824,0.0236728338148216
1542,15077.130592,1,72907026.2272,0.0200534759358289
1543,15077.150592,2,72907046.2976,0.0237332759645133
1544,15077.170592,1,72907066.112,0.0200790870162067
1545,15077.190592,2,72907086.6688,0.0236707849283914
1546,15077.210592,1,72907106.2912,0.0200893314483578
1547,15077.230592,2,72907126.3488,0.0237025426680599
1548,15077.250592,1,72907146.2784,0.0201313336201774
1549,15077.270592,2,72907166.528,0.0237343004077284
1550,15077.290592,1,72907186.2912,0.0201354313930379
1551,15077.310592,2,72907206.1184,0.0236912737926937
1552,15077.330592,1,72907226.5856,0.0201190403015961
1553,15077.350592,2,72907246.08,0.0237148359866413
1554,15077.370592,1,72907266.1504,0.0200842092322823
1555,15077.390592,2,72907286.2592,0.0236677115987461
1556,15077.410592,1,72907306.1632,0.0201477247116192
1557,15077.430592,2,72907326.0672,0.0237332759645133
1558,15077.450592,1,72907346.1504,0.0201077714262298
1559,15077.470592,2,72907366.1056,0.0237117626569959
1560,15077.490592,1,72907386.24,0.0201477247116192
1561,15077.510592,2,72907406.208,0.0237906447845596
1562,15077.530592,1,72907426.1632,0.0201016247669392
1563,15077.550592,2,72907446.2848,0.0237998647734956
1564,15077.570592,1,72907466.496,0.020154895814125
1565,15077.590592,2,72907486.2592,0.0237752781363329
1566,15077.610592,1,72907506.5344,0.0201169914151659
1567,15077.630592,2,72907526.0928,0.0237906447845596
1568,15077.650592,1,72907546.6752,0.0201630913598459
1569,15077.670592,2,72907566.3616,0.0237558137152458
1570,15077.690592,1,72907586.0864,0.0201241625176716
1571,15077.710592,2,72907606.0928,0.0237558137152458
1572,15077.730592,1,72907626.2144,0.0200995758805089
1573,15077.750592,2,72907646.2848,0.0237752781363329
1574,15077.770592,1,72907666.4448,0.0200872825619276
1575,15077.790592,2,72907686.5792,0.0237885958981294
1576,15077.810592,1,72907706.2528,0.0201610424734157
1577,15077.830592,2,72907726.2976,0.0238224025242281
1578,15077.850592,1,72907746.3936,0.0201784580080726
1579,15077.870592,2,72907766.272,0.0238726002417686
1580,15077.890592,1,72907786.1504,0.0200790870162067
1581,15077.910592,2,72907806.2464,0.0237804003524085
1582,15077.930592,1,72907826.688,0.0201159669719507
1583,15077.950592,2,72907846.528,0.0237373737373737
1584,15077.970592,1,72907866.4448,0.0201149425287356
1585,15077.990592,2,72907886.7712,0.0237424959534493
1586,15078.010592,1,72907906.7136,0.0200883070051427
1587,15078.030592,2,72907926.2976,0.0237588870448911
1588,15078.050592,1,72907946.2784,0.0201190403015961
1589,15078.070592,2,72907966.464,0.0237660581473969
1590,15078.090592,1,72907986.5344,0.0200903558915729
1591,15078.110592,2,72908006.1952,0.023685127133403
1592,15078.130592,1,72908026.4704,0.0200299137418813
1593,15078.150592,2,72908046.1568,0.023666687155531
1594,15078.170592,1,72908066.2144,0.0201221136312414
1595,15078.190592,2,72908086.528,0.0236871760198332
1596,15078.210592,1,72908106.2656,0.0201385047226832
1597,15078.230592,2,72908126.2592,0.023675907144467
1598,15078.250592,1,72908146.2528,0.0202009957588051
1599,15078.270592,2,72908166.3232,0.0237086893273506
1600,15078.290592,1,72908186.24,0.0201446513819739
1601,15078.310592,2,72908207.104,0.0237056159977052
1602,15078.330592,1,72908226.4832,0.0200657692544102
1603,15078.350592,2,72908246.464,0.0237783514659782
1604,15078.370592,1,72908266.496,0.0200678181408405
1605,15078.390592,2,72908286.2208,0.0237619603745364
1606,15078.410592,1,72908306.5984,0.0201487491548343
1607,15078.430592,2,72908326.6816,0.0237588870448911
1608,15078.450592,1,72908347.2512,0.0200790870162067
1609,15078.470592,2,72908366.464,0.0237701559202573
1610,15078.490592,1,72908386.8416,0.0201333825066077
1611,15078.510592,2,72908406.208,0.0237588870448911
1612,15078.530592,1,72908426.3168,0.020118015858381
1613,15078.550592,2,72908446.2592,0.0237988403302805
1614,15078.570592,1,72908466.5984,0.0201098203126601
1615,15078.590592,2,72908486.4768,0.0238111336488618
1616,15078.610592,1,72908506.6112,0.0201344069498228
1617,15078.630592,2,72908526.7456,0.0237373737373737
1618,15078.650592,1,72908546.7904,0.0201620669166308
1619,15078.670592,2,72908566.3232,0.0237988403302805
1620,15078.690592,1,72908586.2272,0.0201917757698691
1621,15078.710592,2,72908606.4,0.0238162558649374
1622,15078.730592,1,72908626.2528,0.020164115803061
1623,15078.750592,2,72908646.5024,0.0238080603192165
1624,15078.770592,1,72908666.4832,0.0201846046673633
1625,15078.790592,2,72908686.7712,0.0238326469563792
1626,15078.810592,1,72908706.8928,0.0201661646894913
1627,15078.830592,2,72908726.6048,0.0238234269674432
1628,15078.850592,1,72908746.4448,0.0201128936423054
1629,15078.870592,2,72908766.3232,0.0237804003524085
1630,15078.890592,1,72908786.2528,0.020136455836253
1631,15078.910592,2,72908806.2464,0.0237476181695249
1632,15078.930592,1,72908826.4192,0.0200483537197533
1633,15078.950592,2,72908846.6048,0.0237179093162866
1634,15078.970592,1,72908866.5472,0.0200760136865614
1635,15078.990592,2,72908886.6944,0.0237496670559551
1636,15079.010592,1,72908906.752,0.0201436269387588
1637,15079.030592,2,72908926.848,0.0237742536931178
1638,15079.050592,1,72908947.008,0.0200934292212183
1639,15079.070592,2,72908966.7584,0.0236062450058393
1640,15079.090592,1,72908986.2912,0.0200647448111951
1641,15079.110592,2,72909006.3488,0.0236800049173274
1642,15079.130592,1,72909026.3552,0.0200473292765382
1643,15079.150592,2,72909046.8352,0.0237302026348679
1644,15079.170592,1,72909066.752,0.0200831847890671
1645,15079.190592,2,72909087.1296,0.0236912737926937
1646,15079.210592,1,72909106.2784,0.0199940582293523
1647,15079.230592,2,72909126.9632,0.0235734628229557
1648,15079.250592,1,72909146.5728,0.0199602516032536
1649,15079.270592,2,72909166.3744,0.0235509250722232
1650,15079.290592,1,72909186.3168,0.0200299137418813
1651,15079.310592,2,72909206.848,0.0236062450058393
1652,15079.330592,1,72909226.304,0.0200483537197533
1653,15079.350592,2,72909246.6048,0.023584731698322
1654,15079.370592,1,72909266.9696,0.0200688425840556
1655,15079.390592,2,72909286.4256,0.0235130206732641
1656,15079.410592,1,72909306.7136,0.0200012293318581
1657,15079.430592,2,72909326.4768,0.0236072694490544
1658,15079.450592,1,72909346.4064,0.0200483537197533
1659,15079.470592,2,72909366.3488,0.0236072694490544
1660,15079.490592,1,72909386.3168,0.0200688425840556
1661,15079.510592,2,72909406.5792,0.0235201917757699
1662,15079.530592,1,72909426.6496,0.0201262114041019
1663,15079.550592,2,72909446.9376,0.0236257094269265
1664,15079.570592,1,72909466.9312,0.0199899604564919
1665,15079.590592,2,72909486.336,0.0236195627676358
1666,15079.610592,1,72909506.5216,0.0200422070604626
1667,15079.630592,2,72909526.3488,0.0237609359313213
1668,15079.650592,1,72909546.496,0.0200309381850964
1669,15079.670592,2,72909566.7328,0.0237025426680599
1670,15079.690592,1,72909586.368,0.0200698670272707
1671,15079.710592,2,72909606.6176,0.0236656627123159
1672,15079.730592,1,72909626.8032,0.0201026492101543
1673,15079.750592,2,72909646.4,0.0237383981805888
1674,15079.770592,1,72909666.624,0.0201282602905321
1675,15079.790592,2,72909686.464,0.0236841026901879
1676,15079.810592,1,72909706.8416,0.0201046980965845
1677,15079.830592,2,72909726.6176,0.0237978158870654
1678,15079.850592,1,72909746.4832,0.0201108447558752
1679,15079.870592,2,72909766.4,0.0237138115434261
1680,15079.890592,1,72909786.4448,0.0201292847337472
1681,15079.910592,2,72909806.4896,0.0237445448398795
1682,15079.930592,1,72909826.5472,0.0201057225397996
1683,15079.950592,2,72909847.0144,0.0238080603192165
1684,15079.970592,1,72909866.4192,0.0201702624623517
1685,15079.990592,2,72909886.6944,0.0237742536931178
1686,15080.010592,1,72909906.5216,0.0202655356813572
1687,15080.030592,2,72909926.4256,0.0237988403302805
1688,15080.050592,1,72909946.9056,0.0201610424734157
1689,15080.070592,2,72909966.6432,0.0237424959534493
1690,15080.090592,1,72909986.5344,0.0201426024955437
1691,15080.110592,2,72910006.3872,0.0236820538037577
1692,15080.130592,1,72910026.8416,0.020091380334788
1693,15080.150592,2,72910046.7456,0.0237865470116991
1694,15080.170592,1,72910067.392,0.0201057225397996
1695,15080.190592,2,72910086.4256,0.0236502960640892
1696,15080.210592,1,72910106.7648,0.0202296801688282
1697,15080.230592,2,72910126.4768,0.023739422623804
1698,15080.250592,1,72910147.0848,0.0201026492101543
1699,15080.270592,2,72910166.4,0.0236656627123159
1700,15080.290592,1,72910186.8416,0.0200995758805089
1701,15080.310592,2,72910206.4256,0.023739422623804
1702,15080.330592,1,72910226.8544,0.0202081668613109
1703,15080.350592,2,72910247.4368,0.0237158604298564
1704,15080.370592,1,72910266.4576,0.0201026492101543
1705,15080.390592,2,72910286.5024,0.0236922982359088
1706,15080.410592,1,72910306.4704,0.0201661646894913
1707,15080.430592,2,72910326.7968,0.0237250804187924
1708,15080.450592,1,72910347.0336,0.0201251869608868
1709,15080.470592,2,72910366.5152,0.0236431249615834
1710,15080.490592,1,72910386.4576,0.0201620669166308
1711,15080.510592,2,72910406.464,0.0236861515766181
1712,15080.530592,1,72910426.4704,0.0201497735980495
1713,15080.550592,2,72910447.1296,0.023621611654066
1714,15080.570592,1,72910466.4576,0.0201958735427295
1715,15080.590592,2,72910486.5152,0.0236892249062634
1716,15080.610592,1,72910506.5472,0.0201385047226832
1717,15080.630592,2,72910528.0384,0.0236164894379905
1718,15080.650592,1,72910547.1104,0.02006372036798
1719,15080.670592,2,72910566.6944,0.0236175138812056
1720,15080.690592,1,72910586.5856,0.0202194357366771
1721,15080.710592,2,72910606.5024,0.023712787100211
1722,15080.730592,1,72910626.4832,0.0201446513819739
1723,15080.750592,2,72910646.6304,0.023621611654066
1724,15080.770592,1,72910666.5216,0.0200811359026369
1725,15080.790592,2,72910686.4768,0.0236595160530252
1726,15080.810592,1,72910706.6112,0.0201190403015961
1727,15080.830592,2,72910727.0912,0.0236421005183683
1728,15080.850592,1,72910746.9952,0.0201712869055668
1729,15080.870592,2,72910766.8608,0.0235949761304731
1730,15080.890592,1,72910786.4832,0.0201487491548343
1731,15080.910592,2,72910806.7584,0.0235601450611593
1732,15080.930592,1,72910827.1488,0.0200883070051427
1733,15080.950592,2,72910846.656,0.0235621939475895
1734,15080.970592,1,72910866.7008,0.0201149425287356
1735,15080.990592,2,72910886.4896,0.0236810293605425
1736,15081.010592,1,72910906.56,0.0200985514372938
1737,15081.030592,2,72910926.4896,0.0236421005183683
1738,15081.050592,1,72910946.56,0.0200483537197533
1739,15081.070592,2,72910966.5664,0.0237076648841355
1740,15081.090592,1,72910986.5088,0.020127235847317
1741,15081.110592,2,72911006.72,0.0236605404962403
1742,15081.130592,1,72911026.9824,0.0201200647448112
1743,15081.150592,2,72911048.3328,0.023593951687258
1744,15081.170592,1,72911066.8032,0.0200903558915729
1745,15081.190592,2,72911086.6176,0.0236451738480136
1746,15081.210592,1,72911106.5984,0.0201262114041019
1747,15081.230592,2,72911126.8736,0.0236492716208741
1748,15081.250592,1,72911147.0336,0.0201036736533694
1749,15081.270592,2,72911166.6304,0.0236687360419612
1750,15081.290592,1,72911186.5728,0.0201968979859446
1751,15081.310592,2,72911206.5536,0.0236789804741123
1752,15081.330592,1,72911226.56,0.0201651402462762
1753,15081.350592,2,72911246.5664,0.0236625893826705
1754,15081.370592,1,72911266.5856,0.0201303091769623
1755,15081.390592,2,72911286.656,0.0236298071997869
1756,15081.410592,1,72911306.56,0.0201344069498228
1757,15081.430592,2,72911326.5408,0.0236974204519843
1758,15081.450592,1,72911346.6112,0.020136455836253
1759,15081.470592,2,72911366.6048,0.023694347122339
1760,15081.490592,1,72911386.624,0.0201538713709099
1761,15081.510592,2,72911406.592,0.0237711803634725
1762,15081.530592,1,72911426.6496,0.0201395291658983
1763,15081.550592,2,72911446.8608,0.0238244514106583
1764,15081.570592,1,72911466.5984,0.0201405536091134
1765,15081.590592,2,72911486.6304,0.0237168848730715
1766,15081.610592,1,72911507.1616,0.020164115803061
1767,15081.630592,2,72911527.0784,0.023767082590612
1768,15081.650592,1,72911547.1232,0.0201128936423054
1769,15081.670592,2,72911566.72,0.0237722048066876
1770,15081.690592,1,72911586.624,0.0201569447005552
1771,15081.710592,2,72911607.1424,0.023712787100211
1772,15081.730592,1,72911626.6112,0.0201784580080726
1773,15081.750592,2,72911646.656,0.0237353248509435
1774,15081.770592,1,72911667.2896,0.0202327534984736
1775,15081.790592,2,72911686.848,0.0237455692830946
1776,15081.810592,1,72911706.5728,0.0201897268834389
1777,15081.830592,2,72911726.592,0.0236451738480136
1778,15081.850592,1,72911746.6624,0.02006372036798
1779,15081.870592,2,72911766.848,0.0236912737926937
1780,15081.890592,1,72911786.6368,0.0201589935869855
1781,15081.910592,2,72911807.2576,0.023666687155531
1782,15081.930592,1,72911826.7136,0.0201436269387588
1783,15081.950592,2,72911846.6816,0.0237373737373737
1784,15081.970592,1,72911866.6496,0.0202409490441945
1785,15081.990592,2,72911886.6176,0.0237967914438503
1786,15082.010592,1,72911906.688,0.0201569447005552
1787,15082.030592,2,72911926.6432,0.0237527403856004
1788,15082.050592,1,72911946.6368,0.0201815313377179
1789,15082.070592,2,72911966.7072,0.0238131825352921
1790,15082.090592,1,72911986.624,0.0202102157477411
1791,15082.110592,2,72912006.7584,0.0238920646628557
1792,15082.130592,1,72912026.8032,0.0201825557809331
1793,15082.150592,2,72912046.6432,0.0238572335935419
1794,15082.170592,1,72912066.624,0.020218411293462
1795,15082.190592,2,72912086.6688,0.0238982113221464
1796,15082.210592,1,72912106.7008,0.0201897268834389
1797,15082.230592,2,72912127.2192,0.0238685024689081
1798,15082.250592,1,72912146.7776,0.0201774335648575
1799,15082.270592,2,72912166.7072,0.0238367447292397
1800,15082.290592,1,72912186.7136,0.0201917757698691
1801,15082.310592,2,72912208.4864,0.0238183047513676
1802,15082.330592,1,72912226.7136,0.0202030446452353
1803,15082.350592,2,72912247.0656,0.0237793759091934
1804,15082.370592,1,72912266.7648,0.020190751326654
1805,15082.390592,2,72912286.7712,0.0237066404409204
1806,15082.410592,1,72912306.7264,0.020145675825189
1807,15082.430592,2,72912326.656,0.0237189337595017
1808,15082.450592,1,72912346.7136,0.0201815313377179
1809,15082.470592,2,72912366.784,0.0237804003524085
1810,15082.490592,1,72912386.7008,0.0201620669166308
1811,15082.510592,2,72912406.7584,0.0238183047513676
1812,15082.530592,1,72912426.7008,0.0201702624623517
1813,15082.550592,2,72912446.784,0.0237834736820538
1814,15082.570592,1,72912466.7392,0.0201989468723749
1815,15082.590592,2,72912486.8352,0.0237804003524085
1816,15082.610592,1,72912506.7008,0.020154895814125
1817,15082.630592,2,72912526.7328,0.0237322515212982
1818,15082.650592,1,72912546.752,0.0201589935869855
1819,15082.670592,2,72912566.7584,0.0237660581473969
1820,15082.690592,1,72912586.8288,0.0202061179748807
1821,15082.710592,2,72912607.1424,0.0237660581473969
1822,15082.730592,1,72912626.944,0.0201784580080726
1823,15082.750592,2,72912648.64,0.0237609359313213
1824,15082.770592,1,72912666.7264,0.0201835802241482
1825,15082.790592,2,72912686.8352,0.0237435203966644
1826,15082.810592,1,72912706.8032,0.020164115803061
1827,15082.830592,2,72912726.72,0.0237250804187924
1828,15082.850592,1,72912746.8288,0.0202296801688282
1829,15082.870592,2,72912766.8352,0.0236922982359088
1830,15082.890592,1,72912786.7904,0.0201897268834389
1831,15082.910592,2,72912806.7456,0.0236646382691007
1832,15082.930592,1,72912826.7648,0.0201753846784273
1833,15082.950592,2,72912846.8352,0.0236257094269265
1834,15082.970592,1,72912866.7648,0.0202081668613109
1835,15082.990592,2,72912886.8224,0.0236769315876821
1836,15083.010592,1,72912907.0208,0.0201702624623517
1837,15083.030592,2,72912926.7456,0.0236144405515602
1838,15083.050592,1,72912946.9696,0.0202030446452353
1839,15083.070592,2,72912966.7584,0.0236769315876821
1840,15083.090592,1,72912986.8544,0.0201221136312414
1841,15083.110592,2,72913006.7712,0.023685127133403
1842,15083.130592,1,72913026.7648,0.0201866535537935
1843,15083.150592,2,72913046.784,0.0237302026348679
1844,15083.170592,1,72913066.7776,0.0201835802241482
1845,15083.190592,2,72913086.9376,0.0238367447292397
1846,15083.210592,1,72913106.7648,0.02019997131559
1847,15083.230592,2,72913126.784,0.0238551847071117
1848,15083.250592,1,72913146.8672,0.0201620669166308
1849,15083.270592,2,72913166.7584,0.0238644046960477
1850,15083.290592,1,72913186.8032,0.0202071424180958
1851,15083.310592,2,72913206.7968,0.0238203536377979
1852,15083.330592,1,72913226.7776,0.02019997131559
1853,15083.350592,2,72913246.8352,0.0238070358760014
1854,15083.370592,1,72913266.7776,0.0202225090663225
1855,15083.390592,2,72913286.784,0.0238019136599258
1856,15083.410592,1,72913306.9824,0.0201579691437704
1857,15083.430592,2,72913326.8864,0.0237496670559551
1858,15083.450592,1,72913346.9056,0.0202716823406479
1859,15083.470592,2,72913366.8992,0.0237640092609667
1860,15083.490592,1,72913386.816,0.0201979224291598
1861,15083.510592,2,72913406.7968,0.0237435203966644
1862,15083.530592,1,72913426.9184,0.0201589935869855
1863,15083.550592,2,72913446.8352,0.0237476181695249
1864,15083.570592,1,72913467.0976,0.0201917757698691
1865,15083.590592,2,72913486.8224,0.0238019136599258
1866,15083.610592,1,72913507.1872,0.0201846046673633
1867,15083.630592,2,72913526.8736,0.0237773270227631
1868,15083.650592,1,72913547.072,0.0201108447558752
1869,15083.670592,2,72913567.0016,0.0237025426680599
1870,15083.690592,1,72913587.0976,0.0201764091216424
1871,15083.710592,2,72913606.9632,0.023712787100211
1872,15083.730592,1,72913626.9184,0.020136455836253
1873,15083.750592,2,72913647.0272,0.0237681070338271
1874,15083.770592,1,72913666.9696,0.0201794824512877
1875,15083.790592,2,72913686.9376,0.0236933226791239
1876,15083.810592,1,72913707.2896,0.0202132890773864
1877,15083.830592,2,72913726.9376,0.0237148359866413
1878,15083.850592,1,72913746.8928,0.0202522179195607
1879,15083.870592,2,72913766.8992,0.0237916692277747
1880,15083.890592,1,72913786.8544,0.0201712869055668
1881,15083.910592,2,72913806.9504,0.0237978158870654
1882,15083.930592,1,72913827.1744,0.0201846046673633
1883,15083.950592,2,72913846.8352,0.0236543938369496
1884,15083.970592,1,72913866.9184,0.0201467002684041
1885,15083.990592,2,72913887.0144,0.0236082938922696
1886,15084.010592,1,72913906.9312,0.0202040690884504
1887,15084.030592,2,72913926.9888,0.0237189337595017
1888,15084.050592,1,72913946.8672,0.0202040690884504
1889,15084.070592,2,72913966.9376,0.0237045915544901
1890,15084.090592,1,72913986.9952,0.0201815313377179
1891,15084.110592,2,72914007.168,0.0236748827012519
1892,15084.130592,1,72914027.0464,0.0201426024955437
1893,15084.150592,2,72914047.0144,0.0237015182248448
1894,15084.170592,1,72914066.944,0.0201846046673633
1895,15084.190592,2,72914086.8992,0.023694347122339
1896,15084.210592,1,72914106.9696,0.0202071424180958
1897,15084.230592,2,72914127.6288,0.0236820538037577
1898,15084.250592,1,72914147.0336,0.0202235335095376
1899,15084.270592,2,72914166.9888,0.0237476181695249
1900,15084.290592,1,72914186.9568,0.0201784580080726
1901,15084.310592,2,72914207.5392,0.0237343004077284
1902,15084.330592,1,72914226.9056,0.0202307046120434
1903,15084.350592,2,72914247.0016,0.0237138115434261
1904,15084.370592,1,72914266.9184,0.0201938246562993
1905,15084.390592,2,72914287.0784,0.0237445448398795
1906,15084.410592,1,72914306.9952,0.0202614379084967
1907,15084.430592,2,72914327.3472,0.0237189337595017
1908,15084.450592,1,72914347.0976,0.020145675825189
1909,15084.470592,2,72914367.6544,0.0237189337595017
1910,15084.490592,1,72914386.9824,0.0201528469276948
1911,15084.510592,2,72914407.1424,0.0236697604851763
1912,15084.530592,1,72914427.5584,0.0202245579527527
1913,15084.550592,2,72914446.9376,0.0237199582027168
1914,15084.570592,1,72914467.2128,0.0201723113487819
1915,15084.590592,2,72914487.0272,0.0237168848730715
1916,15084.610592,1,72914507.9936,0.0202542668059909
1917,15084.630592,2,72914527.3984,0.0236830782469728
1918,15084.650592,1,72914547.0976,0.0202389001577643
1919,15084.670592,2,72914566.9632,0.0237097137705657
1920,15084.690592,1,72914586.9312,0.0201764091216424
1921,15084.710592,2,72914606.9248,0.0237138115434261
1922,15084.730592,1,72914626.9184,0.0202604134652816
1923,15084.750592,2,72914647.0016,0.0237240559755773
1924,15084.770592,1,72914667.1488,0.0202194357366771
1925,15084.790592,2,72914686.9504,0.0237158604298564
1926,15084.810592,1,72914706.9568,0.0202225090663225
1927,15084.830592,2,72914727.552,0.0237363492941586
1928,15084.850592,1,72914747.136,0.0202030446452353
1929,15084.870592,2,72914766.9888,0.0236748827012519
1930,15084.890592,1,72914787.6736,0.0202061179748807
1931,15084.910592,2,72914807.1296,0.0237056159977052
1932,15084.930592,1,72914827.1872,0.0201866535537935
1933,15084.950592,2,72914847.168,0.0236636138258856
1934,15084.970592,1,72914867.1488,0.0202317290552585
1935,15084.990592,2,72914886.9888,0.0236963960087692
1936,15085.010592,1,72914907.1104,0.0202317290552585
1937,15085.030592,2,72914927.04,0.0237424959534493
1938,15085.050592,1,72914947.0976,0.0202040690884504
1939,15085.070592,2,72914967.2192,0.023739422623804
1940,15085.090592,1,72914987.6736,0.0202050935316655
1941,15085.110592,2,72915007.0144,0.0237117626569959
1942,15085.130592,1,72915026.9952,0.0202245579527527
1943,15085.150592,2,72915047.104,0.0237445448398795
1944,15085.170592,1,72915066.9824,0.0202583645788514
1945,15085.190592,2,72915087.0016,0.0237056159977052
1946,15085.210592,1,72915107.0464,0.020263486794927
1947,15085.230592,2,72915127.1168,0.0237230315323622
1948,15085.250592,1,72915147.0208,0.020209191304526
1949,15085.270592,2,72915167.7568,0.023712787100211
1950,15085.290592,1,72915188.0064,0.0201897268834389
1951,15085.310592,2,72915207.0784,0.0236656627123159
1952,15085.330592,1,72915227.0976,0.0202327534984736
1953,15085.350592,2,72915247.104,0.0236800049173274
1954,15085.370592,1,72915267.0464,0.02019997131559
1955,15085.390592,2,72915287.1808,0.023685127133403
1956,15085.410592,1,72915307.2,0.0202071424180958
1957,15085.430592,2,72915327.1936,0.0237271293052226
1958,15085.450592,1,72915347.0592,0.0202829512160141
1959,15085.470592,2,72915367.0912,0.0237373737373737
1960,15085.490592,1,72915387.2128,0.0202296801688282
1961,15085.510592,2,72915407.2192,0.023739422623804
1962,15085.530592,1,72915427.2512,0.02024607126027
1963,15085.550592,2,72915447.4368,0.0237640092609667
1964,15085.570592,1,72915467.1488,0.0202481201467003
1965,15085.590592,2,72915487.0784,0.0237916692277747
1966,15085.610592,1,72915507.3152,0.0202194357366771
1967,15085.630592,2,72915527.04,0.0237527403856004
1968,15085.650592,1,72915547.904,0.0202307046120434
1969,15085.670592,2,72915567.3216,0.0237343004077284
1970,15085.690592,1,72915587.1488,0.02019997131559
1971,15085.710592,2,72915607.1808,0.02379474255742
1972,15085.730592,1,72915627.3408,0.0202573401356363
1973,15085.750592,2,72915647.2064,0.0238131825352921
1974,15085.770592,1,72915667.0976,0.0201651402462762
1975,15085.790592,2,72915687.2192,0.0237885958981294
1976,15085.810592,1,72915707.136,0.0201887024402237
1977,15085.830592,2,72915727.104,0.0238183047513676
1978,15085.850592,1,72915748.2624,0.0201712869055668
1979,15085.870592,2,72915767.6672,0.0238203536377979
1980,15085.890592,1,72915787.1872,0.0201815313377179
1981,15085.910592,2,72915807.5776,0.0238101092056467
1982,15085.930592,1,72915827.136,0.0201815313377179
1983,15085.950592,2,72915847.1296,0.0237506914991702
1984,15085.970592,1,72915867.0848,0.0202429979306247
1985,15085.990592,2,72915887.0912,0.0237558137152458
1986,15086.010624,1,72915907.392,0.0201303091769623
1987,15086.030624,2,72915927.1296,0.0238224025242281
1988,15086.050624,1,72915947.1488,0.0201764091216424
1989,15086.070624,2,72915967.1168,0.023912553527158
1990,15086.090624,1,72915987.3024,0.0202266068391829
1991,15086.110624,2,72916007.6544,0.0239268957321696
1992,15086.130624,1,72916027.1744,0.0201774335648575
1993,15086.150624,2,72916048.3584,0.023876698014629
1994,15086.170624,1,72916067.0976,0.0202409490441945
1995,15086.190624,2,72916087.1808,0.0238623558096175
1996,15086.210624,1,72916107.1104,0.0202194357366771
1997,15086.230624,2,72916127.4496,0.0237732292499027
1998,15086.250624,1,72916147.1488,0.0201928002130842
1999,15086.270624,2,72916167.1552,0.0237609359313213
2000,15086.290624,1,72916187.1104,0.020209191304526
2001,15086.310624,2,72916207.36,0.0237527403856004
2002,15086.330624,1,72916227.1744,0.0202296801688282
2003,15086.350624,2,72916247.168,0.0236994693384146
2004,15086.370624,1,72916267.2384,0.0201385047226832
2005,15086.390624,2,72916287.2704,0.0236810293605425
2006,15086.410624,1,72916307.136,0.0201344069498228
2007,15086.430624,2,72916327.1808,0.0236646382691007
2008,15086.450624,1,72916347.2256,0.0201016247669392
2009,15086.470624,2,72916368.5888,0.023657467166595
2010,15086.490624,1,72916387.1744,0.0200555248222591
2011,15086.510624,2,72916407.2064,0.0235376073104268
2012,15086.530624,1,72916427.1232,0.0200381092876022
2013,15086.550624,2,72916447.3088,0.0235365828672117
2014,15086.570624,1,72916467.1488,0.0200493781629684
2015,15086.590624,2,72916488.9472,0.0234710185014445
2016,15086.610624,1,72916507.8784,0.0200299137418813
2017,15086.630624,2,72916527.2832,0.0234812629335956
2018,15086.650624,1,72916548.6208,0.0199930337861372
2019,15086.670624,2,72916567.2832,0.0235621939475895
2020,15086.690624,1,72916587.2384,0.0200616714815498
2021,15086.710624,2,72916607.2064,0.0235273628782757
2022,15086.730624,1,72916627.1744,0.0200698670272707
2023,15086.750624,2,72916647.1808,0.0235785850390313
2024,15086.770624,1,72916667.1744,0.0200831847890671
2025,15086.790624,2,72916687.168,0.0235468272993628
2026,15086.810624,1,72916707.1488,0.0201344069498228
2027,15086.830624,2,72916728.1536,0.0236154649947753
2028,15086.850624,1,72916748.1728,0.0200114737640093
2029,15086.870624,2,72916767.168,0.0235806339254615
2030,15086.890624,1,72916787.3664,0.0200698670272707
2031,15086.910624,2,72916807.1808,0.0235980494601184
2032,15086.930624,1,72916827.2896,0.0200524514926138
2033,15086.950624,2,72916847.232,0.0236349294158625
2034,15086.970624,1,72916867.2896,0.0200401581740324
2035,15086.990624,2,72916887.1424,0.0235878050279673
2036,15087.010624,1,72916907.2768,0.0200760136865614
2037,15087.030624,2,72916928.3072,0.0236339049726474
2038,15087.050624,1,72916947.4944,0.0200657692544102
2039,15087.070624,2,72916967.1936,0.0235888294711824
2040,15087.090624,1,72916987.1872,0.0200299137418813
2041,15087.110624,2,72917008.3584,0.0236164894379905
2042,15087.130624,1,72917027.2256,0.0200924047780032
2043,15087.150624,2,72917047.2832,0.0235550228450837
2044,15087.170624,1,72917067.264,0.0200422070604626
2045,15087.190624,2,72917087.2192,0.023657467166595
2046,15087.210624,1,72917107.1744,0.020082160345852
2047,15087.230624,2,72917127.2448,0.0235201917757699
2048,15087.250624,1,72917147.4304,0.0200555248222591
2049,15087.270624,2,72917167.232,0.0235355584239966
2050,15087.290624,1,72917187.456,0.0200053271047186
2051,15087.310624,2,72917207.36,0.0235335095375663
2052,15087.330624,1,72917227.3536,0.0199786915811257
2053,15087.350624,2,72917247.3216,0.0235294117647059
2054,15087.370624,1,72917267.2384,0.0199981560022128
2055,15087.390624,2,72917287.2704,0.0235806339254615
2056,15087.410624,1,72917307.2256,0.0200176204232999
2057,15087.430624,2,72917327.2576,0.0235970250169033
2058,15087.450624,1,72917347.2384,0.0200534759358289
2059,15087.470624,2,72917367.2448,0.0236041961194091
2060,15087.490624,1,72917388.3904,0.0199776671379105
2061,15087.510624,2,72917407.2576,0.0235806339254615
2062,15087.530624,1,72917427.2384,0.0200473292765382
2063,15087.550624,2,72917447.3472,0.0235693650500953
2064,15087.570624,1,72917468.7872,0.0200555248222591
2065,15087.590624,2,72917488.6912,0.023603171676194
2066,15087.610624,1,72917507.264,0.020000204888643
2067,15087.630624,2,72917527.2704,0.023630831643002
2068,15087.650624,1,72917547.2896,0.0200616714815498
2069,15087.670624,2,72917567.4112,0.0236277583133567
2070,15087.690624,1,72917587.5328,0.0200165959800848
2071,15087.710624,2,72917607.3856,0.0236769315876821
2072,15087.730624,1,72917627.3152,0.0200124982072244
2073,15087.750624,2,72917647.3216,0.0237107382137808
2074,15087.770624,1,72917667.4816,0.0199756182514803
2075,15087.790624,2,72917688.9216,0.0236615649394554
2076,15087.810624,1,72917707.2896,0.019981764910771
2077,15087.830624,2,72917727.4368,0.0236933226791239
2078,15087.850624,1,72917747.3408,0.0199838137972012
2079,15087.870624,2,72917767.3728,0.0235888294711824
2080,15087.890624,1,72917787.2768,0.0200165959800848
2081,15087.910624,2,72917807.7312,0.0235560472882988
2082,15087.930624,1,72917827.2896,0.0200483537197533
2083,15087.950624,2,72917847.424,0.0235078984571885
2084,15087.970624,1,72917867.968,0.0200422070604626
2085,15087.990624,2,72917887.3088,0.0235642428340197
2086,15088.010624,1,72917907.328,0.0200801114594218
2087,15088.030624,2,72917927.4496,0.023621611654066
2088,15088.050624,1,72917947.3536,0.0199848382404163
2089,15088.070624,2,72917968.832,0.023530436207921
2090,15088.090624,1,72917987.456,0.0200053271047186
2091,15088.110624,2,72918007.3088,0.0235714139365255
2092,15088.130624,1,72918028.288,0.0200165959800848
2093,15088.150624,2,72918047.3472,0.0235089229004036
2094,15088.170624,1,72918067.584,0.0200104493207941
2095,15088.190624,2,72918087.5392,0.0235222406622001
2096,15088.210624,1,72918107.5712,0.0200401581740324
2097,15088.230624,2,72918127.488,0.0235386317536419
2098,15088.250624,1,72918147.4688,0.0200104493207941
2099,15088.270624,2,72918167.4112,0.0235294117647059
2100,15088.290624,1,72918187.4176,0.0199582027168234
2101,15088.310624,2,72918207.552,0.0236041961194091
2102,15088.330624,1,72918227.4176,0.020000204888643
2103,15088.350624,2,72918247.7568,0.0234515540803573
2104,15088.370624,1,72918267.3408,0.0199735693650501
2105,15088.390624,2,72918287.6288,0.02347614071752
2106,15088.410624,1,72918307.3664,0.0200442559468929
2107,15088.430624,2,72918327.3088,0.0234945806953921
2108,15088.450624,1,72918347.4304,0.0199899604564919
2109,15088.470624,2,72918367.3344,0.0235232651054152
2110,15088.490624,1,72918387.4688,0.0200012293318581
2111,15088.510624,2,72918407.424,0.0235611695043744
2112,15088.530624,1,72918427.3536,0.0199868871268466
2113,15088.550624,2,72918447.424,0.0235345339807814
2114,15088.570624,1,72918467.4048,0.0199971315589977
2115,15088.590624,2,72918487.424,0.0234833118200258
2116,15088.610624,1,72918507.4816,0.0199879115700617
2117,15088.630624,2,72918528.64,0.0234720429446596
2118,15088.650624,1,72918547.3664,0.0199694715921896
2119,15088.670624,2,72918567.3728,0.0235785850390313
2120,15088.690624,1,72918587.392,0.0200165959800848
2121,15088.710624,2,72918607.3856,0.0236390271887229
2122,15088.730624,1,72918627.456,0.0199694715921896
2123,15088.750624,2,72918647.5264,0.0236974204519843
2124,15088.770624,1,72918667.5328,0.0200124982072244
2125,15088.790624,2,72918687.4624,0.0237414715102342
2126,15088.810624,1,72918707.5968,0.0200227426393755
2127,15088.830624,2,72918727.3984,0.0238316225131641
2128,15088.850624,1,72918747.4816,0.0200124982072244
2129,15088.870624,2,72918768.896,0.023858258036757
2130,15088.890624,1,72918787.4432,0.0199991804454279
2131,15088.910624,2,72918807.424,0.02393099350503
2132,15088.930624,1,72918829.0048,0.0200831847890671
2133,15088.950624,2,72918847.5392,0.0239350912778905
2134,15088.970624,1,72918867.5456,0.020036060401172
2135,15088.990624,2,72918887.3856,0.0239535312557625
2136,15089.010624,1,72918908.096,0.020072940356916
2137,15089.030624,2,72918929.024,0.0238982113221464
2138,15089.050624,1,72918947.712,0.0201026492101543
2139,15089.070624,2,72918967.4368,0.0238787469010593
2140,15089.090624,1,72918987.5584,0.0200842092322823
2141,15089.110624,2,72919007.5904,0.0238080603192165
2142,15089.130624,1,72919027.5456,0.0200596225951196
2143,15089.150624,2,72919047.4368,0.023830598069949
2144,15089.170624,1,72919067.4176,0.0200442559468929
2145,15089.190624,2,72919088.4224,0.0237568381584609
2146,15089.210624,1,72919107.4048,0.0200616714815498
2147,15089.230624,2,72919128.2048,0.0236677115987461
2148,15089.250624,1,72919147.4816,0.0200401581740324
2149,15089.270624,2,72919167.5648,0.0236871760198332
2150,15089.290624,1,72919188.3264,0.0200616714815498
2151,15089.310624,2,72919207.4496,0.0236195627676358
2152,15089.330624,1,72919227.4432,0.0200227426393755
2153,15089.350624,2,72919248.3968,0.0236318560862171
2154,15089.370624,1,72919268.7232,0.0199981560022128
2155,15089.390624,2,72919287.5392,0.0236195627676358
2156,15089.410624,1,72919307.4944,0.0200176204232999
2157,15089.430624,2,72919327.5136,0.0236164894379905
2158,15089.450624,1,72919347.968,0.0200288892986662
2159,15089.470624,2,72919367.4624,0.0237353248509435
2160,15089.490624,1,72919387.4816,0.0200196693097302
2161,15089.510624,2,72919407.5136,0.0237732292499027
2162,15089.530624,1,72919427.4688,0.020009424877579
2163,15089.550624,2,72919447.8336,0.0238480136046059
2164,15089.570624,1,72919468.8,0.0199991804454279
2165,15089.590624,2,72919487.4752,0.0238541602638966
2166,15089.610624,1,72919507.4944,0.0199561538303932
2167,15089.630624,2,72919527.5008,0.0239299690618149
2168,15089.650624,1,72919547.5584,0.0200258159690208
2169,15089.670624,2,72919567.488,0.0239822156657856
2170,15089.690624,1,72919587.6992,0.0199469338414572
2171,15089.710624,2,72919607.5008,0.0240283156104657
2172,15089.730624,1,72919627.6608,0.0199704960354048
2173,15089.750624,2,72919648.1536,0.024048804474768
2174,15089.770624,1,72919667.776,0.020000204888643
2175,15089.790624,2,72919687.7184,0.0241276866023316
2176,15089.810624,1,72919709.0688,0.020018644866515
2177,15089.830624,2,72919727.6928,0.0241071977380294
2178,15089.850624,1,72919747.6096,0.0200329870715266
2179,15089.870624,2,72919767.5136,0.0241092466244596
2180,15089.890624,1,72919787.52,0.0200053271047186
2181,15089.910624,2,72919808.4096,0.0240918310898027
2182,15089.930624,1,72919827.4816,0.0199735693650501
2183,15089.950624,2,72919849.2928,0.0241051488515992
2184,15089.970624,1,72919868.9408,0.0200309381850964
2185,15089.990624,2,72919887.5264,0.0241522732394943
2186,15090.010624,1,72919907.5456,0.0200278648554511
2187,15090.030624,2,72919927.5392,0.024121539943041
2188,15090.050624,1,72919947.6096,0.0200165959800848
2189,15090.070624,2,72919967.5648,0.0241430532505583
2190,15090.090624,1,72919987.5328,0.0200483537197533
2191,15090.110624,2,72920007.5392,0.0240836355440818
2192,15090.130624,1,72920028.0704,0.0200196693097302
2193,15090.150624,2,72920047.5264,0.0241051488515992
2194,15090.170624,1,72920067.6224,0.0200012293318581
2195,15090.190624,2,72920088.9088,0.0241707132173664
2196,15090.210624,1,72920108.5696,0.0199879115700617
2197,15090.230624,2,72920127.5648,0.0242075931731104
2198,15090.250624,1,72920147.6096,0.0199848382404163
2199,15090.270624,2,72920169.1136,0.0241338332616223
2200,15090.290624,1,72920189.0048,0.0199510316143176
2201,15090.310624,2,72920207.616,0.024221935378122
2202,15090.330624,1,72920227.8272,0.0199694715921896
2203,15090.350624,2,72920248.448,0.0242956952896101
2204,15090.370624,1,72920267.5968,0.0199254205339398
2205,15090.390624,2,72920287.6032,0.0243397463478599
2206,15090.410624,1,72920307.6352,0.0199684471489745
2207,15090.430624,2,72920327.8592,0.0243202819267728
2208,15090.450624,1,72920347.5968,0.020009424877579
2209,15090.470624,2,72920367.6416,0.0242342286967033
2210,15090.490624,1,72920387.712,0.0200176204232999
2211,15090.510624,2,72920407.5904,0.0241246132726863
2212,15090.530624,1,72920427.7632,0.0200258159690208
2213,15090.550624,2,72920447.6416,0.0240252422808204
2214,15090.570624,1,72920467.5968,0.0200340115147417
2215,15090.590624,2,72920487.616,0.0240313889401111
2216,15090.610624,1,72920507.7248,0.0199981560022128
2217,15090.630624,2,72920527.8336,0.0239412379371811
2218,15090.650624,1,72920547.7632,0.0200463048333231
2219,15090.670624,2,72920567.6288,0.0239832401090008
2220,15090.690624,1,72920587.6352,0.020018644866515
2221,15090.710624,2,72920607.616,0.023921773516094
2222,15090.730624,1,72920627.6096,0.0199961071157826
2223,15090.750624,2,72920647.6032,0.0239197246296638
2224,15090.770624,1,72920668.8384,0.0200206937529453
2225,15090.790624,2,72920687.6544,0.0239043579814371
2226,15090.810624,1,72920707.648,0.0200299137418813
2227,15090.830624,2,72920727.6288,0.0240242178376053
2228,15090.850624,1,72920747.6352,0.0200104493207941
2229,15090.870624,2,72920767.6672,0.0241420288073432
2230,15090.890624,1,72920787.648,0.0199930337861372
2231,15090.910624,2,72920807.6672,0.024094904419448
2232,15090.930624,1,72920827.6352,0.0199315671932305
2233,15090.950624,2,72920847.8336,0.0241020755219538
2234,15090.970624,1,72920867.6736,0.0199704960354048
2235,15090.990624,2,72920887.6544,0.0240313889401111
2236,15091.010624,1,72920907.6736,0.0199612760464687
2237,15091.030624,2,72920927.6928,0.0239883623250763
2238,15091.050624,1,72920947.6608,0.0199561538303932
2239,15091.070624,2,72920967.6928,0.0239299690618149
2240,15091.090624,1,72920987.648,0.019981764910771
2241,15091.110624,2,72921007.6672,0.0238807957874895
2242,15091.130624,1,72921027.6608,0.0199469338414572
2243,15091.150624,2,72921047.7056,0.0238172803081525
2244,15091.170624,1,72921067.6992,0.0199838137972012
2245,15091.190624,2,72921089.2032,0.0238244514106583
2246,15091.210624,1,72921107.712,0.019981764910771
2247,15091.230624,2,72921127.68,0.0237804003524085
2248,15091.250624,1,72921147.712,0.019918249431434
2249,15091.270624,2,72921167.808,0.0237814247956236
2250,15091.290624,1,72921187.6864,0.0200022537750732
2251,15091.310624,2,72921209.2928,0.0236820538037577
2252,15091.330624,1,72921229.1712,0.0199756182514803
2253,15091.350624,2,72921247.808,0.0237629848177516
2254,15091.370624,1,72921267.8144,0.0199745938082652
2255,15091.390624,2,72921287.7184,0.02361239166513
2256,15091.410624,1,72921309.568,0.0199704960354048
2257,15091.430624,2,72921327.6928,0.023694347122339
2258,15091.450624,1,72921349.6576,0.0199254205339398
2259,15091.470624,2,72921367.7184,0.0236154649947753
2260,15091.490624,1,72921387.9296,0.0199479582846723
2261,15091.510624,2,72921407.7184,0.0236175138812056
2262,15091.530624,1,72921427.7376,0.0200114737640093
2263,15091.550624,2,72921447.7184,0.0235970250169033
2264,15091.570624,1,72921467.7632,0.020026840412236
2265,15091.590624,2,72921487.7056,0.0236933226791239
2266,15091.610624,1,72921507.776,0.020045280390108
2267,15091.630624,2,72921527.7184,0.0237711803634725
2268,15091.650624,1,72921547.7376,0.020108795869445
2269,15091.670624,2,72921567.7696,0.0237937181142049
2270,15091.690624,1,72921588.032,0.0201405536091134
2271,15091.710624,2,72921608.0128,0.0237793759091934
2272,15091.730624,1,72921627.7376,0.0200698670272707
2273,15091.750624,2,72921647.8848,0.0236431249615834
2274,15091.770624,1,72921667.7376,0.0200678181408405
2275,15091.790624,2,72921687.8464,0.0236677115987461
2276,15091.810624,1,72921709.7344,0.0200667936976253
2277,15091.830624,2,72921727.7696,0.0237107382137808
2278,15091.850624,1,72921747.84,0.020026840412236
2279,15091.870624,2,72921767.744,0.0236349294158625
2280,15091.890624,1,72921788.5568,0.020091380334788
2281,15091.910624,2,72921807.7568,0.0237015182248448
2282,15091.930624,1,72921827.7632,0.0200965025508636
2283,15091.950624,2,72921847.9232,0.0236953715655541
2284,15091.970624,1,72921867.9808,0.0201487491548343
2285,15091.990624,2,72921887.7952,0.0237076648841355
2286,15092.010624,1,72921907.84,0.0200831847890671
2287,15092.030624,2,72921928.0768,0.0237476181695249
2288,15092.050624,1,72921948.0448,0.0200934292212183
2289,15092.070624,2,72921967.8208,0.0236953715655541
2290,15092.090624,1,72921987.776,0.0200903558915729
2291,15092.110624,2,72922008.5504,0.0237517159423853
2292,15092.130624,1,72922027.8144,0.0201046980965845
2293,15092.150624,2,72922047.8336,0.0237814247956236
2294,15092.170624,1,72922067.8784,0.0200749892433462
2295,15092.190624,2,72922088.4096,0.0236871760198332
2296,15092.210624,1,72922107.9936,0.0200391337308173
2297,15092.230624,2,72922128.2176,0.0236277583133567
2298,15092.250624,1,72922147.8144,0.0201190403015961
2299,15092.270624,2,72922168.128,0.0236523449505194
2300,15092.290624,1,72922187.8016,0.0200657692544102
2301,15092.310624,2,72922207.8336,0.0237885958981294
2302,15092.330624,1,72922227.8016,0.0200801114594218
2303,15092.350624,2,72922249.0496,0.0238654291392628
2304,15092.370624,1,72922267.8016,0.020118015858381
2305,15092.390624,2,72922287.8464,0.0238019136599258
2306,15092.410624,1,72922307.8912,0.0201313336201774
2307,15092.430624,2,72922327.808,0.0238346958428094
2308,15092.450624,1,72922347.8784,0.020164115803061
2309,15092.470624,2,72922367.8464,0.0238357202860245
2310,15092.490624,1,72922387.8528,0.0201221136312414
2311,15092.510624,2,72922407.8336,0.0237455692830946
2312,15092.530624,1,72922428.8384,0.0201415780523286
2313,15092.550624,2,72922447.9104,0.0237343004077284
2314,15092.570624,1,72922467.8528,0.0201569447005552
2315,15092.590624,2,72922487.8848,0.0237199582027168
2316,15092.610624,1,72922507.8784,0.0201692380191366
2317,15092.630624,2,72922527.872,0.0236748827012519
2318,15092.650624,1,72922547.9168,0.0200985514372938
2319,15092.670624,2,72922567.8976,0.0237988403302805
2320,15092.690624,1,72922590.144,0.0201395291658983
2321,15092.710624,2,72922609.2928,0.023657467166595
2322,15092.730624,1,72922627.8656,0.0202050935316655
2323,15092.750624,2,72922647.8592,0.0237250804187924
2324,15092.770624,1,72922668.288,0.0201262114041019
2325,15092.790624,2,72922687.8592,0.0236533693937345
2326,15092.810624,1,72922707.8912,0.0201385047226832
2327,15092.830624,2,72922727.8976,0.02374864261274
2328,15092.850624,1,72922747.9168,0.020164115803061
2329,15092.870624,2,72922768.0128,0.0237066404409204
2330,15092.890624,1,72922787.9808,0.0201958735427295
2331,15092.910624,2,72922808.128,0.0237701559202573
2332,15092.930624,1,72922827.8912,0.0202102157477411
2333,15092.950624,2,72922847.9488,0.0238234269674432
2334,15092.970624,1,72922867.9424,0.0201989468723749
2335,15092.990624,2,72922888.0768,0.0238367447292397
2336,15093.010624,1,72922908.2368,0.0201651402462762
2337,15093.030624,2,72922928,0.023830598069949
2338,15093.050624,1,72922949.6832,0.0202081668613109
2339,15093.070624,2,72922968.192,0.0237732292499027
2340,15093.090624,1,72922988.6464,0.0201692380191366
2341,15093.110624,2,72923009.6896,0.0238203536377979
2342,15093.130624,1,72923027.9552,0.0201354313930379
2343,15093.150624,2,72923048.7296,0.0238183047513676
2344,15093.170624,1,72923068.8384,0.020164115803061
2345,15093.190624,2,72923087.8976,0.0238562091503268
2346,15093.210624,1,72923107.8912,0.0201876779970086
2347,15093.230624,2,72923127.9104,0.0239525068125474
2348,15093.250624,1,72923147.904,0.020173335791997
2349,15093.270624,2,72923167.936,0.0239904112115065
2350,15093.290624,1,72923188.1344,0.0201600180302006
2351,15093.310624,2,72923207.9232,0.0239719712336345
2352,15093.330624,1,72923227.9552,0.0201753846784273
2353,15093.350624,2,72923248.0512,0.0239586534718381
2354,15093.370624,1,72923268.2112,0.0201979224291598
2355,15093.390624,2,72923287.9488,0.0240867088737271
2356,15093.410624,1,72923308.1984,0.02019997131559
2357,15093.430624,2,72923327.9616,0.0239422623803963
2358,15093.450624,1,72923349.2352,0.0201712869055668
2359,15093.470624,2,72923368.2688,0.0239248468457393
2360,15093.490624,1,72923387.9936,0.0201333825066077
2361,15093.510624,2,72923407.9872,0.0238982113221464
2362,15093.530624,1,72923427.9552,0.020190751326654
2363,15093.550624,2,72923447.9744,0.0238265002970885
2364,15093.570624,1,72923467.9808,0.0201743602352122
2365,15093.590624,2,72923488.8192,0.0238695269121233
2366,15093.610624,1,72923510.4128,0.0201794824512877
2367,15093.630624,2,72923527.9872,0.0237885958981294
2368,15093.650624,1,72923548.3264,0.0201794824512877
2369,15093.670624,2,72923568.0128,0.0238961624357162
2370,15093.690624,1,72923587.9936,0.0202522179195607
2371,15093.710624,2,72923608.0256,0.0239361157211056
2372,15093.730624,1,72923627.9808,0.0202440223738398
2373,15093.750624,2,72923648.0128,0.0239504579261172
2374,15093.770624,1,72923667.9936,0.0201866535537935
2375,15093.790624,2,72923688.2048,0.0239781178929252
2376,15093.810624,1,72923708.0064,0.0202214846231073
2377,15093.830624,2,72923727.9744,0.0239084557542975
2378,15093.850624,1,72923748.6464,0.0201538713709099
2379,15093.870624,2,72923768.0384,0.0239320179482451
2380,15093.890624,1,72923788.0192,0.0201928002130842
2381,15093.910624,2,72923807.9872,0.0237691314770422
2382,15093.930624,1,72923828.0576,0.020173335791997
2383,15093.950624,2,72923849.024,0.0237537648288155
2384,15093.970624,1,72923868.2496,0.0202696334542176
2385,15093.990624,2,72923889.6128,0.0237568381584609
2386,15094.010624,1,72923908.416,0.0202255823959678
2387,15094.030624,2,72923928.0512,0.023876698014629
2388,15094.050624,1,72923948.0064,0.0202163624070318
2389,15094.070624,2,72923968.064,0.0238787469010593
2390,15094.090624,1,72923988.2624,0.0201774335648575
2391,15094.110624,2,72924008.0384,0.0238992357653615
2392,15094.130624,1,72924028.0576,0.0202102157477411
2393,15094.150624,2,72924048.1152,0.0238787469010593
2394,15094.170624,1,72924068.3904,0.0201630913598459
2395,15094.190624,2,72924088.0384,0.0238142069785072
2396,15094.210624,1,72924108.0576,0.0201538713709099
2397,15094.230624,2,72924128.0512,0.0238541602638966
2398,15094.250624,1,72924151.04,0.0201989468723749
2399,15094.270624,2,72924170.0224,0.0238131825352921
2400,15094.290624,1,72924189.888,0.0201682135759215
2401,15094.310624,2,72924208.256,0.0238500624910361
2402,15094.330624,1,72924228.0832,0.0201866535537935
2403,15094.350624,2,72924249.9584,0.0238008892167107
2404,15094.370624,1,72924268.2368,0.0202173868502469
2405,15094.390624,2,72924288.4864,0.0238142069785072
2406,15094.410624,1,72924308.0576,0.0201569447005552
2407,15094.430624,2,72924328.0384,0.0238971868789313
2408,15094.450624,1,72924348.1344,0.0201538713709099
2409,15094.470624,2,72924368.256,0.0238090847624316
2410,15094.490624,1,72924388.6848,0.0201313336201774
2411,15094.510624,2,72924408.4096,0.0239238224025242
2412,15094.530624,1,72924428.1344,0.0201835802241482
2413,15094.550624,2,72924448.256,0.0239330423914602
2414,15094.570624,1,72924468.3264,0.0201600180302006
2415,15094.590624,2,72924488.1408,0.0239207490728789
2416,15094.610624,1,72924508.2368,0.0202337779416887
2417,15094.630624,2,72924528.128,0.023849038047821
2418,15094.650624,1,72924548.1088,0.0201395291658983
2419,15094.670624,2,72924568.1152,0.023830598069949
2420,15094.690624,1,72924589.0176,0.0202030446452353
2421,15094.710624,2,72924610.5984,0.0238654291392628
2422,15094.730624,1,72924628.224,0.0201968979859446
2423,15094.750624,2,72924648.1152,0.0237435203966644
2424,15094.770624,1,72924668.1088,0.0201989468723749
2425,15094.790624,2,72924688.32,0.0237414715102342
2426,15094.810624,1,72924708.224,0.0202050935316655
2427,15094.830624,2,72924728.256,0.0237189337595017
2428,15094.850624,1,72924748.6976,0.0201446513819739
2429,15094.870624,2,72924768.2432,0.0236564427233798
2430,15094.890624,1,72924789.12,0.0201958735427295
2431,15094.910624,2,72924808.128,0.0236728338148216
2432,15094.930624,1,72924828.1216,0.0202501690331305
2433,15094.950624,2,72924848.9472,0.0236523449505194
2434,15094.970624,1,72924868.1344,0.0201661646894913
2435,15094.990624,2,72924888.4608,0.0237383981805888
2436,15095.010624,1,72924908.3904,0.0201559202573401
2437,15095.030624,2,72924928.192,0.0236789804741123
2438,15095.050624,1,72924948.1984,0.0201866535537935
2439,15095.070624,2,72924968.1664,0.0236543938369496
2440,15095.090624,1,72924988.1472,0.0201098203126601
2441,15095.110624,2,72925008.3584,0.023657467166595
2442,15095.130624,1,72925028.3392,0.0200299137418813
2443,15095.150624,2,72925048.256,0.0235878050279673
2444,15095.170624,1,72925068.16,0.0199510316143176
2445,15095.190624,2,72925088.2688,0.0236164894379905
2446,15095.210624,1,72925108.1856,0.0200872825619276
2447,15095.230624,2,72925128.8192,0.0235560472882988
2448,15095.250624,1,72925148.4032,0.0199961071157826
2449,15095.270624,2,72925168.1792,0.0235826828118917
2450,15095.290624,1,72925188.1984,0.0200493781629684
2451,15095.310624,2,72925208.1664,0.023567316163665
2452,15095.330624,1,72925228.4544,0.0200596225951196
2453,15095.350624,2,72925248.5376,0.0235703894933104
2454,15095.370624,1,72925268.1984,0.0199756182514803
2455,15095.390624,2,72925288.2048,0.0234833118200258
2456,15095.410624,1,72925308.2496,0.0199848382404163
2457,15095.430624,2,72925328.256,0.0235140451164792
2458,15095.450624,1,72925348.3264,0.0200381092876022
2459,15095.470624,2,72925368.576,0.0235960005736882
2460,15095.490624,1,72925388.4928,0.0200606470383347
2461,15095.510624,2,72925411.5072,0.0235611695043744
2462,15095.530624,1,72925428.3008,0.0200217181961604
2463,15095.550624,2,72925448.2304,0.0236523449505194
2464,15095.570624,1,72925469.0688,0.0200606470383347
2465,15095.590624,2,72925488.384,0.0235253139918454
2466,15095.610624,1,72925508.1856,0.0200299137418813
2467,15095.630624,2,72925528.3328,0.0235550228450837
2468,15095.650624,1,72925548.3008,0.0200073759911488
2469,15095.670624,2,72925568.2816,0.023521216218985
2470,15095.690624,1,72925590.4256,0.0200319626283115
2471,15095.710624,2,72925608.2176,0.0235386317536419
2472,15095.730624,1,72925628.3008,0.0200063515479337
2473,15095.750624,2,72925648.2816,0.0235703894933104
2474,15095.770624,1,72925668.7488,0.0200473292765382
2475,15095.790624,2,72925689.6384,0.02361239166513
2476,15095.810624,1,72925709.5808,0.0200329870715266
2477,15095.830624,2,72925728.2816,0.0235960005736882
2478,15095.850624,1,72925748.4416,0.0200524514926138
2479,15095.870624,2,72925768.3584,0.0236646382691007
2480,15095.890624,1,72925788.2368,0.0200954781076485
2481,15095.910624,2,72925808.2432,0.0235980494601184
2482,15095.930624,1,72925828.2496,0.0200432315036778
2483,15095.950624,2,72925848.4608,0.0236359538590776
2484,15095.970624,1,72925868.6848,0.0200401581740324
2485,15095.990624,2,72925888.4352,0.0236523449505194
2486,15096.010624,1,72925908.288,0.0200217181961604
2487,15096.030624,2,72925928.384,0.0236625893826705
2488,15096.050624,1,72925949.76,0.02006372036798
2489,15096.070624,2,72925968.2688,0.0236472227344438
2490,15096.090624,1,72925988.288,0.0200903558915729
2491,15096.110624,2,72926008.2688,0.0236380027455078
2492,15096.130624,1,72926029.6704,0.0200606470383347
2493,15096.150624,2,72926048.2944,0.023675907144467
2494,15096.170624,1,72926068.3904,0.0201467002684041
2495,15096.190624,2,72926088.3584,0.0235919028008277
2496,15096.210624,1,72926108.3264,0.0201805068945028
2497,15096.230624,2,72926130.6752,0.0236789804741123
2498,15096.250624,1,72926148.544,0.0200616714815498
2499,15096.270624,2,72926168.2944,0.0236871760198332
2500,15096.290624,1,72926188.3008,0.020145675825189
2501,15096.310624,2,72926208.2944,0.0236677115987461
2502,15096.330624,1,72926229.184,0.0201518224844797
2503,15096.350624,2,72926248.3328,0.0236287827565718
2504,15096.370624,1,72926268.3392,0.0201415780523286
2505,15096.390624,2,72926288.4992,0.0237158604298564
2506,15096.410624,1,72926308.4928,0.0201262114041019
2507,15096.430624,2,72926328.32,0.0237240559755773
2508,15096.450624,1,72926348.3392,0.0201620669166308
2509,15096.470624,2,72926368.32,0.023757862601676
2510,15096.490624,1,72926391.0912,0.0201487491548343
2511,15096.510624,2,72926409.9072,0.0237230315323622
2512,15096.530624,1,72926429.1456,0.0201528469276948
2513,15096.550624,2,72926448.3712,0.0237937181142049
2514,15096.570624,1,72926468.3648,0.0201344069498228
2515,15096.590624,2,72926488.5248,0.0237640092609667
2516,15096.610624,1,72926508.4928,0.020118015858381
2517,15096.630624,2,72926528.3456,0.0236472227344438
2518,15096.650624,1,72926549.7088,0.0201436269387588
2519,15096.670624,2,72926568.3456,0.0236369783022927
2520,15096.690624,1,72926589.0432,0.0200801114594218
2521,15096.710624,2,72926608.5504,0.0236277583133567
2522,15096.730624,1,72926628.5824,0.0200514270493987
2523,15096.750624,2,72926649.3952,0.023621611654066
2524,15096.770624,1,72926668.5056,0.0200770381297765
2525,15096.790624,2,72926688.96,0.0236349294158625
2526,15096.810624,1,72926708.3392,0.0201169914151659
2527,15096.830624,2,72926728.3328,0.0235427295265023
2528,15096.850624,1,72926749.2864,0.0200852336754974
2529,15096.870624,2,72926768.3584,0.0236144405515602
2530,15096.890624,1,72926788.4288,0.0200237670825906
2531,15096.910624,2,72926808.3712,0.0236205872108509
2532,15096.930624,1,72926828.5952,0.019990984899707
2533,15096.950624,2,72926848.4096,0.0236769315876821
2534,15096.970624,1,72926868.3776,0.019990984899707
2535,15096.990624,2,72926888.5504,0.0235970250169033
2536,15097.010624,1,72926908.3904,0.0199520560575327
2537,15097.030624,2,72926928.384,0.0236380027455078
2538,15097.050624,1,72926948.5056,0.0200104493207941
2539,15097.070624,2,72926968.4224,0.0237004937816297
2540,15097.090624,1,72926988.416,0.0200432315036778
2541,15097.110624,2,72927008.576,0.0236861515766181
2542,15097.130624,1,72927028.3904,0.0200237670825906
2543,15097.150624,2,72927048.4224,0.0237015182248448
2544,15097.170624,1,72927068.416,0.0200924047780032
2545,15097.190624,2,72927088.4352,0.023739422623804
2546,15097.210624,1,72927108.48,0.0200196693097302
2547,15097.230624,2,72927128.4224,0.0236277583133567
2548,15097.250624,1,72927149.2608,0.0199387382957363
2549,15097.270624,2,72927168.3968,0.0236339049726474
2550,15097.290624,1,72927188.5056,0.0200626959247649
2551,15097.310624,2,72927208.448,0.0236441494047985
2552,15097.330624,1,72927228.5056,0.0199489827278874
2553,15097.350624,2,72927251.2896,0.0235960005736882
2554,15097.370624,1,72927268.4288,0.0199162005450038
2555,15097.390624,2,72927288.4864,0.0236707849283914
2556,15097.410624,1,72927308.4672,0.0199858626836314
2557,15097.430624,2,72927329.0624,0.0236841026901879
2558,15097.450624,1,72927350.2208,0.0200165959800848
2559,15097.470624,2,72927368.4352,0.0236882004630483
2560,15097.490624,1,72927388.4416,0.0199838137972012
2561,15097.510624,2,72927408.4608,0.0236636138258856
2562,15097.530624,1,72927428.416,0.0199397627389514
2563,15097.550624,2,72927448.4992,0.0236800049173274
2564,15097.570624,1,72927468.4672,0.0199694715921896
2565,15097.590624,2,72927488.4736,0.0237435203966644
2566,15097.610624,1,72927508.4928,0.0199530805007478
2567,15097.630624,2,72927528.448,0.0237240559755773
2568,15097.650624,1,72927548.6208,0.0199612760464687
2569,15097.670624,2,72927568.4992,0.0236820538037577
2570,15097.690624,1,72927588.48,0.0199407871821665
2571,15097.710624,2,72927608.5888,0.0237199582027168
2572,15097.730624,1,72927628.4672,0.0200043026615035
2573,15097.750624,2,72927648.4992,0.0236912737926937
2574,15097.770624,1,72927668.4544,0.0200309381850964
2575,15097.790624,2,72927688.4992,0.0236912737926937
2576,15097.810624,1,72927708.4928,0.0199776671379105
2577,15097.830624,2,72927728.448,0.0236359538590776
2578,15097.850624,1,72927748.6336,0.0200473292765382
2579,15097.870624,2,72927768.6528,0.0235539984018686
2580,15097.890624,1,72927788.5056,0.0199889360132768
2581,15097.910624,2,72927808.4864,0.0236380027455078
2582,15097.930624,1,72927828.48,0.0200247915258057
2583,15097.950624,2,72927848.576,0.0234956051386072
2584,15097.970624,1,72927868.5056,0.0198977605671318
2585,15097.990624,2,72927888.64,0.0235232651054152
2586,15098.010624,1,72927908.672,0.0199694715921896
2587,15098.030624,2,72927928.512,0.0235253139918454
2588,15098.050624,1,72927948.5312,0.019918249431434
2589,15098.070624,2,72927968.5248,0.0235386317536419
2590,15098.090624,1,72927988.5056,0.0199500071711025
2591,15098.110624,2,72928008.512,0.0235734628229557
2592,15098.130624,1,72928028.5056,0.0199950826725675
2593,15098.150624,2,72928048.5888,0.0235478517425779
2594,15098.170624,1,72928068.7232,0.0199305427500154
2595,15098.190624,2,72928088.5888,0.0235335095375663
2596,15098.210624,1,72928108.544,0.0199479582846723
2597,15098.230624,2,72928128.7168,0.0236195627676358
2598,15098.250624,1,72928148.5568,0.0200165959800848
2599,15098.270624,2,72928168.5248,0.023567316163665
2600,15098.290624,1,72928188.5568,0.0199868871268466
2601,15098.310624,2,72928208.5504,0.0235878050279673
2602,15098.330624,1,72928228.5568,0.0199684471489745
2603,15098.350624,2,72928248.6144,0.0235550228450837
2604,15098.370624,1,72928268.5056,0.0200135226504395
2605,15098.390624,2,72928288.6144,0.0235376073104268
2606,15098.410624,1,72928308.5696,0.0199438605118118
2607,15098.430624,2,72928328.576,0.0235273628782757
2608,15098.450624,1,72928348.608,0.0199356649660909
2609,15098.470624,2,72928368.7168,0.0235335095375663
2610,15098.490624,1,72928388.5952,0.0199520560575327
2611,15098.510624,2,72928408.5888,0.0235785850390313
2612,15098.530624,1,72928428.608,0.0199653738193292
2613,15098.550624,2,72928448.6272,0.0235888294711824
2614,15098.570624,1,72928468.6336,0.0200155715368697
2615,15098.590624,2,72928488.9344,0.0235816583686766
2616,15098.610624,1,72928508.6592,0.0199243960907247
2617,15098.630624,2,72928528.6144,0.0235160940029094
2618,15098.650624,1,72928548.6592,0.0199336160796607
2619,15098.670624,2,72928568.576,0.0235017517978978
2620,15098.690624,1,72928588.6208,0.0198957116807015
2621,15098.710624,2,72928608.7168,0.0234781896039503
2622,15098.730624,1,72928628.608,0.0199397627389514
2623,15098.750624,2,72928648.6272,0.0235703894933104
2624,15098.770624,1,72928668.5824,0.0199264449771549
2625,15098.790624,2,72928688.6016,0.0235109717868339
2626,15098.810624,1,72928708.608,0.0199459093982421
2627,15098.830624,2,72928728.6016,0.0235294117647059
2628,15098.850624,1,72928748.928,0.0199715204786199
2629,15098.870624,2,72928768.6272,0.023539656196857
2630,15098.890624,1,72928788.6592,0.0199961071157826
2631,15098.910624,2,72928808.64,0.0235283873214908
2632,15098.930624,1,72928828.6976,0.0199438605118118
2633,15098.950624,2,72928848.6144,0.0235734628229557
2634,15098.970624,1,72928868.8,0.0199868871268466
2635,15098.990624,2,72928888.5888,0.0235519495154384
2636,15099.010624,1,72928908.7104,0.0199889360132768
2637,15099.030624,2,72928928.64,0.0236052205626242
2638,15099.050624,1,72928948.6592,0.0199500071711025
2639,15099.070624,2,72928968.6912,0.0236021472329789
2640,15099.090624,1,72928988.6592,0.0200504026061835
2641,15099.110624,2,72929008.6656,0.0236564427233798
2642,15099.130624,1,72929028.6464,0.0199602516032536
2643,15099.150624,2,72929048.6656,0.0235376073104268
2644,15099.170624,1,72929068.6592,0.020000204888643
2645,15099.190624,2,72929088.64,0.0234822873768107
2646,15099.210624,1,72929108.6208,0.0200237670825906
2647,15099.230624,2,72929128.6912,0.0235324850943512
2648,15099.250624,1,72929148.6976,0.0199776671379105
2649,15099.270624,2,72929168.6528,0.0235068740139734
2650,15099.290624,1,72929188.6976,0.0199848382404163
2651,15099.310624,2,72929208.64,0.0235837072551069
2652,15099.330624,1,72929228.6592,0.020000204888643
2653,15099.350624,2,72929248.6656,0.0235806339254615
2654,15099.370624,1,72929268.6976,0.0200196693097302
2655,15099.390624,2,72929288.8064,0.0235837072551069
2656,15099.410624,1,72929308.7104,0.0200063515479337
2657,15099.430624,2,72929328.768,0.023621611654066
2658,15099.450624,1,72929348.8,0.0200084004343639
2659,15099.470624,2,72929368.704,0.0235970250169033
2660,15099.490624,1,72929388.6208,0.0200565492654742
2661,15099.510624,2,72929408.6656,0.0236421005183683
2662,15099.530624,1,72929428.7232,0.0199592271600385
2663,15099.550624,2,72929448.7424,0.0236246849837114
2664,15099.570624,1,72929468.672,0.0200473292765382
2665,15099.590624,2,72929488.6912,0.0236257094269265
2666,15099.610624,1,72929508.736,0.0200063515479337
2667,15099.630624,2,72929528.6784,0.0236185383244207
2668,15099.650624,1,72929548.7616,0.0201057225397996
2669,15099.670624,2,72929568.7552,0.0236922982359088
2670,15099.690624,1,72929588.7232,0.0201159669719507
2671,15099.710624,2,72929608.6912,0.0236533693937345
2672,15099.730624,1,72929628.864,0.0200534759358289
2673,15099.750624,2,72929648.7424,0.0236154649947753
2674,15099.770624,1,72929668.7104,0.0201446513819739
2675,15099.790624,2,72929688.7168,0.0236000983465487
2676,15099.810624,1,72929708.7744,0.0201538713709099
2677,15099.830624,2,72929728.7168,0.0236277583133567
2678,15099.850624,1,72929748.7744,0.0201354313930379
2679,15099.870624,2,72929768.7296,0.0235990739033335
2680,15099.890624,1,72929788.736,0.0201118691990903
2681,15099.910624,2,72929808.7296,0.023584731698322
2682,15099.930624,1,72929828.7488,0.0201579691437704
2683,15099.950624,2,72929848.7936,0.0235693650500953
2684,15099.970624,1,72929868.7616,0.0200698670272707
2685,15099.990624,2,72929888.9216,0.0235683406068802
2686,15100.010656,1,72929908.8256,0.0200585981519044
2687,15100.030656,2,72929928.8192,0.0236082938922696
2688,15100.050656,1,72929948.7616,0.0200862581187125
2689,15100.070656,2,72929968.8192,0.0236041961194091
2690,15100.090656,1,72929988.7744,0.0200985514372938
2691,15100.110656,2,72930008.704,0.0236523449505194
2692,15100.130656,1,72930028.7872,0.0200688425840556
2693,15100.150656,2,72930048.8832,0.0235837072551069
2694,15100.170656,1,72930068.7616,0.0200678181408405
2695,15100.190656,2,72930088.7808,0.0235785850390313
2696,15100.210656,1,72930108.7488,0.0200831847890671
2697,15100.230656,2,72930128.9472,0.0235662917204499
2698,15100.250656,1,72930148.8128,0.0200954781076485
2699,15100.270656,2,72930168.7936,0.0235744872661708
2700,15100.290656,1,72930188.8512,0.0200852336754974
2701,15100.310656,2,72930209.0112,0.0236277583133567
2702,15100.330656,1,72930228.7616,0.0201221136312414
2703,15100.350656,2,72930248.8448,0.0236472227344438
2704,15100.370656,1,72930268.8,0.0200575737086893
2705,15100.390656,2,72930288.9088,0.0236349294158625
2706,15100.410656,1,72930308.8512,0.0200903558915729
2707,15100.430656,2,72930328.9088,0.0236697604851763
2708,15100.450656,1,72930348.8768,0.0201344069498228
2709,15100.470656,2,72930368.96,0.0236185383244207
2710,15100.490656,1,72930388.7872,0.0200606470383347
2711,15100.510656,2,72930408.8192,0.0236431249615834
2712,15100.530656,1,72930428.864,0.020118015858381
2713,15100.550656,2,72930448.8064,0.0236697604851763
2714,15100.570656,1,72930468.864,0.020072940356916
2715,15100.590656,2,72930488.8704,0.0236502960640892
2716,15100.610656,1,72930508.8384,0.020127235847317
2717,15100.630656,2,72930528.896,0.0237363492941586
2718,15100.650656,1,72930548.8512,0.0201221136312414
2719,15100.670656,2,72930568.8448,0.0236267338701416
2720,15100.690656,1,72930588.9792,0.0200903558915729
2721,15100.710656,2,72930608.8192,0.0235837072551069
2722,15100.730656,1,72930628.8512,0.0200114737640093
2723,15100.750656,2,72930648.9984,0.0236349294158625
2724,15100.770656,1,72930668.8384,0.0200309381850964
2725,15100.790656,2,72930688.8448,0.0236912737926937
2726,15100.810656,1,72930708.8384,0.020018644866515
2727,15100.830656,2,72930728.8704,0.0236687360419612
2728,15100.850656,1,72930748.928,0.020091380334788
2729,15100.870656,2,72930768.8832,0.0235611695043744
2730,15100.890656,1,72930788.8512,0.0200883070051427
2731,15100.910656,2,72930808.8448,0.0236134161083451
2732,15100.930656,1,72930828.8896,0.0201077714262298
2733,15100.950656,2,72930848.9088,0.0236052205626242
2734,15100.970656,1,72930868.8512,0.0201108447558752
2735,15100.990656,2,72930888.7936,0.0237250804187924
2736,15101.010656,1,72930908.8768,0.0200924047780032
2737,15101.030656,2,72930928.9344,0.0236277583133567
2738,15101.050656,1,72930948.9152,0.0201159669719507
2739,15101.070656,2,72930968.8704,0.0236093183354847
2740,15101.090656,1,72930988.864,0.0201128936423054
2741,15101.110656,2,72931008.96,0.0236000983465487
2742,15101.130656,1,72931029.0304,0.0201200647448112
2743,15101.150656,2,72931048.9344,0.0236789804741123
2744,15101.170656,1,72931068.8768,0.0200719159137009
2745,15101.190656,2,72931088.8832,0.0237066404409204
2746,15101.210656,1,72931108.8896,0.0200842092322823
2747,15101.230656,2,72931128.9728,0.0236615649394554
2748,15101.250656,1,72931149.0688,0.0200585981519044
2749,15101.270656,2,72931169.088,0.0236738582580368
2750,15101.290656,1,72931188.8896,0.0201128936423054
2751,15101.310656,2,72931208.896,0.0236882004630483
2752,15101.330656,1,72931228.9408,0.0201374802794681
2753,15101.350656,2,72931248.9088,0.0236595160530252
2754,15101.370656,1,72931268.8768,0.0201405536091134
2755,15101.390656,2,72931288.9472,0.0236359538590776
2756,15101.410656,1,72931308.9024,0.0201190403015961
2757,15101.430656,2,72931328.9344,0.023593951687258
2758,15101.450656,1,72931349.0176,0.0201221136312414
2759,15101.470656,2,72931368.9344,0.0235970250169033
2760,15101.490656,1,72931388.8896,0.0200780625729916
2761,15101.510656,2,72931408.9216,0.0236103427786998
2762,15101.530656,1,72931428.9536,0.0200534759358289
2763,15101.550656,2,72931448.9088,0.023621611654066
2764,15101.570656,1,72931468.928,0.0200504026061835
2765,15101.590656,2,72931488.9216,0.0235376073104268
2766,15101.610656,1,72931508.9024,0.0199868871268466
2767,15101.630656,2,72931528.9216,0.0234792140471654
2768,15101.650656,1,72931549.0048,0.0199776671379105
2769,15101.670656,2,72931568.9216,0.0235867805847522
2770,15101.690656,1,72931588.928,0.0199797160243408
2771,15101.710656,2,72931608.9216,0.0236134161083451
2772,15101.730656,1,72931628.9664,0.0199899604564919
2773,15101.750656,2,72931648.9984,0.0235550228450837
2774,15101.770656,1,72931668.9664,0.0199602516032536
2775,15101.790656,2,72931688.9472,0.0235089229004036
2776,15101.810656,1,72931708.9408,0.0200176204232999
2777,15101.830656,2,72931728.9984,0.0236277583133567
2778,15101.850656,1,72931749.0944,0.0199448849550269
2779,15101.870656,2,72931769.1136,0.0235324850943512
2780,15101.890656,1,72931788.9536,0.0199684471489745
2781,15101.910656,2,72931808.96,0.023603171676194
2782,15101.930656,1,72931829.0048,0.0199592271600385
2783,15101.950656,2,72931849.0112,0.0235601450611593
2784,15101.970656,1,72931868.928,0.0199684471489745
2785,15101.990656,2,72931888.96,0.0236543938369496
2786,15102.010656,1,72931908.992,0.0200422070604626
2787,15102.030656,2,72931928.9472,0.0236175138812056
2788,15102.050656,1,72931948.9792,0.0199520560575327
2789,15102.070656,2,72931968.9728,0.0236533693937345
2790,15102.090656,1,72931988.9664,0.0201385047226832
2791,15102.110656,2,72932008.9984,0.0236707849283914
2792,15102.130656,1,72932028.9792,0.0201098203126601
2793,15102.150656,2,72932049.024,0.0236421005183683
2794,15102.170656,1,72932068.992,0.0201036736533694
2795,15102.190656,2,72932088.9856,0.0235960005736882
2796,15102.210656,1,72932108.9536,0.0200934292212183
2797,15102.230656,2,72932128.9984,0.0236021472329789
2798,15102.250656,1,72932149.0432,0.0201210891880263
2799,15102.270656,2,72932168.9984,0.0236656627123159
2800,15102.290656,1,72932189.0176,0.020136455836253
2801,15102.310656,2,72932209.1648,0.0237302026348679
2802,15102.330656,1,72932229.0688,0.0199694715921896
2803,15102.350656,2,72932249.088,0.0237445448398795
2804,15102.370656,1,72932269.2096,0.020072940356916
2805,15102.390656,2,72932289.0368,0.0236830782469728
2806,15102.410656,1,72932309.0304,0.0200698670272707
2807,15102.430656,2,72932329.4976,0.0236380027455078
2808,15102.450656,1,72932349.0432,0.0200842092322823
2809,15102.470656,2,72932369.2544,0.0235734628229557
2810,15102.490656,1,72932389.1968,0.0200688425840556
2811,15102.510656,2,72932409.152,0.0236349294158625
2812,15102.530656,1,72932429.0816,0.0200022537750732
2813,15102.550656,2,72932449.344,0.0236554182801647
2814,15102.570656,1,72932469.184,0.0199889360132768
2815,15102.590656,2,72932489.1648,0.0235908783576126
2816,15102.610656,1,72932509.12,0.020026840412236
2817,15102.630656,2,72932529.0496,0.0235509250722232
2818,15102.650656,1,72932549.184,0.0200381092876022
2819,15102.670656,2,72932569.0752,0.0235570717315139
2820,15102.690656,1,72932589.0432,0.0199459093982421
2821,15102.710656,2,72932609.0624,0.0236451738480136
2822,15102.730656,1,72932629.0432,0.0200504026061835
2823,15102.750656,2,72932649.152,0.0235601450611593
2824,15102.770656,1,72932669.0304,0.020026840412236
2825,15102.790656,2,72932689.0624,0.0235755117093859
2826,15102.810656,1,72932709.056,0.0199827893539861
2827,15102.830656,2,72932729.0496,0.0236000983465487
2828,15102.850656,1,72932749.1456,0.020036060401172
2829,15102.870656,2,72932769.0752,0.0235693650500953
2830,15102.890656,1,72932789.0944,0.0199704960354048
2831,15102.910656,2,72932809.1008,0.023630831643002
2832,15102.930656,1,72932829.0688,0.0200176204232999
2833,15102.950656,2,72932849.1264,0.0235683406068802
2834,15102.970656,1,72932869.056,0.0200760136865614
2835,15102.990656,2,72932889.1136,0.0235621939475895
2836,15103.010656,1,72932909.12,0.0200616714815498
2837,15103.030656,2,72932929.088,0.0237435203966644
2838,15103.050656,1,72932949.1328,0.0200340115147417
2839,15103.070656,2,72932969.0752,0.023630831643002
2840,15103.090656,1,72932989.0944,0.0199899604564919
2841,15103.110656,2,72933009.0624,0.0235775605958162
2842,15103.130656,1,72933029.0816,0.0200555248222591
2843,15103.150656,2,72933049.1648,0.0236359538590776
2844,15103.170656,1,72933069.12,0.0201139180855205
2845,15103.190656,2,72933089.088,0.0236380027455078
2846,15103.210656,1,72933109.12,0.0201251869608868
2847,15103.230656,2,72933129.1008,0.0236482471776589
2848,15103.250656,1,72933149.1328,0.0200831847890671
2849,15103.270656,2,72933169.088,0.0236236605404962
2850,15103.290656,1,72933189.1584,0.0200114737640093
2851,15103.310656,2,72933209.1136,0.0236134161083451
2852,15103.330656,1,72933229.12,0.0200391337308173
2853,15103.350656,2,72933249.152,0.0235734628229557
2854,15103.370656,1,72933269.1072,0.0200555248222591
2855,15103.390656,2,72933289.1008,0.0235826828118917
2856,15103.410656,1,72933309.1328,0.020045280390108
2857,15103.430656,2,72933329.1392,0.0235611695043744
2858,15103.450656,1,72933349.12,0.0201620669166308
2859,15103.470656,2,72933369.1392,0.0236451738480136
2860,15103.490656,1,72933389.0944,0.0201077714262298
2861,15103.510656,2,72933409.1392,0.0236523449505194
2862,15103.530656,1,72933429.0944,0.0200422070604626
2863,15103.550656,2,72933449.152,0.0235796094822464
2864,15103.570656,1,72933469.1584,0.0201169914151659
2865,15103.590656,2,72933489.2288,0.0236472227344438
2866,15103.610656,1,72933509.1712,0.0200555248222591
2867,15103.630656,2,72933529.1392,0.0235908783576126
2868,15103.650656,1,72933549.1712,0.0200965025508636
2869,15103.670656,2,72933569.1264,0.0236646382691007
2870,15103.690656,1,72933589.1456,0.020136455836253
2871,15103.710656,2,72933609.1904,0.023675907144467
2872,15103.730656,1,72933629.184,0.0199776671379105
2873,15103.750656,2,72933649.1904,0.0236390271887229
2874,15103.770656,1,72933669.1456,0.020118015858381
2875,15103.790656,2,72933689.152,0.0236410760751532
2876,15103.810656,1,72933709.2096,0.0201108447558752
2877,15103.830656,2,72933729.1904,0.0236451738480136
2878,15103.850656,1,72933749.184,0.0200258159690208
2879,15103.870656,2,72933769.3184,0.0236646382691007
2880,15103.890656,1,72933789.184,0.0201026492101543
2881,15103.910656,2,72933809.1904,0.0236646382691007
2882,15103.930656,1,72933829.1584,0.0200831847890671
2883,15103.950656,2,72933849.2032,0.0236461982912287
2884,15103.970656,1,72933869.1712,0.0200442559468929
2885,15103.990656,2,72933889.1648,0.0236257094269265
2886,15104.010656,1,72933909.1968,0.0201569447005552
2887,15104.030656,2,72933929.216,0.023640051631938
2888,15104.050656,1,72933949.2224,0.0201559202573401
2889,15104.070656,2,72933969.1776,0.0236164894379905
2890,15104.090656,1,72933989.184,0.0200811359026369
2891,15104.110656,2,72934009.2416,0.0236461982912287
2892,15104.130656,1,72934029.1968,0.020127235847317
2893,15104.150656,2,72934049.2416,0.0235867805847522
2894,15104.170656,1,72934069.2096,0.0200770381297765
2895,15104.190656,2,72934089.216,0.0236421005183683
2896,15104.210656,1,72934109.1968,0.0200995758805089
2897,15104.230656,2,72934129.216,0.0236205872108509
2898,15104.250656,1,72934149.312,0.0201190403015961
2899,15104.270656,2,72934169.2032,0.0236687360419612
2900,15104.290656,1,72934189.2096,0.0200626959247649
2901,15104.310656,2,72934209.216,0.0237291781916528
2902,15104.330656,1,72934229.2224,0.0201046980965845
2903,15104.350656,2,72934249.4336,0.0237076648841355
2904,15104.370656,1,72934269.2096,0.0200493781629684
2905,15104.390656,2,72934289.2288,0.0237097137705657
2906,15104.410656,1,72934309.2224,0.0200954781076485
2907,15104.430656,2,72934329.2288,0.0236922982359088
2908,15104.450656,1,72934349.3504,0.0200831847890671
2909,15104.470656,2,72934369.2416,0.023603171676194
2910,15104.490656,1,72934389.2736,0.020091380334788
2911,15104.510656,2,72934409.2544,0.0236072694490544
2912,15104.530656,1,72934429.2352,0.0201046980965845
2913,15104.550656,2,72934449.3696,0.0236062450058393
2914,15104.570656,1,72934469.2736,0.0201313336201774
2915,15104.590656,2,72934489.2544,0.0236963960087692
2916,15104.610656,1,72934509.312,0.0200739648001311
2917,15104.630656,2,72934529.2544,0.0236093183354847
2918,15104.650656,1,72934549.248,0.0201221136312414
2919,15104.670656,2,72934569.2544,0.0235837072551069
2920,15104.690656,1,72934589.3376,0.0200217181961604
2921,15104.710656,2,72934609.2544,0.0236359538590776
2922,15104.730656,1,72934629.2608,0.0201784580080726
2923,15104.750656,2,72934649.28,0.0237373737373737
2924,15104.770656,1,72934669.376,0.0200739648001311
2925,15104.790656,2,72934689.408,0.0236369783022927
2926,15104.810656,1,72934709.2864,0.0201067469830147
2927,15104.830656,2,72934729.28,0.0235857561415371
2928,15104.850656,1,72934749.2992,0.0200872825619276
2929,15104.870656,2,72934769.4336,0.0236318560862171
2930,15104.890656,1,72934789.2864,0.0200852336754974
2931,15104.910656,2,72934809.28,0.0236072694490544
2932,15104.930656,1,72934829.2864,0.0200555248222591
2933,15104.950656,2,72934849.4208,0.0236205872108509
2934,15104.970656,1,72934869.4144,0.0200749892433462
2935,15104.990656,2,72934889.4336,0.0236287827565718
2936,15105.010656,1,72934909.2992,0.0200831847890671
2937,15105.030656,2,72934929.4336,0.023621611654066
2938,15105.050656,1,72934949.3888,0.0200862581187125
2939,15105.070656,2,72934969.3824,0.0235519495154384
2940,15105.090656,1,72934989.4656,0.0200657692544102
2941,15105.110656,2,72935009.3184,0.0235078984571885
2942,15105.130656,1,72935029.312,0.0200350359579568
2943,15105.150656,2,72935049.5104,0.023593951687258
2944,15105.170656,1,72935069.44,0.0200329870715266
2945,15105.190656,2,72935089.5104,0.023694347122339
2946,15105.210656,1,72935109.4784,0.020082160345852
2947,15105.230656,2,72935129.3312,0.0236769315876821
2948,15105.250656,1,72935149.3504,0.0200698670272707
2949,15105.270656,2,72935169.6,0.0235611695043744
2950,15105.290656,1,72935189.4784,0.0200288892986662
2951,15105.310656,2,72935209.3312,0.0235611695043744
2952,15105.330656,1,72935229.3504,0.0200237670825906
2953,15105.350656,2,72935249.3568,0.0235550228450837
2954,15105.370656,1,72935269.3376,0.0200862581187125
2955,15105.390656,2,72935289.3568,0.0236021472329789
2956,15105.410656,1,72935309.3504,0.0199961071157826
2957,15105.430656,2,72935329.472,0.0236041961194091
2958,15105.450656,1,72935349.3888,0.0200616714815498
2959,15105.470656,2,72935369.408,0.0236564427233798
2960,15105.490656,1,72935389.4912,0.0200463048333231
2961,15105.510656,2,72935409.3952,0.023584731698322
2962,15105.530656,1,72935429.3248,0.0201210891880263
2963,15105.550656,2,72935449.472,0.0235919028008277
2964,15105.570656,1,72935469.3632,0.0200893314483578
2965,15105.590656,2,72935489.472,0.023502776241113
2966,15105.610656,1,72935509.4656,0.0200463048333231
2967,15105.630656,2,72935529.3824,0.0236164894379905
2968,15105.650656,1,72935549.5296,0.0200934292212183
2969,15105.670656,2,72935569.472,0.0236195627676358
2970,15105.690656,1,72935589.632,0.0200934292212183
2971,15105.710656,2,72935609.7408,0.0236052205626242
2972,15105.730656,1,72935629.4144,0.0200463048333231
2973,15105.750656,2,72935649.6512,0.0235714139365255
2974,15105.770656,1,72935669.6832,0.020072940356916
2975,15105.790656,2,72935689.5104,0.0236421005183683
2976,15105.810656,1,72935709.4016,0.0201108447558752
2977,15105.830656,2,72935729.6256,0.0235478517425779
2978,15105.850656,1,72935749.6448,0.0200391337308173
2979,15105.870656,2,72935769.6128,0.0236144405515602
2980,15105.890656,1,72935789.4272,0.020127235847317
2981,15105.910656,2,72935809.4336,0.0235796094822464
2982,15105.930656,1,72935829.6064,0.0200401581740324
2983,15105.950656,2,72935849.5616,0.0234956051386072
2984,15105.970656,1,72935869.4912,0.0200432315036778
2985,15105.990656,2,72935889.6256,0.023621611654066
2986,15106.010656,1,72935909.7216,0.0200975269940787
2987,15106.030656,2,72935929.4976,0.0234925318089618
2988,15106.050656,1,72935949.6064,0.0200340115147417
2989,15106.070656,2,72935969.5104,0.0236369783022927
2990,15106.090656,1,72935989.568,0.0200780625729916
2991,15106.110656,2,72936009.536,0.0235089229004036
2992,15106.130656,1,72936029.4528,0.0200616714815498
2993,15106.150656,2,72936049.664,0.0235867805847522
2994,15106.170656,1,72936069.6704,0.0200483537197533
2995,15106.190656,2,72936089.7152,0.0235560472882988
2996,15106.210656,1,72936109.5808,0.0200575737086893
2997,15106.230656,2,72936129.4976,0.0237220070891471
2998,15106.250656,1,72936149.6576,0.0200872825619276
2999,15106.270656,2,72936169.5616,0.0236011227897638
3000,15106.290656,1,72936189.6704,0.0201159669719507
3001,15106.310656,2,72936209.6384,0.02361239166513
3002,15106.330656,1,72936229.568,0.0200893314483578
3003,15106.350656,2,72936249.6384,0.0235867805847522
3004,15106.370656,1,72936269.5552,0.020118015858381
3005,15106.390656,2,72936289.5616,0.023640051631938
3006,15106.410656,1,72936309.5296,0.0200780625729916
3007,15106.430656,2,72936329.472,0.0236513205073043
3008,15106.450656,1,72936349.8496,0.0200749892433462
3009,15106.470656,2,72936369.5488,0.0235919028008277
3010,15106.490656,1,72936389.5552,0.0200924047780032
3011,15106.510656,2,72936409.7408,0.0235519495154384
3012,15106.530656,1,72936429.568,0.0200565492654742
3013,15106.550656,2,72936449.6896,0.0235447784129326
3014,15106.570656,1,72936469.5808,0.0200514270493987
3015,15106.590656,2,72936489.8048,0.0235662917204499
3016,15106.610656,1,72936509.6576,0.0200770381297765
3017,15106.630656,2,72936529.6,0.023567316163665
3018,15106.650656,1,72936549.5808,0.0200463048333231
3019,15106.670656,2,72936569.5872,0.0236093183354847
3020,15106.690656,1,72936589.5936,0.0200790870162067
3021,15106.710656,2,72936609.6,0.0235529739586535
3022,15106.730656,1,72936629.7472,0.0200606470383347
3023,15106.750656,2,72936649.7024,0.0235867805847522
3024,15106.770656,1,72936669.6192,0.0200483537197533
3025,15106.790656,2,72936689.792,0.0235601450611593
3026,15106.810656,1,72936709.6192,0.0201026492101543
3027,15106.830656,2,72936729.7024,0.0236441494047985
3028,15106.850656,1,72936749.9008,0.0200329870715266
3029,15106.870656,2,72936769.7536,0.0235078984571885
3030,15106.890656,1,72936789.824,0.0200483537197533
3031,15106.910656,2,72936809.7024,0.0235949761304731
3032,15106.930656,1,72936829.7216,0.0200862581187125
3033,15106.950656,2,72936849.9584,0.0235232651054152
3034,15106.970656,1,72936869.6704,0.0201292847337472
3035,15106.990656,2,72936889.6768,0.0235160940029094
3036,15107.010656,1,72936909.7984,0.0200862581187125
3037,15107.030656,2,72936929.7152,0.0235765361526011
3038,15107.050656,1,72936949.7088,0.0200862581187125
3039,15107.070656,2,72936969.8176,0.023539656196857
3040,15107.090656,1,72936989.6704,0.0200442559468929
3041,15107.110656,2,72937009.6128,0.0235796094822464
3042,15107.130656,1,72937029.6704,0.0201251869608868
3043,15107.150656,2,72937049.6512,0.0235878050279673
3044,15107.170656,1,72937069.7088,0.0200616714815498
3045,15107.190656,2,72937089.6256,0.0235355584239966
3046,15107.210656,1,72937109.6064,0.0200463048333231
3047,15107.230656,2,72937129.7408,0.0235652672772348
3048,15107.250656,1,72937149.7088,0.0201282602905321
3049,15107.270656,2,72937169.5744,0.0236605404962403
3050,15107.290656,1,72937189.696,0.0200575737086893
3051,15107.310656,2,72937209.664,0.0237158604298564
3052,15107.330656,1,72937229.6832,0.0201139180855205
3053,15107.350656,2,72937249.8944,0.0236113672219149
3054,15107.370656,1,72937269.7344,0.0200883070051427
3055,15107.390656,2,72937289.792,0.023584731698322
3056,15107.410656,1,72937309.76,0.0200954781076485
3057,15107.430656,2,72937329.664,0.0236134161083451
3058,15107.450656,1,72937349.76,0.0201569447005552
3059,15107.470656,2,72937369.8944,0.0236349294158625
3060,15107.490656,1,72937389.76,0.0200647448111951
3061,15107.510656,2,72937409.8688,0.0235324850943512
3062,15107.530656,1,72937429.8112,0.0200667936976253
3063,15107.550656,2,72937449.7152,0.0236175138812056
3064,15107.570656,1,72937469.7088,0.0201210891880263
3065,15107.590656,2,72937489.6512,0.0236257094269265
3066,15107.610656,1,72937509.8752,0.0201692380191366
3067,15107.630656,2,72937529.7408,0.0236779560308972
3068,15107.650656,1,72937549.824,0.0201395291658983
3069,15107.670656,2,72937569.7152,0.0236605404962403
3070,15107.690656,1,72937589.7984,0.0200698670272707
3071,15107.710656,2,72937609.6768,0.0236052205626242
3072,15107.730656,1,72937629.7216,0.020136455836253
3073,15107.750656,2,72937649.8432,0.0236144405515602
3074,15107.770656,1,72937669.7216,0.0201897268834389
3075,15107.790656,2,72937689.6768,0.023675907144467
3076,15107.810656,1,72937709.696,0.0202552912492061
3077,15107.830656,2,72937730.048,0.0236922982359088
3078,15107.850656,1,72937749.7728,0.0202429979306247
3079,15107.870656,2,72937769.7664,0.0237189337595017
3080,15107.890656,1,72937789.76,0.0201794824512877
3081,15107.910656,2,72937809.856,0.0236779560308972
3082,15107.930656,1,72937829.7472,0.0201825557809331
3083,15107.950656,2,72937849.8048,0.0237609359313213
3084,15107.970656,1,72937869.76,0.0201128936423054
3085,15107.990656,2,72937889.8432,0.0236728338148216
3086,15108.010656,1,72937909.7216,0.0201303091769623
3087,15108.030656,2,72937929.7536,0.0236738582580368
3088,15108.050656,1,72937949.952,0.0200739648001311
3089,15108.070656,2,72937969.7664,0.0236554182801647
3090,15108.090656,1,72937989.7984,0.0200145470936546
3091,15108.110656,2,72938009.8816,0.0236072694490544
3092,15108.130656,1,72938029.9264,0.0200708914704858
3093,15108.150656,2,72938049.7664,0.0235365828672117
3094,15108.170656,1,72938069.7728,0.020072940356916
3095,15108.190656,2,72938089.8048,0.0235990739033335
3096,15108.210656,1,72938109.7344,0.0200401581740324
3097,15108.230656,2,72938129.7792,0.0236718093716065
3098,15108.250656,1,72938149.8496,0.0200883070051427
3099,15108.270656,2,72938169.7792,0.0236072694490544
3100,15108.290656,1,72938189.7728,0.0200616714815498
3101,15108.310656,2,72938209.7408,0.0236052205626242
3102,15108.330656,1,72938229.8112,0.0200995758805089
3103,15108.350656,2,72938249.8432,0.0235919028008277
3104,15108.370656,1,72938269.824,0.0200463048333231
3105,15108.390656,2,72938289.8432,0.0236011227897638
3106,15108.410656,1,72938309.7472,0.0200944536644334
3107,15108.430656,2,72938329.8688,0.023539656196857
3108,15108.450656,1,72938349.9264,0.0200862581187125
3109,15108.470656,2,72938369.8432,0.0235919028008277
3110,15108.490656,1,72938389.7984,0.0200575737086893
3111,15108.510656,2,72938409.792,0.0235591206179441
3112,15108.530656,1,72938429.9904,0.0200114737640093
3113,15108.550656,2,72938449.856,0.0236103427786998
3114,15108.570656,1,72938469.824,0.0201046980965845
3115,15108.590656,2,72938489.8048,0.0236451738480136
3116,15108.610656,1,72938509.8368,0.0200801114594218
3117,15108.630656,2,72938529.856,0.0236974204519843
3118,15108.650656,1,72938549.824,0.0201692380191366
3119,15108.670656,2,72938569.8432,0.0236769315876821
3120,15108.690656,1,72938589.8624,0.0201856291105784
3121,15108.710656,2,72938609.792,0.0236922982359088
3122,15108.730656,1,72938629.8752,0.020164115803061
3123,15108.750656,2,72938649.9328,0.0236687360419612
3124,15108.770656,1,72938669.8368,0.0200965025508636
3125,15108.790656,2,72938689.856,0.0237435203966644
3126,15108.810656,1,72938709.824,0.0201313336201774
3127,15108.830656,2,72938729.8048,0.0236902493494786
3128,15108.850656,1,72938749.9648,0.0201825557809331
3129,15108.870656,2,72938769.8432,0.0236902493494786
3130,15108.890656,1,72938789.9136,0.0201989468723749
3131,15108.910656,2,72938809.8816,0.0236984448951995
3132,15108.930656,1,72938829.8368,0.0202286557256131
3133,15108.950656,2,72938849.9456,0.02374864261274
3134,15108.970656,1,72938869.888,0.0201426024955437
3135,15108.990656,2,72938889.856,0.0237312270780831
3136,15109.010656,1,72938909.888,0.0201794824512877
3137,15109.030656,2,72938929.8816,0.0237199582027168
3138,15109.050656,1,72938950.08,0.0202071424180958
3139,15109.070656,2,72938969.9072,0.0237056159977052
3140,15109.090656,1,72938989.8496,0.0202491445899154
3141,15109.110656,2,72939009.8688,0.0238060114327863
3142,15109.130656,1,72939029.9136,0.0201446513819739
3143,15109.150656,2,72939049.9328,0.023776302579548
3144,15109.170656,1,72939069.9136,0.0202194357366771
3145,15109.190656,2,72939089.9072,0.0237476181695249
3146,15109.210656,1,72939109.8752,0.0201354313930379
3147,15109.230656,2,72939129.9072,0.0237230315323622
3148,15109.250656,1,72939150.0288,0.020190751326654
3149,15109.270656,2,72939169.9072,0.0237004937816297
3150,15109.290656,1,72939189.9392,0.0201589935869855
3151,15109.310656,2,72939209.9584,0.0237302026348679
3152,15109.330656,1,72939229.9264,0.0201928002130842
3153,15109.350656,2,72939249.9328,0.0236994693384146
3154,15109.370656,1,72939269.9648,0.0202173868502469
3155,15109.390656,2,72939289.9456,0.0237066404409204
3156,15109.410656,1,72939309.9264,0.0201835802241482
3157,15109.430656,2,72939329.9072,0.0236646382691007
3158,15109.450656,1,72939350.0032,0.0201067469830147
3159,15109.470656,2,72939369.92,0.0237465937263097
3160,15109.490656,1,72939390.0288,0.020145675825189
3161,15109.510656,2,72939409.9456,0.0237148359866413
3162,15109.530656,1,72939429.9008,0.0201620669166308
3163,15109.550656,2,72939450.1376,0.0236933226791239
3164,15109.570656,1,72939470.0672,0.0201610424734157
3165,15109.590656,2,72939489.9456,0.0237660581473969
3166,15109.610656,1,72939509.9648,0.0201231380744565
3167,15109.630656,2,72939529.9328,0.0236646382691007
3168,15109.650656,1,72939549.9776,0.0201620669166308
3169,15109.670656,2,72939569.9456,0.0237056159977052
3170,15109.690656,1,72939589.9904,0.0201815313377179
3171,15109.710656,2,72939609.9584,0.023675907144467
3172,15109.730656,1,72939629.9648,0.020136455836253
3173,15109.750656,2,72939650.0736,0.0237056159977052
3174,15109.770656,1,72939669.9264,0.0201262114041019
3175,15109.790656,2,72939690.0096,0.0237138115434261
3176,15109.810656,1,72939709.9776,0.0201600180302006
3177,15109.830656,2,72939729.9712,0.023767082590612
3178,15109.850656,1,72939750.1952,0.0201989468723749
3179,15109.870656,2,72939769.9968,0.0237373737373737
3180,15109.890656,1,72939789.9904,0.020209191304526
3181,15109.910656,2,72939809.9584,0.0237506914991702
3182,15109.930656,1,72939829.9904,0.0201743602352122
3183,15109.950656,2,72939850.1248,0.0236636138258856
3184,15109.970656,1,72939870.0032,0.0201221136312414
3185,15109.990656,2,72939890.112,0.0237148359866413
3186,15110.010656,1,72939910.016,0.0201559202573401
3187,15110.030656,2,72939929.9328,0.0237240559755773
3188,15110.050656,1,72939950.08,0.0201507980412646
3189,15110.070656,2,72939970.0736,0.0236523449505194
3190,15110.090656,1,72939990.0288,0.0201323580633925
3191,15110.110656,2,72940010.0096,0.0236164894379905
3192,15110.130656,1,72940029.9904,0.0201282602905321
3193,15110.150656,2,72940050.24,0.0236205872108509
3194,15110.170656,1,72940070.0032,0.0201569447005552
3195,15110.190656,2,72940090.0224,0.0236154649947753
3196,15110.210656,1,72940109.9648,0.020227631282398
3197,15110.230656,2,72940129.9968,0.0236779560308972
3198,15110.250656,1,72940150.0288,0.0201046980965845
3199,15110.270656,2,72940169.9968,0.0237414715102342
3200,15110.290656,1,72940190.016,0.0201559202573401
3201,15110.310656,2,72940210.0096,0.0236912737926937
3202,15110.330656,1,72940230.0288,0.0201979224291598
3203,15110.350656,2,72940250.0224,0.0236974204519843
3204,15110.370656,1,72940270.08,0.0201159669719507
3205,15110.390656,2,72940290.0736,0.0236984448951995
3206,15110.410656,1,72940310.0416,0.0201497735980495
3207,15110.430656,2,72940329.984,0.0237476181695249
3208,15110.450656,1,72940350.0032,0.0201835802241482
3209,15110.470656,2,72940370.1376,0.0237445448398795
3210,15110.490656,1,72940390.1568,0.0201426024955437
3211,15110.510656,2,72940410.0224,0.0237168848730715
3212,15110.530656,1,72940430.016,0.0201589935869855
3213,15110.550656,2,72940450.0992,0.0237158604298564
3214,15110.570656,1,72940470.0928,0.0201262114041019
3215,15110.590656,2,72940490.0608,0.0235826828118917
3216,15110.610656,1,72940510.0288,0.0202266068391829
3217,15110.630656,2,72940530.0864,0.023685127133403
3218,15110.650656,1,72940550.1824,0.0202399246009794
3219,15110.670656,2,72940570.0864,0.0236339049726474
3220,15110.690656,1,72940590.0672,0.0201897268834389
3221,15110.710656,2,72940610.048,0.0236451738480136
3222,15110.730656,1,72940630.0416,0.0202112401909562
3223,15110.750656,2,72940650.0992,0.0236595160530252
3224,15110.770656,1,72940670.1184,0.0201426024955437
3225,15110.790656,2,72940690.048,0.0236072694490544
3226,15110.810656,1,72940710.0672,0.0201221136312414
3227,15110.830656,2,72940730.0608,0.0236052205626242
3228,15110.850656,1,72940750.2208,0.0201446513819739
3229,15110.870656,2,72940770.048,0.0235898539143975
3230,15110.890656,1,72940790.0416,0.0200883070051427
3231,15110.910656,2,72940810.0864,0.0235417050832872
3232,15110.930656,1,72940830.0416,0.020045280390108
3233,15110.950656,2,72940850.112,0.0235273628782757
3234,15110.970656,1,72940870.0544,0.0200626959247649
3235,15110.990656,2,72940890.0096,0.0236082938922696
3236,15111.010656,1,72940910.0544,0.0201006003237241
3237,15111.030656,2,72940930.0736,0.0235652672772348
3238,15111.050656,1,72940950.1568,0.0200965025508636
3239,15111.070656,2,72940970.0736,0.0235263384350605
3240,15111.090656,1,72940990.1056,0.0200852336754974
3241,15111.110656,2,72941010.0352,0.023567316163665
3242,15111.130656,1,72941030.08,0.020082160345852
3243,15111.150656,2,72941050.048,0.0235816583686766
3244,15111.170656,1,72941070.08,0.0201006003237241
3245,15111.190656,2,72941090.112,0.023621611654066
3246,15111.210656,1,72941110.08,0.0201405536091134
3247,15111.230656,2,72941130.0992,0.0235816583686766
3248,15111.250656,1,72941150.1568,0.0200555248222591
3249,15111.270656,2,72941170.048,0.0236472227344438
3250,15111.290656,1,72941190.1056,0.0200504026061835
3251,15111.310656,2,72941210.0736,0.0236871760198332
3252,15111.330656,1,72941230.1184,0.0200770381297765
3253,15111.350656,2,72941250.1504,0.0236963960087692
3254,15111.370656,1,72941270.1568,0.0200852336754974
3255,15111.390656,2,72941290.1248,0.0236052205626242
3256,15111.410656,1,72941310.0672,0.0200811359026369
3257,15111.430656,2,72941330.112,0.0236267338701416
3258,15111.450656,1,72941350.1312,0.0201385047226832
3259,15111.470656,2,72941370.176,0.0235703894933104
3260,15111.490656,1,72941390.272,0.020082160345852
3261,15111.510656,2,72941410.1632,0.0235601450611593
3262,15111.530656,1,72941430.1568,0.0200555248222591
3263,15111.550656,2,72941450.2272,0.0235744872661708
3264,15111.570656,1,72941470.2464,0.0201139180855205
3265,15111.590656,2,72941490.1376,0.0235652672772348
3266,15111.610656,1,72941510.1184,0.0200678181408405
3267,15111.630656,2,72941530.1376,0.0236205872108509
3268,15111.650656,1,72941550.1952,0.0201518224844797
3269,15111.670656,2,72941570.176,0.0235242895486303
3270,15111.690656,1,72941590.1696,0.0200739648001311
3271,15111.710656,2,72941610.112,0.0236410760751532
3272,15111.730656,1,72941630.1696,0.0200678181408405
3273,15111.750656,2,72941650.2272,0.0236021472329789
3274,15111.770656,1,72941670.7968,0.0200432315036778
3275,15111.790656,2,72941690.1632,0.0235662917204499
3276,15111.810656,1,72941710.144,0.0200852336754974
3277,15111.830656,2,72941730.1248,0.023703567111275
3278,15111.850656,1,72941750.3232,0.0200903558915729
3279,15111.870656,2,72941770.1248,0.0236041961194091
3280,15111.890656,1,72941790.1568,0.0200340115147417
3281,15111.910656,2,72941810.1376,0.0235724383797406
3282,15111.930656,1,72941830.1312,0.0200719159137009
3283,15111.950656,2,72941850.2912,0.0235703894933104
3284,15111.970656,1,72941870.1824,0.0200985514372938
3285,15111.990656,2,72941890.1888,0.0235560472882988
3286,15112.010656,1,72941910.1696,0.0201374802794681
3287,15112.030656,2,72941930.1504,0.0235878050279673
3288,15112.050656,1,72941950.1952,0.0200924047780032
3289,15112.070656,2,72941970.2272,0.0235816583686766
3290,15112.090656,1,72941990.208,0.0201139180855205
3291,15112.110656,2,72942010.1888,0.0235621939475895
3292,15112.130656,1,72942030.1696,0.0200739648001311
3293,15112.150656,2,72942050.2016,0.0235191673325548
3294,15112.170656,1,72942070.1824,0.0200504026061835
3295,15112.190656,2,72942090.1632,0.0235949761304731
3296,15112.210656,1,72942110.1568,0.0201323580633925
3297,15112.230656,2,72942130.1888,0.0236451738480136
3298,15112.250656,1,72942150.2336,0.0200995758805089
3299,15112.270656,2,72942170.1888,0.0237158604298564
3300,15112.290656,1,72942190.1824,0.0201241625176716
3301,15112.310656,2,72942210.2016,0.0237455692830946
3302,15112.330656,1,72942230.2464,0.0200780625729916
3303,15112.350656,2,72942250.24,0.0237168848730715
3304,15112.370656,1,72942270.2208,0.0201016247669392
3305,15112.390656,2,72942290.24,0.0237086893273506
3306,15112.410656,1,72942310.2208,0.020054500379044
3307,15112.430656,2,72942330.2016,0.0237640092609667
3308,15112.450656,1,72942350.2208,0.0201231380744565
3309,15112.470656,2,72942370.2912,0.0237967914438503
3310,15112.490656,1,72942390.2848,0.020072940356916
3311,15112.510656,2,72942410.2272,0.0237885958981294
3312,15112.530656,1,72942430.2336,0.0201036736533694
3313,15112.550656,2,72942450.2784,0.023685127133403
3314,15112.570656,1,72942470.3104,0.0200575737086893
3315,15112.590656,2,72942490.2528,0.0237814247956236
3316,15112.610656,1,72942510.2336,0.020145675825189
3317,15112.630656,2,72942530.24,0.0236533693937345
3318,15112.650656,1,72942550.2976,0.0201169914151659
3319,15112.670656,2,72942570.2784,0.0236963960087692
3320,15112.690656,1,72942590.2592,0.0200626959247649
3321,15112.710656,2,72942610.24,0.0236082938922696
3322,15112.730656,1,72942630.2464,0.0201128936423054
3323,15112.750656,2,72942650.3296,0.0236349294158625
3324,15112.770656,1,72942670.3232,0.020018644866515
3325,15112.790656,2,72942690.304,0.0235960005736882
3326,15112.810656,1,72942710.2336,0.0201344069498228
3327,15112.830656,2,72942730.2912,0.0236318560862171
3328,15112.850656,1,72942750.3104,0.0200309381850964
3329,15112.870656,2,72942770.2912,0.0237189337595017
3330,15112.890656,1,72942790.272,0.0200514270493987
3331,15112.910656,2,72942810.2784,0.0235980494601184
3332,15112.930656,1,72942830.2592,0.0200432315036778
3333,15112.950656,2,72942850.624,0.0237138115434261
3334,15112.970656,1,72942870.272,0.0200954781076485
3335,15112.990656,2,72942890.2912,0.0236093183354847
3336,15113.010688,1,72942910.272,0.0200708914704858
3337,15113.030688,2,72942930.2656,0.0236595160530252
3338,15113.050688,1,72942950.2848,0.0201221136312414
3339,15113.070688,2,72942970.2784,0.0236513205073043
3340,15113.090688,1,72942990.2848,0.0200954781076485
3341,15113.110688,2,72943010.2912,0.0236451738480136
3342,15113.130688,1,72943030.2976,0.0200073759911488
3343,15113.150688,2,72943050.3552,0.0236636138258856
3344,15113.170688,1,72943070.272,0.0200401581740324
3345,15113.190688,2,72943090.3168,0.0237220070891471
3346,15113.210688,1,72943110.3104,0.0201098203126601
3347,15113.230688,2,72943130.3168,0.023767082590612
3348,15113.250688,1,72943150.336,0.020082160345852
3349,15113.270688,2,72943170.3296,0.0238254758538734
3350,15113.290688,1,72943190.336,0.0200299137418813
3351,15113.310688,2,72943210.3296,0.0238193291945827
3352,15113.330688,1,72943230.336,0.0201354313930379
3353,15113.350688,2,72943250.4192,0.0237220070891471
3354,15113.370688,1,72943270.4128,0.0200247915258057
3355,15113.390688,2,72943290.4064,0.0236789804741123
3356,15113.410688,1,72943310.3616,0.0200708914704858
3357,15113.430688,2,72943330.3168,0.0236410760751532
3358,15113.450688,1,72943350.3744,0.0200596225951196
3359,15113.470688,2,72943370.4064,0.0236277583133567
3360,15113.490688,1,72943390.3232,0.020054500379044
3361,15113.510688,2,72943410.3424,0.023666687155531
3362,15113.530688,1,72943430.3616,0.0200903558915729
3363,15113.550688,2,72943451.1744,0.0236994693384146
3364,15113.570688,1,72943470.4128,0.0200688425840556
3365,15113.590688,2,72943490.3296,0.0236656627123159
3366,15113.610688,1,72943510.8992,0.0200678181408405
3367,15113.630688,2,72943530.3552,0.023666687155531
3368,15113.650688,1,72943550.464,0.0200288892986662
3369,15113.670688,2,72943570.368,0.0236410760751532
3370,15113.690688,1,72943590.3616,0.020045280390108
3371,15113.710688,2,72943610.4064,0.0236769315876821
3372,15113.730688,1,72943630.3872,0.0199981560022128
3373,15113.750688,2,72943650.4576,0.0236410760751532
3374,15113.770688,1,72943670.3616,0.0200104493207941
3375,15113.790688,2,72943690.368,0.0236154649947753
3376,15113.810688,1,72943710.4384,0.0200985514372938
3377,15113.830688,2,72943730.4576,0.0236236605404962
3378,15113.850688,1,72943750.4896,0.0200698670272707
3379,15113.870688,2,72943770.368,0.0236820538037577
3380,15113.890688,1,72943790.3872,0.020190751326654
3381,15113.910688,2,72943810.432,0.0236605404962403
3382,15113.930688,1,72943830.3104,0.0200391337308173
3383,15113.950688,2,72943850.496,0.0236431249615834
3384,15113.970688,1,72943870.4,0.0201006003237241
3385,15113.990688,2,72943890.3808,0.0235447784129326
3386,15114.010688,1,72943910.4384,0.0200278648554511
3387,15114.030688,2,72943930.4064,0.0236441494047985
3388,15114.050688,1,72943950.4896,0.0200811359026369
3389,15114.070688,2,72943970.4192,0.0236410760751532
3390,15114.090688,1,72943990.4256,0.0200524514926138
3391,15114.110688,2,72944010.4064,0.0235970250169033
3392,15114.130688,1,72944030.4256,0.0201467002684041
3393,15114.150688,2,72944050.3808,0.0236062450058393
3394,15114.170688,1,72944070.464,0.0200606470383347
3395,15114.190688,2,72944090.4192,0.0235898539143975
3396,15114.210688,1,72944110.3744,0.0200555248222591
3397,15114.230688,2,72944130.4064,0.0236605404962403
3398,15114.250688,1,72944150.4512,0.0201538713709099
3399,15114.270688,2,72944170.432,0.02361239166513
3400,15114.290688,1,72944190.5792,0.0200708914704858
3401,15114.310688,2,72944210.432,0.0237220070891471
3402,15114.330688,1,72944230.4128,0.0201016247669392
3403,15114.350688,2,72944250.4832,0.0236318560862171
3404,15114.370688,1,72944270.4256,0.0200084004343639
3405,15114.390688,2,72944290.4064,0.0236728338148216
3406,15114.410688,1,72944310.4128,0.0201026492101543
3407,15114.430688,2,72944330.3936,0.0236461982912287
3408,15114.450688,1,72944350.4256,0.0200954781076485
3409,15114.470688,2,72944370.4576,0.023558096174729
3410,15114.490688,1,72944390.4384,0.0200790870162067
3411,15114.510688,2,72944410.432,0.0236523449505194
3412,15114.530688,1,72944430.4128,0.0200831847890671
3413,15114.550688,2,72944450.4448,0.0237363492941586
3414,15114.570688,1,72944470.4256,0.0200760136865614
3415,15114.590688,2,72944490.432,0.0236974204519843
3416,15114.610688,1,72944510.4256,0.0200811359026369
3417,15114.630688,2,72944530.432,0.0237496670559551
3418,15114.650688,1,72944550.4768,0.0201784580080726
3419,15114.670688,2,72944570.4448,0.0238142069785072
3420,15114.690688,1,72944590.4384,0.0201313336201774
3421,15114.710688,2,72944610.4576,0.0238131825352921
3422,15114.730688,1,72944630.4384,0.0202030446452353
3423,15114.750688,2,72944650.496,0.0237814247956236
3424,15114.770688,1,72944670.4256,0.0202696334542176
3425,15114.790688,2,72944690.4064,0.023821378081013
3426,15114.810688,1,72944710.4384,0.0202061179748807
3427,15114.830688,2,72944730.432,0.0238480136046059
3428,15114.850688,1,72944750.5664,0.0201098203126601
3429,15114.870688,2,72944770.4448,0.0238951379925011
3430,15114.890688,1,72944790.464,0.0201846046673633
3431,15114.910688,2,72944810.4576,0.0239596779150532
3432,15114.930688,1,72944830.4512,0.0201374802794681
3433,15114.950688,2,72944850.6496,0.0239658245743438
3434,15114.970688,1,72944870.4768,0.0201856291105784
3435,15114.990688,2,72944890.5088,0.023976069006495
3436,15115.010688,1,72944910.4768,0.0201928002130842
3437,15115.030688,2,72944930.4576,0.0241030999651689
3438,15115.050688,1,72944950.4768,0.0201600180302006
3439,15115.070688,2,72944970.4832,0.0240078267461635
3440,15115.090688,1,72944990.5152,0.0201805068945028
3441,15115.110688,2,72945010.4704,0.0239934845411519
3442,15115.130688,1,72945030.4896,0.0202173868502469
3443,15115.150688,2,72945050.5344,0.0239617268014834
3444,15115.170688,1,72945070.4512,0.0201897268834389
3445,15115.190688,2,72945090.4832,0.0238930891060709
3446,15115.210688,1,72945110.4896,0.0201887024402237
3447,15115.230688,2,72945130.496,0.0238408425021001
3448,15115.250688,1,72945150.5152,0.0202429979306247
3449,15115.270688,2,72945170.4576,0.0238572335935419
3450,15115.290688,1,72945190.5024,0.0202675845677874
3451,15115.310688,2,72945210.5472,0.0238152314217223
3452,15115.330688,1,72945230.5152,0.0202501690331305
3453,15115.350688,2,72945250.7136,0.0237844981252689
3454,15115.370688,1,72945270.5024,0.0202850001024443
3455,15115.390688,2,72945290.5856,0.023757862601676
3456,15115.410688,1,72945310.528,0.0202706578974327
3457,15115.430688,2,72945330.5088,0.0237332759645133
3458,15115.450688,1,72945350.528,0.02024607126027
3459,15115.470688,2,72945370.5344,0.0237220070891471
3460,15115.490688,1,72945390.5664,0.0201702624623517
3461,15115.510688,2,72945410.5344,0.0237926936709898
3462,15115.530688,1,72945430.5152,0.0202112401909562
3463,15115.550688,2,72945450.6112,0.023739422623804
3464,15115.570688,1,72945470.5536,0.0201815313377179
3465,15115.590688,2,72945490.5088,0.0238203536377979
3466,15115.610688,1,72945510.5408,0.0202102157477411
3467,15115.630688,2,72945530.5344,0.0237896203413445
3468,15115.650688,1,72945550.5664,0.02024607126027
3469,15115.670688,2,72945570.5472,0.0237281537484377
3470,15115.690688,1,72945590.5664,0.0201876779970086
3471,15115.710688,2,72945610.5344,0.023675907144467
3472,15115.730688,1,72945630.5664,0.0201436269387588
3473,15115.750688,2,72945650.5856,0.0236492716208741
3474,15115.770688,1,72945670.592,0.0201046980965845
3475,15115.790688,2,72945690.5856,0.0236267338701416
3476,15115.810688,1,72945710.5664,0.0201507980412646
3477,15115.830688,2,72945730.5728,0.0236502960640892
3478,15115.850688,1,72945750.6048,0.0200934292212183
3479,15115.870688,2,72945770.5728,0.0236041961194091
3480,15115.890688,1,72945790.6304,0.0201210891880263
3481,15115.910688,2,72945810.5728,0.0236410760751532
3482,15115.930688,1,72945830.5664,0.0200606470383347
3483,15115.950688,2,72945850.5984,0.0236021472329789
3484,15115.970688,1,72945871.4112,0.020118015858381
3485,15115.990688,2,72945890.5984,0.0235519495154384
3486,15116.010688,1,72945910.6176,0.0200381092876022
3487,15116.030688,2,72945930.5856,0.0235980494601184
3488,15116.050688,1,72945950.6688,0.0200053271047186
3489,15116.070688,2,72945970.6368,0.0235837072551069
3490,15116.090688,1,72945990.592,0.0200073759911488
3491,15116.110688,2,72946010.6112,0.0235345339807814
3492,15116.130688,1,72946030.592,0.0200422070604626
3493,15116.150688,2,72946050.688,0.0235929272440429
3494,15116.170688,1,72946070.6304,0.0200780625729916
3495,15116.190688,2,72946090.6112,0.0235888294711824
3496,15116.210688,1,72946110.7456,0.0200381092876022
3497,15116.230688,2,72946130.6624,0.0236390271887229
3498,15116.250688,1,72946150.6944,0.020082160345852
3499,15116.270688,2,72946170.6112,0.023657467166595
3500,15116.290688,1,72946190.6304,0.0200708914704858
3501,15116.310688,2,72946210.6496,0.023685127133403
3502,15116.330688,1,72946230.6176,0.0201282602905321
3503,15116.350688,2,72946250.624,0.0236687360419612
3504,15116.370688,1,72946270.6432,0.0201149425287356
3505,15116.390688,2,72946290.6624,0.0236707849283914
3506,15116.410688,1,72946310.656,0.020118015858381
3507,15116.430688,2,72946330.624,0.0236953715655541
3508,15116.450688,1,72946350.6176,0.0201149425287356
3509,15116.470688,2,72946370.6624,0.023703567111275
3510,15116.490688,1,72946390.656,0.0200893314483578
3511,15116.510688,2,72946410.6624,0.023657467166595
3512,15116.530688,1,72946430.6304,0.0201600180302006
3513,15116.550688,2,72946451.4176,0.023640051631938
3514,15116.570688,1,72946470.7072,0.0200719159137009
3515,15116.590688,2,72946490.6496,0.0236769315876821
3516,15116.610688,1,72946510.6304,0.0201118691990903
3517,15116.630688,2,72946530.6752,0.0236113672219149
3518,15116.650688,1,72946550.7712,0.0201057225397996
3519,15116.670688,2,72946570.6752,0.0236820538037577
3520,15116.690688,1,72946590.656,0.0200739648001311
3521,15116.710688,2,72946610.7008,0.0236472227344438
3522,15116.730688,1,72946630.6816,0.0200565492654742
3523,15116.750688,2,72946650.7136,0.0236451738480136
3524,15116.770688,1,72946670.7328,0.0201057225397996
3525,15116.790688,2,72946690.6496,0.0237312270780831
3526,15116.810688,1,72946710.6688,0.0201231380744565
3527,15116.830688,2,72946730.688,0.0236636138258856
3528,15116.850688,1,72946750.7456,0.0200965025508636
3529,15116.870688,2,72946770.6752,0.0237424959534493
3530,15116.890688,1,72946790.6816,0.020036060401172
3531,15116.910688,2,72946810.7392,0.0237148359866413
3532,15116.930688,1,72946830.6816,0.0200227426393755
3533,15116.950688,2,72946850.7904,0.0236922982359088
3534,15116.970688,1,72946870.72,0.0201057225397996
3535,15116.990688,2,72946890.7392,0.0236728338148216
3536,15117.010688,1,72946910.72,0.0201251869608868
3537,15117.030688,2,72946930.7136,0.0237599114881062
3538,15117.050688,1,72946950.7968,0.0201128936423054
3539,15117.070688,2,72946970.7392,0.0237804003524085
3540,15117.090688,1,72946990.72,0.020054500379044
3541,15117.110688,2,72947010.7264,0.0237629848177516
3542,15117.130688,1,72947030.7072,0.0201251869608868
3543,15117.150688,2,72947050.7264,0.0238336713995943
3544,15117.170688,1,72947070.7328,0.0201139180855205
3545,15117.190688,2,72947090.7264,0.0238807957874895
3546,15117.210688,1,72947110.8096,0.0201784580080726
3547,15117.230688,2,72947130.7264,0.0238049869895712
3548,15117.250688,1,72947150.784,0.0201610424734157
3549,15117.270688,2,72947170.7392,0.0238357202860245
3550,15117.290688,1,72947190.7584,0.0202307046120434
3551,15117.310688,2,72947210.7264,0.0237373737373737
3552,15117.330688,1,72947230.7456,0.0200883070051427
3553,15117.350688,2,72947250.816,0.0237271293052226
3554,15117.370688,1,72947270.7712,0.0201815313377179
3555,15117.390688,2,72947290.7904,0.0237701559202573
3556,15117.410688,1,72947310.7584,0.0201036736533694
3557,15117.430688,2,72947330.752,0.0236882004630483
3558,15117.450688,1,72947350.7456,0.0201784580080726
3559,15117.470688,2,72947370.7904,0.0236646382691007
3560,15117.490688,1,72947390.8352,0.0201046980965845
3561,15117.510688,2,72947410.7648,0.0237445448398795
3562,15117.530688,1,72947430.7584,0.0201405536091134
3563,15117.550688,2,72947450.8032,0.0236779560308972
3564,15117.570688,1,72947470.7712,0.0201026492101543
3565,15117.590688,2,72947490.7392,0.0237220070891471
3566,15117.610688,1,72947510.7712,0.0201303091769623
3567,15117.630688,2,72947530.8032,0.0237373737373737
3568,15117.650688,1,72947550.8608,0.0201303091769623
3569,15117.670688,2,72947570.8032,0.0236953715655541
3570,15117.690688,1,72947590.7968,0.0201395291658983
3571,15117.710688,2,72947610.8288,0.0237107382137808
3572,15117.730688,1,72947630.7968,0.0201210891880263
3573,15117.750688,2,72947650.944,0.0236912737926937
3574,15117.770688,1,72947670.7968,0.0202245579527527
3575,15117.790688,2,72947690.8032,0.0236748827012519
3576,15117.810688,1,72947710.8224,0.0201159669719507
3577,15117.830688,2,72947730.7904,0.0236861515766181
3578,15117.850688,1,72947750.8736,0.0201118691990903
3579,15117.870688,2,72947770.7648,0.0236687360419612
3580,15117.890688,1,72947790.8224,0.0201313336201774
3581,15117.910688,2,72947810.8672,0.0236175138812056
3582,15117.930688,1,72947830.8096,0.0201630913598459
3583,15117.950688,2,72947850.8928,0.0236185383244207
3584,15117.970688,1,72947870.8096,0.0201210891880263
3585,15117.990688,2,72947890.9568,0.0236738582580368
3586,15118.010688,1,72947910.8352,0.0202040690884504
3587,15118.030688,2,72947930.816,0.0236687360419612
3588,15118.050688,1,72947950.8352,0.020127235847317
3589,15118.070688,2,72947970.88,0.0236246849837114
3590,15118.090688,1,72947990.8224,0.0201395291658983
3591,15118.110688,2,72948010.8288,0.0237199582027168
3592,15118.130688,1,72948030.8608,0.020136455836253
3593,15118.150688,2,72948050.9056,0.0236748827012519
3594,15118.170688,1,72948070.848,0.0201026492101543
3595,15118.190688,2,72948090.8416,0.0236615649394554
3596,15118.210688,1,72948110.8864,0.0201262114041019
3597,15118.230688,2,72948130.8544,0.023621611654066
3598,15118.250688,1,72948150.8736,0.0201251869608868
3599,15118.270688,2,72948170.9312,0.0236226360972811
3600,15118.290688,1,72948190.8608,0.0201323580633925
3601,15118.310688,2,72948210.8544,0.0237045915544901
3602,15118.330688,1,72948230.848,0.0201610424734157
3603,15118.350688,2,72948250.9184,0.0237496670559551
3604,15118.370688,1,72948270.8608,0.0201579691437704
3605,15118.390688,2,72948290.8672,0.0237363492941586
3606,15118.410688,1,72948310.8736,0.0201046980965845
3607,15118.430688,2,72948330.9184,0.0237302026348679
3608,15118.450688,1,72948350.8864,0.020145675825189
3609,15118.470688,2,72948370.8416,0.0237240559755773
3610,15118.490688,1,72948390.8736,0.0201405536091134
3611,15118.510688,2,72948410.8544,0.0238162558649374
3612,15118.530688,1,72948430.8352,0.0201784580080726
3613,15118.550688,2,72948450.944,0.0237353248509435
3614,15118.570688,1,72948470.912,0.0201426024955437
3615,15118.590688,2,72948490.8928,0.0237404470670191
3616,15118.610688,1,72948510.9248,0.0201108447558752
3617,15118.630688,2,72948530.8928,0.0236953715655541
3618,15118.650688,1,72948550.9248,0.0200770381297765
3619,15118.670688,2,72948571.0336,0.0236482471776589
3620,15118.690688,1,72948590.8736,0.0201354313930379
3621,15118.710688,2,72948610.9696,0.0236513205073043
3622,15118.730688,1,72948630.912,0.0201507980412646
3623,15118.750688,2,72948650.9824,0.0236656627123159
3624,15118.770688,1,72948670.912,0.0201528469276948
3625,15118.790688,2,72948690.8928,0.0237107382137808
3626,15118.810688,1,72948710.9248,0.020118015858381
3627,15118.830688,2,72948730.944,0.0237230315323622
3628,15118.850688,1,72948750.976,0.0200534759358289
3629,15118.870688,2,72948770.9312,0.0236994693384146
3630,15118.890688,1,72948790.976,0.0201169914151659
3631,15118.910688,2,72948810.9184,0.0236871760198332
3632,15118.930688,1,72948830.9248,0.0201344069498228
3633,15118.950688,2,72948851.1232,0.0237148359866413
3634,15118.970688,1,72948870.9504,0.0201405536091134
3635,15118.990688,2,72948890.9312,0.0236287827565718
3636,15119.010688,1,72948910.9504,0.0200760136865614
3637,15119.030688,2,72948930.9312,0.0235560472882988
3638,15119.050688,1,72948950.9632,0.0199930337861372
3639,15119.070688,2,72948970.9696,0.0236298071997869
3640,15119.090688,1,72948990.9632,0.0200575737086893
3641,15119.110688,2,72949010.9568,0.0235550228450837
3642,15119.130688,1,72949030.9504,0.0200657692544102
3643,15119.150688,2,72949051.0592,0.0235755117093859
3644,15119.170688,1,72949070.9376,0.0200319626283115
3645,15119.190688,2,72949090.9696,0.0236246849837114
3646,15119.210688,1,72949111.0656,0.0200596225951196
3647,15119.230688,2,72949130.9312,0.0236595160530252
3648,15119.250688,1,72949151.0144,0.0200575737086893
3649,15119.270688,2,72949170.944,0.0235683406068802
3650,15119.290688,1,72949190.9504,0.0201282602905321
3651,15119.310688,2,72949210.9952,0.0235683406068802
3652,15119.330688,1,72949230.9376,0.0200196693097302
3653,15119.350688,2,72949251.008,0.0235560472882988
3654,15119.370688,1,72949271.0144,0.0201128936423054
3655,15119.390688,2,72949291.008,0.0235273628782757
3656,15119.410688,1,72949310.976,0.0201200647448112
3657,15119.430688,2,72949330.9568,0.0236113672219149
3658,15119.450688,1,72949350.9888,0.0201046980965845
3659,15119.470688,2,72949371.0336,0.0236615649394554
3660,15119.490688,1,72949391.0528,0.0200995758805089
3661,15119.510688,2,72949411.0464,0.0236502960640892
3662,15119.530688,1,72949431.0016,0.020145675825189
3663,15119.550688,2,72949451.1488,0.0235949761304731
3664,15119.570688,1,72949471.04,0.020127235847317
3665,15119.590688,2,72949491.0336,0.0236564427233798
3666,15119.610688,1,72949511.0144,0.0200944536644334
3667,15119.630688,2,72949531.072,0.0235365828672117
3668,15119.650688,1,72949550.9888,0.0200903558915729
3669,15119.670688,2,72949570.9952,0.0235888294711824
3670,15119.690688,1,72949591.1168,0.0200299137418813
3671,15119.710688,2,72949611.008,0.0235703894933104
3672,15119.730688,1,72949631.04,0.0201344069498228
3673,15119.750688,2,72949651.0208,0.0235099473436187
3674,15119.770688,1,72949671.1552,0.0200555248222591
3675,15119.790688,2,72949691.0208,0.0236000983465487
3676,15119.810688,1,72949711.04,0.0200657692544102
3677,15119.830688,2,72949731.1488,0.0235960005736882
3678,15119.850688,1,72949751.1168,0.0201251869608868
3679,15119.870688,2,72949771.136,0.023666687155531
3680,15119.890688,1,72949791.0144,0.0200585981519044
3681,15119.910688,2,72949811.0592,0.0236502960640892
3682,15119.930688,1,72949831.104,0.0201292847337472
3683,15119.950688,2,72949851.0848,0.0236461982912287
3684,15119.970688,1,72949871.1296,0.0200493781629684
3685,15119.990688,2,72949891.0592,0.0236410760751532
3686,15120.010688,1,72949911.0656,0.0201241625176716
3687,15120.030688,2,72949931.1232,0.0236543938369496
3688,15120.050688,1,72949951.0656,0.0201610424734157
3689,15120.070688,2,72949971.1616,0.0235980494601184
3690,15120.090688,1,72949991.0784,0.0201712869055668
3691,15120.110688,2,72950011.072,0.0236533693937345
3692,15120.130688,1,72950031.0912,0.0201538713709099
3693,15120.150688,2,72950051.0592,0.0236728338148216
3694,15120.170688,1,72950071.1808,0.0201221136312414
3695,15120.190688,2,72950091.1232,0.0236892249062634
3696,15120.210688,1,72950111.0784,0.0200749892433462
3697,15120.230688,2,72950131.0976,0.0236953715655541
3698,15120.250688,1,72950151.1424,0.0201159669719507
3699,15120.270688,2,72950171.0976,0.0237199582027168
3700,15120.290688,1,72950191.1424,0.0201282602905321
3701,15120.310688,2,72950211.0848,0.0237885958981294
3702,15120.330688,1,72950231.1168,0.0201067469830147
3703,15120.350688,2,72950251.1104,0.0236523449505194
3704,15120.370688,1,72950271.1296,0.0201262114041019
3705,15120.390688,2,72950291.1104,0.0236933226791239
3706,15120.410688,1,72950311.104,0.0201108447558752
3707,15120.430688,2,72950331.136,0.02374864261274
3708,15120.450688,1,72950351.1296,0.0200626959247649
3709,15120.470688,2,72950371.2512,0.0236656627123159
3710,15120.490688,1,72950391.1168,0.0201313336201774
3711,15120.510688,2,72950411.1232,0.0237220070891471
3712,15120.530688,1,72950431.1424,0.0201303091769623
3713,15120.550688,2,72950451.1232,0.023685127133403
3714,15120.570688,1,72950471.1936,0.0201467002684041
3715,15120.590688,2,72950491.136,0.0235878050279673
3716,15120.610688,1,72950511.1296,0.0201016247669392
3717,15120.630688,2,72950531.3664,0.0236369783022927
3718,15120.650688,1,72950551.1296,0.0201897268834389
3719,15120.670688,2,72950571.136,0.023584731698322
3720,15120.690688,1,72950591.1808,0.0201241625176716
3721,15120.710688,2,72950611.136,0.0236994693384146
3722,15120.730688,1,72950631.1296,0.0202061179748807
3723,15120.750688,2,72950651.1872,0.0237107382137808
3724,15120.770688,1,72950671.1808,0.0202225090663225
3725,15120.790688,2,72950691.1616,0.0237722048066876
3726,15120.810688,1,72950711.1552,0.0201395291658983
3727,15120.830688,2,72950731.136,0.02374864261274
3728,15120.850688,1,72950751.2192,0.0202337779416887
3729,15120.870688,2,72950771.1488,0.0237056159977052
3730,15120.890688,1,72950791.168,0.0202050935316655
3731,15120.910688,2,72950811.2128,0.0238070358760014
3732,15120.930688,1,72950831.1552,0.0201630913598459
3733,15120.950688,2,72950851.2128,0.0237865470116991
3734,15120.970688,1,72950871.1552,0.0202593890220665
3735,15120.990688,2,72950891.1872,0.0237045915544901
3736,15121.010688,1,72950911.1936,0.0202143135206016
3737,15121.030688,2,72950931.1744,0.0237640092609667
3738,15121.050688,1,72950951.2192,0.0202020202020202
3739,15121.070688,2,72950971.1872,0.0237824492388387
3740,15121.090688,1,72950991.2192,0.0202829512160141
3741,15121.110688,2,72951011.2128,0.0237752781363329
3742,15121.130688,1,72951031.1936,0.0202307046120434
3743,15121.150688,2,72951051.2768,0.0238541602638966
3744,15121.170688,1,72951071.2064,0.0203075378531768
3745,15121.190688,2,72951091.2,0.0238111336488618
3746,15121.210688,1,72951111.2448,0.0202163624070318
3747,15121.230688,2,72951131.2128,0.0237967914438503
3748,15121.250688,1,72951151.2704,0.0202481201467003
3749,15121.270688,2,72951171.2512,0.0238244514106583
3750,15121.290688,1,72951191.2192,0.0201630913598459
3751,15121.310688,2,72951211.2256,0.0238562091503268
3752,15121.330688,1,72951231.232,0.020218411293462
3753,15121.350688,2,72951251.3664,0.0238807957874895
3754,15121.370688,1,72951271.3728,0.0202573401356363
3755,15121.390688,2,72951291.2,0.0237681070338271
3756,15121.410688,1,72951311.2704,0.0202020202020202
3757,15121.430688,2,72951331.2,0.0238203536377979
3758,15121.450688,1,72951351.4112,0.0202491445899154
3759,15121.470688,2,72951371.2384,0.0238029381031409
3760,15121.490688,1,72951391.3088,0.0202081668613109
3761,15121.510688,2,72951411.264,0.02379474255742
3762,15121.530688,1,72951431.232,0.0201917757698691
3763,15121.550688,2,72951451.264,0.0237783514659782
3764,15121.570688,1,72951471.2704,0.0202665601245723
3765,15121.590688,2,72951491.2256,0.0238131825352921
3766,15121.610688,1,72951511.296,0.0202399246009794
3767,15121.630688,2,72951531.2384,0.0237424959534493
3768,15121.650688,1,72951551.3088,0.020227631282398
3769,15121.670688,2,72951571.2512,0.0238592824799721
3770,15121.690688,1,72951591.2576,0.0202153379638167
3771,15121.710688,2,72951611.3408,0.0237916692277747
3772,15121.730688,1,72951631.2576,0.0202143135206016
3773,15121.750688,2,72951651.3536,0.0239607023582683
3774,15121.770688,1,72951671.3088,0.0202665601245723
3775,15121.790688,2,72951691.2768,0.0240006556436577
3776,15121.810688,1,72951711.2576,0.020154895814125
3777,15121.830688,2,72951731.4688,0.0239965578707972
3778,15121.850688,1,72951751.3344,0.0202890978753048
3779,15121.870688,2,72951771.2896,0.0240416333722622
3780,15121.890688,1,72951791.36,0.0202317290552585
3781,15121.910688,2,72951811.2896,0.0240211445079599
3782,15121.930688,1,72951831.2704,0.0201979224291598
3783,15121.950688,2,72951851.4944,0.0241594443420001
3784,15121.970688,1,72951871.3216,0.0202552912492061
3785,15121.990688,2,72951891.2768,0.0240201200647448
3786,15122.010688,1,72951911.3216,0.0202655356813572
3787,15122.030688,2,72951931.2768,0.0240815866576516
3788,15122.050688,1,72951951.3472,0.0202593890220665
3789,15122.070688,2,72951971.3024,0.0239986067572274
3790,15122.090688,1,72951991.2448,0.0201692380191366
3791,15122.110688,2,72952011.328,0.0239975823140123
3792,15122.130688,1,72952031.2704,0.0201979224291598
3793,15122.150688,2,72952051.4304,0.0239248468457393
3794,15122.170688,1,72952071.3216,0.0202194357366771
3795,15122.190688,2,72952091.3152,0.0239094801975127
3796,15122.210688,1,72952111.3984,0.0202522179195607
3797,15122.230688,2,72952131.3152,0.0239002602085766
3798,15122.250688,1,72952151.3472,0.0202511934763456
3799,15122.270688,2,72952171.3152,0.0239146024135882
3800,15122.290688,1,72952191.3344,0.0202173868502469
3801,15122.310688,2,72952211.4304,0.0238428913885303
3802,15122.330688,1,72952231.3216,0.0202450468170549
3803,15122.350688,2,72952251.3792,0.0239340668346754
3804,15122.370688,1,72952271.36,0.0202214846231073
3805,15122.390688,2,72952291.3024,0.0239064068678673
3806,15122.410688,1,72952311.3728,0.0202020202020202
3807,15122.430688,2,72952331.3408,0.0238787469010593
3808,15122.450688,1,72952351.36,0.0202850001024443
3809,15122.470688,2,72952371.456,0.0238265002970885
3810,15122.490688,1,72952391.3856,0.0202143135206016
3811,15122.510688,2,72952411.3536,0.0238705513553384
3812,15122.530688,1,72952431.4496,0.0201968979859446
3813,15122.550688,2,72952451.4432,0.0236820538037577
3814,15122.570688,1,72952471.4624,0.0200924047780032
3815,15122.590688,2,72952491.3536,0.0238193291945827
3816,15122.610688,1,72952511.3728,0.0202194357366771
3817,15122.630688,2,72952531.3792,0.023739422623804
3818,15122.650688,1,72952551.488,0.0202009957588051
3819,15122.670688,2,72952571.4816,0.0238418669453152
3820,15122.690688,1,72952591.3856,0.0202255823959678
3821,15122.710688,2,72952611.3792,0.0237793759091934
3822,15122.730688,1,72952631.4752,0.0201835802241482
3823,15122.750688,2,72952651.4304,0.0237527403856004
3824,15122.770688,1,72952671.3856,0.0202040690884504
3825,15122.790688,2,72952691.4688,0.0237752781363329
3826,15122.810688,1,72952711.3984,0.0201538713709099
3827,15122.830688,2,72952731.392,0.02374864261274
3828,15122.850688,1,72952751.3984,0.0202020202020202
3829,15122.870688,2,72952771.392,0.0237517159423853
3830,15122.890688,1,72952791.4112,0.0201774335648575
3831,15122.910688,2,72952811.3792,0.0237896203413445
3832,15122.930688,1,72952831.3856,0.0201559202573401
3833,15122.950688,2,72952851.4432,0.0237701559202573
3834,15122.970688,1,72952871.4368,0.0201723113487819
3835,15122.990688,2,72952891.4176,0.0236861515766181
3836,15123.010688,1,72952911.3856,0.020227631282398
3837,15123.030688,2,72952931.4176,0.0237322515212982
3838,15123.050688,1,72952951.6288,0.0202071424180958
3839,15123.070688,2,72952971.4304,0.0236769315876821
3840,15123.090688,1,72952991.424,0.02019997131559
3841,15123.110688,2,72953011.5328,0.0237168848730715
3842,15123.130688,1,72953031.4368,0.0201692380191366
3843,15123.150688,2,72953051.4688,0.0237209826459319
3844,15123.170688,1,72953071.4496,0.0201651402462762
3845,15123.190688,2,72953091.4304,0.0237373737373737
3846,15123.210688,1,72953111.4752,0.0202286557256131
3847,15123.230688,2,72953131.4432,0.0236738582580368
3848,15123.250688,1,72953151.5136,0.0201887024402237
3849,15123.270688,2,72953171.52,0.0236318560862171
3850,15123.290688,1,72953191.4496,0.0201200647448112
3851,15123.310688,2,72953211.4688,0.0236339049726474
3852,15123.330688,1,72953231.4624,0.0201743602352122
3853,15123.350688,2,72953251.4816,0.0237414715102342
3854,15123.370688,1,72953271.4624,0.0201528469276948
3855,15123.390688,2,72953291.4816,0.0236595160530252
3856,15123.410688,1,72953311.4496,0.020218411293462
3857,15123.430688,2,72953331.4688,0.0237537648288155
3858,15123.450688,1,72953351.4752,0.0201938246562993
3859,15123.470688,2,72953371.4944,0.0236994693384146
3860,15123.490688,1,72953391.5008,0.0202399246009794
3861,15123.510688,2,72953411.4944,0.0237086893273506
3862,15123.530688,1,72953431.5776,0.0202706578974327
3863,15123.550688,2,72953451.4688,0.0236861515766181
3864,15123.570688,1,72953471.5264,0.0201057225397996
3865,15123.590688,2,72953491.4432,0.0237117626569959
3866,15123.610688,1,72953511.5008,0.0201712869055668
3867,15123.630688,2,72953531.4688,0.0236625893826705
3868,15123.650688,1,72953551.552,0.0201712869055668
3869,15123.670688,2,72953571.5072,0.0236974204519843
3870,15123.690688,1,72953591.488,0.0201887024402237
3871,15123.710688,2,72953611.5328,0.0237220070891471
3872,15123.730688,1,72953631.4752,0.020209191304526
3873,15123.750688,2,72953651.648,0.0236748827012519
3874,15123.770688,1,72953671.488,0.0201702624623517
3875,15123.790688,2,72953691.5072,0.0236554182801647
3876,15123.810688,1,72953711.5648,0.0202317290552585
3877,15123.830688,2,72953731.4944,0.0237076648841355
3878,15123.850688,1,72953751.616,0.0201323580633925
3879,15123.870688,2,72953771.5072,0.0236421005183683
3880,15123.890688,1,72953791.5136,0.0201559202573401
3881,15123.910688,2,72953811.5456,0.023621611654066
3882,15123.930688,1,72953831.5136,0.0200831847890671
3883,15123.950688,2,72953851.5712,0.0236328805294323
3884,15123.970688,1,72953871.5264,0.0200985514372938
3885,15123.990688,2,72953891.52,0.0235888294711824
3886,15124.010688,1,72953911.5648,0.0200176204232999
3887,15124.030688,2,72953931.5072,0.0235878050279673
3888,15124.050688,1,72953951.5264,0.020127235847317
3889,15124.070688,2,72953971.5712,0.0235990739033335
3890,15124.090688,1,72953991.5264,0.0201169914151659
3891,15124.110688,2,72954011.5328,0.0235908783576126
3892,15124.130688,1,72954031.6416,0.020118015858381
3893,15124.150688,2,72954051.5584,0.0236912737926937
3894,15124.170688,1,72954071.5904,0.0200596225951196
3895,15124.190688,2,72954091.5584,0.0236369783022927
3896,15124.210688,1,72954111.5136,0.0200329870715266
3897,15124.230688,2,72954131.584,0.0235724383797406
3898,15124.250688,1,72954151.5648,0.0201467002684041
3899,15124.270688,2,72954171.5712,0.0236779560308972
3900,15124.290688,1,72954191.5776,0.0200883070051427
3901,15124.310688,2,72954211.5712,0.0236421005183683
3902,15124.330688,1,72954231.6544,0.0200801114594218
3903,15124.350688,2,72954251.6352,0.023630831643002
3904,15124.370688,1,72954271.5904,0.0200749892433462
3905,15124.390688,2,72954291.5712,0.0236205872108509
3906,15124.410688,1,72954311.5904,0.0201210891880263
3907,15124.430688,2,72954331.5712,0.0236697604851763
3908,15124.450688,1,72954351.6416,0.020108795869445
3909,15124.470688,2,72954371.6224,0.0236748827012519
3910,15124.490688,1,72954391.6672,0.0200801114594218
3911,15124.510688,2,72954411.5584,0.0236267338701416
3912,15124.530688,1,72954431.552,0.0200975269940787
3913,15124.550688,2,72954451.7376,0.0236134161083451
3914,15124.570688,1,72954471.616,0.0201108447558752
3915,15124.590688,2,72954491.5968,0.0235755117093859
3916,15124.610688,1,72954511.6288,0.02006372036798
3917,15124.630688,2,72954531.6096,0.023630831643002
3918,15124.650688,1,72954551.6672,0.0200698670272707
3919,15124.670688,2,72954571.6096,0.0236830782469728
3920,15124.690688,1,72954591.616,0.0200760136865614
3921,15124.710688,2,72954611.6352,0.0236882004630483
3922,15124.730688,1,72954631.6288,0.0200626959247649
3923,15124.750688,2,72954651.648,0.0236257094269265
3924,15124.770688,1,72954671.6288,0.0200288892986662
3925,15124.790688,2,72954691.6736,0.0236523449505194
3926,15124.810688,1,72954711.6544,0.020026840412236
3927,15124.830688,2,72954731.6352,0.0236789804741123
3928,15124.850688,1,72954751.6416,0.0200801114594218
3929,15124.870688,2,72954771.6608,0.0235662917204499
3930,15124.890688,1,72954791.616,0.0199653738193292
3931,15124.910688,2,72954811.6864,0.0236513205073043
3932,15124.930688,1,72954831.6544,0.0200483537197533
3933,15124.950688,2,72954851.6864,0.0236339049726474
3934,15124.970688,1,72954871.7312,0.0200473292765382
3935,15124.990688,2,72954891.6352,0.0236492716208741
3936,15125.010688,1,72954911.6672,0.0200852336754974
3937,15125.030688,2,72954931.648,0.0235642428340197
3938,15125.050688,1,72954951.6416,0.0200309381850964
3939,15125.070688,2,72954971.7376,0.0235714139365255
3940,15125.090688,1,72954991.616,0.0200780625729916
3941,15125.110688,2,72955011.6608,0.0235652672772348
3942,15125.130688,1,72955031.7056,0.0201262114041019
3943,15125.150688,2,72955051.6608,0.0236502960640892
3944,15125.170688,1,72955071.7056,0.0200944536644334
3945,15125.190688,2,72955091.6992,0.0236236605404962
3946,15125.210688,1,72955111.6544,0.0200206937529453
3947,15125.230688,2,72955131.712,0.0236543938369496
3948,15125.250688,1,72955151.744,0.0200585981519044
3949,15125.270688,2,72955171.7376,0.0236011227897638
3950,15125.290688,1,72955191.6928,0.0201651402462762
3951,15125.310688,2,72955211.6864,0.0235806339254615
3952,15125.330688,1,72955231.7568,0.0200575737086893
3953,15125.350688,2,72955251.776,0.0236533693937345
3954,15125.370688,1,72955271.68,0.0201385047226832
3955,15125.390688,2,72955291.6864,0.0236287827565718
3956,15125.410688,1,72955311.68,0.0201374802794681
3957,15125.430688,2,72955331.7376,0.0235365828672117
3958,15125.450688,1,72955351.7696,0.0200626959247649
3959,15125.470688,2,72955371.7632,0.0236830782469728
3960,15125.490688,1,72955391.7056,0.0200842092322823
3961,15125.510688,2,72955411.712,0.0236421005183683
3962,15125.530688,1,72955431.744,0.0200063515479337
3963,15125.550688,2,72955451.712,0.0235765361526011
3964,15125.570688,1,72955471.7696,0.0200596225951196
3965,15125.590688,2,72955491.712,0.0237004937816297
3966,15125.610688,1,72955511.7184,0.0200514270493987
3967,15125.630688,2,72955531.7632,0.0237015182248448
3968,15125.650688,1,72955551.744,0.0201046980965845
3969,15125.670688,2,72955571.7504,0.0236810293605425
3970,15125.690688,1,72955591.744,0.0200504026061835
3971,15125.710688,2,72955611.7376,0.0236912737926937
3972,15125.730688,1,72955631.808,0.0200391337308173
3973,15125.750688,2,72955651.7632,0.0236451738480136
3974,15125.770688,1,72955671.808,0.0201405536091134
3975,15125.790688,2,72955691.7632,0.0236523449505194
3976,15125.810688,1,72955711.8464,0.0201354313930379
3977,15125.830688,2,72955731.904,0.0236103427786998
3978,15125.850688,1,72955751.7952,0.0201118691990903
3979,15125.870688,2,72955771.8016,0.0236390271887229
3980,15125.890688,1,72955791.7568,0.0201344069498228
3981,15125.910688,2,72955811.7632,0.0235632183908046
3982,15125.930688,1,72955831.808,0.0201006003237241
3983,15125.950688,2,72955851.8272,0.0235478517425779
3984,15125.970688,1,72955871.7568,0.0201436269387588
3985,15125.990688,2,72955891.8272,0.023567316163665
3986,15126.010688,1,72955911.744,0.0200401581740324
3987,15126.030688,2,72955931.776,0.0236021472329789
3988,15126.050688,1,72955952.1536,0.0200862581187125
3989,15126.070688,2,72955971.8016,0.0235529739586535
3990,15126.090688,1,72955991.7824,0.0200842092322823
3991,15126.110688,2,72956011.8016,0.0235929272440429
3992,15126.130688,1,72956031.7824,0.0201723113487819
3993,15126.150688,2,72956051.9808,0.0236236605404962
3994,15126.170688,1,72956071.8336,0.0201139180855205
3995,15126.190688,2,72956091.8016,0.0236318560862171
3996,15126.210688,1,72956111.8848,0.0200944536644334
3997,15126.230688,2,72956131.8016,0.0235980494601184
3998,15126.250688,1,72956151.8464,0.0201251869608868
3999,15126.270688,2,72956171.8528,0.0236113672219149
4000,15126.290688,1,72956191.7696,0.0200985514372938
4001,15126.310688,2,72956211.7504,0.023621611654066
4002,15126.330688,1,72956231.7696,0.0201118691990903
4003,15126.350688,2,72956251.776,0.0237404470670191
4004,15126.370688,1,72956271.8208,0.0201241625176716
4005,15126.390688,2,72956291.7376,0.0236533693937345
4006,15126.410688,1,72956311.7696,0.0200370848443871
4007,15126.430688,2,72956331.8272,0.0237814247956236
4008,15126.450688,1,72956351.7696,0.020018644866515
4009,15126.470688,2,72956371.8016,0.0236963960087692
4010,15126.490688,1,72956391.7696,0.0201169914151659
4011,15126.510688,2,72956411.7888,0.0236318560862171
4012,15126.530688,1,72956431.808,0.020091380334788
4013,15126.550688,2,72956451.7888,0.0235468272993628
4014,15126.570688,1,72956471.808,0.0200985514372938
4015,15126.590688,2,72956491.9168,0.0235703894933104
4016,15126.610688,1,72956511.7952,0.0200801114594218
4017,15126.630688,2,72956531.776,0.0235857561415371
4018,15126.650688,1,72956551.808,0.0200985514372938
4019,15126.670688,2,72956571.8144,0.0236277583133567
4020,15126.690688,1,72956591.8848,0.0200852336754974
4021,15126.710688,2,72956611.776,0.0235703894933104
4022,15126.730688,1,72956631.8336,0.0200329870715266
4023,15126.750688,2,72956651.8272,0.0235427295265023
4024,15126.770688,1,72956671.808,0.0200995758805089
4025,15126.790688,2,72956691.8912,0.0235744872661708
4026,15126.810688,1,72956711.808,0.0200944536644334
4027,15126.830688,2,72956731.7888,0.0236205872108509
4028,15126.850688,1,72956751.8976,0.0200432315036778
4029,15126.870688,2,72956771.8144,0.0236072694490544
4030,15126.890688,1,72956791.8208,0.0200657692544102
4031,15126.910688,2,72956811.84,0.0236154649947753
4032,15126.930688,1,72956831.8208,0.0200370848443871
4033,15126.950688,2,72956851.8144,0.0236482471776589
4034,15126.970688,1,72956871.8336,0.0200575737086893
4035,15126.990688,2,72956891.8528,0.0236298071997869
4036,15127.010688,1,72956911.8464,0.0200985514372938
4037,15127.030688,2,72956931.8528,0.0235355584239966
4038,15127.050688,1,72956951.9104,0.020036060401172
4039,15127.070688,2,72956971.8528,0.0235642428340197
4040,15127.090688,1,72956991.8336,0.0200760136865614
4041,15127.110688,2,72957011.8528,0.0235447784129326
4042,15127.130688,1,72957031.872,0.0200872825619276
4043,15127.150688,2,72957051.8912,0.0234658962853689
4044,15127.170688,1,72957071.9104,0.0200442559468929
4045,15127.190688,2,72957091.8784,0.0235744872661708
4046,15127.210688,1,72957111.8592,0.0200760136865614
4047,15127.230688,2,72957131.8656,0.0236103427786998
4048,15127.250688,1,72957151.8848,0.0200514270493987
4049,15127.270688,2,72957171.8656,0.0235376073104268
4050,15127.290688,1,72957191.872,0.0200708914704858
4051,15127.310688,2,72957211.8656,0.0236021472329789
4052,15127.330688,1,72957231.872,0.0200975269940787
4053,15127.350688,2,72957251.904,0.0235867805847522
4054,15127.370688,1,72957271.9232,0.0200206937529453
4055,15127.390688,2,72957291.8784,0.0235529739586535
4056,15127.410688,1,72957311.8976,0.0200401581740324
4057,15127.430688,2,72957331.8912,0.0235386317536419
4058,15127.450688,1,72957351.9104,0.020045280390108
4059,15127.470688,2,72957371.8912,0.0235785850390313
4060,15127.490688,1,72957391.9488,0.020045280390108
4061,15127.510688,2,72957411.904,0.0234464318642818
4062,15127.530688,1,72957431.9232,0.0200135226504395
4063,15127.550688,2,72957451.904,0.0235140451164792
4064,15127.570688,1,72957471.936,0.0200647448111951
4065,15127.590688,2,72957491.9296,0.0235355584239966
4066,15127.610688,1,72957511.9104,0.0200657692544102
4067,15127.630688,2,72957531.968,0.0235365828672117
4068,15127.650688,1,72957551.936,0.0200678181408405
4069,15127.670688,2,72957572.0576,0.0235222406622001
4070,15127.690688,1,72957591.9616,0.0200370848443871
4071,15127.710688,2,72957611.904,0.0234658962853689
4072,15127.730688,1,72957631.936,0.0200780625729916
4073,15127.750688,2,72957651.9296,0.0235099473436187
4074,15127.770688,1,72957671.936,0.0200883070051427
4075,15127.790688,2,72957691.9424,0.0235314606511361
4076,15127.810688,1,72957711.9232,0.0200053271047186
4077,15127.830688,2,72957731.968,0.0236779560308972
4078,15127.850688,1,72957751.9744,0.0201210891880263
4079,15127.870688,2,72957771.9552,0.0236718093716065
4080,15127.890688,1,72957791.9616,0.0200391337308173
4081,15127.910688,2,72957811.9424,0.0236789804741123
4082,15127.930688,1,72957831.9616,0.0201149425287356
4083,15127.950688,2,72957851.9808,0.0236318560862171
4084,15127.970688,1,72957872,0.0200975269940787
4085,15127.990688,2,72957891.9552,0.0236359538590776
4086,15128.010688,1,72957911.9232,0.0201446513819739
4087,15128.030688,2,72957931.968,0.0236195627676358
4088,15128.050688,1,72957951.9616,0.0201046980965845
4089,15128.070688,2,72957972.032,0.0236246849837114
4090,15128.090688,1,72957991.9872,0.0200616714815498
4091,15128.110688,2,72958011.9808,0.0235837072551069
4092,15128.130688,1,72958032.0128,0.0201723113487819
4093,15128.150688,2,72958052.0064,0.0236974204519843
4094,15128.170688,1,72958072.0256,0.0201200647448112
4095,15128.190688,2,72958091.9552,0.023703567111275
4096,15128.210688,1,72958112.0128,0.0201210891880263
4097,15128.230688,2,72958132.0064,0.023675907144467
4098,15128.250688,1,72958152.0256,0.020108795869445
4099,15128.270688,2,72958172.032,0.0236636138258856
4100,15128.290688,1,72958192,0.0201979224291598
4101,15128.310688,2,72958211.9936,0.0237476181695249
4102,15128.330688,1,72958231.9616,0.020209191304526
4103,15128.350688,2,72958252.0192,0.0237291781916528
4104,15128.370688,1,72958271.9744,0.0201415780523286
4105,15128.390688,2,72958292.0064,0.0237465937263097
4106,15128.410688,1,72958312,0.020209191304526
4107,15128.430688,2,72958332.0448,0.0237517159423853
4108,15128.450688,1,72958352.0384,0.0202481201467003
4109,15128.470688,2,72958372.032,0.0237609359313213
4110,15128.490688,1,72958392,0.0202214846231073
4111,15128.510688,2,72958412.0192,0.0237445448398795
4112,15128.530688,1,72958432.0384,0.0201774335648575
4113,15128.550688,2,72958452.0832,0.0237865470116991
4114,15128.570688,1,72958472.1408,0.0202317290552585
4115,15128.590688,2,72958492.032,0.0238428913885303
4116,15128.610688,1,72958512.1024,0.0201415780523286
4117,15128.630688,2,72958532.0448,0.0238203536377979
4118,15128.650688,1,72958552.0384,0.0201958735427295
4119,15128.670688,2,72958572.1216,0.0238428913885303
4120,15128.690688,1,72958592.064,0.020300366750671
4121,15128.710688,2,72958612.032,0.0239371401643207
4122,15128.730688,1,72958632.0256,0.0202194357366771
4123,15128.750688,2,72958652.0448,0.0238992357653615
4124,15128.770688,1,72958672.1536,0.0202542668059909
4125,15128.790688,2,72958692.1088,0.0240252422808204
4126,15128.810688,1,72958712.064,0.0202389001577643
4127,15128.830688,2,72958732.1088,0.0239176757432336
4128,15128.850688,1,72958752.1024,0.0202778289999385
4129,15128.870688,2,72958772.032,0.0239555801421927
4130,15128.890688,1,72958792.064,0.0202532423627758
4131,15128.910688,2,72958812.0704,0.0238623558096175
4132,15128.930688,1,72958832.0384,0.0201897268834389
4133,15128.950688,2,72958852.2368,0.0239525068125474
4134,15128.970688,1,72958872.0768,0.0202747556702932
4135,15128.990688,2,72958892.0832,0.0239432868236114
4136,15129.010688,1,72958912.0896,0.0202327534984736
4137,15129.030688,2,72958932.1472,0.0238459647181757
4138,15129.050688,1,72958952.1152,0.0202245579527527
4139,15129.070688,2,72958972.096,0.0239330423914602
4140,15129.090688,1,72958992.0896,0.0202470957034852
4141,15129.110688,2,72959012.096,0.0240068023029483
4142,15129.130688,1,72959032.1152,0.0202532423627758
4143,15129.150688,2,72959052.1088,0.0241205154998258
4144,15129.170688,1,72959072.1536,0.0202143135206016
4145,15129.190688,2,72959092.1984,0.0240416333722622
4146,15129.210688,1,72959112.1536,0.0203136845124675
4147,15129.230688,2,72959132.1344,0.0240651955662098
4148,15129.250688,1,72959152.128,0.0202317290552585
4149,15129.270688,2,72959172.096,0.0240662200094249
4150,15129.290688,1,72959192.128,0.0202081668613109
4151,15129.310688,2,72959212.1216,0.0240826111008667
4152,15129.330688,1,72959232.192,0.0202286557256131
4153,15129.350688,2,72959252.16,0.0240242178376053
4154,15129.370688,1,72959272.2432,0.0202501690331305
4155,15129.390688,2,72959292.1472,0.0240252422808204
4156,15129.410688,1,72959312.1536,0.0202501690331305
4157,15129.430688,2,72959332.1344,0.0239709467904194
4158,15129.450688,1,72959352.2176,0.0202255823959678
4159,15129.470688,2,72959372.1856,0.0239227979593091
4160,15129.490688,1,72959392.1536,0.0201610424734157
4161,15129.510688,2,72959412.16,0.0239115290839429
4162,15129.530688,1,72959432.2304,0.0202716823406479
4163,15129.550688,2,72959452.16,0.0239207490728789
4164,15129.570688,1,72959472.1664,0.0202040690884504
4165,15129.590688,2,72959492.16,0.0239074313110824
4166,15129.610688,1,72959512.1664,0.0202501690331305
4167,15129.630688,2,72959532.1856,0.023876698014629
4168,15129.650688,1,72959552.2048,0.02024607126027
4169,15129.670688,2,72959572.2496,0.0238848935603499
4170,15129.690688,1,72959592.1792,0.0201887024402237
4171,15129.710688,2,72959612.224,0.0239279201753847
4172,15129.730688,1,72959632.2688,0.0201968979859446
4173,15129.750688,2,72959652.2368,0.0238408425021001
4174,15129.770688,1,72959672.192,0.0202593890220665
4175,15129.790688,2,72959692.1856,0.0238705513553384
4176,15129.810688,1,72959712.1664,0.0202757801135083
4177,15129.830688,2,72959732.1984,0.0238746491281988
4178,15129.850688,1,72959752.2048,0.0202061179748807
4179,15129.870688,2,72959772.1856,0.023976069006495
4180,15129.890688,1,72959792.2304,0.0201723113487819
4181,15129.910688,2,72959812.1984,0.0240211445079599
4182,15129.930688,1,72959832.1792,0.020263486794927
4183,15129.950688,2,72959852.2112,0.0240201200647448
4184,15129.970688,1,72959872.2304,0.0202419734874096
4185,15129.990688,2,72959892.2112,0.0240457311451226
4186,15130.010688,1,72959912.2048,0.0202245579527527
4187,15130.030688,2,72959932.2112,0.0240805622144365
4188,15130.050688,1,72959952.2432,0.0202542668059909
4189,15130.070688,2,72959972.2112,0.0240109000758088
4190,15130.090688,1,72959992.2176,0.020236851271334
4191,15130.110688,2,72960012.5952,0.0239842645522159
4192,15130.130688,1,72960032.2432,0.0201815313377179
4193,15130.150688,2,72960052.2496,0.0239791423361403
4194,15130.170688,1,72960072.4608,0.0202050935316655
4195,15130.190688,2,72960092.2496,0.0240252422808204
4196,15130.210688,1,72960112.2176,0.0202440223738398
4197,15130.230688,2,72960132.2624,0.0239699223472043
4198,15130.250688,1,72960152.256,0.0201620669166308
4199,15130.270688,2,72960172.288,0.0240457311451226
4200,15130.290688,1,72960192.2688,0.0202399246009794
4201,15130.310688,2,72960212.2112,0.0239688979039892
4202,15130.330688,1,72960232.2944,0.0202286557256131
4203,15130.350688,2,72960252.288,0.0239135779703731
4204,15130.370688,1,72960272.2816,0.0202470957034852
4205,15130.390688,2,72960292.2368,0.0239187001864487
4206,15130.410688,1,72960312.256,0.0202266068391829
4207,15130.430688,2,72960332.3392,0.0239340668346754
4208,15130.450688,1,72960352.3072,0.0201682135759215
4209,15130.470688,2,72960372.2624,0.0239658245743438
4210,15130.490688,1,72960392.256,0.0201671891327064
4211,15130.510688,2,72960412.2752,0.0239053824246522
4212,15130.530688,1,72960432.256,0.0201139180855205
4213,15130.550688,2,72960452.3648,0.0237691314770422
4214,15130.570688,1,72960472.2944,0.0201149425287356
4215,15130.590688,2,72960492.3008,0.0236994693384146
4216,15130.610688,1,72960512.2816,0.0201016247669392
4217,15130.630688,2,72960532.3008,0.0236738582580368
4218,15130.650688,1,72960552.3968,0.0200657692544102
4219,15130.670688,2,72960572.5312,0.0237025426680599
4220,15130.690688,1,72960592.2944,0.0200708914704858
4221,15130.710688,2,72960612.2496,0.023694347122339
4222,15130.730688,1,72960632.32,0.0200258159690208
4223,15130.750688,2,72960652.3648,0.023685127133403
4224,15130.770688,1,72960672.32,0.0201046980965845
4225,15130.790688,2,72960692.4544,0.0237230315323622
4226,15130.810688,1,72960712.3328,0.0201026492101543
4227,15130.830688,2,72960732.3264,0.0237271293052226
4228,15130.850688,1,72960752.384,0.0201221136312414
4229,15130.870688,2,72960772.352,0.0236718093716065
4230,15130.890688,1,72960792.3072,0.0201344069498228
4231,15130.910688,2,72960812.3008,0.0237281537484377
4232,15130.930688,1,72960832.32,0.0200432315036778
4233,15130.950688,2,72960852.5824,0.0236912737926937
4234,15130.970688,1,72960872.32,0.020108795869445
4235,15130.990688,2,72960892.5824,0.0236564427233798
4236,15131.010688,1,72960912.3584,0.0201139180855205
4237,15131.030688,2,72960932.3776,0.0236052205626242
4238,15131.050688,1,72960952.4096,0.0200770381297765
4239,15131.070688,2,72960972.4032,0.0236482471776589
4240,15131.090688,1,72960992.32,0.0200647448111951
4241,15131.110688,2,72961012.3392,0.0236718093716065
4242,15131.130688,1,72961032.3456,0.0200370848443871
4243,15131.150688,2,72961052.3904,0.0236656627123159
4244,15131.170688,1,72961072.448,0.020082160345852
4245,15131.190688,2,72961092.352,0.0237015182248448
4246,15131.210688,1,72961112.3584,0.0201067469830147
4247,15131.230688,2,72961132.3648,0.0237066404409204
4248,15131.250688,1,72961152.4224,0.0201077714262298
4249,15131.270688,2,72961172.6336,0.0236994693384146
4250,15131.290688,1,72961192.3712,0.0200739648001311
4251,15131.310688,2,72961212.352,0.0237117626569959
4252,15131.330688,1,72961232.384,0.0200811359026369
4253,15131.350688,2,72961252.5056,0.023767082590612
4254,15131.370688,1,72961272.3712,0.0201241625176716
4255,15131.390688,2,72961292.3904,0.023657467166595
4256,15131.410688,1,72961312.4096,0.0201241625176716
4257,15131.430688,2,72961332.3648,0.0237281537484377
4258,15131.450688,1,72961352.4224,0.0200565492654742
4259,15131.470688,2,72961372.3904,0.0236933226791239
4260,15131.490688,1,72961392.4224,0.0201016247669392
4261,15131.510688,2,72961412.4032,0.0237066404409204
4262,15131.530688,1,72961432.4352,0.0201661646894913
4263,15131.550688,2,72961452.3648,0.0236841026901879
4264,15131.570688,1,72961472.4736,0.0201026492101543
4265,15131.590688,2,72961492.4416,0.0237476181695249
4266,15131.610688,1,72961512.5632,0.0201405536091134
4267,15131.630688,2,72961532.3904,0.023767082590612
4268,15131.650688,1,72961552.4096,0.0201139180855205
4269,15131.670688,2,72961572.4544,0.023785522568484
4270,15131.690688,1,72961592.448,0.0201057225397996
4271,15131.710688,2,72961612.3904,0.0237424959534493
4272,15131.730688,1,72961632.4352,0.0200708914704858
4273,15131.750688,2,72961652.4416,0.0236789804741123
4274,15131.770688,1,72961672.3968,0.0200944536644334
4275,15131.790688,2,72961692.3904,0.0236472227344438
4276,15131.810688,1,72961712.4352,0.0201528469276948
4277,15131.830688,2,72961732.4544,0.0236564427233798
4278,15131.850688,1,72961752.4736,0.0200903558915729
4279,15131.870688,2,72961772.5696,0.0236062450058393
4280,15131.890688,1,72961792.4736,0.0200965025508636
4281,15131.910688,2,72961812.4544,0.0236205872108509
4282,15131.930688,1,72961832.64,0.0201077714262298
4283,15131.950688,2,72961852.544,0.0236646382691007
4284,15131.970688,1,72961872.4096,0.0200442559468929
4285,15131.990688,2,72961892.4928,0.0237302026348679
4286,15132.010688,1,72961912.448,0.0201794824512877
4287,15132.030688,2,72961932.5184,0.0236728338148216
4288,15132.050688,1,72961952.448,0.020136455836253
4289,15132.070688,2,72961972.48,0.0236769315876821
4290,15132.090688,1,72961992.4992,0.0201108447558752
4291,15132.110688,2,72962012.544,0.0236523449505194
4292,15132.130688,1,72962032.64,0.0201046980965845
4293,15132.150688,2,72962052.5056,0.0236441494047985
4294,15132.170688,1,72962072.448,0.020036060401172
4295,15132.190688,2,72962092.5056,0.0236953715655541
4296,15132.210688,1,72962112.5504,0.0201159669719507
4297,15132.230688,2,72962132.6848,0.0236461982912287
4298,15132.250688,1,72962152.5632,0.0200760136865614
4299,15132.270688,2,72962172.4672,0.0236267338701416
4300,15132.290688,1,72962192.512,0.0200872825619276
4301,15132.310688,2,72962212.4672,0.0235888294711824
4302,15132.330688,1,72962232.4736,0.0200585981519044
4303,15132.350688,2,72962252.5568,0.0236236605404962
4304,15132.370688,1,72962272.4736,0.0200524514926138
4305,15132.390688,2,72962292.5184,0.0235406806400721
4306,15132.410688,1,72962312.4736,0.020054500379044
4307,15132.430688,2,72962332.6336,0.0235744872661708
4308,15132.450688,1,72962352.5888,0.0200493781629684
4309,15132.470688,2,72962372.5696,0.0235714139365255
4310,15132.490688,1,72962392.4992,0.020045280390108
4311,15132.510688,2,72962412.7872,0.0235867805847522
4312,15132.530688,1,72962432.6656,0.0200565492654742
4313,15132.550688,2,72962452.544,0.0235499006290081
4314,15132.570688,1,72962472.576,0.0201159669719507
4315,15132.590688,2,72962492.5184,0.0236113672219149
4316,15132.610688,1,72962512.5504,0.020127235847317
4317,15132.630688,2,72962532.5184,0.0236052205626242
4318,15132.650688,1,72962552.5632,0.0200329870715266
4319,15132.670688,2,72962572.8,0.0236144405515602
4320,15132.690688,1,72962592.6656,0.0200985514372938
4321,15132.710688,2,72962612.5184,0.0236082938922696
4322,15132.730688,1,72962632.5504,0.020082160345852
4323,15132.750688,2,72962652.5952,0.0236113672219149
4324,15132.770688,1,72962672.6912,0.0200975269940787
4325,15132.790688,2,72962692.5952,0.0235785850390313
4326,15132.810688,1,72962712.4992,0.0201006003237241
4327,15132.830688,2,72962732.608,0.0235621939475895
4328,15132.850688,1,72962752.6016,0.0200965025508636
4329,15132.870688,2,72962772.5312,0.0235273628782757
4330,15132.890688,1,72962792.5632,0.0200811359026369
4331,15132.910688,2,72962812.5824,0.0235949761304731
4332,15132.930688,1,72962832.5632,0.0200493781629684
4333,15132.950688,2,72962852.608,0.0236041961194091
4334,15132.970688,1,72962872.6528,0.0200565492654742
4335,15132.990688,2,72962892.6336,0.0235908783576126
4336,15133.010688,1,72962912.6144,0.019981764910771
4337,15133.030688,2,72962932.5568,0.0235990739033335
4338,15133.050688,1,72962952.8576,0.020045280390108
4339,15133.070688,2,72962972.6336,0.0235447784129326
4340,15133.090688,1,72962992.5632,0.0200965025508636
4341,15133.110688,2,72963012.6592,0.0236380027455078
4342,15133.130688,1,72963032.7808,0.0200575737086893
4343,15133.150688,2,72963052.5824,0.0236144405515602
4344,15133.170688,1,72963072.6016,0.0201139180855205
4345,15133.190688,2,72963092.5824,0.0236236605404962
4346,15133.210688,1,72963112.6272,0.020026840412236
4347,15133.230688,2,72963132.6464,0.023593951687258
4348,15133.250688,1,72963152.6144,0.0201108447558752
4349,15133.270688,2,72963172.6592,0.0235642428340197
4350,15133.290688,1,72963192.5888,0.0200135226504395
4351,15133.310688,2,72963212.5952,0.0236461982912287
4352,15133.330688,1,72963232.6784,0.0200422070604626
4353,15133.350688,2,72963252.672,0.0236226360972811
4354,15133.370688,1,72963272.6272,0.0200258159690208
4355,15133.390688,2,72963292.672,0.0236011227897638
4356,15133.410688,1,72963312.7168,0.0200135226504395
4357,15133.430688,2,72963332.6208,0.0235837072551069
4358,15133.450688,1,72963352.6784,0.0199961071157826
4359,15133.470688,2,72963372.6208,0.0235611695043744
4360,15133.490688,1,72963392.6784,0.0200463048333231
4361,15133.510688,2,72963412.6336,0.0235878050279673
4362,15133.530688,1,72963432.6528,0.0200719159137009
4363,15133.550688,2,72963452.6336,0.0235242895486303
4364,15133.570688,1,72963472.6272,0.0200473292765382
4365,15133.590688,2,72963492.7104,0.0235755117093859
4366,15133.610688,1,72963512.6528,0.020091380334788
4367,15133.630688,2,72963532.6848,0.0236072694490544
4368,15133.650688,1,72963552.6656,0.0201139180855205
4369,15133.670688,2,72963572.6336,0.0236021472329789
4370,15133.690688,1,72963592.64,0.0201067469830147
4371,15133.710688,2,72963612.6336,0.0235714139365255
4372,15133.730688,1,72963632.704,0.0201344069498228
4373,15133.750688,2,72963652.7104,0.0236328805294323
4374,15133.770688,1,72963672.6528,0.0200903558915729
4375,15133.790688,2,72963692.8256,0.0236082938922696
4376,15133.810688,1,72963712.6656,0.020091380334788
4377,15133.830688,2,72963732.6976,0.0236011227897638
4378,15133.850688,1,72963752.6656,0.0200155715368697
4379,15133.870688,2,72963772.864,0.023603171676194
4380,15133.890688,1,72963792.7936,0.020054500379044
4381,15133.910688,2,72963812.7104,0.0235816583686766
4382,15133.930688,1,72963832.6784,0.0200657692544102
4383,15133.950688,2,72963852.6848,0.0236339049726474
4384,15133.970688,1,72963872.7808,0.0201118691990903
4385,15133.990688,2,72963892.8256,0.0236113672219149
4386,15134.010688,1,72963912.7552,0.0200770381297765
4387,15134.030688,2,72963932.7104,0.0235785850390313
4388,15134.050688,1,72963952.7552,0.0200667936976253
4389,15134.070688,2,72963972.7872,0.0236134161083451
4390,15134.090688,1,72963992.7808,0.0200319626283115
4391,15134.110688,2,72964012.7872,0.0235755117093859
4392,15134.130688,1,72964032.7424,0.0200534759358289
4393,15134.150688,2,72964052.7616,0.0235990739033335
4394,15134.170688,1,72964072.7808,0.0200893314483578
4395,15134.190688,2,72964092.736,0.0236513205073043
4396,15134.210688,1,72964112.704,0.0200965025508636
4397,15134.230688,2,72964132.7232,0.0235724383797406
4398,15134.250688,1,72964152.8064,0.0201200647448112
4399,15134.270688,2,72964172.7872,0.0235130206732641
4400,15134.290688,1,72964192.7424,0.0200237670825906
4401,15134.310688,2,72964212.928,0.0235406806400721
4402,15134.330688,1,72964232.7936,0.0200319626283115
4403,15134.350688,2,72964252.8128,0.0235796094822464
4404,15134.370688,1,72964272.7808,0.0201467002684041
4405,15134.390688,2,72964292.7744,0.0235929272440429
4406,15134.410688,1,72964312.8192,0.0201118691990903
4407,15134.430688,2,72964332.7232,0.0235888294711824
4408,15134.450688,1,72964352.8448,0.020082160345852
4409,15134.470688,2,72964372.8,0.0237220070891471
4410,15134.490688,1,72964392.832,0.0200176204232999
4411,15134.510688,2,72964412.7872,0.023703567111275
4412,15134.530688,1,72964432.7808,0.0200473292765382
4413,15134.550688,2,72964452.7488,0.0236728338148216
4414,15134.570688,1,72964472.8192,0.0200626959247649
4415,15134.590688,2,72964492.8128,0.0236410760751532
4416,15134.610688,1,72964512.768,0.0200227426393755
4417,15134.630688,2,72964532.8128,0.0236236605404962
4418,15134.650688,1,72964552.8064,0.020118015858381
4419,15134.670688,2,72964572.8256,0.0235109717868339
4420,15134.690688,1,72964592.7552,0.0200524514926138
4421,15134.710688,2,72964612.7744,0.0236000983465487
4422,15134.730688,1,72964632.8192,0.0201282602905321
4423,15134.750688,2,72964652.8,0.0235867805847522
4424,15134.770688,1,72964672.768,0.0201098203126601
4425,15134.790688,2,72964692.8768,0.023657467166595
4426,15134.810688,1,72964712.7552,0.0200585981519044
4427,15134.830688,2,72964732.8256,0.0236461982912287
4428,15134.850688,1,72964752.8576,0.0200606470383347
4429,15134.870688,2,72964772.7616,0.0236707849283914
4430,15134.890688,1,72964792.768,0.0201426024955437
4431,15134.910688,2,72964812.864,0.0236718093716065
4432,15134.930688,1,72964832.8064,0.0201538713709099
4433,15134.950688,2,72964852.9792,0.0236728338148216
4434,15134.970688,1,72964872.832,0.0200667936976253
4435,15134.990688,2,72964892.8,0.0236502960640892
4436,15135.010688,1,72964912.9856,0.0200852336754974
4437,15135.030688,2,72964932.8256,0.0236093183354847
4438,15135.050688,1,72964952.9344,0.02006372036798
4439,15135.070688,2,72964972.8256,0.0236328805294323
4440,15135.090688,1,72964992.8064,0.0200667936976253
4441,15135.110688,2,72965012.8512,0.0235621939475895
4442,15135.130688,1,72965032.8576,0.0200790870162067
4443,15135.150688,2,72965052.8512,0.0236707849283914
4444,15135.170688,1,72965072.8192,0.0200309381850964
4445,15135.190688,2,72965092.8896,0.0236482471776589
4446,15135.210688,1,72965112.832,0.0200616714815498
4447,15135.230688,2,72965132.8384,0.0236789804741123
4448,15135.250688,1,72965152.8576,0.0200780625729916
4449,15135.270688,2,72965172.8384,0.02379474255742
4450,15135.290688,1,72965192.8704,0.0200626959247649
4451,15135.310688,2,72965212.8512,0.0236871760198332
4452,15135.330688,1,72965232.832,0.0200862581187125
4453,15135.350688,2,72965252.9408,0.0237056159977052
4454,15135.370688,1,72965272.896,0.0200370848443871
4455,15135.390688,2,72965292.8512,0.0237168848730715
4456,15135.410688,1,72965312.8576,0.0200719159137009
4457,15135.430688,2,72965332.8512,0.023703567111275
4458,15135.450688,1,72965352.9216,0.0201559202573401
4459,15135.470688,2,72965372.864,0.0236748827012519
4460,15135.490688,1,72965392.896,0.0201436269387588
4461,15135.510688,2,72965412.8896,0.0237097137705657
4462,15135.530688,1,72965432.896,0.0200965025508636
4463,15135.550688,2,72965452.9024,0.0236523449505194
4464,15135.570688,1,72965472.8832,0.0201405536091134
4465,15135.590688,2,72965492.8896,0.0237199582027168
4466,15135.610688,1,72965513.3696,0.0201866535537935
4467,15135.630688,2,72965532.8896,0.0237117626569959
4468,15135.650688,1,72965552.9344,0.0201784580080726
4469,15135.670688,2,72965572.9664,0.0236441494047985
4470,15135.690688,1,72965592.896,0.0201928002130842
4471,15135.710688,2,72965612.9152,0.0236164894379905
4472,15135.730688,1,72965632.9216,0.0200903558915729
4473,15135.750688,2,72965652.9536,0.023640051631938
4474,15135.770688,1,72965672.9216,0.020136455836253
4475,15135.790688,2,72965692.9024,0.0235949761304731
4476,15135.810688,1,72965712.9472,0.0201057225397996
4477,15135.830688,2,72965732.8768,0.0236492716208741
4478,15135.850688,1,72965752.9856,0.0200842092322823
4479,15135.870688,2,72965772.928,0.0237220070891471
4480,15135.890688,1,72965792.9088,0.0200585981519044
4481,15135.910688,2,72965812.928,0.0236922982359088
4482,15135.930688,1,72965832.896,0.0200688425840556
4483,15135.950688,2,72965853.0944,0.0237302026348679
4484,15135.970688,1,72965873.024,0.0200883070051427
4485,15135.990688,2,72965892.9792,0.02374864261274
4486,15136.01072,1,72965912.96,0.0200893314483578
4487,15136.03072,2,72965932.9536,0.0236902493494786
4488,15136.05072,1,72965952.9984,0.0201344069498228
4489,15136.07072,2,72965972.9792,0.0237865470116991
4490,15136.09072,1,72965992.96,0.0201036736533694
4491,15136.11072,2,72966012.9536,0.0236646382691007
4492,15136.13072,1,72966032.9728,0.0201026492101543
4493,15136.15072,2,72966052.9408,0.0237445448398795
4494,15136.17072,1,72966072.9728,0.0200985514372938
4495,15136.19072,2,72966092.992,0.0237978158870654
4496,15136.21072,1,72966112.9728,0.0201467002684041
4497,15136.23072,2,72966132.992,0.0238971868789313
4498,15136.25072,1,72966152.96,0.0201794824512877
4499,15136.27072,2,72966173.0944,0.0238346958428094
4500,15136.29072,1,72966192.9856,0.0202194357366771
4501,15136.31072,2,72966212.9792,0.0237988403302805
4502,15136.33072,1,72966232.9984,0.0201128936423054
4503,15136.35072,2,72966252.9664,0.0237445448398795
4504,15136.37072,1,72966273.0624,0.0201835802241482
4505,15136.39072,2,72966293.0304,0.0237353248509435
4506,15136.41072,1,72966313.0112,0.0202050935316655
4507,15136.43072,2,72966332.9664,0.0237732292499027
4508,15136.45072,1,72966353.0624,0.0201446513819739
4509,15136.47072,2,72966372.992,0.0237619603745364
4510,15136.49072,1,72966393.0112,0.0201928002130842
4511,15136.51072,2,72966413.0176,0.0238807957874895
4512,15136.53072,1,72966432.9984,0.0202040690884504
4513,15136.55072,2,72966453.056,0.0238336713995943
4514,15136.57072,1,72966473.0752,0.0201866535537935
4515,15136.59072,2,72966493.0176,0.0239832401090008
4516,15136.61072,1,72966513.1904,0.0202235335095376
4517,15136.63072,2,72966533.0048,0.0239432868236114
4518,15136.65072,1,72966553.024,0.0201866535537935
4519,15136.67072,2,72966573.0304,0.023821378081013
4520,15136.69072,1,72966593.0624,0.0201385047226832
4521,15136.71072,2,72966613.0176,0.0238060114327863
4522,15136.73072,1,72966633.0496,0.0201784580080726
4523,15136.75072,2,72966653.056,0.0238131825352921
4524,15136.77072,1,72966673.0624,0.0201446513819739
4525,15136.79072,2,72966693.0176,0.0236912737926937
4526,15136.81072,1,72966712.9856,0.0201467002684041
4527,15136.83072,2,72966733.0688,0.0237209826459319
4528,15136.85072,1,72966753.088,0.0201507980412646
4529,15136.87072,2,72966773.0816,0.0237343004077284
4530,15136.89072,1,72966793.2032,0.0202655356813572
4531,15136.91072,2,72966813.0688,0.0237189337595017
4532,15136.93072,1,72966833.0496,0.0201825557809331
4533,15136.95072,2,72966853.0816,0.0237804003524085
4534,15136.97072,1,72966873.088,0.0201989468723749
4535,15136.99072,2,72966893.0816,0.023821378081013
4536,15137.01072,1,72966913.0368,0.0202757801135083
4537,15137.03072,2,72966932.992,0.0237834736820538
4538,15137.05072,1,72966953.1008,0.0202204601798922
4539,15137.07072,2,72966973.0944,0.023757862601676
4540,15137.09072,1,72966993.024,0.0201794824512877
4541,15137.11072,2,72967013.12,0.0237988403302805
4542,15137.13072,1,72967033.0624,0.0201661646894913
4543,15137.15072,2,72967053.1072,0.0237353248509435
4544,15137.17072,1,72967073.1136,0.0202153379638167
4545,15137.19072,2,72967093.12,0.0237599114881062
4546,15137.21072,1,72967113.088,0.0201589935869855
4547,15137.23072,2,72967133.0688,0.0237568381584609
4548,15137.25072,1,72967153.1392,0.0201507980412646
4549,15137.27072,2,72967173.1328,0.0238111336488618
4550,15137.29072,1,72967193.1136,0.0202235335095376
4551,15137.31072,2,72967213.0688,0.0238029381031409
4552,15137.33072,1,72967233.1008,0.0203034400803163
4553,15137.35072,2,72967253.2736,0.0238162558649374
4554,15137.37072,1,72967273.0624,0.0202050935316655
4555,15137.39072,2,72967293.12,0.023839818058885
4556,15137.41072,1,72967313.1008,0.0202327534984736
4557,15137.43072,2,72967333.0944,0.023876698014629
4558,15137.45072,1,72967353.152,0.02024607126027
4559,15137.47072,2,72967373.0816,0.0238613313664024
4560,15137.49072,1,72967393.1008,0.0202624623517118
4561,15137.51072,2,72967413.1456,0.0238142069785072
4562,15137.53072,1,72967433.088,0.020209191304526
4563,15137.55072,2,72967453.1328,0.023776302579548
4564,15137.57072,1,72967473.152,0.0202153379638167
4565,15137.59072,2,72967493.0944,0.0237711803634725
4566,15137.61072,1,72967513.5872,0.0201979224291598
4567,15137.63072,2,72967533.1328,0.0238295736267339
4568,15137.65072,1,72967553.1136,0.0201610424734157
4569,15137.67072,2,72967573.1456,0.023830598069949
4570,15137.69072,1,72967593.2032,0.0201712869055668
4571,15137.71072,2,72967613.0816,0.0238326469563792
4572,15137.73072,1,72967633.1648,0.0201928002130842
4573,15137.75072,2,72967653.12,0.0237865470116991
4574,15137.77072,1,72967673.1136,0.0201825557809331
4575,15137.79072,2,72967693.1456,0.0238367447292397
4576,15137.81072,1,72967713.152,0.0202860245456594
4577,15137.83072,2,72967733.1456,0.02379474255742
4578,15137.85072,1,72967753.1904,0.0201897268834389
4579,15137.87072,2,72967773.1968,0.0238377691724548
4580,15137.89072,1,72967793.1392,0.0201589935869855
4581,15137.91072,2,72967813.1712,0.0237343004077284
4582,15137.93072,1,72967833.1392,0.0201948490995144
4583,15137.95072,2,72967853.1968,0.0237435203966644
4584,15137.97072,1,72967873.152,0.0201682135759215
4585,15137.99072,2,72967893.0944,0.0237537648288155
4586,15138.01072,1,72967913.1904,0.0202153379638167
4587,15138.03072,2,72967933.1712,0.0237107382137808
4588,15138.05072,1,72967953.1648,0.0201979224291598
4589,15138.07072,2,72967973.2352,0.0237158604298564
4590,15138.09072,1,72967993.152,0.0201333825066077
4591,15138.11072,2,72968013.2224,0.02379474255742
4592,15138.13072,1,72968033.1776,0.0201426024955437
4593,15138.15072,2,72968053.1968,0.0236871760198332
4594,15138.17072,1,72968073.2032,0.0200708914704858
4595,15138.19072,2,72968093.2096,0.0237004937816297
4596,15138.21072,1,72968113.2544,0.0201251869608868
4597,15138.23072,2,72968133.1712,0.0237752781363329
4598,15138.25072,1,72968153.2288,0.0200924047780032
4599,15138.27072,2,72968173.2992,0.0238008892167107
4600,15138.29072,1,72968193.216,0.0200934292212183
4601,15138.31072,2,72968213.2608,0.0237793759091934
4602,15138.33072,1,72968233.28,0.020108795869445
4603,15138.35072,2,72968253.2736,0.0237896203413445
4604,15138.37072,1,72968273.1648,0.0201794824512877
4605,15138.39072,2,72968293.1968,0.0238111336488618
4606,15138.41072,1,72968313.2288,0.0201968979859446
4607,15138.43072,2,72968333.2096,0.0237373737373737
4608,15138.45072,1,72968353.28,0.0201282602905321
4609,15138.47072,2,72968373.2224,0.023785522568484
4610,15138.49072,1,72968393.216,0.020164115803061
4611,15138.51072,2,72968413.2352,0.0237834736820538
4612,15138.53072,1,72968433.2032,0.0201057225397996
4613,15138.55072,2,72968453.7088,0.0237506914991702
4614,15138.57072,1,72968473.2928,0.0201477247116192
4615,15138.59072,2,72968493.248,0.0237650337041818
4616,15138.61072,1,72968513.2672,0.0200954781076485
4617,15138.63072,2,72968533.248,0.0237179093162866
4618,15138.65072,1,72968553.2416,0.0201149425287356
4619,15138.67072,2,72968573.2096,0.0237138115434261
4620,15138.69072,1,72968593.2928,0.0200329870715266
4621,15138.71072,2,72968613.248,0.0237025426680599
4622,15138.73072,1,72968633.2416,0.0201344069498228
4623,15138.75072,2,72968653.2608,0.0236718093716065
4624,15138.77072,1,72968673.3056,0.0201169914151659
4625,15138.79072,2,72968693.248,0.0237086893273506
4626,15138.81072,1,72968713.2544,0.0200965025508636
4627,15138.83072,2,72968733.248,0.0237281537484377
4628,15138.85072,1,72968753.2672,0.0200831847890671
4629,15138.87072,2,72968773.312,0.0237558137152458
4630,15138.89072,1,72968793.2672,0.0200206937529453
4631,15138.91072,2,72968813.248,0.0236861515766181
4632,15138.93072,1,72968833.28,0.0200934292212183
4633,15138.95072,2,72968853.2224,0.023685127133403
4634,15138.97072,1,72968873.3056,0.0201159669719507
4635,15138.99072,2,72968893.2736,0.0236912737926937
4636,15139.01072,1,72968913.2928,0.0201354313930379
4637,15139.03072,2,72968933.2608,0.0236810293605425
4638,15139.05072,1,72968953.3824,0.020127235847317
4639,15139.07072,2,72968973.3376,0.0237025426680599
4640,15139.09072,1,72968993.2928,0.0200483537197533
4641,15139.11072,2,72969013.2608,0.0236533693937345
4642,15139.13072,1,72969033.28,0.0200862581187125
4643,15139.15072,2,72969053.3248,0.0236318560862171
4644,15139.17072,1,72969073.344,0.0200965025508636
4645,15139.19072,2,72969093.376,0.0236451738480136
4646,15139.21072,1,72969113.2928,0.0201139180855205
4647,15139.23072,2,72969133.3504,0.0236113672219149
4648,15139.25072,1,72969153.3184,0.0200995758805089
4649,15139.27072,2,72969173.312,0.0236257094269265
4650,15139.29072,1,72969193.3056,0.0201169914151659
4651,15139.31072,2,72969213.376,0.0235980494601184
4652,15139.33072,1,72969233.3568,0.0200985514372938
4653,15139.35072,2,72969253.44,0.0235191673325548
4654,15139.37072,1,72969273.3184,0.0201282602905321
4655,15139.39072,2,72969293.3376,0.0236789804741123
4656,15139.41072,1,72969313.3696,0.0201415780523286
4657,15139.43072,2,72969333.2992,0.0236441494047985
4658,15139.45072,1,72969353.3824,0.0200780625729916
4659,15139.47072,2,72969373.3376,0.0236677115987461
4660,15139.49072,1,72969393.3696,0.0201415780523286
4661,15139.51072,2,72969413.4272,0.0236246849837114
4662,15139.53072,1,72969433.4208,0.0200667936976253
4663,15139.55072,2,72969453.4272,0.0237015182248448
4664,15139.57072,1,72969473.344,0.0200883070051427
4665,15139.59072,2,72969493.3504,0.0236554182801647
4666,15139.61072,1,72969513.3952,0.0200770381297765
4667,15139.63072,2,72969533.3376,0.0237138115434261
4668,15139.65072,1,72969553.4976,0.0201354313930379
4669,15139.67072,2,72969573.44,0.0236513205073043
4670,15139.69072,1,72969593.3824,0.0200739648001311
4671,15139.71072,2,72969613.4144,0.0236205872108509
4672,15139.73072,1,72969633.3824,0.0201036736533694
4673,15139.75072,2,72969653.4272,0.0235744872661708
4674,15139.77072,1,72969673.3696,0.0201323580633925
4675,15139.79072,2,72969693.4656,0.0236769315876821
4676,15139.81072,1,72969713.3568,0.0201692380191366
4677,15139.83072,2,72969733.376,0.0236830782469728
4678,15139.85072,1,72969753.4336,0.0200770381297765
4679,15139.87072,2,72969773.3632,0.0236369783022927
4680,15139.89072,1,72969793.4592,0.0201518224844797
4681,15139.91072,2,72969813.376,0.0235867805847522
4682,15139.93072,1,72969833.3824,0.0200954781076485
4683,15139.95072,2,72969853.824,0.0236902493494786
4684,15139.97072,1,72969873.4208,0.0200862581187125
4685,15139.99072,2,72969893.376,0.0236082938922696
4686,15140.01072,1,72969913.3824,0.020072940356916
4687,15140.03072,2,72969933.376,0.0237445448398795
4688,15140.05072,1,72969953.4848,0.020082160345852
4689,15140.07072,2,72969973.4528,0.0236871760198332
4690,15140.09072,1,72969993.408,0.020136455836253
4691,15140.11072,2,72970013.4016,0.0237045915544901
4692,15140.13072,1,72970033.3952,0.0201262114041019
4693,15140.15072,2,72970053.4016,0.0236974204519843
4694,15140.17072,1,72970073.4976,0.020054500379044
4695,15140.19072,2,72970093.4784,0.0236564427233798
4696,15140.21072,1,72970113.408,0.020018644866515
4697,15140.23072,2,72970133.4016,0.0235806339254615
4698,15140.25072,1,72970153.4336,0.0201354313930379
4699,15140.27072,2,72970173.4016,0.0236595160530252
4700,15140.29072,1,72970193.4208,0.0201046980965845
4701,15140.31072,2,72970213.4784,0.0236185383244207
4702,15140.33072,1,72970233.408,0.0201354313930379
4703,15140.35072,2,72970253.5936,0.0236789804741123
4704,15140.37072,1,72970273.472,0.0200944536644334
4705,15140.39072,2,72970293.4784,0.023703567111275
4706,15140.41072,1,72970313.4592,0.0200831847890671
4707,15140.43072,2,72970333.4912,0.0236605404962403
4708,15140.45072,1,72970353.472,0.0200954781076485
4709,15140.47072,2,72970373.4912,0.0236267338701416
4710,15140.49072,1,72970393.472,0.0200780625729916
4711,15140.51072,2,72970413.4528,0.0236482471776589
4712,15140.53072,1,72970433.4464,0.0201426024955437
4713,15140.55072,2,72970453.8496,0.0236482471776589
4714,15140.57072,1,72970473.4208,0.0200780625729916
4715,15140.59072,2,72970493.4656,0.0237045915544901
4716,15140.61072,1,72970513.4336,0.0201661646894913
4717,15140.63072,2,72970533.4528,0.0236451738480136
4718,15140.65072,1,72970553.4336,0.0201620669166308
4719,15140.67072,2,72970573.4656,0.0237240559755773
4720,15140.69072,1,72970593.472,0.0201651402462762
4721,15140.71072,2,72970613.4528,0.0237199582027168
4722,15140.73072,1,72970633.472,0.0201702624623517
4723,15140.75072,2,72970653.4656,0.0236963960087692
4724,15140.77072,1,72970673.5616,0.0202266068391829
4725,15140.79072,2,72970693.5296,0.0236922982359088
4726,15140.81072,1,72970713.4336,0.0201262114041019
4727,15140.83072,2,72970733.4912,0.0237599114881062
4728,15140.85072,1,72970753.5232,0.0201856291105784
4729,15140.87072,2,72970773.4784,0.0237015182248448
4730,15140.89072,1,72970793.4464,0.0201764091216424
4731,15140.91072,2,72970813.4912,0.0236687360419612
4732,15140.93072,1,72970833.4848,0.0201507980412646
4733,15140.95072,2,72970853.504,0.0237220070891471
4734,15140.97072,1,72970873.4848,0.0201507980412646
4735,15140.99072,2,72970893.504,0.0236636138258856
4736,15141.01072,1,72970913.5104,0.0201682135759215
4737,15141.03072,2,72970933.504,0.0237045915544901
4738,15141.05072,1,72970953.5104,0.020190751326654
4739,15141.07072,2,72970973.5808,0.0237773270227631
4740,15141.09072,1,72970993.4976,0.0201487491548343
4741,15141.11072,2,72971013.5168,0.023776302579548
4742,15141.13072,1,72971033.5104,0.0201159669719507
4743,15141.15072,2,72971053.4912,0.0237834736820538
4744,15141.17072,1,72971073.536,0.0201487491548343
4745,15141.19072,2,72971093.4784,0.0237568381584609
4746,15141.21072,1,72971113.536,0.0201723113487819
4747,15141.23072,2,72971133.6064,0.0235857561415371
4748,15141.25072,1,72971153.5744,0.0200534759358289
4749,15141.27072,2,72971173.5296,0.0237199582027168
4750,15141.29072,1,72971193.5488,0.0200534759358289
4751,15141.31072,2,72971213.5168,0.0237138115434261
4752,15141.33072,1,72971233.5872,0.0200708914704858
4753,15141.35072,2,72971253.5936,0.0236410760751532
4754,15141.37072,1,72971273.7408,0.0201866535537935
4755,15141.39072,2,72971293.8624,0.0236000983465487
4756,15141.41072,1,72971313.6384,0.0201774335648575
4757,15141.43072,2,72971333.5424,0.023630831643002
4758,15141.45072,1,72971353.6384,0.0201149425287356
4759,15141.47072,2,72971373.6448,0.0236103427786998
4760,15141.49072,1,72971393.5616,0.0201231380744565
4761,15141.51072,2,72971413.568,0.0236082938922696
4762,15141.53072,1,72971433.5616,0.0200555248222591
4763,15141.55072,2,72971453.568,0.0235888294711824
4764,15141.57072,1,72971473.6384,0.0201098203126601
4765,15141.59072,2,72971493.5552,0.0236656627123159
4766,15141.61072,1,72971513.5616,0.020127235847317
4767,15141.63072,2,72971533.568,0.0235632183908046
4768,15141.65072,1,72971553.6512,0.0200903558915729
4769,15141.67072,2,72971573.6192,0.0236677115987461
4770,15141.69072,1,72971593.5616,0.0201169914151659
4771,15141.71072,2,72971613.568,0.0235888294711824
4772,15141.73072,1,72971633.5872,0.0200678181408405
4773,15141.75072,2,72971653.696,0.0235458028561477
4774,15141.77072,1,72971673.7152,0.0201016247669392
4775,15141.79072,2,72971693.5936,0.0235775605958162
4776,15141.81072,1,72971713.5872,0.0201046980965845
4777,15141.83072,2,72971733.5552,0.0236605404962403
4778,15141.85072,1,72971753.5872,0.0200667936976253
4779,15141.87072,2,72971773.6704,0.0236390271887229
4780,15141.89072,1,72971793.6,0.020091380334788
4781,15141.91072,2,72971813.6576,0.0235499006290081
4782,15141.93072,1,72971833.6384,0.0201323580633925
4783,15141.95072,2,72971853.6704,0.0236103427786998
4784,15141.97072,1,72971873.6768,0.0200422070604626
4785,15141.99072,2,72971894.016,0.0235878050279673
4786,15142.01072,1,72971913.6256,0.0200924047780032
4787,15142.03072,2,72971933.632,0.0235529739586535
4788,15142.05072,1,72971953.856,0.0200719159137009
4789,15142.07072,2,72971973.6192,0.0235519495154384
4790,15142.09072,1,72971993.6512,0.020072940356916
4791,15142.11072,2,72972013.6832,0.0236062450058393
4792,15142.13072,1,72972033.6256,0.0201538713709099
4793,15142.15072,2,72972053.6064,0.0235785850390313
4794,15142.17072,1,72972073.664,0.0201569447005552
4795,15142.19072,2,72972093.632,0.0236154649947753
4796,15142.21072,1,72972113.664,0.0201313336201774
4797,15142.23072,2,72972133.632,0.0236328805294323
4798,15142.25072,1,72972153.6384,0.0200893314483578
4799,15142.27072,2,72972173.6576,0.0236164894379905
4800,15142.29072,1,72972193.6512,0.0201200647448112
4801,15142.31072,2,72972213.6448,0.0236195627676358
4802,15142.33072,1,72972233.8304,0.0200688425840556
4803,15142.35072,2,72972253.7216,0.0236267338701416
4804,15142.37072,1,72972273.7024,0.0201589935869855
4805,15142.39072,2,72972293.6704,0.0236820538037577
4806,15142.41072,1,72972313.7408,0.0200985514372938
4807,15142.43072,2,72972333.6832,0.0236482471776589
4808,15142.45072,1,72972353.7408,0.0201016247669392
4809,15142.47072,2,72972373.7344,0.0236779560308972
4810,15142.49072,1,72972393.6768,0.0200760136865614
4811,15142.51072,2,72972413.696,0.0237066404409204
4812,15142.53072,1,72972433.7152,0.0200862581187125
4813,15142.55072,2,72972453.7472,0.0236841026901879
4814,15142.57072,1,72972473.7536,0.0200965025508636
4815,15142.59072,2,72972493.7216,0.0237568381584609
4816,15142.61072,1,72972513.6768,0.0200514270493987
4817,15142.63072,2,72972533.7216,0.0236718093716065
4818,15142.65072,1,72972553.728,0.0201467002684041
4819,15142.67072,2,72972573.7344,0.0237138115434261
4820,15142.69072,1,72972593.7408,0.0201374802794681
4821,15142.71072,2,72972613.6576,0.0237117626569959
4822,15142.73072,1,72972633.7408,0.0200749892433462
4823,15142.75072,2,72972653.7728,0.0237435203966644
4824,15142.77072,1,72972673.7152,0.0201589935869855
4825,15142.79072,2,72972693.7856,0.0236359538590776
4826,15142.81072,1,72972713.664,0.020154895814125
4827,15142.83072,2,72972733.8112,0.0236205872108509
4828,15142.85072,1,72972753.7792,0.0201077714262298
4829,15142.87072,2,72972773.696,0.0236062450058393
4830,15142.89072,1,72972793.7792,0.0201118691990903
4831,15142.91072,2,72972813.696,0.0236687360419612
4832,15142.93072,1,72972833.8432,0.0200237670825906
4833,15142.95072,2,72972853.8368,0.0235775605958162
4834,15142.97072,1,72972873.7408,0.0200524514926138
4835,15142.99072,2,72972893.8368,0.0235591206179441
4836,15143.01072,1,72972913.7536,0.0199981560022128
4837,15143.03072,2,72972933.7472,0.0235335095375663
4838,15143.05072,1,72972953.8048,0.0199254205339398
4839,15143.07072,2,72972973.8624,0.023530436207921
4840,15143.09072,1,72972993.7536,0.0200770381297765
4841,15143.11072,2,72973013.824,0.0235109717868339
4842,15143.13072,1,72973033.8432,0.0200934292212183
4843,15143.15072,2,72973053.7728,0.023640051631938
4844,15143.17072,1,72973073.7664,0.0200667936976253
4845,15143.19072,2,72973093.7344,0.0235990739033335
4846,15143.21072,1,72973113.7536,0.0200801114594218
4847,15143.23072,2,72973133.824,0.0236062450058393
4848,15143.25072,1,72973153.7792,0.0201620669166308
4849,15143.27072,2,72973173.76,0.0234966295818223
4850,15143.29072,1,72973193.7792,0.0200954781076485
4851,15143.31072,2,72973213.8368,0.0235273628782757
4852,15143.33072,1,72973233.7536,0.0200780625729916
4853,15143.35072,2,72973253.7856,0.0235837072551069
4854,15143.37072,1,72973273.7792,0.0201149425287356
4855,15143.39072,2,72973293.76,0.0235621939475895
4856,15143.41072,1,72973313.792,0.0200370848443871
4857,15143.43072,2,72973333.8496,0.0236052205626242
4858,15143.45072,1,72973354.176,0.0200206937529453
4859,15143.47072,2,72973374.1184,0.0235632183908046
4860,15143.49072,1,72973393.8176,0.0200606470383347
4861,15143.51072,2,72973413.8752,0.023584731698322
4862,15143.53072,1,72973433.8048,0.0199704960354048
4863,15143.55072,2,72973453.824,0.0236810293605425
4864,15143.57072,1,72973474.0224,0.0200411826172475
4865,15143.59072,2,72973493.8752,0.0237015182248448
4866,15143.61072,1,72973513.8432,0.020082160345852
4867,15143.63072,2,72973533.8112,0.0237148359866413
4868,15143.65072,1,72973553.8304,0.0200770381297765
4869,15143.67072,2,72973573.9264,0.0237691314770422
4870,15143.69072,1,72973593.8176,0.0200329870715266
4871,15143.71072,2,72973613.824,0.0237445448398795
4872,15143.73072,1,72973633.984,0.0200319626283115
4873,15143.75072,2,72973654.0416,0.0236902493494786
4874,15143.77072,1,72973673.8688,0.0200975269940787
4875,15143.79072,2,72973693.888,0.023703567111275
4876,15143.81072,1,72973713.8432,0.02006372036798
4877,15143.83072,2,72973733.8496,0.0237056159977052
4878,15143.85072,1,72973754.048,0.0201026492101543
4879,15143.87072,2,72973773.8624,0.0237568381584609
4880,15143.89072,1,72973793.8432,0.0200585981519044
4881,15143.91072,2,72973813.9392,0.0236922982359088
4882,15143.93072,1,72973833.8304,0.0200217181961604
4883,15143.95072,2,72973853.8752,0.0236072694490544
4884,15143.97072,1,72973873.8432,0.020026840412236
4885,15143.99072,2,72973893.8624,0.0236011227897638
4886,15144.01072,1,72973913.9968,0.020026840412236
4887,15144.03072,2,72973933.8624,0.0235201917757699
4888,15144.05072,1,72973953.984,0.0200258159690208
4889,15144.07072,2,72973974.2976,0.0236000983465487
4890,15144.09072,1,72973993.8688,0.0199571782736083
4891,15144.11072,2,72974013.9776,0.0236380027455078
4892,15144.13072,1,72974034.0864,0.0200370848443871
4893,15144.15072,2,72974053.9264,0.023666687155531
4894,15144.17072,1,72974073.8688,0.0200483537197533
4895,15144.19072,2,72974093.9648,0.0236697604851763
4896,15144.21072,1,72974114.1888,0.0200063515479337
4897,15144.23072,2,72974133.9264,0.0236902493494786
4898,15144.25072,1,72974153.9584,0.0200043026615035
4899,15144.27072,2,72974173.9264,0.0237609359313213
4900,15144.29072,1,72974193.9584,0.0200278648554511
4901,15144.31072,2,72974213.9008,0.0236871760198332
4902,15144.33072,1,72974234.0224,0.0200104493207941
4903,15144.35072,2,72974253.9776,0.0236718093716065
4904,15144.37072,1,72974273.9456,0.0200350359579568
4905,15144.39072,2,72974293.9904,0.0236789804741123
4906,15144.41072,1,72974313.9584,0.019972544921835
4907,15144.43072,2,72974333.9904,0.023685127133403
4908,15144.45072,1,72974353.9328,0.0199879115700617
4909,15144.47072,2,72974373.9392,0.0236963960087692
4910,15144.49072,1,72974394.0992,0.0199684471489745
4911,15144.51072,2,72974413.9264,0.0237025426680599
4912,15144.53072,1,72974433.9712,0.0199981560022128
4913,15144.55072,2,72974453.9776,0.0236431249615834
4914,15144.57072,1,72974474.0096,0.0199448849550269
4915,15144.59072,2,72974493.952,0.0236871760198332
4916,15144.61072,1,72974514.0736,0.0200299137418813
4917,15144.63072,2,72974533.9648,0.0237004937816297
4918,15144.65072,1,72974553.9328,0.0199858626836314
4919,15144.67072,2,72974574.016,0.0236595160530252
4920,15144.69072,1,72974594.0864,0.0200411826172475
4921,15144.71072,2,72974613.9776,0.0236933226791239
4922,15144.73072,1,72974634.0992,0.0199489827278874
4923,15144.75072,2,72974653.9648,0.0237363492941586
4924,15144.77072,1,72974673.9712,0.0200012293318581
4925,15144.79072,2,72974693.952,0.0236738582580368
4926,15144.81072,1,72974713.9456,0.0201374802794681
4927,15144.83072,2,72974734.0032,0.0236421005183683
4928,15144.85072,1,72974753.9712,0.02006372036798
4929,15144.87072,2,72974774.0416,0.0236421005183683
4930,15144.89072,1,72974794.0608,0.0199418116253816
4931,15144.91072,2,72974813.9648,0.0236697604851763
4932,15144.93072,1,72974833.9584,0.0199950826725675
4933,15144.95072,2,72974854.0416,0.0236492716208741
4934,15144.97072,1,72974874.8032,0.0200944536644334
4935,15144.99072,2,72974893.9776,0.0236974204519843
4936,15145.01072,1,72974914.0224,0.020054500379044
4937,15145.03072,2,72974933.9904,0.0236861515766181
4938,15145.05072,1,72974954.048,0.0201200647448112
4939,15145.07072,2,72974974.08,0.023675907144467
4940,15145.09072,1,72974993.9584,0.0201313336201774
4941,15145.11072,2,72975014.0288,0.0237834736820538
4942,15145.13072,1,72975033.9968,0.02019997131559
4943,15145.15072,2,72975053.9904,0.023657467166595
4944,15145.17072,1,72975074.0352,0.020118015858381
4945,15145.19072,2,72975094.144,0.0235980494601184
4946,15145.21072,1,72975113.9712,0.0200493781629684
4947,15145.23072,2,72975134.0032,0.0236349294158625
4948,15145.25072,1,72975154.0736,0.0201139180855205
4949,15145.27072,2,72975174.08,0.0236738582580368
4950,15145.29072,1,72975194.0608,0.0200831847890671
4951,15145.31072,2,72975214.144,0.023567316163665
4952,15145.33072,1,72975234.0864,0.0200657692544102
4953,15145.35072,2,72975254.4,0.0235703894933104
4954,15145.37072,1,72975274.1248,0.020000204888643
4955,15145.39072,2,72975294.0032,0.0235724383797406
4956,15145.41072,1,72975314.0736,0.0200698670272707
4957,15145.43072,2,72975334.0544,0.0235621939475895
4958,15145.45072,1,72975354.0096,0.0200514270493987
4959,15145.47072,2,72975374.2464,0.0236175138812056
4960,15145.49072,1,72975394.0864,0.0200032782182884
4961,15145.51072,2,72975414.0288,0.0235765361526011
4962,15145.53072,1,72975434.0224,0.0199797160243408
4963,15145.55072,2,72975454.2976,0.0236021472329789
4964,15145.57072,1,72975474.0992,0.0200422070604626
4965,15145.59072,2,72975494.0416,0.0236062450058393
4966,15145.61072,1,72975514.0608,0.0200114737640093
4967,15145.63072,2,72975534.0288,0.0235775605958162
4968,15145.65072,1,72975554.1504,0.0201159669719507
4969,15145.67072,2,72975574.1568,0.0236052205626242
4970,15145.69072,1,72975594.0608,0.0200739648001311
4971,15145.71072,2,72975614.0032,0.0235765361526011
4972,15145.73072,1,72975634.0608,0.0200719159137009
4973,15145.75072,2,72975654.1568,0.0235683406068802
4974,15145.77072,1,72975674.0352,0.020026840412236
4975,15145.79072,2,72975694.08,0.023584731698322
4976,15145.81072,1,72975714.048,0.0200288892986662
4977,15145.83072,2,72975734.0928,0.0234423340914213
4978,15145.85072,1,72975754.112,0.019981764910771
4979,15145.87072,2,72975774.0928,0.0235406806400721
4980,15145.89072,1,72975794.1888,0.0200678181408405
4981,15145.91072,2,72975814.08,0.0235437539697175
4982,15145.93072,1,72975834.112,0.0200340115147417
4983,15145.95072,2,72975854.08,0.0235109717868339
4984,15145.97072,1,72975874.0736,0.0200585981519044
4985,15145.99072,2,72975894.08,0.0235652672772348
4986,15146.01072,1,72975914.0864,0.0200442559468929
4987,15146.03072,2,72975934.08,0.0236113672219149
4988,15146.05072,1,72975954.1248,0.020026840412236
4989,15146.07072,2,72975974.1184,0.0234997029114676
4990,15146.09072,1,72975994.0864,0.0200422070604626
4991,15146.11072,2,72976014.144,0.0234935562521769
4992,15146.13072,1,72976034.112,0.0201026492101543
4993,15146.15072,2,72976054.2336,0.023621611654066
4994,15146.17072,1,72976074.2016,0.0200790870162067
4995,15146.19072,2,72976094.1824,0.0236000983465487
4996,15146.21072,1,72976114.1504,0.0200032782182884
4997,15146.23072,2,72976134.1952,0.0236257094269265
4998,15146.25072,1,72976154.1632,0.0200432315036778
4999,15146.27072,2,72976174.1312,0.0235601450611593
5000,15146.29072,1,72976194.1248,0.0200657692544102
5001,15146.31072,2,72976214.1312,0.0236298071997869
5002,15146.33072,1,72976234.1248,0.0199889360132768
5003,15146.35072,2,72976254.144,0.0235048251275432
5004,15146.37072,1,72976274.2272,0.0200073759911488
5005,15146.39072,2,72976294.144,0.0236113672219149
5006,15146.41072,1,72976314.1632,0.020026840412236
5007,15146.43072,2,72976334.144,0.0235560472882988
5008,15146.45072,1,72976354.1632,0.0200688425840556
5009,15146.47072,2,72976374.2592,0.0235406806400721
5010,15146.49072,1,72976394.1376,0.0199479582846723
5011,15146.51072,2,72976414.3104,0.0235089229004036
5012,15146.53072,1,72976434.1888,0.0200227426393755
5013,15146.55072,2,72976454.2848,0.0235232651054152
5014,15146.57072,1,72976474.2016,0.0200247915258057
5015,15146.59072,2,72976494.1824,0.023558096174729
5016,15146.61072,1,72976514.1632,0.0200442559468929
5017,15146.63072,2,72976534.1696,0.0235386317536419
5018,15146.65072,1,72976554.176,0.0200534759358289
5019,15146.67072,2,72976574.1696,0.0235724383797406
5020,15146.69072,1,72976594.24,0.020045280390108
5021,15146.71072,2,72976614.336,0.0235273628782757
5022,15146.73072,1,72976634.1888,0.0199971315589977
5023,15146.75072,2,72976654.1952,0.0235222406622001
5024,15146.77072,1,72976674.1888,0.0200432315036778
5025,15146.79072,2,72976694.208,0.0235642428340197
5026,15146.81072,1,72976714.2528,0.0200432315036778
5027,15146.83072,2,72976734.9632,0.023558096174729
5028,15146.85072,1,72976754.2528,0.0200596225951196
5029,15146.87072,2,72976774.1952,0.0236093183354847
5030,15146.89072,1,72976794.4576,0.0200565492654742
5031,15146.91072,2,72976814.3488,0.0235499006290081
5032,15146.93072,1,72976834.24,0.020026840412236
5033,15146.95072,2,72976854.3488,0.0235642428340197
5034,15146.97072,1,72976874.2144,0.020091380334788
5035,15146.99072,2,72976894.5408,0.0236072694490544
5036,15147.01072,1,72976914.2528,0.0200319626283115
5037,15147.03072,2,72976934.208,0.0236257094269265
5038,15147.05072,1,72976954.2016,0.020082160345852
5039,15147.07072,2,72976974.2976,0.0235478517425779
5040,15147.09072,1,72976994.2272,0.0200719159137009
5041,15147.11072,2,72977014.2336,0.0235898539143975
5042,15147.13072,1,72977034.2912,0.0200329870715266
5043,15147.15072,2,72977054.3616,0.0236113672219149
5044,15147.17072,1,72977074.2784,0.0200749892433462
5045,15147.19072,2,72977094.2976,0.0235765361526011
5046,15147.21072,1,72977114.2528,0.0200442559468929
5047,15147.23072,2,72977134.3104,0.0236461982912287
5048,15147.25072,1,72977154.3424,0.020018644866515
5049,15147.27072,2,72977174.3104,0.0236226360972811
5050,15147.29072,1,72977194.2656,0.0200135226504395
5051,15147.31072,2,72977214.2976,0.0235417050832872
5052,15147.33072,1,72977234.2528,0.0200852336754974
5053,15147.35072,2,72977254.2848,0.0235632183908046
5054,15147.37072,1,72977274.3424,0.0199868871268466
5055,15147.39072,2,72977294.2592,0.0236134161083451
5056,15147.41072,1,72977314.24,0.0200493781629684
5057,15147.43072,2,72977334.2464,0.0236625893826705
5058,15147.45072,1,72977354.4064,0.0200165959800848
5059,15147.47072,2,72977374.2464,0.0236093183354847
5060,15147.49072,1,72977394.2528,0.0200329870715266
5061,15147.51072,2,72977414.3744,0.0236164894379905
5062,15147.53072,1,72977434.368,0.0200616714815498
5063,15147.55072,2,72977454.4384,0.0236267338701416
5064,15147.57072,1,72977474.624,0.0200319626283115
5065,15147.59072,2,72977494.4512,0.0235560472882988
5066,15147.61072,1,72977514.7264,0.0200504026061835
5067,15147.63072,2,72977534.2976,0.023630831643002
5068,15147.65072,1,72977554.3296,0.0200626959247649
5069,15147.67072,2,72977574.3744,0.0235785850390313
5070,15147.69072,1,72977594.3552,0.0200555248222591
5071,15147.71072,2,72977614.3232,0.0236021472329789
5072,15147.73072,1,72977634.2912,0.0200370848443871
5073,15147.75072,2,72977654.5024,0.0235744872661708
5074,15147.77072,1,72977674.5472,0.0200811359026369
5075,15147.79072,2,72977694.4768,0.023567316163665
5076,15147.81072,1,72977714.3168,0.0200739648001311
5077,15147.83072,2,72977734.3744,0.0235755117093859
5078,15147.85072,1,72977754.2912,0.0200401581740324
5079,15147.87072,2,72977774.4256,0.0235888294711824
5080,15147.89072,1,72977794.5344,0.0200893314483578
5081,15147.91072,2,72977814.3616,0.0236103427786998
5082,15147.93072,1,72977834.3296,0.0199971315589977
5083,15147.95072,2,72977854.7584,0.0235560472882988
5084,15147.97072,1,72977874.3168,0.0200145470936546
5085,15147.99072,2,72977894.3616,0.0235929272440429
5086,15148.01072,1,72977914.3936,0.0200811359026369
5087,15148.03072,2,72977934.4384,0.0235458028561477
5088,15148.05072,1,72977954.4576,0.0200227426393755
5089,15148.07072,2,72977974.4256,0.023558096174729
5090,15148.09072,1,72977994.3296,0.0200719159137009
5091,15148.11072,2,72978014.5152,0.0235765361526011
5092,15148.13072,1,72978034.3424,0.020036060401172
5093,15148.15072,2,72978054.5664,0.0236236605404962
5094,15148.17072,1,72978074.4448,0.0200196693097302
5095,15148.19072,2,72978094.3872,0.0235826828118917
5096,15148.21072,1,72978114.3936,0.0201128936423054
5097,15148.23072,2,72978134.4,0.0235160940029094
5098,15148.25072,1,72978154.368,0.0200944536644334
5099,15148.27072,2,72978174.3104,0.0235345339807814
5100,15148.29072,1,72978194.5216,0.0200370848443871
5101,15148.31072,2,72978214.592,0.0235468272993628
5102,15148.33072,1,72978234.4832,0.0200227426393755
5103,15148.35072,2,72978254.784,0.0236113672219149
5104,15148.37072,1,72978274.4448,0.0200206937529453
5105,15148.39072,2,72978294.4128,0.0236011227897638
5106,15148.41072,1,72978314.4448,0.0200340115147417
5107,15148.43072,2,72978334.4384,0.0236533693937345
5108,15148.45072,1,72978354.496,0.0200309381850964
5109,15148.47072,2,72978374.3744,0.0236533693937345
5110,15148.49072,1,72978394.4064,0.0200780625729916
5111,15148.51072,2,72978414.4512,0.0236349294158625
5112,15148.53072,1,72978434.4192,0.0200442559468929
5113,15148.55072,2,72978454.5024,0.0236041961194091
5114,15148.57072,1,72978474.9312,0.020082160345852
5115,15148.59072,2,72978494.464,0.0235560472882988
5116,15148.61072,1,72978514.4064,0.0200022537750732
5117,15148.63072,2,72978534.784,0.0236062450058393
5118,15148.65072,1,72978554.4064,0.0200206937529453
5119,15148.67072,2,72978574.5024,0.0235816583686766
5120,15148.69072,1,72978594.496,0.0200667936976253
5121,15148.71072,2,72978614.6048,0.0235796094822464
5122,15148.73072,1,72978634.4832,0.0200657692544102
5123,15148.75072,2,72978654.528,0.0235683406068802
5124,15148.77072,1,72978674.496,0.0200350359579568
5125,15148.79072,2,72978694.4896,0.0235437539697175
5126,15148.81072,1,72978714.4832,0.0200381092876022
5127,15148.83072,2,72978734.4896,0.0235878050279673
5128,15148.85072,1,72978754.4704,0.0200206937529453
5129,15148.87072,2,72978774.656,0.0235662917204499
5130,15148.89072,1,72978794.5088,0.0200288892986662
5131,15148.91072,2,72978814.528,0.0236441494047985
5132,15148.93072,1,72978834.6752,0.0200483537197533
5133,15148.95072,2,72978854.5024,0.0236011227897638
5134,15148.97072,1,72978874.5216,0.0201190403015961
5135,15148.99072,2,72978894.6048,0.0237476181695249
5136,15149.01072,1,72978914.688,0.0200842092322823
5137,15149.03072,2,72978934.464,0.0236072694490544
5138,15149.05072,1,72978954.7008,0.0200022537750732
5139,15149.07072,2,72978974.4384,0.0236339049726474
5140,15149.09072,1,72978994.5088,0.020045280390108
5141,15149.11072,2,72979014.528,0.0236697604851763
5142,15149.13072,1,72979034.5984,0.0200514270493987
5143,15149.15072,2,72979054.5536,0.0236257094269265
5144,15149.17072,1,72979074.4704,0.0199858626836314
5145,15149.19072,2,72979094.592,0.0237138115434261
5146,15149.21072,1,72979114.8544,0.0200647448111951
5147,15149.23072,2,72979134.4768,0.0236380027455078
5148,15149.25072,1,72979154.8416,0.0200534759358289
5149,15149.27072,2,72979174.5152,0.0236236605404962
5150,15149.29072,1,72979195.3792,0.0199756182514803
5151,15149.31072,2,72979215.2576,0.0236410760751532
5152,15149.33072,1,72979234.5856,0.0200155715368697
5153,15149.35072,2,72979254.6816,0.0236513205073043
5154,15149.37072,1,72979274.5856,0.0200504026061835
5155,15149.39072,2,72979294.5536,0.0236154649947753
5156,15149.41072,1,72979314.6368,0.0200934292212183
5157,15149.43072,2,72979334.5024,0.0236595160530252
5158,15149.45072,1,72979354.56,0.020026840412236
5159,15149.47072,2,72979374.5152,0.0236349294158625
5160,15149.49072,1,72979394.4704,0.0200483537197533
5161,15149.51072,2,72979414.5408,0.0235898539143975
5162,15149.53072,1,72979434.6496,0.0199981560022128
5163,15149.55072,2,72979454.6304,0.0235632183908046
5164,15149.57072,1,72979474.6368,0.0200493781629684
5165,15149.59072,2,72979494.6176,0.0236154649947753
5166,15149.61072,1,72979514.6368,0.0200534759358289
5167,15149.63072,2,72979534.528,0.0236082938922696
5168,15149.65072,1,72979554.6112,0.0200463048333231
5169,15149.67072,2,72979574.5536,0.0235980494601184
5170,15149.69072,1,72979594.5344,0.0200227426393755
5171,15149.71072,2,72979614.6304,0.0236267338701416
5172,15149.73072,1,72979634.6112,0.0199715204786199
5173,15149.75072,2,72979655.488,0.0236523449505194
5174,15149.77072,1,72979674.8544,0.0200616714815498
5175,15149.79072,2,72979695.3728,0.0236359538590776
5176,15149.81072,1,72979714.5216,0.0200780625729916
5177,15149.83072,2,72979734.528,0.023593951687258
5178,15149.85072,1,72979754.7264,0.0200995758805089
5179,15149.87072,2,72979774.6944,0.0235509250722232
5180,15149.89072,1,72979794.6112,0.0200678181408405
5181,15149.91072,2,72979814.6176,0.0236021472329789
5182,15149.93072,1,72979834.5728,0.0200831847890671
5183,15149.95072,2,72979854.6816,0.0235878050279673
5184,15149.97072,1,72979874.6496,0.0201067469830147
5185,15149.99072,2,72979894.6176,0.023603171676194
5186,15150.010752,1,72979914.6752,0.020091380334788
5187,15150.030752,2,72979934.5536,0.0236277583133567
5188,15150.050752,1,72979954.6112,0.02006372036798
5189,15150.070752,2,72979974.6048,0.0236441494047985
5190,15150.090752,1,72979994.752,0.0200483537197533
5191,15150.110752,2,72980014.656,0.0236359538590776
5192,15150.130752,1,72980034.6752,0.020091380334788
5193,15150.150752,2,72980054.656,0.0236082938922696
5194,15150.170752,1,72980074.816,0.0200616714815498
5195,15150.190752,2,72980094.6944,0.0236421005183683
5196,15150.210752,1,72980114.688,0.0201569447005552
5197,15150.230752,2,72980134.7072,0.023712787100211
5198,15150.250752,1,72980154.624,0.0200944536644334
5199,15150.270752,2,72980174.6688,0.0237373737373737
5200,15150.290752,1,72980194.752,0.0201057225397996
5201,15150.310752,2,72980214.6944,0.0237926936709898
5202,15150.330752,1,72980234.7776,0.0200934292212183
5203,15150.350752,2,72980254.6048,0.0237711803634725
5204,15150.370752,1,72980274.6624,0.0199715204786199
5205,15150.390752,2,72980294.7328,0.0237291781916528
5206,15150.410752,1,72980314.5984,0.020026840412236
5207,15150.430752,2,72980334.72,0.023640051631938
5208,15150.450752,1,72980354.9056,0.0200278648554511
5209,15150.470752,2,72980374.8096,0.0236636138258856
5210,15150.490752,1,72980394.7008,0.0200104493207941
5211,15150.510752,2,72980414.7072,0.0236185383244207
5212,15150.530752,1,72980434.6496,0.0199786915811257
5213,15150.550752,2,72980454.6816,0.0236246849837114
5214,15150.570752,1,72980474.7008,0.0200749892433462
5215,15150.590752,2,72980494.8224,0.0237465937263097
5216,15150.610752,1,72980514.6112,0.0201118691990903
5217,15150.630752,2,72980534.6944,0.0237168848730715
5218,15150.650752,1,72980554.6752,0.0200790870162067
5219,15150.670752,2,72980574.72,0.023776302579548
5220,15150.690752,1,72980594.7008,0.0200340115147417
5221,15150.710752,2,72980614.6304,0.023712787100211
5222,15150.730752,1,72980634.688,0.0200237670825906
5223,15150.750752,2,72980655.4112,0.0235744872661708
5224,15150.770752,1,72980674.688,0.0200401581740324
5225,15150.790752,2,72980694.6432,0.0236492716208741
5226,15150.810752,1,72980714.6112,0.0200504026061835
5227,15150.830752,2,72980734.6304,0.0236605404962403
5228,15150.850752,1,72980755.5968,0.0201046980965845
5229,15150.870752,2,72980774.6304,0.0236707849283914
5230,15150.890752,1,72980794.7904,0.0200012293318581
5231,15150.910752,2,72980815.5648,0.0237209826459319
5232,15150.930752,1,72980834.7008,0.0200749892433462
5233,15150.950752,2,72980854.784,0.0236441494047985
5234,15150.970752,1,72980874.8544,0.020072940356916
5235,15150.990752,2,72980894.8224,0.0236595160530252
5236,15151.010752,1,72980914.8928,0.0201262114041019
5237,15151.030752,2,72980934.6944,0.0236707849283914
5238,15151.050752,1,72980954.9952,0.0200196693097302
5239,15151.070752,2,72980974.72,0.0236728338148216
5240,15151.090752,1,72980994.7392,0.0200237670825906
5241,15151.110752,2,72981014.6432,0.0236748827012519
5242,15151.130752,1,72981035.0848,0.0200565492654742
5243,15151.150752,2,72981054.7072,0.0237148359866413
5244,15151.170752,1,72981074.816,0.0201159669719507
5245,15151.190752,2,72981094.8352,0.0237353248509435
5246,15151.210752,1,72981114.7008,0.0200688425840556
5247,15151.230752,2,72981134.7456,0.0236595160530252
5248,15151.250752,1,72981155.456,0.0200217181961604
5249,15151.270752,2,72981174.7968,0.0236830782469728
5250,15151.290752,1,72981194.7008,0.02006372036798
5251,15151.310752,2,72981214.8096,0.0237086893273506
5252,15151.330752,1,72981234.8544,0.0200288892986662
5253,15151.350752,2,72981255.1168,0.0236195627676358
5254,15151.370752,1,72981274.7136,0.0200626959247649
5255,15151.390752,2,72981294.8096,0.0235867805847522
5256,15151.410752,1,72981314.8928,0.020045280390108
5257,15151.430752,2,72981334.848,0.0236421005183683
5258,15151.450752,1,72981354.7776,0.020018644866515
5259,15151.470752,2,72981375.1168,0.0236963960087692
5260,15151.490752,1,72981394.7136,0.0200299137418813
5261,15151.510752,2,72981414.7456,0.023603171676194
5262,15151.530752,1,72981434.7136,0.0200381092876022
5263,15151.550752,2,72981455.7312,0.0236205872108509
5264,15151.570752,1,72981475.1488,0.0200708914704858
5265,15151.590752,2,72981494.7968,0.0236718093716065
5266,15151.610752,1,72981515.264,0.0201487491548343
5267,15151.630752,2,72981535.1296,0.0237547892720306
5268,15151.650752,1,72981554.816,0.0200432315036778
5269,15151.670752,2,72981574.784,0.0237445448398795
5270,15151.690752,1,72981594.8288,0.0200534759358289
5271,15151.710752,2,72981614.784,0.0238111336488618
5272,15151.730752,1,72981634.816,0.0201098203126601
5273,15151.750752,2,72981654.7712,0.0237752781363329
5274,15151.770752,1,72981674.9568,0.0201292847337472
5275,15151.790752,2,72981694.912,0.02374864261274
5276,15151.810752,1,72981714.8544,0.0201774335648575
5277,15151.830752,2,72981734.784,0.0237220070891471
5278,15151.850752,1,72981755.008,0.0200965025508636
5279,15151.870752,2,72981775.6672,0.0238224025242281
5280,15151.890752,1,72981794.8416,0.0201528469276948
5281,15151.910752,2,72981814.9632,0.0238049869895712
5282,15151.930752,1,72981834.9568,0.0201630913598459
5283,15151.950752,2,72981854.8608,0.0237926936709898
5284,15151.970752,1,72981874.8544,0.020082160345852
5285,15151.990752,2,72981894.8224,0.0238019136599258
5286,15152.010752,1,72981914.7904,0.0201006003237241
5287,15152.030752,2,72981934.8352,0.0238418669453152
5288,15152.050752,1,72981954.8288,0.0200524514926138
5289,15152.070752,2,72981974.848,0.0237752781363329
5290,15152.090752,1,72981994.8928,0.0201036736533694
5291,15152.110752,2,72982015.808,0.0238531358206815
5292,15152.130752,1,72982035.7248,0.0200831847890671
5293,15152.150752,2,72982054.912,0.0238162558649374
5294,15152.170752,1,72982074.9824,0.0201221136312414
5295,15152.190752,2,72982095.2448,0.023703567111275
5296,15152.210752,1,72982114.8288,0.0201436269387588
5297,15152.230752,2,72982135.4112,0.0236820538037577
5298,15152.250752,1,72982155.008,0.0200985514372938
5299,15152.270752,2,72982175.4752,0.0236892249062634
5300,15152.290752,1,72982194.9568,0.0201128936423054
5301,15152.310752,2,72982214.9888,0.0236369783022927
5302,15152.330752,1,72982235.264,0.020054500379044
5303,15152.350752,2,72982255.0144,0.0235662917204499
5304,15152.370752,1,72982274.816,0.0200032782182884
5305,15152.390752,2,72982295.04,0.0236564427233798
5306,15152.410752,1,72982314.9184,0.0200043026615035
5307,15152.430752,2,72982334.7968,0.0236482471776589
5308,15152.450752,1,72982355.0976,0.0200954781076485
5309,15152.470752,2,72982374.976,0.0237517159423853
5310,15152.490752,1,72982394.8928,0.020082160345852
5311,15152.510752,2,72982414.9632,0.0236185383244207
5312,15152.530752,1,72982435.1872,0.0200842092322823
5313,15152.550752,2,72982455.0912,0.0236625893826705
5314,15152.570752,1,72982474.9824,0.0201251869608868
5315,15152.590752,2,72982494.8864,0.0236984448951995
5316,15152.610752,1,72982515.6352,0.0200381092876022
5317,15152.630752,2,72982535.3216,0.0236451738480136
5318,15152.650752,1,72982554.9952,0.020026840412236
5319,15152.670752,2,72982575.0016,0.0236974204519843
5320,15152.690752,1,72982594.8928,0.0200043026615035
5321,15152.710752,2,72982614.976,0.0237804003524085
5322,15152.730752,1,72982634.9184,0.0200350359579568
5323,15152.750752,2,72982655.8208,0.0237722048066876
5324,15152.770752,1,72982675.0208,0.0200524514926138
5325,15152.790752,2,72982694.8864,0.0236902493494786
5326,15152.810752,1,72982714.9312,0.0201098203126601
5327,15152.830752,2,72982735.1424,0.0236994693384146
5328,15152.850752,1,72982755.4688,0.0200278648554511
5329,15152.870752,2,72982774.976,0.0236164894379905
5330,15152.890752,1,72982794.944,0.0200063515479337
5331,15152.910752,2,72982814.9504,0.0235693650500953
5332,15152.930752,1,72982834.9312,0.0200504026061835
5333,15152.950752,2,72982855.1936,0.0235724383797406
5334,15152.970752,1,72982875.0848,0.0199889360132768
5335,15152.990752,2,72982894.9248,0.0235990739033335
5336,15153.010752,1,72982915.1232,0.0201046980965845
5337,15153.030752,2,72982934.9504,0.0236236605404962
5338,15153.050752,1,72982955.1232,0.020054500379044
5339,15153.070752,2,72982975.5392,0.0235755117093859
5340,15153.090752,1,72982994.9824,0.0200350359579568
5341,15153.110752,2,72983015.5392,0.023603171676194
5342,15153.130752,1,72983035.1104,0.0200852336754974
5343,15153.150752,2,72983055.1296,0.0235816583686766
5344,15153.170752,1,72983075.0464,0.0200381092876022
5345,15153.190752,2,72983095.04,0.0235550228450837
5346,15153.210752,1,72983115.1744,0.0200575737086893
5347,15153.230752,2,72983135.0656,0.0235539984018686
5348,15153.250752,1,72983155.3664,0.0200667936976253
5349,15153.270752,2,72983174.9504,0.0235826828118917
5350,15153.290752,1,72983195.2,0.0200575737086893
5351,15153.310752,2,72983214.976,0.0236103427786998
5352,15153.330752,1,72983234.9696,0.0200350359579568
5353,15153.350752,2,72983255.8336,0.0234679451717991
5354,15153.370752,1,72983275.1488,0.0199838137972012
5355,15153.390752,2,72983295.04,0.0234648718421538
5356,15153.410752,1,72983315.0592,0.0199592271600385
5357,15153.430752,2,72983335.2064,0.0235314606511361
5358,15153.450752,1,72983355.7504,0.019954104943963
5359,15153.470752,2,72983375.1296,0.023567316163665
5360,15153.490752,1,72983395.1104,0.0200053271047186
5361,15153.510752,2,72983414.9504,0.0235816583686766
5362,15153.530752,1,72983435.3792,0.0201077714262298
5363,15153.550752,2,72983455.1296,0.0235990739033335
5364,15153.570752,1,72983474.9952,0.0200893314483578
5365,15153.590752,2,72983495.0656,0.0235990739033335
5366,15153.610752,1,72983515.008,0.0199920093429221
5367,15153.630752,2,72983535.2832,0.0235417050832872
5368,15153.650752,1,72983555.136,0.0200176204232999
5369,15153.670752,2,72983575.0144,0.0235140451164792
5370,15153.690752,1,72983595.0592,0.020072940356916
5371,15153.710752,2,72983615.296,0.0236810293605425
5372,15153.730752,1,72983635.1488,0.0199786915811257
5373,15153.750752,2,72983655.0528,0.0235898539143975
5374,15153.770752,1,72983675.0336,0.0200227426393755
5375,15153.790752,2,72983695.0272,0.0236246849837114
5376,15153.810752,1,72983714.9568,0.020009424877579
5377,15153.830752,2,72983735.5392,0.0236277583133567
5378,15153.850752,1,72983755.0848,0.0200985514372938
5379,15153.870752,2,72983775.8464,0.0235642428340197
5380,15153.890752,1,72983795.0208,0.0199336160796607
5381,15153.910752,2,72983815.1424,0.0235560472882988
5382,15153.930752,1,72983835.0976,0.019990984899707
5383,15153.950752,2,72983855.4112,0.0234925318089618
5384,15153.970752,1,72983875.2,0.0200124982072244
5385,15153.990752,2,72983895.0912,0.0235898539143975
5386,15154.010752,1,72983915.264,0.0200114737640093
5387,15154.030752,2,72983935.1936,0.0236820538037577
5388,15154.050752,1,72983955.1616,0.0200288892986662
5389,15154.070752,2,72983975.232,0.0235744872661708
5390,15154.090752,1,72983995.4944,0.0201067469830147
5391,15154.110752,2,72984015.1424,0.0236461982912287
5392,15154.130752,1,72984035.0592,0.0200555248222591
5393,15154.150752,2,72984055.552,0.0236523449505194
5394,15154.170752,1,72984075.1872,0.0200667936976253
5395,15154.190752,2,72984095.04,0.0235427295265023
5396,15154.210752,1,72984115.1872,0.0200022537750732
5397,15154.230752,2,72984135.0656,0.023539656196857
5398,15154.250752,1,72984156.1472,0.0200770381297765
5399,15154.270752,2,72984175.2576,0.0236052205626242
5400,15154.290752,1,72984195.1232,0.0200708914704858
5401,15154.310752,2,72984215.36,0.0235888294711824
5402,15154.330752,1,72984235.2512,0.020036060401172
5403,15154.350752,2,72984255.2064,0.0236134161083451
5404,15154.370752,1,72984275.6992,0.0200422070604626
5405,15154.390752,2,72984295.2576,0.0235806339254615
5406,15154.410752,1,72984315.2896,0.0200012293318581
5407,15154.430752,2,72984335.1296,0.0235222406622001
5408,15154.450752,1,72984355.136,0.0200258159690208
5409,15154.470752,2,72984375.3472,0.0235355584239966
5410,15154.490752,1,72984395.392,0.0200575737086893
5411,15154.510752,2,72984415.104,0.0235765361526011
5412,15154.530752,1,72984435.456,0.0200063515479337
5413,15154.550752,2,72984455.232,0.0235867805847522
5414,15154.570752,1,72984475.3024,0.020082160345852
5415,15154.590752,2,72984495.0912,0.023584731698322
5416,15154.610752,1,72984515.1616,0.0200852336754974
5417,15154.630752,2,72984535.1936,0.0236041961194091
5418,15154.650752,1,72984555.1872,0.0201098203126601
5419,15154.670752,2,72984575.1424,0.0236513205073043
5420,15154.690752,1,72984595.5072,0.0200811359026369
5421,15154.710752,2,72984615.104,0.0236523449505194
5422,15154.730752,1,72984635.3152,0.0200534759358289
5423,15154.750752,2,72984655.5904,0.023630831643002
5424,15154.770752,1,72984675.8656,0.0200903558915729
5425,15154.790752,2,72984695.6032,0.0236718093716065
5426,15154.810752,1,72984715.4176,0.0201313336201774
5427,15154.830752,2,72984735.6672,0.0236502960640892
5428,15154.850752,1,72984755.3408,0.0201374802794681
5429,15154.870752,2,72984775.6288,0.0236963960087692
5430,15154.890752,1,72984795.1232,0.0201128936423054
5431,15154.910752,2,72984815.296,0.0236728338148216
5432,15154.930752,1,72984835.1488,0.0201159669719507
5433,15154.950752,2,72984855.2064,0.0235980494601184
5434,15154.970752,1,72984875.2896,0.0200463048333231
5435,15154.990752,2,72984895.5392,0.0235765361526011
5436,15155.010752,1,72984915.4304,0.0200145470936546
5437,15155.030752,2,72984935.4752,0.0236134161083451
5438,15155.050752,1,72984955.776,0.0200862581187125
5439,15155.070752,2,72984975.168,0.0236677115987461
5440,15155.090752,1,72984995.4048,0.0201241625176716
5441,15155.110752,2,72985015.3472,0.0236502960640892
5442,15155.130752,1,72985035.2256,0.0200852336754974
5443,15155.150752,2,72985055.3216,0.0236697604851763
5444,15155.170752,1,72985075.5456,0.0201057225397996
5445,15155.190752,2,72985095.4112,0.0236421005183683
5446,15155.210752,1,72985115.2256,0.0200657692544102
5447,15155.230752,2,72985135.2576,0.0235632183908046
5448,15155.250752,1,72985155.2256,0.0200524514926138
5449,15155.270752,2,72985175.7184,0.0234874095928863
5450,15155.290752,1,72985195.1744,0.0200217181961604
5451,15155.310752,2,72985215.36,0.0235570717315139
5452,15155.330752,1,72985236.032,0.0200135226504395
5453,15155.350752,2,72985255.6544,0.0236144405515602
5454,15155.370752,1,72985275.2384,0.0200063515479337
5455,15155.390752,2,72985295.2192,0.0235539984018686
5456,15155.410752,1,72985315.6224,0.0199520560575327
5457,15155.430752,2,72985335.7312,0.0236892249062634
5458,15155.450752,1,72985355.648,0.0200790870162067
5459,15155.470752,2,72985375.3984,0.0236595160530252
5460,15155.490752,1,72985395.2384,0.0200432315036778
5461,15155.510752,2,72985415.2576,0.0236246849837114
5462,15155.530752,1,72985435.4816,0.0200555248222591
5463,15155.550752,2,72985456.2304,0.0237291781916528
5464,15155.570752,1,72985475.4048,0.0200606470383347
5465,15155.590752,2,72985495.296,0.0236810293605425
5466,15155.610752,1,72985515.8016,0.020054500379044
5467,15155.630752,2,72985535.4624,0.0236277583133567
5468,15155.650752,1,72985555.4816,0.0200340115147417
5469,15155.670752,2,72985575.3984,0.0236093183354847
5470,15155.690752,1,72985596.288,0.0200616714815498
5471,15155.710752,2,72985615.552,0.0235816583686766
5472,15155.730752,1,72985635.7504,0.0200309381850964
5473,15155.750752,2,72985655.4752,0.0236390271887229
5474,15155.770752,1,72985675.6864,0.0200124982072244
5475,15155.790752,2,72985695.3088,0.023657467166595
5476,15155.810752,1,72985715.3152,0.0200504026061835
5477,15155.830752,2,72985735.3216,0.0236502960640892
5478,15155.850752,1,72985756.0192,0.0201538713709099
5479,15155.870752,2,72985775.2832,0.0235447784129326
5480,15155.890752,1,72985795.6992,0.0200698670272707
5481,15155.910752,2,72985815.7696,0.0234792140471654
5482,15155.930752,1,72985835.4816,0.0200053271047186
5483,15155.950752,2,72985855.3856,0.023539656196857
5484,15155.970752,1,72985875.6352,0.0200073759911488
5485,15155.990752,2,72985895.5136,0.0235447784129326
5486,15156.010752,1,72985916.4672,0.0200883070051427
5487,15156.030752,2,72985935.616,0.0236072694490544
5488,15156.050752,1,72985955.264,0.0200924047780032
5489,15156.070752,2,72985975.5008,0.0236062450058393
5490,15156.090752,1,72985996.5056,0.0200872825619276
5491,15156.110752,2,72986015.9104,0.0236349294158625
5492,15156.130752,1,72986036.9024,0.0201159669719507
5493,15156.150752,2,72986055.424,0.0236195627676358
5494,15156.170752,1,72986075.328,0.0200903558915729
5495,15156.190752,2,72986095.3984,0.0236472227344438
5496,15156.210752,1,72986115.4816,0.0201128936423054
5497,15156.230752,2,72986135.5648,0.0235570717315139
5498,15156.250752,1,72986155.904,0.0201374802794681
5499,15156.270752,2,72986175.4112,0.0236185383244207
5500,15156.290752,1,72986195.3408,0.0201436269387588
5501,15156.310752,2,72986215.5648,0.0236011227897638
5502,15156.330752,1,72986235.648,0.0201149425287356
5503,15156.350752,2,72986255.3472,0.0236144405515602
5504,15156.370752,1,72986275.4688,0.0200801114594218
5505,15156.390752,2,72986295.5136,0.0236103427786998
5506,15156.410752,1,72986315.8272,0.0200780625729916
5507,15156.430752,2,72986335.936,0.0236800049173274
5508,15156.450752,1,72986355.4816,0.0201344069498228
5509,15156.470752,2,72986375.6544,0.0237291781916528
5510,15156.490752,1,72986395.8656,0.0200401581740324
5511,15156.510752,2,72986415.872,0.0236390271887229
5512,15156.530752,1,72986436.3904,0.0201231380744565
5513,15156.550752,2,72986456.4096,0.0236287827565718
5514,15156.570752,1,72986475.3664,0.0200749892433462
5515,15156.590752,2,72986495.6032,0.0236103427786998
5516,15156.610752,1,72986515.4176,0.0200555248222591
5517,15156.630752,2,72986535.616,0.0236072694490544
5518,15156.650752,1,72986556.096,0.0201292847337472
5519,15156.670752,2,72986575.6288,0.0235560472882988
5520,15156.690752,1,72986595.5328,0.0200350359579568
5521,15156.710752,2,72986615.4496,0.0236236605404962
5522,15156.730752,1,72986635.52,0.0200739648001311
5523,15156.750752,2,72986655.7824,0.023584731698322
5524,15156.770752,1,72986675.776,0.0199899604564919
5525,15156.790752,2,72986697.4208,0.0236431249615834
5526,15156.810752,1,72986715.5712,0.0200063515479337
5527,15156.830752,2,72986735.3728,0.0236390271887229
5528,15156.850752,1,72986755.4816,0.0199899604564919
5529,15156.870752,2,72986775.744,0.023640051631938
5530,15156.890752,1,72986795.52,0.0200463048333231
5531,15156.910752,2,72986815.424,0.0235898539143975
5532,15156.930752,1,72986835.5712,0.0200524514926138
5533,15156.950752,2,72986856.9728,0.0236800049173274
5534,15156.970752,1,72986875.7888,0.0200770381297765
5535,15156.990752,2,72986895.7952,0.0237967914438503
5536,15157.010752,1,72986916.0576,0.0200831847890671
5537,15157.030752,2,72986935.8848,0.023830598069949
5538,15157.050752,1,72986956.3648,0.0201221136312414
5539,15157.070752,2,72986975.5776,0.0237558137152458
5540,15157.090752,1,72986995.9296,0.0201241625176716
5541,15157.110752,2,72987015.808,0.0237097137705657
5542,15157.130752,1,72987035.4432,0.0201764091216424
5543,15157.150752,2,72987055.8336,0.0236871760198332
5544,15157.170752,1,72987075.648,0.0202296801688282
5545,15157.190752,2,72987095.7824,0.0237496670559551
5546,15157.210752,1,72987115.7504,0.0202389001577643
5547,15157.230752,2,72987136.4352,0.0236523449505194
5548,15157.250752,1,72987155.4944,0.0200842092322823
5549,15157.270752,2,72987175.8336,0.0236554182801647
5550,15157.290752,1,72987195.4432,0.020082160345852
5551,15157.310752,2,72987215.744,0.0236011227897638
5552,15157.330752,1,72987235.4816,0.0200965025508636
5553,15157.350752,2,72987255.5008,0.0235693650500953
5554,15157.370752,1,72987275.8912,0.0200985514372938
5555,15157.390752,2,72987296.0512,0.0236062450058393
5556,15157.410752,1,72987315.4304,0.0201262114041019
5557,15157.430752,2,72987335.744,0.0236236605404962
5558,15157.450752,1,72987355.5456,0.0200862581187125
5559,15157.470752,2,72987375.5776,0.0235755117093859
5560,15157.490752,1,72987395.4432,0.020108795869445
5561,15157.510752,2,72987415.4368,0.02361239166513
5562,15157.530752,1,72987435.648,0.020054500379044
5563,15157.550752,2,72987455.6032,0.0236318560862171
5564,15157.570752,1,72987476.0832,0.0200667936976253
5565,15157.590752,2,72987495.6032,0.0236779560308972
5566,15157.610752,1,72987515.8144,0.020036060401172
5567,15157.630752,2,72987535.552,0.0235611695043744
5568,15157.650752,1,72987556.3776,0.020036060401172
5569,15157.670752,2,72987576.1792,0.0235970250169033
5570,15157.690752,1,72987595.4944,0.020072940356916
5571,15157.710752,2,72987615.6672,0.023567316163665
5572,15157.730752,1,72987635.648,0.0200811359026369
5573,15157.750752,2,72987655.7824,0.0235929272440429
5574,15157.770752,1,72987676.0064,0.0200749892433462
5575,15157.790752,2,72987695.7696,0.0235980494601184
5576,15157.810752,1,72987715.776,0.0200688425840556
5577,15157.830752,2,72987735.5008,0.0235888294711824
5578,15157.850752,1,72987755.5712,0.02006372036798
5579,15157.870752,2,72987775.8464,0.0236134161083451
5580,15157.890752,1,72987795.5712,0.0201098203126601
5581,15157.910752,2,72987815.5264,0.023593951687258
5582,15157.930752,1,72987835.6992,0.02006372036798
5583,15157.950752,2,72987856.4352,0.0235867805847522
5584,15157.970752,1,72987876.672,0.0200391337308173
5585,15157.990752,2,72987895.4752,0.0235785850390313
5586,15158.010752,1,72987915.9296,0.0200883070051427
5587,15158.030752,2,72987935.6288,0.0236841026901879
5588,15158.050752,1,72987955.8784,0.0200616714815498
5589,15158.070752,2,72987975.5136,0.0237004937816297
5590,15158.090752,1,72987995.4944,0.0201159669719507
5591,15158.110752,2,72988016.192,0.0236697604851763
5592,15158.130752,1,72988035.9808,0.0201405536091134
5593,15158.150752,2,72988055.7312,0.0236082938922696
5594,15158.170752,1,72988075.8912,0.0200217181961604
5595,15158.190752,2,72988096.1408,0.0236533693937345
5596,15158.210752,1,72988115.9424,0.020072940356916
5597,15158.230752,2,72988135.5392,0.023666687155531
5598,15158.250752,1,72988157.5424,0.0200022537750732
5599,15158.270752,2,72988175.872,0.0236615649394554
5600,15158.290752,1,72988195.776,0.0200442559468929
5601,15158.310752,2,72988215.936,0.0236882004630483
5602,15158.330752,1,72988236.0832,0.0201016247669392
5603,15158.350752,2,72988256.3584,0.023685127133403
5604,15158.370752,1,72988275.776,0.0200780625729916
5605,15158.390752,2,72988295.616,0.0236062450058393
5606,15158.410752,1,72988315.904,0.0200524514926138
5607,15158.430752,2,72988336.0256,0.0236380027455078
5608,15158.450752,1,72988355.8912,0.020009424877579
5609,15158.470752,2,72988375.744,0.0235601450611593
5610,15158.490752,1,72988395.5712,0.0200053271047186
5611,15158.510752,2,72988415.9488,0.0236533693937345
5612,15158.530752,1,72988435.6224,0.0200893314483578
5613,15158.550752,2,72988456.0256,0.0236195627676358
5614,15158.570752,1,72988475.8656,0.0200965025508636
5615,15158.590752,2,72988496.128,0.0236062450058393
5616,15158.610752,1,72988515.8784,0.0200616714815498
5617,15158.630752,2,72988536.2048,0.0236062450058393
5618,15158.650752,1,72988556.1856,0.0200934292212183
5619,15158.670752,2,72988575.5776,0.0235816583686766
5620,15158.690752,1,72988596.2368,0.0200575737086893
5621,15158.710752,2,72988615.5904,0.0235499006290081
5622,15158.730752,1,72988635.9808,0.0200749892433462
5623,15158.750752,2,72988655.6672,0.0236318560862171
5624,15158.770752,1,72988676.0576,0.0200329870715266
5625,15158.790752,2,72988695.6032,0.0236912737926937
5626,15158.810752,1,72988715.5968,0.020026840412236
5627,15158.830752,2,72988735.8208,0.0236093183354847
5628,15158.850752,1,72988755.7632,0.0200842092322823
5629,15158.870752,2,72988776.1024,0.0236636138258856
5630,15158.890752,1,72988795.6864,0.0200555248222591
5631,15158.910752,2,72988815.6672,0.0237209826459319
5632,15158.930752,1,72988836.7488,0.0200463048333231
5633,15158.950752,2,72988855.7952,0.0236963960087692
5634,15158.970752,1,72988875.6096,0.0200227426393755
5635,15158.990752,2,72988895.7568,0.0237097137705657
5636,15159.010752,1,72988915.8528,0.0200043026615035
5637,15159.030752,2,72988935.6032,0.0236236605404962
5638,15159.050752,1,72988955.6992,0.0200288892986662
5639,15159.070752,2,72988975.8336,0.0236533693937345
5640,15159.090752,1,72988995.6352,0.0200155715368697
5641,15159.110752,2,72989015.7056,0.0236164894379905
5642,15159.130752,1,72989035.648,0.0200862581187125
5643,15159.150752,2,72989056.6144,0.0235447784129326
5644,15159.170752,1,72989075.712,0.0200504026061835
5645,15159.190752,2,72989095.6416,0.0235744872661708
5646,15159.210752,1,72989116.4288,0.0200842092322823
5647,15159.230752,2,72989135.7824,0.0236175138812056
5648,15159.250752,1,72989155.9424,0.0200329870715266
5649,15159.270752,2,72989175.6288,0.0236021472329789
5650,15159.290752,1,72989195.8016,0.0200862581187125
5651,15159.310752,2,72989216.64,0.0236072694490544
5652,15159.330752,1,72989235.9936,0.0200760136865614
5653,15159.350752,2,72989255.68,0.0236380027455078
5654,15159.370752,1,72989276.2624,0.02006372036798
5655,15159.390752,2,72989295.7056,0.0236369783022927
5656,15159.410752,1,72989315.8912,0.020036060401172
5657,15159.430752,2,72989335.6544,0.0236431249615834
5658,15159.450752,1,72989355.8272,0.0200053271047186
5659,15159.470752,2,72989375.8848,0.0236912737926937
5660,15159.490752,1,72989395.9552,0.0201395291658983
5661,15159.510752,2,72989416.1024,0.0236564427233798
5662,15159.530752,1,72989435.6864,0.0200852336754974
5663,15159.550752,2,72989457.1904,0.0235724383797406
5664,15159.570752,1,72989475.6608,0.0200504026061835
5665,15159.590752,2,72989495.7184,0.0235816583686766
5666,15159.610752,1,72989516.0064,0.020127235847317
5667,15159.630752,2,72989536.2944,0.0236963960087692
5668,15159.650752,1,72989555.7504,0.0200760136865614
5669,15159.670752,2,72989576.192,0.0236380027455078
5670,15159.690752,1,72989595.7248,0.0200790870162067
5671,15159.710752,2,72989615.7696,0.0236195627676358
5672,15159.730752,1,72989636.2496,0.0200616714815498
5673,15159.750752,2,72989656.1792,0.0236769315876821
5674,15159.770752,1,72989676.032,0.0200370848443871
5675,15159.790752,2,72989695.744,0.0236082938922696
5676,15159.810752,1,72989715.7376,0.0200053271047186
5677,15159.830752,2,72989735.7824,0.0235468272993628
5678,15159.850752,1,72989755.7632,0.0200319626283115
5679,15159.870752,2,72989775.7824,0.0235785850390313
5680,15159.890752,1,72989795.6992,0.0200883070051427
5681,15159.910752,2,72989815.7568,0.0235980494601184
5682,15159.930752,1,72989836.16,0.0200493781629684
5683,15159.950752,2,72989856.0512,0.0236113672219149
5684,15159.970752,1,72989875.7504,0.0200196693097302
5685,15159.990752,2,72989895.8464,0.0236052205626242
5686,15160.010752,1,72989915.7632,0.020036060401172
5687,15160.030752,2,72989936.0384,0.0236113672219149
5688,15160.050752,1,72989955.9424,0.0200524514926138
5689,15160.070752,2,72989975.7824,0.0236277583133567
5690,15160.090752,1,72989995.7376,0.0200473292765382
5691,15160.110752,2,72990015.7824,0.023640051631938
5692,15160.130752,1,72990035.776,0.0200534759358289
5693,15160.150752,2,72990056,0.0236963960087692
5694,15160.170752,1,72990076.0704,0.0199653738193292
5695,15160.190752,2,72990095.8208,0.0236380027455078
5696,15160.210752,1,72990116.1088,0.0201210891880263
5697,15160.230752,2,72990135.7952,0.0235888294711824
5698,15160.250752,1,72990156.4928,0.0200309381850964
5699,15160.270752,2,72990175.7824,0.0236410760751532
5700,15160.290752,1,72990195.776,0.0200565492654742
5701,15160.310752,2,72990217.6384,0.023558096174729
5702,15160.330752,1,72990235.8144,0.0200473292765382
5703,15160.350752,2,72990257.92,0.0235529739586535
5704,15160.370752,1,72990276.5696,0.0200596225951196
5705,15160.390752,2,72990295.9488,0.0235652672772348
5706,15160.410752,1,72990315.8784,0.0200206937529453
5707,15160.430752,2,72990335.872,0.0237353248509435
5708,15160.450752,1,72990356.2496,0.020045280390108
5709,15160.470752,2,72990375.8208,0.023712787100211
5710,15160.490752,1,72990395.8656,0.0200309381850964
5711,15160.510752,2,72990415.7952,0.02361239166513
5712,15160.530752,1,72990435.8016,0.0200585981519044
5713,15160.550752,2,72990456.2304,0.0236861515766181
5714,15160.570752,1,72990475.8144,0.0200883070051427
5715,15160.590752,2,72990496,0.0236922982359088
5716,15160.610752,1,72990516.032,0.0200524514926138
5717,15160.630752,2,72990536.3456,0.0237783514659782
5718,15160.650752,1,72990558.016,0.0200258159690208
5719,15160.670752,2,72990575.8336,0.0237506914991702
5720,15160.690752,1,72990595.8272,0.0199735693650501
5721,15160.710752,2,72990616.1792,0.0237281537484377
5722,15160.730752,1,72990635.8144,0.0200657692544102
5723,15160.750752,2,72990655.9616,0.0236974204519843
5724,15160.770752,1,72990675.8528,0.0200995758805089
5725,15160.790752,2,72990695.8592,0.0236134161083451
5726,15160.810752,1,72990715.9808,0.0200790870162067
5727,15160.830752,2,72990735.872,0.0235519495154384
5728,15160.850752,1,72990755.9808,0.0200258159690208
5729,15160.870752,2,72990776.2048,0.0235796094822464
5730,15160.890752,1,72990796.0832,0.0200073759911488
5731,15160.910752,2,72990816.4352,0.0235816583686766
5732,15160.930752,1,72990836.1216,0.0200616714815498
5733,15160.950752,2,72990856.7296,0.0236646382691007
5734,15160.970752,1,72990875.8656,0.0200401581740324
5735,15160.990752,2,72990896.0512,0.0235744872661708
5736,15161.010752,1,72990916.0448,0.0200145470936546
5737,15161.030752,2,72990935.8464,0.0235755117093859
5738,15161.050752,1,72990955.8784,0.0200155715368697
5739,15161.070752,2,72990976.448,0.0235232651054152
5740,15161.090752,1,72990995.8528,0.0199838137972012
5741,15161.110752,2,72991015.8592,0.02361239166513
5742,15161.130752,1,72991036.0576,0.0199233716475096
5743,15161.150752,2,72991056.5632,0.0234904829225316
5744,15161.170752,1,72991076.544,0.0199397627389514
5745,15161.190752,2,72991096.1792,0.0235437539697175
5746,15161.210752,1,72991115.8656,0.0200155715368697
5747,15161.230752,2,72991135.872,0.0236226360972811
5748,15161.250752,1,72991155.9936,0.0200237670825906
5749,15161.270752,2,72991176,0.0236277583133567
5750,15161.290752,1,72991197.6832,0.0200196693097302
5751,15161.310752,2,72991216.4352,0.0236072694490544
5752,15161.330752,1,72991236.5312,0.0200176204232999
5753,15161.350752,2,72991255.9232,0.0236584916098101
5754,15161.370752,1,72991275.968,0.0199889360132768
5755,15161.390752,2,72991295.9104,0.0237209826459319
5756,15161.410752,1,72991315.9552,0.0200114737640093
5757,15161.430752,2,72991336.0128,0.0236318560862171
5758,15161.450752,1,72991355.9296,0.0201159669719507
5759,15161.470752,2,72991375.9232,0.0236953715655541
5760,15161.490752,1,72991395.904,0.0200739648001311
5761,15161.510752,2,72991415.9232,0.0237015182248448
5762,15161.530752,1,72991435.968,0.0201354313930379
5763,15161.550752,2,72991458.0096,0.0236994693384146
5764,15161.570752,1,72991476.0576,0.0201518224844797
5765,15161.590752,2,72991495.936,0.0236144405515602
5766,15161.610752,1,72991516.096,0.0201210891880263
5767,15161.630752,2,72991536.128,0.0236841026901879
5768,15161.650752,1,72991556.0704,0.0201077714262298
5769,15161.670752,2,72991575.9488,0.0237476181695249
5770,15161.690752,1,72991596.0064,0.020218411293462
5771,15161.710752,2,72991615.936,0.0237240559755773
5772,15161.730752,1,72991637.9648,0.0201128936423054
5773,15161.750752,2,72991655.9232,0.023757862601676
5774,15161.770752,1,72991676.5184,0.0201467002684041
5775,15161.790752,2,72991696.2048,0.0237189337595017
5776,15161.810752,1,72991716.032,0.0202173868502469
5777,15161.830752,2,72991735.9744,0.0236277583133567
5778,15161.850752,1,72991756.0576,0.0201610424734157
5779,15161.870752,2,72991776.0256,0.0237660581473969
5780,15161.890752,1,72991795.9808,0.0201600180302006
5781,15161.910752,2,72991815.9616,0.02374864261274
5782,15161.930752,1,72991836.0192,0.0201589935869855
5783,15161.950752,2,72991856.0128,0.0238029381031409
5784,15161.970752,1,72991876.0832,0.0202266068391829
5785,15161.990752,2,72991896.0256,0.0238500624910361
5786,15162.010752,1,72991916.032,0.0202419734874096
5787,15162.030752,2,72991935.9872,0.0238162558649374
5788,15162.050752,1,72991955.9808,0.0202378757145491
5789,15162.070752,2,72991976.1408,0.0237353248509435
5790,15162.090752,1,72991996.0832,0.0202112401909562
5791,15162.110752,2,72992016,0.0237988403302805
5792,15162.130752,1,72992035.9936,0.0202143135206016
5793,15162.150752,2,72992056.1408,0.0238049869895712
5794,15162.170752,1,72992076.3776,0.0202450468170549
5795,15162.190752,2,72992096.0768,0.0238992357653615
5796,15162.210752,1,72992116.032,0.0202245579527527
5797,15162.230752,2,72992136.1408,0.0239002602085766
5798,15162.250752,1,72992156.6464,0.0202153379638167
5799,15162.270752,2,72992176.064,0.0239535312557625
5800,15162.290752,1,72992196.0192,0.020309586739607
5801,15162.310752,2,72992216.3584,0.0239473845964718
5802,15162.330752,1,72992236.0448,0.0202604134652816
5803,15162.350752,2,72992256.2304,0.023966849017559
5804,15162.370752,1,72992276.032,0.0202378757145491
5805,15162.390752,2,72992296.0384,0.023940213493966
5806,15162.410752,1,72992316.224,0.020318806728543
5807,15162.430752,2,72992336.0128,0.0239586534718381
5808,15162.450752,1,72992356.1984,0.020272706783863
5809,15162.470752,2,72992376.1408,0.0239412379371811
5810,15162.490752,1,72992396.1216,0.0201764091216424
5811,15162.510752,2,72992416.0512,0.0239238224025242
5812,15162.530752,1,72992436.0192,0.020236851271334
5813,15162.550752,2,72992456.2688,0.0239002602085766
5814,15162.570752,1,72992476.0448,0.0202409490441945
5815,15162.590752,2,72992496.0128,0.0238449402749606
5816,15162.610752,1,72992516.0832,0.0202143135206016
5817,15162.630752,2,72992536.064,0.0238500624910361
5818,15162.650752,1,72992556.1472,0.0202337779416887
5819,15162.670752,2,72992576.128,0.0238971868789313
5820,15162.690752,1,72992596.1472,0.0201774335648575
5821,15162.710752,2,72992616.064,0.0238736246849837
5822,15162.730752,1,72992636.288,0.0201897268834389
5823,15162.750752,2,72992656.1408,0.0238551847071117
5824,15162.770752,1,72992676.096,0.0202327534984736
5825,15162.790752,2,72992696.1152,0.0238357202860245
5826,15162.810752,1,72992716.4544,0.0202522179195607
5827,15162.830752,2,72992737.92,0.0238726002417686
5828,15162.850752,1,72992756.2368,0.0202655356813572
5829,15162.870752,2,72992776.0512,0.0238275247403036
5830,15162.890752,1,72992796.3264,0.0202153379638167
5831,15162.910752,2,72992816.1664,0.0238787469010593
5832,15162.930752,1,72992836.4416,0.0201682135759215
5833,15162.950752,2,72992856.2944,0.0238828446739197
5834,15162.970752,1,72992876.0832,0.0201876779970086
5835,15162.990752,2,72992896.1536,0.0238736246849837
5836,15163.010784,1,72992916.1344,0.0201753846784273
5837,15163.030784,2,72992936.2048,0.023839818058885
5838,15163.050784,1,72992956.3648,0.0202245579527527
5839,15163.070784,2,72992976.192,0.0238695269121233
5840,15163.090784,1,72992996.2752,0.0202245579527527
5841,15163.110784,2,72993016.128,0.0239463601532567
5842,15163.130784,1,72993036.352,0.0202050935316655
5843,15163.150784,2,72993056.2688,0.0239391890507509
5844,15163.170784,1,72993076.1472,0.0202552912492061
5845,15163.190784,2,72993096.1536,0.0239289446185998
5846,15163.210784,1,72993116.1472,0.0202583645788514
5847,15163.230784,2,72993136.1792,0.0239811912225705
5848,15163.250784,1,72993156.9664,0.0202614379084967
5849,15163.270784,2,72993176.1024,0.0239545556989776
5850,15163.290784,1,72993196.8256,0.0202706578974327
5851,15163.310784,2,72993216.1408,0.0239535312557625
5852,15163.330784,1,72993236.2624,0.0203485155817813
5853,15163.350784,2,72993258.3168,0.0240149978486692
5854,15163.370784,1,72993276.2368,0.0203444178089209
5855,15163.390784,2,72993296.2048,0.024022168951175
5856,15163.410784,1,72993316.1728,0.0203270022742639
5857,15163.430784,2,72993336.2816,0.0240365111561866
5858,15163.450784,1,72993356.224,0.0203372467064151
5859,15163.470784,2,72993376.32,0.0240242178376053
5860,15163.490784,1,72993396.2496,0.0203495400249964
5861,15163.510784,2,72993416.1408,0.0240877333169422
5862,15163.530784,1,72993436.5952,0.0202614379084967
5863,15163.550784,2,72993456.256,0.0239914356547217
5864,15163.570784,1,72993476.1728,0.0202624623517118
5865,15163.590784,2,72993496.2304,0.0238869424467802
5866,15163.610784,1,72993516.2496,0.0202522179195607
5867,15163.630784,2,72993536.1664,0.0239381646075358
5868,15163.650784,1,72993556.416,0.0202071424180958
5869,15163.670784,2,72993576.1664,0.0237834736820538
5870,15163.690784,1,72993596.1728,0.0201169914151659
5871,15163.710784,2,72993616.32,0.0237865470116991
5872,15163.730784,1,72993636.1728,0.0200852336754974
5873,15163.750784,2,72993656.2944,0.023858258036757
5874,15163.770784,1,72993676.16,0.0201467002684041
5875,15163.790784,2,72993696.448,0.0238551847071117
5876,15163.810784,1,72993716.352,0.0201292847337472
5877,15163.830784,2,72993736.3456,0.0238633802528326
5878,15163.850784,1,72993756.3392,0.0200862581187125
5879,15163.870784,2,72993776.256,0.0238295736267339
5880,15163.890784,1,72993796.2112,0.0199776671379105
5881,15163.910784,2,72993816.2176,0.0237814247956236
5882,15163.930784,1,72993836.1984,0.0199704960354048
5883,15163.950784,2,72993856.576,0.0238336713995943
5884,15163.970784,1,72993876.224,0.019954104943963
5885,15163.990784,2,72993896.4992,0.0239238224025242
5886,15164.010784,1,72993916.2112,0.0201046980965845
5887,15164.030784,2,72993936.2304,0.0239709467904194
5888,15164.050784,1,72993956.4288,0.0200842092322823
5889,15164.070784,2,72993976.3456,0.0239422623803963
5890,15164.090784,1,72993996.224,0.0201753846784273
5891,15164.110784,2,72994016.2304,0.0239801667793554
5892,15164.130784,1,72994036.4288,0.0201600180302006
5893,15164.150784,2,72994056.32,0.0239975823140123
5894,15164.170784,1,72994076.4416,0.0201128936423054
5895,15164.190784,2,72994096.2432,0.0239658245743438
5896,15164.210784,1,72994116.2752,0.0201753846784273
5897,15164.230784,2,72994136.448,0.0239268957321696
5898,15164.250784,1,72994156.288,0.0200626959247649
5899,15164.270784,2,72994176.3328,0.0238469891613908
5900,15164.290784,1,72994196.3264,0.0201385047226832
5901,15164.310784,2,72994217.536,0.0239227979593091
5902,15164.330784,1,72994236.48,0.0201149425287356
5903,15164.350784,2,72994256.3712,0.0238848935603499
5904,15164.370784,1,72994276.544,0.0201559202573401
5905,15164.390784,2,72994296.3328,0.0238080603192165
5906,15164.410784,1,72994316.2752,0.0201518224844797
5907,15164.430784,2,72994336.4736,0.0239719712336345
5908,15164.450784,1,72994356.5056,0.0202153379638167
5909,15164.470784,2,72994376.2944,0.023949433482902
5910,15164.490784,1,72994396.544,0.0202624623517118
5911,15164.510784,2,72994416.2944,0.0239801667793554
5912,15164.530784,1,72994436.2752,0.0203208556149733
5913,15164.550784,2,72994456.2944,0.0240375355994017
5914,15164.570784,1,72994476.3008,0.0202921712049501
5915,15164.590784,2,72994496.2816,0.0240641711229947
5916,15164.610784,1,72994516.4544,0.020272706783863
5917,15164.630784,2,72994536.5504,0.0241328088184072
5918,15164.650784,1,72994556.3264,0.0203013911938861
5919,15164.670784,2,72994576.5248,0.0240139734054541
5920,15164.690784,1,72994596.48,0.0202860245456594
5921,15164.710784,2,72994616.2816,0.0240313889401111
5922,15164.730784,1,72994636.6464,0.0203034400803163
5923,15164.750784,2,72994656.4736,0.0239607023582683
5924,15164.770784,1,72994676.3392,0.0202839756592292
5925,15164.790784,2,72994696.4096,0.0239463601532567
5926,15164.810784,1,72994716.3904,0.0203136845124675
5927,15164.830784,2,72994736.448,0.0239381646075358
5928,15164.850784,1,72994756.4032,0.0203024156371012
5929,15164.870784,2,72994776.3072,0.0239617268014834
5930,15164.890784,1,72994796.608,0.0202931956481652
5931,15164.910784,2,72994816.3968,0.0239750445632799
5932,15164.930784,1,72994836.4032,0.0203259778310488
5933,15164.950784,2,72994856.32,0.0240447067019075
5934,15164.970784,1,72994876.5184,0.0202737312270781
5935,15164.990784,2,72994896.4096,0.0240293400536808
5936,15165.010784,1,72994916.3264,0.020236851271334
5937,15165.030784,2,72994936.3712,0.0239883623250763
5938,15165.050784,1,72994956.352,0.0203044645235315
5939,15165.070784,2,72994976.512,0.0239453357100416
5940,15165.090784,1,72994996.3776,0.0202716823406479
5941,15165.110784,2,72995016.6144,0.0239740201200647
5942,15165.130784,1,72995037.2224,0.0202563156924212
5943,15165.150784,2,72995056.448,0.0240324133833262
5944,15165.170784,1,72995076.4544,0.0203147089556826
5945,15165.190784,2,72995096.3456,0.0240375355994017
5946,15165.210784,1,72995116.48,0.0203177822853279
5947,15165.230784,2,72995136.3456,0.0239719712336345
5948,15165.250784,1,72995156.416,0.0202778289999385
5949,15165.270784,2,72995176.384,0.0239791423361403
5950,15165.290784,1,72995196.3392,0.0202798778863688
5951,15165.310784,2,72995216.5248,0.0240467555883377
5952,15165.330784,1,72995236.6976,0.0202757801135083
5953,15165.350784,2,72995256.5504,0.0239791423361403
5954,15165.370784,1,72995276.4288,0.0203044645235315
5955,15165.390784,2,72995296.4224,0.0239258712889545
5956,15165.410784,1,72995316.5952,0.0203444178089209
5957,15165.430784,2,72995336.4352,0.0239361157211056
5958,15165.450784,1,72995356.4544,0.0203300756039093
5959,15165.470784,2,72995376.3712,0.0238746491281988
5960,15165.490784,1,72995396.4288,0.0203229045014035
5961,15165.510784,2,72995416.3968,0.0238777224578442
5962,15165.530784,1,72995436.416,0.0203351978199848
5963,15165.550784,2,72995456.4608,0.0239586534718381
5964,15165.570784,1,72995476.608,0.0203013911938861
5965,15165.590784,2,72995496.4224,0.0238644046960477
5966,15165.610784,1,72995516.5312,0.0203054889667466
5967,15165.630784,2,72995536.7296,0.0239299690618149
5968,15165.650784,1,72995556.5184,0.0202983178642408
5969,15165.670784,2,72995576.6784,0.023903333538222
5970,15165.690784,1,72995597.952,0.020318806728543
5971,15165.710784,2,72995616.448,0.0239320179482451
5972,15165.730784,1,72995636.5056,0.0202890978753048
5973,15165.750784,2,72995656.6016,0.0239002602085766
5974,15165.770784,1,72995676.4288,0.0203669555596533
5975,15165.790784,2,72995696.4608,0.0239607023582683
5976,15165.810784,1,72995716.48,0.0203567111275022
5977,15165.830784,2,72995736.6528,0.0241430532505583
5978,15165.850784,1,72995756.5952,0.0203341733767697
5979,15165.870784,2,72995776.704,0.0241707132173664
5980,15165.890784,1,72995796.6336,0.0203290511606942
5981,15165.910784,2,72995816.5632,0.0241389554776979
5982,15165.930784,1,72995837.4784,0.0202399246009794
5983,15165.950784,2,72995857.6256,0.0242096420595406
5984,15165.970784,1,72995876.4544,0.0203536377978569
5985,15165.990784,2,72995896.4736,0.0243561374393017
5986,15166.010784,1,72995916.48,0.0202901223185199
5987,15166.030784,2,72995936.6784,0.0243417952342902
5988,15166.050784,1,72995956.6464,0.0203433933657057
5989,15166.070784,2,72995976.6144,0.0243694552010982
5990,15166.090784,1,72995996.5184,0.0203515889114266
5991,15166.110784,2,72996016.6912,0.0243715040875284
5992,15166.130784,1,72996036.5184,0.0203741266621591
5993,15166.150784,2,72996056.5376,0.0243991640543365
5994,15166.170784,1,72996076.5312,0.0203577355707173
5995,15166.190784,2,72996096.576,0.0244053107136271
5996,15166.210784,1,72996116.4544,0.0202573401356363
5997,15166.230784,2,72996136.576,0.02438584629254
5998,15166.250784,1,72996156.7488,0.0203362222631999
5999,15166.270784,2,72996176.896,0.0243971151679062
6000,15166.290784,1,72996196.6464,0.0202993423074559
6001,15166.310784,2,72996216.4736,0.0244063351568423
6002,15166.330784,1,72996236.5568,0.0202931956481652
6003,15166.350784,2,72996256.5376,0.0243479418935808
6004,15166.370784,1,72996276.8384,0.0203485155817813
6005,15166.390784,2,72996296.5248,0.0243469174503657
6006,15166.410784,1,72996316.6336,0.0204427643575717
6007,15166.430784,2,72996336.64,0.0243796996332493
6008,15166.450784,1,72996356.608,0.0203392955928453
6009,15166.470784,2,72996376.5248,0.024367406314668
6010,15166.490784,1,72996396.6336,0.0202173868502469
6011,15166.510784,2,72996416.4864,0.0242188620484767
6012,15166.530784,1,72996436.6208,0.0201497735980495
6013,15166.550784,2,72996456.7168,0.024139979920913
6014,15166.570784,1,72996477.1328,0.020164115803061
6015,15166.590784,2,72996496.6528,0.0240682688958551
6016,15166.610784,1,72996516.672,0.020127235847317
6017,15166.630784,2,72996536.4992,0.0240242178376053
6018,15166.650784,1,72996556.6592,0.0200985514372938
6019,15166.670784,2,72996576.512,0.0240334378265413
6020,15166.690784,1,72996596.5312,0.0202030446452353
6021,15166.710784,2,72996616.4992,0.0239975823140123
6022,15166.730784,1,72996636.4928,0.0200954781076485
6023,15166.750784,2,72996656.5248,0.0239873378818612
6024,15166.770784,1,72996676.5696,0.0200514270493987
6025,15166.790784,2,72996696.5504,0.0238500624910361
6026,15166.810784,1,72996716.5056,0.0200626959247649
6027,15166.830784,2,72996736.512,0.0238551847071117
6028,15166.850784,1,72996756.6464,0.0200534759358289
6029,15166.870784,2,72996776.5376,0.0238971868789313
6030,15166.890784,1,72996796.5952,0.0200934292212183
6031,15166.910784,2,72996817.7408,0.0238818202307046
6032,15166.930784,1,72996836.6208,0.020072940356916
6033,15166.950784,2,72996856.7424,0.0238644046960477
6034,15166.970784,1,72996876.5696,0.0200329870715266
6035,15166.990784,2,72996896.4992,0.0238070358760014
6036,15167.010784,1,72996916.544,0.0200084004343639
6037,15167.030784,2,72996936.5248,0.0238459647181757
6038,15167.050784,1,72996956.5824,0.0200504026061835
6039,15167.070784,2,72996976.6656,0.0238172803081525
6040,15167.090784,1,72996996.5184,0.0200237670825906
6041,15167.110784,2,72997016.7168,0.0237793759091934
6042,15167.130784,1,72997036.8256,0.0200493781629684
6043,15167.150784,2,72997056.8832,0.023767082590612
6044,15167.170784,1,72997077.248,0.0200606470383347
6045,15167.190784,2,72997096.7168,0.0237681070338271
6046,15167.210784,1,72997116.5568,0.0200760136865614
6047,15167.230784,2,72997136.6144,0.0237742536931178
6048,15167.250784,1,72997156.608,0.0201241625176716
6049,15167.270784,2,72997176.5632,0.0237701559202573
6050,15167.290784,1,72997196.672,0.0200657692544102
6051,15167.310784,2,72997216.6016,0.0238562091503268
6052,15167.330784,1,72997236.7616,0.0201128936423054
6053,15167.350784,2,72997256.8704,0.0238234269674432
6054,15167.370784,1,72997276.5952,0.0200995758805089
6055,15167.390784,2,72997296.6272,0.0238818202307046
6056,15167.410784,1,72997316.5952,0.0201702624623517
6057,15167.430784,2,72997336.576,0.023949433482902
6058,15167.450784,1,72997356.6464,0.0201477247116192
6059,15167.470784,2,72997376.6016,0.0240600733501342
6060,15167.490784,1,72997396.8,0.020173335791997
6061,15167.510784,2,72997416.5888,0.0239648001311287
6062,15167.530784,1,72997436.6336,0.0201702624623517
6063,15167.550784,2,72997456.6272,0.0239566045854078
6064,15167.570784,1,72997476.6464,0.0201928002130842
6065,15167.590784,2,72997496.8192,0.0239986067572274
6066,15167.610784,1,72997516.8256,0.02019997131559
6067,15167.630784,2,72997536.576,0.0239719712336345
6068,15167.650784,1,72997556.7488,0.0202132890773864
6069,15167.670784,2,72997576.6656,0.0239146024135882
6070,15167.690784,1,72997596.6592,0.0201825557809331
6071,15167.710784,2,72997616.64,0.0238756735714139
6072,15167.730784,1,72997636.8896,0.0201948490995144
6073,15167.750784,2,72997656.7168,0.0239227979593091
6074,15167.770784,1,72997676.7872,0.0201600180302006
6075,15167.790784,2,72997696.6016,0.0240088511893786
6076,15167.810784,1,72997716.6848,0.0201487491548343
6077,15167.830784,2,72997736.6016,0.0239791423361403
6078,15167.850784,1,72997756.7616,0.0202143135206016
6079,15167.870784,2,72997776.6144,0.0239801667793554
6080,15167.890784,1,72997796.672,0.0202429979306247
6081,15167.910784,2,72997816.8192,0.0238664535824779
6082,15167.930784,1,72997836.6464,0.0200995758805089
6083,15167.950784,2,72997856.8704,0.0238295736267339
6084,15167.970784,1,72997876.6336,0.0201108447558752
6085,15167.990784,2,72997896.8576,0.0237804003524085
6086,15168.010784,1,72997916.8128,0.0201477247116192
6087,15168.030784,2,72997936.7168,0.0237793759091934
6088,15168.050784,1,72997956.6592,0.0200401581740324
6089,15168.070784,2,72997976.6656,0.023785522568484
6090,15168.090784,1,72997996.6592,0.0200504026061835
6091,15168.110784,2,72998016.6272,0.0237558137152458
6092,15168.130784,1,72998036.672,0.020045280390108
6093,15168.150784,2,72998056.896,0.0237988403302805
6094,15168.170784,1,72998076.6464,0.0200883070051427
6095,15168.190784,2,72998096.7552,0.0238695269121233
6096,15168.210784,1,72998116.672,0.0201784580080726
6097,15168.230784,2,72998136.6912,0.0238838691171348
6098,15168.250784,1,72998156.9408,0.0201169914151659
6099,15168.270784,2,72998176.896,0.0237875714549143
6100,15168.290784,1,72998196.7744,0.0201303091769623
6101,15168.310784,2,72998216.7808,0.0238039625463561
6102,15168.330784,1,72998236.9536,0.0201006003237241
6103,15168.350784,2,72998256.8576,0.0237230315323622
6104,15168.370784,1,72998276.6848,0.0200329870715266
6105,15168.390784,2,72998296.7936,0.023685127133403
6106,15168.410784,1,72998316.6976,0.0200401581740324
6107,15168.430784,2,72998337.0112,0.0237496670559551
6108,15168.450784,1,72998356.7872,0.0199889360132768
6109,15168.470784,2,72998376.9088,0.0237189337595017
6110,15168.490784,1,72998396.7488,0.020082160345852
6111,15168.510784,2,72998416.96,0.0237373737373737
6112,15168.530784,1,72998437.1584,0.0200934292212183
6113,15168.550784,2,72998456.9472,0.0237865470116991
6114,15168.570784,1,72998476.9792,0.0200022537750732
6115,15168.590784,2,72998496.704,0.0236933226791239
6116,15168.610784,1,72998516.9536,0.0200975269940787
6117,15168.630784,2,72998536.7424,0.0236830782469728
6118,15168.650784,1,72998556.8384,0.0200954781076485
6119,15168.670784,2,72998576.7552,0.0237978158870654
6120,15168.690784,1,72998596.928,0.020045280390108
6121,15168.710784,2,72998616.7808,0.0237681070338271
6122,15168.730784,1,72998636.7488,0.020026840412236
6123,15168.750784,2,72998656.8576,0.0238910402196406
6124,15168.770784,1,72998676.7744,0.020127235847317
6125,15168.790784,2,72998696.7552,0.023912553527158
6126,15168.810784,1,72998716.7232,0.0201221136312414
6127,15168.830784,2,72998736.7296,0.0238285491835188
6128,15168.850784,1,72998756.9152,0.0200616714815498
6129,15168.870784,2,72998776.7424,0.0238510869342512
6130,15168.890784,1,72998796.7872,0.0200534759358289
6131,15168.910784,2,72998816.8832,0.0238254758538734
6132,15168.930784,1,72998836.7616,0.0200790870162067
6133,15168.950784,2,72998856.768,0.0238101092056467
6134,15168.970784,1,72998876.7488,0.0200616714815498
6135,15168.990784,2,72998896.9088,0.0238685024689081
6136,15169.010784,1,72998916.7616,0.0201118691990903
6137,15169.030784,2,72998936.9216,0.0238183047513676
6138,15169.050784,1,72998957.2992,0.0200852336754974
6139,15169.070784,2,72998976.7552,0.0238971868789313
6140,15169.090784,1,72998996.7872,0.0200739648001311
6141,15169.110784,2,72999016.7552,0.0238428913885303
6142,15169.130784,1,72999036.8256,0.0201139180855205
6143,15169.150784,2,72999056.96,0.0238900157764255
6144,15169.170784,1,72999076.7616,0.0201159669719507
6145,15169.190784,2,72999096.8064,0.0238879668899953
6146,15169.210784,1,72999116.8128,0.0201241625176716
6147,15169.230784,2,72999136.8064,0.0239227979593091
6148,15169.250784,1,72999156.9024,0.0201528469276948
6149,15169.270784,2,72999177.0496,0.0239115290839429
6150,15169.290784,1,72999196.8128,0.0200719159137009
6151,15169.310784,2,72999216.8192,0.0238787469010593
6152,15169.330784,1,72999238.656,0.0200708914704858
6153,15169.350784,2,72999258.4832,0.0239279201753847
6154,15169.370784,1,72999276.7744,0.0200329870715266
6155,15169.390784,2,72999296.8064,0.0239053824246522
6156,15169.410784,1,72999316.8384,0.0201026492101543
6157,15169.430784,2,72999336.7936,0.0238172803081525
6158,15169.450784,1,72999358.1824,0.0200862581187125
6159,15169.470784,2,72999378.0608,0.0238346958428094
6160,15169.490784,1,72999396.9408,0.0201128936423054
6161,15169.510784,2,72999416.8192,0.0238705513553384
6162,15169.530784,1,72999436.8384,0.020091380334788
6163,15169.550784,2,72999457.088,0.0237783514659782
6164,15169.570784,1,72999476.8384,0.0200893314483578
6165,15169.590784,2,72999496.8704,0.0238644046960477
6166,15169.610784,1,72999516.9024,0.0200422070604626
6167,15169.630784,2,72999536.8448,0.0238029381031409
6168,15169.650784,1,72999556.8512,0.0200626959247649
6169,15169.670784,2,72999576.8832,0.0238367447292397
6170,15169.690784,1,72999596.864,0.0200022537750732
6171,15169.710784,2,72999616.8192,0.0237844981252689
6172,15169.730784,1,72999636.864,0.0200237670825906
6173,15169.750784,2,72999656.8832,0.0237353248509435
6174,15169.770784,1,72999676.8384,0.0200514270493987
6175,15169.790784,2,72999696.8832,0.0237209826459319
6176,15169.810784,1,72999716.8768,0.019972544921835
6177,15169.830784,2,72999736.8704,0.0236533693937345
6178,15169.850784,1,72999756.9408,0.0199756182514803
6179,15169.870784,2,72999776.896,0.0236646382691007
6180,15169.890784,1,72999797.056,0.0200032782182884
6181,15169.910784,2,72999816.8704,0.0236431249615834
6182,15169.930784,1,72999836.9024,0.0199827893539861
6183,15169.950784,2,72999856.9856,0.0236953715655541
6184,15169.970784,1,72999877.056,0.0199920093429221
6185,15169.990784,2,72999896.8576,0.0237066404409204
6186,15170.010784,1,72999916.9024,0.0200319626283115
6187,15170.030784,2,72999936.9088,0.023712787100211
6188,15170.050784,1,72999957.12,0.0200084004343639
6189,15170.070784,2,72999976.896,0.0236902493494786
6190,15170.090784,1,72999996.9024,0.0200463048333231
6191,15170.110784,2,73000016.8832,0.0236543938369496
6192,15170.130784,1,73000036.928,0.0200442559468929
6193,15170.150784,2,73000057.4208,0.023640051631938
6194,15170.170784,1,73000076.9408,0.0200852336754974
6195,15170.190784,2,73000096.9344,0.0236421005183683
6196,15170.210784,1,73000116.9024,0.0200237670825906
6197,15170.230784,2,73000136.9728,0.0237506914991702
6198,15170.250784,1,73000156.9408,0.0200053271047186
6199,15170.270784,2,73000176.9088,0.02374864261274
6200,15170.290784,1,73000196.928,0.0200708914704858
6201,15170.310784,2,73000216.96,0.0236687360419612
6202,15170.330784,1,73000237.0304,0.020026840412236
6203,15170.350784,2,73000257.0112,0.0237066404409204
6204,15170.370784,1,73000277.0816,0.020018644866515
6205,15170.390784,2,73000296.96,0.0237424959534493
6206,15170.410784,1,73000318.2592,0.0200504026061835
6207,15170.430784,2,73000336.9216,0.0236902493494786
6208,15170.450784,1,73000356.9664,0.0200657692544102
6209,15170.470784,2,73000376.96,0.0237496670559551
6210,15170.490784,1,73000396.9152,0.0200124982072244
6211,15170.510784,2,73000416.9344,0.0238275247403036
6212,15170.530784,1,73000437.0048,0.0201057225397996
6213,15170.550784,2,73000456.96,0.0238418669453152
6214,15170.570784,1,73000476.9664,0.0200883070051427
6215,15170.590784,2,73000496.9728,0.0238859180035651
6216,15170.610784,1,73000516.9408,0.0200626959247649
6217,15170.630784,2,73000536.9728,0.0239176757432336
6218,15170.650784,1,73000557.0816,0.0200473292765382
6219,15170.670784,2,73000576.9472,0.0240303644968959
6220,15170.690784,1,73000596.992,0.0200340115147417
6221,15170.710784,2,73000617.024,0.0239084557542975
6222,15170.730784,1,73000636.9792,0.0200288892986662
6223,15170.750784,2,73000657.0112,0.0239053824246522
6224,15170.770784,1,73000676.992,0.0200965025508636
6225,15170.790784,2,73000696.9984,0.0238807957874895
6226,15170.810784,1,73000716.992,0.0200217181961604
6227,15170.830784,2,73000736.9984,0.0238234269674432
6228,15170.850784,1,73000757.0304,0.0200954781076485
6229,15170.870784,2,73000777.6,0.0238019136599258
6230,15170.890784,1,73000797.0048,0.0200575737086893
6231,15170.910784,2,73000817.0112,0.0238008892167107
6232,15170.930784,1,73000836.9792,0.0200309381850964
6233,15170.950784,2,73000857.0112,0.0238449402749606
6234,15170.970784,1,73000877.0176,0.0200381092876022
6235,15170.990784,2,73000897.0112,0.0239514823693323
6236,15171.010784,1,73000917.056,0.0200862581187125
6237,15171.030784,2,73000936.9728,0.0239084557542975
6238,15171.050784,1,73000957.0304,0.0200319626283115
6239,15171.070784,2,73000977.0368,0.0239709467904194
6240,15171.090784,1,73000997.0048,0.0200319626283115
6241,15171.110784,2,73001017.6,0.0239627512446985
6242,15171.130784,1,73001037.2608,0.0200432315036778
6243,15171.150784,2,73001057.1648,0.0239135779703731
6244,15171.170784,1,73001077.056,0.020091380334788
6245,15171.190784,2,73001097.024,0.023985288995431
6246,15171.210784,1,73001117.0304,0.0200616714815498
6247,15171.230784,2,73001137.0624,0.0240559755772738
6248,15171.250784,1,73001157.056,0.0200719159137009
6249,15171.270784,2,73001177.0496,0.0240867088737271
6250,15171.290784,1,73001197.0432,0.0201036736533694
6251,15171.310784,2,73001217.5616,0.0241051488515992
6252,15171.330784,1,73001237.0176,0.0200401581740324
6253,15171.350784,2,73001257.1904,0.0240621222365644
6254,15171.370784,1,73001277.0304,0.0201405536091134
6255,15171.390784,2,73001297.4592,0.0241194910566107
6256,15171.410784,1,73001317.056,0.0201139180855205
6257,15171.430784,2,73001337.0368,0.0241645665580757
6258,15171.450784,1,73001357.2736,0.0200647448111951
6259,15171.470784,2,73001377.088,0.0241942754113139
6260,15171.490784,1,73001397.1712,0.0201139180855205
6261,15171.510784,2,73001417.0752,0.0241932509680988
6262,15171.530784,1,73001437.0816,0.0201098203126601
6263,15171.550784,2,73001457.0624,0.0241430532505583
6264,15171.570784,1,73001477.2992,0.0201528469276948
6265,15171.590784,2,73001497.088,0.0241973487409593
6266,15171.610784,1,73001517.0944,0.0201036736533694
6267,15171.630784,2,73001537.088,0.0240867088737271
6268,15171.650784,1,73001557.1072,0.0200995758805089
6269,15171.670784,2,73001577.1136,0.0241389554776979
6270,15171.690784,1,73001597.12,0.0200944536644334
6271,15171.710784,2,73001617.0624,0.024022168951175
6272,15171.730784,1,73001637.12,0.0200688425840556
6273,15171.750784,2,73001657.2032,0.0241573954555699
6274,15171.770784,1,73001677.0432,0.0200524514926138
6275,15171.790784,2,73001697.1264,0.0241625176716455
6276,15171.810784,1,73001717.6704,0.0200657692544102
6277,15171.830784,2,73001737.1264,0.0242137398324011
6278,15171.850784,1,73001757.2352,0.0200790870162067
6279,15171.870784,2,73001777.088,0.0241952998545291
6280,15171.890784,1,73001797.1328,0.020164115803061
6281,15171.910784,2,73001817.1392,0.0241983731841744
6282,15171.930784,1,73001837.1072,0.0200934292212183
6283,15171.950784,2,73001857.1776,0.0240447067019075
6284,15171.970784,1,73001877.184,0.0200278648554511
6285,15171.990784,2,73001897.1392,0.0240477800315529
6286,15172.010784,1,73001917.1456,0.0200934292212183
6287,15172.030784,2,73001937.152,0.0240990021923085
6288,15172.050784,1,73001957.1968,0.0200893314483578
6289,15172.070784,2,73001977.2288,0.0241061732948143
6290,15172.090784,1,73001997.1328,0.0201098203126601
6291,15172.110784,2,73002017.1136,0.0241153932837503
6292,15172.130784,1,73002037.2096,0.0201221136312414
6293,15172.150784,2,73002057.1648,0.023976069006495
6294,15172.170784,1,73002077.1968,0.0201671891327064
6295,15172.190784,2,73002097.152,0.023985288995431
6296,15172.210784,1,73002117.376,0.0201067469830147
6297,15172.230784,2,73002137.216,0.023940213493966
6298,15172.250784,1,73002157.1584,0.0201559202573401
6299,15172.270784,2,73002177.2672,0.0240047534165181
6300,15172.290784,1,73002197.1584,0.0200688425840556
6301,15172.310784,2,73002217.216,0.0239340668346754
6302,15172.330784,1,73002237.184,0.0201282602905321
6303,15172.350784,2,73002257.216,0.0240631466797795
6304,15172.370784,1,73002277.184,0.0200616714815498
6305,15172.390784,2,73002297.1776,0.0240703177822853
6306,15172.410784,1,73002317.184,0.0200852336754974
6307,15172.430784,2,73002337.1264,0.024104124408384
6308,15172.450784,1,73002357.1968,0.0200811359026369
6309,15172.470784,2,73002377.1648,0.0240109000758088
6310,15172.490784,1,73002397.1712,0.0200217181961604
6311,15172.510784,2,73002417.536,0.0239381646075358
6312,15172.530784,1,73002437.1968,0.0200422070604626
6313,15172.550784,2,73002457.216,0.0239873378818612
6314,15172.570784,1,73002477.2096,0.0200811359026369
6315,15172.590784,2,73002497.2544,0.0239607023582683
6316,15172.610784,1,73002517.248,0.0200893314483578
6317,15172.630784,2,73002537.4464,0.0238828446739197
6318,15172.650784,1,73002557.2352,0.0200944536644334
6319,15172.670784,2,73002577.408,0.0238510869342512
6320,15172.690784,1,73002597.2224,0.0200227426393755
6321,15172.710784,2,73002617.792,0.0239227979593091
6322,15172.730784,1,73002637.2352,0.0200411826172475
6323,15172.750784,2,73002657.3056,0.0238848935603499
6324,15172.770784,1,73002677.2608,0.0200463048333231
6325,15172.790784,2,73002697.28,0.0238828446739197
6326,15172.810784,1,73002717.5936,0.0200780625729916
6327,15172.830784,2,73002737.2544,0.0238049869895712
6328,15172.850784,1,73002757.3504,0.0200852336754974
6329,15172.870784,2,73002777.5872,0.0238541602638966
6330,15172.890784,1,73002797.2352,0.0200862581187125
6331,15172.910784,2,73002817.2416,0.0238203536377979
6332,15172.930784,1,73002837.6192,0.0201538713709099
6333,15172.950784,2,73002857.6128,0.0238090847624316
6334,15172.970784,1,73002877.2992,0.0200422070604626
6335,15172.990784,2,73002897.4848,0.0238685024689081
6336,15173.010784,1,73002917.5296,0.0200688425840556
6337,15173.030784,2,73002938.2656,0.0238357202860245
6338,15173.050784,1,73002957.248,0.0201323580633925
6339,15173.070784,2,73002977.2416,0.0239422623803963
6340,15173.090784,1,73002997.2608,0.0200381092876022
6341,15173.110784,2,73003017.2672,0.0238705513553384
6342,15173.130784,1,73003037.3248,0.0201190403015961
6343,15173.150784,2,73003057.2672,0.0237640092609667
6344,15173.170784,1,73003077.2736,0.0200227426393755
6345,15173.190784,2,73003097.2672,0.0238357202860245
6346,15173.210784,1,73003117.248,0.0200811359026369
6347,15173.230784,2,73003137.2928,0.023876698014629
6348,15173.250784,1,73003157.2864,0.020072940356916
6349,15173.270784,2,73003177.3056,0.0239187001864487
6350,15173.290784,1,73003197.2992,0.0200831847890671
6351,15173.310784,2,73003217.4592,0.0238992357653615
6352,15173.330784,1,73003237.5296,0.020118015858381
6353,15173.350784,2,73003257.28,0.0239012846517918
6354,15173.370784,1,73003277.3504,0.0201528469276948
6355,15173.390784,2,73003297.28,0.0238920646628557
6356,15173.410784,1,73003317.312,0.020118015858381
6357,15173.430784,2,73003337.3184,0.0238019136599258
6358,15173.450784,1,73003357.4144,0.0201323580633925
6359,15173.470784,2,73003377.4976,0.0237978158870654
6360,15173.490784,1,73003397.2864,0.0201251869608868
6361,15173.510784,2,73003417.3824,0.0238234269674432
6362,15173.530784,1,73003437.3504,0.0201190403015961
6363,15173.550784,2,73003457.9584,0.0238418669453152
6364,15173.570784,1,73003477.312,0.0201661646894913
6365,15173.590784,2,73003497.3184,0.0238346958428094
6366,15173.610784,1,73003517.632,0.0201559202573401
6367,15173.630784,2,73003537.3184,0.0238244514106583
6368,15173.650784,1,73003557.3376,0.0200811359026369
6369,15173.670784,2,73003577.3568,0.023776302579548
6370,15173.690784,1,73003597.3248,0.020136455836253
6371,15173.710784,2,73003617.3184,0.0238367447292397
6372,15173.730784,1,73003637.312,0.020136455836253
6373,15173.750784,2,73003657.5488,0.023839818058885
6374,15173.770784,1,73003677.504,0.0201405536091134
6375,15173.790784,2,73003697.344,0.0238961624357162
6376,15173.810784,1,73003717.3504,0.020173335791997
6377,15173.830784,2,73003737.5232,0.0237844981252689
6378,15173.850784,1,73003757.376,0.0201610424734157
6379,15173.870784,2,73003777.3312,0.0238531358206815
6380,15173.890784,1,73003797.44,0.020091380334788
6381,15173.910784,2,73003817.3824,0.0237875714549143
6382,15173.930784,1,73003837.7984,0.0200985514372938
6383,15173.950784,2,73003857.5744,0.023876698014629
6384,15173.970784,1,73003877.568,0.0201333825066077
6385,15173.990784,2,73003897.3696,0.0237824492388387
6386,15174.010784,1,73003917.7216,0.0201948490995144
6387,15174.030784,2,73003937.3952,0.0237937181142049
6388,15174.050784,1,73003957.3632,0.0201487491548343
6389,15174.070784,2,73003977.3696,0.0237906447845596
6390,15174.090784,1,73003997.6064,0.0200903558915729
6391,15174.110784,2,73004017.3824,0.0238142069785072
6392,15174.130784,1,73004037.3888,0.0201006003237241
6393,15174.150784,2,73004057.8176,0.0237773270227631
6394,15174.170784,1,73004077.4144,0.0201077714262298
6395,15174.190784,2,73004097.4848,0.0238101092056467
6396,15174.210784,1,73004117.4656,0.0201682135759215
6397,15174.230784,2,73004137.4336,0.0237681070338271
6398,15174.250784,1,73004157.5168,0.0201477247116192
6399,15174.270784,2,73004177.6,0.0238562091503268
6400,15174.290784,1,73004197.4016,0.0201579691437704
6401,15174.310784,2,73004217.4464,0.023830598069949
6402,15174.330784,1,73004237.4144,0.020045280390108
6403,15174.350784,2,73004257.728,0.0239187001864487
6404,15174.370784,1,73004277.76,0.0201057225397996
6405,15174.390784,2,73004297.408,0.0238367447292397
6406,15174.410784,1,73004317.504,0.0201385047226832
6407,15174.430784,2,73004337.472,0.0237506914991702
6408,15174.450784,1,73004357.5808,0.0201210891880263
6409,15174.470784,2,73004377.6512,0.0237783514659782
6410,15174.490784,1,73004397.4144,0.0201118691990903
6411,15174.510784,2,73004417.4592,0.0237250804187924
6412,15174.530784,1,73004437.4656,0.0201344069498228
6413,15174.550784,2,73004458.24,0.0237086893273506
6414,15174.570784,1,73004477.4016,0.0201190403015961
6415,15174.590784,2,73004497.7664,0.0237045915544901
6416,15174.610784,1,73004517.4528,0.0201507980412646
6417,15174.630784,2,73004537.6128,0.0237271293052226
6418,15174.650784,1,73004557.5936,0.0201241625176716
6419,15174.670784,2,73004577.4976,0.0236994693384146
6420,15174.690784,1,73004597.4912,0.0201712869055668
6421,15174.710784,2,73004617.664,0.0237353248509435
6422,15174.730784,1,73004637.4528,0.0201128936423054
6423,15174.750784,2,73004657.5104,0.0237015182248448
6424,15174.770784,1,73004677.9904,0.0201876779970086
6425,15174.790784,2,73004697.4976,0.0237097137705657
6426,15174.810784,1,73004717.8752,0.0201805068945028
6427,15174.830784,2,73004737.8304,0.0237527403856004
6428,15174.850784,1,73004757.6576,0.0201303091769623
6429,15174.870784,2,73004777.4848,0.023812158092077
6430,15174.890784,1,73004797.5296,0.020136455836253
6431,15174.910784,2,73004817.6768,0.0237988403302805
6432,15174.930784,1,73004837.6832,0.020164115803061
6433,15174.950784,2,73004857.5104,0.023776302579548
6434,15174.970784,1,73004877.9904,0.0201569447005552
6435,15174.990784,2,73004897.4336,0.0238111336488618
6436,15175.010784,1,73004917.504,0.0201518224844797
6437,15175.030784,2,73004937.4464,0.0238019136599258
6438,15175.050784,1,73004957.7216,0.0201497735980495
6439,15175.070784,2,73004977.5104,0.0237998647734956
6440,15175.090784,1,73004997.9136,0.0201067469830147
6441,15175.110784,2,73005017.5872,0.0237025426680599
6442,15175.130784,1,73005037.4912,0.0201712869055668
6443,15175.150784,2,73005057.4976,0.02374864261274
6444,15175.170784,1,73005077.5296,0.0201692380191366
6445,15175.190784,2,73005097.5616,0.0237732292499027
6446,15175.210784,1,73005117.8752,0.0201385047226832
6447,15175.230784,2,73005137.7152,0.0238193291945827
6448,15175.250784,1,73005157.568,0.0200934292212183
6449,15175.270784,2,73005177.5872,0.0237619603745364
6450,15175.290784,1,73005197.6576,0.0201077714262298
6451,15175.310784,2,73005217.7152,0.0237107382137808
6452,15175.330784,1,73005237.6192,0.0201231380744565
6453,15175.350784,2,73005257.5744,0.0237076648841355
6454,15175.370784,1,73005277.5296,0.0201128936423054
6455,15175.390784,2,73005297.5616,0.023694347122339
6456,15175.410784,1,73005317.9776,0.0201651402462762
6457,15175.430784,2,73005337.856,0.0237814247956236
6458,15175.450784,1,73005357.7344,0.0201251869608868
6459,15175.470784,2,73005377.5744,0.0237998647734956
6460,15175.490784,1,73005397.6704,0.0201518224844797
6461,15175.510784,2,73005417.6,0.0238633802528326
6462,15175.530784,1,73005437.568,0.0201467002684041
6463,15175.550784,2,73005457.664,0.0237588870448911
6464,15175.570784,1,73005477.6192,0.0201876779970086
6465,15175.590784,2,73005498.0864,0.023849038047821
6466,15175.610784,1,73005517.5936,0.0201282602905321
6467,15175.630784,2,73005537.8816,0.0237455692830946
6468,15175.650784,1,73005557.5808,0.020164115803061
6469,15175.670784,2,73005577.6,0.0236226360972811
6470,15175.690784,1,73005597.6064,0.0201507980412646
6471,15175.710784,2,73005617.5616,0.0236830782469728
6472,15175.730784,1,73005637.5808,0.0201036736533694
6473,15175.750784,2,73005657.6896,0.0237465937263097
6474,15175.770784,1,73005677.6192,0.0201497735980495
6475,15175.790784,2,73005697.7536,0.023739422623804
6476,15175.810784,1,73005717.9648,0.0201098203126601
6477,15175.830784,2,73005737.984,0.0237537648288155
6478,15175.850784,1,73005757.7984,0.0200934292212183
6479,15175.870784,2,73005777.6512,0.0237506914991702
6480,15175.890784,1,73005797.6448,0.020118015858381
6481,15175.910784,2,73005817.6256,0.0237752781363329
6482,15175.930784,1,73005837.6832,0.0200688425840556
6483,15175.950784,2,73005857.7152,0.0238295736267339
6484,15175.970784,1,73005877.6192,0.0200678181408405
6485,15175.990784,2,73005897.6384,0.0236543938369496
6486,15176.010816,1,73005917.7856,0.0200708914704858
6487,15176.030816,2,73005937.792,0.0236185383244207
6488,15176.050816,1,73005957.6448,0.0200626959247649
6489,15176.070816,2,73005977.8944,0.0236769315876821
6490,15176.090816,1,73005997.824,0.0200585981519044
6491,15176.110816,2,73006017.9328,0.0236625893826705
6492,15176.130816,1,73006037.9904,0.0201333825066077
6493,15176.150816,2,73006057.728,0.0237168848730715
6494,15176.170816,1,73006077.632,0.0201385047226832
6495,15176.190816,2,73006097.664,0.0236718093716065
6496,15176.210816,1,73006117.6064,0.0201620669166308
6497,15176.230816,2,73006137.7536,0.0236195627676358
6498,15176.250816,1,73006157.7088,0.0200596225951196
6499,15176.270816,2,73006177.664,0.0236718093716065
6500,15176.290816,1,73006197.7344,0.0200975269940787
6501,15176.310816,2,73006217.7152,0.0236082938922696
6502,15176.330816,1,73006237.696,0.0200667936976253
6503,15176.350816,2,73006257.7408,0.0236113672219149
6504,15176.370816,1,73006277.6448,0.0200872825619276
6505,15176.390816,2,73006297.7152,0.023666687155531
6506,15176.410816,1,73006317.7344,0.0201241625176716
6507,15176.430816,2,73006338.0992,0.0237076648841355
6508,15176.450816,1,73006357.6704,0.0200985514372938
6509,15176.470816,2,73006377.8048,0.0236738582580368
6510,15176.490816,1,73006398.1696,0.0200954781076485
6511,15176.510816,2,73006417.6512,0.0237086893273506
6512,15176.530816,1,73006437.7088,0.0200719159137009
6513,15176.550816,2,73006457.792,0.0237476181695249
6514,15176.570816,1,73006477.9008,0.0200708914704858
6515,15176.590816,2,73006497.7024,0.0236390271887229
6516,15176.610816,1,73006517.6832,0.020145675825189
6517,15176.630816,2,73006537.7408,0.0237302026348679
6518,15176.650816,1,73006557.7728,0.0200657692544102
6519,15176.670816,2,73006577.7152,0.0236933226791239
6520,15176.690816,1,73006597.7344,0.0201395291658983
6521,15176.710816,2,73006617.7152,0.0236841026901879
6522,15176.730816,1,73006637.8368,0.0200760136865614
6523,15176.750816,2,73006657.7792,0.0236369783022927
6524,15176.770816,1,73006677.9136,0.0200985514372938
6525,15176.790816,2,73006697.7792,0.023567316163665
6526,15176.810816,1,73006717.7088,0.020145675825189
6527,15176.830816,2,73006737.728,0.0236134161083451
6528,15176.850816,1,73006757.9136,0.0200463048333231
6529,15176.870816,2,73006777.7152,0.0235888294711824
6530,15176.890816,1,73006797.888,0.0201487491548343
6531,15176.910816,2,73006818.4576,0.0235222406622001
6532,15176.930816,1,73006837.7344,0.02006372036798
6533,15176.950816,2,73006858.0096,0.0235652672772348
6534,15176.970816,1,73006877.7344,0.0200463048333231
6535,15176.990816,2,73006897.728,0.0235662917204499
6536,15177.010816,1,73006917.76,0.0201016247669392
6537,15177.030816,2,73006937.792,0.0235509250722232
6538,15177.050816,1,73006957.952,0.0200432315036778
6539,15177.070816,2,73006977.7408,0.023603171676194
6540,15177.090816,1,73006997.8112,0.0201262114041019
6541,15177.110816,2,73007017.7792,0.0236267338701416
6542,15177.130816,1,73007038.3616,0.0201190403015961
6543,15177.150816,2,73007057.7664,0.0236769315876821
6544,15177.170816,1,73007077.8752,0.0200698670272707
6545,15177.190816,2,73007098.368,0.0237281537484377
6546,15177.210816,1,73007117.7728,0.0200872825619276
6547,15177.230816,2,73007137.8304,0.023657467166595
6548,15177.250816,1,73007157.9264,0.0200872825619276
6549,15177.270816,2,73007178.0864,0.0237015182248448
6550,15177.290816,1,73007197.824,0.0200575737086893
6551,15177.310816,2,73007217.8176,0.0237506914991702
6552,15177.330816,1,73007237.7856,0.0201128936423054
6553,15177.350816,2,73007257.8176,0.0236615649394554
6554,15177.370816,1,73007277.8112,0.0200401581740324
6555,15177.390816,2,73007297.8048,0.0236820538037577
6556,15177.410816,1,73007317.824,0.0201385047226832
6557,15177.430816,2,73007337.7792,0.023640051631938
6558,15177.450816,1,73007357.7856,0.0200965025508636
6559,15177.470816,2,73007377.8048,0.0235970250169033
6560,15177.490816,1,73007397.9904,0.0200647448111951
6561,15177.510816,2,73007417.8048,0.0236093183354847
6562,15177.530816,1,73007437.7984,0.0201344069498228
6563,15177.550816,2,73007457.856,0.023640051631938
6564,15177.570816,1,73007477.824,0.0201303091769623
6565,15177.590816,2,73007497.8944,0.0237189337595017
6566,15177.610816,1,73007517.8624,0.0200831847890671
6567,15177.630816,2,73007537.92,0.0236533693937345
6568,15177.650816,1,73007557.8368,0.0200944536644334
6569,15177.670816,2,73007577.8432,0.0236103427786998
6570,15177.690816,1,73007597.8112,0.0200719159137009
6571,15177.710816,2,73007617.8048,0.0235652672772348
6572,15177.730816,1,73007637.824,0.0200565492654742
6573,15177.750816,2,73007657.92,0.0236318560862171
6574,15177.770816,1,73007677.824,0.0200555248222591
6575,15177.790816,2,73007697.8304,0.0237107382137808
6576,15177.810816,1,73007717.9008,0.020082160345852
6577,15177.830816,2,73007737.856,0.0237824492388387
6578,15177.850816,1,73007757.888,0.0201210891880263
6579,15177.870816,2,73007777.8304,0.0237291781916528
6580,15177.890816,1,73007797.9008,0.0201159669719507
6581,15177.910816,2,73007817.8432,0.0236974204519843
6582,15177.930816,1,73007837.8496,0.0200780625729916
6583,15177.950816,2,73007857.8944,0.0236974204519843
6584,15177.970816,1,73007878.0288,0.0200555248222591
6585,15177.990816,2,73007897.8688,0.0236185383244207
6586,15178.010816,1,73007917.8624,0.0200975269940787
6587,15178.030816,2,73007937.9456,0.0235970250169033
6588,15178.050816,1,73007957.8752,0.0200442559468929
6589,15178.070816,2,73007977.8688,0.0236072694490544
6590,15178.090816,1,73007997.888,0.0200667936976253
6591,15178.110816,2,73008017.9328,0.0236554182801647
6592,15178.130816,1,73008037.9264,0.0200575737086893
6593,15178.150816,2,73008057.92,0.0236000983465487
6594,15178.170816,1,73008077.9008,0.0200227426393755
6595,15178.190816,2,73008097.9456,0.0237025426680599
6596,15178.210816,1,73008117.9136,0.0201200647448112
6597,15178.230816,2,73008137.9584,0.0236451738480136
6598,15178.250816,1,73008157.9008,0.020082160345852
6599,15178.270816,2,73008177.8816,0.0236205872108509
6600,15178.290816,1,73008197.9136,0.0201446513819739
6601,15178.310816,2,73008218.0736,0.023630831643002
6602,15178.330816,1,73008237.8624,0.0200852336754974
6603,15178.350816,2,73008257.9456,0.0235714139365255
6604,15178.370816,1,73008278.016,0.0200667936976253
6605,15178.390816,2,73008297.9072,0.0235714139365255
6606,15178.410816,1,73008317.9136,0.0200780625729916
6607,15178.430816,2,73008337.92,0.0236175138812056
6608,15178.450816,1,73008358.2848,0.0200565492654742
6609,15178.470816,2,73008377.9328,0.0236093183354847
6610,15178.490816,1,73008398.0416,0.0200801114594218
6611,15178.510816,2,73008418.1248,0.0237025426680599
6612,15178.530816,1,73008437.9136,0.0200739648001311
6613,15178.550816,2,73008457.984,0.0236810293605425
6614,15178.570816,1,73008477.952,0.0201712869055668
6615,15178.590816,2,73008497.9328,0.0235960005736882
6616,15178.610816,1,73008517.9264,0.020054500379044
6617,15178.630816,2,73008538.0224,0.0236492716208741
6618,15178.650816,1,73008558.0288,0.0201753846784273
6619,15178.670816,2,73008577.9328,0.0235960005736882
6620,15178.690816,1,73008597.9392,0.0201753846784273
6621,15178.710816,2,73008618.1376,0.0236656627123159
6622,15178.730816,1,73008637.9648,0.0200985514372938
6623,15178.750816,2,73008657.9968,0.0236656627123159
6624,15178.770816,1,73008677.9904,0.0201067469830147
6625,15178.790816,2,73008698.0096,0.0236103427786998
6626,15178.810816,1,73008718.016,0.0200176204232999
6627,15178.830816,2,73008737.9584,0.0236267338701416
6628,15178.850816,1,73008758.0416,0.0200790870162067
6629,15178.870816,2,73008778.1376,0.0236369783022927
6630,15178.890816,1,73008798.1568,0.0200770381297765
6631,15178.910816,2,73008818.048,0.0236492716208741
6632,15178.930816,1,73008838.3232,0.0200688425840556
6633,15178.950816,2,73008858.048,0.0236502960640892
6634,15178.970816,1,73008878.0416,0.0201528469276948
6635,15178.990816,2,73008898.048,0.0236461982912287
6636,15179.010816,1,73008918.1184,0.0201436269387588
6637,15179.030816,2,73008937.984,0.0237568381584609
6638,15179.050816,1,73008958.0288,0.0201169914151659
6639,15179.070816,2,73008978.0736,0.0237988403302805
6640,15179.090816,1,73008997.9904,0.0200924047780032
6641,15179.110816,2,73009017.9968,0.0238664535824779
6642,15179.130816,1,73009038.1696,0.0201313336201774
6643,15179.150816,2,73009058.0608,0.0238664535824779
6644,15179.170816,1,73009078.016,0.0200667936976253
6645,15179.190816,2,73009097.984,0.0238541602638966
6646,15179.210816,1,73009118.2208,0.0201569447005552
6647,15179.230816,2,73009138.048,0.0237937181142049
6648,15179.250816,1,73009158.08,0.0200606470383347
6649,15179.270816,2,73009178.1888,0.023685127133403
6650,15179.290816,1,73009198.0544,0.020036060401172
6651,15179.310816,2,73009217.9968,0.0237322515212982
6652,15179.330816,1,73009238.0288,0.0200247915258057
6653,15179.350816,2,73009258.0992,0.0237322515212982
6654,15179.370816,1,73009278.0032,0.0200944536644334
6655,15179.390816,2,73009298.048,0.0237025426680599
6656,15179.410816,1,73009318.1696,0.0200852336754974
6657,15179.430816,2,73009338.0352,0.0236369783022927
6658,15179.450816,1,73009358.0544,0.0201262114041019
6659,15179.470816,2,73009378.2912,0.0236369783022927
6660,15179.490816,1,73009398.1568,0.020072940356916
6661,15179.510816,2,73009418.0864,0.0237097137705657
6662,15179.530816,1,73009438.0544,0.0201149425287356
6663,15179.550816,2,73009458.3552,0.0237343004077284
6664,15179.570816,1,73009478.1056,0.0200760136865614
6665,15179.590816,2,73009498.0608,0.0237773270227631
6666,15179.610816,1,73009518.0288,0.020045280390108
6667,15179.630816,2,73009538.2144,0.0237373737373737
6668,15179.650816,1,73009558.0288,0.0200862581187125
6669,15179.670816,2,73009578.0736,0.0237824492388387
6670,15179.690816,1,73009598.0928,0.020118015858381
6671,15179.710816,2,73009618.0608,0.023776302579548
6672,15179.730816,1,73009638.1056,0.0200739648001311
6673,15179.750816,2,73009658.112,0.0237896203413445
6674,15179.770816,1,73009678.1312,0.0200780625729916
6675,15179.790816,2,73009698.1888,0.023757862601676
6676,15179.810816,1,73009718.0928,0.0201262114041019
6677,15179.830816,2,73009738.0864,0.0238726002417686
6678,15179.850816,1,73009758.1568,0.0200698670272707
6679,15179.870816,2,73009778.048,0.0237814247956236
6680,15179.890816,1,73009798.1312,0.020108795869445
6681,15179.910816,2,73009818.112,0.0237619603745364
6682,15179.930816,1,73009838.0544,0.020190751326654
6683,15179.950816,2,73009858.1888,0.0237588870448911
6684,15179.970816,1,73009878.144,0.0200985514372938
6685,15179.990816,2,73009898.112,0.0237496670559551
6686,15180.010816,1,73009918.1184,0.0200616714815498
6687,15180.030816,2,73009938.1248,0.0236554182801647
6688,15180.050816,1,73009958.2592,0.020045280390108
6689,15180.070816,2,73009978.1888,0.0236728338148216
6690,15180.090816,1,73009998.144,0.0200104493207941
6691,15180.110816,2,73010018.1376,0.0236871760198332
6692,15180.130816,1,73010038.3104,0.0201190403015961
6693,15180.150816,2,73010058.2016,0.0236748827012519
6694,15180.170816,1,73010078.1696,0.0200801114594218
6695,15180.190816,2,73010098.2016,0.0236349294158625
6696,15180.210816,1,73010118.1824,0.0200811359026369
6697,15180.230816,2,73010138.1888,0.0236738582580368
6698,15180.250816,1,73010158.1696,0.0200790870162067
6699,15180.270816,2,73010178.0864,0.0237322515212982
6700,15180.290816,1,73010198.144,0.0200934292212183
6701,15180.310816,2,73010218.176,0.0238049869895712
6702,15180.330816,1,73010238.2336,0.020054500379044
6703,15180.350816,2,73010258.4192,0.0237609359313213
6704,15180.370816,1,73010278.208,0.0201579691437704
6705,15180.390816,2,73010298.1888,0.0237199582027168
6706,15180.410816,1,73010318.1184,0.0200688425840556
6707,15180.430816,2,73010338.1248,0.0238275247403036
6708,15180.450816,1,73010358.5024,0.0201344069498228
6709,15180.470816,2,73010378.1504,0.0237138115434261
6710,15180.490816,1,73010398.2848,0.0200483537197533
6711,15180.510816,2,73010418.1376,0.0237424959534493
6712,15180.530816,1,73010438.4896,0.0200975269940787
6713,15180.550816,2,73010458.24,0.0237332759645133
6714,15180.570816,1,73010478.1952,0.0201589935869855
6715,15180.590816,2,73010498.1504,0.0236687360419612
6716,15180.610816,1,73010518.2336,0.0200237670825906
6717,15180.630816,2,73010538.2144,0.0237004937816297
6718,15180.650816,1,73010558.3232,0.0200965025508636
6719,15180.670816,2,73010578.2528,0.0236902493494786
6720,15180.690816,1,73010598.1568,0.020082160345852
6721,15180.710816,2,73010618.112,0.0237640092609667
6722,15180.730816,1,73010638.4768,0.0201241625176716
6723,15180.750816,2,73010658.3808,0.0237414715102342
6724,15180.770816,1,73010678.1696,0.0201333825066077
6725,15180.790816,2,73010698.176,0.0237097137705657
6726,15180.810816,1,73010718.1824,0.0201620669166308
6727,15180.830816,2,73010738.176,0.0236185383244207
6728,15180.850816,1,73010758.4512,0.0201303091769623
6729,15180.870816,2,73010778.24,0.0237025426680599
6730,15180.890816,1,73010798.3744,0.0201169914151659
6731,15180.910816,2,73010818.3168,0.0237250804187924
6732,15180.930816,1,73010838.2336,0.0200493781629684
6733,15180.950816,2,73010858.3552,0.0236431249615834
6734,15180.970816,1,73010878.208,0.0200883070051427
6735,15180.990816,2,73010898.2144,0.0236492716208741
6736,15181.010816,1,73010918.2464,0.020082160345852
6737,15181.030816,2,73010938.2144,0.0236554182801647
6738,15181.050816,1,73010958.2336,0.0200852336754974
6739,15181.070816,2,73010978.2272,0.0236533693937345
6740,15181.090816,1,73010998.1952,0.020190751326654
6741,15181.110816,2,73011018.2144,0.0236277583133567
6742,15181.130816,1,73011038.3104,0.0200678181408405
6743,15181.150816,2,73011058.24,0.0236513205073043
6744,15181.170816,1,73011078.2336,0.0200790870162067
6745,15181.190816,2,73011098.2016,0.0236492716208741
6746,15181.210816,1,73011118.2592,0.0201200647448112
6747,15181.230816,2,73011138.3296,0.0235857561415371
6748,15181.250816,1,73011158.3232,0.0201446513819739
6749,15181.270816,2,73011178.24,0.0236257094269265
6750,15181.290816,1,73011198.2848,0.0200739648001311
6751,15181.310816,2,73011218.2912,0.0236615649394554
6752,15181.330816,1,73011238.6432,0.0200831847890671
6753,15181.350816,2,73011258.2784,0.0237086893273506
6754,15181.370816,1,73011278.2336,0.0201528469276948
6755,15181.390816,2,73011298.304,0.0236800049173274
6756,15181.410816,1,73011318.2336,0.0199971315589977
6757,15181.430816,2,73011338.24,0.0236339049726474
6758,15181.450816,1,73011358.4256,0.0200780625729916
6759,15181.470816,2,73011378.2656,0.0236636138258856
6760,15181.490816,1,73011398.2592,0.0200442559468929
6761,15181.510816,2,73011418.304,0.0236144405515602
6762,15181.530816,1,73011438.272,0.0200288892986662
6763,15181.550816,2,73011458.2528,0.0235990739033335
6764,15181.570816,1,73011478.2592,0.0200247915258057
6765,15181.590816,2,73011498.2656,0.023603171676194
6766,15181.610816,1,73011518.2464,0.0200770381297765
6767,15181.630816,2,73011538.3424,0.0236902493494786
6768,15181.650816,1,73011558.3104,0.0201200647448112
6769,15181.670816,2,73011578.3808,0.0236144405515602
6770,15181.690816,1,73011598.2848,0.0200801114594218
6771,15181.710816,2,73011618.2656,0.023539656196857
6772,15181.730816,1,73011638.2976,0.0200555248222591
6773,15181.750816,2,73011658.4704,0.0234699940582294
6774,15181.770816,1,73011678.2848,0.0200135226504395
6775,15181.790816,2,73011698.2912,0.0235242895486303
6776,15181.810816,1,73011718.3232,0.0200657692544102
6777,15181.830816,2,73011738.304,0.023521216218985
6778,15181.850816,1,73011758.3488,0.0200176204232999
6779,15181.870816,2,73011778.3168,0.0234945806953921
6780,15181.890816,1,73011798.3104,0.0200391337308173
6781,15181.910816,2,73011818.5216,0.0236021472329789
6782,15181.930816,1,73011838.2848,0.0201149425287356
6783,15181.950816,2,73011858.368,0.0235960005736882
6784,15181.970816,1,73011878.3104,0.020054500379044
6785,15181.990816,2,73011898.3424,0.0236041961194091
6786,15182.010816,1,73011918.528,0.0200719159137009
6787,15182.030816,2,73011938.304,0.0236584916098101
6788,15182.050816,1,73011958.3104,0.0201538713709099
6789,15182.070816,2,73011978.304,0.0236789804741123
6790,15182.090816,1,73011998.3232,0.0201118691990903
6791,15182.110816,2,73012018.3424,0.0237312270780831
6792,15182.130816,1,73012038.336,0.0201395291658983
6793,15182.150816,2,73012058.4704,0.0237045915544901
6794,15182.170816,1,73012078.3232,0.0201958735427295
6795,15182.190816,2,73012098.368,0.0237619603745364
6796,15182.210816,1,73012118.3232,0.0202040690884504
6797,15182.230816,2,73012138.368,0.0236789804741123
6798,15182.250816,1,73012158.3872,0.020164115803061
6799,15182.270816,2,73012178.5344,0.0237015182248448
6800,15182.290816,1,73012198.3488,0.0201958735427295
6801,15182.310816,2,73012218.4448,0.0237271293052226
6802,15182.330816,1,73012238.3616,0.0201846046673633
6803,15182.350816,2,73012258.3808,0.0237158604298564
6804,15182.370816,1,73012278.3232,0.0201262114041019
6805,15182.390816,2,73012298.3936,0.0236267338701416
6806,15182.410816,1,73012318.3488,0.0200422070604626
6807,15182.430816,2,73012338.3936,0.0237168848730715
6808,15182.450816,1,73012358.5664,0.020127235847317
6809,15182.470816,2,73012378.368,0.0236328805294323
6810,15182.490816,1,73012398.3616,0.0200596225951196
6811,15182.510816,2,73012418.3808,0.0236728338148216
6812,15182.530816,1,73012438.3872,0.0200534759358289
6813,15182.550816,2,73012458.4192,0.0237343004077284
6814,15182.570816,1,73012478.3744,0.0200719159137009
6815,15182.590816,2,73012498.368,0.0237783514659782
6816,15182.610816,1,73012518.4,0.0200862581187125
6817,15182.630816,2,73012538.3936,0.0236564427233798
6818,15182.650816,1,73012558.4256,0.0200965025508636
6819,15182.670816,2,73012578.3936,0.0236820538037577
6820,15182.690816,1,73012598.3872,0.020072940356916
6821,15182.710816,2,73012618.4064,0.0237076648841355
6822,15182.730816,1,73012638.4,0.0200780625729916
6823,15182.750816,2,73012658.4704,0.023703567111275
6824,15182.770816,1,73012678.3744,0.0201333825066077
6825,15182.790816,2,73012698.3808,0.0237045915544901
6826,15182.810816,1,73012718.4,0.0201241625176716
6827,15182.830816,2,73012738.4064,0.0236697604851763
6828,15182.850816,1,73012758.4768,0.0201128936423054
6829,15182.870816,2,73012778.5728,0.0237496670559551
6830,15182.890816,1,73012798.4,0.0201395291658983
6831,15182.910816,2,73012818.432,0.0237998647734956
6832,15182.930816,1,73012838.4128,0.0201559202573401
6833,15182.950816,2,73012858.4576,0.023739422623804
6834,15182.970816,1,73012878.4128,0.0201887024402237
6835,15182.990816,2,73012898.4192,0.0237957670006352
6836,15183.010816,1,73012918.3872,0.0201128936423054
6837,15183.030816,2,73012938.432,0.0237926936709898
6838,15183.050816,1,73012958.4768,0.0200493781629684
6839,15183.070816,2,73012978.432,0.0237701559202573
6840,15183.090816,1,73012998.5152,0.0200995758805089
6841,15183.110816,2,73013018.432,0.0237967914438503
6842,15183.130816,1,73013038.4384,0.0200483537197533
6843,15183.150816,2,73013058.4576,0.0238408425021001
6844,15183.170816,1,73013078.4,0.020072940356916
6845,15183.190816,2,73013098.5216,0.0237681070338271
6846,15183.210816,1,73013118.464,0.0201221136312414
6847,15183.230816,2,73013138.4448,0.0238326469563792
6848,15183.250816,1,73013158.4768,0.0200842092322823
6849,15183.270816,2,73013178.4704,0.0237998647734956
6850,15183.290816,1,73013198.5024,0.0200176204232999
6851,15183.310816,2,73013218.4832,0.0237865470116991
6852,15183.330816,1,73013238.464,0.0201016247669392
6853,15183.350816,2,73013258.4832,0.0238060114327863
6854,15183.370816,1,73013278.464,0.02006372036798
6855,15183.390816,2,73013298.4704,0.0238039625463561
6856,15183.410816,1,73013318.464,0.0201036736533694
6857,15183.430816,2,73013338.4576,0.0237025426680599
6858,15183.450816,1,73013358.4768,0.0200667936976253
6859,15183.470816,2,73013378.4832,0.0237896203413445
6860,15183.490816,1,73013398.528,0.0201528469276948
6861,15183.510816,2,73013418.4704,0.023657467166595
6862,15183.530816,1,73013438.464,0.02006372036798
6863,15183.550816,2,73013458.56,0.0237312270780831
6864,15183.570816,1,73013478.4896,0.0200329870715266
6865,15183.590816,2,73013498.6112,0.0237506914991702
6866,15183.610816,1,73013518.5152,0.0200340115147417
6867,15183.630816,2,73013538.496,0.0236103427786998
6868,15183.650816,1,73013558.5024,0.0201159669719507
6869,15183.670816,2,73013578.496,0.0237230315323622
6870,15183.690816,1,73013598.6176,0.0200483537197533
6871,15183.710816,2,73013618.4832,0.0237640092609667
6872,15183.730816,1,73013638.5024,0.0200340115147417
6873,15183.750816,2,73013658.5472,0.0237445448398795
6874,15183.770816,1,73013678.4896,0.0200340115147417
6875,15183.790816,2,73013698.5088,0.0236298071997869
6876,15183.810816,1,73013718.528,0.0199950826725675
6877,15183.830816,2,73013738.5216,0.0236339049726474
6878,15183.850816,1,73013758.9504,0.0200022537750732
6879,15183.870816,2,73013778.5088,0.0236021472329789
6880,15183.890816,1,73013798.528,0.0199684471489745
6881,15183.910816,2,73013818.5344,0.0236246849837114
6882,15183.930816,1,73013838.528,0.0200084004343639
6883,15183.950816,2,73013858.5856,0.0236144405515602
6884,15183.970816,1,73013878.528,0.0200278648554511
6885,15183.990816,2,73013898.56,0.0235949761304731
6886,15184.010816,1,73013918.7072,0.0200463048333231
6887,15184.030816,2,73013938.5472,0.0236287827565718
6888,15184.050816,1,73013958.6432,0.0200422070604626
6889,15184.070816,2,73013978.56,0.0236615649394554
6890,15184.090816,1,73013998.6688,0.0200565492654742
6891,15184.110816,2,73014018.5344,0.0236994693384146
6892,15184.130816,1,73014038.5664,0.020036060401172
6893,15184.150816,2,73014058.7392,0.0236093183354847
6894,15184.170816,1,73014078.8096,0.0201036736533694
6895,15184.190816,2,73014098.624,0.0236810293605425
6896,15184.210816,1,73014118.5536,0.0200934292212183
6897,15184.230816,2,73014138.5728,0.0236533693937345
6898,15184.250816,1,73014158.8352,0.0200698670272707
6899,15184.270816,2,73014178.56,0.0236205872108509
6900,15184.290816,1,73014198.592,0.0200954781076485
6901,15184.310816,2,73014218.5984,0.0236359538590776
6902,15184.330816,1,73014238.5792,0.0201077714262298
6903,15184.350816,2,73014258.5984,0.0236871760198332
6904,15184.370816,1,73014278.5792,0.0200299137418813
6905,15184.390816,2,73014298.5728,0.0237015182248448
6906,15184.410816,1,73014318.592,0.0201661646894913
6907,15184.430816,2,73014338.5728,0.023630831643002
6908,15184.450816,1,73014358.6048,0.0200555248222591
6909,15184.470816,2,73014378.5856,0.0236953715655541
6910,15184.490816,1,73014398.5664,0.0201477247116192
6911,15184.510816,2,73014418.5856,0.0236175138812056
6912,15184.530816,1,73014438.848,0.0200667936976253
6913,15184.550816,2,73014458.5984,0.0236738582580368
6914,15184.570816,1,73014478.6048,0.0200422070604626
6915,15184.590816,2,73014498.5856,0.0235632183908046
6916,15184.610816,1,73014518.6176,0.0200924047780032
6917,15184.630816,2,73014538.6112,0.0236205872108509
6918,15184.650816,1,73014558.7584,0.0200801114594218
6919,15184.670816,2,73014578.6368,0.0236144405515602
6920,15184.690816,1,73014598.6304,0.020009424877579
6921,15184.710816,2,73014618.7776,0.0236339049726474
6922,15184.730816,1,73014638.6432,0.0200350359579568
6923,15184.750816,2,73014658.7648,0.0235929272440429
6924,15184.770816,1,73014678.6176,0.0200473292765382
6925,15184.790816,2,73014698.624,0.0236287827565718
6926,15184.810816,1,73014718.7328,0.0200063515479337
6927,15184.830816,2,73014738.6496,0.0235191673325548
6928,15184.850816,1,73014758.7072,0.0200135226504395
6929,15184.870816,2,73014778.8928,0.0236103427786998
6930,15184.890816,1,73014798.6304,0.0200534759358289
6931,15184.910816,2,73014818.6112,0.0236175138812056
6932,15184.930816,1,73014838.7072,0.0200647448111951
6933,15184.950816,2,73014858.9056,0.0236103427786998
6934,15184.970816,1,73014878.8096,0.0200801114594218
6935,15184.990816,2,73014898.7648,0.0236328805294323
6936,15185.010816,1,73014918.6304,0.0200237670825906
6937,15185.030816,2,73014938.6624,0.0236205872108509
6938,15185.050816,1,73014958.8608,0.0201385047226832
6939,15185.070816,2,73014978.6752,0.0236748827012519
6940,15185.090816,1,73014998.7968,0.0200924047780032
6941,15185.110816,2,73015018.752,0.0236021472329789
6942,15185.130816,1,73015038.7456,0.0201354313930379
6943,15185.150816,2,73015058.7648,0.0236994693384146
6944,15185.170816,1,73015078.7072,0.0201190403015961
6945,15185.190816,2,73015098.752,0.0236697604851763
6946,15185.210816,1,73015118.7712,0.0201139180855205
6947,15185.230816,2,73015138.7008,0.0237004937816297
6948,15185.250816,1,73015158.8096,0.0201374802794681
6949,15185.270816,2,73015178.7648,0.0237404470670191
6950,15185.290816,1,73015198.7584,0.0201630913598459
6951,15185.310816,2,73015218.7392,0.0236615649394554
6952,15185.330816,1,73015238.7712,0.0200678181408405
6953,15185.350816,2,73015258.816,0.0236369783022927
6954,15185.370816,1,73015278.8096,0.0200350359579568
6955,15185.390816,2,73015298.7008,0.0235949761304731
6956,15185.410816,1,73015318.7712,0.020045280390108
6957,15185.430816,2,73015338.7648,0.0236595160530252
6958,15185.450816,1,73015358.8864,0.0200975269940787
6959,15185.470816,2,73015378.7264,0.0236246849837114
6960,15185.490816,1,73015398.784,0.0200401581740324
6961,15185.510816,2,73015418.7648,0.0235949761304731
6962,15185.530816,1,73015438.7968,0.0201016247669392
6963,15185.550816,2,73015458.9312,0.0236164894379905
6964,15185.570816,1,73015478.848,0.0200667936976253
6965,15185.590816,2,73015498.7776,0.0236533693937345
6966,15185.610816,1,73015518.8992,0.020054500379044
6967,15185.630816,2,73015538.7904,0.0236779560308972
6968,15185.650816,1,73015558.8224,0.0200217181961604
6969,15185.670816,2,73015578.9056,0.0236646382691007
6970,15185.690816,1,73015598.9248,0.0201046980965845
6971,15185.710816,2,73015618.7648,0.0237343004077284
6972,15185.730816,1,73015638.8224,0.0201467002684041
6973,15185.750816,2,73015658.8672,0.0236810293605425
6974,15185.770816,1,73015678.848,0.0200770381297765
6975,15185.790816,2,73015698.8416,0.0236769315876821
6976,15185.810816,1,73015718.9248,0.0201938246562993
6977,15185.830816,2,73015738.7904,0.023694347122339
6978,15185.850816,1,73015758.9248,0.020108795869445
6979,15185.870816,2,73015778.88,0.0237465937263097
6980,15185.890816,1,73015798.9504,0.0201262114041019
6981,15185.910816,2,73015818.8032,0.0238377691724548
6982,15185.930816,1,73015838.9632,0.0201190403015961
6983,15185.950816,2,73015858.8288,0.0237588870448911
6984,15185.970816,1,73015878.8608,0.0201251869608868
6985,15185.990816,2,73015898.8544,0.0237424959534493
6986,15186.010816,1,73015918.8352,0.0202040690884504
6987,15186.030816,2,73015938.8288,0.0237732292499027
6988,15186.050816,1,73015958.8608,0.0201887024402237
6989,15186.070816,2,73015978.9568,0.0238049869895712
6990,15186.090816,1,73015998.8992,0.020164115803061
6991,15186.110816,2,73016018.8544,0.0237967914438503
6992,15186.130816,1,73016038.976,0.0201292847337472
6993,15186.150816,2,73016058.9824,0.0237885958981294
6994,15186.170816,1,73016078.9888,0.0201559202573401
6995,15186.190816,2,73016098.9312,0.0237660581473969
6996,15186.210816,1,73016118.9504,0.0201805068945028
6997,15186.230816,2,73016138.9824,0.0237261048620075
6998,15186.250816,1,73016158.9248,0.0201262114041019
6999,15186.270816,2,73016178.944,0.0238592824799721
7000,15186.290816,1,73016198.912,0.0201917757698691
7001,15186.310816,2,73016218.9184,0.023830598069949
7002,15186.330816,1,73016238.976,0.0201784580080726
7003,15186.350816,2,73016259.1104,0.023858258036757
7004,15186.370816,1,73016278.9888,0.0201467002684041
7005,15186.390816,2,73016298.9312,0.0238521113774663
7006,15186.410816,1,73016318.912,0.0201589935869855
7007,15186.430816,2,73016338.9056,0.0238531358206815
7008,15186.450816,1,73016359.0656,0.0201661646894913
7009,15186.470816,2,73016378.9568,0.023839818058885
7010,15186.490816,1,73016398.9248,0.0201313336201774
7011,15186.510816,2,73016419.0208,0.0238777224578442
7012,15186.530816,1,73016438.9376,0.0201067469830147
7013,15186.550816,2,73016459.0208,0.0238480136046059
7014,15186.570816,1,73016478.976,0.0201507980412646
7015,15186.590816,2,73016498.9568,0.0237568381584609
7016,15186.610816,1,73016518.912,0.0201282602905321
7017,15186.630816,2,73016539.008,0.0237271293052226
7018,15186.650816,1,73016558.912,0.0201006003237241
7019,15186.670816,2,73016578.9184,0.0237332759645133
7020,15186.690816,1,73016598.976,0.0201231380744565
7021,15186.710816,2,73016619.1488,0.0237681070338271
7022,15186.730816,1,73016638.9888,0.0201938246562993
7023,15186.750816,2,73016658.9696,0.0236841026901879
7024,15186.770816,1,73016679.0784,0.0200555248222591
7025,15186.790816,2,73016699.008,0.0238029381031409
7026,15186.810816,1,73016718.976,0.0200985514372938
7027,15186.830816,2,73016738.88,0.0237793759091934
7028,15186.850816,1,73016758.9376,0.0201856291105784
7029,15186.870816,2,73016779.0592,0.0237148359866413
7030,15186.890816,1,73016798.9632,0.0201979224291598
7031,15186.910816,2,73016818.9952,0.0237025426680599
7032,15186.930816,1,73016838.9248,0.0201805068945028
7033,15186.950816,2,73016859.0336,0.0236994693384146
7034,15186.970816,1,73016878.9376,0.0201610424734157
7035,15186.990816,2,73016898.944,0.0237353248509435
7036,15187.010816,1,73016918.9888,0.020173335791997
7037,15187.030816,2,73016938.944,0.0237527403856004
7038,15187.050816,1,73016958.976,0.0201128936423054
7039,15187.070816,2,73016978.9952,0.0237711803634725
7040,15187.090816,1,73016999.04,0.0201671891327064
7041,15187.110816,2,73017018.9696,0.0237506914991702
7042,15187.130816,1,73017038.9632,0.0201118691990903
7043,15187.150816,2,73017058.9696,0.0237445448398795
7044,15187.170816,1,73017078.9376,0.0201518224844797
7045,15187.190816,2,73017099.072,0.0238029381031409
7046,15187.210816,1,73017119.1552,0.0201241625176716
7047,15187.230816,2,73017139.0336,0.0237978158870654
7048,15187.250816,1,73017159.0912,0.0201210891880263
7049,15187.270816,2,73017179.0336,0.0237844981252689
7050,15187.290816,1,73017199.1552,0.0201323580633925
7051,15187.310816,2,73017218.9568,0.0237076648841355
7052,15187.330816,1,73017239.04,0.0201323580633925
7053,15187.350816,2,73017259.0336,0.02374864261274
7054,15187.370816,1,73017278.9888,0.0201231380744565
7055,15187.390816,2,73017299.072,0.0236871760198332
7056,15187.410816,1,73017318.9888,0.0201477247116192
7057,15187.430816,2,73017339.1232,0.023675907144467
7058,15187.450816,1,73017359.04,0.0201303091769623
7059,15187.470816,2,73017379.0336,0.0237332759645133
7060,15187.490816,1,73017399.0656,0.0201436269387588
7061,15187.510816,2,73017419.0976,0.0237302026348679
7062,15187.530816,1,73017438.9888,0.0200903558915729
7063,15187.550816,2,73017459.1104,0.0237117626569959
7064,15187.570816,1,73017479.1168,0.0201067469830147
7065,15187.590816,2,73017499.072,0.0236502960640892
7066,15187.610816,1,73017518.9888,0.0201282602905321
7067,15187.630816,2,73017539.0464,0.0237793759091934
7068,15187.650816,1,73017559.104,0.0201200647448112
7069,15187.670816,2,73017579.0592,0.0238439158317454
7070,15187.690816,1,73017599.0784,0.0200934292212183
7071,15187.710816,2,73017619.0336,0.0238746491281988
7072,15187.730816,1,73017639.04,0.0201702624623517
7073,15187.750816,2,73017659.1488,0.0237906447845596
7074,15187.770816,1,73017679.0528,0.0201651402462762
7075,15187.790816,2,73017699.0848,0.0237558137152458
7076,15187.810816,1,73017719.0528,0.0201303091769623
7077,15187.830816,2,73017739.0464,0.0236933226791239
7078,15187.850816,1,73017759.1296,0.0201589935869855
7079,15187.870816,2,73017779.0848,0.0236963960087692
7080,15187.890816,1,73017799.1552,0.0201589935869855
7081,15187.910816,2,73017819.0848,0.0236605404962403
7082,15187.930816,1,73017839.0784,0.0201856291105784
7083,15187.950816,2,73017859.2256,0.0236000983465487
7084,15187.970816,1,73017879.104,0.0200708914704858
7085,15187.990816,2,73017899.0976,0.0236841026901879
7086,15188.010816,1,73017919.1296,0.0201528469276948
7087,15188.030816,2,73017939.1104,0.0237158604298564
7088,15188.050816,1,73017959.1424,0.0201241625176716
7089,15188.070816,2,73017979.1616,0.0237732292499027
7090,15188.090816,1,73017999.1168,0.0200708914704858
7091,15188.110816,2,73018019.136,0.0237281537484377
7092,15188.130816,1,73018039.1424,0.0202286557256131
7093,15188.150816,2,73018059.2512,0.0237045915544901
7094,15188.170816,1,73018079.1424,0.0201046980965845
7095,15188.190816,2,73018099.1104,0.0237066404409204
7096,15188.210816,1,73018119.0912,0.0201108447558752
7097,15188.230816,2,73018139.136,0.0237363492941586
7098,15188.250816,1,73018159.2704,0.0201200647448112
7099,15188.270816,2,73018179.136,0.0237189337595017
7100,15188.290816,1,73018199.1808,0.0201671891327064
7101,15188.310816,2,73018219.1616,0.023767082590612
7102,15188.330816,1,73018239.2192,0.0201374802794681
7103,15188.350816,2,73018259.1616,0.0237199582027168
7104,15188.370816,1,73018279.1424,0.020164115803061
7105,15188.390816,2,73018299.1872,0.0236718093716065
7106,15188.410816,1,73018319.168,0.0201610424734157
7107,15188.430816,2,73018339.136,0.0236892249062634
7108,15188.450816,1,73018359.2192,0.0201723113487819
7109,15188.470816,2,73018379.1488,0.0237619603745364
7110,15188.490816,1,73018399.2704,0.020164115803061
7111,15188.510816,2,73018419.1744,0.0236779560308972
7112,15188.530816,1,73018439.1552,0.0201507980412646
7113,15188.550816,2,73018459.2256,0.0237558137152458
7114,15188.570816,1,73018479.1808,0.0201917757698691
7115,15188.590816,2,73018499.1872,0.023785522568484
7116,15188.610816,1,73018519.168,0.0201620669166308
7117,15188.630816,2,73018539.1872,0.0237271293052226
7118,15188.650816,1,73018559.2064,0.0201518224844797
7119,15188.670816,2,73018579.2,0.0238295736267339
7120,15188.690816,1,73018599.1808,0.0201528469276948
7121,15188.710816,2,73018619.2128,0.0236410760751532
7122,15188.730816,1,73018639.1808,0.0200790870162067
7123,15188.750816,2,73018659.2256,0.0237302026348679
7124,15188.770816,1,73018679.2704,0.0201323580633925
7125,15188.790816,2,73018699.2256,0.0237476181695249
7126,15188.810816,1,73018719.168,0.020218411293462
7127,15188.830816,2,73018739.2128,0.0238367447292397
7128,15188.850816,1,73018759.2448,0.0202163624070318
7129,15188.870816,2,73018779.3024,0.0238807957874895
7130,15188.890816,1,73018799.2192,0.0202030446452353
7131,15188.910816,2,73018819.2128,0.0238039625463561
7132,15188.930816,1,73018839.232,0.0202030446452353
7133,15188.950816,2,73018859.2384,0.0237414715102342
7134,15188.970816,1,73018879.2576,0.0202860245456594
7135,15188.990816,2,73018899.2512,0.0238029381031409
7136,15189.010816,1,73018919.2064,0.0202470957034852
7137,15189.030816,2,73018939.2896,0.0237926936709898
7138,15189.050816,1,73018959.2832,0.0202429979306247
7139,15189.070816,2,73018979.264,0.0237967914438503
7140,15189.090816,1,73018999.2192,0.0202696334542176
7141,15189.110816,2,73019019.2384,0.0237281537484377
7142,15189.130816,1,73019039.2448,0.0202317290552585
7143,15189.150816,2,73019059.2512,0.0237814247956236
7144,15189.170816,1,73019079.2832,0.0202870489888746
7145,15189.190816,2,73019099.264,0.0238162558649374
7146,15189.210816,1,73019119.3984,0.0202542668059909
7147,15189.230816,2,73019139.2512,0.0238172803081525
7148,15189.250816,1,73019159.2704,0.0202665601245723
7149,15189.270816,2,73019179.2896,0.0237865470116991
7150,15189.290816,1,73019199.2704,0.0202214846231073
7151,15189.310816,2,73019219.2,0.0238080603192165
7152,15189.330816,1,73019239.2448,0.0201805068945028
7153,15189.350816,2,73019259.2896,0.0237363492941586
7154,15189.370816,1,73019279.2832,0.0202050935316655
7155,15189.390816,2,73019299.264,0.0237158604298564
7156,15189.410816,1,73019319.232,0.0201702624623517
7157,15189.430816,2,73019339.3664,0.0236892249062634
7158,15189.450816,1,73019359.296,0.0200872825619276
7159,15189.470816,2,73019379.2512,0.0236431249615834
7160,15189.490816,1,73019399.5008,0.0201098203126601
7161,15189.510816,2,73019419.3152,0.0236871760198332
7162,15189.530816,1,73019439.3088,0.02006372036798
7163,15189.550816,2,73019459.2896,0.0237885958981294
7164,15189.570816,1,73019479.36,0.0200975269940787
7165,15189.590816,2,73019499.2896,0.0237004937816297
7166,15189.610816,1,73019519.3344,0.0200893314483578
7167,15189.630816,2,73019539.3024,0.0236533693937345
7168,15189.650816,1,73019559.3216,0.0200514270493987
7169,15189.670816,2,73019579.2768,0.0236687360419612
7170,15189.690816,1,73019599.2832,0.0200217181961604
7171,15189.710816,2,73019619.4048,0.0236912737926937
7172,15189.730816,1,73019639.3088,0.0200739648001311
7173,15189.750816,2,73019659.328,0.0236584916098101
7174,15189.770816,1,73019679.3728,0.0200340115147417
7175,15189.790816,2,73019699.328,0.0236636138258856
7176,15189.810816,1,73019719.2832,0.0200698670272707
7177,15189.830816,2,73019739.3024,0.0237015182248448
7178,15189.850816,1,73019759.3984,0.0200381092876022
7179,15189.870816,2,73019779.3408,0.023675907144467
7180,15189.890816,1,73019799.3216,0.020091380334788
7181,15189.910816,2,73019819.328,0.0236472227344438
7182,15189.930816,1,73019839.3088,0.0200411826172475
7183,15189.950816,2,73019859.3024,0.0236656627123159
7184,15189.970816,1,73019879.3216,0.0200739648001311
7185,15189.990816,2,73019899.3536,0.0236830782469728
7186,15190.010816,1,73019919.3344,0.0200247915258057
7187,15190.030816,2,73019939.2896,0.0237271293052226
7188,15190.050816,1,73019959.3216,0.0200903558915729
7189,15190.070816,2,73019979.3408,0.0237896203413445
7190,15190.090816,1,73019999.4112,0.0200565492654742
7191,15190.110816,2,73020019.328,0.0238008892167107
7192,15190.130816,1,73020039.3088,0.0200432315036778
7193,15190.150816,2,73020059.4176,0.0237506914991702
7194,15190.170816,1,73020079.2832,0.0201303091769623
7195,15190.190816,2,73020099.3664,0.0237865470116991
7196,15190.210816,1,73020119.3216,0.0200565492654742
7197,15190.230816,2,73020139.328,0.0237752781363329
7198,15190.250816,1,73020159.36,0.0200872825619276
7199,15190.270816,2,73020179.3024,0.023903333538222
7200,15190.290816,1,73020199.3984,0.0201221136312414
7201,15190.310816,2,73020219.3408,0.0239012846517918
7202,15190.330816,1,73020239.3472,0.0201426024955437
7203,15190.350816,2,73020259.3664,0.0238408425021001
7204,15190.370816,1,73020279.3344,0.0201774335648575
7205,15190.390816,2,73020299.328,0.0238838691171348
7206,15190.410816,1,73020319.3728,0.0201774335648575
7207,15190.430816,2,73020339.3408,0.0238326469563792
7208,15190.450816,1,73020359.3856,0.020091380334788
7209,15190.470816,2,73020379.3664,0.0237742536931178
7210,15190.490816,1,73020399.3472,0.0201231380744565
7211,15190.510816,2,73020419.3408,0.0237240559755773
7212,15190.530816,1,73020439.3472,0.0201774335648575
7213,15190.550816,2,73020459.3536,0.0238019136599258
7214,15190.570816,1,73020479.4624,0.0201723113487819
7215,15190.590816,2,73020499.4944,0.0237609359313213
7216,15190.610816,1,73020519.3728,0.0201835802241482
7217,15190.630816,2,73020539.3664,0.0239156268568033
7218,15190.650816,1,73020559.4112,0.0201538713709099
7219,15190.670816,2,73020579.4688,0.0238377691724548
7220,15190.690816,1,73020599.4496,0.0201436269387588
7221,15190.710816,2,73020619.3536,0.0237824492388387
7222,15190.730816,1,73020639.3856,0.0201928002130842
7223,15190.750816,2,73020659.4304,0.0239187001864487
7224,15190.770816,1,73020679.424,0.0201661646894913
7225,15190.790816,2,73020699.392,0.0238500624910361
7226,15190.810816,1,73020719.3728,0.0201887024402237
7227,15190.830816,2,73020739.4048,0.0239268957321696
7228,15190.850816,1,73020759.4368,0.0201467002684041
7229,15190.870816,2,73020779.3792,0.0239350912778905
7230,15190.890816,1,73020799.4112,0.0202348023849038
7231,15190.910816,2,73020819.392,0.023912553527158
7232,15190.930816,1,73020839.3984,0.0201948490995144
7233,15190.950816,2,73020859.4432,0.023894113549286
7234,15190.970816,1,73020879.5264,0.0201774335648575
7235,15190.990816,2,73020899.456,0.0239391890507509
7236,15191.010848,1,73020919.424,0.0201579691437704
7237,15191.030848,2,73020939.52,0.0239002602085766
7238,15191.050848,1,73020959.4496,0.0201897268834389
7239,15191.070848,2,73020979.4944,0.0238715757985535
7240,15191.090848,1,73020999.488,0.0201887024402237
7241,15191.110848,2,73021019.4176,0.0239012846517918
7242,15191.130848,1,73021039.4112,0.0201682135759215
7243,15191.150848,2,73021059.4304,0.0238254758538734
7244,15191.170848,1,73021079.488,0.0201887024402237
7245,15191.190848,2,73021099.4176,0.0238142069785072
7246,15191.210848,1,73021119.4496,0.0201753846784273
7247,15191.230848,2,73021139.4432,0.0237414715102342
7248,15191.250848,1,73021159.5008,0.0202081668613109
7249,15191.270848,2,73021179.4944,0.0238316225131641
7250,15191.290848,1,73021199.4112,0.020173335791997
7251,15191.310848,2,73021219.4432,0.0237599114881062
7252,15191.330848,1,73021239.4496,0.0202204601798922
7253,15191.350848,2,73021259.4304,0.0237916692277747
7254,15191.370848,1,73021279.4496,0.0201620669166308
7255,15191.390848,2,73021299.4816,0.0238234269674432
7256,15191.410848,1,73021319.4368,0.0200954781076485
7257,15191.430848,2,73021339.4176,0.0238336713995943
7258,15191.450848,1,73021359.488,0.0202327534984736
7259,15191.470848,2,73021379.4432,0.0238265002970885
7260,15191.490848,1,73021399.424,0.0201723113487819
7261,15191.510848,2,73021419.4816,0.0237619603745364
7262,15191.530848,1,73021439.4496,0.0201169914151659
7263,15191.550848,2,73021459.4688,0.0238101092056467
7264,15191.570848,1,73021479.488,0.0201395291658983
7265,15191.590848,2,73021499.456,0.0237558137152458
7266,15191.610848,1,73021519.4496,0.0201446513819739
7267,15191.630848,2,73021539.4432,0.0237568381584609
7268,15191.650848,1,73021559.5392,0.0202163624070318
7269,15191.670848,2,73021579.4688,0.0237261048620075
7270,15191.690848,1,73021599.4752,0.0201743602352122
7271,15191.710848,2,73021619.456,0.023739422623804
7272,15191.730848,1,73021639.4496,0.0202020202020202
7273,15191.750848,2,73021659.4688,0.0236974204519843
7274,15191.770848,1,73021679.5008,0.0201958735427295
7275,15191.790848,2,73021699.4944,0.0237527403856004
7276,15191.810848,1,73021719.5008,0.0201897268834389
7277,15191.830848,2,73021739.4944,0.0237302026348679
7278,15191.850848,1,73021759.5264,0.0201620669166308
7279,15191.870848,2,73021779.5584,0.0236902493494786
7280,15191.890848,1,73021799.488,0.020164115803061
7281,15191.910848,2,73021819.5072,0.0237332759645133
7282,15191.930848,1,73021839.5008,0.0201395291658983
7283,15191.950848,2,73021859.5328,0.0237527403856004
7284,15191.970848,1,73021879.5136,0.0200934292212183
7285,15191.990848,2,73021899.4816,0.0236492716208741
7286,15192.010848,1,73021919.5136,0.0201682135759215
7287,15192.030848,2,73021939.52,0.0236707849283914
7288,15192.050848,1,73021959.5392,0.02006372036798
7289,15192.070848,2,73021979.5072,0.0235960005736882
7290,15192.090848,1,73021999.5136,0.0200483537197533
7291,15192.110848,2,73022019.5328,0.0236093183354847
7292,15192.130848,1,73022039.5008,0.0201661646894913
7293,15192.150848,2,73022059.5456,0.0236421005183683
7294,15192.170848,1,73022079.552,0.0201159669719507
7295,15192.190848,2,73022099.5456,0.0237097137705657
7296,15192.210848,1,73022119.5904,0.0201702624623517
7297,15192.230848,2,73022139.5456,0.0238244514106583
7298,15192.250848,1,73022159.5776,0.0201139180855205
7299,15192.270848,2,73022179.6864,0.0238367447292397
7300,15192.290848,1,73022199.6032,0.0201395291658983
7301,15192.310848,2,73022219.5328,0.023867478025693
7302,15192.330848,1,73022239.552,0.0201385047226832
7303,15192.350848,2,73022259.6736,0.0238111336488618
7304,15192.370848,1,73022279.5264,0.0202132890773864
7305,15192.390848,2,73022299.5584,0.0238172803081525
7306,15192.410848,1,73022319.5648,0.0201876779970086
7307,15192.430848,2,73022339.5584,0.0237343004077284
7308,15192.450848,1,73022359.616,0.020190751326654
7309,15192.470848,2,73022379.6224,0.0238838691171348
7310,15192.490848,1,73022399.552,0.0201815313377179
7311,15192.510848,2,73022419.5584,0.023921773516094
7312,15192.530848,1,73022439.6416,0.0202757801135083
7313,15192.550848,2,73022459.6096,0.0240969533058783
7314,15192.570848,1,73022479.6032,0.0201569447005552
7315,15192.590848,2,73022499.5584,0.0241061732948143
7316,15192.610848,1,73022519.5648,0.0202132890773864
7317,15192.630848,2,73022539.5712,0.0240160222918844
7318,15192.650848,1,73022559.7056,0.0202061179748807
7319,15192.670848,2,73022579.5968,0.0239699223472043
7320,15192.690848,1,73022599.616,0.0202429979306247
7321,15192.710848,2,73022619.5712,0.0240016800868728
7322,15192.730848,1,73022639.6032,0.0202706578974327
7323,15192.750848,2,73022659.6224,0.0238705513553384
7324,15192.770848,1,73022679.6672,0.0201989468723749
7325,15192.790848,2,73022699.6352,0.0239719712336345
7326,15192.810848,1,73022719.6928,0.0203013911938861
7327,15192.830848,2,73022739.5968,0.0238695269121233
7328,15192.850848,1,73022759.6032,0.0202901223185199
7329,15192.870848,2,73022779.648,0.0238203536377979
7330,15192.890848,1,73022799.616,0.020272706783863
7331,15192.910848,2,73022819.5968,0.0238572335935419
7332,15192.930848,1,73022839.6288,0.0202901223185199
7333,15192.950848,2,73022859.6608,0.0239525068125474
7334,15192.970848,1,73022879.744,0.0202317290552585
7335,15192.990848,2,73022899.648,0.023894113549286
7336,15193.010848,1,73022919.6672,0.0202552912492061
7337,15193.030848,2,73022939.6992,0.0239248468457393
7338,15193.050848,1,73022959.6928,0.0202389001577643
7339,15193.070848,2,73022979.712,0.0239463601532567
7340,15193.090848,1,73022999.68,0.0202604134652816
7341,15193.110848,2,73023019.6736,0.0239781178929252
7342,15193.130848,1,73023039.68,0.0202542668059909
7343,15193.150848,2,73023059.6096,0.023994508984367
7344,15193.170848,1,73023079.6672,0.0202768045567234
7345,15193.190848,2,73023099.6352,0.023867478025693
7346,15193.210848,1,73023119.6288,0.020263486794927
7347,15193.230848,2,73023139.6224,0.0238889913332104
7348,15193.250848,1,73023159.744,0.0202665601245723
7349,15193.270848,2,73023179.6224,0.0239473845964718
7350,15193.290848,1,73023199.6544,0.0202235335095376
7351,15193.310848,2,73023219.6736,0.0239187001864487
7352,15193.330848,1,73023239.7312,0.0202163624070318
7353,15193.350848,2,73023259.776,0.0237875714549143
7354,15193.370848,1,73023279.7824,0.0202532423627758
7355,15193.390848,2,73023299.776,0.0238377691724548
7356,15193.410848,1,73023319.68,0.0202931956481652
7357,15193.430848,2,73023339.648,0.0239187001864487
7358,15193.450848,1,73023359.6672,0.0202009957588051
7359,15193.470848,2,73023379.6736,0.0238879668899953
7360,15193.490848,1,73023399.68,0.0202624623517118
7361,15193.510848,2,73023419.6736,0.0239658245743438
7362,15193.530848,1,73023439.6544,0.0202850001024443
7363,15193.550848,2,73023459.6992,0.0239105046407278
7364,15193.570848,1,73023479.7312,0.0202429979306247
7365,15193.590848,2,73023499.7376,0.0237957670006352
7366,15193.610848,1,73023519.6928,0.0201948490995144
7367,15193.630848,2,73023539.6736,0.0238049869895712
7368,15193.650848,1,73023559.7568,0.020218411293462
7369,15193.670848,2,73023579.648,0.023767082590612
7370,15193.690848,1,73023599.7056,0.0202440223738398
7371,15193.710848,2,73023619.6864,0.0237722048066876
7372,15193.730848,1,73023639.6928,0.020263486794927
7373,15193.750848,2,73023659.7632,0.0238357202860245
7374,15193.770848,1,73023679.8336,0.0202563156924212
7375,15193.790848,2,73023699.712,0.0238531358206815
7376,15193.810848,1,73023719.68,0.0202061179748807
7377,15193.830848,2,73023739.6992,0.0237793759091934
7378,15193.850848,1,73023759.7696,0.0202511934763456
7379,15193.870848,2,73023779.6992,0.0238572335935419
7380,15193.890848,1,73023799.7056,0.0202696334542176
7381,15193.910848,2,73023819.712,0.0238685024689081
7382,15193.930848,1,73023839.68,0.0202173868502469
7383,15193.950848,2,73023859.7376,0.0239064068678673
7384,15193.970848,1,73023879.872,0.0202173868502469
7385,15193.990848,2,73023899.7632,0.0239227979593091
7386,15194.010848,1,73023919.7696,0.0202501690331305
7387,15194.030848,2,73023939.6992,0.0240190956215297
7388,15194.050848,1,73023959.8848,0.020227631282398
7389,15194.070848,2,73023979.712,0.02393099350503
7390,15194.090848,1,73023999.7056,0.0202522179195607
7391,15194.110848,2,73024019.712,0.0239115290839429
7392,15194.130848,1,73024039.7056,0.0202419734874096
7393,15194.150848,2,73024059.7504,0.0240180711783146
7394,15194.170848,1,73024079.744,0.0202307046120434
7395,15194.190848,2,73024099.7248,0.0238603069231872
7396,15194.210848,1,73024119.7568,0.0202286557256131
7397,15194.230848,2,73024139.7376,0.0238920646628557
7398,15194.250848,1,73024159.8208,0.0201989468723749
7399,15194.270848,2,73024179.7248,0.0238961624357162
7400,15194.290848,1,73024199.7696,0.0201784580080726
7401,15194.310848,2,73024219.7632,0.0239484090396869
7402,15194.330848,1,73024239.7312,0.0202081668613109
7403,15194.350848,2,73024259.8144,0.023940213493966
7404,15194.370848,1,73024279.9104,0.0202296801688282
7405,15194.390848,2,73024299.776,0.0238818202307046
7406,15194.410848,1,73024319.7568,0.0202696334542176
7407,15194.430848,2,73024339.7504,0.0239340668346754
7408,15194.450848,1,73024359.7312,0.0201928002130842
7409,15194.470848,2,73024379.7888,0.0238900157764255
7410,15194.490848,1,73024399.7568,0.0202511934763456
7411,15194.510848,2,73024419.776,0.0239320179482451
7412,15194.530848,1,73024439.7696,0.0203177822853279
7413,15194.550848,2,73024459.8656,0.0238367447292397
7414,15194.570848,1,73024479.8464,0.0202132890773864
7415,15194.590848,2,73024499.7888,0.0239002602085766
7416,15194.610848,1,73024519.7696,0.0202030446452353
7417,15194.630848,2,73024539.7888,0.0239135779703731
7418,15194.650848,1,73024559.808,0.0202511934763456
7419,15194.670848,2,73024579.7888,0.0239330423914602
7420,15194.690848,1,73024599.808,0.0202921712049501
7421,15194.710848,2,73024619.7888,0.0239187001864487
7422,15194.730848,1,73024639.7952,0.0202665601245723
7423,15194.750848,2,73024659.8016,0.0239658245743438
7424,15194.770848,1,73024679.8336,0.0203659311164382
7425,15194.790848,2,73024699.8016,0.0239279201753847
7426,15194.810848,1,73024719.8464,0.0202173868502469
7427,15194.830848,2,73024739.8016,0.0238777224578442
7428,15194.850848,1,73024759.8336,0.0202358268281189
7429,15194.870848,2,73024779.8528,0.0239811912225705
7430,15194.890848,1,73024799.8336,0.0202890978753048
7431,15194.910848,2,73024819.84,0.0239781178929252
7432,15194.930848,1,73024839.8464,0.0202962689778106
7433,15194.950848,2,73024859.7888,0.0239709467904194
7434,15194.970848,1,73024879.808,0.0202921712049501
7435,15194.990848,2,73024899.8528,0.023985288995431
7436,15195.010848,1,73024919.8336,0.0203013911938861
7437,15195.030848,2,73024939.8144,0.0239832401090008
7438,15195.050848,1,73024959.872,0.0203751511053742
7439,15195.070848,2,73024979.9296,0.0239207490728789
7440,15195.090848,1,73024999.8848,0.0202296801688282
7441,15195.110848,2,73025019.8528,0.0239525068125474
7442,15195.130848,1,73025039.8592,0.0203013911938861
7443,15195.150848,2,73025059.9424,0.0239432868236114
7444,15195.170848,1,73025079.8464,0.0203034400803163
7445,15195.190848,2,73025099.84,0.0239258712889545
7446,15195.210848,1,73025119.8336,0.0202440223738398
7447,15195.230848,2,73025139.8528,0.0239770934497101
7448,15195.250848,1,73025160.0384,0.0202890978753048
7449,15195.270848,2,73025179.9296,0.0239986067572274
7450,15195.290848,1,73025199.8848,0.0202030446452353
7451,15195.310848,2,73025219.9296,0.0239729956768496
7452,15195.330848,1,73025239.8976,0.0202132890773864
7453,15195.350848,2,73025259.968,0.0240416333722622
7454,15195.370848,1,73025279.9616,0.0202511934763456
7455,15195.390848,2,73025299.8528,0.0240324133833262
7456,15195.410848,1,73025319.8976,0.0202850001024443
7457,15195.430848,2,73025339.8656,0.0239299690618149
7458,15195.450848,1,73025359.936,0.0203218800581884
7459,15195.470848,2,73025379.9424,0.0239187001864487
7460,15195.490848,1,73025399.8848,0.0202501690331305
7461,15195.510848,2,73025419.8912,0.0239535312557625
7462,15195.530848,1,73025439.872,0.0202163624070318
7463,15195.550848,2,73025459.8912,0.0238685024689081
7464,15195.570848,1,73025479.9616,0.0202429979306247
7465,15195.590848,2,73025499.9168,0.0239361157211056
7466,15195.610848,1,73025519.9104,0.0202491445899154
7467,15195.630848,2,73025539.8912,0.0240078267461635
7468,15195.650848,1,73025559.9616,0.0202901223185199
7469,15195.670848,2,73025579.9168,0.0240324133833262
7470,15195.690848,1,73025599.9104,0.0202440223738398
7471,15195.710848,2,73025619.9296,0.0240498289179831
7472,15195.730848,1,73025639.9232,0.0203013911938861
7473,15195.750848,2,73025659.968,0.0239064068678673
7474,15195.770848,1,73025679.936,0.0202706578974327
7475,15195.790848,2,73025700.0192,0.0238562091503268
7476,15195.810848,1,73025719.9104,0.0201856291105784
7477,15195.830848,2,73025739.9168,0.0239914356547217
7478,15195.850848,1,73025759.9488,0.0201989468723749
7479,15195.870848,2,73025779.9168,0.0239566045854078
7480,15195.890848,1,73025800.0128,0.0201846046673633
7481,15195.910848,2,73025819.904,0.0239422623803963
7482,15195.930848,1,73025839.9232,0.0202214846231073
7483,15195.950848,2,73025859.9296,0.0238930891060709
7484,15195.970848,1,73025879.9488,0.0202378757145491
7485,15195.990848,2,73025899.968,0.0239279201753847
7486,15196.010848,1,73025919.9616,0.020136455836253
7487,15196.030848,2,73025939.9424,0.0238521113774663
7488,15196.050848,1,73025959.9872,0.0201477247116192
7489,15196.070848,2,73025980.0064,0.0237568381584609
7490,15196.090848,1,73025999.9744,0.0200842092322823
7491,15196.110848,2,73026019.9552,0.0238111336488618
7492,15196.130848,1,73026039.9616,0.0200965025508636
7493,15196.150848,2,73026060.0192,0.0238244514106583
7494,15196.170848,1,73026079.9744,0.020190751326654
7495,15196.190848,2,73026099.9936,0.0238510869342512
7496,15196.210848,1,73026119.9744,0.0201487491548343
7497,15196.230848,2,73026139.9424,0.0239381646075358
7498,15196.250848,1,73026160.0128,0.020173335791997
7499,15196.270848,2,73026179.9808,0.0240242178376053
7500,15196.290848,1,73026200.0384,0.0201753846784273
7501,15196.310848,2,73026219.9808,0.0239934845411519
7502,15196.330848,1,73026239.9488,0.0202112401909562
7503,15196.350848,2,73026260.032,0.0240252422808204
7504,15196.370848,1,73026280.0896,0.0202419734874096
7505,15196.390848,2,73026300.0064,0.0239975823140123
7506,15196.410848,1,73026320.0128,0.0202040690884504
7507,15196.430848,2,73026340.032,0.0239699223472043
7508,15196.450848,1,73026360.0384,0.0201497735980495
7509,15196.470848,2,73026379.9936,0.0239361157211056
7510,15196.490848,1,73026399.9744,0.0201374802794681
7511,15196.510848,2,73026420.0064,0.023849038047821
7512,15196.530848,1,73026440.0256,0.0201620669166308
7513,15196.550848,2,73026460.096,0.0238838691171348
7514,15196.570848,1,73026480.1152,0.0201600180302006
7515,15196.590848,2,73026500.032,0.0238101092056467
7516,15196.610848,1,73026520.0512,0.0201743602352122
7517,15196.630848,2,73026539.9936,0.0238060114327863
7518,15196.650848,1,73026560.0512,0.0201856291105784
7519,15196.670848,2,73026580.0576,0.0238910402196406
7520,15196.690848,1,73026600.0384,0.0201610424734157
7521,15196.710848,2,73026620.288,0.0239166513000184
7522,15196.730848,1,73026640.0256,0.0201426024955437
7523,15196.750848,2,73026660.1216,0.0239934845411519
7524,15196.770848,1,73026680.064,0.0202163624070318
7525,15196.790848,2,73026700.0576,0.0239822156657856
7526,15196.810848,1,73026720.0512,0.0202143135206016
7527,15196.830848,2,73026740.0704,0.0239863134386461
7528,15196.850848,1,73026760.064,0.0201241625176716
7529,15196.870848,2,73026780.032,0.024058024463704
7530,15196.890848,1,73026800.0768,0.0202491445899154
7531,15196.910848,2,73026820.0448,0.0240088511893786
7532,15196.930848,1,73026840.0768,0.0202143135206016
7533,15196.950848,2,73026860.096,0.0239832401090008
7534,15196.970848,1,73026880.064,0.0201671891327064
7535,15196.990848,2,73026900.0704,0.0238787469010593
7536,15197.010848,1,73026920.0768,0.0201118691990903
7537,15197.030848,2,73026940.0576,0.0238387936156699
7538,15197.050848,1,73026960.1408,0.0201692380191366
7539,15197.070848,2,73026980.096,0.0237824492388387
7540,15197.090848,1,73027000.1664,0.0201835802241482
7541,15197.110848,2,73027020.0832,0.0237865470116991
7542,15197.130848,1,73027040.128,0.0201210891880263
7543,15197.150848,2,73027060.1472,0.0237599114881062
7544,15197.170848,1,73027080.1152,0.0200975269940787
7545,15197.190848,2,73027100.096,0.0238613313664024
7546,15197.210848,1,73027120.1152,0.0201159669719507
7547,15197.230848,2,73027140.1216,0.0237752781363329
7548,15197.250848,1,73027160.128,0.0201528469276948
7549,15197.270848,2,73027180.1088,0.0237711803634725
7550,15197.290848,1,73027200.1024,0.0200565492654742
7551,15197.310848,2,73027220.1088,0.0237343004077284
7552,15197.330848,1,73027240.2176,0.0201149425287356
7553,15197.350848,2,73027260.1216,0.0237332759645133
7554,15197.370848,1,73027280.1152,0.0200247915258057
7555,15197.390848,2,73027300.1216,0.0237865470116991
7556,15197.410848,1,73027320.128,0.0200606470383347
7557,15197.430848,2,73027340.1216,0.0237814247956236
7558,15197.450848,1,73027360.1792,0.020054500379044
7559,15197.470848,2,73027380.1344,0.0237168848730715
7560,15197.490848,1,73027400.1152,0.0200842092322823
7561,15197.510848,2,73027420.096,0.0237506914991702
7562,15197.530848,1,73027440.128,0.0200206937529453
7563,15197.550848,2,73027460.224,0.0237404470670191
7564,15197.570848,1,73027480.1536,0.0200667936976253
7565,15197.590848,2,73027500.1728,0.023757862601676
7566,15197.610848,1,73027520.1408,0.0200770381297765
7567,15197.630848,2,73027540.1728,0.0238049869895712
7568,15197.650848,1,73027560.128,0.0201835802241482
7569,15197.670848,2,73027580.1856,0.0237865470116991
7570,15197.690848,1,73027600.1664,0.0201374802794681
7571,15197.710848,2,73027620.1856,0.0238480136046059
7572,15197.730848,1,73027640.1536,0.0201436269387588
7573,15197.750848,2,73027660.2368,0.0238203536377979
7574,15197.770848,1,73027680.2304,0.0201200647448112
7575,15197.790848,2,73027700.1728,0.0238480136046059
7576,15197.810848,1,73027720.1664,0.0201374802794681
7577,15197.830848,2,73027740.1984,0.0237804003524085
7578,15197.850848,1,73027760.2816,0.0201743602352122
7579,15197.870848,2,73027780.1856,0.0238685024689081
7580,15197.890848,1,73027800.1664,0.0201057225397996
7581,15197.910848,2,73027820.2496,0.0238654291392628
7582,15197.930848,1,73027840.1664,0.0201221136312414
7583,15197.950848,2,73027860.2112,0.0237967914438503
7584,15197.970848,1,73027880.1792,0.0200719159137009
7585,15197.990848,2,73027900.1728,0.0238049869895712
7586,15198.010848,1,73027920.1792,0.0201128936423054
7587,15198.030848,2,73027940.1728,0.023767082590612
7588,15198.050848,1,73027960.2048,0.0201282602905321
7589,15198.070848,2,73027980.2496,0.0238265002970885
7590,15198.090848,1,73028000.2304,0.0201354313930379
7591,15198.110848,2,73028020.1984,0.0238265002970885
7592,15198.130848,1,73028040.256,0.0201446513819739
7593,15198.150848,2,73028060.2752,0.0238346958428094
7594,15198.170848,1,73028080.2816,0.0200626959247649
7595,15198.190848,2,73028100.1728,0.0238193291945827
7596,15198.210848,1,73028120.2176,0.0201538713709099
7597,15198.230848,2,73028140.1984,0.0239074313110824
7598,15198.250848,1,73028160.1792,0.0201139180855205
7599,15198.270848,2,73028180.2368,0.0238275247403036
7600,15198.290848,1,73028200.256,0.0201385047226832
7601,15198.310848,2,73028220.1728,0.0238633802528326
7602,15198.330848,1,73028240.256,0.0200801114594218
7603,15198.350848,2,73028260.2624,0.0238203536377979
7604,15198.370848,1,73028280.32,0.0201098203126601
7605,15198.390848,2,73028300.2368,0.0238008892167107
7606,15198.410848,1,73028320.2432,0.0201006003237241
7607,15198.430848,2,73028340.2624,0.0238008892167107
7608,15198.450848,1,73028360.3072,0.0201190403015961
7609,15198.470848,2,73028380.2368,0.0237640092609667
7610,15198.490848,1,73028400.2688,0.0201118691990903
7611,15198.510848,2,73028420.2496,0.0237179093162866
7612,15198.530848,1,73028440.2944,0.0200524514926138
7613,15198.550848,2,73028460.352,0.0236769315876821
7614,15198.570848,1,73028480.2688,0.0200770381297765
7615,15198.590848,2,73028500.3008,0.0237424959534493
7616,15198.610848,1,73028520.3072,0.0201303091769623
7617,15198.630848,2,73028540.3264,0.0237076648841355
7618,15198.650848,1,73028560.3072,0.0200995758805089
7619,15198.670848,2,73028580.288,0.0238715757985535
7620,15198.690848,1,73028600.2816,0.0201764091216424
7621,15198.710848,2,73028620.2496,0.0238818202307046
7622,15198.730848,1,73028640.2816,0.020136455836253
7623,15198.750848,2,73028660.3392,0.0239822156657856
7624,15198.770848,1,73028680.2816,0.0202020202020202
7625,15198.790848,2,73028700.3392,0.0238951379925011
7626,15198.810848,1,73028720.2432,0.0201774335648575
7627,15198.830848,2,73028740.3392,0.0239176757432336
7628,15198.850848,1,73028760.3968,0.0202102157477411
7629,15198.870848,2,73028780.3392,0.0239330423914602
7630,15198.890848,1,73028800.32,0.0202286557256131
7631,15198.910848,2,73028820.3264,0.0239115290839429
7632,15198.930848,1,73028840.32,0.0202327534984736
7633,15198.950848,2,73028860.3136,0.02393099350503
7634,15198.970848,1,73028880.32,0.0202307046120434
7635,15198.990848,2,73028900.3264,0.0238838691171348
7636,15199.010848,1,73028920.3072,0.0202050935316655
7637,15199.030848,2,73028940.288,0.0238818202307046
7638,15199.050848,1,73028960.3712,0.0201764091216424
7639,15199.070848,2,73028980.416,0.0238500624910361
7640,15199.090848,1,73029000.3456,0.0202255823959678
7641,15199.110848,2,73029020.3392,0.023839818058885
7642,15199.130848,1,73029040.3456,0.0201897268834389
7643,15199.150848,2,73029060.3904,0.0239002602085766
7644,15199.170848,1,73029080.3456,0.0202009957588051
7645,15199.190848,2,73029100.3392,0.0238726002417686
7646,15199.210848,1,73029120.3584,0.0201139180855205
7647,15199.230848,2,73029140.3264,0.0238439158317454
7648,15199.250848,1,73029160.4224,0.02019997131559
7649,15199.270848,2,73029180.3264,0.0238203536377979
7650,15199.290848,1,73029200.3712,0.0202040690884504
7651,15199.310848,2,73029220.3392,0.023839818058885
7652,15199.330848,1,73029240.2944,0.0202880734320897
7653,15199.350848,2,73029260.4032,0.0238521113774663
7654,15199.370848,1,73029280.4864,0.020236851271334
7655,15199.390848,2,73029300.4928,0.0237906447845596
7656,15199.410848,1,73029320.3584,0.0202286557256131
7657,15199.430848,2,73029340.3008,0.0237629848177516
7658,15199.450848,1,73029360.3456,0.0201487491548343
7659,15199.470848,2,73029380.48,0.0238469891613908
7660,15199.490848,1,73029400.384,0.0201651402462762
7661,15199.510848,2,73029420.4032,0.0237752781363329
7662,15199.530848,1,73029440.3456,0.0201159669719507
7663,15199.550848,2,73029460.4032,0.0237568381584609
7664,15199.570848,1,73029480.4096,0.0201989468723749
7665,15199.590848,2,73029500.416,0.0237588870448911
7666,15199.610848,1,73029520.3968,0.0202153379638167
7667,15199.630848,2,73029540.4032,0.0237373737373737
7668,15199.650848,1,73029560.4736,0.0200647448111951
7669,15199.670848,2,73029580.3648,0.0237086893273506
7670,15199.690848,1,73029600.4736,0.0200975269940787
7671,15199.710848,2,73029620.416,0.0236994693384146
7672,15199.730848,1,73029640.384,0.0200381092876022
7673,15199.750848,2,73029660.4672,0.0237199582027168
7674,15199.770848,1,73029680.512,0.0201579691437704
7675,15199.790848,2,73029700.4928,0.0237066404409204
7676,15199.810848,1,73029720.4096,0.0201159669719507
7677,15199.830848,2,73029740.4288,0.0237506914991702
7678,15199.850848,1,73029760.4608,0.0201426024955437
7679,15199.870848,2,73029780.5568,0.0238418669453152
7680,15199.890848,1,73029800.4352,0.0201385047226832
7681,15199.910848,2,73029820.5184,0.0239166513000184
7682,15199.930848,1,73029840.3968,0.0201477247116192
7683,15199.950848,2,73029860.5568,0.0238480136046059
7684,15199.970848,1,73029880.4224,0.0201190403015961
7685,15199.990848,2,73029900.4544,0.0238541602638966
7686,15200.010848,1,73029920.4608,0.0201702624623517
7687,15200.030848,2,73029940.4416,0.0237701559202573
7688,15200.050848,1,73029960.4736,0.0201723113487819
7689,15200.070848,2,73029980.4416,0.0238910402196406
7690,15200.090848,1,73030000.4224,0.0201569447005552
7691,15200.110848,2,73030020.5696,0.0238531358206815
7692,15200.130848,1,73030040.3968,0.020145675825189
7693,15200.150848,2,73030060.4416,0.0239002602085766
7694,15200.170848,1,73030080.4224,0.0201128936423054
7695,15200.190848,2,73030100.48,0.023921773516094
7696,15200.210848,1,73030120.7424,0.0202614379084967
7697,15200.230848,2,73030140.4672,0.0238162558649374
7698,15200.250848,1,73030160.448,0.0201671891327064
7699,15200.270848,2,73030180.48,0.02379474255742
7700,15200.290848,1,73030200.4608,0.0201846046673633
7701,15200.310848,2,73030220.48,0.0239094801975127
7702,15200.330848,1,73030240.4864,0.0201210891880263
7703,15200.350848,2,73030260.5056,0.0238111336488618
7704,15200.370848,1,73030280.4736,0.0201825557809331
7705,15200.390848,2,73030300.4928,0.0237937181142049
7706,15200.410848,1,73030320.5632,0.0201200647448112
7707,15200.430848,2,73030340.48,0.0238152314217223
7708,15200.450848,1,73030360.512,0.020018644866515
7709,15200.470848,2,73030380.5824,0.0237168848730715
7710,15200.490848,1,73030400.4352,0.0199848382404163
7711,15200.510848,2,73030420.7104,0.0237189337595017
7712,15200.530848,1,73030440.5376,0.0199930337861372
7713,15200.550848,2,73030460.48,0.0237250804187924
7714,15200.570848,1,73030480.5888,0.0198854672485504
7715,15200.590848,2,73030500.48,0.0237568381584609
7716,15200.610848,1,73030520.6144,0.019972544921835
7717,15200.630848,2,73030540.5568,0.0237015182248448
7718,15200.650848,1,73030560.5248,0.0199602516032536
7719,15200.670848,2,73030580.544,0.0236543938369496
7720,15200.690848,1,73030600.4992,0.0199991804454279
7721,15200.710848,2,73030620.5184,0.0236595160530252
7722,15200.730848,1,73030640.512,0.0200596225951196
7723,15200.750848,2,73030660.7104,0.0237179093162866
7724,15200.770848,1,73030680.5504,0.0199766426946954
7725,15200.790848,2,73030700.544,0.0237261048620075
7726,15200.810848,1,73030720.5248,0.0199879115700617
7727,15200.830848,2,73030740.544,0.023666687155531
7728,15200.850848,1,73030760.5504,0.0199899604564919
7729,15200.870848,2,73030780.5568,0.023839818058885
7730,15200.890848,1,73030800.576,0.0200319626283115
7731,15200.910848,2,73030820.608,0.0237025426680599
7732,15200.930848,1,73030840.64,0.0199889360132768
7733,15200.950848,2,73030860.5696,0.0237343004077284
7734,15200.970848,1,73030880.5632,0.0200616714815498
7735,15200.990848,2,73030900.5312,0.0237373737373737
7736,15201.010848,1,73030920.5632,0.0199715204786199
7737,15201.030848,2,73030940.5568,0.0236922982359088
7738,15201.050848,1,73030960.576,0.0200463048333231
7739,15201.070848,2,73030980.5952,0.0236841026901879
7740,15201.090848,1,73031000.64,0.0199520560575327
7741,15201.110848,2,73031020.5568,0.0237189337595017
7742,15201.130848,1,73031040.576,0.0199561538303932
7743,15201.150848,2,73031060.5952,0.0237588870448911
7744,15201.170848,1,73031080.6016,0.0200043026615035
7745,15201.190848,2,73031100.5568,0.0236882004630483
7746,15201.210848,1,73031120.5632,0.0199623004896839
7747,15201.230848,2,73031140.5952,0.023694347122339
7748,15201.250848,1,73031160.576,0.0200022537750732
7749,15201.270848,2,73031180.5696,0.0237230315323622
7750,15201.290848,1,73031200.576,0.019963324932899
7751,15201.310848,2,73031220.5568,0.0237138115434261
7752,15201.330848,1,73031240.64,0.0200370848443871
7753,15201.350848,2,73031260.6464,0.0237240559755773
7754,15201.370848,1,73031280.5888,0.0199704960354048
7755,15201.390848,2,73031300.5824,0.0237179093162866
7756,15201.410848,1,73031320.5888,0.0199981560022128
7757,15201.430848,2,73031340.6848,0.0238090847624316
7758,15201.450848,1,73031360.5632,0.019990984899707
7759,15201.470848,2,73031380.6208,0.0238715757985535
7760,15201.490848,1,73031400.64,0.0199807404675559
7761,15201.510848,2,73031420.608,0.0238244514106583
7762,15201.530848,1,73031440.576,0.0201046980965845
7763,15201.550848,2,73031460.6208,0.0237722048066876
7764,15201.570848,1,73031480.6144,0.0200309381850964
7765,15201.590848,2,73031500.6848,0.0237558137152458
7766,15201.610848,1,73031520.64,0.0199510316143176
7767,15201.630848,2,73031540.608,0.0237629848177516
7768,15201.650848,1,73031560.7296,0.0199571782736083
7769,15201.670848,2,73031580.6208,0.0238183047513676
7770,15201.690848,1,73031600.64,0.0199623004896839
7771,15201.710848,2,73031620.6464,0.023858258036757
7772,15201.730848,1,73031640.6656,0.0200104493207941
7773,15201.750848,2,73031660.6976,0.0238807957874895
7774,15201.770848,1,73031680.6272,0.0199868871268466
7775,15201.790848,2,73031700.6464,0.0238889913332104
7776,15201.810848,1,73031720.6528,0.0200258159690208
7777,15201.830848,2,73031740.6464,0.0238992357653615
7778,15201.850848,1,73031760.6912,0.0200032782182884
7779,15201.870848,2,73031780.6208,0.0238685024689081
7780,15201.890848,1,73031800.6912,0.0199879115700617
7781,15201.910848,2,73031820.7104,0.0238992357653615
7782,15201.930848,1,73031840.6528,0.0200053271047186
7783,15201.950848,2,73031860.672,0.0238695269121233
7784,15201.970848,1,73031880.6656,0.0199868871268466
7785,15201.990848,2,73031900.6464,0.0238326469563792
7786,15202.010848,1,73031920.7552,0.0200053271047186
7787,15202.030848,2,73031940.6848,0.0237875714549143
7788,15202.050848,1,73031960.6912,0.0199377138525212
7789,15202.070848,2,73031980.7232,0.0237527403856004
7790,15202.090848,1,73032000.6528,0.0200206937529453
7791,15202.110848,2,73032020.736,0.0237261048620075
7792,15202.130848,1,73032040.704,0.0199663982625443
7793,15202.150848,2,73032060.7232,0.0238101092056467
7794,15202.170848,1,73032080.6528,0.0200084004343639
7795,15202.190848,2,73032100.672,0.0237773270227631
7796,15202.210848,1,73032120.768,0.0199961071157826
7797,15202.230848,2,73032140.6976,0.0237353248509435
7798,15202.250848,1,73032160.7168,0.0200012293318581
7799,15202.270848,2,73032180.6848,0.0238131825352921
7800,15202.290848,1,73032200.704,0.0200217181961604
7801,15202.310848,2,73032220.7232,0.0238848935603499
7802,15202.330848,1,73032240.7424,0.0199756182514803
7803,15202.350848,2,73032260.7872,0.0238111336488618
7804,15202.370848,1,73032280.7296,0.0200135226504395
7805,15202.390848,2,73032300.6976,0.0237722048066876
7806,15202.410848,1,73032320.7296,0.0199776671379105
7807,15202.430848,2,73032340.6592,0.0237865470116991
7808,15202.450848,1,73032360.768,0.0200217181961604
7809,15202.470848,2,73032380.9024,0.0237537648288155
7810,15202.490848,1,73032400.704,0.0200135226504395
7811,15202.510848,2,73032420.8256,0.0236564427233798
7812,15202.530848,1,73032440.7424,0.0200350359579568
7813,15202.550848,2,73032460.8128,0.0235970250169033
7814,15202.570848,1,73032480.832,0.0200514270493987
7815,15202.590848,2,73032500.7232,0.0236677115987461
7816,15202.610848,1,73032520.8448,0.020054500379044
7817,15202.630848,2,73032540.736,0.0236318560862171
7818,15202.650848,1,73032560.7808,0.020045280390108
7819,15202.670848,2,73032580.7616,0.0236615649394554
7820,15202.690848,1,73032600.7552,0.0200206937529453
7821,15202.710848,2,73032620.736,0.023593951687258
7822,15202.730848,1,73032640.7808,0.0200145470936546
7823,15202.750848,2,73032660.7488,0.0236697604851763
7824,15202.770848,1,73032680.7552,0.0200206937529453
7825,15202.790848,2,73032700.7744,0.0237322515212982
7826,15202.810848,1,73032720.7552,0.0200616714815498
7827,15202.830848,2,73032740.7872,0.0236605404962403
7828,15202.850848,1,73032760.7808,0.0200196693097302
7829,15202.870848,2,73032780.7616,0.0235335095375663
7830,15202.890848,1,73032800.7808,0.0199704960354048
7831,15202.910848,2,73032820.7616,0.0236041961194091
7832,15202.930848,1,73032840.7808,0.0199961071157826
7833,15202.950848,2,73032860.8384,0.0235919028008277
7834,15202.970848,1,73032880.7808,0.0199735693650501
7835,15202.990848,2,73032900.8128,0.0236277583133567
7836,15203.01088,1,73032920.7808,0.0200043026615035
7837,15203.03088,2,73032940.7744,0.02361239166513
7838,15203.05088,1,73032960.7936,0.0200524514926138
7839,15203.07088,2,73032980.7616,0.023621611654066
7840,15203.09088,1,73033000.7808,0.020009424877579
7841,15203.11088,2,73033020.8128,0.023603171676194
7842,15203.13088,1,73033040.7808,0.0199643493761141
7843,15203.15088,2,73033060.8,0.023567316163665
7844,15203.17088,1,73033080.8064,0.0199827893539861
7845,15203.19088,2,73033100.8128,0.0236369783022927
7846,15203.21088,1,73033120.8192,0.0199418116253816
7847,15203.23088,2,73033140.8512,0.0235437539697175
7848,15203.25088,1,73033160.8704,0.0199356649660909
7849,15203.27088,2,73033180.8384,0.0235888294711824
7850,15203.29088,1,73033200.8832,0.0199039072264224
7851,15203.31088,2,73033220.8256,0.0235693650500953
7852,15203.33088,1,73033240.8064,0.0198834183621202
7853,15203.35088,2,73033260.928,0.0235734628229557
7854,15203.37088,1,73033281.0496,0.020009424877579
7855,15203.39088,2,73033300.9024,0.023502776241113
7856,15203.41088,1,73033320.8448,0.0200022537750732
7857,15203.43088,2,73033340.8128,0.0235386317536419
7858,15203.45088,1,73033360.832,0.0200258159690208
7859,15203.47088,2,73033380.9024,0.0235355584239966
7860,15203.49088,1,73033400.8832,0.0200104493207941
7861,15203.51088,2,73033420.8896,0.0235447784129326
7862,15203.53088,1,73033440.8448,0.0200370848443871
7863,15203.55088,2,73033460.9536,0.0235550228450837
7864,15203.57088,1,73033481.0496,0.0200032782182884
7865,15203.59088,2,73033500.8384,0.023603171676194
7866,15203.61088,1,73033520.8448,0.0199571782736083
7867,15203.63088,2,73033540.864,0.023567316163665
7868,15203.65088,1,73033561.0496,0.0200616714815498
7869,15203.67088,2,73033580.864,0.0236062450058393
7870,15203.69088,1,73033600.8832,0.0200780625729916
7871,15203.71088,2,73033620.8256,0.0236185383244207
7872,15203.73088,1,73033640.8832,0.0200237670825906
7873,15203.75088,2,73033660.9152,0.0235970250169033
7874,15203.77088,1,73033680.896,0.0200760136865614
7875,15203.79088,2,73033700.8512,0.0236185383244207
7876,15203.81088,1,73033720.96,0.0201374802794681
7877,15203.83088,2,73033740.8768,0.0236390271887229
7878,15203.85088,1,73033760.8832,0.0200749892433462
7879,15203.87088,2,73033781.1328,0.0236707849283914
7880,15203.89088,1,73033800.8704,0.0200483537197533
7881,15203.91088,2,73033820.8768,0.0236861515766181
7882,15203.93088,1,73033840.896,0.0200667936976253
7883,15203.95088,2,73033860.9792,0.0236543938369496
7884,15203.97088,1,73033880.8832,0.0200893314483578
7885,15203.99088,2,73033900.9152,0.0237220070891471
7886,15204.01088,1,73033920.9088,0.0201139180855205
7887,15204.03088,2,73033940.8768,0.0237158604298564
7888,15204.05088,1,73033960.9088,0.020072940356916
7889,15204.07088,2,73033981.0432,0.0237240559755773
7890,15204.09088,1,73034000.9472,0.0201385047226832
7891,15204.11088,2,73034020.9408,0.0236267338701416
7892,15204.13088,1,73034040.9216,0.0200924047780032
7893,15204.15088,2,73034060.9792,0.0236298071997869
7894,15204.17088,1,73034080.9344,0.0200401581740324
7895,15204.19088,2,73034100.928,0.0236267338701416
7896,15204.21088,1,73034120.9984,0.0200954781076485
7897,15204.23088,2,73034140.9408,0.0236246849837114
7898,15204.25088,1,73034160.9344,0.0200258159690208
7899,15204.27088,2,73034180.9408,0.0236912737926937
7900,15204.29088,1,73034200.9344,0.0200780625729916
7901,15204.31088,2,73034220.928,0.0236287827565718
7902,15204.33088,1,73034241.024,0.0200842092322823
7903,15204.35088,2,73034261.0304,0.0236687360419612
7904,15204.37088,1,73034280.96,0.0201405536091134
7905,15204.39088,2,73034300.9536,0.0236748827012519
7906,15204.41088,1,73034320.96,0.0201067469830147
7907,15204.43088,2,73034340.992,0.0236390271887229
7908,15204.45088,1,73034361.0368,0.0200883070051427
7909,15204.47088,2,73034381.0176,0.0236277583133567
7910,15204.49088,1,73034400.9472,0.0200995758805089
7911,15204.51088,2,73034420.9536,0.0237045915544901
7912,15204.53088,1,73034440.96,0.0200657692544102
7913,15204.55088,2,73034460.992,0.0236451738480136
7914,15204.57088,1,73034481.0112,0.020136455836253
7915,15204.59088,2,73034500.9792,0.0236687360419612
7916,15204.61088,1,73034520.9856,0.0201436269387588
7917,15204.63088,2,73034541.0048,0.0236472227344438
7918,15204.65088,1,73034560.9728,0.0200555248222591
7919,15204.67088,2,73034580.9664,0.0236841026901879
7920,15204.69088,1,73034600.9856,0.0200893314483578
7921,15204.71088,2,73034620.992,0.0237148359866413
7922,15204.73088,1,73034641.0752,0.0201128936423054
7923,15204.75088,2,73034661.0944,0.0237302026348679
7924,15204.77088,1,73034681.92,0.0201169914151659
7925,15204.79088,2,73034701.0048,0.0236451738480136
7926,15204.81088,1,73034720.9728,0.0201487491548343
7927,15204.83088,2,73034741.0688,0.0236482471776589
7928,15204.85088,1,73034761.0368,0.0201467002684041
7929,15204.87088,2,73034781.056,0.0236963960087692
7930,15204.89088,1,73034801.024,0.0201764091216424
7931,15204.91088,2,73034820.992,0.0237250804187924
7932,15204.93088,1,73034841.0112,0.0201395291658983
7933,15204.95088,2,73034861.0688,0.0237619603745364
7934,15204.97088,1,73034880.9984,0.0201723113487819
7935,15204.99088,2,73034901.0304,0.0238357202860245
7936,15205.01088,1,73034921.024,0.0201702624623517
7937,15205.03088,2,73034941.1072,0.0238265002970885
7938,15205.05088,1,73034961.0752,0.0201057225397996
7939,15205.07088,2,73034981.1072,0.0238459647181757
7940,15205.09088,1,73035001.0112,0.0201077714262298
7941,15205.11088,2,73035021.0176,0.023839818058885
7942,15205.13088,1,73035041.088,0.0202071424180958
7943,15205.15088,2,73035061.0816,0.0238715757985535
7944,15205.17088,1,73035081.0752,0.0201507980412646
7945,15205.19088,2,73035101.0816,0.0238203536377979
7946,15205.21088,1,73035121.0368,0.0201784580080726
7947,15205.23088,2,73035141.0432,0.0238930891060709
7948,15205.25088,1,73035161.0752,0.020190751326654
7949,15205.27088,2,73035181.0432,0.0238644046960477
7950,15205.29088,1,73035201.0496,0.0201487491548343
7951,15205.31088,2,73035221.1328,0.0239012846517918
7952,15205.33088,1,73035241.0752,0.0201313336201774
7953,15205.35088,2,73035261.0816,0.0240057778597332
7954,15205.37088,1,73035281.1648,0.0201559202573401
7955,15205.39088,2,73035301.056,0.0241594443420001
7956,15205.41088,1,73035321.0624,0.0201661646894913
7957,15205.43088,2,73035341.056,0.0240426578154773
7958,15205.45088,1,73035361.088,0.020209191304526
7959,15205.47088,2,73035381.1328,0.024022168951175
7960,15205.49088,1,73035401.088,0.0202501690331305
7961,15205.51088,2,73035421.1712,0.0241133443973201
7962,15205.53088,1,73035441.088,0.0201979224291598
7963,15205.55088,2,73035461.1072,0.0240272911672506
7964,15205.57088,1,73035481.0496,0.0201682135759215
7965,15205.59088,2,73035501.0816,0.0240231933943901
7966,15205.61088,1,73035521.1776,0.0201630913598459
7967,15205.63088,2,73035541.0944,0.0239197246296638
7968,15205.65088,1,73035561.2032,0.0201989468723749
7969,15205.67088,2,73035581.1072,0.0239105046407278
7970,15205.69088,1,73035601.1776,0.0201446513819739
7971,15205.71088,2,73035621.1456,0.0238295736267339
7972,15205.73088,1,73035641.1136,0.020145675825189
7973,15205.75088,2,73035661.248,0.0238367447292397
7974,15205.77088,1,73035681.216,0.0201794824512877
7975,15205.79088,2,73035701.1456,0.0237896203413445
7976,15205.81088,1,73035721.1136,0.0201856291105784
7977,15205.83088,2,73035741.0816,0.0238029381031409
7978,15205.85088,1,73035761.1648,0.0202102157477411
7979,15205.87088,2,73035781.1456,0.0237496670559551
7980,15205.89088,1,73035801.1648,0.0201979224291598
7981,15205.91088,2,73035821.1456,0.0237711803634725
7982,15205.93088,1,73035841.216,0.0202225090663225
7983,15205.95088,2,73035861.2736,0.02379474255742
7984,15205.97088,1,73035881.1136,0.0202061179748807
7985,15205.99088,2,73035901.1072,0.0237896203413445
7986,15206.01088,1,73035921.1392,0.0201938246562993
7987,15206.03088,2,73035941.1328,0.0237691314770422
7988,15206.05088,1,73035961.216,0.0202573401356363
7989,15206.07088,2,73035981.1456,0.0237517159423853
7990,15206.09088,1,73036001.1392,0.0201579691437704
7991,15206.11088,2,73036021.1712,0.0238848935603499
7992,15206.13088,1,73036041.1776,0.0201784580080726
7993,15206.15088,2,73036061.3376,0.0239002602085766
7994,15206.17088,1,73036081.2032,0.0202552912492061
7995,15206.19088,2,73036101.1712,0.0238797713442744
7996,15206.21088,1,73036121.1264,0.020218411293462
7997,15206.23088,2,73036141.2608,0.0238920646628557
7998,15206.25088,1,73036161.3056,0.0201815313377179
7999,15206.27088,2,73036181.1584,0.0238695269121233
8000,15206.29088,1,73036201.1264,0.0202071424180958
8001,15206.31088,2,73036221.12,0.0239719712336345
8002,15206.33088,1,73036241.1392,0.0201928002130842
8003,15206.35088,2,73036261.1712,0.0239187001864487
8004,15206.37088,1,73036281.344,0.0201036736533694
8005,15206.39088,2,73036301.1456,0.0239576290286229
8006,15206.41088,1,73036321.1392,0.0200995758805089
8007,15206.43088,2,73036341.12,0.0238961624357162
8008,15206.45088,1,73036361.152,0.0200493781629684
8009,15206.47088,2,73036381.1968,0.0237834736820538
8010,15206.49088,1,73036401.1648,0.0200463048333231
8011,15206.51088,2,73036421.1584,0.0237742536931178
8012,15206.53088,1,73036441.1648,0.0201200647448112
8013,15206.55088,2,73036461.1712,0.0237619603745364
8014,15206.57088,1,73036481.408,0.0201251869608868
8015,15206.59088,2,73036501.1456,0.0237701559202573
8016,15206.61088,1,73036521.2544,0.0201764091216424
8017,15206.63088,2,73036541.1584,0.0238685024689081
8018,15206.65088,1,73036561.408,0.0202573401356363
8019,15206.67088,2,73036581.1712,0.0239453357100416
8020,15206.69088,1,73036601.1264,0.02024607126027
8021,15206.71088,2,73036621.1968,0.0239094801975127
8022,15206.73088,1,73036641.1776,0.0201477247116192
8023,15206.75088,2,73036661.2352,0.0239566045854078
8024,15206.77088,1,73036681.1648,0.0202266068391829
8025,15206.79088,2,73036701.184,0.0239432868236114
8026,15206.81088,1,73036721.1904,0.0201630913598459
8027,15206.83088,2,73036741.2224,0.0238715757985535
8028,15206.85088,1,73036761.2032,0.0201241625176716
8029,15206.87088,2,73036781.2736,0.0238572335935419
8030,15206.89088,1,73036801.1904,0.0201262114041019
8031,15206.91088,2,73036821.1968,0.0239074313110824
8032,15206.93088,1,73036841.2032,0.0201251869608868
8033,15206.95088,2,73036861.2736,0.023812158092077
8034,15206.97088,1,73036881.2032,0.0201344069498228
8035,15206.99088,2,73036901.2608,0.0237158604298564
8036,15207.01088,1,73036921.2032,0.0201415780523286
8037,15207.03088,2,73036941.184,0.0237732292499027
8038,15207.05088,1,73036961.3312,0.0201221136312414
8039,15207.07088,2,73036981.2992,0.023739422623804
8040,15207.09088,1,73037001.216,0.0201169914151659
8041,15207.11088,2,73037021.2224,0.0237015182248448
8042,15207.13088,1,73037041.2416,0.0201958735427295
8043,15207.15088,2,73037061.248,0.0238101092056467
8044,15207.17088,1,73037081.2544,0.0201764091216424
8045,15207.19088,2,73037101.2352,0.0237506914991702
8046,15207.21088,1,73037121.216,0.0201794824512877
8047,15207.23088,2,73037141.2352,0.0237455692830946
8048,15207.25088,1,73037161.2544,0.0201661646894913
8049,15207.27088,2,73037181.2864,0.0237189337595017
8050,15207.29088,1,73037201.2416,0.0202061179748807
8051,15207.31088,2,73037221.2224,0.0237496670559551
8052,15207.33088,1,73037241.2544,0.0201979224291598
8053,15207.35088,2,73037261.2736,0.0238152314217223
8054,15207.37088,1,73037281.2416,0.0202194357366771
8055,15207.39088,2,73037301.2864,0.0237609359313213
8056,15207.41088,1,73037321.2416,0.0202624623517118
8057,15207.43088,2,73037341.2608,0.0237168848730715
8058,15207.45088,1,73037361.28,0.0201968979859446
8059,15207.47088,2,73037381.2736,0.0237517159423853
8060,15207.49088,1,73037401.3952,0.0202204601798922
8061,15207.51088,2,73037421.2736,0.0238019136599258
8062,15207.53088,1,73037441.2928,0.0201671891327064
8063,15207.55088,2,73037461.2864,0.0237629848177516
8064,15207.57088,1,73037481.3056,0.0201333825066077
8065,15207.59088,2,73037501.2864,0.0237097137705657
8066,15207.61088,1,73037521.28,0.0201374802794681
8067,15207.63088,2,73037541.2864,0.0237599114881062
8068,15207.65088,1,73037561.2928,0.0201610424734157
8069,15207.67088,2,73037581.5168,0.0236882004630483
8070,15207.69088,1,73037601.3184,0.0201917757698691
8071,15207.71088,2,73037621.2736,0.0238008892167107
8072,15207.73088,1,73037641.3824,0.0201805068945028
8073,15207.75088,2,73037661.376,0.0236994693384146
8074,15207.77088,1,73037681.2672,0.0201415780523286
8075,15207.79088,2,73037701.3632,0.0236800049173274
8076,15207.81088,1,73037721.2928,0.0201538713709099
8077,15207.83088,2,73037741.2992,0.0237271293052226
8078,15207.85088,1,73037761.3056,0.020173335791997
8079,15207.87088,2,73037781.2992,0.0237640092609667
8080,15207.89088,1,73037801.3184,0.0201538713709099
8081,15207.91088,2,73037821.2992,0.023712787100211
8082,15207.93088,1,73037841.3056,0.0201866535537935
8083,15207.95088,2,73037861.3376,0.0236687360419612
8084,15207.97088,1,73037881.5488,0.0201600180302006
8085,15207.99088,2,73037901.3376,0.0236922982359088
8086,15208.01088,1,73037921.3312,0.0201661646894913
8087,15208.03088,2,73037941.3888,0.023703567111275
8088,15208.05088,1,73037961.3824,0.0201415780523286
8089,15208.07088,2,73037981.3376,0.0237353248509435
8090,15208.09088,1,73038001.344,0.0201825557809331
8091,15208.11088,2,73038021.312,0.023685127133403
8092,15208.13088,1,73038041.3696,0.0202163624070318
8093,15208.15088,2,73038061.3504,0.0237353248509435
8094,15208.17088,1,73038081.4464,0.0201385047226832
8095,15208.19088,2,73038101.3632,0.0236697604851763
8096,15208.21088,1,73038121.3312,0.0201344069498228
8097,15208.23088,2,73038141.3888,0.0237404470670191
8098,15208.25088,1,73038161.3824,0.0201651402462762
8099,15208.27088,2,73038181.376,0.023675907144467
8100,15208.29088,1,73038201.3696,0.0202225090663225
8101,15208.31088,2,73038221.3632,0.0237343004077284
8102,15208.33088,1,73038241.3696,0.0201333825066077
8103,15208.35088,2,73038261.3888,0.0236820538037577
8104,15208.37088,1,73038281.4464,0.0201395291658983
8105,15208.39088,2,73038301.3632,0.0236974204519843
8106,15208.41088,1,73038321.3696,0.0202348023849038
8107,15208.43088,2,73038341.3632,0.023685127133403
8108,15208.45088,1,73038361.3952,0.020173335791997
8109,15208.47088,2,73038381.4272,0.0236882004630483
8110,15208.49088,1,73038401.3824,0.0201200647448112
8111,15208.51088,2,73038421.3888,0.02374864261274
8112,15208.53088,1,73038441.3824,0.0201385047226832
8113,15208.55088,2,73038461.4528,0.0237117626569959
8114,15208.57088,1,73038481.6256,0.0201497735980495
8115,15208.59088,2,73038501.4656,0.0237568381584609
8116,15208.61088,1,73038521.4208,0.0201323580633925
8117,15208.63088,2,73038541.44,0.023703567111275
8118,15208.65088,1,73038561.408,0.0201579691437704
8119,15208.67088,2,73038581.4144,0.0236830782469728
8120,15208.69088,1,73038601.472,0.0201436269387588
8121,15208.71088,2,73038621.4144,0.0236451738480136
8122,15208.73088,1,73038641.3824,0.0201579691437704
8123,15208.75088,2,73038661.4784,0.0237076648841355
8124,15208.77088,1,73038681.5744,0.0200985514372938
8125,15208.79088,2,73038701.4272,0.0237701559202573
8126,15208.81088,1,73038721.408,0.020209191304526
8127,15208.83088,2,73038741.4912,0.0236246849837114
8128,15208.85088,1,73038761.4336,0.0201589935869855
8129,15208.87088,2,73038781.4144,0.0236677115987461
8130,15208.89088,1,73038801.472,0.020164115803061
8131,15208.91088,2,73038821.44,0.023694347122339
8132,15208.93088,1,73038841.4208,0.020164115803061
8133,15208.95088,2,73038861.504,0.0237138115434261
8134,15208.97088,1,73038881.5232,0.0200965025508636
8135,15208.99088,2,73038901.44,0.0236974204519843
8136,15209.01088,1,73038921.4848,0.0201753846784273
8137,15209.03088,2,73038941.4528,0.0237568381584609
8138,15209.05088,1,73038961.5488,0.0201497735980495
8139,15209.07088,2,73038981.4656,0.0235765361526011
8140,15209.09088,1,73039001.4848,0.0201292847337472
8141,15209.11088,2,73039021.4656,0.0237168848730715
8142,15209.13088,1,73039041.4592,0.0201661646894913
8143,15209.15088,2,73039061.4912,0.0236707849283914
8144,15209.17088,1,73039081.472,0.0201241625176716
8145,15209.19088,2,73039101.4272,0.023666687155531
8146,15209.21088,1,73039121.5104,0.0201118691990903
8147,15209.23088,2,73039141.4784,0.0237281537484377
8148,15209.25088,1,73039161.536,0.0201600180302006
8149,15209.27088,2,73039181.5424,0.0237117626569959
8150,15209.29088,1,73039201.4848,0.0202081668613109
8151,15209.31088,2,73039221.4784,0.0236820538037577
8152,15209.33088,1,73039241.472,0.0200872825619276
8153,15209.35088,2,73039261.4912,0.0237230315323622
8154,15209.37088,1,73039281.5744,0.0200954781076485
8155,15209.39088,2,73039301.4912,0.0236369783022927
8156,15209.41088,1,73039321.536,0.0200585981519044
8157,15209.43088,2,73039341.4912,0.0236431249615834
8158,15209.45088,1,73039361.5232,0.0200883070051427
8159,15209.47088,2,73039381.5296,0.0235990739033335
8160,15209.49088,1,73039401.4848,0.0200483537197533
8161,15209.51088,2,73039421.5168,0.0236431249615834
8162,15209.53088,1,73039441.5104,0.0200309381850964
8163,15209.55088,2,73039461.5808,0.0235519495154384
8164,15209.57088,1,73039481.5744,0.0199561538303932
8165,15209.59088,2,73039501.5168,0.0236011227897638
8166,15209.61088,1,73039521.5744,0.0200811359026369
8167,15209.63088,2,73039541.5168,0.023558096174729
8168,15209.65088,1,73039561.5616,0.0200319626283115
8169,15209.67088,2,73039581.5296,0.0235714139365255
8170,15209.69088,1,73039601.6128,0.0200463048333231
8171,15209.71088,2,73039621.5168,0.0235191673325548
8172,15209.73088,1,73039641.5488,0.020036060401172
8173,15209.75088,2,73039661.5936,0.0236093183354847
8174,15209.77088,1,73039681.5488,0.0200073759911488
8175,15209.79088,2,73039701.5552,0.0235345339807814
8176,15209.81088,1,73039721.536,0.0200217181961604
8177,15209.83088,2,73039741.568,0.0235775605958162
8178,15209.85088,1,73039761.6384,0.0199950826725675
8179,15209.87088,2,73039781.5808,0.0235324850943512
8180,15209.89088,1,73039801.5488,0.02006372036798
8181,15209.91088,2,73039821.5552,0.0235693650500953
8182,15209.93088,1,73039841.5744,0.0200217181961604
8183,15209.95088,2,73039861.6576,0.0235509250722232
8184,15209.97088,1,73039881.7024,0.0200299137418813
8185,15209.99088,2,73039901.568,0.0235908783576126
8186,15210.01088,1,73039921.5616,0.020036060401172
8187,15210.03088,2,73039941.632,0.023511996230049
8188,15210.05088,1,73039961.6128,0.0200381092876022
8189,15210.07088,2,73039981.6448,0.0234976540250374
8190,15210.09088,1,73040001.7408,0.0200247915258057
8191,15210.11088,2,73040021.5808,0.023511996230049
8192,15210.13088,1,73040041.5744,0.0200288892986662
8193,15210.15088,2,73040061.568,0.0235468272993628
8194,15210.17088,1,73040081.6128,0.0200012293318581
8195,15210.19088,2,73040101.5936,0.0235181428893396
8196,15210.21088,1,73040121.5744,0.0200299137418813
8197,15210.23088,2,73040141.6832,0.0235345339807814
8198,15210.25088,1,73040161.6384,0.0199961071157826
8199,15210.27088,2,73040181.6704,0.0234699940582294
8200,15210.29088,1,73040201.6128,0.0200288892986662
8201,15210.31088,2,73040221.5808,0.0236195627676358
8202,15210.33088,1,73040241.6384,0.0199981560022128
8203,15210.35088,2,73040261.6832,0.0234966295818223
8204,15210.37088,1,73040281.6128,0.0200381092876022
8205,15210.39088,2,73040301.632,0.0236410760751532
8206,15210.41088,1,73040321.6128,0.0200585981519044
8207,15210.43088,2,73040341.6064,0.0236492716208741
8208,15210.45088,1,73040361.6384,0.0201354313930379
8209,15210.47088,2,73040381.6064,0.0236707849283914
8210,15210.49088,1,73040401.6768,0.0200749892433462
8211,15210.51088,2,73040421.6192,0.0237004937816297
8212,15210.53088,1,73040441.7152,0.0201764091216424
8213,15210.55088,2,73040461.632,0.0236677115987461
8214,15210.57088,1,73040481.664,0.020118015858381
8215,15210.59088,2,73040501.6192,0.023640051631938
8216,15210.61088,1,73040521.6384,0.0201251869608868
8217,15210.63088,2,73040541.6576,0.0236707849283914
8218,15210.65088,1,73040561.7152,0.0202153379638167
8219,15210.67088,2,73040581.8496,0.0236605404962403
8220,15210.69088,1,73040601.7024,0.0201866535537935
8221,15210.71088,2,73040621.7088,0.0237332759645133
8222,15210.73088,1,73040641.7408,0.0201876779970086
8223,15210.75088,2,73040661.7216,0.0236882004630483
8224,15210.77088,1,73040681.664,0.0202040690884504
8225,15210.79088,2,73040701.6576,0.0236748827012519
8226,15210.81088,1,73040721.6512,0.0201497735980495
8227,15210.83088,2,73040741.7088,0.0237004937816297
8228,15210.85088,1,73040761.6512,0.020136455836253
8229,15210.87088,2,73040781.6576,0.0237240559755773
8230,15210.89088,1,73040801.664,0.0202102157477411
8231,15210.91088,2,73040821.6832,0.0237547892720306
8232,15210.93088,1,73040841.6768,0.0201815313377179
8233,15210.95088,2,73040861.7472,0.0237588870448911
8234,15210.97088,1,73040881.9712,0.0202266068391829
8235,15210.99088,2,73040901.7088,0.0238992357653615
8236,15211.01088,1,73040921.7152,0.0202307046120434
8237,15211.03088,2,73040941.696,0.0238541602638966
8238,15211.05088,1,73040961.728,0.0202440223738398
8239,15211.07088,2,73040981.7088,0.0238428913885303
8240,15211.09088,1,73041001.6896,0.0202245579527527
8241,15211.11088,2,73041021.7728,0.0238019136599258
8242,15211.13088,1,73041041.7152,0.0201630913598459
8243,15211.15088,2,73041061.7088,0.0238715757985535
8244,15211.17088,1,73041081.7408,0.0202061179748807
8245,15211.19088,2,73041102.0544,0.0238654291392628
8246,15211.21088,1,73041121.7024,0.0202409490441945
8247,15211.23088,2,73041141.7216,0.0237926936709898
8248,15211.25088,1,73041161.7792,0.0201753846784273
8249,15211.27088,2,73041181.696,0.0237435203966644
8250,15211.29088,1,73041201.7536,0.0202204601798922
8251,15211.31088,2,73041221.888,0.0237189337595017
8252,15211.33088,1,73041241.8688,0.0201866535537935
8253,15211.35088,2,73041261.8368,0.0238183047513676
8254,15211.37088,1,73041281.792,0.0201968979859446
8255,15211.39088,2,73041301.696,0.0237916692277747
8256,15211.41088,1,73041321.7536,0.0201344069498228
8257,15211.43088,2,73041341.76,0.0237722048066876
8258,15211.45088,1,73041361.8048,0.020218411293462
8259,15211.47088,2,73041381.8752,0.023757862601676
8260,15211.49088,1,73041401.9456,0.0201497735980495
8261,15211.51088,2,73041421.76,0.0237650337041818
8262,15211.53088,1,73041441.7536,0.0202235335095376
8263,15211.55088,2,73041461.9648,0.0236841026901879
8264,15211.57088,1,73041481.7664,0.0201743602352122
8265,15211.59088,2,73041501.8496,0.0237793759091934
8266,15211.61088,1,73041521.7664,0.0201784580080726
8267,15211.63088,2,73041541.952,0.0238428913885303
8268,15211.65088,1,73041561.8048,0.020227631282398
8269,15211.67088,2,73041581.76,0.0238265002970885
8270,15211.69088,1,73041601.7792,0.0202655356813572
8271,15211.71088,2,73041621.7728,0.0238746491281988
8272,15211.73088,1,73041641.856,0.0202266068391829
8273,15211.75088,2,73041661.888,0.0239166513000184
8274,15211.77088,1,73041681.8176,0.0202675845677874
8275,15211.79088,2,73041701.8112,0.0239555801421927
8276,15211.81088,1,73041721.7664,0.0201989468723749
8277,15211.83088,2,73041741.9264,0.024012948962239
8278,15211.85088,1,73041761.984,0.0202573401356363
8279,15211.87088,2,73041781.8624,0.0239525068125474
8280,15211.89088,1,73041801.8816,0.0202675845677874
8281,15211.91088,2,73041821.7984,0.0238756735714139
8282,15211.93088,1,73041841.9328,0.0203239289446186
8283,15211.95088,2,73041861.888,0.023921773516094
8284,15211.97088,1,73041881.8176,0.0202788534431536
8285,15211.99088,2,73041901.8752,0.0239012846517918
8286,15212.01088,1,73041921.8432,0.0202686090110025
8287,15212.03088,2,73041941.824,0.0239279201753847
8288,15212.05088,1,73041962.2144,0.0202839756592292
8289,15212.07088,2,73041982.0288,0.0238879668899953
8290,15212.09088,1,73042001.8048,0.0202952445345954
8291,15212.11088,2,73042021.8496,0.0238818202307046
8292,15212.13088,1,73042041.8688,0.0203075378531768
8293,15212.15088,2,73042061.8624,0.0240149978486692
8294,15212.17088,1,73042081.8688,0.020236851271334
8295,15212.19088,2,73042101.8752,0.0239422623803963
8296,15212.21088,1,73042121.8048,0.0203147089556826
8297,15212.23088,2,73042141.9136,0.0239156268568033
8298,15212.25088,1,73042162.0992,0.0203239289446186
8299,15212.27088,2,73042181.824,0.0238859180035651
8300,15212.29088,1,73042201.92,0.0202788534431536
8301,15212.31088,2,73042221.8368,0.023903333538222
8302,15212.33088,1,73042241.8816,0.0202542668059909
8303,15212.35088,2,73042261.9264,0.0238029381031409
8304,15212.37088,1,73042281.8432,0.0202501690331305
8305,15212.39088,2,73042301.8496,0.0238346958428094
8306,15212.41088,1,73042321.8688,0.0202655356813572
8307,15212.43088,2,73042341.888,0.0238029381031409
8308,15212.45088,1,73042361.92,0.020318806728543
8309,15212.47088,2,73042381.8624,0.0239320179482451
8310,15212.49088,1,73042401.9968,0.0202030446452353
8311,15212.51088,2,73042421.8624,0.0239596779150532
8312,15212.53088,1,73042441.9328,0.0202829512160141
8313,15212.55088,2,73042461.9264,0.0238695269121233
8314,15212.57088,1,73042481.8816,0.0202194357366771
8315,15212.59088,2,73042501.9008,0.0238244514106583
8316,15212.61088,1,73042521.8816,0.0202286557256131
8317,15212.63088,2,73042541.9008,0.0237722048066876
8318,15212.65088,1,73042561.9456,0.0201620669166308
8319,15212.67088,2,73042581.9008,0.0237465937263097
8320,15212.69088,1,73042601.8944,0.0201231380744565
8321,15212.71088,2,73042621.8624,0.0237322515212982
8322,15212.73088,1,73042641.9072,0.020045280390108
8323,15212.75088,2,73042661.9136,0.023666687155531
8324,15212.77088,1,73042681.8944,0.0200698670272707
8325,15212.79088,2,73042701.952,0.0236298071997869
8326,15212.81088,1,73042722.112,0.0200524514926138
8327,15212.83088,2,73042741.9776,0.0236533693937345
8328,15212.85088,1,73042761.9968,0.0200780625729916
8329,15212.87088,2,73042781.888,0.0235990739033335
8330,15212.89088,1,73042802.048,0.0199858626836314
8331,15212.91088,2,73042821.888,0.0236062450058393
8332,15212.93088,1,73042841.9328,0.0200381092876022
8333,15212.95088,2,73042861.9648,0.0235857561415371
8334,15212.97088,1,73042881.984,0.020009424877579
8335,15212.99088,2,73042901.9648,0.0236144405515602
8336,15213.01088,1,73042921.9456,0.0201006003237241
8337,15213.03088,2,73042941.9264,0.0236298071997869
8338,15213.05088,1,73042961.9968,0.0201128936423054
8339,15213.07088,2,73042981.9904,0.0236410760751532
8340,15213.09088,1,73043001.984,0.0199704960354048
8341,15213.11088,2,73043022.2464,0.0237097137705657
8342,15213.13088,1,73043041.984,0.0201118691990903
8343,15213.15088,2,73043061.9008,0.02361239166513
8344,15213.17088,1,73043082.0096,0.0200647448111951
8345,15213.19088,2,73043101.952,0.0236052205626242
8346,15213.21088,1,73043121.9328,0.0200442559468929
8347,15213.23088,2,73043141.9648,0.023630831643002
8348,15213.25088,1,73043161.9968,0.0199674227057594
8349,15213.27088,2,73043182.0672,0.0235724383797406
8350,15213.29088,1,73043202.0352,0.0199623004896839
8351,15213.31088,2,73043221.9904,0.0235908783576126
8352,15213.33088,1,73043241.9456,0.0200432315036778
8353,15213.35088,2,73043262.0288,0.023603171676194
8354,15213.37088,1,73043281.9584,0.0200114737640093
8355,15213.39088,2,73043302.1824,0.0236584916098101
8356,15213.41088,1,73043321.9968,0.020000204888643
8357,15213.43088,2,73043341.9904,0.0236687360419612
8358,15213.45088,1,73043361.9968,0.0200678181408405
8359,15213.47088,2,73043382.0672,0.0236093183354847
8360,15213.49088,1,73043401.9456,0.0200483537197533
8361,15213.51088,2,73043421.9776,0.0235990739033335
8362,15213.53088,1,73043442.24,0.0200329870715266
8363,15213.55088,2,73043462.2208,0.0236349294158625
8364,15213.57088,1,73043482.0352,0.0201682135759215
8365,15213.59088,2,73043502.0288,0.0237025426680599
8366,15213.61088,1,73043522.0608,0.0200749892433462
8367,15213.63088,2,73043542.0288,0.0237353248509435
8368,15213.65088,1,73043562.0736,0.0201303091769623
8369,15213.67088,2,73043582.0416,0.023666687155531
8370,15213.69088,1,73043602.048,0.0201282602905321
8371,15213.71088,2,73043621.9904,0.0237045915544901
8372,15213.73088,1,73043642.0352,0.0201333825066077
8373,15213.75088,2,73043662.08,0.0236963960087692
8374,15213.77088,1,73043682.0992,0.0201303091769623
8375,15213.79088,2,73043702.08,0.0237189337595017
8376,15213.81088,1,73043722.048,0.020154895814125
8377,15213.83088,2,73043742.0672,0.023712787100211
8378,15213.85088,1,73043762.0352,0.0201169914151659
8379,15213.87088,2,73043782.0288,0.0236718093716065
8380,15213.89088,1,73043802.0736,0.0201067469830147
8381,15213.91088,2,73043822.08,0.0236646382691007
8382,15213.93088,1,73043842.0608,0.0201333825066077
8383,15213.95088,2,73043862.1184,0.023685127133403
8384,15213.97088,1,73043882.0992,0.0201169914151659
8385,15213.99088,2,73043902.1056,0.0237383981805888
8386,15214.01088,1,73043922.0992,0.020082160345852
8387,15214.03088,2,73043942.08,0.0237322515212982
8388,15214.05088,1,73043962.2272,0.0201262114041019
8389,15214.07088,2,73043982.1056,0.0237158604298564
8390,15214.09088,1,73044002.1376,0.020091380334788
8391,15214.11088,2,73044022.0288,0.0236974204519843
8392,15214.13088,1,73044042.0992,0.0201282602905321
8393,15214.15088,2,73044062.08,0.0237240559755773
8394,15214.17088,1,73044082.0736,0.0200801114594218
8395,15214.19088,2,73044102.1056,0.0237537648288155
8396,15214.21088,1,73044122.0608,0.0200647448111951
8397,15214.23088,2,73044142.1312,0.0236369783022927
8398,15214.25088,1,73044162.112,0.0201098203126601
8399,15214.27088,2,73044182.08,0.0236339049726474
8400,15214.29088,1,73044202.1376,0.020127235847317
8401,15214.31088,2,73044222.144,0.0236902493494786
8402,15214.33088,1,73044242.1248,0.0201128936423054
8403,15214.35088,2,73044262.1824,0.0237179093162866
8404,15214.37088,1,73044282.112,0.0200278648554511
8405,15214.39088,2,73044302.1184,0.0237168848730715
8406,15214.41088,1,73044322.048,0.0201241625176716
8407,15214.43088,2,73044342.1056,0.0237209826459319
8408,15214.45088,1,73044362.2272,0.0200934292212183
8409,15214.47088,2,73044382.1184,0.0237332759645133
8410,15214.49088,1,73044402.1376,0.0201221136312414
8411,15214.51088,2,73044422.144,0.0237353248509435
8412,15214.53088,1,73044442.1376,0.0201026492101543
8413,15214.55088,2,73044462.208,0.0236502960640892
8414,15214.57088,1,73044482.1888,0.0201118691990903
8415,15214.59088,2,73044502.2336,0.0237097137705657
8416,15214.61088,1,73044522.2016,0.0200534759358289
8417,15214.63088,2,73044542.1824,0.0237312270780831
8418,15214.65088,1,73044562.1632,0.0200534759358289
8419,15214.67088,2,73044582.1312,0.0236800049173274
8420,15214.69088,1,73044602.1504,0.020091380334788
8421,15214.71088,2,73044622.1184,0.0237076648841355
8422,15214.73088,1,73044642.176,0.0200903558915729
8423,15214.75088,2,73044662.1952,0.0236318560862171
8424,15214.77088,1,73044682.1632,0.0200862581187125
8425,15214.79088,2,73044702.208,0.023685127133403
8426,15214.81088,1,73044722.1504,0.0200749892433462
8427,15214.83088,2,73044742.1824,0.0236646382691007
8428,15214.85088,1,73044762.1888,0.0200883070051427
8429,15214.87088,2,73044782.1824,0.0235878050279673
8430,15214.89088,1,73044802.2144,0.0200135226504395
8431,15214.91088,2,73044822.1696,0.023666687155531
8432,15214.93088,1,73044842.1376,0.0200463048333231
8433,15214.95088,2,73044862.3232,0.0236431249615834
8434,15214.97088,1,73044882.2144,0.020118015858381
8435,15214.99088,2,73044902.144,0.0236800049173274
8436,15215.01088,1,73044922.1504,0.0200811359026369
8437,15215.03088,2,73044942.144,0.023630831643002
8438,15215.05088,1,73044962.176,0.0201231380744565
8439,15215.07088,2,73044982.208,0.0236154649947753
8440,15215.09088,1,73045002.2144,0.0200780625729916
8441,15215.11088,2,73045022.208,0.0236779560308972
8442,15215.13088,1,73045042.1888,0.0201210891880263
8443,15215.15088,2,73045062.2848,0.0236472227344438
8444,15215.17088,1,73045082.2144,0.0201036736533694
8445,15215.19088,2,73045102.2336,0.0238070358760014
8446,15215.21088,1,73045122.2656,0.0200483537197533
8447,15215.23088,2,73045142.1952,0.0237988403302805
8448,15215.25088,1,73045162.2272,0.0200872825619276
8449,15215.27088,2,73045182.1696,0.0238203536377979
8450,15215.29088,1,73045202.2656,0.0200954781076485
8451,15215.31088,2,73045222.1696,0.023757862601676
8452,15215.33088,1,73045242.2016,0.0200483537197533
8453,15215.35088,2,73045262.208,0.0237793759091934
8454,15215.37088,1,73045282.368,0.0200606470383347
8455,15215.39088,2,73045302.208,0.0236144405515602
8456,15215.41088,1,73045322.2656,0.0201743602352122
8457,15215.43088,2,73045342.2848,0.0236636138258856
8458,15215.45088,1,73045362.2144,0.0200145470936546
8459,15215.47088,2,73045382.4,0.0236625893826705
8460,15215.49088,1,73045402.2272,0.0201098203126601
8461,15215.51088,2,73045422.2848,0.0235919028008277
8462,15215.53088,1,73045442.2144,0.0200903558915729
8463,15215.55088,2,73045462.2848,0.023685127133403
8464,15215.57088,1,73045482.2272,0.0200852336754974
8465,15215.59088,2,73045502.2336,0.0236482471776589
8466,15215.61088,1,73045522.2144,0.0200575737086893
8467,15215.63088,2,73045542.2336,0.0236748827012519
8468,15215.65088,1,73045562.2784,0.0200831847890671
8469,15215.67088,2,73045582.2848,0.0235970250169033
8470,15215.69088,1,73045602.2912,0.0200606470383347
8471,15215.71088,2,73045622.272,0.023657467166595
8472,15215.73088,1,73045642.24,0.0200954781076485
8473,15215.75088,2,73045662.2336,0.0236369783022927
8474,15215.77088,1,73045682.2528,0.020082160345852
8475,15215.79088,2,73045702.3104,0.0236533693937345
8476,15215.81088,1,73045722.24,0.0201159669719507
8477,15215.83088,2,73045742.2464,0.0236359538590776
8478,15215.85088,1,73045762.3552,0.0201169914151659
8479,15215.87088,2,73045782.3104,0.0236175138812056
8480,15215.89088,1,73045802.2784,0.0200258159690208
8481,15215.91088,2,73045822.3232,0.0235929272440429
8482,15215.93088,1,73045842.2656,0.0201426024955437
8483,15215.95088,2,73045862.4,0.023621611654066
8484,15215.97088,1,73045882.3424,0.0201190403015961
8485,15215.99088,2,73045902.2848,0.0236328805294323
8486,15216.010912,1,73045922.304,0.0200411826172475
8487,15216.030912,2,73045942.2464,0.0235898539143975
8488,15216.050912,1,73045962.3424,0.0200852336754974
8489,15216.070912,2,73045982.2976,0.0237025426680599
8490,15216.090912,1,73046002.2912,0.0201671891327064
8491,15216.110912,2,73046022.3232,0.0235857561415371
8492,15216.130912,1,73046042.3168,0.0201241625176716
8493,15216.150912,2,73046062.4768,0.0236195627676358
8494,15216.170912,1,73046082.5088,0.0201538713709099
8495,15216.190912,2,73046102.3232,0.0236072694490544
8496,15216.210912,1,73046122.432,0.0200985514372938
8497,15216.230912,2,73046142.336,0.0235775605958162
8498,15216.250912,1,73046162.368,0.0200811359026369
8499,15216.270912,2,73046182.2976,0.0235775605958162
8500,15216.290912,1,73046202.3424,0.0200780625729916
8501,15216.310912,2,73046222.2976,0.0235878050279673
8502,15216.330912,1,73046242.3808,0.0200585981519044
8503,15216.350912,2,73046262.4,0.0236882004630483
8504,15216.370912,1,73046282.6112,0.020082160345852
8505,15216.390912,2,73046302.3872,0.0235294117647059
8506,15216.410912,1,73046322.304,0.0200760136865614
8507,15216.430912,2,73046342.336,0.0235089229004036
8508,15216.450912,1,73046362.3936,0.0200801114594218
8509,15216.470912,2,73046382.3744,0.0235611695043744
8510,15216.490912,1,73046402.368,0.0200319626283115
8511,15216.510912,2,73046422.4,0.0234628229557236
8512,15216.530912,1,73046442.3808,0.0200155715368697
8513,15216.550912,2,73046462.3744,0.0235007273546827
8514,15216.570912,1,73046482.4064,0.0199981560022128
8515,15216.590912,2,73046502.336,0.0235806339254615
8516,15216.610912,1,73046522.3936,0.0199264449771549
8517,15216.630912,2,73046542.336,0.0235837072551069
8518,15216.650912,1,73046562.3424,0.0199776671379105
8519,15216.670912,2,73046582.4256,0.0236339049726474
8520,15216.690912,1,73046602.3552,0.0200555248222591
8521,15216.710912,2,73046622.4256,0.0236584916098101
8522,15216.730912,1,73046642.3808,0.0200073759911488
8523,15216.750912,2,73046662.4768,0.0236554182801647
8524,15216.770912,1,73046682.4704,0.0200585981519044
8525,15216.790912,2,73046702.4,0.0236246849837114
8526,15216.810912,1,73046722.3936,0.0200227426393755
8527,15216.830912,2,73046742.3872,0.0236902493494786
8528,15216.850912,1,73046762.5472,0.0200647448111951
8529,15216.870912,2,73046782.3232,0.0237179093162866
8530,15216.890912,1,73046802.496,0.020054500379044
8531,15216.910912,2,73046822.4,0.0237926936709898
8532,15216.930912,1,73046842.3552,0.020127235847317
8533,15216.950912,2,73046862.464,0.0237619603745364
8534,15216.970912,1,73046882.4448,0.0200995758805089
8535,15216.990912,2,73046902.4,0.023849038047821
8536,15217.010912,1,73046922.368,0.0201067469830147
8537,15217.030912,2,73046942.4512,0.0238285491835188
8538,15217.050912,1,73046962.5088,0.0201426024955437
8539,15217.070912,2,73046982.4256,0.023767082590612
8540,15217.090912,1,73047002.4576,0.0200801114594218
8541,15217.110912,2,73047022.4256,0.0238080603192165
8542,15217.130912,1,73047042.4192,0.0200801114594218
8543,15217.150912,2,73047062.5664,0.0239043579814371
8544,15217.170912,1,73047082.5088,0.0200596225951196
8545,15217.190912,2,73047102.4512,0.0238049869895712
8546,15217.210912,1,73047122.3936,0.020082160345852
8547,15217.230912,2,73047142.4128,0.0238080603192165
8548,15217.250912,1,73047162.4832,0.0200381092876022
8549,15217.270912,2,73047182.4384,0.0236984448951995
8550,15217.290912,1,73047202.432,0.0200493781629684
8551,15217.310912,2,73047222.4384,0.02374864261274
8552,15217.330912,1,73047242.4576,0.0200329870715266
8553,15217.350912,2,73047262.5664,0.0236472227344438
8554,15217.370912,1,73047282.4704,0.0200165959800848
8555,15217.390912,2,73047302.4512,0.0236687360419612
8556,15217.410912,1,73047322.4704,0.0200381092876022
8557,15217.430912,2,73047342.4256,0.0235324850943512
8558,15217.450912,1,73047362.496,0.019963324932899
8559,15217.470912,2,73047382.4896,0.0235376073104268
8560,15217.490912,1,73047402.4704,0.0199776671379105
8561,15217.510912,2,73047422.464,0.0235734628229557
8562,15217.530912,1,73047442.4704,0.0199776671379105
8563,15217.550912,2,73047462.528,0.0235437539697175
8564,15217.570912,1,73047482.4832,0.0200032782182884
8565,15217.590912,2,73047502.5024,0.0235509250722232
8566,15217.610912,1,73047522.5088,0.0200053271047186
8567,15217.630912,2,73047542.464,0.0236461982912287
8568,15217.650912,1,73047562.5216,0.0199797160243408
8569,15217.670912,2,73047582.464,0.0236841026901879
8570,15217.690912,1,73047602.4832,0.020036060401172
8571,15217.710912,2,73047622.464,0.0236021472329789
8572,15217.730912,1,73047642.5216,0.0199756182514803
8573,15217.750912,2,73047662.592,0.0236359538590776
8574,15217.770912,1,73047682.5216,0.0200616714815498
8575,15217.790912,2,73047702.5408,0.0236359538590776
8576,15217.810912,1,73047722.5216,0.0199991804454279
8577,15217.830912,2,73047742.5024,0.0236328805294323
8578,15217.850912,1,73047762.5472,0.0200739648001311
8579,15217.870912,2,73047782.5024,0.023640051631938
8580,15217.890912,1,73047802.5472,0.0200124982072244
8581,15217.910912,2,73047822.4896,0.0236564427233798
8582,15217.930912,1,73047842.4832,0.0201016247669392
8583,15217.950912,2,73047862.6176,0.0236318560862171
8584,15217.970912,1,73047882.7008,0.0201651402462762
8585,15217.990912,2,73047902.6048,0.0236359538590776
8586,15218.010912,1,73047922.5088,0.0200575737086893
8587,15218.030912,2,73047942.464,0.0236431249615834
8588,15218.050912,1,73047962.624,0.0201169914151659
8589,15218.070912,2,73047982.5536,0.02361239166513
8590,15218.090912,1,73048002.5472,0.020091380334788
8591,15218.110912,2,73048022.5408,0.0236461982912287
8592,15218.130912,1,73048042.56,0.0201374802794681
8593,15218.150912,2,73048062.6688,0.0236625893826705
8594,15218.170912,1,73048082.5984,0.0201671891327064
8595,15218.190912,2,73048102.528,0.0237404470670191
8596,15218.210912,1,73048122.5088,0.0200719159137009
8597,15218.230912,2,73048142.5536,0.023703567111275
8598,15218.250912,1,73048162.6624,0.0201098203126601
8599,15218.270912,2,73048182.5536,0.023675907144467
8600,15218.290912,1,73048202.56,0.0201415780523286
8601,15218.310912,2,73048222.528,0.0235765361526011
8602,15218.330912,1,73048242.5216,0.0200831847890671
8603,15218.350912,2,73048262.6304,0.0236431249615834
8604,15218.370912,1,73048282.56,0.020054500379044
8605,15218.390912,2,73048302.592,0.0236707849283914
8606,15218.410912,1,73048322.5856,0.0201128936423054
8607,15218.430912,2,73048342.5536,0.0236513205073043
8608,15218.450912,1,73048362.6368,0.0201497735980495
8609,15218.470912,2,73048382.5792,0.0235734628229557
8610,15218.490912,1,73048402.5856,0.0200575737086893
8611,15218.510912,2,73048422.6176,0.0235929272440429
8612,15218.530912,1,73048442.6112,0.0201303091769623
8613,15218.550912,2,73048462.5792,0.023675907144467
8614,15218.570912,1,73048482.6112,0.0201262114041019
8615,15218.590912,2,73048502.6176,0.0236369783022927
8616,15218.610912,1,73048522.6624,0.0201344069498228
8617,15218.630912,2,73048542.6048,0.0236800049173274
8618,15218.650912,1,73048562.624,0.0200975269940787
8619,15218.670912,2,73048582.6048,0.0236677115987461
8620,15218.690912,1,73048602.5984,0.0201682135759215
8621,15218.710912,2,73048622.5792,0.0236103427786998
8622,15218.730912,1,73048642.624,0.0200872825619276
8623,15218.750912,2,73048662.7072,0.0236748827012519
8624,15218.770912,1,73048682.688,0.0201815313377179
8625,15218.790912,2,73048702.592,0.0236687360419612
8626,15218.810912,1,73048722.624,0.0201385047226832
8627,15218.830912,2,73048742.6176,0.0236953715655541
8628,15218.850912,1,73048762.6112,0.0201139180855205
8629,15218.870912,2,73048782.6432,0.0236687360419612
8630,15218.890912,1,73048802.7392,0.0201702624623517
8631,15218.910912,2,73048822.6304,0.0237476181695249
8632,15218.930912,1,73048842.5984,0.0201538713709099
8633,15218.950912,2,73048862.8352,0.0237496670559551
8634,15218.970912,1,73048882.7776,0.0201333825066077
8635,15218.990912,2,73048902.6176,0.0237445448398795
8636,15219.010912,1,73048922.6112,0.0201518224844797
8637,15219.030912,2,73048942.6304,0.0237158604298564
8638,15219.050912,1,73048962.6496,0.0201415780523286
8639,15219.070912,2,73048982.6432,0.0237435203966644
8640,15219.090912,1,73049002.6752,0.0201436269387588
8641,15219.110912,2,73049022.6688,0.0237107382137808
8642,15219.130912,1,73049042.6496,0.0201784580080726
8643,15219.150912,2,73049062.72,0.0236933226791239
8644,15219.170912,1,73049082.6368,0.0201395291658983
8645,15219.190912,2,73049102.6432,0.0237332759645133
8646,15219.210912,1,73049122.6752,0.0202071424180958
8647,15219.230912,2,73049142.6816,0.0237906447845596
8648,15219.250912,1,73049162.6624,0.020190751326654
8649,15219.270912,2,73049182.6688,0.0237465937263097
8650,15219.290912,1,73049202.688,0.0202020202020202
8651,15219.310912,2,73049222.6176,0.0237506914991702
8652,15219.330912,1,73049242.688,0.0202307046120434
8653,15219.350912,2,73049262.7712,0.0237343004077284
8654,15219.370912,1,73049282.7392,0.0202030446452353
8655,15219.390912,2,73049302.6816,0.0237517159423853
8656,15219.410912,1,73049322.688,0.0202409490441945
8657,15219.430912,2,73049342.7072,0.0237148359866413
8658,15219.450912,1,73049362.7136,0.0201589935869855
8659,15219.470912,2,73049382.7328,0.0237353248509435
8660,15219.490912,1,73049402.688,0.0202122646341713
8661,15219.510912,2,73049422.656,0.0237230315323622
8662,15219.530912,1,73049442.688,0.0201395291658983
8663,15219.550912,2,73049462.7712,0.0236738582580368
8664,15219.570912,1,73049482.7392,0.0201589935869855
8665,15219.590912,2,73049502.7328,0.0238039625463561
8666,15219.610912,1,73049522.7136,0.0202061179748807
8667,15219.630912,2,73049542.72,0.0237373737373737
8668,15219.650912,1,73049562.8032,0.0201589935869855
8669,15219.670912,2,73049582.7072,0.0237609359313213
8670,15219.690912,1,73049602.7392,0.0201784580080726
8671,15219.710912,2,73049622.8608,0.0237056159977052
8672,15219.730912,1,73049642.752,0.0201743602352122
8673,15219.750912,2,73049662.8096,0.0236738582580368
8674,15219.770912,1,73049682.7008,0.0201426024955437
8675,15219.790912,2,73049702.7328,0.023675907144467
8676,15219.810912,1,73049722.7648,0.0201835802241482
8677,15219.830912,2,73049742.7328,0.0236533693937345
8678,15219.850912,1,73049762.7648,0.0201559202573401
8679,15219.870912,2,73049782.72,0.0236093183354847
8680,15219.890912,1,73049802.7392,0.0201057225397996
8681,15219.910912,2,73049822.8224,0.0236656627123159
8682,15219.930912,1,73049842.7392,0.0200985514372938
8683,15219.950912,2,73049862.8096,0.0235796094822464
8684,15219.970912,1,73049882.7904,0.0201149425287356
8685,15219.990912,2,73049902.7328,0.0235171184461245
8686,15220.010912,1,73049922.7648,0.0200504026061835
8687,15220.030912,2,73049942.8224,0.0235447784129326
8688,15220.050912,1,73049962.7904,0.0200217181961604
8689,15220.070912,2,73049982.7584,0.0236144405515602
8690,15220.090912,1,73050002.752,0.0200626959247649
8691,15220.110912,2,73050022.784,0.0236154649947753
8692,15220.130912,1,73050042.7648,0.0201006003237241
8693,15220.150912,2,73050062.7584,0.0236175138812056
8694,15220.170912,1,73050082.8032,0.0200596225951196
8695,15220.190912,2,73050102.7712,0.0236738582580368
8696,15220.210912,1,73050122.7648,0.0200924047780032
8697,15220.230912,2,73050142.7584,0.0235816583686766
8698,15220.250912,1,73050162.8032,0.0200565492654742
8699,15220.270912,2,73050182.7584,0.0236738582580368
8700,15220.290912,1,73050202.7904,0.020045280390108
8701,15220.310912,2,73050222.7328,0.0236349294158625
8702,15220.330912,1,73050242.7904,0.0200698670272707
8703,15220.350912,2,73050262.848,0.0236841026901879
8704,15220.370912,1,73050282.7776,0.0200678181408405
8705,15220.390912,2,73050302.7456,0.0235816583686766
8706,15220.410912,1,73050322.8032,0.0200473292765382
8707,15220.430912,2,73050342.784,0.0236841026901879
8708,15220.450912,1,73050362.8544,0.0200043026615035
8709,15220.470912,2,73050382.9632,0.0236646382691007
8710,15220.490912,1,73050402.8032,0.0200381092876022
8711,15220.510912,2,73050422.8608,0.0237609359313213
8712,15220.530912,1,73050442.8032,0.0200432315036778
8713,15220.550912,2,73050462.7968,0.0236718093716065
8714,15220.570912,1,73050482.8416,0.0200463048333231
8715,15220.590912,2,73050502.8096,0.0236933226791239
8716,15220.610912,1,73050522.8288,0.020026840412236
8717,15220.630912,2,73050542.8352,0.0236113672219149
8718,15220.650912,1,73050562.8928,0.020072940356916
8719,15220.670912,2,73050582.912,0.0236902493494786
8720,15220.690912,1,73050602.8416,0.0199950826725675
8721,15220.710912,2,73050622.8352,0.0236820538037577
8722,15220.730912,1,73050642.8672,0.02006372036798
8723,15220.750912,2,73050662.848,0.0236656627123159
8724,15220.770912,1,73050682.7904,0.0200176204232999
8725,15220.790912,2,73050702.8864,0.0237568381584609
8726,15220.810912,1,73050722.816,0.0199940582293523
8727,15220.830912,2,73050742.8608,0.0237445448398795
8728,15220.850912,1,73050762.88,0.0200227426393755
8729,15220.870912,2,73050782.8352,0.0236646382691007
8730,15220.890912,1,73050802.88,0.0200739648001311
8731,15220.910912,2,73050822.8224,0.0237189337595017
8732,15220.930912,1,73050842.8416,0.0200965025508636
8733,15220.950912,2,73050862.9888,0.0237281537484377
8734,15220.970912,1,73050882.8544,0.0200176204232999
8735,15220.990912,2,73050902.848,0.0236000983465487
8736,15221.010912,1,73050922.9056,0.0200227426393755
8737,15221.030912,2,73050942.848,0.0236789804741123
8738,15221.050912,1,73050962.8928,0.0200862581187125
8739,15221.070912,2,73050982.8992,0.0236707849283914
8740,15221.090912,1,73051002.9696,0.0200708914704858
8741,15221.110912,2,73051022.848,0.0236113672219149
8742,15221.130912,1,73051042.8928,0.0200801114594218
8743,15221.150912,2,73051062.8608,0.0235406806400721
8744,15221.170912,1,73051082.9184,0.0200678181408405
8745,15221.190912,2,73051102.8736,0.0236267338701416
8746,15221.210912,1,73051122.9312,0.0200247915258057
8747,15221.230912,2,73051142.912,0.0235683406068802
8748,15221.250912,1,73051162.944,0.0200165959800848
8749,15221.270912,2,73051182.8992,0.0236974204519843
8750,15221.290912,1,73051202.88,0.0200770381297765
8751,15221.310912,2,73051222.8736,0.0236236605404962
8752,15221.330912,1,73051242.8928,0.0200043026615035
8753,15221.350912,2,73051262.8736,0.0236646382691007
8754,15221.370912,1,73051282.9824,0.0200667936976253
8755,15221.390912,2,73051302.912,0.0236246849837114
8756,15221.410912,1,73051322.9056,0.0200596225951196
8757,15221.430912,2,73051342.8992,0.0236236605404962
8758,15221.450912,1,73051362.944,0.0199950826725675
8759,15221.470912,2,73051382.9504,0.0235683406068802
8760,15221.490912,1,73051402.9184,0.0199684471489745
8761,15221.510912,2,73051422.9248,0.0236185383244207
8762,15221.530912,1,73051442.9056,0.0201026492101543
8763,15221.550912,2,73051462.9376,0.023548876185793
8764,15221.570912,1,73051482.9568,0.0200493781629684
8765,15221.590912,2,73051502.8864,0.0235355584239966
8766,15221.610912,1,73051522.9056,0.0200247915258057
8767,15221.630912,2,73051542.9376,0.0235662917204499
8768,15221.650912,1,73051562.9568,0.0200524514926138
8769,15221.670912,2,73051582.9504,0.0236144405515602
8770,15221.690912,1,73051602.9312,0.0201231380744565
8771,15221.710912,2,73051622.9376,0.0235703894933104
8772,15221.730912,1,73051642.9952,0.0201098203126601
8773,15221.750912,2,73051662.9376,0.0236410760751532
8774,15221.770912,1,73051683.3664,0.0200155715368697
8775,15221.790912,2,73051702.9376,0.0235765361526011
8776,15221.810912,1,73051722.9824,0.0200329870715266
8777,15221.830912,2,73051743.0016,0.0235970250169033
8778,15221.850912,1,73051763.0336,0.0200155715368697
8779,15221.870912,2,73051782.976,0.0236390271887229
8780,15221.890912,1,73051802.9184,0.0200995758805089
8781,15221.910912,2,73051822.976,0.0236082938922696
8782,15221.930912,1,73051842.9568,0.0200698670272707
8783,15221.950912,2,73051863.0016,0.0235335095375663
8784,15221.970912,1,73051882.9824,0.0200698670272707
8785,15221.990912,2,73051903.0784,0.0235703894933104
8786,15222.010912,1,73051923.0464,0.0200043026615035
8787,15222.030912,2,73051942.9632,0.0235632183908046
8788,15222.050912,1,73051962.9824,0.0200247915258057
8789,15222.070912,2,73051982.9888,0.023593951687258
8790,15222.090912,1,73052003.072,0.0200596225951196
8791,15222.110912,2,73052022.9888,0.0235181428893396
8792,15222.130912,1,73052042.9824,0.019981764910771
8793,15222.150912,2,73052063.0272,0.0235263384350605
8794,15222.170912,1,73052083.0208,0.0200370848443871
8795,15222.190912,2,73052103.0272,0.0236041961194091
8796,15222.210912,1,73052123.0976,0.0200883070051427
8797,15222.230912,2,73052143.0144,0.0235468272993628
8798,15222.250912,1,73052163.072,0.0199920093429221
8799,15222.270912,2,73052182.976,0.0236154649947753
8800,15222.290912,1,73052203.0208,0.0200370848443871
8801,15222.310912,2,73052222.9888,0.023511996230049
8802,15222.330912,1,73052243.0336,0.019981764910771
8803,15222.350912,2,73052263.0656,0.0235509250722232
8804,15222.370912,1,73052282.9696,0.0200176204232999
8805,15222.390912,2,73052303.0272,0.0235724383797406
8806,15222.410912,1,73052323.0592,0.0200381092876022
8807,15222.430912,2,73052343.04,0.0234792140471654
8808,15222.450912,1,73052363.072,0.0200698670272707
8809,15222.470912,2,73052383.04,0.0236021472329789
8810,15222.490912,1,73052403.0208,0.0200217181961604
8811,15222.510912,2,73052423.04,0.0236359538590776
8812,15222.530912,1,73052443.0208,0.0200227426393755
8813,15222.550912,2,73052463.1424,0.0236687360419612
8814,15222.570912,1,73052483.0592,0.0200278648554511
8815,15222.590912,2,73052503.04,0.0236769315876821
8816,15222.610912,1,73052523.0208,0.0200483537197533
8817,15222.630912,2,73052543.0784,0.0236277583133567
8818,15222.650912,1,73052563.0592,0.0200104493207941
8819,15222.670912,2,73052583.0912,0.0235990739033335
8820,15222.690912,1,73052603.0848,0.0200206937529453
8821,15222.710912,2,73052623.0656,0.0235949761304731
8822,15222.730912,1,73052643.0848,0.0200483537197533
8823,15222.750912,2,73052663.1808,0.0235478517425779
8824,15222.770912,1,73052683.0848,0.0200114737640093
8825,15222.790912,2,73052703.2192,0.0235857561415371
8826,15222.810912,1,73052723.0336,0.0200411826172475
8827,15222.830912,2,73052743.0656,0.0236451738480136
8828,15222.850912,1,73052763.1872,0.0200043026615035
8829,15222.870912,2,73052783.04,0.0235601450611593
8830,15222.890912,1,73052803.0848,0.0199920093429221
8831,15222.910912,2,73052823.0912,0.023567316163665
8832,15222.930912,1,73052843.072,0.0199981560022128
8833,15222.950912,2,73052863.1296,0.0236461982912287
8834,15222.970912,1,73052883.0976,0.0200309381850964
8835,15222.990912,2,73052903.1808,0.0237271293052226
8836,15223.010912,1,73052923.0976,0.0200422070604626
8837,15223.030912,2,73052943.1808,0.0237271293052226
8838,15223.050912,1,73052963.1232,0.0200473292765382
8839,15223.070912,2,73052983.104,0.0237732292499027
8840,15223.090912,1,73053003.0976,0.0200432315036778
8841,15223.110912,2,73053023.1424,0.0238203536377979
8842,15223.130912,1,73053043.0848,0.0200135226504395
8843,15223.150912,2,73053063.1168,0.0237681070338271
8844,15223.170912,1,73053083.2128,0.0200596225951196
8845,15223.190912,2,73053103.1168,0.0237414715102342
8846,15223.210912,1,73053123.1104,0.0200340115147417
8847,15223.230912,2,73053143.1296,0.0237168848730715
8848,15223.250912,1,73053163.1488,0.0200165959800848
8849,15223.270912,2,73053183.1552,0.0236646382691007
8850,15223.290912,1,73053203.136,0.02006372036798
8851,15223.310912,2,73053223.1168,0.0236810293605425
8852,15223.330912,1,73053243.1872,0.0201046980965845
8853,15223.350912,2,73053263.2064,0.0236513205073043
8854,15223.370912,1,73053283.136,0.0200585981519044
8855,15223.390912,2,73053303.1424,0.0236482471776589
8856,15223.410912,1,73053323.2,0.0200483537197533
8857,15223.430912,2,73053343.1296,0.0236298071997869
8858,15223.450912,1,73053363.1744,0.0200217181961604
8859,15223.470912,2,73053383.1424,0.0236144405515602
8860,15223.490912,1,73053403.1488,0.0200165959800848
8861,15223.510912,2,73053423.1552,0.0236236605404962
8862,15223.530912,1,73053443.1488,0.0200022537750732
8863,15223.550912,2,73053463.3728,0.0236882004630483
8864,15223.570912,1,73053483.2,0.0200719159137009
8865,15223.590912,2,73053503.1808,0.023621611654066
8866,15223.610912,1,73053523.3152,0.0200053271047186
8867,15223.630912,2,73053543.2064,0.023657467166595
8868,15223.650912,1,73053563.1616,0.0200022537750732
8869,15223.670912,2,73053583.2704,0.023694347122339
8870,15223.690912,1,73053603.2128,0.0200329870715266
8871,15223.710912,2,73053623.2064,0.0236636138258856
8872,15223.730912,1,73053643.1616,0.0200340115147417
8873,15223.750912,2,73053663.1808,0.0237383981805888
8874,15223.770912,1,73053683.4816,0.0200237670825906
8875,15223.790912,2,73053703.1552,0.0236830782469728
8876,15223.810912,1,73053723.1872,0.020091380334788
8877,15223.830912,2,73053743.2192,0.0236728338148216
8878,15223.850912,1,73053763.2256,0.0200084004343639
8879,15223.870912,2,73053783.1808,0.0236502960640892
8880,15223.890912,1,73053803.1744,0.0199745938082652
8881,15223.910912,2,73053823.1552,0.0236000983465487
8882,15223.930912,1,73053843.1872,0.0200206937529453
8883,15223.950912,2,73053863.2192,0.0237496670559551
8884,15223.970912,1,73053883.3408,0.0200975269940787
8885,15223.990912,2,73053903.2064,0.0237086893273506
8886,15224.010912,1,73053923.2128,0.0200135226504395
8887,15224.030912,2,73053943.1936,0.0236902493494786
8888,15224.050912,1,73053963.2896,0.020072940356916
8889,15224.070912,2,73053983.232,0.0237732292499027
8890,15224.090912,1,73054003.2256,0.0200411826172475
8891,15224.110912,2,73054023.232,0.0236841026901879
8892,15224.130912,1,73054043.2256,0.0200422070604626
8893,15224.150912,2,73054063.2448,0.0237015182248448
8894,15224.170912,1,73054083.2896,0.0201006003237241
8895,15224.190912,2,73054103.2448,0.0238049869895712
8896,15224.210912,1,73054123.264,0.0201108447558752
8897,15224.230912,2,73054143.2576,0.0236974204519843
8898,15224.250912,1,73054163.2896,0.0200606470383347
8899,15224.270912,2,73054183.2704,0.0237332759645133
8900,15224.290912,1,73054203.2512,0.0201077714262298
8901,15224.310912,2,73054223.2448,0.0236185383244207
8902,15224.330912,1,73054243.2896,0.0200575737086893
8903,15224.350912,2,73054263.2704,0.0236000983465487
8904,15224.370912,1,73054283.2128,0.020000204888643
8905,15224.390912,2,73054303.2704,0.0236205872108509
8906,15224.410912,1,73054323.264,0.0199858626836314
8907,15224.430912,2,73054343.2192,0.0237199582027168
8908,15224.450912,1,73054363.2768,0.0200442559468929
8909,15224.470912,2,73054383.4112,0.0237783514659782
8910,15224.490912,1,73054403.328,0.020009424877579
8911,15224.510912,2,73054423.36,0.0238111336488618
8912,15224.530912,1,73054443.2896,0.0200770381297765
8913,15224.550912,2,73054463.2704,0.0236871760198332
8914,15224.570912,1,73054483.2896,0.0200432315036778
8915,15224.590912,2,73054503.2448,0.0237291781916528
8916,15224.610912,1,73054523.3152,0.0199899604564919
8917,15224.630912,2,73054543.3088,0.0236974204519843
8918,15224.650912,1,73054563.2768,0.0200135226504395
8919,15224.670912,2,73054583.296,0.0238551847071117
8920,15224.690912,1,73054603.3664,0.0200463048333231
8921,15224.710912,2,73054623.296,0.0238408425021001
8922,15224.730912,1,73054643.2768,0.0200852336754974
8923,15224.750912,2,73054663.3344,0.023694347122339
8924,15224.770912,1,73054683.4432,0.0200391337308173
8925,15224.790912,2,73054703.3216,0.0236810293605425
8926,15224.810912,1,73054723.2768,0.02006372036798
8927,15224.830912,2,73054743.3216,0.0235908783576126
8928,15224.850912,1,73054763.328,0.0200739648001311
8929,15224.870912,2,73054783.4368,0.0236339049726474
8930,15224.890912,1,73054803.3024,0.0200217181961604
8931,15224.910912,2,73054823.3344,0.0236605404962403
8932,15224.930912,1,73054843.3408,0.0200626959247649
8933,15224.950912,2,73054863.3344,0.0236728338148216
8934,15224.970912,1,73054883.5712,0.0200463048333231
8935,15224.990912,2,73054903.2832,0.0236359538590776
8936,15225.010912,1,73054923.456,0.0200196693097302
8937,15225.030912,2,73054943.4112,0.0236236605404962
8938,15225.050912,1,73054963.3408,0.0199961071157826
8939,15225.070912,2,73054983.36,0.0236728338148216
8940,15225.090912,1,73055003.3408,0.0200606470383347
8941,15225.110912,2,73055023.3728,0.0237681070338271
8942,15225.130912,1,73055043.392,0.020000204888643
8943,15225.150912,2,73055063.3984,0.023703567111275
8944,15225.170912,1,73055083.3536,0.0200524514926138
8945,15225.190912,2,73055103.3728,0.0238695269121233
8946,15225.210912,1,73055123.4176,0.0200616714815498
8947,15225.230912,2,73055143.3728,0.0238244514106583
8948,15225.250912,1,73055163.3664,0.0200237670825906
8949,15225.270912,2,73055183.3728,0.0237681070338271
8950,15225.290912,1,73055203.3664,0.0200176204232999
8951,15225.310912,2,73055223.36,0.023712787100211
8952,15225.330912,1,73055243.392,0.0200463048333231
8953,15225.350912,2,73055263.5136,0.0236328805294323
8954,15225.370912,1,73055283.392,0.0200114737640093
8955,15225.390912,2,73055303.3728,0.023666687155531
8956,15225.410912,1,73055323.392,0.0199950826725675
8957,15225.430912,2,73055343.3728,0.0236431249615834
8958,15225.450912,1,73055363.5712,0.0200258159690208
8959,15225.470912,2,73055383.3728,0.0237045915544901
8960,15225.490912,1,73055403.4176,0.0200657692544102
8961,15225.510912,2,73055423.4368,0.0237117626569959
8962,15225.530912,1,73055443.3792,0.0200801114594218
8963,15225.550912,2,73055463.488,0.0236185383244207
8964,15225.570912,1,73055483.4048,0.0199868871268466
8965,15225.590912,2,73055503.3472,0.0236410760751532
8966,15225.610912,1,73055523.4304,0.0200432315036778
8967,15225.630912,2,73055543.424,0.0236298071997869
8968,15225.650912,1,73055563.4944,0.0199756182514803
8969,15225.670912,2,73055583.4752,0.0235990739033335
8970,15225.690912,1,73055603.4304,0.0200176204232999
8971,15225.710912,2,73055623.4112,0.0236492716208741
8972,15225.730912,1,73055643.4944,0.0200893314483578
8973,15225.750912,2,73055663.5136,0.0236605404962403
8974,15225.770912,1,73055683.4432,0.0200934292212183
8975,15225.790912,2,73055703.424,0.0236349294158625
8976,15225.810912,1,73055723.4048,0.0200319626283115
8977,15225.830912,2,73055743.424,0.0236830782469728
8978,15225.850912,1,73055763.5072,0.0200104493207941
8979,15225.870912,2,73055783.488,0.0236697604851763
8980,15225.890912,1,73055803.4688,0.0200237670825906
8981,15225.910912,2,73055823.4624,0.0236502960640892
8982,15225.930912,1,73055843.4432,0.0200299137418813
8983,15225.950912,2,73055863.5008,0.0236103427786998
8984,15225.970912,1,73055883.5712,0.0200842092322823
8985,15225.990912,2,73055903.4624,0.0236164894379905
8986,15226.010912,1,73055923.4432,0.0200893314483578
8987,15226.030912,2,73055943.4624,0.0236082938922696
8988,15226.050912,1,73055963.4688,0.0200995758805089
8989,15226.070912,2,73055983.4752,0.0235929272440429
8990,15226.090912,1,73056003.456,0.0200370848443871
8991,15226.110912,2,73056023.5136,0.0235652672772348
8992,15226.130912,1,73056043.4432,0.0200114737640093
8993,15226.150912,2,73056063.4752,0.0236175138812056
8994,15226.170912,1,73056083.4816,0.0200995758805089
8995,15226.190912,2,73056103.4752,0.0236369783022927
8996,15226.210912,1,73056123.4944,0.0200565492654742
8997,15226.230912,2,73056143.5136,0.0237424959534493
8998,15226.250912,1,73056163.8144,0.0200616714815498
8999,15226.270912,2,73056183.552,0.0237343004077284
9000,15226.290912,1,73056203.5328,0.0200862581187125
9001,15226.310912,2,73056223.4752,0.0237701559202573
9002,15226.330912,1,73056243.4816,0.0200647448111951
9003,15226.350912,2,73056263.5904,0.0236605404962403
9004,15226.370912,1,73056283.648,0.0200555248222591
9005,15226.390912,2,73056303.488,0.0236871760198332
9006,15226.410912,1,73056323.5072,0.0200422070604626
9007,15226.430912,2,73056343.4752,0.0237353248509435
9008,15226.450912,1,73056363.648,0.0200135226504395
9009,15226.470912,2,73056383.5264,0.0236861515766181
9010,15226.490912,1,73056403.5072,0.0200463048333231
9011,15226.510912,2,73056423.6032,0.023666687155531
9012,15226.530912,1,73056443.52,0.0200432315036778
9013,15226.550912,2,73056463.8464,0.0235652672772348
9014,15226.570912,1,73056483.6864,0.020026840412236
9015,15226.590912,2,73056503.5392,0.0235837072551069
9016,15226.610912,1,73056523.5328,0.020108795869445
9017,15226.630912,2,73056543.5392,0.0236656627123159
9018,15226.650912,1,73056563.584,0.0200698670272707
9019,15226.670912,2,73056583.552,0.0236697604851763
9020,15226.690912,1,73056603.5328,0.0200104493207941
9021,15226.710912,2,73056623.5264,0.0236298071997869
9022,15226.730912,1,73056643.5456,0.0200616714815498
9023,15226.750912,2,73056663.5264,0.0236748827012519
9024,15226.770912,1,73056683.6224,0.0201436269387588
9025,15226.790912,2,73056703.552,0.0236625893826705
9026,15226.810912,1,73056723.4944,0.0200749892433462
9027,15226.830912,2,73056743.616,0.0236718093716065
9028,15226.850912,1,73056763.7504,0.0200708914704858
9029,15226.870912,2,73056783.5136,0.0236461982912287
9030,15226.890912,1,73056803.5584,0.0200801114594218
9031,15226.910912,2,73056823.5648,0.0236451738480136
9032,15226.930912,1,73056843.6096,0.0200504026061835
9033,15226.950912,2,73056863.6928,0.0236636138258856
9034,15226.970912,1,73056883.7632,0.0200534759358289
9035,15226.990912,2,73056903.5776,0.023621611654066
9036,15227.010912,1,73056923.5584,0.0199950826725675
9037,15227.030912,2,73056943.6032,0.0236922982359088
9038,15227.050912,1,73056963.5584,0.0200657692544102
9039,15227.070912,2,73056983.5904,0.0236543938369496
9040,15227.090912,1,73057003.6608,0.0200278648554511
9041,15227.110912,2,73057023.5904,0.0235755117093859
9042,15227.130912,1,73057043.5968,0.0200206937529453
9043,15227.150912,2,73057063.6928,0.0236298071997869
9044,15227.170912,1,73057083.584,0.0200340115147417
9045,15227.190912,2,73057103.5648,0.0236707849283914
9046,15227.210912,1,73057123.5712,0.0200790870162067
9047,15227.230912,2,73057143.5904,0.0236134161083451
9048,15227.250912,1,73057163.8272,0.0200299137418813
9049,15227.270912,2,73057183.6672,0.0236052205626242
9050,15227.290912,1,73057203.6096,0.0200227426393755
9051,15227.310912,2,73057223.616,0.0236082938922696
9052,15227.330912,1,73057243.648,0.020026840412236
9053,15227.350912,2,73057263.616,0.0236369783022927
9054,15227.370912,1,73057283.6096,0.0200555248222591
9055,15227.390912,2,73057303.6672,0.0237609359313213
9056,15227.410912,1,73057323.6864,0.0200524514926138
9057,15227.430912,2,73057343.616,0.0237281537484377
9058,15227.450912,1,73057363.6864,0.0200442559468929
9059,15227.470912,2,73057383.6544,0.0237650337041818
9060,15227.490912,1,73057403.648,0.020000204888643
9061,15227.510912,2,73057424.0384,0.023694347122339
9062,15227.530912,1,73057443.6736,0.0200104493207941
9063,15227.550912,2,73057463.6928,0.0237179093162866
9064,15227.570912,1,73057483.7248,0.0200217181961604
9065,15227.590912,2,73057503.6416,0.0236277583133567
9066,15227.610912,1,73057523.84,0.0200934292212183
9067,15227.630912,2,73057543.9616,0.0237250804187924
9068,15227.650912,1,73057563.6608,0.0200944536644334
9069,15227.670912,2,73057583.6928,0.0237138115434261
9070,15227.690912,1,73057603.6352,0.0200247915258057
9071,15227.710912,2,73057623.6672,0.0237496670559551
9072,15227.730912,1,73057643.648,0.0200063515479337
9073,15227.750912,2,73057663.8592,0.0237414715102342
9074,15227.770912,1,73057683.6736,0.0201046980965845
9075,15227.790912,2,73057703.7184,0.0237220070891471
9076,15227.810912,1,73057723.648,0.0200678181408405
9077,15227.830912,2,73057743.68,0.0236953715655541
9078,15227.850912,1,73057764.5568,0.0201159669719507
9079,15227.870912,2,73057783.808,0.0237814247956236
9080,15227.890912,1,73057803.712,0.0200585981519044
9081,15227.910912,2,73057823.7568,0.0237599114881062
9082,15227.930912,1,73057843.6736,0.0199838137972012
9083,15227.950912,2,73057864.0896,0.0237117626569959
9084,15227.970912,1,73057883.6992,0.0200299137418813
9085,15227.990912,2,73057903.7184,0.0236390271887229
9086,15228.010912,1,73057923.7632,0.0200883070051427
9087,15228.030912,2,73057943.8208,0.0237424959534493
9088,15228.050912,1,73057963.7504,0.0200196693097302
9089,15228.070912,2,73057983.7056,0.0237015182248448
9090,15228.090912,1,73058003.6736,0.02006372036798
9091,15228.110912,2,73058023.7568,0.0236748827012519
9092,15228.130912,1,73058043.776,0.0200688425840556
9093,15228.150912,2,73058063.7568,0.0236697604851763
9094,15228.170912,1,73058083.7376,0.0200872825619276
9095,15228.190912,2,73058103.7824,0.0236502960640892
9096,15228.210912,1,73058123.8016,0.0200350359579568
9097,15228.230912,2,73058143.7824,0.0236257094269265
9098,15228.250912,1,73058163.776,0.0200780625729916
9099,15228.270912,2,73058184.1024,0.0236185383244207
9100,15228.290912,1,73058203.8272,0.0200493781629684
9101,15228.310912,2,73058223.7184,0.0236236605404962
9102,15228.330912,1,73058243.84,0.0200237670825906
9103,15228.350912,2,73058264.1152,0.0236000983465487
9104,15228.370912,1,73058283.776,0.0200667936976253
9105,15228.390912,2,73058303.8208,0.0236584916098101
9106,15228.410912,1,73058323.7504,0.0201108447558752
9107,15228.430912,2,73058343.7312,0.023657467166595
9108,15228.450912,1,73058363.8144,0.0200739648001311
9109,15228.470912,2,73058383.7568,0.0236277583133567
9110,15228.490912,1,73058403.7888,0.0200483537197533
9111,15228.510912,2,73058423.7568,0.0235703894933104
9112,15228.530912,1,73058443.7376,0.0200688425840556
9113,15228.550912,2,73058463.9616,0.0236595160530252
9114,15228.570912,1,73058483.7888,0.0200196693097302
9115,15228.590912,2,73058503.744,0.0235468272993628
9116,15228.610912,1,73058523.8912,0.0199715204786199
9117,15228.630912,2,73058543.7696,0.0237066404409204
9118,15228.650912,1,73058563.8912,0.02006372036798
9119,15228.670912,2,73058583.9232,0.0236748827012519
9120,15228.690912,1,73058603.9424,0.0200370848443871
9121,15228.710912,2,73058623.9104,0.0236871760198332
9122,15228.730912,1,73058643.84,0.020018644866515
9123,15228.750912,2,73058664.0384,0.0237445448398795
9124,15228.770912,1,73058683.9808,0.0199858626836314
9125,15228.790912,2,73058703.8464,0.0237076648841355
9126,15228.810912,1,73058723.8528,0.0200596225951196
9127,15228.830912,2,73058743.8976,0.0236584916098101
9128,15228.850912,1,73058763.84,0.0200667936976253
9129,15228.870912,2,73058783.8336,0.0236953715655541
9130,15228.890912,1,73058803.904,0.0199735693650501
9131,15228.910912,2,73058823.872,0.0236421005183683
9132,15228.930912,1,73058843.7504,0.0200708914704858
9133,15228.950912,2,73058864.1408,0.023739422623804
9134,15228.970912,1,73058883.8656,0.020009424877579
9135,15228.990912,2,73058903.872,0.0237250804187924
9136,15229.010944,1,73058923.84,0.0200227426393755
9137,15229.030944,2,73058943.872,0.0236892249062634
9138,15229.050944,1,73058964.4544,0.0200760136865614
9139,15229.070944,2,73058983.9488,0.0236820538037577
9140,15229.090944,1,73059003.9296,0.0200299137418813
9141,15229.110944,2,73059024.1792,0.0237558137152458
9142,15229.130944,1,73059043.8144,0.0200104493207941
9143,15229.150944,2,73059064.32,0.0236513205073043
9144,15229.170944,1,73059083.8784,0.020072940356916
9145,15229.190944,2,73059103.872,0.0235867805847522
9146,15229.210944,1,73059123.8784,0.0200524514926138
9147,15229.230944,2,73059143.8208,0.0236185383244207
9148,15229.250944,1,73059163.8528,0.0200247915258057
9149,15229.270944,2,73059183.8336,0.0236554182801647
9150,15229.290944,1,73059204.416,0.0200852336754974
9151,15229.310944,2,73059223.8208,0.0236175138812056
9152,15229.330944,1,73059244.0832,0.0200606470383347
9153,15229.350944,2,73059263.8976,0.0236410760751532
9154,15229.370944,1,73059283.8272,0.0200309381850964
9155,15229.390944,2,73059303.8208,0.0236779560308972
9156,15229.410944,1,73059323.9168,0.0200872825619276
9157,15229.430944,2,73059343.9232,0.0237455692830946
9158,15229.450944,1,73059364.4032,0.0200247915258057
9159,15229.470944,2,73059383.9104,0.0237117626569959
9160,15229.490944,1,73059404.032,0.0200739648001311
9161,15229.510944,2,73059424.0896,0.0237814247956236
9162,15229.530944,1,73059443.9168,0.0201200647448112
9163,15229.550944,2,73059464.2944,0.0237988403302805
9164,15229.570944,1,73059483.8912,0.0200319626283115
9165,15229.590944,2,73059503.9872,0.0237599114881062
9166,15229.610944,1,73059523.8784,0.0200504026061835
9167,15229.630944,2,73059543.8976,0.0236871760198332
9168,15229.650944,1,73059564.4416,0.0200647448111951
9169,15229.670944,2,73059584.4352,0.0237097137705657
9170,15229.690944,1,73059603.8784,0.0200534759358289
9171,15229.710944,2,73059624.2048,0.023712787100211
9172,15229.730944,1,73059643.9936,0.0200749892433462
9173,15229.750944,2,73059663.9104,0.0236769315876821
9174,15229.770944,1,73059683.968,0.020045280390108
9175,15229.790944,2,73059703.936,0.0236421005183683
9176,15229.810944,1,73059723.9552,0.0200708914704858
9177,15229.830944,2,73059743.9232,0.0236431249615834
9178,15229.850944,1,73059763.9552,0.0200463048333231
9179,15229.870944,2,73059784.256,0.0236728338148216
9180,15229.890944,1,73059803.9424,0.02006372036798
9181,15229.910944,2,73059823.9616,0.0236728338148216
9182,15229.930944,1,73059844.032,0.0200883070051427
9183,15229.950944,2,73059864.0384,0.0236554182801647
9184,15229.970944,1,73059883.9296,0.0200555248222591
9185,15229.990944,2,73059903.9488,0.0236236605404962
9186,15230.010944,1,73059923.9424,0.0201303091769623
9187,15230.030944,2,73059944.1152,0.0236339049726474
9188,15230.050944,1,73059964.0064,0.0200975269940787
9189,15230.070944,2,73059983.9616,0.0236625893826705
9190,15230.090944,1,73060003.9552,0.0200442559468929
9191,15230.110944,2,73060024.128,0.0236687360419612
9192,15230.130944,1,73060044.096,0.0200288892986662
9193,15230.150944,2,73060064.1024,0.0236779560308972
9194,15230.170944,1,73060083.9424,0.0200831847890671
9195,15230.190944,2,73060104.0256,0.0236472227344438
9196,15230.210944,1,73060124.1472,0.0200329870715266
9197,15230.230944,2,73060143.9488,0.0236502960640892
9198,15230.250944,1,73060164.1472,0.0200954781076485
9199,15230.270944,2,73060184.5632,0.0237404470670191
9200,15230.290944,1,73060204.0192,0.0200944536644334
9201,15230.310944,2,73060224,0.0236974204519843
9202,15230.330944,1,73060244.096,0.0200965025508636
9203,15230.350944,2,73060264.2048,0.0236431249615834
9204,15230.370944,1,73060284.0576,0.0201282602905321
9205,15230.390944,2,73060303.9616,0.0237199582027168
9206,15230.410944,1,73060324.224,0.0201026492101543
9207,15230.430944,2,73060344.0128,0.0236502960640892
9208,15230.450944,1,73060364.0192,0.0200739648001311
9209,15230.470944,2,73060383.9744,0.023694347122339
9210,15230.490944,1,73060404.1344,0.0200975269940787
9211,15230.510944,2,73060424.1024,0.023675907144467
9212,15230.530944,1,73060444.0192,0.020072940356916
9213,15230.550944,2,73060464.1024,0.0236564427233798
9214,15230.570944,1,73060484.096,0.020009424877579
9215,15230.590944,2,73060504.4096,0.0236082938922696
9216,15230.610944,1,73060524.032,0.0200514270493987
9217,15230.630944,2,73060544.0256,0.0236103427786998
9218,15230.650944,1,73060564.0448,0.020127235847317
9219,15230.670944,2,73060584.0128,0.0235816583686766
9220,15230.690944,1,73060604.1728,0.0201159669719507
9221,15230.710944,2,73060624.0896,0.0236431249615834
9222,15230.730944,1,73060644.0576,0.0200524514926138
9223,15230.750944,2,73060664.192,0.0236052205626242
9224,15230.770944,1,73060684.1344,0.0200975269940787
9225,15230.790944,2,73060704.0128,0.0236605404962403
9226,15230.810944,1,73060724.2752,0.0200534759358289
9227,15230.830944,2,73060744.3584,0.0236349294158625
9228,15230.850944,1,73060764.0576,0.0200381092876022
9229,15230.870944,2,73060784.0896,0.0236082938922696
9230,15230.890944,1,73060804.1216,0.0200688425840556
9231,15230.910944,2,73060824.1408,0.0236789804741123
9232,15230.930944,1,73060844.0704,0.0200585981519044
9233,15230.950944,2,73060864.0384,0.0235898539143975
9234,15230.970944,1,73060884.1216,0.0200165959800848
9235,15230.990944,2,73060904,0.0236554182801647
9236,15231.010944,1,73060924.032,0.0201610424734157
9237,15231.030944,2,73060944.0256,0.0235857561415371
9238,15231.050944,1,73060964.3136,0.020072940356916
9239,15231.070944,2,73060984.1152,0.0236697604851763
9240,15231.090944,1,73061004.2112,0.0201149425287356
9241,15231.110944,2,73061024.1408,0.0237240559755773
9242,15231.130944,1,73061044.1216,0.0200749892433462
9243,15231.150944,2,73061064.0512,0.0238101092056467
9244,15231.170944,1,73061084.544,0.020209191304526
9245,15231.190944,2,73061104.1024,0.0239023090950069
9246,15231.210944,1,73061124.16,0.0201610424734157
9247,15231.230944,2,73061144.064,0.023912553527158
9248,15231.250944,1,73061164.1856,0.0201036736533694
9249,15231.270944,2,73061184.2688,0.0239053824246522
9250,15231.290944,1,73061204.2368,0.0201753846784273
9251,15231.310944,2,73061224.1152,0.0238060114327863
9252,15231.330944,1,73061244.096,0.0201518224844797
9253,15231.350944,2,73061264.0896,0.0238152314217223
9254,15231.370944,1,73061284.0832,0.0201467002684041
9255,15231.390944,2,73061304.0896,0.0238275247403036
9256,15231.410944,1,73061324.0704,0.020154895814125
9257,15231.430944,2,73061344.1152,0.0238838691171348
9258,15231.450944,1,73061364.2368,0.020072940356916
9259,15231.470944,2,73061384.1408,0.0239074313110824
9260,15231.490944,1,73061404.0448,0.020154895814125
9261,15231.510944,2,73061424.2176,0.0238633802528326
9262,15231.530944,1,73061444.1216,0.0201385047226832
9263,15231.550944,2,73061464.3328,0.0239187001864487
9264,15231.570944,1,73061484.16,0.0200381092876022
9265,15231.590944,2,73061504.0896,0.02379474255742
9266,15231.610944,1,73061524.1088,0.0201682135759215
9267,15231.630944,2,73061544.192,0.0237752781363329
9268,15231.650944,1,73061564.2368,0.0201077714262298
9269,15231.670944,2,73061584.1536,0.0237404470670191
9270,15231.690944,1,73061604.16,0.0200944536644334
9271,15231.710944,2,73061624.2688,0.0237373737373737
9272,15231.730944,1,73061644.1984,0.0201610424734157
9273,15231.750944,2,73061664.4608,0.0237199582027168
9274,15231.770944,1,73061684.16,0.0201190403015961
9275,15231.790944,2,73061704.2688,0.0236830782469728
9276,15231.810944,1,73061724.288,0.0200944536644334
9277,15231.830944,2,73061744.1024,0.0238101092056467
9278,15231.850944,1,73061764.4032,0.0201200647448112
9279,15231.870944,2,73061784.6272,0.0237537648288155
9280,15231.890944,1,73061804.3904,0.0200934292212183
9281,15231.910944,2,73061824.1536,0.0238090847624316
9282,15231.930944,1,73061844.2624,0.0201518224844797
9283,15231.950944,2,73061864.2688,0.0236892249062634
9284,15231.970944,1,73061884.5184,0.0201241625176716
9285,15231.990944,2,73061904.1408,0.0237271293052226
9286,15232.010944,1,73061924.2624,0.0201077714262298
9287,15232.030944,2,73061944.512,0.0236820538037577
9288,15232.050944,1,73061964.2496,0.0201282602905321
9289,15232.070944,2,73061984.192,0.0237558137152458
9290,15232.090944,1,73062004.8384,0.0201385047226832
9291,15232.110944,2,73062024.4992,0.0237517159423853
9292,15232.130944,1,73062044.4544,0.0201067469830147
9293,15232.150944,2,73062064.2944,0.023666687155531
9294,15232.170944,1,73062084.2624,0.0201251869608868
9295,15232.190944,2,73062104.4224,0.0236707849283914
9296,15232.210944,1,73062124.1856,0.0201794824512877
9297,15232.230944,2,73062144.4608,0.0237220070891471
9298,15232.250944,1,73062164.5056,0.0201323580633925
9299,15232.270944,2,73062184.32,0.0237302026348679
9300,15232.290944,1,73062204.2752,0.0201169914151659
9301,15232.310944,2,73062224.2048,0.0237015182248448
9302,15232.330944,1,73062244.2112,0.0200463048333231
9303,15232.350944,2,73062264.4224,0.0237455692830946
9304,15232.370944,1,73062284.3136,0.0201815313377179
9305,15232.390944,2,73062304.3072,0.0236646382691007
9306,15232.410944,1,73062324.4672,0.020145675825189
9307,15232.430944,2,73062344.4096,0.0237517159423853
9308,15232.450944,1,73062364.6208,0.0200073759911488
9309,15232.470944,2,73062384.3584,0.0236543938369496
9310,15232.490944,1,73062404.1984,0.0201446513819739
9311,15232.510944,2,73062424.4736,0.0237117626569959
9312,15232.530944,1,73062444.1984,0.0201692380191366
9313,15232.550944,2,73062464.4608,0.0237004937816297
9314,15232.570944,1,73062484.2368,0.0201108447558752
9315,15232.590944,2,73062504.7424,0.0237568381584609
9316,15232.610944,1,73062524.4928,0.0201292847337472
9317,15232.630944,2,73062544.4864,0.0237957670006352
9318,15232.650944,1,73062564.3264,0.0201846046673633
9319,15232.670944,2,73062584.3584,0.0237916692277747
9320,15232.690944,1,73062604.4672,0.0201241625176716
9321,15232.710944,2,73062624.3584,0.0237906447845596
9322,15232.730944,1,73062644.3648,0.0201743602352122
9323,15232.750944,2,73062664.3712,0.0237681070338271
9324,15232.770944,1,73062684.2624,0.0201507980412646
9325,15232.790944,2,73062704.4096,0.0238603069231872
9326,15232.810944,1,73062724.5184,0.0202327534984736
9327,15232.830944,2,73062744.3072,0.0238449402749606
9328,15232.850944,1,73062764.544,0.0201692380191366
9329,15232.870944,2,73062784.5504,0.0238715757985535
9330,15232.890944,1,73062804.3008,0.0201661646894913
9331,15232.910944,2,73062824.3456,0.023812158092077
9332,15232.930944,1,73062844.4544,0.0202163624070318
9333,15232.950944,2,73062864.5504,0.0238777224578442
9334,15232.970944,1,73062884.2624,0.0202389001577643
9335,15232.990944,2,73062904.2304,0.0239074313110824
9336,15233.010944,1,73062924.2624,0.0202296801688282
9337,15233.030944,2,73062944.5248,0.0238889913332104
9338,15233.050944,1,73062964.4928,0.020164115803061
9339,15233.070944,2,73062984.2816,0.0238408425021001
9340,15233.090944,1,73063004.3648,0.0201712869055668
9341,15233.110944,2,73063024.512,0.0239238224025242
9342,15233.130944,1,73063044.48,0.0201753846784273
9343,15233.150944,2,73063064.4608,0.0237998647734956
9344,15233.170944,1,73063084.3392,0.0201948490995144
9345,15233.190944,2,73063104.3584,0.0238336713995943
9346,15233.210944,1,73063124.3264,0.0202132890773864
9347,15233.230944,2,73063144.6144,0.0238572335935419
9348,15233.250944,1,73063164.352,0.0201846046673633
9349,15233.270944,2,73063184.4992,0.0237998647734956
9350,15233.290944,1,73063204.6592,0.0201897268834389
9351,15233.310944,2,73063224.4224,0.0239094801975127
9352,15233.330944,1,73063244.3392,0.0201487491548343
9353,15233.350944,2,73063264.3328,0.0239525068125474
9354,15233.370944,1,73063284.5824,0.0202204601798922
9355,15233.390944,2,73063304.4352,0.0239586534718381
9356,15233.410944,1,73063324.3904,0.0202266068391829
9357,15233.430944,2,73063344.4096,0.0240098756325937
9358,15233.450944,1,73063364.3904,0.0202194357366771
9359,15233.470944,2,73063384.4224,0.0240119245190239
9360,15233.490944,1,73063404.4416,0.0202552912492061
9361,15233.510944,2,73063424.7168,0.023903333538222
9362,15233.530944,1,73063444.4416,0.02019997131559
9363,15233.550944,2,73063464.3328,0.0238756735714139
9364,15233.570944,1,73063484.4544,0.0202102157477411
9365,15233.590944,2,73063504.3968,0.0239002602085766
9366,15233.610944,1,73063524.5696,0.0201774335648575
9367,15233.630944,2,73063544.4224,0.0239227979593091
9368,15233.650944,1,73063564.4544,0.020054500379044
9369,15233.670944,2,73063584.3712,0.023858258036757
9370,15233.690944,1,73063604.352,0.0201630913598459
9371,15233.710944,2,73063624.448,0.0238828446739197
9372,15233.730944,1,73063645.056,0.0201753846784273
9373,15233.750944,2,73063664.4224,0.0239074313110824
9374,15233.770944,1,73063684.4288,0.0201006003237241
9375,15233.790944,2,73063704.4352,0.023830598069949
9376,15233.810944,1,73063724.7616,0.020127235847317
9377,15233.830944,2,73063744.4992,0.023776302579548
9378,15233.850944,1,73063764.8384,0.0201897268834389
9379,15233.870944,2,73063784.5376,0.0238039625463561
9380,15233.890944,1,73063804.4416,0.0201569447005552
9381,15233.910944,2,73063824.5888,0.0238346958428094
9382,15233.930944,1,73063844.5952,0.0202204601798922
9383,15233.950944,2,73063865.152,0.0237967914438503
9384,15233.970944,1,73063884.5312,0.0202194357366771
9385,15233.990944,2,73063904.7936,0.0238111336488618
9386,15234.010944,1,73063924.4928,0.0201866535537935
9387,15234.030944,2,73063944.9344,0.023912553527158
9388,15234.050944,1,73063964.5824,0.0201917757698691
9389,15234.070944,2,73063984.4224,0.0239135779703731
9390,15234.090944,1,73064004.4544,0.020154895814125
9391,15234.110944,2,73064024.3968,0.0239176757432336
9392,15234.130944,1,73064044.4928,0.0202225090663225
9393,15234.150944,2,73064064.5504,0.023894113549286
9394,15234.170944,1,73064084.7872,0.0201538713709099
9395,15234.190944,2,73064104.5632,0.0238818202307046
9396,15234.210944,1,73064124.5312,0.0202061179748807
9397,15234.230944,2,73064144.6016,0.0238695269121233
9398,15234.250944,1,73064164.7616,0.0202030446452353
9399,15234.270944,2,73064184.6144,0.0238971868789313
9400,15234.290944,1,73064204.9664,0.0201723113487819
9401,15234.310944,2,73064224.9088,0.0238603069231872
9402,15234.330944,1,73064244.7616,0.0201395291658983
9403,15234.350944,2,73064264.576,0.0237599114881062
9404,15234.370944,1,73064285.0432,0.0201446513819739
9405,15234.390944,2,73064304.8192,0.0237179093162866
9406,15234.410944,1,73064324.4416,0.0200811359026369
9407,15234.430944,2,73064344.5632,0.0236246849837114
9408,15234.450944,1,73064364.7232,0.0200463048333231
9409,15234.470944,2,73064384.4864,0.0237117626569959
9410,15234.490944,1,73064404.736,0.0200299137418813
9411,15234.510944,2,73064424.6528,0.0237978158870654
9412,15234.530944,1,73064445.0304,0.020072940356916
9413,15234.550944,2,73064464.9216,0.023785522568484
9414,15234.570944,1,73064484.6208,0.0200698670272707
9415,15234.590944,2,73064504.7552,0.0239074313110824
9416,15234.610944,1,73064524.5056,0.0200965025508636
9417,15234.630944,2,73064544.6528,0.0238285491835188
9418,15234.650944,1,73064565.0304,0.0200596225951196
9419,15234.670944,2,73064584.5888,0.0237916692277747
9420,15234.690944,1,73064604.6848,0.0200678181408405
9421,15234.710944,2,73064624.5376,0.0237804003524085
9422,15234.730944,1,73064645.056,0.0200667936976253
9423,15234.750944,2,73064664.7168,0.0237291781916528
9424,15234.770944,1,73064684.5696,0.0200606470383347
9425,15234.790944,2,73064704.8704,0.0236554182801647
9426,15234.810944,1,73064724.5952,0.0200278648554511
9427,15234.830944,2,73064744.7168,0.0236533693937345
9428,15234.850944,1,73064764.5696,0.0199920093429221
9429,15234.870944,2,73064784.9472,0.0236185383244207
9430,15234.890944,1,73064804.7872,0.0200206937529453
9431,15234.910944,2,73064824.5632,0.0236738582580368
9432,15234.930944,1,73064844.9408,0.0200237670825906
9433,15234.950944,2,73064864.6784,0.0236339049726474
9434,15234.970944,1,73064884.8896,0.0200954781076485
9435,15234.990944,2,73064904.6528,0.0236134161083451
9436,15235.010944,1,73064925.0304,0.0200831847890671
9437,15235.030944,2,73064944.6784,0.0236461982912287
9438,15235.050944,1,73064965.2352,0.0200555248222591
9439,15235.070944,2,73064984.5888,0.0236789804741123
9440,15235.090944,1,73065004.7232,0.0200667936976253
9441,15235.110944,2,73065025.0368,0.0237138115434261
9442,15235.130944,1,73065044.6336,0.020091380334788
9443,15235.150944,2,73065064.9088,0.0237445448398795
9444,15235.170944,1,73065084.8512,0.020091380334788
9445,15235.190944,2,73065104.9472,0.0237660581473969
9446,15235.210944,1,73065124.6336,0.0200698670272707
9447,15235.230944,2,73065144.6912,0.0237752781363329
9448,15235.250944,1,73065164.864,0.0200063515479337
9449,15235.270944,2,73065184.6144,0.0237804003524085
9450,15235.290944,1,73065205.4528,0.0200739648001311
9451,15235.310944,2,73065224.7936,0.0237015182248448
9452,15235.330944,1,73065244.7616,0.0201057225397996
9453,15235.350944,2,73065265.2544,0.0237240559755773
9454,15235.370944,1,73065284.672,0.0201405536091134
9455,15235.390944,2,73065305.0368,0.0237086893273506
9456,15235.410944,1,73065324.6208,0.0201385047226832
9457,15235.430944,2,73065344.704,0.023776302579548
9458,15235.450944,1,73065365.1968,0.0200524514926138
9459,15235.470944,2,73065385.1136,0.0236554182801647
9460,15235.490944,1,73065405.0304,0.0200708914704858
9461,15235.510944,2,73065424.6784,0.0236974204519843
9462,15235.530944,1,73065444.6592,0.0200575737086893
9463,15235.550944,2,73065464.7808,0.0237373737373737
9464,15235.570944,1,73065484.928,0.0201251869608868
9465,15235.590944,2,73065504.9344,0.023712787100211
9466,15235.610944,1,73065524.6464,0.0200780625729916
9467,15235.630944,2,73065545.1136,0.0236513205073043
9468,15235.650944,1,73065565.0688,0.0201190403015961
9469,15235.670944,2,73065584.9984,0.0236789804741123
9470,15235.690944,1,73065604.608,0.0200903558915729
9471,15235.710944,2,73065624.8704,0.0236922982359088
9472,15235.730944,1,73065645.0944,0.0200780625729916
9473,15235.750944,2,73065664.7552,0.0236359538590776
9474,15235.770944,1,73065684.736,0.0200811359026369
9475,15235.790944,2,73065705.2672,0.0236513205073043
9476,15235.810944,1,73065725.3248,0.0201467002684041
9477,15235.830944,2,73065745.1264,0.0237476181695249
9478,15235.850944,1,73065765.4016,0.0201067469830147
9479,15235.870944,2,73065784.6144,0.0237332759645133
9480,15235.890944,1,73065804.7232,0.0200606470383347
9481,15235.910944,2,73065824.6144,0.0237373737373737
9482,15235.930944,1,73065845.0432,0.0200493781629684
9483,15235.950944,2,73065864.8448,0.0237537648288155
9484,15235.970944,1,73065884.7232,0.0200370848443871
9485,15235.990944,2,73065905.4976,0.0236646382691007
9486,15236.010944,1,73065925.5168,0.0199848382404163
9487,15236.030944,2,73065944.8704,0.0236769315876821
9488,15236.050944,1,73065965.0176,0.0201026492101543
9489,15236.070944,2,73065985.0368,0.0235785850390313
9490,15236.090944,1,73066004.9536,0.0200688425840556
9491,15236.110944,2,73066024.8832,0.0236625893826705
9492,15236.130944,1,73066045.1712,0.0200258159690208
9493,15236.150944,2,73066065.2672,0.0236636138258856
9494,15236.170944,1,73066084.9024,0.0200575737086893
9495,15236.190944,2,73066105.2672,0.0236533693937345
9496,15236.210944,1,73066125.1328,0.020045280390108
9497,15236.230944,2,73066145.1904,0.0236052205626242
9498,15236.250944,1,73066165.3888,0.0200288892986662
9499,15236.270944,2,73066184.9088,0.0236492716208741
9500,15236.290944,1,73066205.0176,0.0200473292765382
9501,15236.310944,2,73066225.1008,0.0236492716208741
9502,15236.330944,1,73066244.6336,0.0200135226504395
9503,15236.350944,2,73066265.664,0.0235703894933104
9504,15236.370944,1,73066284.6464,0.0200893314483578
9505,15236.390944,2,73066305.024,0.0237701559202573
9506,15236.410944,1,73066325.2736,0.020000204888643
9507,15236.430944,2,73066345.5104,0.0236707849283914
9508,15236.450944,1,73066365.7088,0.020072940356916
9509,15236.470944,2,73066385.2544,0.0236134161083451
9510,15236.490944,1,73066405.1072,0.0200176204232999
9511,15236.510944,2,73066425.1392,0.0236820538037577
9512,15236.530944,1,73066445.12,0.020009424877579
9513,15236.550944,2,73066464.9472,0.0237629848177516
9514,15236.570944,1,73066485.1584,0.0200883070051427
9515,15236.590944,2,73066505.1904,0.0237435203966644
9516,15236.610944,1,73066525.184,0.0200504026061835
9517,15236.630944,2,73066545.4464,0.0237629848177516
9518,15236.650944,1,73066565.7856,0.0200032782182884
9519,15236.670944,2,73066585.1648,0.0237209826459319
9520,15236.690944,1,73066604.928,0.0200883070051427
9521,15236.710944,2,73066624.704,0.0237332759645133
9522,15236.730944,1,73066644.7616,0.0200247915258057
9523,15236.750944,2,73066665.152,0.0237076648841355
9524,15236.770944,1,73066685.5552,0.0200043026615035
9525,15236.790944,2,73066705.2672,0.0236390271887229
9526,15236.810944,1,73066724.8,0.0200678181408405
9527,15236.830944,2,73066745.3696,0.0236287827565718
9528,15236.850944,1,73066764.8512,0.0200524514926138
9529,15236.870944,2,73066784.7296,0.0236677115987461
9530,15236.890944,1,73066804.8512,0.0200872825619276
9531,15236.910944,2,73066824.9088,0.0237097137705657
9532,15236.930944,1,73066845.3248,0.0200688425840556
9533,15236.950944,2,73066865.28,0.0237045915544901
9534,15236.970944,1,73066885.44,0.020045280390108
9535,15236.990944,2,73066905.024,0.0236236605404962
9536,15237.010944,1,73066925.056,0.0200124982072244
9537,15237.030944,2,73066945.472,0.0236533693937345
9538,15237.050944,1,73066965.1328,0.0200493781629684
9539,15237.070944,2,73066985.0496,0.0236318560862171
9540,15237.090944,1,73067005.2352,0.0201108447558752
9541,15237.110944,2,73067024.7936,0.0236144405515602
9542,15237.130944,1,73067044.8384,0.0199920093429221
9543,15237.150944,2,73067065.5488,0.0235857561415371
9544,15237.170944,1,73067085.0432,0.0200995758805089
9545,15237.190944,2,73067105.2928,0.0235765361526011
9546,15237.210944,1,73067125.44,0.0200217181961604
9547,15237.230944,2,73067144.7936,0.0235468272993628
9548,15237.250944,1,73067164.864,0.0200514270493987
9549,15237.270944,2,73067185.3696,0.0235662917204499
9550,15237.290944,1,73067205.3376,0.0200688425840556
9551,15237.310944,2,73067225.3312,0.0236103427786998
9552,15237.330944,1,73067245.6704,0.0200288892986662
9553,15237.350944,2,73067265.8304,0.02361239166513
9554,15237.370944,1,73067285.3376,0.0200084004343639
9555,15237.390944,2,73067305.1008,0.0237138115434261
9556,15237.410944,1,73067325.1968,0.0200585981519044
9557,15237.430944,2,73067344.9984,0.0236246849837114
9558,15237.450944,1,73067365.2096,0.0200616714815498
9559,15237.470944,2,73067385.1776,0.0236134161083451
9560,15237.490944,1,73067405.5808,0.0200073759911488
9561,15237.510944,2,73067425.3568,0.0236226360972811
9562,15237.530944,1,73067445.0176,0.0200862581187125
9563,15237.550944,2,73067465.3184,0.0236144405515602
9564,15237.570944,1,73067485.3632,0.0200299137418813
9565,15237.590944,2,73067504.896,0.0235775605958162
9566,15237.610944,1,73067525.4272,0.0200247915258057
9567,15237.630944,2,73067545.1136,0.023593951687258
9568,15237.650944,1,73067564.9408,0.020000204888643
9569,15237.670944,2,73067585.0752,0.0235591206179441
9570,15237.690944,1,73067605.2992,0.0200145470936546
9571,15237.710944,2,73067625.1008,0.0236861515766181
9572,15237.730944,1,73067644.8128,0.0200749892433462
9573,15237.750944,2,73067665.0112,0.0236246849837114
9574,15237.770944,1,73067685.952,0.0200401581740324
9575,15237.790944,2,73067704.8704,0.0236021472329789
9576,15237.810944,1,73067724.9792,0.020026840412236
9577,15237.830944,2,73067744.9344,0.0236287827565718
9578,15237.850944,1,73067764.9408,0.0200299137418813
9579,15237.870944,2,73067784.9344,0.023621611654066
9580,15237.890944,1,73067805.0944,0.0200329870715266
9581,15237.910944,2,73067825.3824,0.0236410760751532
9582,15237.930944,1,73067844.8768,0.0200319626283115
9583,15237.950944,2,73067865.3824,0.0236072694490544
9584,15237.970944,1,73067887.5648,0.0200596225951196
9585,15237.990944,2,73067905.4976,0.0236492716208741
9586,15238.010944,1,73067924.9152,0.020026840412236
9587,15238.030944,2,73067944.896,0.0236236605404962
9588,15238.050944,1,73067965.5168,0.0200329870715266
9589,15238.070944,2,73067985.0112,0.0235652672772348
9590,15238.090944,1,73068004.992,0.0200698670272707
9591,15238.110944,2,73068025.8944,0.0236093183354847
9592,15238.130944,1,73068045.5296,0.0200381092876022
9593,15238.150944,2,73068065.8688,0.0235806339254615
9594,15238.170944,1,73068085.4784,0.0200852336754974
9595,15238.190944,2,73068104.8576,0.0236236605404962
9596,15238.210944,1,73068126.7456,0.0200534759358289
9597,15238.230944,2,73068144.9216,0.0236298071997869
9598,15238.250944,1,73068165.0432,0.0199899604564919
9599,15238.270944,2,73068184.9472,0.0236369783022927
9600,15238.290944,1,73068205.1456,0.0200852336754974
9601,15238.310944,2,73068225.5488,0.0236185383244207
9602,15238.330944,1,73068246.1312,0.0200842092322823
9603,15238.350944,2,73068265.4208,0.0236482471776589
9604,15238.370944,1,73068285.0944,0.0200032782182884
9605,15238.390944,2,73068304.96,0.0236871760198332
9606,15238.410944,1,73068325.4784,0.0200667936976253
9607,15238.430944,2,73068345.2672,0.0236646382691007
9608,15238.450944,1,73068365.376,0.0200401581740324
9609,15238.470944,2,73068384.96,0.0236492716208741
9610,15238.490944,1,73068404.9408,0.0200084004343639
9611,15238.510944,2,73068425.664,0.0236062450058393
9612,15238.530944,1,73068445.4912,0.0200708914704858
9613,15238.550944,2,73068465.2672,0.0235816583686766
9614,15238.570944,1,73068485.8112,0.0200432315036778
9615,15238.590944,2,73068504.9984,0.0235632183908046
9616,15238.610944,1,73068525.824,0.0200790870162067
9617,15238.630944,2,73068544.9472,0.0236103427786998
9618,15238.650944,1,73068565.888,0.020082160345852
9619,15238.670944,2,73068585.9712,0.0236021472329789
9620,15238.690944,1,73068604.9536,0.020000204888643
9621,15238.710944,2,73068625.6,0.0236164894379905
9622,15238.730944,1,73068645.0432,0.0200278648554511
9623,15238.750944,2,73068665.1904,0.0236369783022927
9624,15238.770944,1,73068684.992,0.0200667936976253
9625,15238.790944,2,73068705.344,0.0236451738480136
9626,15238.810944,1,73068725.056,0.0200432315036778
9627,15238.830944,2,73068744.9728,0.023593951687258
9628,15238.850944,1,73068765.1584,0.0200585981519044
9629,15238.870944,2,73068785.2416,0.0235785850390313
9630,15238.890944,1,73068805.3376,0.0200739648001311
9631,15238.910944,2,73068825.0112,0.0235324850943512
9632,15238.930944,1,73068844.9792,0.02006372036798
9633,15238.950944,2,73068865.856,0.0236728338148216
9634,15238.970944,1,73068885.5168,0.0200985514372938
9635,15238.990944,2,73068905.2928,0.0236523449505194
9636,15239.010944,1,73068925.2864,0.0200350359579568
9637,15239.030944,2,73068945.6768,0.0236656627123159
9638,15239.050944,1,73068965.1328,0.0200995758805089
9639,15239.070944,2,73068985.4464,0.023675907144467
9640,15239.090944,1,73069005.2096,0.0201630913598459
9641,15239.110944,2,73069025.0112,0.0236103427786998
9642,15239.130944,1,73069045.0176,0.0201077714262298
9643,15239.150944,2,73069065.6768,0.0236533693937345
9644,15239.170944,1,73069085.6704,0.0200852336754974
9645,15239.190944,2,73069105.0368,0.0236800049173274
9646,15239.210944,1,73069125.0944,0.0201046980965845
9647,15239.230944,2,73069145.0752,0.02361239166513
9648,15239.250944,1,73069165.1072,0.0200565492654742
9649,15239.270944,2,73069185.3696,0.0236738582580368
9650,15239.290944,1,73069205.8368,0.0200719159137009
9651,15239.310944,2,73069225.0624,0.0236277583133567
9652,15239.330944,1,73069245.0688,0.0201415780523286
9653,15239.350944,2,73069265.4848,0.0237435203966644
9654,15239.370944,1,73069285.12,0.0201815313377179
9655,15239.390944,2,73069305.1264,0.0236820538037577
9656,15239.410944,1,73069325.6192,0.0200585981519044
9657,15239.430944,2,73069345.4464,0.0237209826459319
9658,15239.450944,1,73069365.4272,0.0201426024955437
9659,15239.470944,2,73069385.0496,0.0237967914438503
9660,15239.490944,1,73069405.0176,0.0201139180855205
9661,15239.510944,2,73069425.2928,0.0237722048066876
9662,15239.530944,1,73069445.44,0.020164115803061
9663,15239.550944,2,73069465.2288,0.0237404470670191
9664,15239.570944,1,73069485.0816,0.0201374802794681
9665,15239.590944,2,73069505.0752,0.0237722048066876
9666,15239.610944,1,73069525.6192,0.0201118691990903
9667,15239.630944,2,73069547.2768,0.0237424959534493
9668,15239.650944,1,73069565.6704,0.02019997131559
9669,15239.670944,2,73069585.4208,0.0237711803634725
9670,15239.690944,1,73069605.0816,0.0201630913598459
9671,15239.710944,2,73069625.152,0.0237640092609667
9672,15239.730944,1,73069645.1328,0.0201610424734157
9673,15239.750944,2,73069665.1264,0.0237517159423853
9674,15239.770944,1,73069685.12,0.0201098203126601
9675,15239.790944,2,73069705.2032,0.0237281537484377
9676,15239.810944,1,73069725.696,0.0200575737086893
9677,15239.830944,2,73069745.6256,0.0237424959534493
9678,15239.850944,1,73069765.888,0.0200893314483578
9679,15239.870944,2,73069785.0624,0.0236912737926937
9680,15239.890944,1,73069805.1584,0.0201764091216424
9681,15239.910944,2,73069825.3568,0.0237926936709898
9682,15239.930944,1,73069845.1584,0.0201159669719507
9683,15239.950944,2,73069865.1648,0.0237722048066876
9684,15239.970944,1,73069885.0944,0.0200934292212183
9685,15239.990944,2,73069905.088,0.0237998647734956
9686,15240.010944,1,73069925.2224,0.0201128936423054
9687,15240.030944,2,73069945.1392,0.0238244514106583
9688,15240.050944,1,73069965.1072,0.0201753846784273
9689,15240.070944,2,73069985.2032,0.0238828446739197
9690,15240.090944,1,73070005.2864,0.0201610424734157
9691,15240.110944,2,73070025.5872,0.0238787469010593
9692,15240.130944,1,73070045.4272,0.0201610424734157
9693,15240.150944,2,73070065.1904,0.0238726002417686
9694,15240.170944,1,73070085.2096,0.0202030446452353
9695,15240.190944,2,73070105.28,0.0238090847624316
9696,15240.210944,1,73070125.248,0.0201784580080726
9697,15240.230944,2,73070145.2672,0.0239299690618149
9698,15240.250944,1,73070165.4528,0.0201671891327064
9699,15240.270944,2,73070185.1392,0.0239002602085766
9700,15240.290944,1,73070205.1456,0.0202419734874096
9701,15240.310944,2,73070225.152,0.0239176757432336
9702,15240.330944,1,73070245.184,0.0201948490995144
9703,15240.350944,2,73070265.216,0.023876698014629
9704,15240.370944,1,73070285.2096,0.0202522179195607
9705,15240.390944,2,73070305.2288,0.0238961624357162
9706,15240.410944,1,73070325.184,0.0202040690884504
9707,15240.430944,2,73070345.5104,0.0238295736267339
9708,15240.450944,1,73070365.2992,0.0202030446452353
9709,15240.470944,2,73070385.1392,0.023821378081013
9710,15240.490944,1,73070405.3248,0.0201866535537935
9711,15240.510944,2,73070425.1776,0.0238090847624316
9712,15240.530944,1,73070445.504,0.0202255823959678
9713,15240.550944,2,73070465.3184,0.0237599114881062
9714,15240.570944,1,73070485.8112,0.0201712869055668
9715,15240.590944,2,73070505.216,0.0238101092056467
9716,15240.610944,1,73070525.2608,0.0201651402462762
9717,15240.630944,2,73070545.2416,0.0237558137152458
9718,15240.650944,1,73070565.5168,0.0202009957588051
9719,15240.670944,2,73070585.2032,0.0237926936709898
9720,15240.690944,1,73070605.2224,0.0201610424734157
9721,15240.710944,2,73070625.5616,0.0237978158870654
9722,15240.730944,1,73070645.5296,0.0201928002130842
9723,15240.750944,2,73070665.4592,0.0237261048620075
9724,15240.770944,1,73070685.3376,0.0201805068945028
9725,15240.790944,2,73070705.2544,0.0238418669453152
9726,15240.810944,1,73070725.2224,0.0201784580080726
9727,15240.830944,2,73070745.344,0.0237834736820538
9728,15240.850944,1,73070765.4144,0.0201846046673633
9729,15240.870944,2,73070785.216,0.0236974204519843
9730,15240.890944,1,73070805.2608,0.0201815313377179
9731,15240.910944,2,73070825.3952,0.0237271293052226
9732,15240.930944,1,73070845.2992,0.0201589935869855
9733,15240.950944,2,73070865.4592,0.0236984448951995
9734,15240.970944,1,73070885.248,0.0201477247116192
9735,15240.990944,2,73070905.2544,0.0236728338148216
9736,15241.010944,1,73070925.1968,0.0201067469830147
9737,15241.030944,2,73070945.3568,0.0236451738480136
9738,15241.050944,1,73070965.44,0.0200626959247649
9739,15241.070944,2,73070985.2544,0.02361239166513
9740,15241.090944,1,73071005.2736,0.0200831847890671
9741,15241.110944,2,73071025.2288,0.0236861515766181
9742,15241.130944,1,73071047.3728,0.0200975269940787
9743,15241.150944,2,73071065.3824,0.0236738582580368
9744,15241.170944,1,73071085.312,0.0200432315036778
9745,15241.190944,2,73071105.3696,0.0236349294158625
9746,15241.210944,1,73071125.2992,0.0200749892433462
9747,15241.230944,2,73071145.28,0.0236041961194091
9748,15241.250944,1,73071165.3888,0.0200135226504395
9749,15241.270944,2,73071186.2784,0.023640051631938
9750,15241.290944,1,73071205.4912,0.0200237670825906
9751,15241.310944,2,73071225.2544,0.0237742536931178
9752,15241.330944,1,73071245.248,0.0199858626836314
9753,15241.350944,2,73071265.3184,0.0236861515766181
9754,15241.370944,1,73071285.2736,0.0200135226504395
9755,15241.390944,2,73071305.472,0.023666687155531
9756,15241.410944,1,73071325.248,0.0200288892986662
9757,15241.430944,2,73071345.3696,0.023694347122339
9758,15241.450944,1,73071365.5168,0.020082160345852
9759,15241.470944,2,73071385.5232,0.0236482471776589
9760,15241.490944,1,73071405.2992,0.0200790870162067
9761,15241.510944,2,73071425.408,0.0236605404962403
9762,15241.530944,1,73071445.4144,0.0200749892433462
9763,15241.550944,2,73071465.3568,0.0236236605404962
9764,15241.570944,1,73071485.3888,0.0200801114594218
9765,15241.590944,2,73071505.5104,0.0237117626569959
9766,15241.610944,1,73071525.3248,0.0200309381850964
9767,15241.630944,2,73071545.3824,0.023675907144467
9768,15241.650944,1,73071565.6576,0.0201159669719507
9769,15241.670944,2,73071585.5104,0.0236605404962403
9770,15241.690944,1,73071605.4272,0.0200463048333231
9771,15241.710944,2,73071625.3056,0.0236974204519843
9772,15241.730944,1,73071645.3248,0.0200278648554511
9773,15241.750944,2,73071665.408,0.0236000983465487
9774,15241.770944,1,73071685.3248,0.0201077714262298
9775,15241.790944,2,73071705.472,0.0237240559755773
9776,15241.810944,1,73071725.6704,0.0200862581187125
9777,15241.830944,2,73071745.3056,0.0237004937816297
9778,15241.850944,1,73071765.4272,0.020009424877579
9779,15241.870944,2,73071785.3952,0.0236810293605425
9780,15241.890944,1,73071805.4016,0.020036060401172
9781,15241.910944,2,73071825.3696,0.0236728338148216
9782,15241.930944,1,73071845.3632,0.0200463048333231
9783,15241.950944,2,73071865.6896,0.0236707849283914
9784,15241.970944,1,73071885.3632,0.0200196693097302
9785,15241.990944,2,73071905.4592,0.0237045915544901
9786,15242.010944,1,73071925.3376,0.0200258159690208
9787,15242.030944,2,73071945.3952,0.0237250804187924
9788,15242.050944,1,73071965.5296,0.0199950826725675
9789,15242.070944,2,73071985.3568,0.0236687360419612
9790,15242.090944,1,73072005.4528,0.0200227426393755
9791,15242.110944,2,73072025.5488,0.0236687360419612
9792,15242.130944,1,73072045.4016,0.0200411826172475
9793,15242.150944,2,73072065.4464,0.0237056159977052
9794,15242.170944,1,73072085.3632,0.0200565492654742
9795,15242.190944,2,73072105.5744,0.0236820538037577
9796,15242.210944,1,73072125.4656,0.0200288892986662
9797,15242.230944,2,73072145.3696,0.0236359538590776
9798,15242.250944,1,73072165.4272,0.0200514270493987
9799,15242.270944,2,73072185.3696,0.0236021472329789
9800,15242.290944,1,73072205.5168,0.0200422070604626
9801,15242.310944,2,73072225.3952,0.0236410760751532
9802,15242.330944,1,73072245.7216,0.0200483537197533
9803,15242.350944,2,73072265.7792,0.0235744872661708
9804,15242.370944,1,73072285.376,0.0200903558915729
9805,15242.390944,2,73072305.5616,0.023593951687258
9806,15242.410944,1,73072325.4784,0.0200657692544102
9807,15242.430944,2,73072345.6,0.0235878050279673
9808,15242.450944,1,73072365.6192,0.0200872825619276
9809,15242.470944,2,73072385.472,0.0235857561415371
9810,15242.490944,1,73072405.6192,0.0200831847890671
9811,15242.510944,2,73072425.4592,0.0236195627676358
9812,15242.530944,1,73072445.4656,0.0200585981519044
9813,15242.550944,2,73072465.4336,0.0236554182801647
9814,15242.570944,1,73072485.4528,0.0200934292212183
9815,15242.590944,2,73072505.5744,0.0236871760198332
9816,15242.610944,1,73072525.5808,0.0200217181961604
9817,15242.630944,2,73072545.6896,0.0237004937816297
9818,15242.650944,1,73072565.5552,0.0200124982072244
9819,15242.670944,2,73072585.472,0.0236267338701416
9820,15242.690944,1,73072605.6064,0.0200309381850964
9821,15242.710944,2,73072625.5616,0.0236830782469728
9822,15242.730944,1,73072645.504,0.0201292847337472
9823,15242.750944,2,73072665.7408,0.0236513205073043
9824,15242.770944,1,73072685.4912,0.0201139180855205
9825,15242.790944,2,73072705.5488,0.0236523449505194
9826,15242.810944,1,73072725.6192,0.0200616714815498
9827,15242.830944,2,73072745.4592,0.0236328805294323
9828,15242.850944,1,73072765.952,0.0200616714815498
9829,15242.870944,2,73072785.5488,0.023621611654066
9830,15242.890944,1,73072805.568,0.0199961071157826
9831,15242.910944,2,73072825.6128,0.0236841026901879
9832,15242.930944,1,73072845.5552,0.0200442559468929
9833,15242.950944,2,73072865.6128,0.0237373737373737
9834,15242.970944,1,73072886.0544,0.0200647448111951
9835,15242.990944,2,73072905.6896,0.0236072694490544
9836,15243.010976,1,73072925.7088,0.020036060401172
9837,15243.030976,2,73072945.6128,0.0236041961194091
9838,15243.050976,1,73072965.7728,0.0200288892986662
9839,15243.070976,2,73072985.728,0.0236134161083451
9840,15243.090976,1,73073005.4784,0.0200903558915729
9841,15243.110976,2,73073025.4464,0.0237199582027168
9842,15243.130976,1,73073045.4656,0.0201395291658983
9843,15243.150976,2,73073065.5616,0.0237250804187924
9844,15243.170976,1,73073085.5296,0.0200657692544102
9845,15243.190976,2,73073105.536,0.0236871760198332
9846,15243.210976,1,73073125.76,0.0200842092322823
9847,15243.230976,2,73073145.5872,0.0236502960640892
9848,15243.250976,1,73073165.8752,0.0200411826172475
9849,15243.270976,2,73073185.6384,0.0237107382137808
9850,15243.290976,1,73073205.5168,0.0200411826172475
9851,15243.310976,2,73073225.5488,0.0237107382137808
9852,15243.330976,1,73073246.0288,0.020127235847317
9853,15243.350976,2,73073265.9456,0.0236246849837114
9854,15243.370976,1,73073285.6064,0.0200032782182884
9855,15243.390976,2,73073305.536,0.0236390271887229
9856,15243.410976,1,73073325.5936,0.0200852336754974
9857,15243.430976,2,73073345.5232,0.0236718093716065
9858,15243.450976,1,73073365.6576,0.0200463048333231
9859,15243.470976,2,73073385.7152,0.0236502960640892
9860,15243.490976,1,73073405.5424,0.0201169914151659
9861,15243.510976,2,73073425.6768,0.0236871760198332
9862,15243.530976,1,73073445.5424,0.0200831847890671
9863,15243.550976,2,73073465.8048,0.0236390271887229
9864,15243.570976,1,73073485.6064,0.0200165959800848
9865,15243.590976,2,73073505.5104,0.0236267338701416
9866,15243.610976,1,73073525.696,0.0200391337308173
9867,15243.630976,2,73073545.6512,0.0236554182801647
9868,15243.650976,1,73073565.6448,0.0200667936976253
9869,15243.670976,2,73073585.7792,0.0236226360972811
9870,15243.690976,1,73073605.5552,0.0200483537197533
9871,15243.710976,2,73073625.8304,0.0236441494047985
9872,15243.730976,1,73073645.6192,0.0200432315036778
9873,15243.750976,2,73073665.792,0.0236564427233798
9874,15243.770976,1,73073685.568,0.0201344069498228
9875,15243.790976,2,73073705.5488,0.0236461982912287
9876,15243.810976,1,73073725.5168,0.0201098203126601
9877,15243.830976,2,73073745.5872,0.023593951687258
9878,15243.850976,1,73073765.7344,0.0200524514926138
9879,15243.870976,2,73073785.5872,0.0236380027455078
9880,15243.890976,1,73073805.5936,0.0200585981519044
9881,15243.910976,2,73073825.7024,0.023712787100211
9882,15243.930976,1,73073845.9008,0.0200555248222591
9883,15243.950976,2,73073865.7536,0.0236543938369496
9884,15243.970976,1,73073885.6192,0.0200893314483578
9885,15243.990976,2,73073905.6128,0.0236431249615834
9886,15244.010976,1,73073925.6832,0.0200811359026369
9887,15244.030976,2,73073946.7392,0.0236318560862171
9888,15244.050976,1,73073965.824,0.0200585981519044
9889,15244.070976,2,73073985.856,0.0236339049726474
9890,15244.090976,1,73074005.7472,0.0199745938082652
9891,15244.110976,2,73074025.664,0.023593951687258
9892,15244.130976,1,73074045.7088,0.0200555248222591
9893,15244.150976,2,73074065.7664,0.0236421005183683
9894,15244.170976,1,73074085.6192,0.0201128936423054
9895,15244.190976,2,73074105.6896,0.0237332759645133
9896,15244.210976,1,73074125.632,0.0199868871268466
9897,15244.230976,2,73074145.6128,0.0237885958981294
9898,15244.250976,1,73074165.8496,0.0200698670272707
9899,15244.270976,2,73074185.6512,0.0237568381584609
9900,15244.290976,1,73074205.8496,0.0201374802794681
9901,15244.310976,2,73074225.8048,0.0237701559202573
9902,15244.330976,1,73074246.0032,0.0200657692544102
9903,15244.350976,2,73074265.7536,0.0237168848730715
9904,15244.370976,1,73074285.632,0.0200278648554511
9905,15244.390976,2,73074305.728,0.0236963960087692
9906,15244.410976,1,73074325.7088,0.0201303091769623
9907,15244.430976,2,73074346.0224,0.0236369783022927
9908,15244.450976,1,73074365.7216,0.0201036736533694
9909,15244.470976,2,73074385.6512,0.0237086893273506
9910,15244.490976,1,73074405.696,0.0199920093429221
9911,15244.510976,2,73074425.6768,0.0237332759645133
9912,15244.530976,1,73074445.8368,0.0200391337308173
9913,15244.550976,2,73074465.7792,0.0238008892167107
9914,15244.570976,1,73074485.6704,0.0200524514926138
9915,15244.590976,2,73074505.7408,0.0238592824799721
9916,15244.610976,1,73074525.7088,0.0200053271047186
9917,15244.630976,2,73074545.8944,0.0237844981252689
9918,15244.650976,1,73074565.7984,0.0200504026061835
9919,15244.670976,2,73074585.6512,0.023675907144467
9920,15244.690976,1,73074605.6448,0.0200206937529453
9921,15244.710976,2,73074625.6256,0.0236277583133567
9922,15244.730976,1,73074645.7088,0.020018644866515
9923,15244.750976,2,73074665.9328,0.0236052205626242
9924,15244.770976,1,73074685.7216,0.0200708914704858
9925,15244.790976,2,73074705.6896,0.0237414715102342
9926,15244.810976,1,73074725.9264,0.0200473292765382
9927,15244.830976,2,73074746.0608,0.0237537648288155
9928,15244.850976,1,73074765.7856,0.0200196693097302
9929,15244.870976,2,73074785.7024,0.0237373737373737
9930,15244.890976,1,73074805.7216,0.020045280390108
9931,15244.910976,2,73074825.8944,0.0237834736820538
9932,15244.930976,1,73074845.6576,0.019972544921835
9933,15244.950976,2,73074865.7792,0.023694347122339
9934,15244.970976,1,73074885.7216,0.0200063515479337
9935,15244.990976,2,73074906.0096,0.0236738582580368
9936,15245.010976,1,73074925.9392,0.0200319626283115
9937,15245.030976,2,73074945.8304,0.0236902493494786
9938,15245.050976,1,73074965.9776,0.0200288892986662
9939,15245.070976,2,73074985.792,0.0237896203413445
9940,15245.090976,1,73075005.7856,0.0199920093429221
9941,15245.110976,2,73075025.7664,0.0238357202860245
9942,15245.130976,1,73075045.696,0.0200381092876022
9943,15245.150976,2,73075066.3296,0.0238070358760014
9944,15245.170976,1,73075085.7216,0.0200309381850964
9945,15245.190976,2,73075105.9328,0.0238613313664024
9946,15245.210976,1,73075125.8368,0.0199776671379105
9947,15245.230976,2,73075145.7536,0.0237650337041818
9948,15245.250976,1,73075165.888,0.020018644866515
9949,15245.270976,2,73075186.1248,0.0236728338148216
9950,15245.290976,1,73075205.888,0.0199469338414572
9951,15245.310976,2,73075225.8176,0.0237045915544901
9952,15245.330976,1,73075245.9904,0.0200196693097302
9953,15245.350976,2,73075265.856,0.0236328805294323
9954,15245.370976,1,73075285.7984,0.0200432315036778
9955,15245.390976,2,73075305.792,0.0236298071997869
9956,15245.410976,1,73075325.7728,0.020036060401172
9957,15245.430976,2,73075345.8304,0.023694347122339
9958,15245.450976,1,73075365.9392,0.0200340115147417
9959,15245.470976,2,73075385.9712,0.0237332759645133
9960,15245.490976,1,73075405.8112,0.019990984899707
9961,15245.510976,2,73075426.0864,0.0236533693937345
9962,15245.530976,1,73075445.7856,0.0200883070051427
9963,15245.550976,2,73075465.8816,0.0237793759091934
9964,15245.570976,1,73075485.9392,0.0200524514926138
9965,15245.590976,2,73075506.048,0.0238285491835188
9966,15245.610976,1,73075525.824,0.0200514270493987
9967,15245.630976,2,73075545.8304,0.0237988403302805
9968,15245.650976,1,73075565.9264,0.020054500379044
9969,15245.670976,2,73075585.9968,0.0236963960087692
9970,15245.690976,1,73075605.824,0.020045280390108
9971,15245.710976,2,73075625.7536,0.0236000983465487
9972,15245.730976,1,73075645.888,0.0200124982072244
9973,15245.750976,2,73075665.8688,0.0236492716208741
9974,15245.770976,1,73075685.9904,0.0199674227057594
9975,15245.790976,2,73075705.9456,0.0236380027455078
9976,15245.810976,1,73075725.9008,0.0200504026061835
9977,15245.830976,2,73075745.8816,0.0235724383797406
9978,15245.850976,1,73075765.888,0.0200084004343639
9979,15245.870976,2,73075785.9968,0.0236298071997869
9980,15245.890976,1,73075805.8624,0.0200381092876022
9981,15245.910976,2,73075826.048,0.0235929272440429
9982,15245.930976,1,73075845.9136,0.0200657692544102
9983,15245.950976,2,73075865.856,0.0236564427233798
9984,15245.970976,1,73075885.8752,0.0200288892986662
9985,15245.990976,2,73075906.6368,0.0236472227344438
9986,15246.010976,1,73075927.68,0.0199797160243408
9987,15246.030976,2,73075945.8176,0.0235816583686766
9988,15246.050976,1,73075966.0672,0.0200278648554511
9989,15246.070976,2,73075986.1376,0.0235970250169033
9990,15246.090976,1,73076006.0416,0.0200329870715266
9991,15246.110976,2,73076025.856,0.0236144405515602
9992,15246.130976,1,73076046.0672,0.0200575737086893
9993,15246.150976,2,73076066.4192,0.0236339049726474
9994,15246.170976,1,73076085.8368,0.0200708914704858
9995,15246.190976,2,73076105.9456,0.0235908783576126
9996,15246.210976,1,73076125.8368,0.0200370848443871
9997,15246.230976,2,73076145.92,0.0235458028561477
9998,15246.250976,1,73076166.08,0.0201518224844797
9999,15246.270976,2,73076185.8176,0.02361239166513
10000,15246.290976,1,73076205.824,0.0200432315036778
10001,15246.310976,2,73076225.8304,0.0235949761304731
10002,15246.330976,1,73076245.9392,0.0200381092876022
10003,15246.350976,2,73076265.8944,0.0235355584239966
10004,15246.370976,1,73076285.9008,0.0200329870715266
10005,15246.390976,2,73076305.8176,0.0235160940029094
10006,15246.410976,1,73076325.8496,0.020036060401172
10007,15246.430976,2,73076345.8176,0.0235878050279673
10008,15246.450976,1,73076365.8752,0.020009424877579
10009,15246.470976,2,73076385.9328,0.0235734628229557
10010,15246.490976,1,73076405.8112,0.0200299137418813
10011,15246.510976,2,73076425.9456,0.0235294117647059
10012,15246.530976,1,73076445.8496,0.02006372036798
10013,15246.550976,2,73076466.2528,0.0235826828118917
10014,15246.570976,1,73076486.0032,0.0200319626283115
10015,15246.590976,2,73076505.8176,0.023558096174729
10016,15246.610976,1,73076525.8752,0.020082160345852
10017,15246.630976,2,73076546.1376,0.0236062450058393
10018,15246.650976,1,73076565.952,0.0199950826725675
10019,15246.670976,2,73076585.984,0.0236000983465487
10020,15246.690976,1,73076605.8752,0.0200606470383347
10021,15246.710976,2,73076625.8304,0.023657467166595
10022,15246.730976,1,73076646.1056,0.0200114737640093
10023,15246.750976,2,73076665.984,0.0235816583686766
10024,15246.770976,1,73076685.9008,0.0200493781629684
10025,15246.790976,2,73076705.9328,0.0236800049173274
10026,15246.810976,1,73076725.888,0.0200227426393755
10027,15246.830976,2,73076746.2656,0.0236677115987461
10028,15246.850976,1,73076766.1184,0.0200852336754974
10029,15246.870976,2,73076785.9072,0.023640051631938
10030,15246.890976,1,73076806.0032,0.0200504026061835
10031,15246.910976,2,73076825.8688,0.0236461982912287
10032,15246.930976,1,73076845.9392,0.0199510316143176
10033,15246.950976,2,73076865.9712,0.023584731698322
10034,15246.970976,1,73076885.888,0.0201169914151659
10035,15246.990976,2,73076906.0224,0.0236646382691007
10036,15247.010976,1,73076925.9008,0.0199991804454279
10037,15247.030976,2,73076946.0224,0.0235960005736882
10038,15247.050976,1,73076966.0032,0.020045280390108
10039,15247.070976,2,73076985.9072,0.0236236605404962
10040,15247.090976,1,73077005.9392,0.0200329870715266
10041,15247.110976,2,73077025.8944,0.023558096174729
10042,15247.130976,1,73077046.0288,0.0200422070604626
10043,15247.150976,2,73077066.0736,0.0236431249615834
10044,15247.170976,1,73077086.0928,0.0200463048333231
10045,15247.190976,2,73077105.9328,0.0235816583686766
10046,15247.210976,1,73077125.9008,0.0201046980965845
10047,15247.230976,2,73077146.1376,0.023584731698322
10048,15247.250976,1,73077166.1056,0.020018644866515
10049,15247.270976,2,73077186.1248,0.0236390271887229
10050,15247.290976,1,73077205.952,0.0200842092322823
10051,15247.310976,2,73077226.0736,0.0235550228450837
10052,15247.330976,1,73077246.0032,0.0200504026061835
10053,15247.350976,2,73077266.0736,0.0235867805847522
10054,15247.370976,1,73077285.9648,0.0200842092322823
10055,15247.390976,2,73077306.0864,0.0235919028008277
10056,15247.410976,1,73077325.9648,0.020072940356916
10057,15247.430976,2,73077346.048,0.0236164894379905
10058,15247.450976,1,73077366.08,0.0201190403015961
10059,15247.470976,2,73077385.9456,0.0236154649947753
10060,15247.490976,1,73077406.0288,0.020118015858381
10061,15247.510976,2,73077425.9584,0.0236000983465487
10062,15247.530976,1,73077446.144,0.0201282602905321
10063,15247.550976,2,73077466.048,0.0237322515212982
10064,15247.570976,1,73077486.016,0.0201016247669392
10065,15247.590976,2,73077505.9584,0.0237353248509435
10066,15247.610976,1,73077526.1568,0.0201712869055668
10067,15247.630976,2,73077546.0096,0.0237004937816297
10068,15247.650976,1,73077566.1952,0.0202040690884504
10069,15247.670976,2,73077585.984,0.0237793759091934
10070,15247.690976,1,73077606.0032,0.0202163624070318
10071,15247.710976,2,73077626.0224,0.0237619603745364
10072,15247.730976,1,73077646.2464,0.0202009957588051
10073,15247.750976,2,73077666.1504,0.0237732292499027
10074,15247.770976,1,73077686.1312,0.0201671891327064
10075,15247.790976,2,73077705.9968,0.0238234269674432
10076,15247.810976,1,73077726.08,0.0201825557809331
10077,15247.830976,2,73077745.984,0.023839818058885
10078,15247.850976,1,73077766.1952,0.0201692380191366
10079,15247.870976,2,73077786.0608,0.0237455692830946
10080,15247.890976,1,73077806.0544,0.0201436269387588
10081,15247.910976,2,73077826.0352,0.0237773270227631
10082,15247.930976,1,73077846.4512,0.020190751326654
10083,15247.950976,2,73077866.112,0.0238039625463561
10084,15247.970976,1,73077885.9904,0.0201682135759215
10085,15247.990976,2,73077906.0224,0.023903333538222
10086,15248.010976,1,73077925.9904,0.0201938246562993
10087,15248.030976,2,73077946.2144,0.0238346958428094
10088,15248.050976,1,73077966.1056,0.0201835802241482
10089,15248.070976,2,73077986.1504,0.0237281537484377
10090,15248.090976,1,73078006.016,0.0201764091216424
10091,15248.110976,2,73078026.0352,0.0238029381031409
10092,15248.130976,1,73078046.016,0.0201436269387588
10093,15248.150976,2,73078066.2272,0.0238162558649374
10094,15248.170976,1,73078086.1184,0.0201538713709099
10095,15248.190976,2,73078106.0736,0.0237875714549143
10096,15248.210976,1,73078126.0928,0.020190751326654
10097,15248.230976,2,73078146.1248,0.0238510869342512
10098,15248.250976,1,73078166.1312,0.020127235847317
10099,15248.270976,2,73078186.368,0.0238080603192165
10100,15248.290976,1,73078206.0672,0.0201518224844797
10101,15248.310976,2,73078226.0608,0.0237916692277747
10102,15248.330976,1,73078246.0544,0.0201036736533694
10103,15248.350976,2,73078266.0992,0.0237926936709898
10104,15248.370976,1,73078286.0544,0.0202061179748807
10105,15248.390976,2,73078306.112,0.0237701559202573
10106,15248.410976,1,73078326.0928,0.0201098203126601
10107,15248.430976,2,73078346.0864,0.023776302579548
10108,15248.450976,1,73078366.08,0.0201385047226832
10109,15248.470976,2,73078388.4032,0.023757862601676
10110,15248.490976,1,73078406.1184,0.0201415780523286
10111,15248.510976,2,73078426.3424,0.0236953715655541
10112,15248.530976,1,73078446.1184,0.0201651402462762
10113,15248.550976,2,73078466.7136,0.0237199582027168
10114,15248.570976,1,73078486.1824,0.0201139180855205
10115,15248.590976,2,73078506.0992,0.0236328805294323
10116,15248.610976,1,73078526.0928,0.0201395291658983
10117,15248.630976,2,73078546.1248,0.0237015182248448
10118,15248.650976,1,73078566.1952,0.0201497735980495
10119,15248.670976,2,73078586.1248,0.0236902493494786
10120,15248.690976,1,73078606.0928,0.0201323580633925
10121,15248.710976,2,73078627.9296,0.0237404470670191
10122,15248.730976,1,73078646.2464,0.0200903558915729
10123,15248.750976,2,73078666.2528,0.0236328805294323
10124,15248.770976,1,73078686.1824,0.0201702624623517
10125,15248.790976,2,73078706.1376,0.0236738582580368
10126,15248.810976,1,73078726.1184,0.0200965025508636
10127,15248.830976,2,73078746.176,0.0236349294158625
10128,15248.850976,1,73078766.464,0.0201805068945028
10129,15248.870976,2,73078786.112,0.0236779560308972
10130,15248.890976,1,73078806.1568,0.0201333825066077
10131,15248.910976,2,73078826.1248,0.0236441494047985
10132,15248.930976,1,73078846.2208,0.0201118691990903
10133,15248.950976,2,73078867.84,0.0236615649394554
10134,15248.970976,1,73078886.1184,0.0200657692544102
10135,15248.990976,2,73078906.1632,0.0236595160530252
10136,15249.010976,1,73078926.1568,0.0201200647448112
10137,15249.030976,2,73078946.368,0.0237045915544901
10138,15249.050976,1,73078966.2592,0.0201507980412646
10139,15249.070976,2,73078986.1888,0.0237117626569959
10140,15249.090976,1,73079006.144,0.0200432315036778
10141,15249.110976,2,73079026.1888,0.0237424959534493
10142,15249.130976,1,73079046.272,0.0200954781076485
10143,15249.150976,2,73079066.2528,0.0237138115434261
10144,15249.170976,1,73079086.1696,0.0201057225397996
10145,15249.190976,2,73079106.1504,0.0237537648288155
10146,15249.210976,1,73079126.2976,0.0200893314483578
10147,15249.230976,2,73079146.3424,0.0237302026348679
10148,15249.250976,1,73079166.1952,0.0200883070051427
10149,15249.270976,2,73079186.1632,0.0237158604298564
10150,15249.290976,1,73079206.4,0.0201374802794681
10151,15249.310976,2,73079226.2272,0.0237476181695249
10152,15249.330976,1,73079246.208,0.0201016247669392
10153,15249.350976,2,73079266.3808,0.0237261048620075
10154,15249.370976,1,73079286.4128,0.0201620669166308
10155,15249.390976,2,73079306.1632,0.0237004937816297
10156,15249.410976,1,73079326.1952,0.0201538713709099
10157,15249.430976,2,73079346.2016,0.0237332759645133
10158,15249.450976,1,73079366.3872,0.0201077714262298
10159,15249.470976,2,73079386.2016,0.0237681070338271
10160,15249.490976,1,73079406.2336,0.0201036736533694
10161,15249.510976,2,73079426.2144,0.0236922982359088
10162,15249.530976,1,73079446.208,0.0201753846784273
10163,15249.550976,2,73079466.24,0.0238275247403036
10164,15249.570976,1,73079486.208,0.0201794824512877
10165,15249.590976,2,73079506.1888,0.0237804003524085
10166,15249.610976,1,73079526.5024,0.020190751326654
10167,15249.630976,2,73079546.1888,0.0236687360419612
10168,15249.650976,1,73079566.528,0.0201610424734157
10169,15249.670976,2,73079586.24,0.0237629848177516
10170,15249.690976,1,73079606.2208,0.0200801114594218
10171,15249.710976,2,73079626.304,0.0236718093716065
10172,15249.730976,1,73079646.2336,0.0201856291105784
10173,15249.750976,2,73079666.2656,0.0237435203966644
10174,15249.770976,1,73079686.3744,0.0200893314483578
10175,15249.790976,2,73079706.2912,0.0237015182248448
10176,15249.810976,1,73079726.2592,0.02019997131559
10177,15249.830976,2,73079746.2016,0.0237261048620075
10178,15249.850976,1,73079766.6048,0.0201415780523286
10179,15249.870976,2,73079786.2784,0.0237291781916528
10180,15249.890976,1,73079806.2976,0.0200647448111951
10181,15249.910976,2,73079826.24,0.023685127133403
10182,15249.930976,1,73079846.2208,0.0201569447005552
10183,15249.950976,2,73079866.4576,0.0237209826459319
10184,15249.970976,1,73079886.3232,0.0201190403015961
10185,15249.990976,2,73079906.2912,0.0236472227344438
10186,15250.010976,1,73079926.2464,0.0200606470383347
10187,15250.030976,2,73079946.2656,0.0236677115987461
10188,15250.050976,1,73079966.4896,0.0200688425840556
10189,15250.070976,2,73079986.304,0.0236185383244207
10190,15250.090976,1,73080006.2592,0.0200206937529453
10191,15250.110976,2,73080026.4704,0.0236226360972811
10192,15250.130976,1,73080046.2848,0.0199612760464687
10193,15250.150976,2,73080066.2656,0.0236461982912287
10194,15250.170976,1,73080086.2976,0.0199602516032536
10195,15250.190976,2,73080106.2912,0.0236113672219149
10196,15250.210976,1,73080126.3232,0.0199879115700617
10197,15250.230976,2,73080146.304,0.0234822873768107
10198,15250.250976,1,73080166.3104,0.0200616714815498
10199,15250.270976,2,73080186.368,0.0235806339254615
10200,15250.290976,1,73080206.3616,0.0200288892986662
10201,15250.310976,2,73080226.304,0.0235960005736882
10202,15250.330976,1,73080246.3488,0.0199981560022128
10203,15250.350976,2,73080266.3552,0.0236830782469728
10204,15250.370976,1,73080286.336,0.0199428360685967
10205,15250.390976,2,73080306.3936,0.0236441494047985
10206,15250.410976,1,73080326.3872,0.0200391337308173
10207,15250.430976,2,73080346.3424,0.0235990739033335
10208,15250.450976,1,73080366.3488,0.0199848382404163
10209,15250.470976,2,73080386.3296,0.0235816583686766
10210,15250.490976,1,73080406.3232,0.0200227426393755
10211,15250.510976,2,73080426.2784,0.0236154649947753
10212,15250.530976,1,73080446.3232,0.020036060401172
10213,15250.550976,2,73080466.3552,0.0235222406622001
10214,15250.570976,1,73080486.3232,0.0200432315036778
10215,15250.590976,2,73080506.3552,0.0236082938922696
10216,15250.610976,1,73080526.3488,0.0200032782182884
10217,15250.630976,2,73080546.3296,0.0236615649394554
10218,15250.650976,1,73080566.3488,0.0199981560022128
10219,15250.670976,2,73080586.3936,0.0236359538590776
10220,15250.690976,1,73080606.3744,0.0200667936976253
10221,15250.710976,2,73080626.3424,0.023621611654066
10222,15250.730976,1,73080646.3616,0.020209191304526
10223,15250.750976,2,73080666.4192,0.0237209826459319
10224,15250.770976,1,73080686.3488,0.0201016247669392
10225,15250.790976,2,73080706.4064,0.0236267338701416
10226,15250.810976,1,73080726.3616,0.0200432315036778
10227,15250.830976,2,73080746.3552,0.0236564427233798
10228,15250.850976,1,73080766.528,0.020054500379044
10229,15250.870976,2,73080786.3808,0.0236636138258856
10230,15250.890976,1,73080806.3488,0.0200422070604626
10231,15250.910976,2,73080828.7616,0.0236421005183683
10232,15250.930976,1,73080846.3488,0.0200760136865614
10233,15250.950976,2,73080866.4448,0.0236103427786998
10234,15250.970976,1,73080886.3744,0.0200985514372938
10235,15250.990976,2,73080906.432,0.0236738582580368
10236,15251.010976,1,73080926.6688,0.02006372036798
10237,15251.030976,2,73080946.752,0.0235724383797406
10238,15251.050976,1,73080966.4384,0.020108795869445
10239,15251.070976,2,73080986.3936,0.0236134161083451
10240,15251.090976,1,73081006.4128,0.0201292847337472
10241,15251.110976,2,73081026.752,0.0236205872108509
10242,15251.130976,1,73081046.4768,0.0200657692544102
10243,15251.150976,2,73081066.4448,0.0236021472329789
10244,15251.170976,1,73081086.4384,0.0200463048333231
10245,15251.190976,2,73081106.4704,0.023640051631938
10246,15251.210976,1,73081126.3744,0.0200842092322823
10247,15251.230976,2,73081146.432,0.0237168848730715
10248,15251.250976,1,73081166.4512,0.0200657692544102
10249,15251.270976,2,73081186.3936,0.0236922982359088
10250,15251.290976,1,73081206.464,0.0201108447558752
10251,15251.310976,2,73081226.4576,0.023640051631938
10252,15251.330976,1,73081246.4896,0.0200227426393755
10253,15251.350976,2,73081266.5216,0.0237107382137808
10254,15251.370976,1,73081286.464,0.0200616714815498
10255,15251.390976,2,73081306.3936,0.0236810293605425
10256,15251.410976,1,73081326.4128,0.020036060401172
10257,15251.430976,2,73081346.8672,0.0236820538037577
10258,15251.450976,1,73081366.464,0.0200463048333231
10259,15251.470976,2,73081386.496,0.0236482471776589
10260,15251.490976,1,73081406.5024,0.0200698670272707
10261,15251.510976,2,73081426.7648,0.0236359538590776
10262,15251.530976,1,73081446.4768,0.0200391337308173
10263,15251.550976,2,73081466.5088,0.0236052205626242
10264,15251.570976,1,73081486.4512,0.0200329870715266
10265,15251.590976,2,73081506.496,0.0235529739586535
10266,15251.610976,1,73081526.464,0.0200340115147417
10267,15251.630976,2,73081546.5856,0.0235734628229557
10268,15251.650976,1,73081566.5152,0.0200206937529453
10269,15251.670976,2,73081586.4704,0.0236410760751532
10270,15251.690976,1,73081606.5024,0.0200862581187125
10271,15251.710976,2,73081626.4832,0.0235960005736882
10272,15251.730976,1,73081646.4896,0.0200534759358289
10273,15251.750976,2,73081666.5728,0.0236656627123159
10274,15251.770976,1,73081686.5792,0.0200524514926138
10275,15251.790976,2,73081706.7392,0.0235683406068802
10276,15251.810976,1,73081726.6688,0.0200135226504395
10277,15251.830976,2,73081746.5088,0.0236431249615834
10278,15251.850976,1,73081766.4896,0.020026840412236
10279,15251.870976,2,73081786.816,0.0235519495154384
10280,15251.890976,1,73081806.8352,0.0200135226504395
10281,15251.910976,2,73081826.5216,0.0236267338701416
10282,15251.930976,1,73081846.5024,0.0200965025508636
10283,15251.950976,2,73081866.5216,0.0236349294158625
10284,15251.970976,1,73081886.5024,0.0200401581740324
10285,15251.990976,2,73081906.4576,0.0235867805847522
10286,15252.010976,1,73081926.528,0.0200258159690208
10287,15252.030976,2,73081946.8032,0.0235703894933104
10288,15252.050976,1,73081966.5024,0.0199653738193292
10289,15252.070976,2,73081986.6752,0.0236226360972811
10290,15252.090976,1,73082006.6176,0.0200073759911488
10291,15252.110976,2,73082026.5344,0.0236082938922696
10292,15252.130976,1,73082046.5536,0.0200852336754974
10293,15252.150976,2,73082066.56,0.0236052205626242
10294,15252.170976,1,73082086.656,0.0200258159690208
10295,15252.190976,2,73082106.5344,0.0235878050279673
10296,15252.210976,1,73082126.5024,0.0200739648001311
10297,15252.230976,2,73082146.5472,0.0235806339254615
10298,15252.250976,1,73082166.5664,0.0199950826725675
10299,15252.270976,2,73082186.5472,0.0236154649947753
10300,15252.290976,1,73082206.5536,0.0199971315589977
10301,15252.310976,2,73082226.6624,0.0236103427786998
10302,15252.330976,1,73082246.6048,0.0200893314483578
10303,15252.350976,2,73082266.56,0.0236472227344438
10304,15252.370976,1,73082286.5408,0.0200524514926138
10305,15252.390976,2,73082306.5472,0.0236185383244207
10306,15252.410976,1,73082326.5408,0.0200483537197533
10307,15252.430976,2,73082346.624,0.0236933226791239
10308,15252.450976,1,73082366.5152,0.020091380334788
10309,15252.470976,2,73082386.5728,0.0236328805294323
10310,15252.490976,1,73082406.5408,0.0200790870162067
10311,15252.510976,2,73082426.8288,0.0236830782469728
10312,15252.530976,1,73082446.5792,0.020009424877579
10313,15252.550976,2,73082466.7648,0.0237414715102342
10314,15252.570976,1,73082486.5536,0.0200442559468929
10315,15252.590976,2,73082506.5856,0.0237066404409204
10316,15252.610976,1,73082526.6048,0.0200667936976253
10317,15252.630976,2,73082546.6112,0.0236492716208741
10318,15252.650976,1,73082566.6432,0.0200032782182884
10319,15252.670976,2,73082586.5856,0.0236953715655541
10320,15252.690976,1,73082606.5664,0.0200565492654742
10321,15252.710976,2,73082626.7008,0.0236841026901879
10322,15252.730976,1,73082646.784,0.0199920093429221
10323,15252.750976,2,73082666.7776,0.0236615649394554
10324,15252.770976,1,73082686.7968,0.0200575737086893
10325,15252.790976,2,73082706.8544,0.0236800049173274
10326,15252.810976,1,73082726.6048,0.0200657692544102
10327,15252.830976,2,73082746.9056,0.0236564427233798
10328,15252.850976,1,73082766.6048,0.0200831847890671
10329,15252.870976,2,73082786.6368,0.0236789804741123
10330,15252.890976,1,73082806.6048,0.020009424877579
10331,15252.910976,2,73082826.688,0.0237045915544901
10332,15252.930976,1,73082846.6176,0.0200760136865614
10333,15252.950976,2,73082866.8544,0.0236656627123159
10334,15252.970976,1,73082886.6304,0.0200708914704858
10335,15252.990976,2,73082906.6496,0.0237025426680599
10336,15253.010976,1,73082926.7456,0.0200596225951196
10337,15253.030976,2,73082946.6368,0.0236533693937345
10338,15253.050976,1,73082966.8864,0.02006372036798
10339,15253.070976,2,73082986.7264,0.0236011227897638
10340,15253.090976,1,73083006.7072,0.0200309381850964
10341,15253.110976,2,73083026.7904,0.0235632183908046
10342,15253.130976,1,73083046.6944,0.020009424877579
10343,15253.150976,2,73083066.7136,0.0235816583686766
10344,15253.170976,1,73083086.7328,0.0200739648001311
10345,15253.190976,2,73083106.6752,0.0235908783576126
10346,15253.210976,1,73083126.6176,0.0200790870162067
10347,15253.230976,2,73083146.6752,0.0236144405515602
10348,15253.250976,1,73083166.72,0.0200227426393755
10349,15253.270976,2,73083186.6624,0.0236175138812056
10350,15253.290976,1,73083206.7072,0.0200504026061835
10351,15253.310976,2,73083226.752,0.0236451738480136
10352,15253.330976,1,73083246.8352,0.0200985514372938
10353,15253.350976,2,73083266.9184,0.0236769315876821
10354,15253.370976,1,73083286.848,0.0199920093429221
10355,15253.390976,2,73083306.8928,0.0236615649394554
10356,15253.410976,1,73083326.6944,0.0200739648001311
10357,15253.430976,2,73083346.6368,0.0236185383244207
10358,15253.450976,1,73083366.7456,0.0200801114594218
10359,15253.470976,2,73083386.8544,0.0235990739033335
10360,15253.490976,1,73083406.656,0.020018644866515
10361,15253.510976,2,73083426.8672,0.0236687360419612
10362,15253.530976,1,73083446.6944,0.0200350359579568
10363,15253.550976,2,73083466.9952,0.0236513205073043
10364,15253.570976,1,73083486.72,0.0200872825619276
10365,15253.590976,2,73083506.7648,0.0235970250169033
10366,15253.610976,1,73083526.7072,0.0200217181961604
10367,15253.630976,2,73083546.7392,0.0236697604851763
10368,15253.650976,1,73083566.7328,0.0200340115147417
10369,15253.670976,2,73083586.8288,0.0235755117093859
10370,15253.690976,1,73083606.7072,0.0200975269940787
10371,15253.710976,2,73083627.0464,0.0235980494601184
10372,15253.730976,1,73083646.7456,0.0200555248222591
10373,15253.750976,2,73083667.0208,0.0236205872108509
10374,15253.770976,1,73083686.6944,0.0200340115147417
10375,15253.790976,2,73083707.0336,0.0235970250169033
10376,15253.810976,1,73083726.7456,0.0200842092322823
10377,15253.830976,2,73083746.8288,0.0236605404962403
10378,15253.850976,1,73083766.9632,0.0200606470383347
10379,15253.870976,2,73083787.0464,0.0236554182801647
10380,15253.890976,1,73083806.7456,0.020045280390108
10381,15253.910976,2,73083826.9184,0.0236134161083451
10382,15253.930976,1,73083847.1296,0.0200473292765382
10383,15253.950976,2,73083867.0464,0.0236369783022927
10384,15253.970976,1,73083887.0272,0.0200688425840556
10385,15253.990976,2,73083907.1872,0.0235294117647059
10386,15254.010976,1,73083926.6944,0.0200780625729916
10387,15254.030976,2,73083946.8544,0.0235960005736882
10388,15254.050976,1,73083966.72,0.0200565492654742
10389,15254.070976,2,73083986.7264,0.0235693650500953
10390,15254.090976,1,73084006.7712,0.0200667936976253
10391,15254.110976,2,73084026.9952,0.0236205872108509
10392,15254.130976,1,73084047.0912,0.0200575737086893
10393,15254.150976,2,73084067.4176,0.0235878050279673
10394,15254.170976,1,73084086.7712,0.0201139180855205
10395,15254.190976,2,73084106.7648,0.0236810293605425
10396,15254.210976,1,73084126.976,0.0200514270493987
10397,15254.230976,2,73084147.1488,0.0237537648288155
10398,15254.250976,1,73084167.168,0.0200299137418813
10399,15254.270976,2,73084187.0848,0.023675907144467
10400,15254.290976,1,73084206.8864,0.0200954781076485
10401,15254.310976,2,73084227.1872,0.0237302026348679
10402,15254.330976,1,73084247.0144,0.0200329870715266
10403,15254.350976,2,73084267.1744,0.0236246849837114
10404,15254.370976,1,73084286.7584,0.0200534759358289
10405,15254.390976,2,73084306.7392,0.0235908783576126
10406,15254.410976,1,73084326.7584,0.0200258159690208
10407,15254.430976,2,73084346.8032,0.0236339049726474
10408,15254.450976,1,73084367.3344,0.0200585981519044
10409,15254.470976,2,73084386.7776,0.0235744872661708
10410,15254.490976,1,73084406.7968,0.0200278648554511
10411,15254.510976,2,73084427.3408,0.0236144405515602
10412,15254.530976,1,73084446.9632,0.0200401581740324
10413,15254.550976,2,73084466.88,0.0235970250169033
10414,15254.570976,1,73084486.8352,0.020045280390108
10415,15254.590976,2,73084507.1488,0.0236554182801647
10416,15254.610976,1,73084526.9376,0.0200842092322823
10417,15254.630976,2,73084546.816,0.0236472227344438
10418,15254.650976,1,73084567.0016,0.020000204888643
10419,15254.670976,2,73084587.072,0.0236164894379905
10420,15254.690976,1,73084607.0784,0.0199971315589977
10421,15254.710976,2,73084626.8032,0.0235970250169033
10422,15254.730976,1,73084647.0784,0.0199930337861372
10423,15254.750976,2,73084667.2256,0.0236421005183683
10424,15254.770976,1,73084686.9376,0.0200770381297765
10425,15254.790976,2,73084707.2896,0.0236339049726474
10426,15254.810976,1,73084727.0784,0.0200432315036778
10427,15254.830976,2,73084747.264,0.023675907144467
10428,15254.850976,1,73084767.0016,0.0200155715368697
10429,15254.870976,2,73084786.8416,0.0236328805294323
10430,15254.890976,1,73084807.0912,0.0200350359579568
10431,15254.910976,2,73084826.8288,0.023685127133403
10432,15254.930976,1,73084846.8096,0.0200493781629684
10433,15254.950976,2,73084866.8544,0.0235437539697175
10434,15254.970976,1,73084886.8352,0.0200463048333231
10435,15254.990976,2,73084906.8672,0.0235642428340197
10436,15255.010976,1,73084926.8352,0.0200852336754974
10437,15255.030976,2,73084946.9824,0.023558096174729
10438,15255.050976,1,73084967.1168,0.0200688425840556
10439,15255.070976,2,73084986.88,0.0236472227344438
10440,15255.090976,1,73085006.8608,0.0200760136865614
10441,15255.110976,2,73085027.1232,0.023558096174729
10442,15255.130976,1,73085047.1808,0.0200790870162067
10443,15255.150976,2,73085066.944,0.0235980494601184
10444,15255.170976,1,73085087.232,0.0200842092322823
10445,15255.190976,2,73085106.88,0.0235386317536419
10446,15255.210976,1,73085126.8736,0.0200422070604626
10447,15255.230976,2,73085147.1232,0.0235826828118917
10448,15255.250976,1,73085166.9376,0.0200053271047186
10449,15255.270976,2,73085186.8544,0.0236164894379905
10450,15255.290976,1,73085206.8992,0.020009424877579
10451,15255.310976,2,73085226.88,0.0236421005183683
10452,15255.330976,1,73085247.2064,0.0200606470383347
10453,15255.350976,2,73085267.1232,0.0236164894379905
10454,15255.370976,1,73085286.9504,0.0200678181408405
10455,15255.390976,2,73085306.9184,0.0235837072551069
10456,15255.410976,1,73085326.912,0.0199981560022128
10457,15255.430976,2,73085346.88,0.0235929272440429
10458,15255.450976,1,73085366.8992,0.0200227426393755
10459,15255.470976,2,73085386.8928,0.0236041961194091
10460,15255.490976,1,73085406.8992,0.0200463048333231
10461,15255.510976,2,73085426.9184,0.0236062450058393
10462,15255.530976,1,73085447.1552,0.0200340115147417
10463,15255.550976,2,73085466.9696,0.0235468272993628
10464,15255.570976,1,73085486.9248,0.0200760136865614
10465,15255.590976,2,73085506.9184,0.0235898539143975
10466,15255.610976,1,73085526.9376,0.0200432315036778
10467,15255.630976,2,73085546.9184,0.0235242895486303
10468,15255.650976,1,73085567.04,0.0200575737086893
10469,15255.670976,2,73085586.9824,0.0236410760751532
10470,15255.690976,1,73085607.1424,0.0200831847890671
10471,15255.710976,2,73085627.0208,0.0236882004630483
10472,15255.730976,1,73085646.9632,0.0200053271047186
10473,15255.750976,2,73085667.3024,0.0236113672219149
10474,15255.770976,1,73085687.1296,0.0200504026061835
10475,15255.790976,2,73085706.9696,0.023685127133403
10476,15255.810976,1,73085726.9504,0.0200842092322823
10477,15255.830976,2,73085746.9568,0.0237004937816297
10478,15255.850976,1,73085767.04,0.0200514270493987
10479,15255.870976,2,73085786.9568,0.0236502960640892
10480,15255.890976,1,73085807.0272,0.0200965025508636
10481,15255.910976,2,73085826.9568,0.0236421005183683
10482,15255.930976,1,73085846.976,0.0200616714815498
10483,15255.950976,2,73085866.9696,0.0236298071997869
10484,15255.970976,1,73085887.2192,0.0200473292765382
10485,15255.990976,2,73085906.9696,0.0236021472329789
10486,15256.010976,1,73085926.9888,0.0200422070604626
10487,15256.030976,2,73085947.008,0.0236390271887229
10488,15256.050976,1,73085967.36,0.020072940356916
10489,15256.070976,2,73085987.008,0.0235898539143975
10490,15256.090976,1,73086006.9888,0.0199694715921896
10491,15256.110976,2,73086027.1872,0.0236236605404962
10492,15256.130976,1,73086047.0144,0.020026840412236
10493,15256.150976,2,73086067.2896,0.0236226360972811
10494,15256.170976,1,73086087.0272,0.0200626959247649
10495,15256.190976,2,73086106.9952,0.0236554182801647
10496,15256.210976,1,73086127.0144,0.0200862581187125
10497,15256.230976,2,73086147.0208,0.0235837072551069
10498,15256.250976,1,73086167.0272,0.0200370848443871
10499,15256.270976,2,73086187.1872,0.0235908783576126
10500,15256.290976,1,73086207.0016,0.0200432315036778
10501,15256.310976,2,73086226.9824,0.0235919028008277
10502,15256.330976,1,73086247.0272,0.0200626959247649
10503,15256.350976,2,73086267.0336,0.023694347122339
10504,15256.370976,1,73086287.1936,0.0201057225397996
10505,15256.390976,2,73086307.0976,0.0236912737926937
10506,15256.410976,1,73086327.1168,0.0200534759358289
10507,15256.430976,2,73086347.0208,0.0236841026901879
10508,15256.450976,1,73086367.0272,0.0201436269387588
10509,15256.470976,2,73086387.072,0.023657467166595
10510,15256.490976,1,73086407.1296,0.0201098203126601
10511,15256.510976,2,73086427.0208,0.0236543938369496
10512,15256.530976,1,73086447.0272,0.0200616714815498
10513,15256.550976,2,73086467.0976,0.0236093183354847
10514,15256.570976,1,73086487.36,0.0200811359026369
10515,15256.590976,2,73086506.9952,0.0235878050279673
10516,15256.610976,1,73086527.04,0.0200596225951196
10517,15256.630976,2,73086547.0848,0.023657467166595
10518,15256.650976,1,73086567.3216,0.0200657692544102
10519,15256.670976,2,73086587.1104,0.0235908783576126
10520,15256.690976,1,73086607.0528,0.0200719159137009
10521,15256.710976,2,73086627.0848,0.0235949761304731
10522,15256.730976,1,73086647.0784,0.0200780625729916
10523,15256.750976,2,73086667.1872,0.0236021472329789
10524,15256.770976,1,73086687.2448,0.0200739648001311
10525,15256.790976,2,73086707.0592,0.0236052205626242
10526,15256.810976,1,73086727.04,0.020036060401172
10527,15256.830976,2,73086747.0848,0.023640051631938
10528,15256.850976,1,73086767.0784,0.0200739648001311
10529,15256.870976,2,73086787.264,0.0236093183354847
10530,15256.890976,1,73086807.0912,0.0200596225951196
10531,15256.910976,2,73086827.0848,0.0236062450058393
10532,15256.930976,1,73086847.0656,0.0201559202573401
10533,15256.950976,2,73086867.136,0.0235693650500953
10534,15256.970976,1,73086887.1168,0.0200258159690208
10535,15256.990976,2,73086907.2384,0.02361239166513
10536,15257.010976,1,73086927.0912,0.0199827893539861
10537,15257.030976,2,73086947.0592,0.0235785850390313
10538,15257.050976,1,73086967.0656,0.0200524514926138
10539,15257.070976,2,73086987.2768,0.023630831643002
10540,15257.090976,1,73087007.0912,0.0201036736533694
10541,15257.110976,2,73087027.2,0.0236082938922696
10542,15257.130976,1,73087047.0784,0.0200104493207941
10543,15257.150976,2,73087067.136,0.0236974204519843
10544,15257.170976,1,73087087.2192,0.0201098203126601
10545,15257.190976,2,73087107.0976,0.0236656627123159
10546,15257.210976,1,73087127.1296,0.020026840412236
10547,15257.230976,2,73087147.1232,0.0235683406068802
10548,15257.250976,1,73087167.3088,0.0199950826725675
10549,15257.270976,2,73087187.1232,0.0235417050832872
10550,15257.290976,1,73087207.1424,0.0200606470383347
10551,15257.310976,2,73087227.2256,0.0236041961194091
10552,15257.330976,1,73087247.2704,0.020045280390108
10553,15257.350976,2,73087267.1104,0.0235714139365255
10554,15257.370976,1,73087287.2832,0.0200678181408405
10555,15257.390976,2,73087307.1616,0.0235765361526011
10556,15257.410976,1,73087327.1936,0.020036060401172
10557,15257.430976,2,73087347.1488,0.0235601450611593
10558,15257.450976,1,73087367.2448,0.020082160345852
10559,15257.470976,2,73087387.1744,0.0235693650500953
10560,15257.490976,1,73087407.1296,0.0200596225951196
10561,15257.510976,2,73087427.1744,0.0236041961194091
10562,15257.530976,1,73087447.1424,0.0200524514926138
10563,15257.550976,2,73087467.3536,0.0236113672219149
10564,15257.570976,1,73087487.2192,0.0200862581187125
10565,15257.590976,2,73087507.2256,0.0236646382691007
10566,15257.610976,1,73087527.1808,0.0201210891880263
10567,15257.630976,2,73087547.1744,0.0235724383797406
10568,15257.650976,1,73087567.424,0.0201139180855205
10569,15257.670976,2,73087587.328,0.0236861515766181
10570,15257.690976,1,73087607.2448,0.0201016247669392
10571,15257.710976,2,73087627.1744,0.0236861515766181
10572,15257.730976,1,73087647.168,0.0201016247669392
10573,15257.750976,2,73087667.1872,0.0236994693384146
10574,15257.770976,1,73087687.2064,0.0200719159137009
10575,15257.790976,2,73087707.2128,0.0236636138258856
10576,15257.810976,1,73087727.2576,0.020145675825189
10577,15257.830976,2,73087747.2128,0.0236636138258856
10578,15257.850976,1,73087767.168,0.0201426024955437
10579,15257.870976,2,73087787.2,0.0236789804741123
10580,15257.890976,1,73087807.168,0.020164115803061
10581,15257.910976,2,73087827.2896,0.0237681070338271
10582,15257.930976,1,73087847.2192,0.0201610424734157
10583,15257.950976,2,73087867.264,0.0238152314217223
10584,15257.970976,1,73087887.2832,0.0201467002684041
10585,15257.990976,2,73087907.2128,0.0238777224578442
10586,15258.010976,1,73087927.5648,0.0202378757145491
10587,15258.030976,2,73087947.328,0.023839818058885
10588,15258.050976,1,73087967.1808,0.0201518224844797
10589,15258.070976,2,73087988.2112,0.0238879668899953
10590,15258.090976,1,73088007.2448,0.0201876779970086
10591,15258.110976,2,73088027.3792,0.0238992357653615
10592,15258.130976,1,73088047.2192,0.0201692380191366
10593,15258.150976,2,73088067.328,0.0238142069785072
10594,15258.170976,1,73088087.5776,0.0202409490441945
10595,15258.190976,2,73088107.2512,0.0238244514106583
10596,15258.210976,1,73088127.36,0.0201579691437704
10597,15258.230976,2,73088147.2256,0.0237896203413445
10598,15258.250976,1,73088167.4112,0.0201354313930379
10599,15258.270976,2,73088187.2128,0.0237629848177516
10600,15258.290976,1,73088207.232,0.0201569447005552
10601,15258.310976,2,73088227.264,0.0237998647734956
10602,15258.330976,1,73088247.296,0.0202337779416887
10603,15258.350976,2,73088267.3536,0.0237875714549143
10604,15258.370976,1,73088287.3728,0.0202419734874096
10605,15258.390976,2,73088307.2896,0.023785522568484
10606,15258.410976,1,73088327.424,0.0201446513819739
10607,15258.430976,2,73088347.2768,0.0237547892720306
10608,15258.450976,1,73088367.3984,0.020072940356916
10609,15258.470976,2,73088387.4816,0.0238039625463561
10610,15258.490976,1,73088407.296,0.0201292847337472
10611,15258.510976,2,73088427.3152,0.0236953715655541
10612,15258.530976,1,73088447.2448,0.0201436269387588
10613,15258.550976,2,73088467.4304,0.0237404470670191
10614,15258.570976,1,73088487.3216,0.0201815313377179
10615,15258.590976,2,73088507.2896,0.0237353248509435
10616,15258.610976,1,73088527.4112,0.0201333825066077
10617,15258.630976,2,73088547.5456,0.0237619603745364
10618,15258.650976,1,73088567.2576,0.0201323580633925
10619,15258.670976,2,73088587.264,0.0237619603745364
10620,15258.690976,1,73088607.3472,0.020118015858381
10621,15258.710976,2,73088627.2512,0.0237261048620075
10622,15258.730976,1,73088647.296,0.0201436269387588
10623,15258.750976,2,73088667.2768,0.023776302579548
10624,15258.770976,1,73088687.6928,0.020136455836253
10625,15258.790976,2,73088707.3024,0.0237568381584609
10626,15258.810976,1,73088727.3216,0.0201385047226832
10627,15258.830976,2,73088747.3408,0.0237435203966644
10628,15258.850976,1,73088767.36,0.0201395291658983
10629,15258.870976,2,73088787.3792,0.02374864261274
10630,15258.890976,1,73088807.3216,0.0201887024402237
10631,15258.910976,2,73088827.3664,0.0237568381584609
10632,15258.930976,1,73088847.3472,0.0201589935869855
10633,15258.950976,2,73088867.3664,0.0236922982359088
10634,15258.970976,1,73088887.296,0.020127235847317
10635,15258.990976,2,73088907.392,0.0236687360419612
10636,15259.010976,1,73088927.3984,0.020118015858381
10637,15259.030976,2,73088947.4432,0.0237404470670191
10638,15259.050976,1,73088967.3856,0.0200944536644334
10639,15259.070976,2,73088987.3152,0.023675907144467
10640,15259.090976,1,73089007.5008,0.020108795869445
10641,15259.110976,2,73089027.3408,0.0236800049173274
10642,15259.130976,1,73089047.3856,0.0201057225397996
10643,15259.150976,2,73089067.3792,0.0235980494601184
10644,15259.170976,1,73089087.5008,0.0200227426393755
10645,15259.190976,2,73089107.3664,0.0235867805847522
10646,15259.210976,1,73089127.3216,0.0199797160243408
10647,15259.230976,2,73089147.392,0.023521216218985
10648,15259.250976,1,73089167.5904,0.0199530805007478
10649,15259.270976,2,73089187.3152,0.0236349294158625
10650,15259.290976,1,73089207.3856,0.019936689409306
10651,15259.310976,2,73089227.392,0.0235662917204499
10652,15259.330976,1,73089247.3984,0.0199684471489745
10653,15259.350976,2,73089267.6096,0.0235499006290081
10654,15259.370976,1,73089287.3344,0.0199766426946954
10655,15259.390976,2,73089307.392,0.0236441494047985
10656,15259.410976,1,73089327.5008,0.0199582027168234
10657,15259.430976,2,73089347.456,0.0235478517425779
10658,15259.450976,1,73089367.4496,0.0200135226504395
10659,15259.470976,2,73089387.3792,0.0235826828118917
10660,15259.490976,1,73089407.4368,0.0199602516032536
10661,15259.510976,2,73089427.4688,0.0236103427786998
10662,15259.530976,1,73089447.4368,0.0199961071157826
10663,15259.550976,2,73089467.52,0.0235529739586535
10664,15259.570976,1,73089487.3856,0.0200135226504395
10665,15259.590976,2,73089507.3792,0.0236287827565718
10666,15259.610976,1,73089527.4112,0.0200422070604626
10667,15259.630976,2,73089547.584,0.0236041961194091
10668,15259.650976,1,73089567.4496,0.0200206937529453
10669,15259.670976,2,73089587.5712,0.0236041961194091
10670,15259.690976,1,73089607.3984,0.0200176204232999
10671,15259.710976,2,73089627.4048,0.0236257094269265
10672,15259.730976,1,73089647.424,0.0200370848443871
10673,15259.750976,2,73089667.456,0.0236164894379905
10674,15259.770976,1,73089687.4368,0.0200708914704858
10675,15259.790976,2,73089707.4176,0.0236707849283914
10676,15259.810976,1,73089727.424,0.0200739648001311
10677,15259.830976,2,73089747.4816,0.0237117626569959
10678,15259.850976,1,73089767.7184,0.0200288892986662
10679,15259.870976,2,73089787.392,0.0237158604298564
10680,15259.890976,1,73089807.5008,0.0200135226504395
10681,15259.910976,2,73089827.6096,0.0237599114881062
10682,15259.930976,1,73089847.4112,0.0200985514372938
10683,15259.950976,2,73089867.4816,0.0236298071997869
10684,15259.970976,1,73089887.4496,0.0200483537197533
10685,15259.990976,2,73089907.4304,0.0237220070891471
10686,15260.010976,1,73089927.4496,0.020018644866515
10687,15260.030976,2,73089947.4688,0.0236615649394554
10688,15260.050976,1,73089967.5776,0.02006372036798
10689,15260.070976,2,73089987.584,0.0236605404962403
10690,15260.090976,1,73090007.4368,0.020091380334788
10691,15260.110976,2,73090027.4816,0.0236410760751532
10692,15260.130976,1,73090047.5648,0.0200350359579568
10693,15260.150976,2,73090067.6352,0.0237025426680599
10694,15260.170976,1,73090087.4752,0.020026840412236
10695,15260.190976,2,73090107.456,0.0235898539143975
10696,15260.210976,1,73090127.6416,0.0200934292212183
10697,15260.230976,2,73090147.6096,0.023630831643002
10698,15260.250976,1,73090167.5776,0.0200616714815498
10699,15260.270976,2,73090187.456,0.0236605404962403
10700,15260.290976,1,73090207.4752,0.0200309381850964
10701,15260.310976,2,73090227.4688,0.0236656627123159
10702,15260.330976,1,73090247.5136,0.0200237670825906
10703,15260.350976,2,73090267.4944,0.0236779560308972
10704,15260.370976,1,73090287.4752,0.0200565492654742
10705,15260.390976,2,73090307.4816,0.0236328805294323
10706,15260.410976,1,73090327.5136,0.0200616714815498
10707,15260.430976,2,73090347.5328,0.0235867805847522
10708,15260.450976,1,73090367.7824,0.0200411826172475
10709,15260.470976,2,73090387.4944,0.023530436207921
10710,15260.490976,1,73090407.5008,0.0200575737086893
10711,15260.510976,2,73090427.52,0.0235888294711824
10712,15260.530976,1,73090447.5008,0.0200370848443871
10713,15260.550976,2,73090467.5456,0.023521216218985
10714,15260.570976,1,73090487.4752,0.0200217181961604
10715,15260.590976,2,73090507.5584,0.0235744872661708
10716,15260.610976,1,73090527.488,0.0200217181961604
10717,15260.630976,2,73090547.6736,0.0235621939475895
10718,15260.650976,1,73090567.6928,0.0200534759358289
10719,15260.670976,2,73090587.6992,0.0235458028561477
10720,15260.690976,1,73090607.5392,0.0200924047780032
10721,15260.710976,2,73090627.4944,0.0235724383797406
10722,15260.730976,1,73090647.5776,0.0200247915258057
10723,15260.750976,2,73090667.5328,0.0236072694490544
10724,15260.770976,1,73090687.5392,0.0200227426393755
10725,15260.790976,2,73090707.5712,0.0236041961194091
10726,15260.810976,1,73090727.5136,0.0200432315036778
10727,15260.830976,2,73090747.584,0.0236226360972811
10728,15260.850976,1,73090767.7056,0.0200811359026369
10729,15260.870976,2,73090787.5456,0.0236062450058393
10730,15260.890976,1,73090807.5264,0.0200442559468929
10731,15260.910976,2,73090827.7504,0.0236205872108509
10732,15260.930976,1,73090847.616,0.0200883070051427
10733,15260.950976,2,73090867.5584,0.0235785850390313
10734,15260.970976,1,73090887.5904,0.020009424877579
10735,15260.990976,2,73090907.5328,0.0236154649947753
10736,15261.011008,1,73090927.552,0.0199745938082652
10737,15261.031008,2,73090947.5456,0.0235785850390313
10738,15261.051008,1,73090967.7056,0.0200124982072244
10739,15261.071008,2,73090987.584,0.0235703894933104
10740,15261.091008,1,73091007.552,0.0200319626283115
10741,15261.111008,2,73091027.5584,0.0235775605958162
10742,15261.131008,1,73091047.68,0.0199920093429221
10743,15261.151008,2,73091067.6992,0.0235437539697175
10744,15261.171008,1,73091087.7696,0.0200422070604626
10745,15261.191008,2,73091107.5712,0.0236205872108509
10746,15261.211008,1,73091127.744,0.0199971315589977
10747,15261.231008,2,73091147.6352,0.0236513205073043
10748,15261.251008,1,73091167.5904,0.020009424877579
10749,15261.271008,2,73091187.584,0.0236246849837114
10750,15261.291008,1,73091207.5904,0.0199776671379105
10751,15261.311008,2,73091227.584,0.0237322515212982
10752,15261.331008,1,73091247.616,0.0200206937529453
10753,15261.351008,2,73091267.7376,0.0236871760198332
10754,15261.371008,1,73091287.6032,0.0200155715368697
10755,15261.391008,2,73091307.6096,0.0237209826459319
10756,15261.411008,1,73091327.5904,0.0200422070604626
10757,15261.431008,2,73091347.5968,0.023657467166595
10758,15261.451008,1,73091367.6288,0.0200647448111951
10759,15261.471008,2,73091387.584,0.023630831643002
10760,15261.491008,1,73091407.616,0.0200432315036778
10761,15261.511008,2,73091427.7888,0.0236011227897638
10762,15261.531008,1,73091447.6032,0.0199961071157826
10763,15261.551008,2,73091467.6224,0.0236410760751532
10764,15261.571008,1,73091487.6288,0.0200165959800848
10765,15261.591008,2,73091507.6352,0.0235201917757699
10766,15261.611008,1,73091527.616,0.0200585981519044
10767,15261.631008,2,73091547.648,0.0236041961194091
10768,15261.651008,1,73091567.7056,0.0200585981519044
10769,15261.671008,2,73091587.6352,0.023666687155531
10770,15261.691008,1,73091607.7184,0.0200719159137009
10771,15261.711008,2,73091627.8272,0.0236482471776589
10772,15261.731008,1,73091647.6672,0.0200749892433462
10773,15261.751008,2,73091667.8784,0.0236041961194091
10774,15261.771008,1,73091687.8976,0.020009424877579
10775,15261.791008,2,73091707.776,0.0236113672219149
10776,15261.811008,1,73091727.6416,0.0200012293318581
10777,15261.831008,2,73091747.648,0.0236041961194091
10778,15261.851008,1,73091767.7952,0.020036060401172
10779,15261.871008,2,73091787.6352,0.0236185383244207
10780,15261.891008,1,73091807.6928,0.019963324932899
10781,15261.911008,2,73091827.6992,0.0236963960087692
10782,15261.931008,1,73091847.7056,0.020000204888643
10783,15261.951008,2,73091867.8528,0.0236390271887229
10784,15261.971008,1,73091887.68,0.0200411826172475
10785,15261.991008,2,73091907.6992,0.0236441494047985
10786,15262.011008,1,73091927.68,0.0200247915258057
10787,15262.031008,2,73091947.6992,0.0236615649394554
10788,15262.051008,1,73091967.7056,0.0200524514926138
10789,15262.071008,2,73091987.6736,0.0236410760751532
10790,15262.091008,1,73092007.7184,0.0200626959247649
10791,15262.111008,2,73092027.712,0.023703567111275
10792,15262.131008,1,73092047.7056,0.020018644866515
10793,15262.151008,2,73092067.6992,0.0236933226791239
10794,15262.171008,1,73092087.6928,0.0200934292212183
10795,15262.191008,2,73092107.8144,0.023640051631938
10796,15262.211008,1,73092127.744,0.0200698670272707
10797,15262.231008,2,73092147.712,0.0236451738480136
10798,15262.251008,1,73092167.7312,0.0200278648554511
10799,15262.271008,2,73092187.7376,0.0236871760198332
10800,15262.291008,1,73092207.808,0.020018644866515
10801,15262.311008,2,73092227.6992,0.0237066404409204
10802,15262.331008,1,73092247.7568,0.0199950826725675
10803,15262.351008,2,73092267.904,0.0236195627676358
10804,15262.371008,1,73092287.6928,0.0200329870715266
10805,15262.391008,2,73092307.6864,0.0236328805294323
10806,15262.411008,1,73092327.7056,0.019990984899707
10807,15262.431008,2,73092347.7248,0.0235837072551069
10808,15262.451008,1,73092367.7696,0.020018644866515
10809,15262.471008,2,73092387.6992,0.0235785850390313
10810,15262.491008,1,73092407.9872,0.019972544921835
10811,15262.511008,2,73092427.7376,0.0235273628782757
10812,15262.531008,1,73092447.7184,0.0200124982072244
10813,15262.551008,2,73092467.7376,0.0236175138812056
10814,15262.571008,1,73092487.7312,0.0200196693097302
10815,15262.591008,2,73092507.9936,0.0235919028008277
10816,15262.611008,1,73092527.7312,0.0199848382404163
10817,15262.631008,2,73092547.7376,0.0236195627676358
10818,15262.651008,1,73092567.7696,0.0199766426946954
10819,15262.671008,2,73092587.7504,0.0236892249062634
10820,15262.691008,1,73092607.9616,0.0199848382404163
10821,15262.711008,2,73092628.1728,0.0236605404962403
10822,15262.731008,1,73092647.7952,0.0200534759358289
10823,15262.751008,2,73092667.8144,0.0236513205073043
10824,15262.771008,1,73092687.7824,0.0200206937529453
10825,15262.791008,2,73092707.8656,0.0236595160530252
10826,15262.811008,1,73092728.0384,0.0200247915258057
10827,15262.831008,2,73092747.776,0.0236421005183683
10828,15262.851008,1,73092767.8464,0.0200104493207941
10829,15262.871008,2,73092787.968,0.023657467166595
10830,15262.891008,1,73092807.7696,0.0200422070604626
10831,15262.911008,2,73092827.7888,0.023657467166595
10832,15262.931008,1,73092847.7696,0.0199981560022128
10833,15262.951008,2,73092867.8656,0.0236339049726474
10834,15262.971008,1,73092887.7568,0.0200965025508636
10835,15262.991008,2,73092907.776,0.023640051631938
10836,15263.011008,1,73092927.7952,0.0200391337308173
10837,15263.031008,2,73092947.8272,0.0237568381584609
10838,15263.051008,1,73092967.808,0.0200432315036778
10839,15263.071008,2,73092987.7888,0.0236390271887229
10840,15263.091008,1,73093007.7824,0.0199663982625443
10841,15263.111008,2,73093027.8144,0.023657467166595
10842,15263.131008,1,73093047.808,0.0200616714815498
10843,15263.151008,2,73093067.8656,0.0236451738480136
10844,15263.171008,1,73093087.808,0.0200534759358289
10845,15263.191008,2,73093108.0192,0.0236072694490544
10846,15263.211008,1,73093127.8592,0.0200442559468929
10847,15263.231008,2,73093147.8144,0.0236113672219149
10848,15263.251008,1,73093167.8464,0.0199756182514803
10849,15263.271008,2,73093187.8528,0.0235642428340197
10850,15263.291008,1,73093208.1024,0.0199786915811257
10851,15263.311008,2,73093228.0832,0.0236164894379905
10852,15263.331008,1,73093247.8464,0.0200555248222591
10853,15263.351008,2,73093267.8272,0.0235970250169033
10854,15263.371008,1,73093287.8848,0.0200258159690208
10855,15263.391008,2,73093308.1088,0.0235970250169033
10856,15263.411008,1,73093327.8848,0.0200217181961604
10857,15263.431008,2,73093347.84,0.0236707849283914
10858,15263.451008,1,73093367.8592,0.0199920093429221
10859,15263.471008,2,73093387.8784,0.0236113672219149
10860,15263.491008,1,73093407.8464,0.0199991804454279
10861,15263.511008,2,73093427.84,0.0235550228450837
10862,15263.531008,1,73093447.8592,0.0200196693097302
10863,15263.551008,2,73093467.8784,0.0235140451164792
10864,15263.571008,1,73093487.8976,0.0200206937529453
10865,15263.591008,2,73093507.84,0.0235253139918454
10866,15263.611008,1,73093527.8336,0.0199704960354048
10867,15263.631008,2,73093547.8656,0.0235140451164792
10868,15263.651008,1,73093567.872,0.0200206937529453
10869,15263.671008,2,73093587.8656,0.0236000983465487
10870,15263.691008,1,73093607.8336,0.0200504026061835
10871,15263.711008,2,73093627.8528,0.0236298071997869
10872,15263.731008,1,73093647.8464,0.0200340115147417
10873,15263.751008,2,73093667.8912,0.023666687155531
10874,15263.771008,1,73093687.9232,0.0199971315589977
10875,15263.791008,2,73093707.8656,0.023666687155531
10876,15263.811008,1,73093727.8848,0.0199571782736083
10877,15263.831008,2,73093747.8784,0.0237332759645133
10878,15263.851008,1,73093768.1792,0.0200934292212183
10879,15263.871008,2,73093787.8912,0.0237465937263097
10880,15263.891008,1,73093807.8848,0.0199663982625443
10881,15263.911008,2,73093827.8912,0.0237752781363329
10882,15263.931008,1,73093847.9104,0.020091380334788
10883,15263.951008,2,73093867.968,0.0237804003524085
10884,15263.971008,1,73093887.872,0.0200862581187125
10885,15263.991008,2,73093907.9424,0.0237650337041818
10886,15264.011008,1,73093927.9744,0.0200995758805089
10887,15264.031008,2,73093947.8912,0.0238377691724548
10888,15264.051008,1,73093967.9104,0.020118015858381
10889,15264.071008,2,73093987.9808,0.0238275247403036
10890,15264.091008,1,73094008.2304,0.0200801114594218
10891,15264.111008,2,73094028.0576,0.0238049869895712
10892,15264.131008,1,73094047.9104,0.0201077714262298
10893,15264.151008,2,73094067.8912,0.0236769315876821
10894,15264.171008,1,73094088.0384,0.0201026492101543
10895,15264.191008,2,73094108.2112,0.023666687155531
10896,15264.211008,1,73094128.2432,0.0200708914704858
10897,15264.231008,2,73094148.0064,0.0236625893826705
10898,15264.251008,1,73094167.9104,0.0200893314483578
10899,15264.271008,2,73094188.0448,0.0236974204519843
10900,15264.291008,1,73094208.3328,0.0199961071157826
10901,15264.311008,2,73094228.032,0.0236646382691007
10902,15264.331008,1,73094247.9488,0.0200596225951196
10903,15264.351008,2,73094268.096,0.0236841026901879
10904,15264.371008,1,73094287.9744,0.0200012293318581
10905,15264.391008,2,73094307.9296,0.0236892249062634
10906,15264.411008,1,73094327.9488,0.0199879115700617
10907,15264.431008,2,73094348.0448,0.0236287827565718
10908,15264.451008,1,73094367.9744,0.0199879115700617
10909,15264.471008,2,73094388.0064,0.0236421005183683
10910,15264.491008,1,73094408.2688,0.0200442559468929
10911,15264.511008,2,73094427.9424,0.0236502960640892
10912,15264.531008,1,73094448.1536,0.0200329870715266
10913,15264.551008,2,73094468.0064,0.0236738582580368
10914,15264.571008,1,73094488.1024,0.0200565492654742
10915,15264.591008,2,73094507.9808,0.0236625893826705
10916,15264.611008,1,73094527.9744,0.0200319626283115
10917,15264.631008,2,73094548.0704,0.0236052205626242
10918,15264.651008,1,73094568.0896,0.0199561538303932
10919,15264.671008,2,73094587.9936,0.0236656627123159
10920,15264.691008,1,73094608.1024,0.0200084004343639
10921,15264.711008,2,73094628.1088,0.0236390271887229
10922,15264.731008,1,73094647.9872,0.0200411826172475
10923,15264.751008,2,73094668.1472,0.023584731698322
10924,15264.771008,1,73094688.064,0.020018644866515
10925,15264.791008,2,73094708.1088,0.0235693650500953
10926,15264.811008,1,73094728.0768,0.0200073759911488
10927,15264.831008,2,73094748.2112,0.0236564427233798
10928,15264.851008,1,73094768.2816,0.0200852336754974
10929,15264.871008,2,73094788.1216,0.023657467166595
10930,15264.891008,1,73094808.2688,0.0199879115700617
10931,15264.911008,2,73094828.0448,0.02361239166513
10932,15264.931008,1,73094848.0384,0.0199786915811257
10933,15264.951008,2,73094868.1344,0.0236267338701416
10934,15264.971008,1,73094888.0768,0.0199920093429221
10935,15264.991008,2,73094908.2368,0.0236697604851763
10936,15265.011008,1,73094928.1024,0.0200299137418813
10937,15265.031008,2,73094948.0576,0.0235632183908046
10938,15265.051008,1,73094968.0896,0.0200022537750732
10939,15265.071008,2,73094988.096,0.0236103427786998
10940,15265.091008,1,73095008.3584,0.0200432315036778
10941,15265.111008,2,73095028.1344,0.023666687155531
10942,15265.131008,1,73095048.1152,0.0200032782182884
10943,15265.151008,2,73095068.16,0.023630831643002
10944,15265.171008,1,73095088.1536,0.0199786915811257
10945,15265.191008,2,73095108.1088,0.0235908783576126
10946,15265.211008,1,73095128.128,0.0200319626283115
10947,15265.231008,2,73095148.1984,0.0236339049726474
10948,15265.251008,1,73095168.2176,0.020018644866515
10949,15265.271008,2,73095188.352,0.023584731698322
10950,15265.291008,1,73095208.1536,0.0200217181961604
10951,15265.311008,2,73095228.16,0.0235714139365255
10952,15265.331008,1,73095248.064,0.019963324932899
10953,15265.351008,2,73095268.4416,0.0235601450611593
10954,15265.371008,1,73095288.1664,0.0200104493207941
10955,15265.391008,2,73095308.352,0.0235867805847522
10956,15265.411008,1,73095328.2176,0.0200288892986662
10957,15265.431008,2,73095348.1216,0.0235365828672117
10958,15265.451008,1,73095368.3072,0.0200012293318581
10959,15265.471008,2,73095388.1856,0.0235949761304731
10960,15265.491008,1,73095408.2176,0.0200288892986662
10961,15265.511008,2,73095428.1984,0.0236072694490544
10962,15265.531008,1,73095448.2688,0.0200319626283115
10963,15265.551008,2,73095468.16,0.0236646382691007
10964,15265.571008,1,73095488.2688,0.0200370848443871
10965,15265.591008,2,73095508.3008,0.02361239166513
10966,15265.611008,1,73095528.2176,0.0200124982072244
10967,15265.631008,2,73095548.2368,0.0237066404409204
10968,15265.651008,1,73095568.3072,0.020036060401172
10969,15265.671008,2,73095588.4416,0.023640051631938
10970,15265.691008,1,73095608.32,0.0199879115700617
10971,15265.711008,2,73095628.4672,0.0235755117093859
10972,15265.731008,1,73095648.2944,0.0200165959800848
10973,15265.751008,2,73095668.1728,0.0236093183354847
10974,15265.771008,1,73095688.2048,0.0200473292765382
10975,15265.791008,2,73095708.3392,0.0235406806400721
10976,15265.811008,1,73095728.3072,0.0200422070604626
10977,15265.831008,2,73095748.2624,0.0236113672219149
10978,15265.851008,1,73095768.3456,0.0200155715368697
10979,15265.871008,2,73095788.3392,0.0236533693937345
10980,15265.891008,1,73095808.2688,0.0200206937529453
10981,15265.911008,2,73095828.2752,0.0235775605958162
10982,15265.931008,1,73095848.3072,0.0199991804454279
10983,15265.951008,2,73095868.3776,0.0235888294711824
10984,15265.971008,1,73095888.2432,0.0200585981519044
10985,15265.991008,2,73095908.4032,0.0236922982359088
10986,15266.011008,1,73095928.32,0.0200237670825906
10987,15266.031008,2,73095948.1728,0.0236963960087692
10988,15266.051008,1,73095968.3584,0.0200196693097302
10989,15266.071008,2,73095988.48,0.0236472227344438
10990,15266.091008,1,73096008.4224,0.0200237670825906
10991,15266.111008,2,73096028.3264,0.0235816583686766
10992,15266.131008,1,73096048.3328,0.0200473292765382
10993,15266.151008,2,73096068.416,0.0235662917204499
10994,15266.171008,1,73096088.32,0.020018644866515
10995,15266.191008,2,73096108.2624,0.0236072694490544
10996,15266.211008,1,73096128.2048,0.0200104493207941
10997,15266.231008,2,73096148.3392,0.0236267338701416
10998,15266.251008,1,73096168.384,0.0199950826725675
10999,15266.271008,2,73096188.2112,0.0235294117647059
11000,15266.291008,1,73096208.192,0.0200288892986662
11001,15266.311008,2,73096228.224,0.0236328805294323
11002,15266.331008,1,73096248.256,0.0200145470936546
11003,15266.351008,2,73096268.4032,0.0235662917204499
11004,15266.371008,1,73096288.2944,0.0200626959247649
11005,15266.391008,2,73096308.4672,0.023640051631938
11006,15266.411008,1,73096328.2816,0.0200596225951196
11007,15266.431008,2,73096348.3136,0.0236738582580368
11008,15266.451008,1,73096368.2432,0.0200493781629684
11009,15266.471008,2,73096388.288,0.0236502960640892
11010,15266.491008,1,73096408.4608,0.0200073759911488
11011,15266.511008,2,73096428.3264,0.0236636138258856
11012,15266.531008,1,73096448.3456,0.019981764910771
11013,15266.551008,2,73096468.352,0.0237640092609667
11014,15266.571008,1,73096488.32,0.0200811359026369
11015,15266.591008,2,73096508.5824,0.0236646382691007
11016,15266.611008,1,73096528.2816,0.0199971315589977
11017,15266.631008,2,73096548.3648,0.0237086893273506
11018,15266.651008,1,73096568.4992,0.0200411826172475
11019,15266.671008,2,73096588.3008,0.023593951687258
11020,15266.691008,1,73096608.2688,0.0200524514926138
11021,15266.711008,2,73096628.3648,0.0236359538590776
11022,15266.731008,1,73096648.3328,0.0199991804454279
11023,15266.751008,2,73096668.4672,0.0236072694490544
11024,15266.771008,1,73096688.384,0.0200032782182884
11025,15266.791008,2,73096708.3136,0.023567316163665
11026,15266.811008,1,73096728.2816,0.0200575737086893
11027,15266.831008,2,73096748.2624,0.0236052205626242
11028,15266.851008,1,73096768.576,0.0200206937529453
11029,15266.871008,2,73096788.416,0.0235601450611593
11030,15266.891008,1,73096808.3712,0.0200381092876022
11031,15266.911008,2,73096828.4032,0.0236164894379905
11032,15266.931008,1,73096848.32,0.0200657692544102
11033,15266.951008,2,73096868.4032,0.0235714139365255
11034,15266.971008,1,73096888.3584,0.0200196693097302
11035,15266.991008,2,73096908.3008,0.0235970250169033
11036,15267.011008,1,73096928.4096,0.0199899604564919
11037,15267.031008,2,73096948.4672,0.0235683406068802
11038,15267.051008,1,73096968.3584,0.0199827893539861
11039,15267.071008,2,73096988.416,0.0235406806400721
11040,15267.091008,1,73097008.512,0.0199766426946954
11041,15267.111008,2,73097028.3904,0.0235529739586535
11042,15267.131008,1,73097048.3328,0.0200145470936546
11043,15267.151008,2,73097068.3648,0.0235560472882988
11044,15267.171008,1,73097088.384,0.0200565492654742
11045,15267.191008,2,73097108.5952,0.0236103427786998
11046,15267.211008,1,73097128.5888,0.0200206937529453
11047,15267.231008,2,73097148.352,0.0235714139365255
11048,15267.251008,1,73097168.384,0.0200206937529453
11049,15267.271008,2,73097188.4288,0.0235427295265023
11050,15267.291008,1,73097208.6912,0.0200114737640093
11051,15267.311008,2,73097228.4032,0.0235283873214908
11052,15267.331008,1,73097248.4352,0.0200217181961604
11053,15267.351008,2,73097268.5184,0.023521216218985
11054,15267.371008,1,73097288.3968,0.0199745938082652
11055,15267.391008,2,73097308.4032,0.0236482471776589
11056,15267.411008,1,73097328.4224,0.0200247915258057
11057,15267.431008,2,73097348.4288,0.023621611654066
11058,15267.451008,1,73097368.4992,0.0200073759911488
11059,15267.471008,2,73097388.4288,0.0236113672219149
11060,15267.491008,1,73097408.4224,0.0200288892986662
11061,15267.511008,2,73097428.4288,0.0236000983465487
11062,15267.531008,1,73097448.4608,0.0200473292765382
11063,15267.551008,2,73097468.4288,0.0236236605404962
11064,15267.571008,1,73097488.448,0.0200370848443871
11065,15267.591008,2,73097508.4416,0.023584731698322
11066,15267.611008,1,73097528.3968,0.0200124982072244
11067,15267.631008,2,73097548.4672,0.0235990739033335
11068,15267.651008,1,73097568.7168,0.019990984899707
11069,15267.671008,2,73097588.4544,0.0235796094822464
11070,15267.691008,1,73097608.4992,0.0200370848443871
11071,15267.711008,2,73097628.4416,0.0235898539143975
11072,15267.731008,1,73097648.4608,0.0200237670825906
11073,15267.751008,2,73097668.4544,0.0236359538590776
11074,15267.771008,1,73097688.4736,0.0200493781629684
11075,15267.791008,2,73097708.48,0.0235437539697175
11076,15267.811008,1,73097728.4352,0.0200155715368697
11077,15267.831008,2,73097748.48,0.0236298071997869
11078,15267.851008,1,73097768.4864,0.0200319626283115
11079,15267.871008,2,73097788.48,0.0236257094269265
11080,15267.891008,1,73097808.4864,0.0200319626283115
11081,15267.911008,2,73097828.48,0.0236195627676358
11082,15267.931008,1,73097848.4608,0.0199940582293523
11083,15267.951008,2,73097868.5056,0.0235601450611593
11084,15267.971008,1,73097888.4992,0.0200463048333231
11085,15267.991008,2,73097908.5312,0.0235519495154384
11086,15268.011008,1,73097928.512,0.0200124982072244
11087,15268.031008,2,73097948.4928,0.0235499006290081
11088,15268.051008,1,73097968.5376,0.0200319626283115
11089,15268.071008,2,73097988.48,0.0236410760751532
11090,15268.091008,1,73098008.4608,0.0200473292765382
11091,15268.111008,2,73098028.5056,0.0235734628229557
11092,15268.131008,1,73098048.5376,0.020054500379044
11093,15268.151008,2,73098068.7616,0.0235714139365255
11094,15268.171008,1,73098088.4864,0.0199776671379105
11095,15268.191008,2,73098108.5056,0.0236103427786998
11096,15268.211008,1,73098128.4864,0.0200708914704858
11097,15268.231008,2,73098148.5568,0.0236134161083451
11098,15268.251008,1,73098168.5632,0.0200309381850964
11099,15268.271008,2,73098188.5184,0.0236482471776589
11100,15268.291008,1,73098208.6784,0.0199479582846723
11101,15268.311008,2,73098228.5056,0.0235724383797406
11102,15268.331008,1,73098248.5248,0.0200944536644334
11103,15268.351008,2,73098268.544,0.0235693650500953
11104,15268.371008,1,73098288.4736,0.0200165959800848
11105,15268.391008,2,73098308.5312,0.0235099473436187
11106,15268.411008,1,73098328.5504,0.0200749892433462
11107,15268.431008,2,73098348.5056,0.0235570717315139
11108,15268.451008,1,73098368.5632,0.020072940356916
11109,15268.471008,2,73098388.5056,0.0236339049726474
11110,15268.491008,1,73098408.5376,0.0200565492654742
11111,15268.511008,2,73098428.5824,0.0236502960640892
11112,15268.531008,1,73098448.6784,0.0200575737086893
11113,15268.551008,2,73098468.6464,0.0236257094269265
11114,15268.571008,1,73098488.512,0.0199592271600385
11115,15268.591008,2,73098508.608,0.0236103427786998
11116,15268.611008,1,73098528.576,0.0200657692544102
11117,15268.631008,2,73098548.5568,0.0236421005183683
11118,15268.651008,1,73098568.6784,0.0200237670825906
11119,15268.671008,2,73098588.5696,0.0236390271887229
11120,15268.691008,1,73098608.5504,0.0200043026615035
11121,15268.711008,2,73098628.5824,0.0236082938922696
11122,15268.731008,1,73098648.576,0.0200032782182884
11123,15268.751008,2,73098668.5696,0.023511996230049
11124,15268.771008,1,73098688.5376,0.0199756182514803
11125,15268.791008,2,73098708.7744,0.0235324850943512
11126,15268.811008,1,73098728.5376,0.0200596225951196
11127,15268.831008,2,73098748.5824,0.0235437539697175
11128,15268.851008,1,73098768.6144,0.0199612760464687
11129,15268.871008,2,73098788.5952,0.0234976540250374
11130,15268.891008,1,73098808.6144,0.0200473292765382
11131,15268.911008,2,73098828.5696,0.0234904829225316
11132,15268.931008,1,73098848.6656,0.0200124982072244
11133,15268.951008,2,73098868.5568,0.0235519495154384
11134,15268.971008,1,73098888.5888,0.0199991804454279
11135,15268.991008,2,73098908.5056,0.0235437539697175
11136,15269.011008,1,73098928.6016,0.0200954781076485
11137,15269.031008,2,73098948.6208,0.0234925318089618
11138,15269.051008,1,73098968.5632,0.0200432315036778
11139,15269.071008,2,73098988.608,0.0236656627123159
11140,15269.091008,1,73099008.5888,0.0199602516032536
11141,15269.111008,2,73099028.5696,0.0236082938922696
11142,15269.131008,1,73099048.6016,0.0200626959247649
11143,15269.151008,2,73099068.672,0.023621611654066
11144,15269.171008,1,73099088.6144,0.0200227426393755
11145,15269.191008,2,73099108.8,0.0236175138812056
11146,15269.211008,1,73099128.5376,0.0200483537197533
11147,15269.231008,2,73099148.5952,0.0237158604298564
11148,15269.251008,1,73099168.6144,0.02006372036798
11149,15269.271008,2,73099188.5824,0.0236789804741123
11150,15269.291008,1,73099208.6144,0.020036060401172
11151,15269.311008,2,73099228.5568,0.0236769315876821
11152,15269.331008,1,73099248.6144,0.0201313336201774
11153,15269.351008,2,73099268.6208,0.0237773270227631
11154,15269.371008,1,73099288.576,0.0201446513819739
11155,15269.391008,2,73099308.6336,0.0237117626569959
11156,15269.411008,1,73099328.5632,0.0201036736533694
11157,15269.431008,2,73099348.5696,0.0237465937263097
11158,15269.451008,1,73099368.6784,0.0200411826172475
11159,15269.471008,2,73099388.608,0.0237220070891471
11160,15269.491008,1,73099408.6144,0.0200596225951196
11161,15269.511008,2,73099428.5952,0.0236748827012519
11162,15269.531008,1,73099448.64,0.0201221136312414
11163,15269.551008,2,73099468.7872,0.023685127133403
11164,15269.571008,1,73099488.64,0.0201067469830147
11165,15269.591008,2,73099508.7232,0.0236554182801647
11166,15269.611008,1,73099528.6016,0.0201210891880263
11167,15269.631008,2,73099548.6592,0.0236922982359088
11168,15269.651008,1,73099568.6272,0.0200985514372938
11169,15269.671008,2,73099588.6592,0.0236779560308972
11170,15269.691008,1,73099608.704,0.0201036736533694
11171,15269.711008,2,73099628.608,0.0236902493494786
11172,15269.731008,1,73099648.6272,0.0200555248222591
11173,15269.751008,2,73099668.6336,0.0235898539143975
11174,15269.771008,1,73099688.6144,0.0201374802794681
11175,15269.791008,2,73099708.6208,0.0236441494047985
11176,15269.811008,1,73099728.704,0.0200719159137009
11177,15269.831008,2,73099748.608,0.0236728338148216
11178,15269.851008,1,73099768.7168,0.0200678181408405
11179,15269.871008,2,73099788.6336,0.0236810293605425
11180,15269.891008,1,73099808.64,0.0200801114594218
11181,15269.911008,2,73099828.6592,0.0235990739033335
11182,15269.931008,1,73099848.6272,0.0200381092876022
11183,15269.951008,2,73099868.7104,0.0236707849283914
11184,15269.971008,1,73099888.64,0.0201292847337472
11185,15269.991008,2,73099908.6336,0.0236257094269265
11186,15270.011008,1,73099928.6912,0.0201067469830147
11187,15270.031008,2,73099948.6464,0.0236554182801647
11188,15270.051008,1,73099968.768,0.0200422070604626
11189,15270.071008,2,73099988.6592,0.0236800049173274
11190,15270.091008,1,73100008.6784,0.0199940582293523
11191,15270.111008,2,73100028.672,0.0236175138812056
11192,15270.131008,1,73100048.6784,0.0200944536644334
11193,15270.151008,2,73100068.7744,0.0236236605404962
11194,15270.171008,1,73100088.7168,0.0200514270493987
11195,15270.191008,2,73100108.6848,0.0236441494047985
11196,15270.211008,1,73100128.6784,0.0199868871268466
11197,15270.231008,2,73100148.7104,0.0236697604851763
11198,15270.251008,1,73100168.7168,0.0200780625729916
11199,15270.271008,2,73100188.6848,0.0235960005736882
11200,15270.291008,1,73100208.8448,0.02006372036798
11201,15270.311008,2,73100228.672,0.0235980494601184
11202,15270.331008,1,73100248.6656,0.0200657692544102
11203,15270.351008,2,73100268.6848,0.0236523449505194
11204,15270.371008,1,73100288.6912,0.0200944536644334
11205,15270.391008,2,73100308.672,0.0235765361526011
11206,15270.411008,1,73100328.6272,0.0200719159137009
11207,15270.431008,2,73100348.7488,0.0236533693937345
11208,15270.451008,1,73100368.7552,0.0200504026061835
11209,15270.471008,2,73100388.7104,0.0236697604851763
11210,15270.491008,1,73100408.768,0.0201374802794681
11211,15270.511008,2,73100428.7616,0.0237916692277747
11212,15270.531008,1,73100448.7424,0.020154895814125
11213,15270.551008,2,73100468.6848,0.0237343004077284
11214,15270.571008,1,73100488.7296,0.02006372036798
11215,15270.591008,2,73100508.672,0.02379474255742
11216,15270.611008,1,73100528.6912,0.0201128936423054
11217,15270.631008,2,73100548.6848,0.0237189337595017
11218,15270.651008,1,73100568.7552,0.020145675825189
11219,15270.671008,2,73100588.7232,0.0237537648288155
11220,15270.691008,1,73100608.7168,0.0201354313930379
11221,15270.711008,2,73100628.7104,0.0237240559755773
11222,15270.731008,1,73100648.7168,0.0201046980965845
11223,15270.751008,2,73100668.8128,0.0237343004077284
11224,15270.771008,1,73100688.7168,0.0201292847337472
11225,15270.791008,2,73100708.7232,0.0237353248509435
11226,15270.811008,1,73100728.6912,0.0201221136312414
11227,15270.831008,2,73100748.7744,0.0237793759091934
11228,15270.851008,1,73100768.7424,0.0201303091769623
11229,15270.871008,2,73100788.7104,0.0237404470670191
11230,15270.891008,1,73100808.7168,0.0201805068945028
11231,15270.911008,2,73100828.8,0.0237240559755773
11232,15270.931008,1,73100848.704,0.0201620669166308
11233,15270.951008,2,73100868.7744,0.0237517159423853
11234,15270.971008,1,73100888.7168,0.0201292847337472
11235,15270.991008,2,73100908.7488,0.0237711803634725
11236,15271.011008,1,73100928.7424,0.0201538713709099
11237,15271.031008,2,73100948.7488,0.0237609359313213
11238,15271.051008,1,73100968.7296,0.0201846046673633
11239,15271.071008,2,73100988.7616,0.0237588870448911
11240,15271.091008,1,73101008.7168,0.0200831847890671
11241,15271.111008,2,73101028.8,0.0236738582580368
11242,15271.131008,1,73101048.768,0.0201016247669392
11243,15271.151008,2,73101068.928,0.0236113672219149
11244,15271.171008,1,73101088.7424,0.0200872825619276
11245,15271.191008,2,73101108.7488,0.0236748827012519
11246,15271.211008,1,73101128.7552,0.0200667936976253
11247,15271.231008,2,73101148.7488,0.0236513205073043
11248,15271.251008,1,73101168.8448,0.0200350359579568
11249,15271.271008,2,73101188.7616,0.0236769315876821
11250,15271.291008,1,73101208.768,0.0200575737086893
11251,15271.311008,2,73101228.8,0.0236830782469728
11252,15271.331008,1,73101248.7808,0.0200965025508636
11253,15271.351008,2,73101268.9536,0.0236380027455078
11254,15271.371008,1,73101288.7424,0.0201026492101543
11255,15271.391008,2,73101308.8512,0.0236093183354847
11256,15271.411008,1,73101328.7552,0.0200493781629684
11257,15271.431008,2,73101348.8896,0.0236933226791239
11258,15271.451008,1,73101369.0496,0.0200708914704858
11259,15271.471008,2,73101388.8,0.0237885958981294
11260,15271.491008,1,73101408.8064,0.0200647448111951
11261,15271.511008,2,73101428.8128,0.0236687360419612
11262,15271.531008,1,73101448.8064,0.0200995758805089
11263,15271.551008,2,73101468.8512,0.0237343004077284
11264,15271.571008,1,73101488.8448,0.0200965025508636
11265,15271.591008,2,73101508.8256,0.0237568381584609
11266,15271.611008,1,73101528.7936,0.0200596225951196
11267,15271.631008,2,73101548.8384,0.0237629848177516
11268,15271.651008,1,73101568.832,0.0200688425840556
11269,15271.671008,2,73101588.8512,0.0237568381584609
11270,15271.691008,1,73101609.024,0.0200442559468929
11271,15271.711008,2,73101628.8384,0.0237179093162866
11272,15271.731008,1,73101648.832,0.0201702624623517
11273,15271.751008,2,73101668.864,0.0237240559755773
11274,15271.771008,1,73101688.8192,0.0200381092876022
11275,15271.791008,2,73101708.8384,0.0236584916098101
11276,15271.811008,1,73101728.8192,0.0201303091769623
11277,15271.831008,2,73101748.928,0.0238275247403036
11278,15271.851008,1,73101768.9088,0.0200585981519044
11279,15271.871008,2,73101788.8384,0.0238316225131641
11280,15271.891008,1,73101808.9984,0.0201323580633925
11281,15271.911008,2,73101828.8896,0.0238090847624316
11282,15271.931008,1,73101848.9472,0.0200934292212183
11283,15271.951008,2,73101868.8896,0.0237343004077284
11284,15271.971008,1,73101889.024,0.0200852336754974
11285,15271.991008,2,73101908.8384,0.0237312270780831
11286,15272.011008,1,73101928.8448,0.020091380334788
11287,15272.031008,2,73101948.8512,0.0236728338148216
11288,15272.051008,1,73101969.024,0.0200739648001311
11289,15272.071008,2,73101988.928,0.0236605404962403
11290,15272.091008,1,73102008.9216,0.020018644866515
11291,15272.111008,2,73102028.864,0.0235837072551069
11292,15272.131008,1,73102048.8832,0.0200872825619276
11293,15272.151008,2,73102068.9536,0.0236113672219149
11294,15272.171008,1,73102088.9472,0.0199520560575327
11295,15272.191008,2,73102108.9792,0.0235816583686766
11296,15272.211008,1,73102128.896,0.0199428360685967
11297,15272.231008,2,73102148.9024,0.0236052205626242
11298,15272.251008,1,73102169.024,0.0199879115700617
11299,15272.271008,2,73102188.8768,0.0235355584239966
11300,15272.291008,1,73102208.9216,0.020054500379044
11301,15272.311008,2,73102228.9024,0.023558096174729
11302,15272.331008,1,73102249.0112,0.0199858626836314
11303,15272.351008,2,73102269.056,0.0235724383797406
11304,15272.371008,1,73102288.9472,0.0199674227057594
11305,15272.391008,2,73102308.9664,0.02361239166513
11306,15272.411008,1,73102328.9344,0.0200135226504395
11307,15272.431008,2,73102348.9152,0.0235550228450837
11308,15272.451008,1,73102368.9728,0.0200104493207941
11309,15272.471008,2,73102388.9536,0.0236625893826705
11310,15272.491008,1,73102408.9088,0.0200688425840556
11311,15272.511008,2,73102428.9152,0.023621611654066
11312,15272.531008,1,73102448.9728,0.0200227426393755
11313,15272.551008,2,73102468.9408,0.0236195627676358
11314,15272.571008,1,73102488.96,0.0200340115147417
11315,15272.591008,2,73102508.9152,0.0236502960640892
11316,15272.611008,1,73102528.9216,0.0200063515479337
11317,15272.631008,2,73102548.928,0.0236769315876821
11318,15272.651008,1,73102569.0112,0.020026840412236
11319,15272.671008,2,73102588.9664,0.0236103427786998
11320,15272.691008,1,73102609.1264,0.0199807404675559
11321,15272.711008,2,73102629.0432,0.0236195627676358
11322,15272.731008,1,73102648.9344,0.0200043026615035
11323,15272.751008,2,73102668.9664,0.0236175138812056
11324,15272.771008,1,73102688.96,0.0200299137418813
11325,15272.791008,2,73102709.0304,0.0236052205626242
11326,15272.811008,1,73102728.9216,0.0200442559468929
11327,15272.831008,2,73102748.9664,0.0235519495154384
11328,15272.851008,1,73102768.9344,0.0199694715921896
11329,15272.871008,2,73102788.9664,0.0235509250722232
11330,15272.891008,1,73102808.9856,0.0200227426393755
11331,15272.911008,2,73102828.9792,0.0236328805294323
11332,15272.931008,1,73102849.0112,0.020036060401172
11333,15272.951008,2,73102868.9792,0.0236882004630483
11334,15272.971008,1,73102889.0112,0.0200196693097302
11335,15272.991008,2,73102908.992,0.0236093183354847
11336,15273.011008,1,73102928.9856,0.0200258159690208
11337,15273.031008,2,73102948.928,0.0236226360972811
11338,15273.051008,1,73102968.9984,0.0200145470936546
11339,15273.071008,2,73102988.9792,0.0236902493494786
11340,15273.091008,1,73103008.96,0.0200329870715266
11341,15273.111008,2,73103028.992,0.0236441494047985
11342,15273.131008,1,73103048.9728,0.0200032782182884
11343,15273.151008,2,73103068.992,0.0235867805847522
11344,15273.171008,1,73103089.0112,0.0199950826725675
11345,15273.191008,2,73103109.0816,0.0236144405515602
11346,15273.211008,1,73103128.9728,0.0200493781629684
11347,15273.231008,2,73103148.9536,0.0236226360972811
11348,15273.251008,1,73103168.9728,0.0200329870715266
11349,15273.271008,2,73103189.0688,0.0235150695596943
11350,15273.291008,1,73103208.9984,0.0199971315589977
11351,15273.311008,2,73103228.9536,0.023603171676194
11352,15273.331008,1,73103248.9984,0.0200493781629684
11353,15273.351008,2,73103268.992,0.0236502960640892
11354,15273.371008,1,73103288.9984,0.020054500379044
11355,15273.391008,2,73103308.992,0.0235632183908046
11356,15273.411008,1,73103328.9728,0.0200411826172475
11357,15273.431008,2,73103348.992,0.0236175138812056
11358,15273.451008,1,73103369.024,0.019972544921835
11359,15273.471008,2,73103389.0688,0.0235529739586535
11360,15273.491008,1,73103408.9984,0.0200381092876022
11361,15273.511008,2,73103429.0176,0.0235417050832872
11362,15273.531008,1,73103449.024,0.020000204888643
11363,15273.551008,2,73103468.992,0.0235683406068802
11364,15273.571008,1,73103489.024,0.0199961071157826
11365,15273.591008,2,73103509.12,0.0236134161083451
11366,15273.611008,1,73103529.0368,0.020018644866515
11367,15273.631008,2,73103549.056,0.0235365828672117
11368,15273.651008,1,73103569.0112,0.0200155715368697
11369,15273.671008,2,73103589.056,0.0235222406622001
11370,15273.691008,1,73103609.1264,0.0200473292765382
11371,15273.711008,2,73103629.0816,0.0236175138812056
11372,15273.731008,1,73103649.024,0.0200165959800848
11373,15273.751008,2,73103669.0688,0.0236769315876821
11374,15273.771008,1,73103689.1904,0.0200770381297765
11375,15273.791008,2,73103709.0432,0.0236584916098101
11376,15273.811008,1,73103729.0368,0.0200053271047186
11377,15273.831008,2,73103749.0432,0.0236605404962403
11378,15273.851008,1,73103769.0624,0.0200493781629684
11379,15273.871008,2,73103789.0816,0.0235734628229557
11380,15273.891008,1,73103809.0496,0.0200442559468929
11381,15273.911008,2,73103829.056,0.02361239166513
11382,15273.931008,1,73103849.0624,0.0199848382404163
11383,15273.951008,2,73103869.0688,0.0235427295265023
11384,15273.971008,1,73103889.088,0.0200022537750732
11385,15273.991008,2,73103909.0816,0.0235867805847522
11386,15274.011008,1,73103929.0496,0.0200145470936546
11387,15274.031008,2,73103949.0688,0.0235539984018686
11388,15274.051008,1,73103969.152,0.0200534759358289
11389,15274.071008,2,73103989.0944,0.0235693650500953
11390,15274.091008,1,73104009.0624,0.0200206937529453
11391,15274.111008,2,73104029.0816,0.0235683406068802
11392,15274.131008,1,73104049.0752,0.0199602516032536
11393,15274.151008,2,73104069.0944,0.0236021472329789
11394,15274.171008,1,73104089.1264,0.0199879115700617
11395,15274.191008,2,73104109.1584,0.0235242895486303
11396,15274.211008,1,73104129.1776,0.0200114737640093
11397,15274.231008,2,73104149.1072,0.0236052205626242
11398,15274.251008,1,73104169.152,0.0200022537750732
11399,15274.271008,2,73104189.1072,0.0235990739033335
11400,15274.291008,1,73104209.1008,0.0199756182514803
11401,15274.311008,2,73104229.1072,0.023657467166595
11402,15274.331008,1,73104249.2928,0.0199879115700617
11403,15274.351008,2,73104269.1584,0.0236820538037577
11404,15274.371008,1,73104289.088,0.020018644866515
11405,15274.391008,2,73104309.2352,0.0235785850390313
11406,15274.411008,1,73104329.1264,0.0199827893539861
11407,15274.431008,2,73104349.1456,0.0236154649947753
11408,15274.451008,1,73104369.2288,0.0200667936976253
11409,15274.471008,2,73104389.12,0.0236144405515602
11410,15274.491008,1,73104409.152,0.0200104493207941
11411,15274.511008,2,73104429.1072,0.0236134161083451
11412,15274.531008,1,73104449.1392,0.0199920093429221
11413,15274.551008,2,73104469.1712,0.023584731698322
11414,15274.571008,1,73104489.3312,0.0199786915811257
11415,15274.591008,2,73104509.1712,0.0236134161083451
11416,15274.611008,1,73104529.1392,0.020036060401172
11417,15274.631008,2,73104549.1328,0.0235478517425779
11418,15274.651008,1,73104569.2544,0.0200565492654742
11419,15274.671008,2,73104589.2352,0.023630831643002
11420,15274.691008,1,73104609.1904,0.019990984899707
11421,15274.711008,2,73104629.2096,0.0236656627123159
11422,15274.731008,1,73104649.152,0.0200247915258057
11423,15274.751008,2,73104669.248,0.0236093183354847
11424,15274.771008,1,73104689.152,0.0200411826172475
11425,15274.791008,2,73104709.184,0.0236656627123159
11426,15274.811008,1,73104729.1264,0.020018644866515
11427,15274.831008,2,73104749.1712,0.0235929272440429
11428,15274.851008,1,73104769.1904,0.0200135226504395
11429,15274.871008,2,73104789.1712,0.023685127133403
11430,15274.891008,1,73104809.1776,0.0200165959800848
11431,15274.911008,2,73104829.2864,0.0236636138258856
11432,15274.931008,1,73104849.1392,0.0199827893539861
11433,15274.951008,2,73104869.2096,0.023703567111275
11434,15274.971008,1,73104889.3824,0.0200319626283115
11435,15274.991008,2,73104909.2096,0.0237271293052226
11436,15275.011008,1,73104929.2032,0.0199530805007478
11437,15275.031008,2,73104949.1584,0.0238244514106583
11438,15275.051008,1,73104969.28,0.020036060401172
11439,15275.071008,2,73104989.2096,0.0238377691724548
11440,15275.091008,1,73105009.1648,0.0200329870715266
11441,15275.111008,2,73105029.1968,0.0238346958428094
11442,15275.131008,1,73105049.2032,0.0199961071157826
11443,15275.151008,2,73105069.2096,0.0237148359866413
11444,15275.171008,1,73105089.216,0.0200340115147417
11445,15275.191008,2,73105109.2608,0.0237844981252689
11446,15275.211008,1,73105129.2544,0.0200237670825906
11447,15275.231008,2,73105149.2224,0.0236697604851763
11448,15275.251008,1,73105169.2288,0.0199623004896839
11449,15275.271008,2,73105189.2992,0.0236175138812056
11450,15275.291008,1,73105209.2672,0.0200565492654742
11451,15275.311008,2,73105229.2096,0.0237373737373737
11452,15275.331008,1,73105249.3056,0.0199797160243408
11453,15275.351008,2,73105269.2608,0.0237291781916528
11454,15275.371008,1,73105289.408,0.0200124982072244
11455,15275.391008,2,73105309.2352,0.0237343004077284
11456,15275.411008,1,73105329.2416,0.0199387382957363
11457,15275.431008,2,73105349.2736,0.0236922982359088
11458,15275.451008,1,73105369.2672,0.0200114737640093
11459,15275.471008,2,73105389.248,0.023666687155531
11460,15275.491008,1,73105409.3696,0.0200247915258057
11461,15275.511008,2,73105429.2736,0.0236093183354847
11462,15275.531008,1,73105449.2416,0.0200770381297765
11463,15275.551008,2,73105469.2864,0.0236093183354847
11464,15275.571008,1,73105489.3824,0.020054500379044
11465,15275.591008,2,73105509.2864,0.0236000983465487
11466,15275.611008,1,73105529.2544,0.0200196693097302
11467,15275.631008,2,73105549.248,0.0237568381584609
11468,15275.651008,1,73105569.3184,0.0200043026615035
11469,15275.671008,2,73105589.2864,0.0237998647734956
11470,15275.691008,1,73105609.28,0.0200196693097302
11471,15275.711008,2,73105629.2608,0.0237343004077284
11472,15275.731008,1,73105649.28,0.0200176204232999
11473,15275.751008,2,73105669.2992,0.0237896203413445
11474,15275.771008,1,73105689.3696,0.0200135226504395
11475,15275.791008,2,73105709.312,0.0237547892720306
11476,15275.811008,1,73105729.2928,0.0199848382404163
11477,15275.831008,2,73105749.2864,0.0237168848730715
11478,15275.851008,1,73105769.4976,0.0199971315589977
11479,15275.871008,2,73105789.2864,0.0237322515212982
11480,15275.891008,1,73105809.3824,0.020026840412236
11481,15275.911008,2,73105829.2992,0.0236349294158625
11482,15275.931008,1,73105849.28,0.0199930337861372
11483,15275.951008,2,73105869.2864,0.0236584916098101
11484,15275.971008,1,73105889.5104,0.0199653738193292
11485,15275.991008,2,73105909.3376,0.0235683406068802
11486,15276.011008,1,73105929.2928,0.0199674227057594
11487,15276.031008,2,73105949.2736,0.0236953715655541
11488,15276.051008,1,73105969.344,0.0200012293318581
11489,15276.071008,2,73105989.5168,0.0236564427233798
11490,15276.091008,1,73106009.3824,0.0199879115700617
11491,15276.111008,2,73106029.3376,0.0237015182248448
11492,15276.131008,1,73106049.3312,0.0199530805007478
11493,15276.151008,2,73106069.4272,0.0237322515212982
11494,15276.171008,1,73106089.3952,0.0200043026615035
11495,15276.191008,2,73106109.3504,0.0237383981805888
11496,15276.211008,1,73106129.3312,0.0200104493207941
11497,15276.231008,2,73106149.3248,0.0238049869895712
11498,15276.251008,1,73106169.3696,0.0199653738193292
11499,15276.271008,2,73106189.3632,0.0238070358760014
11500,15276.291008,1,73106209.536,0.0200708914704858
11501,15276.311008,2,73106229.3504,0.0237824492388387
11502,15276.331008,1,73106249.3312,0.019990984899707
11503,15276.351008,2,73106269.376,0.0237445448398795
11504,15276.371008,1,73106289.5744,0.020000204888643
11505,15276.391008,2,73106309.504,0.0238326469563792
11506,15276.411008,1,73106329.3568,0.019972544921835
11507,15276.431008,2,73106349.3504,0.0237568381584609
11508,15276.451008,1,73106369.3824,0.0200504026061835
11509,15276.471008,2,73106389.4784,0.0237189337595017
11510,15276.491008,1,73106409.3696,0.0199694715921896
11511,15276.511008,2,73106429.3632,0.0237076648841355
11512,15276.531008,1,73106449.3568,0.0200258159690208
11513,15276.551008,2,73106469.5168,0.0236584916098101
11514,15276.571008,1,73106489.3952,0.020036060401172
11515,15276.591008,2,73106509.3888,0.0236103427786998
11516,15276.611008,1,73106529.4336,0.0200288892986662
11517,15276.631008,2,73106549.3504,0.023630831643002
11518,15276.651008,1,73106569.4208,0.0200616714815498
11519,15276.671008,2,73106589.4016,0.0236349294158625
11520,15276.691008,1,73106609.4592,0.0200176204232999
11521,15276.711008,2,73106629.4912,0.0236543938369496
11522,15276.731008,1,73106649.3952,0.0199797160243408
11523,15276.751008,2,73106669.4272,0.0237004937816297
11524,15276.771008,1,73106689.3952,0.0199592271600385
11525,15276.791008,2,73106709.3888,0.0236257094269265
11526,15276.811008,1,73106729.408,0.0200340115147417
11527,15276.831008,2,73106749.4016,0.0236564427233798
11528,15276.851008,1,73106769.4592,0.0199551293871781
11529,15276.871008,2,73106789.632,0.0236820538037577
11530,15276.891008,1,73106809.4848,0.019981764910771
11531,15276.911008,2,73106829.504,0.0236820538037577
11532,15276.931008,1,73106849.728,0.0199950826725675
11533,15276.951008,2,73106869.5808,0.0237527403856004
11534,15276.971008,1,73106889.4848,0.0200053271047186
11535,15276.991008,2,73106909.5168,0.023694347122339
11536,15277.011008,1,73106929.4592,0.0200176204232999
11537,15277.031008,2,73106949.4912,0.0236953715655541
11538,15277.051008,1,73106969.4464,0.0200381092876022
11539,15277.071008,2,73106989.5424,0.0236257094269265
11540,15277.091008,1,73107009.4208,0.0200381092876022
11541,15277.111008,2,73107029.5552,0.0236072694490544
11542,15277.131008,1,73107049.4592,0.0199899604564919
11543,15277.151008,2,73107069.5424,0.0235744872661708
11544,15277.171008,1,73107089.4464,0.0200708914704858
11545,15277.191008,2,73107109.4784,0.0236298071997869
11546,15277.211008,1,73107129.472,0.0199838137972012
11547,15277.231008,2,73107149.504,0.0236236605404962
11548,15277.251008,1,73107169.536,0.0200401581740324
11549,15277.271008,2,73107189.4528,0.0237138115434261
11550,15277.291008,1,73107209.4336,0.0200790870162067
11551,15277.311008,2,73107229.4656,0.023712787100211
11552,15277.331008,1,73107249.4976,0.0200770381297765
11553,15277.351008,2,73107269.5936,0.023675907144467
11554,15277.371008,1,73107289.4976,0.020108795869445
11555,15277.391008,2,73107309.6064,0.0237476181695249
11556,15277.411008,1,73107329.5104,0.0200698670272707
11557,15277.431008,2,73107349.4528,0.0238039625463561
11558,15277.451008,1,73107369.6768,0.0201251869608868
11559,15277.471008,2,73107389.4784,0.0236882004630483
11560,15277.491008,1,73107409.5616,0.0201467002684041
11561,15277.511008,2,73107429.504,0.0236933226791239
11562,15277.531008,1,73107449.4848,0.0200893314483578
11563,15277.551008,2,73107469.6192,0.0237629848177516
11564,15277.571008,1,73107489.4976,0.0200831847890671
11565,15277.591008,2,73107509.5168,0.0238162558649374
11566,15277.611008,1,73107529.4976,0.0201098203126601
11567,15277.631008,2,73107549.4784,0.0237926936709898
11568,15277.651008,1,73107569.5232,0.0201139180855205
11569,15277.671008,2,73107589.5296,0.0236994693384146
11570,15277.691008,1,73107609.5232,0.0200483537197533
11571,15277.711008,2,73107629.5296,0.0237230315323622
11572,15277.731008,1,73107649.5104,0.0200350359579568
11573,15277.751008,2,73107669.5296,0.023603171676194
11574,15277.771008,1,73107689.4848,0.0201610424734157
11575,15277.791008,2,73107709.5808,0.0237056159977052
11576,15277.811008,1,73107729.4976,0.0200975269940787
11577,15277.831008,2,73107749.5296,0.0236830782469728
11578,15277.851008,1,73107769.5744,0.0200514270493987
11579,15277.871008,2,73107789.5168,0.0237056159977052
11580,15277.891008,1,73107809.6,0.0199981560022128
11581,15277.911008,2,73107829.5296,0.023621611654066
11582,15277.931008,1,73107849.5488,0.0200790870162067
11583,15277.951008,2,73107869.5936,0.0237076648841355
11584,15277.971008,1,73107889.5232,0.0200719159137009
11585,15277.991008,2,73107909.8112,0.0237281537484377
11586,15278.01104,1,73107929.6,0.0199489827278874
11587,15278.03104,2,73107949.7472,0.0237117626569959
11588,15278.05104,1,73107969.5872,0.020136455836253
11589,15278.07104,2,73107989.568,0.0236697604851763
11590,15278.09104,1,73108009.7408,0.0200124982072244
11591,15278.11104,2,73108029.5808,0.0236584916098101
11592,15278.13104,1,73108049.5744,0.0199807404675559
11593,15278.15104,2,73108069.6448,0.0236410760751532
11594,15278.17104,1,73108089.5872,0.0199930337861372
11595,15278.19104,2,73108109.5424,0.0235560472882988
11596,15278.21104,1,73108129.664,0.0200493781629684
11597,15278.23104,2,73108149.5936,0.0236677115987461
11598,15278.25104,1,73108169.792,0.020018644866515
11599,15278.27104,2,73108189.5936,0.023584731698322
11600,15278.29104,1,73108209.6,0.0199428360685967
11601,15278.31104,2,73108229.6064,0.0236185383244207
11602,15278.33104,1,73108249.5616,0.0200432315036778
11603,15278.35104,2,73108269.7728,0.0235878050279673
11604,15278.37104,1,73108289.7664,0.0200237670825906
11605,15278.39104,2,73108309.6064,0.0235734628229557
11606,15278.41104,1,73108329.6,0.0200258159690208
11607,15278.43104,2,73108349.5936,0.0235796094822464
11608,15278.45104,1,73108369.664,0.0200524514926138
11609,15278.47104,2,73108389.8624,0.0236318560862171
11610,15278.49104,1,73108409.6768,0.0200391337308173
11611,15278.51104,2,73108429.6448,0.0236349294158625
11612,15278.53104,1,73108449.6,0.019972544921835
11613,15278.55104,2,73108469.696,0.0236072694490544
11614,15278.57104,1,73108489.8944,0.0200227426393755
11615,15278.59104,2,73108509.632,0.0236021472329789
11616,15278.61104,1,73108529.664,0.0200514270493987
11617,15278.63104,2,73108549.6192,0.0236707849283914
11618,15278.65104,1,73108569.7024,0.020036060401172
11619,15278.67104,2,73108589.6576,0.0236533693937345
11620,15278.69104,1,73108609.7664,0.0200370848443871
11621,15278.71104,2,73108629.6448,0.0236697604851763
11622,15278.73104,1,73108649.664,0.0201128936423054
11623,15278.75104,2,73108669.6704,0.023675907144467
11624,15278.77104,1,73108689.6896,0.0200575737086893
11625,15278.79104,2,73108709.6448,0.0236871760198332
11626,15278.81104,1,73108729.6896,0.0200872825619276
11627,15278.83104,2,73108749.6576,0.0237189337595017
11628,15278.85104,1,73108769.8176,0.0201159669719507
11629,15278.87104,2,73108789.6448,0.0236195627676358
11630,15278.89104,1,73108809.6384,0.0200934292212183
11631,15278.91104,2,73108829.696,0.0236789804741123
11632,15278.93104,1,73108849.664,0.0201764091216424
11633,15278.95104,2,73108869.6704,0.0237496670559551
11634,15278.97104,1,73108889.8688,0.0201415780523286
11635,15278.99104,2,73108909.6576,0.0237373737373737
11636,15279.01104,1,73108929.7408,0.0200872825619276
11637,15279.03104,2,73108949.6576,0.0237302026348679
11638,15279.05104,1,73108969.7024,0.0201477247116192
11639,15279.07104,2,73108989.7088,0.0237773270227631
11640,15279.09104,1,73109009.6896,0.0201805068945028
11641,15279.11104,2,73109029.6832,0.0238090847624316
11642,15279.13104,1,73109049.6768,0.0201016247669392
11643,15279.15104,2,73109069.8496,0.0238162558649374
11644,15279.17104,1,73109089.728,0.0201794824512877
11645,15279.19104,2,73109109.7344,0.0238070358760014
11646,15279.21104,1,73109129.6896,0.0201887024402237
11647,15279.23104,2,73109149.7088,0.0237588870448911
11648,15279.25104,1,73109169.6768,0.0201477247116192
11649,15279.27104,2,73109189.8368,0.0237875714549143
11650,15279.29104,1,73109209.728,0.0201989468723749
11651,15279.31104,2,73109229.7088,0.0237711803634725
11652,15279.33104,1,73109249.728,0.0201231380744565
11653,15279.35104,2,73109269.7728,0.0237537648288155
11654,15279.37104,1,73109289.8816,0.0201630913598459
11655,15279.39104,2,73109309.7216,0.0238982113221464
11656,15279.41104,1,73109329.7536,0.0201436269387588
11657,15279.43104,2,73109349.7344,0.0239176757432336
11658,15279.45104,1,73109369.7536,0.0201723113487819
11659,15279.47104,2,73109389.7472,0.0239146024135882
11660,15279.49104,1,73109409.7152,0.0201190403015961
11661,15279.51104,2,73109429.7344,0.0238930891060709
11662,15279.53104,1,73109450.304,0.0201210891880263
11663,15279.55104,2,73109469.7216,0.02393099350503
11664,15279.57104,1,73109489.7536,0.0201743602352122
11665,15279.59104,2,73109509.7984,0.0238951379925011
11666,15279.61104,1,73109529.9072,0.0201405536091134
11667,15279.63104,2,73109549.7472,0.0238807957874895
11668,15279.65104,1,73109569.7664,0.0201313336201774
11669,15279.67104,2,73109589.76,0.023867478025693
11670,15279.69104,1,73109609.792,0.0201385047226832
11671,15279.71104,2,73109629.7472,0.0237445448398795
11672,15279.73104,1,73109649.7664,0.0202112401909562
11673,15279.75104,2,73109669.9136,0.0237506914991702
11674,15279.77104,1,73109689.7792,0.0201600180302006
11675,15279.79104,2,73109709.7856,0.0237424959534493
11676,15279.81104,1,73109729.7792,0.0201723113487819
11677,15279.83104,2,73109749.7984,0.0237383981805888
11678,15279.85104,1,73109769.8176,0.020127235847317
11679,15279.87104,2,73109789.7856,0.0237681070338271
11680,15279.89104,1,73109809.856,0.0201262114041019
11681,15279.91104,2,73109829.7856,0.0238019136599258
11682,15279.93104,1,73109849.7664,0.0201139180855205
11683,15279.95104,2,73109869.7856,0.0237609359313213
11684,15279.97104,1,73109889.8304,0.0201917757698691
11685,15279.99104,2,73109909.76,0.0237660581473969
11686,15280.01104,1,73109929.792,0.0201436269387588
11687,15280.03104,2,73109949.7856,0.0238049869895712
11688,15280.05104,1,73109969.8304,0.020190751326654
11689,15280.07104,2,73109989.9136,0.0238336713995943
11690,15280.09104,1,73110009.8688,0.0201600180302006
11691,15280.11104,2,73110029.7984,0.0237711803634725
11692,15280.13104,1,73110049.8048,0.0201210891880263
11693,15280.15104,2,73110069.8752,0.0237404470670191
11694,15280.17104,1,73110089.8048,0.0200924047780032
11695,15280.19104,2,73110109.7984,0.0237732292499027
11696,15280.21104,1,73110129.8688,0.0200944536644334
11697,15280.23104,2,73110149.824,0.0237814247956236
11698,15280.25104,1,73110169.8176,0.0201118691990903
11699,15280.27104,2,73110189.8496,0.0237414715102342
11700,15280.29104,1,73110209.8688,0.0201630913598459
11701,15280.31104,2,73110229.8368,0.0238531358206815
11702,15280.33104,1,73110249.8432,0.0201702624623517
11703,15280.35104,2,73110269.8624,0.0237568381584609
11704,15280.37104,1,73110289.8176,0.0202020202020202
11705,15280.39104,2,73110309.824,0.0237896203413445
11706,15280.41104,1,73110329.8688,0.0201190403015961
11707,15280.43104,2,73110349.824,0.0238613313664024
11708,15280.45104,1,73110369.9072,0.0201303091769623
11709,15280.47104,2,73110389.8624,0.0238644046960477
11710,15280.49104,1,73110409.8048,0.0201016247669392
11711,15280.51104,2,73110429.8752,0.0239135779703731
11712,15280.53104,1,73110449.8432,0.0201477247116192
11713,15280.55104,2,73110469.9776,0.0237793759091934
11714,15280.57104,1,73110489.9456,0.0201477247116192
11715,15280.59104,2,73110509.888,0.0238049869895712
11716,15280.61104,1,73110529.8688,0.0201487491548343
11717,15280.63104,2,73110549.8496,0.0238992357653615
11718,15280.65104,1,73110570.0736,0.0201487491548343
11719,15280.67104,2,73110589.8752,0.0239607023582683
11720,15280.69104,1,73110609.8816,0.0201661646894913
11721,15280.71104,2,73110630.1056,0.0239740201200647
11722,15280.73104,1,73110649.8816,0.0201897268834389
11723,15280.75104,2,73110669.952,0.0240979777490934
11724,15280.77104,1,73110689.9456,0.0202307046120434
11725,15280.79104,2,73110709.9008,0.0240682688958551
11726,15280.81104,1,73110729.8816,0.0201385047226832
11727,15280.83104,2,73110749.888,0.0240139734054541
11728,15280.85104,1,73110769.9072,0.0201344069498228
11729,15280.87104,2,73110789.9392,0.0239412379371811
11730,15280.89104,1,73110809.8944,0.020173335791997
11731,15280.91104,2,73110830.0544,0.0238756735714139
11732,15280.93104,1,73110849.8816,0.020173335791997
11733,15280.95104,2,73110870.0416,0.0238377691724548
11734,15280.97104,1,73110889.9456,0.0201559202573401
11735,15280.99104,2,73110909.9648,0.0238008892167107
11736,15281.01104,1,73110929.9072,0.0201374802794681
11737,15281.03104,2,73110949.888,0.0238428913885303
11738,15281.05104,1,73110969.9968,0.0201805068945028
11739,15281.07104,2,73110989.9264,0.0238439158317454
11740,15281.09104,1,73111009.9968,0.0201446513819739
11741,15281.11104,2,73111029.9264,0.0239525068125474
11742,15281.13104,1,73111049.92,0.0201610424734157
11743,15281.15104,2,73111069.9904,0.0239811912225705
11744,15281.17104,1,73111089.8944,0.0201928002130842
11745,15281.19104,2,73111109.888,0.0239729956768496
11746,15281.21104,1,73111129.984,0.0201835802241482
11747,15281.23104,2,73111149.9392,0.0239801667793554
11748,15281.25104,1,73111170.048,0.0201661646894913
11749,15281.27104,2,73111189.9008,0.0240047534165181
11750,15281.29104,1,73111209.9456,0.0201016247669392
11751,15281.31104,2,73111229.9776,0.0239279201753847
11752,15281.33104,1,73111249.9328,0.0201723113487819
11753,15281.35104,2,73111270.08,0.023839818058885
11754,15281.37104,1,73111290.0992,0.020082160345852
11755,15281.39104,2,73111310.0032,0.0237998647734956
11756,15281.41104,1,73111329.9584,0.0201436269387588
11757,15281.43104,2,73111349.9136,0.0237230315323622
11758,15281.45104,1,73111369.9584,0.0200842092322823
11759,15281.47104,2,73111390.016,0.0237373737373737
11760,15281.49104,1,73111409.984,0.0200760136865614
11761,15281.51104,2,73111429.9392,0.0236882004630483
11762,15281.53104,1,73111449.9328,0.0200288892986662
11763,15281.55104,2,73111469.9776,0.0236820538037577
11764,15281.57104,1,73111489.984,0.0199397627389514
11765,15281.59104,2,73111509.952,0.0236431249615834
11766,15281.61104,1,73111529.984,0.0199961071157826
11767,15281.63104,2,73111549.9392,0.0236984448951995
11768,15281.65104,1,73111569.9712,0.0200145470936546
11769,15281.67104,2,73111589.9648,0.0236339049726474
11770,15281.69104,1,73111609.9456,0.0200073759911488
11771,15281.71104,2,73111630.0288,0.0236000983465487
11772,15281.73104,1,73111650.0224,0.0199786915811257
11773,15281.75104,2,73111669.9648,0.0235386317536419
11774,15281.77104,1,73111689.984,0.0199899604564919
11775,15281.79104,2,73111710.0032,0.0235714139365255
11776,15281.81104,1,73111730.0992,0.0200237670825906
11777,15281.83104,2,73111749.9776,0.0236175138812056
11778,15281.85104,1,73111770.0864,0.0200206937529453
11779,15281.87104,2,73111789.9904,0.0235365828672117
11780,15281.89104,1,73111809.984,0.0200043026615035
11781,15281.91104,2,73111829.9904,0.0236267338701416
11782,15281.93104,1,73111849.9584,0.0199407871821665
11783,15281.95104,2,73111870.08,0.0235765361526011
11784,15281.97104,1,73111890.0352,0.0199438605118118
11785,15281.99104,2,73111910.0544,0.0235662917204499
11786,15282.01104,1,73111930.0352,0.0199551293871781
11787,15282.03104,2,73111950.016,0.023558096174729
11788,15282.05104,1,73111970.0096,0.0200585981519044
11789,15282.07104,2,73111990.08,0.023621611654066
11790,15282.09104,1,73112010.0736,0.0200237670825906
11791,15282.11104,2,73112030.0416,0.0236461982912287
11792,15282.13104,1,73112050.0096,0.0199838137972012
11793,15282.15104,2,73112070.0032,0.0235703894933104
11794,15282.17104,1,73112090.0736,0.0199561538303932
11795,15282.19104,2,73112110.0544,0.0235335095375663
11796,15282.21104,1,73112130.0352,0.0199561538303932
11797,15282.23104,2,73112150.0416,0.0235642428340197
11798,15282.25104,1,73112170.048,0.019954104943963
11799,15282.27104,2,73112190.0672,0.0236000983465487
11800,15282.29104,1,73112210.0352,0.0199797160243408
11801,15282.31104,2,73112230.0544,0.0235796094822464
11802,15282.33104,1,73112250.0608,0.0200463048333231
11803,15282.35104,2,73112270.0544,0.0235960005736882
11804,15282.37104,1,73112290.0736,0.0199264449771549
11805,15282.39104,2,73112310.1184,0.0236697604851763
11806,15282.41104,1,73112330.2144,0.0199663982625443
11807,15282.43104,2,73112350.0928,0.0235417050832872
11808,15282.45104,1,73112370.048,0.0200575737086893
11809,15282.47104,2,73112390.0544,0.0236461982912287
11810,15282.49104,1,73112410.0736,0.0200575737086893
11811,15282.51104,2,73112430.0928,0.0236154649947753
11812,15282.53104,1,73112450.0736,0.0200596225951196
11813,15282.55104,2,73112470.1824,0.023640051631938
11814,15282.57104,1,73112490.112,0.0200719159137009
11815,15282.59104,2,73112510.0928,0.0236359538590776
11816,15282.61104,1,73112530.0736,0.0200493781629684
11817,15282.63104,2,73112550.1184,0.0236892249062634
11818,15282.65104,1,73112570.0736,0.0200329870715266
11819,15282.67104,2,73112590.08,0.0236625893826705
11820,15282.69104,1,73112610.0608,0.019972544921835
11821,15282.71104,2,73112630.0672,0.0235949761304731
11822,15282.73104,1,73112650.0736,0.020045280390108
11823,15282.75104,2,73112670.0928,0.0236298071997869
11824,15282.77104,1,73112690.0608,0.0199961071157826
11825,15282.79104,2,73112710.08,0.0236380027455078
11826,15282.81104,1,73112730.1376,0.0200032782182884
11827,15282.83104,2,73112750.144,0.0235744872661708
11828,15282.85104,1,73112770.1504,0.0199899604564919
11829,15282.87104,2,73112790.0928,0.023603171676194
11830,15282.89104,1,73112810.112,0.0199848382404163
11831,15282.91104,2,73112830.1056,0.0235263384350605
11832,15282.93104,1,73112850.0864,0.0200217181961604
11833,15282.95104,2,73112870.208,0.0235478517425779
11834,15282.97104,1,73112890.1248,0.0199663982625443
11835,15282.99104,2,73112910.1568,0.0235539984018686
11836,15283.01104,1,73112930.112,0.0199520560575327
11837,15283.03104,2,73112950.1568,0.0236789804741123
11838,15283.05104,1,73112970.1248,0.020000204888643
11839,15283.07104,2,73112990.1696,0.0235447784129326
11840,15283.09104,1,73113010.1376,0.0200206937529453
11841,15283.11104,2,73113030.1056,0.0235263384350605
11842,15283.13104,1,73113050.1376,0.0201026492101543
11843,15283.15104,2,73113070.1184,0.0235806339254615
11844,15283.17104,1,73113090.1248,0.0199889360132768
11845,15283.19104,2,73113110.2336,0.0235519495154384
11846,15283.21104,1,73113130.1248,0.0199838137972012
11847,15283.23104,2,73113150.1824,0.0236082938922696
11848,15283.25104,1,73113170.3424,0.0200022537750732
11849,15283.27104,2,73113190.144,0.0236277583133567
11850,15283.29104,1,73113210.1632,0.0200053271047186
11851,15283.31104,2,73113230.1568,0.023584731698322
11852,15283.33104,1,73113250.2272,0.0199418116253816
11853,15283.35104,2,73113270.1568,0.0235867805847522
11854,15283.37104,1,73113290.176,0.0199653738193292
11855,15283.39104,2,73113310.2336,0.0235181428893396
11856,15283.41104,1,73113330.1888,0.0199889360132768
11857,15283.43104,2,73113350.208,0.0235529739586535
11858,15283.45104,1,73113370.176,0.0200227426393755
11859,15283.47104,2,73113390.1568,0.0235509250722232
11860,15283.49104,1,73113410.176,0.0199971315589977
11861,15283.51104,2,73113430.208,0.0235406806400721
11862,15283.53104,1,73113450.1888,0.0199305427500154
11863,15283.55104,2,73113470.1952,0.0234566762964329
11864,15283.57104,1,73113490.24,0.0199602516032536
11865,15283.59104,2,73113510.2592,0.0235171184461245
11866,15283.61104,1,73113530.1888,0.0199592271600385
11867,15283.63104,2,73113550.208,0.0235693650500953
11868,15283.65104,1,73113570.2528,0.019963324932899
11869,15283.67104,2,73113590.208,0.0235949761304731
11870,15283.69104,1,73113610.2016,0.0198895650214109
11871,15283.71104,2,73113630.2208,0.023640051631938
11872,15283.73104,1,73113650.2016,0.0200258159690208
11873,15283.75104,2,73113670.1952,0.0236359538590776
11874,15283.77104,1,73113690.2144,0.019981764910771
11875,15283.79104,2,73113710.2208,0.0236564427233798
11876,15283.81104,1,73113730.24,0.0199838137972012
11877,15283.83104,2,73113750.336,0.0236697604851763
11878,15283.85104,1,73113770.24,0.0200155715368697
11879,15283.87104,2,73113790.2976,0.0236144405515602
11880,15283.89104,1,73113810.2656,0.0200258159690208
11881,15283.91104,2,73113830.2592,0.023603171676194
11882,15283.93104,1,73113850.24,0.0199704960354048
11883,15283.95104,2,73113870.272,0.0235703894933104
11884,15283.97104,1,73113890.3296,0.020009424877579
11885,15283.99104,2,73113910.2208,0.0236441494047985
11886,15284.01104,1,73113930.2528,0.0199868871268466
11887,15284.03104,2,73113950.2336,0.0236041961194091
11888,15284.05104,1,73113970.24,0.0200206937529453
11889,15284.07104,2,73113990.3744,0.0235499006290081
11890,15284.09104,1,73114010.2656,0.0200565492654742
11891,15284.11104,2,73114030.2464,0.0236482471776589
11892,15284.13104,1,73114050.2784,0.0200688425840556
11893,15284.15104,2,73114070.2848,0.0236636138258856
11894,15284.17104,1,73114090.3424,0.0200391337308173
11895,15284.19104,2,73114110.464,0.023685127133403
11896,15284.21104,1,73114130.304,0.0200073759911488
11897,15284.23104,2,73114150.2976,0.0235775605958162
11898,15284.25104,1,73114170.3168,0.0200237670825906
11899,15284.27104,2,73114190.3488,0.0236738582580368
11900,15284.29104,1,73114210.4064,0.020045280390108
11901,15284.31104,2,73114230.2848,0.0236205872108509
11902,15284.33104,1,73114250.3296,0.0200657692544102
11903,15284.35104,2,73114270.3104,0.0236195627676358
11904,15284.37104,1,73114290.3296,0.0199336160796607
11905,15284.39104,2,73114310.2848,0.0235980494601184
11906,15284.41104,1,73114330.3296,0.0200176204232999
11907,15284.43104,2,73114350.3104,0.0235796094822464
11908,15284.45104,1,73114370.3168,0.0200206937529453
11909,15284.47104,2,73114390.4,0.0236584916098101
11910,15284.49104,1,73114410.304,0.0200288892986662
11911,15284.51104,2,73114430.3232,0.0236431249615834
11912,15284.53104,1,73114450.304,0.0199899604564919
11913,15284.55104,2,73114470.3488,0.0235970250169033
11914,15284.57104,1,73114490.3296,0.020045280390108
11915,15284.59104,2,73114510.3104,0.0236298071997869
11916,15284.61104,1,73114530.3296,0.0199879115700617
11917,15284.63104,2,73114550.3488,0.0235826828118917
11918,15284.65104,1,73114570.4192,0.0199715204786199
11919,15284.67104,2,73114590.3488,0.0235919028008277
11920,15284.69104,1,73114610.3296,0.0199213227610794
11921,15284.71104,2,73114630.4,0.0236543938369496
11922,15284.73104,1,73114650.3552,0.0200114737640093
11923,15284.75104,2,73114670.4512,0.0236072694490544
11924,15284.77104,1,73114690.3424,0.0200473292765382
11925,15284.79104,2,73114710.3616,0.0235417050832872
11926,15284.81104,1,73114730.368,0.0199766426946954
11927,15284.83104,2,73114750.4256,0.0235990739033335
11928,15284.85104,1,73114770.3808,0.0199950826725675
11929,15284.87104,2,73114790.3616,0.0235867805847522
11930,15284.89104,1,73114810.4832,0.0199551293871781
11931,15284.91104,2,73114830.3872,0.0235960005736882
11932,15284.93104,1,73114850.368,0.020009424877579
11933,15284.95104,2,73114870.3872,0.0236349294158625
11934,15284.97104,1,73114890.4064,0.0200534759358289
11935,15284.99104,2,73114910.3744,0.0236246849837114
11936,15285.01104,1,73114930.368,0.0200032782182884
11937,15285.03104,2,73114950.3744,0.0236523449505194
11938,15285.05104,1,73114970.4576,0.0200831847890671
11939,15285.07104,2,73114990.4384,0.0235878050279673
11940,15285.09104,1,73115010.432,0.020026840412236
11941,15285.11104,2,73115030.4,0.0236359538590776
11942,15285.13104,1,73115050.3808,0.0200606470383347
11943,15285.15104,2,73115070.4,0.0236359538590776
11944,15285.17104,1,73115090.368,0.0200084004343639
11945,15285.19104,2,73115110.4256,0.0236103427786998
11946,15285.21104,1,73115130.432,0.0200278648554511
11947,15285.23104,2,73115150.4384,0.0236502960640892
11948,15285.25104,1,73115170.4064,0.0199807404675559
11949,15285.27104,2,73115190.4768,0.0236021472329789
11950,15285.29104,1,73115210.4704,0.0199858626836314
11951,15285.31104,2,73115230.4128,0.0235765361526011
11952,15285.33104,1,73115250.5472,0.0200217181961604
11953,15285.35104,2,73115270.464,0.0236646382691007
11954,15285.37104,1,73115290.3936,0.0200329870715266
11955,15285.39104,2,73115310.4512,0.0236656627123159
11956,15285.41104,1,73115330.4448,0.0200053271047186
11957,15285.43104,2,73115350.5408,0.0236328805294323
11958,15285.45104,1,73115370.4704,0.0200493781629684
11959,15285.47104,2,73115390.464,0.0235980494601184
11960,15285.49104,1,73115410.432,0.0200258159690208
11961,15285.51104,2,73115430.4512,0.023593951687258
11962,15285.53104,1,73115450.496,0.0200340115147417
11963,15285.55104,2,73115470.4256,0.023603171676194
11964,15285.57104,1,73115490.4832,0.0200073759911488
11965,15285.59104,2,73115510.5408,0.0236000983465487
11966,15285.61104,1,73115530.5088,0.0200022537750732
11967,15285.63104,2,73115550.4896,0.0236000983465487
11968,15285.65104,1,73115570.4704,0.020026840412236
11969,15285.67104,2,73115590.5792,0.0235980494601184
11970,15285.69104,1,73115610.5728,0.0200565492654742
11971,15285.71104,2,73115630.5792,0.0236441494047985
11972,15285.73104,1,73115650.4704,0.020000204888643
11973,15285.75104,2,73115670.4768,0.0235816583686766
11974,15285.77104,1,73115690.4704,0.0199827893539861
11975,15285.79104,2,73115710.4768,0.0235826828118917
11976,15285.81104,1,73115730.5344,0.0199899604564919
11977,15285.83104,2,73115750.464,0.0235611695043744
11978,15285.85104,1,73115770.5472,0.0200114737640093
11979,15285.87104,2,73115790.4768,0.0236011227897638
11980,15285.89104,1,73115810.5088,0.0200084004343639
11981,15285.91104,2,73115830.5536,0.0236257094269265
11982,15285.93104,1,73115850.4832,0.0200124982072244
11983,15285.95104,2,73115870.5664,0.0235960005736882
11984,15285.97104,1,73115890.5216,0.0200565492654742
11985,15285.99104,2,73115910.592,0.0235744872661708
11986,15286.01104,1,73115930.5088,0.0200022537750732
11987,15286.03104,2,73115950.5024,0.0235314606511361
11988,15286.05104,1,73115970.6496,0.020036060401172
11989,15286.07104,2,73115990.5152,0.0235806339254615
11990,15286.09104,1,73116010.5856,0.0200442559468929
11991,15286.11104,2,73116030.4896,0.023603171676194
11992,15286.13104,1,73116050.5216,0.0200247915258057
11993,15286.15104,2,73116070.5152,0.0235632183908046
11994,15286.17104,1,73116090.5216,0.0200084004343639
11995,15286.19104,2,73116110.528,0.0236041961194091
11996,15286.21104,1,73116130.5216,0.0200350359579568
11997,15286.23104,2,73116150.5408,0.0236164894379905
11998,15286.25104,1,73116170.5472,0.020036060401172
11999,15286.27104,2,73116190.528,0.0237168848730715
12000,15286.29104,1,73116210.496,0.020009424877579
12001,15286.31104,2,73116230.464,0.0237537648288155
12002,15286.33104,1,73116250.5088,0.0200206937529453
12003,15286.35104,2,73116270.528,0.023812158092077
12004,15286.37104,1,73116290.5088,0.0200022537750732
12005,15286.39104,2,73116310.5152,0.0237445448398795
12006,15286.41104,1,73116330.5088,0.0199889360132768
12007,15286.43104,2,73116350.5024,0.0237107382137808
12008,15286.45104,1,73116370.5088,0.0200749892433462
12009,15286.47104,2,73116390.528,0.0235621939475895
12010,15286.49104,1,73116410.496,0.0200432315036778
12011,15286.51104,2,73116430.5536,0.0237097137705657
12012,15286.53104,1,73116450.5088,0.0200463048333231
12013,15286.55104,2,73116470.528,0.0236052205626242
12014,15286.57104,1,73116490.5344,0.0200411826172475
12015,15286.59104,2,73116510.5152,0.0235601450611593
12016,15286.61104,1,73116530.5472,0.0200124982072244
12017,15286.63104,2,73116550.5408,0.0236461982912287
12018,15286.65104,1,73116570.5216,0.0199868871268466
12019,15286.67104,2,73116590.5408,0.0236656627123159
12020,15286.69104,1,73116610.5344,0.0199991804454279
12021,15286.71104,2,73116630.5664,0.023630831643002
12022,15286.73104,1,73116650.5472,0.0199766426946954
12023,15286.75104,2,73116670.5408,0.0236800049173274
12024,15286.77104,1,73116690.5472,0.0199838137972012
12025,15286.79104,2,73116710.5408,0.0236533693937345
12026,15286.81104,1,73116730.5856,0.0200626959247649
12027,15286.83104,2,73116750.5536,0.023621611654066
12028,15286.85104,1,73116770.7392,0.0199961071157826
12029,15286.87104,2,73116790.5792,0.023584731698322
12030,15286.89104,1,73116810.5856,0.0199407871821665
12031,15286.91104,2,73116830.5664,0.0235970250169033
12032,15286.93104,1,73116850.624,0.0199827893539861
12033,15286.95104,2,73116870.592,0.0235478517425779
12034,15286.97104,1,73116890.5984,0.019954104943963
12035,15286.99104,2,73116910.5536,0.0235919028008277
12036,15287.01104,1,73116930.56,0.0199766426946954
12037,15287.03104,2,73116950.5664,0.023521216218985
12038,15287.05104,1,73116970.6752,0.0200329870715266
12039,15287.07104,2,73116990.592,0.0236154649947753
12040,15287.09104,1,73117010.5728,0.0200319626283115
12041,15287.11104,2,73117030.6176,0.0235376073104268
12042,15287.13104,1,73117050.6368,0.0200985514372938
12043,15287.15104,2,73117070.592,0.0235908783576126
12044,15287.17104,1,73117090.56,0.0200780625729916
12045,15287.19104,2,73117110.592,0.0236164894379905
12046,15287.21104,1,73117130.624,0.0199858626836314
12047,15287.23104,2,73117150.6176,0.0235796094822464
12048,15287.25104,1,73117170.624,0.0200483537197533
12049,15287.27104,2,73117190.6176,0.023584731698322
12050,15287.29104,1,73117210.5728,0.0200104493207941
12051,15287.31104,2,73117230.6048,0.0236082938922696
12052,15287.33104,1,73117250.6112,0.0199489827278874
12053,15287.35104,2,73117270.6816,0.0236205872108509
12054,15287.37104,1,73117290.6624,0.0200114737640093
12055,15287.39104,2,73117310.6176,0.023584731698322
12056,15287.41104,1,73117330.624,0.0199551293871781
12057,15287.43104,2,73117350.6432,0.0236369783022927
12058,15287.45104,1,73117370.6496,0.0200217181961604
12059,15287.47104,2,73117390.6432,0.0235437539697175
12060,15287.49104,1,73117410.624,0.0199428360685967
12061,15287.51104,2,73117430.6176,0.0234935562521769
12062,15287.53104,1,73117450.7136,0.019972544921835
12063,15287.55104,2,73117470.72,0.0236082938922696
12064,15287.57104,1,73117490.688,0.0200206937529453
12065,15287.59104,2,73117510.6304,0.0235919028008277
12066,15287.61104,1,73117530.6112,0.0199950826725675
12067,15287.63104,2,73117550.6688,0.023630831643002
12068,15287.65104,1,73117570.6112,0.0200391337308173
12069,15287.67104,2,73117590.656,0.0236482471776589
12070,15287.69104,1,73117610.6752,0.0200145470936546
12071,15287.71104,2,73117630.6304,0.0235662917204499
12072,15287.73104,1,73117650.6624,0.0199551293871781
12073,15287.75104,2,73117670.656,0.0235703894933104
12074,15287.77104,1,73117690.6624,0.0199602516032536
12075,15287.79104,2,73117710.6688,0.023630831643002
12076,15287.81104,1,73117730.6624,0.019972544921835
12077,15287.83104,2,73117750.6816,0.023558096174729
12078,15287.85104,1,73117770.6752,0.0200114737640093
12079,15287.87104,2,73117790.6432,0.0235724383797406
12080,15287.89104,1,73117810.7008,0.0199592271600385
12081,15287.91104,2,73117830.6944,0.0235867805847522
12082,15287.93104,1,73117850.688,0.0199715204786199
12083,15287.95104,2,73117870.656,0.0236543938369496
12084,15287.97104,1,73117890.7008,0.0199489827278874
12085,15287.99104,2,73117910.7072,0.0235826828118917
12086,15288.01104,1,73117930.7136,0.0200391337308173
12087,15288.03104,2,73117950.6944,0.0236154649947753
12088,15288.05104,1,73117970.7136,0.0200278648554511
12089,15288.07104,2,73117990.784,0.0236175138812056
12090,15288.09104,1,73118010.688,0.0200258159690208
12091,15288.11104,2,73118030.7072,0.0235683406068802
12092,15288.13104,1,73118050.7648,0.0200237670825906
12093,15288.15104,2,73118070.7968,0.0235662917204499
12094,15288.17104,1,73118090.8288,0.0200401581740324
12095,15288.19104,2,73118110.7072,0.0235560472882988
12096,15288.21104,1,73118131.2768,0.0199797160243408
12097,15288.23104,2,73118150.7072,0.0235714139365255
12098,15288.25104,1,73118170.688,0.0200104493207941
12099,15288.27104,2,73118190.6816,0.0236052205626242
12100,15288.29104,1,73118210.688,0.020009424877579
12101,15288.31104,2,73118230.6816,0.0235478517425779
12102,15288.33104,1,73118250.7264,0.0199879115700617
12103,15288.35104,2,73118270.7456,0.023630831643002
12104,15288.37104,1,73118290.7264,0.0200401581740324
12105,15288.39104,2,73118310.7456,0.0236441494047985
12106,15288.41104,1,73118330.7392,0.0199838137972012
12107,15288.43104,2,73118350.7456,0.0236564427233798
12108,15288.45104,1,73118370.7264,0.019972544921835
12109,15288.47104,2,73118390.7712,0.0236195627676358
12110,15288.49104,1,73118410.7392,0.0199592271600385
12111,15288.51104,2,73118430.7328,0.0235919028008277
12112,15288.53104,1,73118450.7392,0.0200237670825906
12113,15288.55104,2,73118471.1552,0.0236810293605425
12114,15288.57104,1,73118490.8032,0.0200043026615035
12115,15288.59104,2,73118510.8224,0.0236390271887229
12116,15288.61104,1,73118530.752,0.019981764910771
12117,15288.63104,2,73118550.8352,0.0236994693384146
12118,15288.65104,1,73118570.7392,0.0199950826725675
12119,15288.67104,2,73118590.7456,0.0236062450058393
12120,15288.69104,1,73118610.8672,0.0200616714815498
12121,15288.71104,2,73118630.7456,0.0236000983465487
12122,15288.73104,1,73118650.7648,0.0200145470936546
12123,15288.75104,2,73118670.784,0.0235755117093859
12124,15288.77104,1,73118690.7776,0.0199674227057594
12125,15288.79104,2,73118710.784,0.0235601450611593
12126,15288.81104,1,73118730.7648,0.0200340115147417
12127,15288.83104,2,73118750.7968,0.0235427295265023
12128,15288.85104,1,73118770.7776,0.019981764910771
12129,15288.87104,2,73118790.7712,0.0236103427786998
12130,15288.89104,1,73118810.7904,0.020026840412236
12131,15288.91104,2,73118830.7968,0.0236134161083451
12132,15288.93104,1,73118850.7776,0.0200422070604626
12133,15288.95104,2,73118870.8224,0.0235837072551069
12134,15288.97104,1,73118890.8288,0.0199879115700617
12135,15288.99104,2,73118910.784,0.0235755117093859
12136,15289.01104,1,73118930.8032,0.0199571782736083
12137,15289.03104,2,73118950.8608,0.0236113672219149
12138,15289.05104,1,73118970.7904,0.0200176204232999
12139,15289.07104,2,73118990.7968,0.0236533693937345
12140,15289.09104,1,73119010.816,0.0200258159690208
12141,15289.11104,2,73119030.7968,0.0235755117093859
12142,15289.13104,1,73119050.8544,0.0200227426393755
12143,15289.15104,2,73119070.8224,0.0235919028008277
12144,15289.17104,1,73119090.8672,0.020018644866515
12145,15289.19104,2,73119111.0784,0.0235980494601184
12146,15289.21104,1,73119130.816,0.0200473292765382
12147,15289.23104,2,73119150.8992,0.0235550228450837
12148,15289.25104,1,73119170.816,0.0200278648554511
12149,15289.27104,2,73119190.8992,0.0236093183354847
12150,15289.29104,1,73119210.8288,0.0200073759911488
12151,15289.31104,2,73119230.8224,0.0235806339254615
12152,15289.33104,1,73119250.88,0.0199223472042945
12153,15289.35104,2,73119270.8864,0.0235499006290081
12154,15289.37104,1,73119290.8288,0.0200493781629684
12155,15289.39104,2,73119310.8224,0.0235621939475895
12156,15289.41104,1,73119330.8544,0.020045280390108
12157,15289.43104,2,73119350.8608,0.0236339049726474
12158,15289.45104,1,73119370.8416,0.0200463048333231
12159,15289.47104,2,73119390.848,0.0236994693384146
12160,15289.49104,1,73119410.8672,0.0200596225951196
12161,15289.51104,2,73119430.8608,0.0238664535824779
12162,15289.53104,1,73119450.9184,0.0201026492101543
12163,15289.55104,2,73119470.8608,0.0238459647181757
12164,15289.57104,1,73119490.8672,0.0201415780523286
12165,15289.59104,2,73119511.0016,0.0237906447845596
12166,15289.61104,1,73119530.8928,0.0201477247116192
12167,15289.63104,2,73119550.9632,0.0237916692277747
12168,15289.65104,1,73119570.8928,0.0201610424734157
12169,15289.67104,2,73119590.976,0.0238428913885303
12170,15289.69104,1,73119610.9568,0.020164115803061
12171,15289.71104,2,73119630.8608,0.0238633802528326
12172,15289.73104,1,73119650.944,0.0201825557809331
12173,15289.75104,2,73119670.8608,0.0237998647734956
12174,15289.77104,1,73119690.9568,0.0201948490995144
12175,15289.79104,2,73119710.9248,0.0238418669453152
12176,15289.81104,1,73119730.8672,0.0201016247669392
12177,15289.83104,2,73119750.8992,0.0238131825352921
12178,15289.85104,1,73119771.0208,0.0200995758805089
12179,15289.87104,2,73119791.1808,0.0237004937816297
12180,15289.89104,1,73119810.9056,0.020173335791997
12181,15289.91104,2,73119830.8864,0.0237896203413445
12182,15289.93104,1,73119850.9568,0.020154895814125
12183,15289.95104,2,73119870.912,0.0237691314770422
12184,15289.97104,1,73119890.9184,0.0201610424734157
12185,15289.99104,2,73119910.976,0.0237711803634725
12186,15290.01104,1,73119930.9056,0.0202132890773864
12187,15290.03104,2,73119950.9504,0.0237701559202573
12188,15290.05104,1,73119971.0592,0.0201507980412646
12189,15290.07104,2,73119990.9248,0.0237066404409204
12190,15290.09104,1,73120010.9312,0.0202317290552585
12191,15290.11104,2,73120030.9376,0.0237424959534493
12192,15290.13104,1,73120050.9312,0.0202225090663225
12193,15290.15104,2,73120070.9248,0.0237383981805888
12194,15290.17104,1,73120091.0208,0.0201098203126601
12195,15290.19104,2,73120111.0912,0.0237496670559551
12196,15290.21104,1,73120131.0208,0.0201221136312414
12197,15290.23104,2,73120150.976,0.0237558137152458
12198,15290.25104,1,73120170.944,0.0200872825619276
12199,15290.27104,2,73120191.1168,0.0237363492941586
12200,15290.29104,1,73120211.0208,0.0201282602905321
12201,15290.31104,2,73120230.9632,0.0236697604851763
12202,15290.33104,1,73120251.0336,0.0201538713709099
12203,15290.35104,2,73120270.976,0.0236933226791239
12204,15290.37104,1,73120290.9824,0.0201815313377179
12205,15290.39104,2,73120311.0144,0.0237435203966644
12206,15290.41104,1,73120331.0336,0.0201559202573401
12207,15290.43104,2,73120351.0144,0.0237312270780831
12208,15290.45104,1,73120371.008,0.0200944536644334
12209,15290.47104,2,73120391.0016,0.0237978158870654
12210,15290.49104,1,73120410.9696,0.0201682135759215
12211,15290.51104,2,73120431.0016,0.02379474255742
12212,15290.53104,1,73120451.072,0.020190751326654
12213,15290.55104,2,73120471.0272,0.0237814247956236
12214,15290.57104,1,73120491.0336,0.0201036736533694
12215,15290.59104,2,73120511.0144,0.0237332759645133
12216,15290.61104,1,73120530.9824,0.0201077714262298
12217,15290.63104,2,73120551.0144,0.0237322515212982
12218,15290.65104,1,73120570.9952,0.0200954781076485
12219,15290.67104,2,73120591.0656,0.0237568381584609
12220,15290.69104,1,73120611.072,0.0201518224844797
12221,15290.71104,2,73120631.0144,0.0238162558649374
12222,15290.73104,1,73120651.008,0.0201467002684041
12223,15290.75104,2,73120671.0016,0.0238203536377979
12224,15290.77104,1,73120691.0848,0.0200555248222591
12225,15290.79104,2,73120711.1808,0.0238101092056467
12226,15290.81104,1,73120731.1488,0.0201610424734157
12227,15290.83104,2,73120751.0784,0.0237783514659782
12228,15290.85104,1,73120771.0464,0.0201968979859446
12229,15290.87104,2,73120791.0656,0.0237322515212982
12230,15290.89104,1,73120811.0976,0.0201231380744565
12231,15290.91104,2,73120831.0528,0.02374864261274
12232,15290.93104,1,73120851.0208,0.0201354313930379
12233,15290.95104,2,73120871.0656,0.0237271293052226
12234,15290.97104,1,73120891.0592,0.0200934292212183
12235,15290.99104,2,73120911.0784,0.0237281537484377
12236,15291.01104,1,73120931.072,0.0200903558915729
12237,15291.03104,2,73120951.0528,0.0237240559755773
12238,15291.05104,1,73120971.0848,0.020154895814125
12239,15291.07104,2,73120991.1296,0.0237527403856004
12240,15291.09104,1,73121011.1232,0.0201108447558752
12241,15291.11104,2,73121031.0784,0.023849038047821
12242,15291.13104,1,73121051.0592,0.020136455836253
12243,15291.15104,2,73121071.0656,0.0237619603745364
12244,15291.17104,1,73121091.0976,0.0201128936423054
12245,15291.19104,2,73121111.1552,0.0236451738480136
12246,15291.21104,1,73121131.0848,0.0201057225397996
12247,15291.23104,2,73121151.1296,0.0237322515212982
12248,15291.25104,1,73121171.0848,0.0200842092322823
12249,15291.27104,2,73121191.1296,0.0236789804741123
12250,15291.29104,1,73121211.2128,0.0200678181408405
12251,15291.31104,2,73121231.0528,0.0236564427233798
12252,15291.33104,1,73121251.1104,0.0201169914151659
12253,15291.35104,2,73121271.1424,0.023712787100211
12254,15291.37104,1,73121291.136,0.0201385047226832
12255,15291.39104,2,73121311.1296,0.0237547892720306
12256,15291.41104,1,73121331.0976,0.0201784580080726
12257,15291.43104,2,73121351.1552,0.0237783514659782
12258,15291.45104,1,73121371.0976,0.020145675825189
12259,15291.47104,2,73121391.1424,0.0238285491835188
12260,15291.49104,1,73121411.136,0.0201303091769623
12261,15291.51104,2,73121431.0912,0.0238162558649374
12262,15291.53104,1,73121451.1104,0.0201600180302006
12263,15291.55104,2,73121471.1552,0.0238828446739197
12264,15291.57104,1,73121491.136,0.0201354313930379
12265,15291.59104,2,73121511.1168,0.0238387936156699
12266,15291.61104,1,73121531.1872,0.0202296801688282
12267,15291.63104,2,73121551.1424,0.0237732292499027
12268,15291.65104,1,73121571.2384,0.0201825557809331
12269,15291.67104,2,73121591.232,0.0237875714549143
12270,15291.69104,1,73121611.3024,0.0202470957034852
12271,15291.71104,2,73121631.1424,0.0238746491281988
12272,15291.73104,1,73121651.1872,0.0201825557809331
12273,15291.75104,2,73121671.1936,0.0238387936156699
12274,15291.77104,1,73121691.136,0.0201446513819739
12275,15291.79104,2,73121711.2448,0.0238244514106583
12276,15291.81104,1,73121731.136,0.0201477247116192
12277,15291.83104,2,73121751.1808,0.0238357202860245
12278,15291.85104,1,73121771.2256,0.0201344069498228
12279,15291.87104,2,73121791.3088,0.0237732292499027
12280,15291.89104,1,73121811.2128,0.0201897268834389
12281,15291.91104,2,73121831.2192,0.0237373737373737
12282,15291.93104,1,73121851.2,0.0201354313930379
12283,15291.95104,2,73121871.2064,0.0237691314770422
12284,15291.97104,1,73121891.2512,0.0201589935869855
12285,15291.99104,2,73121911.36,0.0237220070891471
12286,15292.01104,1,73121931.1872,0.0201579691437704
12287,15292.03104,2,73121951.2448,0.0238142069785072
12288,15292.05104,1,73121971.2,0.0201446513819739
12289,15292.07104,2,73121991.232,0.0238613313664024
12290,15292.09104,1,73122011.1616,0.0201825557809331
12291,15292.11104,2,73122031.1936,0.0238070358760014
12292,15292.13104,1,73122051.2128,0.0201630913598459
12293,15292.15104,2,73122071.232,0.0238531358206815
12294,15292.17104,1,73122091.1872,0.020190751326654
12295,15292.19104,2,73122111.2064,0.0237844981252689
12296,15292.21104,1,73122131.2,0.0202132890773864
12297,15292.23104,2,73122151.168,0.0237230315323622
12298,15292.25104,1,73122171.1872,0.0201016247669392
12299,15292.27104,2,73122191.2832,0.0237271293052226
12300,15292.29104,1,73122211.2256,0.0201702624623517
12301,15292.31104,2,73122231.2192,0.0237814247956236
12302,15292.33104,1,73122251.2768,0.0200965025508636
12303,15292.35104,2,73122271.2704,0.0237117626569959
12304,15292.37104,1,73122291.2768,0.0201569447005552
12305,15292.39104,2,73122311.232,0.0237476181695249
12306,15292.41104,1,73122331.2256,0.0201846046673633
12307,15292.43104,2,73122351.2448,0.0237465937263097
12308,15292.45104,1,73122371.2384,0.0201262114041019
12309,15292.47104,2,73122391.296,0.0237312270780831
12310,15292.49104,1,73122411.264,0.020190751326654
12311,15292.51104,2,73122431.2576,0.0237322515212982
12312,15292.53104,1,73122451.2384,0.0201395291658983
12313,15292.55104,2,73122471.2576,0.023739422623804
12314,15292.57104,1,73122491.2896,0.0201426024955437
12315,15292.59104,2,73122511.3728,0.0237066404409204
12316,15292.61104,1,73122531.2256,0.0201241625176716
12317,15292.63104,2,73122551.296,0.0236431249615834
12318,15292.65104,1,73122571.264,0.020173335791997
12319,15292.67104,2,73122591.3344,0.0236328805294323
12320,15292.69104,1,73122611.3152,0.0201077714262298
12321,15292.71104,2,73122631.4368,0.0236144405515602
12322,15292.73104,1,73122651.264,0.0200698670272707
12323,15292.75104,2,73122671.3344,0.0237896203413445
12324,15292.77104,1,73122691.264,0.0200350359579568
12325,15292.79104,2,73122711.36,0.0236359538590776
12326,15292.81104,1,73122731.3152,0.0200411826172475
12327,15292.83104,2,73122751.3344,0.023621611654066
12328,15292.85104,1,73122771.3024,0.0199684471489745
12329,15292.87104,2,73122791.4624,0.0235560472882988
12330,15292.89104,1,73122811.3792,0.0200473292765382
12331,15292.91104,2,73122831.3088,0.0235744872661708
12332,15292.93104,1,73122851.3024,0.0200575737086893
12333,15292.95104,2,73122871.3728,0.0235560472882988
12334,15292.97104,1,73122891.3024,0.0199950826725675
12335,15292.99104,2,73122911.3344,0.0235898539143975
12336,15293.011072,1,73122931.2896,0.0199571782736083
12337,15293.031072,2,73122951.3216,0.0235150695596943
12338,15293.051072,1,73122971.3536,0.0200575737086893
12339,15293.071072,2,73122991.3856,0.0235744872661708
12340,15293.091072,1,73123011.3024,0.0200760136865614
12341,15293.111072,2,73123031.3472,0.0236390271887229
12342,15293.131072,1,73123051.3024,0.0200319626283115
12343,15293.151072,2,73123071.4368,0.0235458028561477
12344,15293.171072,1,73123091.3664,0.0199766426946954
12345,15293.191072,2,73123111.424,0.0235324850943512
12346,15293.211072,1,73123131.456,0.020000204888643
12347,15293.231072,2,73123151.424,0.0236431249615834
12348,15293.251072,1,73123171.3664,0.0200616714815498
12349,15293.271072,2,73123191.4752,0.0236461982912287
12350,15293.291072,1,73123211.3408,0.0200770381297765
12351,15293.311072,2,73123231.3344,0.0236707849283914
12352,15293.331072,1,73123251.3664,0.0199623004896839
12353,15293.351072,2,73123271.4624,0.0235888294711824
12354,15293.371072,1,73123291.4432,0.0199838137972012
12355,15293.391072,2,73123311.4496,0.0236748827012519
12356,15293.411072,1,73123331.4048,0.0199623004896839
12357,15293.431072,2,73123351.3472,0.0237281537484377
12358,15293.451072,1,73123371.4048,0.0200504026061835
12359,15293.471072,2,73123391.3728,0.0236953715655541
12360,15293.491072,1,73123411.392,0.0200442559468929
12361,15293.511072,2,73123431.3984,0.0236421005183683
12362,15293.531072,1,73123451.3664,0.0199971315589977
12363,15293.551072,2,73123471.4368,0.0236882004630483
12364,15293.571072,1,73123491.4048,0.0200247915258057
12365,15293.591072,2,73123511.3856,0.0237220070891471
12366,15293.611072,1,73123531.4176,0.0199704960354048
12367,15293.631072,2,73123551.424,0.0236800049173274
12368,15293.651072,1,73123571.4304,0.0200893314483578
12369,15293.671072,2,73123591.3728,0.0237025426680599
12370,15293.691072,1,73123611.4176,0.0199899604564919
12371,15293.711072,2,73123631.36,0.0236472227344438
12372,15293.731072,1,73123651.3792,0.0200237670825906
12373,15293.751072,2,73123671.3984,0.0237353248509435
12374,15293.771072,1,73123691.52,0.0200504026061835
12375,15293.791072,2,73123711.3856,0.0236451738480136
12376,15293.811072,1,73123731.4176,0.0200688425840556
12377,15293.831072,2,73123751.4624,0.0237650337041818
12378,15293.851072,1,73123771.4176,0.0200329870715266
12379,15293.871072,2,73123791.3984,0.023694347122339
12380,15293.891072,1,73123811.4048,0.0200893314483578
12381,15293.911072,2,73123831.4624,0.0236861515766181
12382,15293.931072,1,73123851.4176,0.0200555248222591
12383,15293.951072,2,73123871.4112,0.0236984448951995
12384,15293.971072,1,73123891.4432,0.0200688425840556
12385,15293.991072,2,73123911.4496,0.023703567111275
12386,15294.011072,1,73123931.4944,0.0200217181961604
12387,15294.031072,2,73123951.4496,0.0237261048620075
12388,15294.051072,1,73123971.5072,0.0200749892433462
12389,15294.071072,2,73123991.4496,0.0237404470670191
12390,15294.091072,1,73124011.5072,0.0200565492654742
12391,15294.111072,2,73124031.4496,0.0237148359866413
12392,15294.131072,1,73124051.456,0.0200032782182884
12393,15294.151072,2,73124071.4496,0.0236769315876821
12394,15294.171072,1,73124091.5328,0.0200975269940787
12395,15294.191072,2,73124111.4496,0.0236533693937345
12396,15294.211072,1,73124131.392,0.0201108447558752
12397,15294.231072,2,73124151.4496,0.0236779560308972
12398,15294.251072,1,73124171.4432,0.0200852336754974
12399,15294.271072,2,73124191.4368,0.0237271293052226
12400,15294.291072,1,73124211.5072,0.0199920093429221
12401,15294.311072,2,73124231.5136,0.0236113672219149
12402,15294.331072,1,73124251.5328,0.0200514270493987
12403,15294.351072,2,73124271.5136,0.0235703894933104
12404,15294.371072,1,73124291.4944,0.0200319626283115
12405,15294.391072,2,73124311.488,0.0236584916098101
12406,15294.411072,1,73124331.4816,0.0200493781629684
12407,15294.431072,2,73124351.4368,0.0236011227897638
12408,15294.451072,1,73124371.4816,0.0201200647448112
12409,15294.471072,2,73124391.5264,0.0236482471776589
12410,15294.491072,1,73124411.5072,0.0200719159137009
12411,15294.511072,2,73124431.5136,0.0236830782469728
12412,15294.531072,1,73124451.4432,0.0200463048333231
12413,15294.551072,2,73124471.5008,0.0236513205073043
12414,15294.571072,1,73124491.5456,0.0199756182514803
12415,15294.591072,2,73124511.5136,0.0236810293605425
12416,15294.611072,1,73124531.5584,0.0200555248222591
12417,15294.631072,2,73124551.488,0.0236605404962403
12418,15294.651072,1,73124571.5456,0.0200678181408405
12419,15294.671072,2,73124591.5136,0.0237086893273506
12420,15294.691072,1,73124611.5584,0.0200401581740324
12421,15294.711072,2,73124631.5392,0.0236882004630483
12422,15294.731072,1,73124651.5072,0.02006372036798
12423,15294.751072,2,73124671.4624,0.0237261048620075
12424,15294.771072,1,73124691.4816,0.0200022537750732
12425,15294.791072,2,73124711.5648,0.0236718093716065
12426,15294.811072,1,73124731.648,0.0200616714815498
12427,15294.831072,2,73124751.5264,0.0236687360419612
12428,15294.851072,1,73124771.5712,0.0200165959800848
12429,15294.871072,2,73124791.5904,0.0236349294158625
12430,15294.891072,1,73124811.584,0.0199991804454279
12431,15294.911072,2,73124831.5008,0.0236359538590776
12432,15294.931072,1,73124851.5328,0.0199991804454279
12433,15294.951072,2,73124871.5776,0.0236021472329789
12434,15294.971072,1,73124891.6736,0.0199694715921896
12435,15294.991072,2,73124911.6288,0.0235990739033335
12436,15295.011072,1,73124931.5328,0.0200667936976253
12437,15295.031072,2,73124951.5776,0.0236236605404962
12438,15295.051072,1,73124971.5968,0.0200288892986662
12439,15295.071072,2,73124991.744,0.0235406806400721
12440,15295.091072,1,73125011.584,0.020026840412236
12441,15295.111072,2,73125031.552,0.0236205872108509
12442,15295.131072,1,73125051.5584,0.0199745938082652
12443,15295.151072,2,73125071.5904,0.0236451738480136
12444,15295.171072,1,73125091.6096,0.020009424877579
12445,15295.191072,2,73125111.6544,0.0235949761304731
12446,15295.211072,1,73125131.584,0.0200124982072244
12447,15295.231072,2,73125151.616,0.0235898539143975
12448,15295.251072,1,73125171.5584,0.0199991804454279
12449,15295.271072,2,73125191.5776,0.0236349294158625
12450,15295.291072,1,73125211.6224,0.0200217181961604
12451,15295.311072,2,73125231.5776,0.0235529739586535
12452,15295.331072,1,73125251.6096,0.0200084004343639
12453,15295.351072,2,73125271.6544,0.0236359538590776
12454,15295.371072,1,73125291.6224,0.0200852336754974
12455,15295.391072,2,73125311.6416,0.02361239166513
12456,15295.411072,1,73125331.648,0.0201046980965845
12457,15295.431072,2,73125351.5904,0.0236451738480136
12458,15295.451072,1,73125371.5968,0.0200196693097302
12459,15295.471072,2,73125391.6288,0.0236492716208741
12460,15295.491072,1,73125411.6224,0.0199776671379105
12461,15295.511072,2,73125431.6672,0.0236000983465487
12462,15295.531072,1,73125451.648,0.0200606470383347
12463,15295.551072,2,73125471.6288,0.0236994693384146
12464,15295.571072,1,73125491.648,0.0200524514926138
12465,15295.591072,2,73125511.6672,0.0236236605404962
12466,15295.611072,1,73125531.648,0.0200155715368697
12467,15295.631072,2,73125551.616,0.0235734628229557
12468,15295.651072,1,73125571.6224,0.0200391337308173
12469,15295.671072,2,73125591.6544,0.0236646382691007
12470,15295.691072,1,73125611.7504,0.0200739648001311
12471,15295.711072,2,73125631.6544,0.0236656627123159
12472,15295.731072,1,73125651.648,0.020009424877579
12473,15295.751072,2,73125671.6416,0.0236164894379905
12474,15295.771072,1,73125691.6224,0.0200176204232999
12475,15295.791072,2,73125711.6544,0.0236974204519843
12476,15295.811072,1,73125731.6352,0.0200145470936546
12477,15295.831072,2,73125751.616,0.0236779560308972
12478,15295.851072,1,73125771.7888,0.0200084004343639
12479,15295.871072,2,73125791.8592,0.0236175138812056
12480,15295.891072,1,73125811.6608,0.0200432315036778
12481,15295.911072,2,73125831.6672,0.0236185383244207
12482,15295.931072,1,73125851.648,0.0199704960354048
12483,15295.951072,2,73125871.68,0.0236564427233798
12484,15295.971072,1,73125891.6992,0.0200667936976253
12485,15295.991072,2,73125911.6544,0.0236625893826705
12486,15296.011072,1,73125931.7248,0.020072940356916
12487,15296.031072,2,73125951.6672,0.0236410760751532
12488,15296.051072,1,73125971.648,0.0199950826725675
12489,15296.071072,2,73125991.7056,0.023685127133403
12490,15296.091072,1,73126011.712,0.0200176204232999
12491,15296.111072,2,73126031.7184,0.0236718093716065
12492,15296.131072,1,73126051.712,0.0199694715921896
12493,15296.151072,2,73126071.6928,0.0236482471776589
12494,15296.171072,1,73126091.6992,0.0199674227057594
12495,15296.191072,2,73126111.68,0.0235806339254615
12496,15296.211072,1,73126131.7504,0.0200596225951196
12497,15296.231072,2,73126151.7184,0.0236246849837114
12498,15296.251072,1,73126171.712,0.0200422070604626
12499,15296.271072,2,73126191.8208,0.0236154649947753
12500,15296.291072,1,73126211.712,0.0199940582293523
12501,15296.311072,2,73126231.6544,0.0236246849837114
12502,15296.331072,1,73126251.6992,0.0200739648001311
12503,15296.351072,2,73126271.7184,0.0236410760751532
12504,15296.371072,1,73126291.7248,0.0199838137972012
12505,15296.391072,2,73126311.7312,0.0236144405515602
12506,15296.411072,1,73126331.6608,0.0199930337861372
12507,15296.431072,2,73126351.6928,0.0236093183354847
12508,15296.451072,1,73126371.7376,0.0200514270493987
12509,15296.471072,2,73126391.7184,0.0236041961194091
12510,15296.491072,1,73126411.6864,0.0200626959247649
12511,15296.511072,2,73126431.7568,0.0236431249615834
12512,15296.531072,1,73126451.7376,0.0200145470936546
12513,15296.551072,2,73126471.8208,0.0236134161083451
12514,15296.571072,1,73126491.7632,0.020026840412236
12515,15296.591072,2,73126511.7568,0.0236226360972811
12516,15296.611072,1,73126531.7248,0.0199889360132768
12517,15296.631072,2,73126551.7568,0.0236164894379905
12518,15296.651072,1,73126571.776,0.0199971315589977
12519,15296.671072,2,73126591.7824,0.0235929272440429
12520,15296.691072,1,73126611.8144,0.0200155715368697
12521,15296.711072,2,73126631.7824,0.0235960005736882
12522,15296.731072,1,73126651.8272,0.0200073759911488
12523,15296.751072,2,73126671.7824,0.0235775605958162
12524,15296.771072,1,73126691.9808,0.0200596225951196
12525,15296.791072,2,73126711.7568,0.0235642428340197
12526,15296.811072,1,73126731.7504,0.0200534759358289
12527,15296.831072,2,73126751.7824,0.0235345339807814
12528,15296.851072,1,73126771.7632,0.0200985514372938
12529,15296.871072,2,73126791.7696,0.0236287827565718
12530,15296.891072,1,73126811.8144,0.0200708914704858
12531,15296.911072,2,73126831.7312,0.0235796094822464
12532,15296.931072,1,73126851.6992,0.0200176204232999
12533,15296.951072,2,73126871.7824,0.0235570717315139
12534,15296.971072,1,73126891.7888,0.0199981560022128
12535,15296.991072,2,73126911.7952,0.0235837072551069
12536,15297.011072,1,73126931.776,0.0199592271600385
12537,15297.031072,2,73126951.7568,0.0235703894933104
12538,15297.051072,1,73126971.7632,0.0199653738193292
12539,15297.071072,2,73126991.744,0.0235662917204499
12540,15297.091072,1,73127011.7888,0.0199223472042945
12541,15297.111072,2,73127031.8336,0.023621611654066
12542,15297.131072,1,73127051.84,0.0200217181961604
12543,15297.151072,2,73127071.7696,0.0236318560862171
12544,15297.171072,1,73127091.8144,0.0199592271600385
12545,15297.191072,2,73127111.8336,0.0235837072551069
12546,15297.211072,1,73127131.8784,0.0199838137972012
12547,15297.231072,2,73127151.8208,0.0236339049726474
12548,15297.251072,1,73127171.84,0.020000204888643
12549,15297.271072,2,73127191.8848,0.0236144405515602
12550,15297.291072,1,73127211.8784,0.0200053271047186
12551,15297.311072,2,73127231.8336,0.0236687360419612
12552,15297.331072,1,73127251.8016,0.0199991804454279
12553,15297.351072,2,73127271.8592,0.0235980494601184
12554,15297.371072,1,73127291.7888,0.020009424877579
12555,15297.391072,2,73127311.8464,0.0236564427233798
12556,15297.411072,1,73127331.8272,0.0199920093429221
12557,15297.431072,2,73127351.808,0.0236246849837114
12558,15297.451072,1,73127371.8272,0.0199479582846723
12559,15297.471072,2,73127391.8464,0.0236359538590776
12560,15297.491072,1,73127411.84,0.0199715204786199
12561,15297.511072,2,73127431.8976,0.0235867805847522
12562,15297.531072,1,73127451.8272,0.0200350359579568
12563,15297.551072,2,73127471.8848,0.0235458028561477
12564,15297.571072,1,73127491.8272,0.0200278648554511
12565,15297.591072,2,73127511.8464,0.0235878050279673
12566,15297.611072,1,73127531.904,0.0199858626836314
12567,15297.631072,2,73127551.872,0.0235652672772348
12568,15297.651072,1,73127571.8784,0.0200350359579568
12569,15297.671072,2,73127591.8848,0.0235755117093859
12570,15297.691072,1,73127611.8656,0.0199981560022128
12571,15297.711072,2,73127631.8976,0.0236103427786998
12572,15297.731072,1,73127651.8656,0.0199807404675559
12573,15297.751072,2,73127671.8976,0.0236236605404962
12574,15297.771072,1,73127691.8912,0.0199868871268466
12575,15297.791072,2,73127711.9104,0.0236677115987461
12576,15297.811072,1,73127731.8912,0.0199571782736083
12577,15297.831072,2,73127751.872,0.0237097137705657
12578,15297.851072,1,73127771.9424,0.019972544921835
12579,15297.871072,2,73127791.8592,0.0236922982359088
12580,15297.891072,1,73127811.904,0.020000204888643
12581,15297.911072,2,73127831.8848,0.0236318560862171
12582,15297.931072,1,73127851.84,0.019981764910771
12583,15297.951072,2,73127871.9744,0.0236257094269265
12584,15297.971072,1,73127891.904,0.0200176204232999
12585,15297.991072,2,73127911.8976,0.0236605404962403
12586,15298.011072,1,73127931.9168,0.0200340115147417
12587,15298.031072,2,73127951.9232,0.0235919028008277
12588,15298.051072,1,73127972.0576,0.0199868871268466
12589,15298.071072,2,73127991.9104,0.0236134161083451
12590,15298.091072,1,73128011.9168,0.0199663982625443
12591,15298.111072,2,73128031.936,0.0236205872108509
12592,15298.131072,1,73128051.904,0.0200206937529453
12593,15298.151072,2,73128071.9104,0.0236164894379905
12594,15298.171072,1,73128091.9296,0.0199868871268466
12595,15298.191072,2,73128111.9488,0.0236246849837114
12596,15298.211072,1,73128131.9296,0.0199397627389514
12597,15298.231072,2,73128151.8976,0.0235570717315139
12598,15298.251072,1,73128171.8656,0.0199264449771549
12599,15298.271072,2,73128191.9104,0.0236595160530252
12600,15298.291072,1,73128211.904,0.0199950826725675
12601,15298.311072,2,73128231.9232,0.0236472227344438
12602,15298.331072,1,73128251.9424,0.0200227426393755
12603,15298.351072,2,73128271.9872,0.0236093183354847
12604,15298.371072,1,73128291.9168,0.0200483537197533
12605,15298.391072,2,73128312,0.0237527403856004
12606,15298.411072,1,73128331.9296,0.0200309381850964
12607,15298.431072,2,73128351.8976,0.0236257094269265
12608,15298.451072,1,73128371.9808,0.0200299137418813
12609,15298.471072,2,73128392,0.0235744872661708
12610,15298.491072,1,73128411.9936,0.0199950826725675
12611,15298.511072,2,73128432.0128,0.0236062450058393
12612,15298.531072,1,73128451.904,0.0200114737640093
12613,15298.551072,2,73128471.9616,0.0235263384350605
12614,15298.571072,1,73128491.9424,0.0200237670825906
12615,15298.591072,2,73128512.0128,0.0235468272993628
12616,15298.611072,1,73128531.968,0.0199418116253816
12617,15298.631072,2,73128551.9488,0.023603171676194
12618,15298.651072,1,73128571.968,0.020036060401172
12619,15298.671072,2,73128591.936,0.0236164894379905
12620,15298.691072,1,73128612.0448,0.0199766426946954
12621,15298.711072,2,73128632,0.0236349294158625
12622,15298.731072,1,73128651.9552,0.0200012293318581
12623,15298.751072,2,73128671.9616,0.0235703894933104
12624,15298.771072,1,73128691.9936,0.0199868871268466
12625,15298.791072,2,73128712.0256,0.0235949761304731
12626,15298.811072,1,73128732.0064,0.019990984899707
12627,15298.831072,2,73128751.9616,0.0235314606511361
12628,15298.851072,1,73128771.9808,0.0200155715368697
12629,15298.871072,2,73128791.9872,0.0235806339254615
12630,15298.891072,1,73128811.9936,0.0200053271047186
12631,15298.911072,2,73128831.9872,0.0236246849837114
12632,15298.931072,1,73128851.9552,0.0200391337308173
12633,15298.951072,2,73128872.0256,0.0236349294158625
12634,15298.971072,1,73128892.1728,0.0200032782182884
12635,15298.991072,2,73128912.0384,0.0236502960640892
12636,15299.011072,1,73128932.0064,0.0200258159690208
12637,15299.031072,2,73128952,0.023603171676194
12638,15299.051072,1,73128972.3776,0.0200114737640093
12639,15299.071072,2,73128992.0128,0.0235857561415371
12640,15299.091072,1,73129011.9936,0.0200176204232999
12641,15299.111072,2,73129032.064,0.0235826828118917
12642,15299.131072,1,73129052.0064,0.0200483537197533
12643,15299.151072,2,73129072.064,0.0236134161083451
12644,15299.171072,1,73129092.0832,0.0200114737640093
12645,15299.191072,2,73129112.0128,0.0236441494047985
12646,15299.211072,1,73129132.0576,0.0199254205339398
12647,15299.231072,2,73129152.1536,0.0236728338148216
12648,15299.251072,1,73129172.0832,0.0200340115147417
12649,15299.271072,2,73129192.064,0.0236523449505194
12650,15299.291072,1,73129212.0448,0.0200401581740324
12651,15299.311072,2,73129232.0256,0.0236861515766181
12652,15299.331072,1,73129252.0064,0.0200053271047186
12653,15299.351072,2,73129272.064,0.0236841026901879
12654,15299.371072,1,73129292.032,0.0200124982072244
12655,15299.391072,2,73129312.064,0.0237373737373737
12656,15299.411072,1,73129332.1344,0.0200463048333231
12657,15299.431072,2,73129352.0384,0.0237629848177516
12658,15299.451072,1,73129372.0448,0.0200493781629684
12659,15299.471072,2,73129392.0512,0.0236451738480136
12660,15299.491072,1,73129412.096,0.0200667936976253
12661,15299.511072,2,73129432.0384,0.0236728338148216
12662,15299.531072,1,73129452.0832,0.0200309381850964
12663,15299.551072,2,73129472.1408,0.0236820538037577
12664,15299.571072,1,73129492.0576,0.0199920093429221
12665,15299.591072,2,73129512.256,0.023603171676194
12666,15299.611072,1,73129532.032,0.0199766426946954
12667,15299.631072,2,73129552.0896,0.0236185383244207
12668,15299.651072,1,73129572.0832,0.0200770381297765
12669,15299.671072,2,73129592.0896,0.0235919028008277
12670,15299.691072,1,73129612.1472,0.0200667936976253
12671,15299.711072,2,73129632.0768,0.0236800049173274
12672,15299.731072,1,73129652.1216,0.0199981560022128
12673,15299.751072,2,73129672.0512,0.0236779560308972
12674,15299.771072,1,73129692.1344,0.0199663982625443
12675,15299.791072,2,73129712.1024,0.0236523449505194
12676,15299.811072,1,73129732.0832,0.0200124982072244
12677,15299.831072,2,73129752.128,0.0236185383244207
12678,15299.851072,1,73129772.1344,0.0200012293318581
12679,15299.871072,2,73129792.064,0.0236769315876821
12680,15299.891072,1,73129812.1344,0.0199940582293523
12681,15299.911072,2,73129832.128,0.0236656627123159
12682,15299.931072,1,73129852.096,0.0199899604564919
12683,15299.951072,2,73129872.1152,0.0237015182248448
12684,15299.971072,1,73129892.1472,0.0200370848443871
12685,15299.991072,2,73129912.2304,0.0236636138258856
12686,15300.011072,1,73129932.1088,0.0199776671379105
12687,15300.031072,2,73129952.1664,0.0235621939475895
12688,15300.051072,1,73129972.1344,0.0200237670825906
12689,15300.071072,2,73129992.2176,0.0236472227344438
12690,15300.091072,1,73130012.16,0.0199623004896839
12691,15300.111072,2,73130032.1536,0.0236441494047985
12692,15300.131072,1,73130052.1344,0.0200463048333231
12693,15300.151072,2,73130072.1152,0.023630831643002
12694,15300.171072,1,73130092.1856,0.0200032782182884
12695,15300.191072,2,73130112.192,0.0235662917204499
12696,15300.211072,1,73130132.1728,0.0200319626283115
12697,15300.231072,2,73130152.1792,0.0235990739033335
12698,15300.251072,1,73130172.1984,0.0199950826725675
12699,15300.271072,2,73130192.1664,0.0236513205073043
12700,15300.291072,1,73130212.1856,0.0199592271600385
12701,15300.311072,2,73130232.1536,0.023630831643002
12702,15300.331072,1,73130252.16,0.0199469338414572
12703,15300.351072,2,73130272.2048,0.0236349294158625
12704,15300.371072,1,73130292.1856,0.0200043026615035
12705,15300.391072,2,73130312.192,0.0236533693937345
12706,15300.411072,1,73130332.1728,0.0199930337861372
12707,15300.431072,2,73130352.192,0.0236738582580368
12708,15300.451072,1,73130372.16,0.0199715204786199
12709,15300.471072,2,73130392.2176,0.0236830782469728
12710,15300.491072,1,73130412.1984,0.0201036736533694
12711,15300.511072,2,73130432.192,0.023675907144467
12712,15300.531072,1,73130452.2112,0.0200176204232999
12713,15300.551072,2,73130472.1536,0.0236800049173274
12714,15300.571072,1,73130492.1856,0.0200493781629684
12715,15300.591072,2,73130512.192,0.0236728338148216
12716,15300.611072,1,73130532.1984,0.0200073759911488
12717,15300.631072,2,73130552.1792,0.0236349294158625
12718,15300.651072,1,73130572.2112,0.0199428360685967
12719,15300.671072,2,73130592.2048,0.0236369783022927
12720,15300.691072,1,73130612.2112,0.0200555248222591
12721,15300.711072,2,73130632.2048,0.0236502960640892
12722,15300.731072,1,73130652.224,0.0199643493761141
12723,15300.751072,2,73130672.2304,0.0235960005736882
12724,15300.771072,1,73130692.2112,0.0199838137972012
12725,15300.791072,2,73130712.192,0.0236000983465487
12726,15300.811072,1,73130732.224,0.0200555248222591
12727,15300.831072,2,73130752.2816,0.0235765361526011
12728,15300.851072,1,73130772.2752,0.0200217181961604
12729,15300.871072,2,73130792.2048,0.0235683406068802
12730,15300.891072,1,73130812.2112,0.0200043026615035
12731,15300.911072,2,73130832.2176,0.0235929272440429
12732,15300.931072,1,73130852.2496,0.020009424877579
12733,15300.951072,2,73130872.2688,0.023675907144467
12734,15300.971072,1,73130892.3904,0.0200319626283115
12735,15300.991072,2,73130912.2688,0.0235898539143975
12736,15301.011072,1,73130932.2624,0.0199418116253816
12737,15301.031072,2,73130952.2688,0.0235826828118917
12738,15301.051072,1,73130972.2752,0.0199807404675559
12739,15301.071072,2,73130992.2816,0.0236554182801647
12740,15301.091072,1,73131012.2368,0.0200258159690208
12741,15301.111072,2,73131032.256,0.0235796094822464
12742,15301.131072,1,73131052.3008,0.0199838137972012
12743,15301.151072,2,73131072.2688,0.0236185383244207
12744,15301.171072,1,73131092.3008,0.0200299137418813
12745,15301.191072,2,73131112.256,0.0235734628229557
12746,15301.211072,1,73131132.2624,0.0200534759358289
12747,15301.231072,2,73131152.3072,0.0235744872661708
12748,15301.251072,1,73131172.2496,0.019990984899707
12749,15301.271072,2,73131192.3968,0.0235140451164792
12750,15301.291072,1,73131212.288,0.0200483537197533
12751,15301.311072,2,73131232.2688,0.0235406806400721
12752,15301.331072,1,73131252.416,0.0199971315589977
12753,15301.351072,2,73131272.2816,0.0235191673325548
12754,15301.371072,1,73131292.4928,0.0200073759911488
12755,15301.391072,2,73131312.32,0.0236277583133567
12756,15301.411072,1,73131332.3008,0.020009424877579
12757,15301.431072,2,73131352.2944,0.0236011227897638
12758,15301.451072,1,73131372.3008,0.0199807404675559
12759,15301.471072,2,73131392.3328,0.0236482471776589
12760,15301.491072,1,73131412.3136,0.0201006003237241
12761,15301.511072,2,73131432.2944,0.0235693650500953
12762,15301.531072,1,73131452.2496,0.0200463048333231
12763,15301.551072,2,73131472.32,0.0236175138812056
12764,15301.571072,1,73131492.2752,0.02006372036798
12765,15301.591072,2,73131512.2944,0.0235632183908046
12766,15301.611072,1,73131532.3776,0.0200176204232999
12767,15301.631072,2,73131552.3072,0.023621611654066
12768,15301.651072,1,73131572.3264,0.0200288892986662
12769,15301.671072,2,73131592.384,0.023539656196857
12770,15301.691072,1,73131612.3264,0.0200124982072244
12771,15301.711072,2,73131632.2816,0.0235857561415371
12772,15301.731072,1,73131652.3392,0.020045280390108
12773,15301.751072,2,73131672.2944,0.0235642428340197
12774,15301.771072,1,73131692.288,0.0199807404675559
12775,15301.791072,2,73131712.3072,0.0236164894379905
12776,15301.811072,1,73131732.4032,0.0199858626836314
12777,15301.831072,2,73131752.3712,0.023603171676194
12778,15301.851072,1,73131772.3392,0.0200145470936546
12779,15301.871072,2,73131792.3456,0.0236779560308972
12780,15301.891072,1,73131812.352,0.0200114737640093
12781,15301.911072,2,73131832.3456,0.0236000983465487
12782,15301.931072,1,73131852.416,0.0200114737640093
12783,15301.951072,2,73131872.3584,0.0235878050279673
12784,15301.971072,1,73131892.416,0.0200442559468929
12785,15301.991072,2,73131912.32,0.0236052205626242
12786,15302.011072,1,73131932.352,0.0199510316143176
12787,15302.031072,2,73131952.3712,0.0235529739586535
12788,15302.051072,1,73131972.3392,0.0200401581740324
12789,15302.071072,2,73131992.3712,0.0235775605958162
12790,15302.091072,1,73132012.352,0.0200340115147417
12791,15302.111072,2,73132032.384,0.0235867805847522
12792,15302.131072,1,73132052.352,0.0199899604564919
12793,15302.151072,2,73132072.4736,0.023593951687258
12794,15302.171072,1,73132092.5312,0.0199571782736083
12795,15302.191072,2,73132112.4224,0.0235509250722232
12796,15302.211072,1,73132132.4032,0.0200504026061835
12797,15302.231072,2,73132152.3968,0.0235857561415371
12798,15302.251072,1,73132172.416,0.0199776671379105
12799,15302.271072,2,73132192.3712,0.0235335095375663
12800,15302.291072,1,73132212.3648,0.020082160345852
12801,15302.311072,2,73132232.384,0.0236523449505194
12802,15302.331072,1,73132252.5568,0.0199950826725675
12803,15302.351072,2,73132272.4864,0.0236472227344438
12804,15302.371072,1,73132292.416,0.0200032782182884
12805,15302.391072,2,73132312.3968,0.0236134161083451
12806,15302.411072,1,73132332.4288,0.0200432315036778
12807,15302.431072,2,73132352.4096,0.0236144405515602
12808,15302.451072,1,73132372.5056,0.0199715204786199
12809,15302.471072,2,73132392.384,0.0235714139365255
12810,15302.491072,1,73132412.4416,0.0199950826725675
12811,15302.511072,2,73132432.4736,0.0235816583686766
12812,15302.531072,1,73132452.4288,0.0200585981519044
12813,15302.551072,2,73132472.8064,0.0235693650500953
12814,15302.571072,1,73132492.4416,0.0200196693097302
12815,15302.591072,2,73132512.4224,0.0235324850943512
12816,15302.611072,1,73132532.416,0.0200145470936546
12817,15302.631072,2,73132552.4352,0.0236000983465487
12818,15302.651072,1,73132572.48,0.0200524514926138
12819,15302.671072,2,73132592.5248,0.023558096174729
12820,15302.691072,1,73132612.5184,0.0199950826725675
12821,15302.711072,2,73132632.4352,0.0235980494601184
12822,15302.731072,1,73132652.4288,0.0199920093429221
12823,15302.751072,2,73132672.448,0.0235652672772348
12824,15302.771072,1,73132692.4544,0.0200043026615035
12825,15302.791072,2,73132712.4224,0.0236113672219149
12826,15302.811072,1,73132732.4544,0.0200401581740324
12827,15302.831072,2,73132752.5376,0.0235724383797406
12828,15302.851072,1,73132772.4928,0.0200124982072244
12829,15302.871072,2,73132792.4736,0.023530436207921
12830,15302.891072,1,73132812.48,0.0199807404675559
12831,15302.911072,2,73132832.4736,0.0235990739033335
12832,15302.931072,1,73132852.4672,0.0200524514926138
12833,15302.951072,2,73132872.512,0.0236257094269265
12834,15302.971072,1,73132892.5184,0.0200165959800848
12835,15302.991072,2,73132912.4608,0.0236912737926937
12836,15303.011072,1,73132932.5184,0.0199991804454279
12837,15303.031072,2,73132952.4864,0.0235775605958162
12838,15303.051072,1,73132972.5184,0.0199663982625443
12839,15303.071072,2,73132992.4608,0.0235560472882988
12840,15303.091072,1,73133012.48,0.0199971315589977
12841,15303.111072,2,73133032.4864,0.0235806339254615
12842,15303.131072,1,73133052.48,0.0200616714815498
12843,15303.151072,2,73133072.4864,0.0236359538590776
12844,15303.171072,1,73133092.4672,0.0200319626283115
12845,15303.191072,2,73133112.4736,0.0235232651054152
12846,15303.211072,1,73133132.4928,0.0200217181961604
12847,15303.231072,2,73133152.5248,0.023502776241113
12848,15303.251072,1,73133172.5056,0.0200124982072244
12849,15303.271072,2,73133192.5376,0.0235048251275432
12850,15303.291072,1,73133212.5312,0.0200278648554511
12851,15303.311072,2,73133232.5888,0.0235642428340197
12852,15303.331072,1,73133252.5184,0.0199950826725675
12853,15303.351072,2,73133272.5248,0.02361239166513
12854,15303.371072,1,73133292.5696,0.0200493781629684
12855,15303.391072,2,73133312.5632,0.0236175138812056
12856,15303.411072,1,73133332.544,0.0200370848443871
12857,15303.431072,2,73133352.5376,0.0236605404962403
12858,15303.451072,1,73133372.5824,0.0200217181961604
12859,15303.471072,2,73133392.512,0.0237896203413445
12860,15303.491072,1,73133412.5696,0.0201200647448112
12861,15303.511072,2,73133432.5504,0.0236564427233798
12862,15303.531072,1,73133452.5056,0.0201057225397996
12863,15303.551072,2,73133472.6272,0.0238070358760014
12864,15303.571072,1,73133492.5568,0.0201313336201774
12865,15303.591072,2,73133512.512,0.0237517159423853
12866,15303.611072,1,73133532.544,0.0201067469830147
12867,15303.631072,2,73133552.576,0.0237148359866413
12868,15303.651072,1,73133572.5952,0.0201559202573401
12869,15303.671072,2,73133592.5888,0.0237353248509435
12870,15303.691072,1,73133612.5824,0.020082160345852
12871,15303.711072,2,73133632.5632,0.0237476181695249
12872,15303.731072,1,73133652.5696,0.020127235847317
12873,15303.751072,2,73133672.6272,0.023767082590612
12874,15303.771072,1,73133692.608,0.0201968979859446
12875,15303.791072,2,73133712.5504,0.0237558137152458
12876,15303.811072,1,73133732.6208,0.0201385047226832
12877,15303.831072,2,73133752.5888,0.0236451738480136
12878,15303.851072,1,73133772.736,0.0201569447005552
12879,15303.871072,2,73133792.7296,0.023712787100211
12880,15303.891072,1,73133812.5824,0.0201016247669392
12881,15303.911072,2,73133832.5504,0.0236800049173274
12882,15303.931072,1,73133852.5952,0.0201303091769623
12883,15303.951072,2,73133872.6528,0.0236871760198332
12884,15303.971072,1,73133892.6208,0.0201016247669392
12885,15303.991072,2,73133912.6272,0.0237250804187924
12886,15304.011072,1,73133932.5952,0.0201036736533694
12887,15304.031072,2,73133952.6272,0.0236185383244207
12888,15304.051072,1,73133972.6208,0.0201344069498228
12889,15304.071072,2,73133992.64,0.023603171676194
12890,15304.091072,1,73134012.6336,0.0200493781629684
12891,15304.111072,2,73134032.5632,0.023630831643002
12892,15304.131072,1,73134052.5952,0.0200657692544102
12893,15304.151072,2,73134072.576,0.0236287827565718
12894,15304.171072,1,73134092.6336,0.0201159669719507
12895,15304.191072,2,73134112.6144,0.0236769315876821
12896,15304.211072,1,73134132.608,0.0200698670272707
12897,15304.231072,2,73134152.6272,0.0237066404409204
12898,15304.251072,1,73134172.6336,0.0200340115147417
12899,15304.271072,2,73134192.64,0.0235785850390313
12900,15304.291072,1,73134212.6336,0.0200299137418813
12901,15304.311072,2,73134232.6528,0.0235878050279673
12902,15304.331072,1,73134252.672,0.0200831847890671
12903,15304.351072,2,73134272.6656,0.0236779560308972
12904,15304.371072,1,73134292.6464,0.0200903558915729
12905,15304.391072,2,73134312.704,0.0235765361526011
12906,15304.411072,1,73134332.6464,0.0201303091769623
12907,15304.431072,2,73134352.6272,0.0236113672219149
12908,15304.451072,1,73134372.6464,0.0200196693097302
12909,15304.471072,2,73134392.6528,0.0236072694490544
12910,15304.491072,1,73134412.6464,0.0200575737086893
12911,15304.511072,2,73134432.704,0.0236257094269265
12912,15304.531072,1,73134452.672,0.0200760136865614
12913,15304.551072,2,73134472.7296,0.0236779560308972
12914,15304.571072,1,73134492.736,0.0200719159137009
12915,15304.591072,2,73134512.6656,0.0235919028008277
12916,15304.611072,1,73134532.672,0.0200678181408405
12917,15304.631072,2,73134552.7168,0.0235929272440429
12918,15304.651072,1,73134572.8128,0.0200206937529453
12919,15304.671072,2,73134592.7936,0.023521216218985
12920,15304.691072,1,73134612.672,0.0200514270493987
12921,15304.711072,2,73134632.6912,0.0236093183354847
12922,15304.731072,1,73134652.6976,0.0200585981519044
12923,15304.751072,2,73134672.6784,0.0236267338701416
12924,15304.771072,1,73134692.6976,0.0200780625729916
12925,15304.791072,2,73134712.6912,0.0235908783576126
12926,15304.811072,1,73134732.672,0.0200667936976253
12927,15304.831072,2,73134752.704,0.0236082938922696
12928,15304.851072,1,73134772.7232,0.0199879115700617
12929,15304.871072,2,73134792.7168,0.0236912737926937
12930,15304.891072,1,73134812.7232,0.0200985514372938
12931,15304.911072,2,73134832.7296,0.0236728338148216
12932,15304.931072,1,73134852.672,0.0200032782182884
12933,15304.951072,2,73134872.704,0.0237619603745364
12934,15304.971072,1,73134892.7104,0.020072940356916
12935,15304.991072,2,73134912.7296,0.023712787100211
12936,15305.011072,1,73134932.6848,0.0200626959247649
12937,15305.031072,2,73134952.7168,0.0237179093162866
12938,15305.051072,1,73134973.2864,0.0200801114594218
12939,15305.071072,2,73134992.7296,0.0236461982912287
12940,15305.091072,1,73135012.7232,0.0200555248222591
12941,15305.111072,2,73135032.7296,0.0236718093716065
12942,15305.131072,1,73135052.7616,0.0200391337308173
12943,15305.151072,2,73135072.7296,0.0237209826459319
12944,15305.171072,1,73135092.8128,0.0200463048333231
12945,15305.191072,2,73135112.704,0.023739422623804
12946,15305.211072,1,73135132.7232,0.0200278648554511
12947,15305.231072,2,73135152.7424,0.0236093183354847
12948,15305.251072,1,73135172.7488,0.0200524514926138
12949,15305.271072,2,73135192.768,0.0235826828118917
12950,15305.291072,1,73135212.8768,0.0201354313930379
12951,15305.311072,2,73135232.7296,0.0236236605404962
12952,15305.331072,1,73135252.7232,0.0201190403015961
12953,15305.351072,2,73135272.7808,0.0236451738480136
12954,15305.371072,1,73135292.7104,0.020082160345852
12955,15305.391072,2,73135312.7296,0.0236892249062634
12956,15305.411072,1,73135332.7872,0.0200043026615035
12957,15305.431072,2,73135352.8448,0.0237312270780831
12958,15305.451072,1,73135372.9408,0.020045280390108
12959,15305.471072,2,73135392.7552,0.023785522568484
12960,15305.491072,1,73135412.8,0.0199797160243408
12961,15305.511072,2,73135432.8448,0.0236933226791239
12962,15305.531072,1,73135452.8,0.0200555248222591
12963,15305.551072,2,73135473.1392,0.0236246849837114
12964,15305.571072,1,73135492.8,0.0199786915811257
12965,15305.591072,2,73135512.7936,0.0236246849837114
12966,15305.611072,1,73135532.9152,0.0199950826725675
12967,15305.631072,2,73135552.8192,0.0236584916098101
12968,15305.651072,1,73135572.8128,0.0200893314483578
12969,15305.671072,2,73135592.7808,0.0236390271887229
12970,15305.691072,1,73135612.8256,0.0200401581740324
12971,15305.711072,2,73135632.8064,0.023640051631938
12972,15305.731072,1,73135652.8128,0.0200924047780032
12973,15305.751072,2,73135672.8192,0.0235611695043744
12974,15305.771072,1,73135692.7872,0.0200022537750732
12975,15305.791072,2,73135712.832,0.0236318560862171
12976,15305.811072,1,73135732.8384,0.0200872825619276
12977,15305.831072,2,73135752.8192,0.023685127133403
12978,15305.851072,1,73135772.8384,0.0200893314483578
12979,15305.871072,2,73135792.7808,0.0236984448951995
12980,15305.891072,1,73135812.8384,0.0201036736533694
12981,15305.911072,2,73135832.9344,0.0236994693384146
12982,15305.931072,1,73135852.8,0.0200995758805089
12983,15305.951072,2,73135872.8064,0.0236513205073043
12984,15305.971072,1,73135892.9024,0.0201231380744565
12985,15305.991072,2,73135912.8064,0.0236554182801647
12986,15306.011104,1,73135932.8896,0.0201344069498228
12987,15306.031104,2,73135952.7936,0.0236328805294323
12988,15306.051104,1,73135972.9024,0.0200790870162067
12989,15306.071104,2,73135992.8576,0.0236984448951995
12990,15306.091104,1,73136012.8384,0.0201128936423054
12991,15306.111104,2,73136032.8576,0.0236062450058393
12992,15306.131104,1,73136052.864,0.0200596225951196
12993,15306.151104,2,73136072.8448,0.0235601450611593
12994,15306.171104,1,73136092.864,0.0199889360132768
12995,15306.191104,2,73136112.8704,0.0235857561415371
12996,15306.211104,1,73136132.8768,0.0200524514926138
12997,15306.231104,2,73136152.8704,0.0236892249062634
12998,15306.251104,1,73136172.9536,0.0200176204232999
12999,15306.271104,2,73136192.8832,0.0236349294158625
13000,15306.291104,1,73136212.864,0.0200493781629684
13001,15306.311104,2,73136232.8704,0.0235621939475895
13002,15306.331104,1,73136252.9024,0.0199930337861372
13003,15306.351104,2,73136272.9344,0.023567316163665
13004,15306.371104,1,73136292.9408,0.0200145470936546
13005,15306.391104,2,73136312.9216,0.0235550228450837
13006,15306.411104,1,73136332.8768,0.0199715204786199
13007,15306.431104,2,73136352.9472,0.0235652672772348
13008,15306.451104,1,73136373.1456,0.0199848382404163
13009,15306.471104,2,73136392.8704,0.0236257094269265
13010,15306.491104,1,73136412.9152,0.0200145470936546
13011,15306.511104,2,73136432.9088,0.0235345339807814
13012,15306.531104,1,73136452.8768,0.0199858626836314
13013,15306.551104,2,73136472.9728,0.0236533693937345
13014,15306.571104,1,73136492.9024,0.02006372036798
13015,15306.591104,2,73136512.896,0.023584731698322
13016,15306.611104,1,73136533.0304,0.0200678181408405
13017,15306.631104,2,73136552.9728,0.0236687360419612
13018,15306.651104,1,73136573.0432,0.0199786915811257
13019,15306.671104,2,73136592.9216,0.0236431249615834
13020,15306.691104,1,73136612.9152,0.0200780625729916
13021,15306.711104,2,73136632.9216,0.0237148359866413
13022,15306.731104,1,73136652.9024,0.0200196693097302
13023,15306.751104,2,73136672.9472,0.0237015182248448
13024,15306.771104,1,73136693.0176,0.0200616714815498
13025,15306.791104,2,73136713.0112,0.023675907144467
13026,15306.811104,1,73136732.928,0.020018644866515
13027,15306.831104,2,73136752.9216,0.0237086893273506
13028,15306.851104,1,73136773.0176,0.0200411826172475
13029,15306.871104,2,73136793.0112,0.0236963960087692
13030,15306.891104,1,73136812.992,0.0201620669166308
13031,15306.911104,2,73136833.0752,0.0237322515212982
13032,15306.931104,1,73136853.0432,0.020173335791997
13033,15306.951104,2,73136872.9344,0.0237691314770422
13034,15306.971104,1,73136893.1072,0.0201098203126601
13035,15306.991104,2,73136912.9984,0.0237844981252689
13036,15307.011104,1,73136933.12,0.0200934292212183
13037,15307.031104,2,73136953.0368,0.023739422623804
13038,15307.051104,1,73136973.0432,0.020082160345852
13039,15307.071104,2,73136992.9472,0.0237107382137808
13040,15307.091104,1,73137013.0048,0.0201313336201774
13041,15307.111104,2,73137032.9344,0.0237353248509435
13042,15307.131104,1,73137053.248,0.0201323580633925
13043,15307.151104,2,73137072.96,0.0236246849837114
13044,15307.171104,1,73137092.992,0.0200350359579568
13045,15307.191104,2,73137113.0752,0.0236646382691007
13046,15307.211104,1,73137133.0048,0.0200165959800848
13047,15307.231104,2,73137152.9728,0.0236769315876821
13048,15307.251104,1,73137172.992,0.0200401581740324
13049,15307.271104,2,73137193.0368,0.0235837072551069
13050,15307.291104,1,73137213.12,0.0199797160243408
13051,15307.311104,2,73137233.024,0.0235878050279673
13052,15307.331104,1,73137253.1584,0.0201108447558752
13053,15307.351104,2,73137273.0496,0.0236615649394554
13054,15307.371104,1,73137293.0048,0.020082160345852
13055,15307.391104,2,73137313.024,0.023694347122339
13056,15307.411104,1,73137333.1328,0.0201067469830147
13057,15307.431104,2,73137353.1136,0.0237271293052226
13058,15307.451104,1,73137373.0304,0.0201128936423054
13059,15307.471104,2,73137393.1264,0.0236687360419612
13060,15307.491104,1,73137412.9664,0.0201108447558752
13061,15307.511104,2,73137432.9728,0.0236615649394554
13062,15307.531104,1,73137453.0432,0.0201671891327064
13063,15307.551104,2,73137473.1392,0.0237281537484377
13064,15307.571104,1,73137493.0944,0.0201262114041019
13065,15307.591104,2,73137512.9856,0.0236912737926937
13066,15307.611104,1,73137533.2352,0.0200770381297765
13067,15307.631104,2,73137553.0752,0.0237066404409204
13068,15307.651104,1,73137573.1328,0.0201098203126601
13069,15307.671104,2,73137593.216,0.0236810293605425
13070,15307.691104,1,73137613.1072,0.0201057225397996
13071,15307.711104,2,73137633.0624,0.0237435203966644
13072,15307.731104,1,73137653.056,0.0201262114041019
13073,15307.751104,2,73137673.1136,0.0236748827012519
13074,15307.771104,1,73137693.0688,0.0201128936423054
13075,15307.791104,2,73137713.1776,0.0237506914991702
13076,15307.811104,1,73137733.2352,0.0201825557809331
13077,15307.831104,2,73137753.0752,0.0237793759091934
13078,15307.851104,1,73137773.1584,0.0201231380744565
13079,15307.871104,2,73137793.024,0.0237291781916528
13080,15307.891104,1,73137813.2352,0.0201825557809331
13081,15307.911104,2,73137833.088,0.0237599114881062
13082,15307.931104,1,73137853.0432,0.020054500379044
13083,15307.951104,2,73137873.4592,0.0237261048620075
13084,15307.971104,1,73137893.0944,0.0201610424734157
13085,15307.991104,2,73137913.2928,0.0237271293052226
13086,15308.011104,1,73137933.056,0.0201702624623517
13087,15308.031104,2,73137953.088,0.0238060114327863
13088,15308.051104,1,73137973.0944,0.0201559202573401
13089,15308.071104,2,73137993.1648,0.0237547892720306
13090,15308.091104,1,73138013.12,0.0201149425287356
13091,15308.111104,2,73138033.088,0.0237711803634725
13092,15308.131104,1,73138053.0816,0.0201559202573401
13093,15308.151104,2,73138073.1136,0.0238183047513676
13094,15308.171104,1,73138093.2992,0.0202009957588051
13095,15308.191104,2,73138113.1136,0.0238346958428094
13096,15308.211104,1,73138133.1328,0.0201487491548343
13097,15308.231104,2,73138153.1264,0.0238254758538734
13098,15308.251104,1,73138173.2352,0.0201620669166308
13099,15308.271104,2,73138193.2032,0.0238408425021001
13100,15308.291104,1,73138213.1584,0.0201569447005552
13101,15308.311104,2,73138233.3696,0.023858258036757
13102,15308.331104,1,73138253.1968,0.0201221136312414
13103,15308.351104,2,73138273.216,0.0238029381031409
13104,15308.371104,1,73138293.0816,0.0202440223738398
13105,15308.391104,2,73138313.1904,0.0238367447292397
13106,15308.411104,1,73138333.12,0.0202132890773864
13107,15308.431104,2,73138353.088,0.023858258036757
13108,15308.451104,1,73138373.3376,0.0201569447005552
13109,15308.471104,2,73138393.1904,0.023830598069949
13110,15308.491104,1,73138413.3632,0.0201467002684041
13111,15308.511104,2,73138433.216,0.0238326469563792
13112,15308.531104,1,73138453.1072,0.0202286557256131
13113,15308.551104,2,73138473.2032,0.0239105046407278
13114,15308.571104,1,73138493.12,0.020136455836253
13115,15308.591104,2,73138513.1136,0.0238510869342512
13116,15308.611104,1,73138533.3888,0.020118015858381
13117,15308.631104,2,73138553.152,0.0239094801975127
13118,15308.651104,1,73138573.1968,0.0201774335648575
13119,15308.671104,2,73138593.1648,0.0238459647181757
13120,15308.691104,1,73138613.2096,0.0201764091216424
13121,15308.711104,2,73138633.1648,0.0238203536377979
13122,15308.731104,1,73138653.1456,0.0202614379084967
13123,15308.751104,2,73138673.536,0.0238387936156699
13124,15308.771104,1,73138693.1712,0.0202061179748807
13125,15308.791104,2,73138713.216,0.0237916692277747
13126,15308.811104,1,73138733.1968,0.0202501690331305
13127,15308.831104,2,73138753.1904,0.0237967914438503
13128,15308.851104,1,73138773.312,0.0201630913598459
13129,15308.871104,2,73138793.2032,0.0237957670006352
13130,15308.891104,1,73138813.4016,0.0201507980412646
13131,15308.911104,2,73138833.2544,0.023785522568484
13132,15308.931104,1,73138853.568,0.020209191304526
13133,15308.951104,2,73138873.2544,0.023858258036757
13134,15308.971104,1,73138893.2608,0.0201876779970086
13135,15308.991104,2,73138913.2672,0.0237435203966644
13136,15309.011104,1,73138933.1968,0.0202296801688282
13137,15309.031104,2,73138953.2288,0.0238633802528326
13138,15309.051104,1,73138973.2096,0.0201231380744565
13139,15309.071104,2,73138993.2288,0.023776302579548
13140,15309.091104,1,73139013.1712,0.0201938246562993
13141,15309.111104,2,73139033.1776,0.0237844981252689
13142,15309.131104,1,73139053.2736,0.0201866535537935
13143,15309.151104,2,73139073.2032,0.0238818202307046
13144,15309.171104,1,73139093.2352,0.020227631282398
13145,15309.191104,2,73139113.2288,0.0239207490728789
13146,15309.211104,1,73139133.2992,0.0201630913598459
13147,15309.231104,2,73139153.2032,0.0238572335935419
13148,15309.251104,1,73139173.2864,0.020218411293462
13149,15309.271104,2,73139193.2032,0.0238705513553384
13150,15309.291104,1,73139213.2096,0.0201231380744565
13151,15309.311104,2,73139233.1776,0.0239135779703731
13152,15309.331104,1,73139253.2864,0.0201846046673633
13153,15309.351104,2,73139273.2672,0.0239453357100416
13154,15309.371104,1,73139293.3376,0.0201794824512877
13155,15309.391104,2,73139313.28,0.023839818058885
13156,15309.411104,1,73139333.3248,0.0202583645788514
13157,15309.431104,2,73139353.3312,0.0238787469010593
13158,15309.451104,1,73139373.2736,0.0202317290552585
13159,15309.471104,2,73139393.344,0.0238623558096175
13160,15309.491104,1,73139413.2864,0.0202194357366771
13161,15309.511104,2,73139433.2928,0.0238531358206815
13162,15309.531104,1,73139453.2352,0.0201805068945028
13163,15309.551104,2,73139473.3184,0.0238326469563792
13164,15309.571104,1,73139493.376,0.0202429979306247
13165,15309.591104,2,73139513.2928,0.0238644046960477
13166,15309.611104,1,73139533.504,0.0202225090663225
13167,15309.631104,2,73139553.3696,0.0238008892167107
13168,15309.651104,1,73139573.2992,0.0202122646341713
13169,15309.671104,2,73139593.3696,0.0238142069785072
13170,15309.691104,1,73139613.3632,0.0201538713709099
13171,15309.711104,2,73139633.4208,0.0238613313664024
13172,15309.731104,1,73139653.4144,0.0202214846231073
13173,15309.751104,2,73139673.4208,0.0238869424467802
13174,15309.771104,1,73139693.3888,0.0202409490441945
13175,15309.791104,2,73139713.3056,0.0237916692277747
13176,15309.811104,1,73139733.2864,0.0201323580633925
13177,15309.831104,2,73139753.4592,0.02379474255742
13178,15309.851104,1,73139773.312,0.0202204601798922
13179,15309.871104,2,73139793.8048,0.0238336713995943
13180,15309.891104,1,73139813.4144,0.0201702624623517
13181,15309.911104,2,73139833.3184,0.0238551847071117
13182,15309.931104,1,73139853.5168,0.0202122646341713
13183,15309.951104,2,73139873.3568,0.0238848935603499
13184,15309.971104,1,73139894.208,0.0202778289999385
13185,15309.991104,2,73139913.344,0.023858258036757
13186,15310.011104,1,73139933.312,0.0202389001577643
13187,15310.031104,2,73139953.3312,0.0238889913332104
13188,15310.051104,1,73139973.3632,0.020218411293462
13189,15310.071104,2,73139993.3312,0.0239299690618149
13190,15310.091104,1,73140013.5552,0.0202061179748807
13191,15310.111104,2,73140033.344,0.023903333538222
13192,15310.131104,1,73140053.4784,0.0202286557256131
13193,15310.151104,2,73140073.3696,0.0237558137152458
13194,15310.171104,1,73140093.3248,0.0201620669166308
13195,15310.191104,2,73140113.5104,0.0238336713995943
13196,15310.211104,1,73140133.3632,0.0201415780523286
13197,15310.231104,2,73140153.344,0.0238459647181757
13198,15310.251104,1,73140173.4016,0.0201139180855205
13199,15310.271104,2,73140193.8432,0.0238459647181757
13200,15310.291104,1,73140213.3376,0.0200749892433462
13201,15310.311104,2,73140233.3312,0.0238131825352921
13202,15310.331104,1,73140253.4272,0.0200473292765382
13203,15310.351104,2,73140273.5744,0.0237383981805888
13204,15310.371104,1,73140293.312,0.0199827893539861
13205,15310.391104,2,73140313.5872,0.0237568381584609
13206,15310.411104,1,73140333.4656,0.0200237670825906
13207,15310.431104,2,73140353.4976,0.0237527403856004
13208,15310.451104,1,73140373.376,0.019990984899707
13209,15310.471104,2,73140393.472,0.0237383981805888
13210,15310.491104,1,73140413.44,0.0199643493761141
13211,15310.511104,2,73140433.472,0.0236257094269265
13212,15310.531104,1,73140453.5168,0.0199643493761141
13213,15310.551104,2,73140473.4848,0.0235693650500953
13214,15310.571104,1,73140493.4656,0.0200299137418813
13215,15310.591104,2,73140513.4976,0.0236349294158625
13216,15310.611104,1,73140533.5424,0.0200165959800848
13217,15310.631104,2,73140553.5488,0.0235662917204499
13218,15310.651104,1,73140573.6064,0.0200227426393755
13219,15310.671104,2,73140593.4336,0.0235437539697175
13220,15310.691104,1,73140613.4016,0.0199387382957363
13221,15310.711104,2,73140633.7024,0.0235529739586535
13222,15310.731104,1,73140653.4272,0.0199848382404163
13223,15310.751104,2,73140673.4208,0.0235345339807814
13224,15310.771104,1,73140693.3888,0.0200114737640093
13225,15310.791104,2,73140713.4336,0.0236277583133567
13226,15310.811104,1,73140733.4784,0.020026840412236
13227,15310.831104,2,73140753.5232,0.0236041961194091
13228,15310.851104,1,73140773.5808,0.020018644866515
13229,15310.871104,2,73140793.5104,0.0236482471776589
13230,15310.891104,1,73140813.5552,0.0199981560022128
13231,15310.911104,2,73140833.5744,0.023593951687258
13232,15310.931104,1,73140853.4528,0.0200463048333231
13233,15310.951104,2,73140873.5104,0.0236625893826705
13234,15310.971104,1,73140893.7728,0.0200340115147417
13235,15310.991104,2,73140913.4592,0.0237445448398795
13236,15311.011104,1,73140933.504,0.0200012293318581
13237,15311.031104,2,73140953.5488,0.0237148359866413
13238,15311.051104,1,73140973.6832,0.020108795869445
13239,15311.071104,2,73140993.4848,0.0237711803634725
13240,15311.091104,1,73141013.6192,0.0201149425287356
13241,15311.111104,2,73141033.92,0.023739422623804
13242,15311.131104,1,73141053.4272,0.0200647448111951
13243,15311.151104,2,73141073.4592,0.0237476181695249
13244,15311.171104,1,73141093.5424,0.0200555248222591
13245,15311.191104,2,73141113.5744,0.0237527403856004
13246,15311.211104,1,73141133.4912,0.0201006003237241
13247,15311.231104,2,73141153.4592,0.0236533693937345
13248,15311.251104,1,73141173.4784,0.0201846046673633
13249,15311.271104,2,73141193.9584,0.0237988403302805
13250,15311.291104,1,73141213.4528,0.0200319626283115
13251,15311.311104,2,73141233.6256,0.023767082590612
13252,15311.331104,1,73141253.504,0.0200196693097302
13253,15311.351104,2,73141273.8048,0.0237875714549143
13254,15311.371104,1,73141294.3616,0.0200965025508636
13255,15311.391104,2,73141314.0352,0.0237373737373737
13256,15311.411104,1,73141333.6576,0.0200606470383347
13257,15311.431104,2,73141353.6768,0.0237896203413445
13258,15311.451104,1,73141373.6192,0.0200626959247649
13259,15311.471104,2,73141393.728,0.0238336713995943
13260,15311.491104,1,73141413.44,0.0200145470936546
13261,15311.511104,2,73141433.7152,0.0237220070891471
13262,15311.531104,1,73141453.5424,0.0201026492101543
13263,15311.551104,2,73141473.6896,0.0237179093162866
13264,15311.571104,1,73141493.4784,0.0200258159690208
13265,15311.591104,2,73141513.5872,0.023712787100211
13266,15311.611104,1,73141533.5296,0.0200688425840556
13267,15311.631104,2,73141553.4848,0.0236564427233798
13268,15311.651104,1,73141573.504,0.0200442559468929
13269,15311.671104,2,73141593.5232,0.0236267338701416
13270,15311.691104,1,73141613.504,0.0200381092876022
13271,15311.711104,2,73141633.792,0.0237455692830946
13272,15311.731104,1,73141653.5552,0.0200432315036778
13273,15311.751104,2,73141674.0352,0.0236000983465487
13274,15311.771104,1,73141693.7344,0.0200719159137009
13275,15311.791104,2,73141714.0352,0.0237281537484377
13276,15311.811104,1,73141733.6576,0.0200606470383347
13277,15311.831104,2,73141753.6256,0.02361239166513
13278,15311.851104,1,73141773.696,0.0199684471489745
13279,15311.871104,2,73141793.8688,0.0236359538590776
13280,15311.891104,1,73141813.5552,0.0200883070051427
13281,15311.911104,2,73141833.728,0.0236697604851763
13282,15311.931104,1,73141853.5808,0.020054500379044
13283,15311.951104,2,73141873.92,0.0235857561415371
13284,15311.971104,1,73141893.5808,0.0200391337308173
13285,15311.991104,2,73141913.5744,0.0236656627123159
13286,15312.011104,1,73141933.8752,0.0200565492654742
13287,15312.031104,2,73141953.5488,0.0235683406068802
13288,15312.051104,1,73141973.5552,0.0200350359579568
13289,15312.071104,2,73141993.7536,0.0236953715655541
13290,15312.091104,1,73142013.7344,0.0200043026615035
13291,15312.111104,2,73142033.792,0.0236072694490544
13292,15312.131104,1,73142053.5808,0.0201016247669392
13293,15312.151104,2,73142073.6768,0.0236257094269265
13294,15312.171104,1,73142093.632,0.0200565492654742
13295,15312.191104,2,73142113.7152,0.0236287827565718
13296,15312.211104,1,73142133.7856,0.020036060401172
13297,15312.231104,2,73142153.5616,0.0236533693937345
13298,15312.251104,1,73142173.8624,0.0200196693097302
13299,15312.271104,2,73142194.1888,0.0236072694490544
13300,15312.291104,1,73142213.6192,0.0200063515479337
13301,15312.311104,2,73142233.6384,0.02361239166513
13302,15312.331104,1,73142253.6576,0.0200442559468929
13303,15312.351104,2,73142273.7792,0.0235652672772348
13304,15312.371104,1,73142293.5936,0.0200063515479337
13305,15312.391104,2,73142313.792,0.0236339049726474
13306,15312.411104,1,73142333.7344,0.0200073759911488
13307,15312.431104,2,73142353.792,0.0235867805847522
13308,15312.451104,1,73142373.7728,0.0200309381850964
13309,15312.471104,2,73142393.7024,0.0236011227897638
13310,15312.491104,1,73142413.696,0.0200084004343639
13311,15312.511104,2,73142433.7536,0.0235806339254615
13312,15312.531104,1,73142453.7088,0.0199766426946954
13313,15312.551104,2,73142473.8048,0.0235468272993628
13314,15312.571104,1,73142493.9392,0.0199694715921896
13315,15312.591104,2,73142514.0608,0.0235406806400721
13316,15312.611104,1,73142533.6576,0.0199172249882189
13317,15312.631104,2,73142553.8304,0.023567316163665
13318,15312.651104,1,73142573.6832,0.0199459093982421
13319,15312.671104,2,73142594.0608,0.0235406806400721
13320,15312.691104,1,73142613.8112,0.0199100538857131
13321,15312.711104,2,73142634.112,0.0235724383797406
13322,15312.731104,1,73142653.952,0.0199582027168234
13323,15312.751104,2,73142673.7664,0.0235335095375663
13324,15312.771104,1,73142693.6704,0.0199623004896839
13325,15312.791104,2,73142713.6384,0.0234085274653226
13326,15312.811104,1,73142734.2976,0.0198967361239166
13327,15312.831104,2,73142753.856,0.0234525785235724
13328,15312.851104,1,73142773.8496,0.0199797160243408
13329,15312.871104,2,73142793.6,0.0235140451164792
13330,15312.891104,1,73142813.7856,0.0199899604564919
13331,15312.911104,2,73142834.1376,0.0235458028561477
13332,15312.931104,1,73142853.7728,0.0198987850103469
13333,15312.951104,2,73142873.728,0.0235509250722232
13334,15312.971104,1,73142893.8368,0.0199356649660909
13335,15312.991104,2,73142913.9584,0.023567316163665
13336,15313.011104,1,73142934.592,0.0199100538857131
13337,15313.031104,2,73142953.7792,0.023511996230049
13338,15313.051104,1,73142973.824,0.019890589464626
13339,15313.071104,2,73142993.664,0.0236072694490544
13340,15313.091104,1,73143013.8752,0.0200063515479337
13341,15313.111104,2,73143033.8816,0.0235652672772348
13342,15313.131104,1,73143053.7472,0.0198854672485504
13343,15313.151104,2,73143073.8304,0.0236339049726474
13344,15313.171104,1,73143093.7344,0.01988136947569
13345,15313.191104,2,73143114.1248,0.023621611654066
13346,15313.211104,1,73143133.9392,0.0199827893539861
13347,15313.231104,2,73143153.9584,0.0236062450058393
13348,15313.251104,1,73143173.7728,0.0199899604564919
13349,15313.271104,2,73143193.9712,0.0235662917204499
13350,15313.291104,1,73143214.1824,0.0199254205339398
13351,15313.311104,2,73143233.7664,0.0235611695043744
13352,15313.331104,1,73143253.8368,0.0199643493761141
13353,15313.351104,2,73143273.9456,0.0236062450058393
13354,15313.371104,1,73143293.9392,0.0200104493207941
13355,15313.391104,2,73143313.8432,0.0235878050279673
13356,15313.411104,1,73143334.2848,0.0199028827832073
13357,15313.431104,2,73143353.8432,0.0235990739033335
13358,15313.451104,1,73143373.8368,0.0199377138525212
13359,15313.471104,2,73143393.8432,0.0236431249615834
13360,15313.491104,1,73143413.8496,0.0199110783289282
13361,15313.511104,2,73143433.92,0.0236646382691007
13362,15313.531104,1,73143453.7088,0.0199786915811257
13363,15313.551104,2,73143473.8688,0.0236380027455078
13364,15313.571104,1,73143493.8368,0.0200278648554511
13365,15313.591104,2,73143513.8176,0.0237465937263097
13366,15313.611104,1,73143533.76,0.0200155715368697
13367,15313.631104,2,73143553.92,0.0237025426680599
13368,15313.651104,1,73143573.8624,0.0199868871268466
13369,15313.671104,2,73143594.2016,0.0236707849283914
13370,15313.691104,1,73143613.7728,0.0199961071157826
13371,15313.711104,2,73143634.2656,0.0237271293052226
13372,15313.731104,1,73143653.8624,0.0200124982072244
13373,15313.751104,2,73143673.7536,0.0237998647734956
13374,15313.771104,1,73143694.8352,0.019954104943963
13375,15313.791104,2,73143713.7792,0.0238715757985535
13376,15313.811104,1,73143734.2336,0.0199530805007478
13377,15313.831104,2,73143754.304,0.0239791423361403
13378,15313.851104,1,73143774.7968,0.0199479582846723
13379,15313.871104,2,73143794.2784,0.0239688979039892
13380,15313.891104,1,73143813.7472,0.0199397627389514
13381,15313.911104,2,73143834.3296,0.0238848935603499
13382,15313.931104,1,73143854.016,0.0199715204786199
13383,15313.951104,2,73143874.24,0.0240610977933493
13384,15313.971104,1,73143893.9648,0.0199295183068003
13385,15313.991104,2,73143913.9968,0.0240539266908435
13386,15314.011104,1,73143933.8496,0.0200012293318581
13387,15314.031104,2,73143953.92,0.0241553465691397
13388,15314.051104,1,73143974.0032,0.0199049316696376
13389,15314.071104,2,73143993.7792,0.0241573954555699
13390,15314.091104,1,73144013.8368,0.0199192738746491
13391,15314.111104,2,73144034.176,0.0241963242977442
13392,15314.131104,1,73144053.9008,0.0198762472596144
13393,15314.151104,2,73144073.9456,0.0242782797549532
13394,15314.171104,1,73144093.9648,0.0199807404675559
13395,15314.191104,2,73144114.048,0.0243284774724937
13396,15314.211104,1,73144134.2208,0.0199489827278874
13397,15314.231104,2,73144154.2272,0.0243335996885693
13398,15314.251104,1,73144174.3744,0.0199039072264224
13399,15314.271104,2,73144194.0992,0.0242618886635114
13400,15314.291104,1,73144213.9264,0.0198567828385273
13401,15314.311104,2,73144234.0992,0.0242178376052615
13402,15314.331104,1,73144254.0032,0.0198690761571086
13403,15314.351104,2,73144273.9328,0.0241553465691397
13404,15314.371104,1,73144293.9136,0.0199100538857131
13405,15314.391104,2,73144313.8688,0.0242147642756162
13406,15314.411104,1,73144334.5536,0.019972544921835
13407,15314.431104,2,73144353.856,0.0241225643862561
13408,15314.451104,1,73144374.144,0.0199049316696376
13409,15314.471104,2,73144394.1504,0.0241153932837503
13410,15314.491104,1,73144413.952,0.0199223472042945
13411,15314.511104,2,73144434.688,0.0241758354334419
13412,15314.531104,1,73144453.9392,0.019872149486754
13413,15314.551104,2,73144474.2656,0.0241297354887619
13414,15314.571104,1,73144494.0672,0.0199438605118118
13415,15314.591104,2,73144514.3808,0.0241471510234188
13416,15314.611104,1,73144535.0528,0.0199100538857131
13417,15314.631104,2,73144554.048,0.0242024709570349
13418,15314.651104,1,73144573.9776,0.0199243960907247
13419,15314.671104,2,73144593.8688,0.0242557420042207
13420,15314.691104,1,73144614.0416,0.0199028827832073
13421,15314.711104,2,73144634.4448,0.0242147642756162
13422,15314.731104,1,73144654.0928,0.0198117073370623
13423,15314.751104,2,73144673.92,0.0241502243530641
13424,15314.771104,1,73144694.4128,0.019981764910771
13425,15314.791104,2,73144713.9584,0.0242045198434651
13426,15314.811104,1,73144734.2976,0.0199827893539861
13427,15314.831104,2,73144754.112,0.0240846599872969
13428,15314.851104,1,73144773.9904,0.0199479582846723
13429,15314.871104,2,73144793.9072,0.0240109000758088
13430,15314.891104,1,73144814.4128,0.0198844428053353
13431,15314.911104,2,73144834.1504,0.0240826111008667
13432,15314.931104,1,73144853.9776,0.01988136947569
13433,15314.951104,2,73144873.9328,0.0239648001311287
13434,15314.971104,1,73144893.952,0.0199745938082652
13435,15314.991104,2,73144914.0864,0.0240262667240355
13436,15315.011104,1,73144934.1184,0.0199602516032536
13437,15315.031104,2,73144954.0224,0.0240098756325937
13438,15315.051104,1,73144974.5536,0.0199131272153584
13439,15315.071104,2,73144994.1376,0.0239187001864487
13440,15315.091104,1,73145014.0032,0.0199305427500154
13441,15315.111104,2,73145034.2016,0.0239596779150532
13442,15315.131104,1,73145054.336,0.0199080049992829
13443,15315.151104,2,73145074.5728,0.0240190956215297
13444,15315.171104,1,73145094.016,0.0199489827278874
13445,15315.191104,2,73145113.9968,0.024076464441576
13446,15315.211104,1,73145134.5152,0.0200165959800848
13447,15315.231104,2,73145154.4576,0.0240703177822853
13448,15315.251104,1,73145174.3616,0.0199766426946954
13449,15315.271104,2,73145194.1376,0.024186079865593
13450,15315.291104,1,73145214.3488,0.0199623004896839
13451,15315.311104,2,73145234.4576,0.0242198864916918
13452,15315.331104,1,73145254.0416,0.0200483537197533
13453,15315.351104,2,73145274.2016,0.0242209109349069
13454,15315.371104,1,73145294.3232,0.0199674227057594
13455,15315.391104,2,73145313.92,0.0241153932837503
13456,15315.411104,1,73145334.2336,0.0200473292765382
13457,15315.431104,2,73145354.5088,0.0240426578154773
13458,15315.451104,1,73145374.1312,0.0200667936976253
13459,15315.471104,2,73145394.0992,0.0239381646075358
13460,15315.491104,1,73145414.1056,0.0200534759358289
13461,15315.511104,2,73145434.4832,0.0239566045854078
13462,15315.531104,1,73145454.6048,0.0199674227057594
13463,15315.551104,2,73145474.6112,0.0238838691171348
13464,15315.571104,1,73145494.3232,0.0199858626836314
13465,15315.591104,2,73145513.9456,0.0239227979593091
13466,15315.611104,1,73145534.3104,0.0199704960354048
13467,15315.631104,2,73145554.432,0.0239084557542975
13468,15315.651104,1,73145574.528,0.0199899604564919
13469,15315.671104,2,73145594.3168,0.0238726002417686
13470,15315.691104,1,73145614.3488,0.020054500379044
13471,15315.711104,2,73145634.3936,0.0239115290839429
13472,15315.731104,1,73145654.016,0.0200053271047186
13473,15315.751104,2,73145674.4192,0.0238193291945827
13474,15315.771104,1,73145694.3104,0.0200504026061835
13475,15315.791104,2,73145714.0608,0.0238541602638966
13476,15315.811104,1,73145734.0672,0.0200749892433462
13477,15315.831104,2,73145754.816,0.023830598069949
13478,15315.851104,1,73145774.7072,0.0201210891880263
13479,15315.871104,2,73145794.1504,0.0238459647181757
13480,15315.891104,1,73145814.1568,0.0200493781629684
13481,15315.911104,2,73145834.56,0.0237875714549143
13482,15315.931104,1,73145854.3616,0.0201303091769623
13483,15315.951104,2,73145874.2272,0.023757862601676
13484,15315.971104,1,73145894.1824,0.0200124982072244
13485,15315.991104,2,73145914.3296,0.0238070358760014
13486,15316.011104,1,73145934.2848,0.0200422070604626
13487,15316.031104,2,73145954.2272,0.0237097137705657
13488,15316.051104,1,73145974.0416,0.0200985514372938
13489,15316.071104,2,73145994.3168,0.0237230315323622
13490,15316.091104,1,73146013.9904,0.0201303091769623
13491,15316.111104,2,73146034.112,0.0237383981805888
13492,15316.131104,1,73146054.1056,0.0201098203126601
13493,15316.151104,2,73146074.1504,0.0237220070891471
13494,15316.171104,1,73146094.464,0.0201610424734157
13495,15316.191104,2,73146114.1888,0.0237834736820538
13496,15316.211104,1,73146134.4384,0.0201344069498228
13497,15316.231104,2,73146154.3936,0.0237660581473969
13498,15316.251104,1,73146174.2208,0.0200893314483578
13499,15316.271104,2,73146194.1376,0.0237742536931178
13500,15316.291104,1,73146214.7584,0.0200872825619276
13501,15316.311104,2,73146234.1376,0.0237834736820538
13502,15316.331104,1,73146254.3232,0.0200647448111951
13503,15316.351104,2,73146274.5856,0.0237568381584609
13504,15316.371104,1,73146294.4128,0.0201026492101543
13505,15316.391104,2,73146314.7264,0.0236922982359088
13506,15316.411104,1,73146334.4256,0.0201436269387588
13507,15316.431104,2,73146354.6624,0.023685127133403
13508,15316.451104,1,73146374.6944,0.0200473292765382
13509,15316.471104,2,73146394.0864,0.023785522568484
13510,15316.491104,1,73146414.144,0.0201303091769623
13511,15316.511104,2,73146434.432,0.0238295736267339
13512,15316.531104,1,73146454.2208,0.0202071424180958
13513,15316.551104,2,73146474.368,0.0238090847624316
13514,15316.571104,1,73146494.208,0.0201323580633925
13515,15316.591104,2,73146514.3808,0.023767082590612
13516,15316.611104,1,73146534.656,0.020164115803061
13517,15316.631104,2,73146554.1888,0.0238029381031409
13518,15316.651104,1,73146574.4896,0.0200872825619276
13519,15316.671104,2,73146594.1504,0.0238142069785072
13520,15316.691104,1,73146614.1696,0.0202491445899154
13521,15316.711104,2,73146634.5216,0.0239115290839429
13522,15316.731104,1,73146654.1312,0.0200801114594218
13523,15316.751104,2,73146674.9568,0.0238541602638966
13524,15316.771104,1,73146694.1824,0.0200944536644334
13525,15316.791104,2,73146714.2272,0.0238879668899953
13526,15316.811104,1,73146734.528,0.0200135226504395
13527,15316.831104,2,73146754.1376,0.0239381646075358
13528,15316.851104,1,73146774.1568,0.0201702624623517
13529,15316.871104,2,73146794.7264,0.0238562091503268
13530,15316.891104,1,73146814.9376,0.0200493781629684
13531,15316.911104,2,73146834.1376,0.0239330423914602
13532,15316.931104,1,73146854.3616,0.0201036736533694
13533,15316.951104,2,73146874.5344,0.0238726002417686
13534,15316.971104,1,73146894.528,0.0202132890773864
13535,15316.991104,2,73146914.1248,0.023903333538222
13536,15317.011104,1,73146934.1568,0.0201446513819739
13537,15317.031104,2,73146954.4064,0.0239873378818612
13538,15317.051104,1,73146974.6688,0.0201210891880263
13539,15317.071104,2,73146994.4832,0.0239279201753847
13540,15317.091104,1,73147014.1312,0.0201067469830147
13541,15317.111104,2,73147034.2016,0.0239012846517918
13542,15317.131104,1,73147054.6176,0.0201436269387588
13543,15317.151104,2,73147074.5856,0.0237568381584609
13544,15317.171104,1,73147094.4,0.0201354313930379
13545,15317.191104,2,73147114.7904,0.0237865470116991
13546,15317.211104,1,73147134.6688,0.0201313336201774
13547,15317.231104,2,73147154.2912,0.0238439158317454
13548,15317.251104,1,73147174.9376,0.0200831847890671
13549,15317.271104,2,73147194.2016,0.0237885958981294
13550,15317.291104,1,73147214.7072,0.0201169914151659
13551,15317.311104,2,73147234.6112,0.0238664535824779
13552,15317.331104,1,73147254.144,0.0200616714815498
13553,15317.351104,2,73147274.4448,0.0239197246296638
13554,15317.371104,1,73147294.6816,0.0201917757698691
13555,15317.391104,2,73147314.7392,0.0238285491835188
13556,15317.411104,1,73147334.2976,0.020091380334788
13557,15317.431104,2,73147354.2016,0.0238889913332104
13558,15317.451104,1,73147374.5536,0.0201210891880263
13559,15317.471104,2,73147394.4704,0.0238746491281988
13560,15317.491104,1,73147414.8352,0.0201385047226832
13561,15317.511104,2,73147434.5088,0.0238070358760014
13562,15317.531104,1,73147454.3104,0.0201692380191366
13563,15317.551104,2,73147474.6752,0.0238346958428094
13564,15317.571104,1,73147494.6816,0.0200760136865614
13565,15317.591104,2,73147514.2272,0.0238060114327863
13566,15317.611104,1,73147534.7456,0.020118015858381
13567,15317.631104,2,73147554.5088,0.0238224025242281
13568,15317.651104,1,73147574.2336,0.0201569447005552
13569,15317.671104,2,73147594.7392,0.0238367447292397
13570,15317.691104,1,73147614.2848,0.0201221136312414
13571,15317.711104,2,73147634.304,0.0237476181695249
13572,15317.731104,1,73147654.3104,0.0201385047226832
13573,15317.751104,2,73147674.3552,0.0237691314770422
13574,15317.771104,1,73147694.5792,0.0201190403015961
13575,15317.791104,2,73147714.2272,0.0237138115434261
13576,15317.811104,1,73147734.6688,0.0201323580633925
13577,15317.831104,2,73147754.7264,0.0237199582027168
13578,15317.851104,1,73147774.8096,0.0201743602352122
13579,15317.871104,2,73147794.2272,0.0238172803081525
13580,15317.891104,1,73147814.3872,0.020127235847317
13581,15317.911104,2,73147834.3552,0.0237824492388387
13582,15317.931104,1,73147854.2848,0.0200442559468929
13583,15317.951104,2,73147874.7264,0.0238910402196406
13584,15317.971104,1,73147894.3232,0.0201518224844797
13585,15317.991104,2,73147914.4832,0.0239770934497101
13586,15318.011136,1,73147934.2464,0.0201241625176716
13587,15318.031136,2,73147954.3808,0.0239842645522159
13588,15318.051136,1,73147974.272,0.0201149425287356
13589,15318.071136,2,73147994.8544,0.0239822156657856
13590,15318.091136,1,73148015.0144,0.0201528469276948
13591,15318.111136,2,73148034.304,0.0240027045300879
13592,15318.131136,1,73148054.272,0.0201149425287356
13593,15318.151136,2,73148074.9056,0.0238889913332104
13594,15318.171136,1,73148094.7328,0.0201169914151659
13595,15318.191136,2,73148114.2784,0.0239391890507509
13596,15318.211136,1,73148134.3104,0.0201128936423054
13597,15318.231136,2,73148154.2912,0.0239996312004426
13598,15318.251136,1,73148174.7072,0.0201538713709099
13599,15318.271136,2,73148194.6496,0.0240436822586924
13600,15318.291136,1,73148214.336,0.0200596225951196
13601,15318.311136,2,73148234.624,0.0239453357100416
13602,15318.331136,1,73148254.3232,0.0201518224844797
13603,15318.351136,2,73148274.7008,0.023894113549286
13604,15318.371136,1,73148294.6432,0.0200985514372938
13605,15318.391136,2,73148314.4064,0.0237885958981294
13606,15318.411136,1,73148335.104,0.0201262114041019
13607,15318.431136,2,73148354.7904,0.0238654291392628
13608,15318.451136,1,73148374.4384,0.0201128936423054
13609,15318.471136,2,73148394.7264,0.023821378081013
13610,15318.491136,1,73148415.168,0.0200965025508636
13611,15318.511136,2,73148434.3168,0.0238797713442744
13612,15318.531136,1,73148454.4256,0.0200954781076485
13613,15318.551136,2,73148474.5856,0.0238572335935419
13614,15318.571136,1,73148494.848,0.020136455836253
13615,15318.591136,2,73148514.4448,0.0239299690618149
13616,15318.611136,1,73148534.3872,0.0201149425287356
13617,15318.631136,2,73148554.3552,0.0238295736267339
13618,15318.651136,1,73148574.4,0.0200391337308173
13619,15318.671136,2,73148594.5856,0.0238234269674432
13620,15318.691136,1,73148614.4384,0.0201303091769623
13621,15318.711136,2,73148634.496,0.0238101092056467
13622,15318.731136,1,73148654.3488,0.020127235847317
13623,15318.751136,2,73148674.3808,0.0238162558649374
13624,15318.771136,1,73148695.04,0.0201026492101543
13625,15318.791136,2,73148714.4704,0.0238295736267339
13626,15318.811136,1,73148734.4,0.0201149425287356
13627,15318.831136,2,73148754.432,0.0238592824799721
13628,15318.851136,1,73148775.0144,0.0200944536644334
13629,15318.871136,2,73148794.6752,0.0238469891613908
13630,15318.891136,1,73148814.4256,0.0201149425287356
13631,15318.911136,2,73148834.3296,0.0238664535824779
13632,15318.931136,1,73148854.6944,0.0200903558915729
13633,15318.951136,2,73148874.3552,0.0238439158317454
13634,15318.971136,1,73148894.4512,0.0201497735980495
13635,15318.991136,2,73148914.3808,0.0238090847624316
13636,15319.011136,1,73148934.4512,0.0201507980412646
13637,15319.031136,2,73148954.432,0.0238193291945827
13638,15319.051136,1,73148974.592,0.0201077714262298
13639,15319.071136,2,73148995.0976,0.0238726002417686
13640,15319.091136,1,73149014.4,0.0200688425840556
13641,15319.111136,2,73149034.4448,0.0237885958981294
13642,15319.131136,1,73149054.656,0.0200842092322823
13643,15319.151136,2,73149074.5088,0.0238531358206815
13644,15319.171136,1,73149095.168,0.0201159669719507
13645,15319.191136,2,73149114.496,0.0238930891060709
13646,15319.211136,1,73149134.464,0.0201067469830147
13647,15319.231136,2,73149154.4448,0.0238244514106583
13648,15319.251136,1,73149174.4896,0.0201149425287356
13649,15319.271136,2,73149194.5984,0.0238234269674432
13650,15319.291136,1,73149214.4768,0.02006372036798
13651,15319.311136,2,73149234.5088,0.0238910402196406
13652,15319.331136,1,73149254.4256,0.0201538713709099
13653,15319.351136,2,73149274.6752,0.023849038047821
13654,15319.371136,1,73149294.464,0.0201292847337472
13655,15319.391136,2,73149314.4832,0.0238746491281988
13656,15319.411136,1,73149335.1296,0.0200616714815498
13657,15319.431136,2,73149354.4576,0.0238838691171348
13658,15319.451136,1,73149374.5408,0.0200985514372938
13659,15319.471136,2,73149394.88,0.0239084557542975
13660,15319.491136,1,73149414.6048,0.0201046980965845
13661,15319.511136,2,73149434.432,0.0238623558096175
13662,15319.531136,1,73149454.4128,0.020127235847317
13663,15319.551136,2,73149474.432,0.0237711803634725
13664,15319.571136,1,73149494.4384,0.0200340115147417
13665,15319.591136,2,73149514.432,0.0238807957874895
13666,15319.611136,1,73149534.464,0.0200678181408405
13667,15319.631136,2,73149554.5344,0.0238531358206815
13668,15319.651136,1,73149574.4896,0.0201139180855205
13669,15319.671136,2,73149594.7648,0.0239115290839429
13670,15319.691136,1,73149614.784,0.020108795869445
13671,15319.711136,2,73149634.4832,0.0239012846517918
13672,15319.731136,1,73149654.4512,0.0200688425840556
13673,15319.751136,2,73149675.3408,0.0239381646075358
13674,15319.771136,1,73149694.5536,0.020127235847317
13675,15319.791136,2,73149714.4448,0.02393099350503
13676,15319.811136,1,73149734.4896,0.0200422070604626
13677,15319.831136,2,73149754.5216,0.0239064068678673
13678,15319.851136,1,73149774.6688,0.0200965025508636
13679,15319.871136,2,73149794.5344,0.0237937181142049
13680,15319.891136,1,73149814.4768,0.0201200647448112
13681,15319.911136,2,73149834.5088,0.0238346958428094
13682,15319.931136,1,73149854.592,0.0200862581187125
13683,15319.951136,2,73149874.5728,0.0237629848177516
13684,15319.971136,1,73149894.7968,0.0200883070051427
13685,15319.991136,2,73149914.4576,0.023839818058885
13686,15320.011136,1,73149934.4896,0.0200688425840556
13687,15320.031136,2,73149954.496,0.023821378081013
13688,15320.051136,1,73149974.5664,0.0200493781629684
13689,15320.071136,2,73149994.5472,0.0238633802528326
13690,15320.091136,1,73150014.5024,0.0201098203126601
13691,15320.111136,2,73150034.56,0.0239729956768496
13692,15320.131136,1,73150054.6304,0.0201221136312414
13693,15320.151136,2,73150074.6752,0.0239412379371811
13694,15320.171136,1,73150095.0144,0.0200575737086893
13695,15320.191136,2,73150114.5216,0.0240631466797795
13696,15320.211136,1,73150134.5024,0.0200965025508636
13697,15320.231136,2,73150154.56,0.0239832401090008
13698,15320.251136,1,73150174.5152,0.0200811359026369
13699,15320.271136,2,73150194.8544,0.0239074313110824
13700,15320.291136,1,73150214.5024,0.0200811359026369
13701,15320.311136,2,73150234.7776,0.0239975823140123
13702,15320.331136,1,73150254.5664,0.0200790870162067
13703,15320.351136,2,73150274.752,0.0239176757432336
13704,15320.371136,1,73150294.5664,0.0201354313930379
13705,15320.391136,2,73150314.5472,0.0238695269121233
13706,15320.411136,1,73150334.7584,0.0200504026061835
13707,15320.431136,2,73150354.7392,0.0238756735714139
13708,15320.451136,1,73150374.6176,0.0201077714262298
13709,15320.471136,2,73150394.56,0.0238254758538734
13710,15320.491136,1,73150414.6048,0.0201426024955437
13711,15320.511136,2,73150434.6112,0.0238224025242281
13712,15320.531136,1,73150454.592,0.0201764091216424
13713,15320.551136,2,73150474.6624,0.0238224025242281
13714,15320.571136,1,73150494.6176,0.0201374802794681
13715,15320.591136,2,73150514.5472,0.0237568381584609
13716,15320.611136,1,73150534.6944,0.0201968979859446
13717,15320.631136,2,73150554.6496,0.0238859180035651
13718,15320.651136,1,73150574.7968,0.0202071424180958
13719,15320.671136,2,73150594.6752,0.0239381646075358
13720,15320.691136,1,73150614.5792,0.020118015858381
13721,15320.711136,2,73150634.8032,0.0237865470116991
13722,15320.731136,1,73150654.6688,0.0200575737086893
13723,15320.751136,2,73150674.7136,0.0238070358760014
13724,15320.771136,1,73150696.8832,0.0201415780523286
13725,15320.791136,2,73150714.7136,0.0239187001864487
13726,15320.811136,1,73150734.72,0.0201323580633925
13727,15320.831136,2,73150754.7264,0.0238705513553384
13728,15320.851136,1,73150774.6688,0.0201815313377179
13729,15320.871136,2,73150794.688,0.023894113549286
13730,15320.891136,1,73150814.7584,0.0201139180855205
13731,15320.911136,2,73150834.6496,0.0238357202860245
13732,15320.931136,1,73150854.6432,0.0201395291658983
13733,15320.951136,2,73150874.9312,0.0238685024689081
13734,15320.971136,1,73150894.656,0.020145675825189
13735,15320.991136,2,73150914.6368,0.0237783514659782
13736,15321.011136,1,73150934.7968,0.0202645112381421
13737,15321.031136,2,73150954.7776,0.0238142069785072
13738,15321.051136,1,73150975.36,0.0200872825619276
13739,15321.071136,2,73150994.6496,0.0237660581473969
13740,15321.091136,1,73151014.6176,0.0201067469830147
13741,15321.111136,2,73151034.5856,0.0237814247956236
13742,15321.131136,1,73151054.6176,0.020136455836253
13743,15321.151136,2,73151074.7904,0.0237629848177516
13744,15321.171136,1,73151094.6944,0.0201846046673633
13745,15321.191136,2,73151114.624,0.023703567111275
13746,15321.211136,1,73151134.656,0.0201405536091134
13747,15321.231136,2,73151154.7008,0.0236963960087692
13748,15321.251136,1,73151174.8096,0.0201702624623517
13749,15321.271136,2,73151194.8544,0.0236769315876821
13750,15321.291136,1,73151215.0016,0.0201098203126601
13751,15321.311136,2,73151234.6496,0.023739422623804
13752,15321.331136,1,73151254.6944,0.0200688425840556
13753,15321.351136,2,73151274.8288,0.0237158604298564
13754,15321.371136,1,73151294.7456,0.0201231380744565
13755,15321.391136,2,73151314.7264,0.0236707849283914
13756,15321.411136,1,73151334.6816,0.0200944536644334
13757,15321.431136,2,73151354.7008,0.0237926936709898
13758,15321.451136,1,73151376.7552,0.0200749892433462
13759,15321.471136,2,73151394.8032,0.0237291781916528
13760,15321.491136,1,73151414.6944,0.0200760136865614
13761,15321.511136,2,73151434.9056,0.0238224025242281
13762,15321.531136,1,73151454.8224,0.0201436269387588
13763,15321.551136,2,73151474.7136,0.0237885958981294
13764,15321.571136,1,73151494.8096,0.0201200647448112
13765,15321.591136,2,73151514.6752,0.0237312270780831
13766,15321.611136,1,73151534.8224,0.0201231380744565
13767,15321.631136,2,73151554.6752,0.0237261048620075
13768,15321.651136,1,73151574.7328,0.0199653738193292
13769,15321.671136,2,73151594.7392,0.0236461982912287
13770,15321.691136,1,73151614.6688,0.020009424877579
13771,15321.711136,2,73151634.7264,0.0236605404962403
13772,15321.731136,1,73151654.7712,0.0200145470936546
13773,15321.751136,2,73151674.7008,0.0236656627123159
13774,15321.771136,1,73151694.8224,0.0200780625729916
13775,15321.791136,2,73151714.7904,0.0236533693937345
13776,15321.811136,1,73151734.7712,0.0200237670825906
13777,15321.831136,2,73151754.8544,0.0236523449505194
13778,15321.851136,1,73151774.8992,0.0200217181961604
13779,15321.871136,2,73151794.7648,0.0237506914991702
13780,15321.891136,1,73151814.9376,0.0199571782736083
13781,15321.911136,2,73151834.9824,0.0237537648288155
13782,15321.931136,1,73151854.784,0.0199612760464687
13783,15321.951136,2,73151874.816,0.0238603069231872
13784,15321.971136,1,73151894.9888,0.0199459093982421
13785,15321.991136,2,73151914.688,0.0239350912778905
13786,15322.011136,1,73151934.7456,0.0199418116253816
13787,15322.031136,2,73151955.008,0.0238326469563792
13788,15322.051136,1,73151974.7968,0.020054500379044
13789,15322.071136,2,73151995.0336,0.0238664535824779
13790,15322.091136,1,73152014.7712,0.0200790870162067
13791,15322.111136,2,73152034.7264,0.0237527403856004
13792,15322.131136,1,73152055.0272,0.020045280390108
13793,15322.151136,2,73152075.0336,0.023812158092077
13794,15322.171136,1,73152095.0016,0.0200278648554511
13795,15322.191136,2,73152114.7776,0.0236656627123159
13796,15322.211136,1,73152134.7072,0.0201046980965845
13797,15322.231136,2,73152154.7392,0.0236492716208741
13798,15322.251136,1,73152175.0784,0.0200053271047186
13799,15322.271136,2,73152194.8032,0.0236820538037577
13800,15322.291136,1,73152215.0016,0.0200145470936546
13801,15322.311136,2,73152235.0208,0.0236882004630483
13802,15322.331136,1,73152254.848,0.0200596225951196
13803,15322.351136,2,73152275.0464,0.0236134161083451
13804,15322.371136,1,73152294.9248,0.020036060401172
13805,15322.391136,2,73152314.8032,0.0236082938922696
13806,15322.411136,1,73152334.7584,0.0200770381297765
13807,15322.431136,2,73152354.8416,0.0236421005183683
13808,15322.451136,1,73152375.0528,0.02006372036798
13809,15322.471136,2,73152394.816,0.0235734628229557
13810,15322.491136,1,73152414.8096,0.0200678181408405
13811,15322.511136,2,73152434.8544,0.0235775605958162
13812,15322.531136,1,73152454.784,0.0200022537750732
13813,15322.551136,2,73152474.8672,0.023657467166595
13814,15322.571136,1,73152494.8096,0.0200688425840556
13815,15322.591136,2,73152514.816,0.0236605404962403
13816,15322.611136,1,73152534.976,0.0200975269940787
13817,15322.631136,2,73152554.816,0.0237250804187924
13818,15322.651136,1,73152574.8096,0.0200708914704858
13819,15322.671136,2,73152594.816,0.0237271293052226
13820,15322.691136,1,73152614.9376,0.0200084004343639
13821,15322.711136,2,73152634.9056,0.0237906447845596
13822,15322.731136,1,73152654.9632,0.0200504026061835
13823,15322.751136,2,73152674.8032,0.0237681070338271
13824,15322.771136,1,73152695.04,0.0201497735980495
13825,15322.791136,2,73152714.9952,0.0238469891613908
13826,15322.811136,1,73152734.9888,0.0201139180855205
13827,15322.831136,2,73152754.8544,0.0238049869895712
13828,15322.851136,1,73152774.9632,0.0200657692544102
13829,15322.871136,2,73152794.9952,0.0237599114881062
13830,15322.891136,1,73152814.848,0.0199838137972012
13831,15322.911136,2,73152834.9568,0.02379474255742
13832,15322.931136,1,73152854.8608,0.0201221136312414
13833,15322.951136,2,73152875.1488,0.0237240559755773
13834,15322.971136,1,73152894.8864,0.020054500379044
13835,15322.991136,2,73152914.9184,0.0237250804187924
13836,15323.011136,1,73152935.0912,0.0200422070604626
13837,15323.031136,2,73152954.8672,0.023657467166595
13838,15323.051136,1,73152974.9248,0.0200176204232999
13839,15323.071136,2,73152994.944,0.0236421005183683
13840,15323.091136,1,73153014.848,0.0200565492654742
13841,15323.111136,2,73153035.136,0.0236052205626242
13842,15323.131136,1,73153054.8608,0.0200514270493987
13843,15323.151136,2,73153074.9696,0.0236646382691007
13844,15323.171136,1,73153095.0272,0.0200647448111951
13845,15323.191136,2,73153114.8672,0.023712787100211
13846,15323.211136,1,73153135.0016,0.0200688425840556
13847,15323.231136,2,73153155.0336,0.0237220070891471
13848,15323.251136,1,73153174.9632,0.0200217181961604
13849,15323.271136,2,73153195.0464,0.0237496670559551
13850,15323.291136,1,73153215.0016,0.0199961071157826
13851,15323.311136,2,73153235.072,0.0236707849283914
13852,15323.331136,1,73153255.1808,0.0200585981519044
13853,15323.351136,2,73153274.9312,0.0236267338701416
13854,15323.371136,1,73153295.0016,0.0200084004343639
13855,15323.391136,2,73153314.9312,0.0236134161083451
13856,15323.411136,1,73153335.0016,0.0201282602905321
13857,15323.431136,2,73153355.0464,0.0236390271887229
13858,15323.451136,1,73153375.04,0.0199961071157826
13859,15323.471136,2,73153394.9056,0.0235796094822464
13860,15323.491136,1,73153415.0144,0.0200596225951196
13861,15323.511136,2,73153434.944,0.023567316163665
13862,15323.531136,1,73153454.9504,0.0200084004343639
13863,15323.551136,2,73153474.9312,0.023630831643002
13864,15323.571136,1,73153494.9632,0.0200442559468929
13865,15323.591136,2,73153515.1744,0.0236646382691007
13866,15323.611136,1,73153534.9248,0.0199520560575327
13867,15323.631136,2,73153555.1488,0.0236410760751532
13868,15323.651136,1,73153575.0144,0.0199797160243408
13869,15323.671136,2,73153594.944,0.0237117626569959
13870,15323.691136,1,73153614.9632,0.0200473292765382
13871,15323.711136,2,73153634.9696,0.0236963960087692
13872,15323.731136,1,73153655.1296,0.020000204888643
13873,15323.751136,2,73153675.0336,0.0237066404409204
13874,15323.771136,1,73153695.1424,0.020091380334788
13875,15323.791136,2,73153714.944,0.0237291781916528
13876,15323.811136,1,73153735.168,0.020018644866515
13877,15323.831136,2,73153755.1744,0.0237926936709898
13878,15323.851136,1,73153775.0144,0.0200719159137009
13879,15323.871136,2,73153794.9824,0.0237568381584609
13880,15323.891136,1,73153815.232,0.0200227426393755
13881,15323.911136,2,73153834.9824,0.0237373737373737
13882,15323.931136,1,73153854.976,0.0200104493207941
13883,15323.951136,2,73153875.136,0.0237148359866413
13884,15323.971136,1,73153894.976,0.0200176204232999
13885,15323.991136,2,73153914.944,0.023640051631938
13886,15324.011136,1,73153934.976,0.020009424877579
13887,15324.031136,2,73153955.008,0.023694347122339
13888,15324.051136,1,73153975.104,0.0199561538303932
13889,15324.071136,2,73153994.9952,0.023712787100211
13890,15324.091136,1,73154014.9888,0.0200350359579568
13891,15324.111136,2,73154035.136,0.0236318560862171
13892,15324.131136,1,73154054.9888,0.0200585981519044
13893,15324.151136,2,73154075.0848,0.0236871760198332
13894,15324.171136,1,73154095.2064,0.0199930337861372
13895,15324.191136,2,73154115.0848,0.0236892249062634
13896,15324.211136,1,73154134.9888,0.020054500379044
13897,15324.231136,2,73154154.9952,0.0236390271887229
13898,15324.251136,1,73154176.3456,0.020054500379044
13899,15324.271136,2,73154195.136,0.0236421005183683
13900,15324.291136,1,73154215.168,0.02006372036798
13901,15324.311136,2,73154235.0976,0.023603171676194
13902,15324.331136,1,73154255.0016,0.0199397627389514
13903,15324.351136,2,73154275.1232,0.0236359538590776
13904,15324.371136,1,73154295.104,0.0200165959800848
13905,15324.391136,2,73154315.2,0.0236226360972811
13906,15324.411136,1,73154335.0656,0.0200657692544102
13907,15324.431136,2,73154355.1104,0.0236984448951995
13908,15324.451136,1,73154375.0912,0.0200012293318581
13909,15324.471136,2,73154395.1232,0.0237599114881062
13910,15324.491136,1,73154415.1168,0.0200555248222591
13911,15324.511136,2,73154435.072,0.0237537648288155
13912,15324.531136,1,73154455.1552,0.0200780625729916
13913,15324.551136,2,73154475.1488,0.0237537648288155
13914,15324.571136,1,73154495.0144,0.0200975269940787
13915,15324.591136,2,73154515.5712,0.023685127133403
13916,15324.611136,1,73154535.168,0.0200227426393755
13917,15324.631136,2,73154555.0848,0.0237250804187924
13918,15324.651136,1,73154575.1296,0.0199551293871781
13919,15324.671136,2,73154595.1872,0.0236677115987461
13920,15324.691136,1,73154615.04,0.0200278648554511
13921,15324.711136,2,73154635.0592,0.0236533693937345
13922,15324.731136,1,73154655.1296,0.0200831847890671
13923,15324.751136,2,73154675.1744,0.0236103427786998
13924,15324.771136,1,73154695.2448,0.0199418116253816
13925,15324.791136,2,73154715.3024,0.0236871760198332
13926,15324.811136,1,73154735.104,0.0200883070051427
13927,15324.831136,2,73154755.1744,0.0236267338701416
13928,15324.851136,1,73154775.1424,0.0200084004343639
13929,15324.871136,2,73154795.0848,0.0236615649394554
13930,15324.891136,1,73154815.1424,0.0200463048333231
13931,15324.911136,2,73154835.136,0.0236421005183683
13932,15324.931136,1,73154855.3344,0.019981764910771
13933,15324.951136,2,73154875.072,0.0236841026901879
13934,15324.971136,1,73154895.2064,0.0199940582293523
13935,15324.991136,2,73154915.1232,0.0237209826459319
13936,15325.011136,1,73154935.1552,0.0199418116253816
13937,15325.031136,2,73154955.3152,0.0237609359313213
13938,15325.051136,1,73154975.6928,0.0200678181408405
13939,15325.071136,2,73154995.0976,0.0238039625463561
13940,15325.091136,1,73155015.1296,0.020045280390108
13941,15325.111136,2,73155035.1744,0.0238275247403036
13942,15325.131136,1,73155055.0912,0.0199848382404163
13943,15325.151136,2,73155075.1872,0.0237496670559551
13944,15325.171136,1,73155095.1552,0.0200667936976253
13945,15325.191136,2,73155115.1744,0.0237926936709898
13946,15325.211136,1,73155135.1168,0.0199715204786199
13947,15325.231136,2,73155155.2256,0.0237814247956236
13948,15325.251136,1,73155175.2448,0.0200124982072244
13949,15325.271136,2,73155195.4304,0.0237804003524085
13950,15325.291136,1,73155215.296,0.0200370848443871
13951,15325.311136,2,73155235.4176,0.0237004937816297
13952,15325.331136,1,73155255.1296,0.0200176204232999
13953,15325.351136,2,73155275.2,0.0237804003524085
13954,15325.371136,1,73155295.232,0.0200585981519044
13955,15325.391136,2,73155315.2768,0.023630831643002
13956,15325.411136,1,73155335.1168,0.0200176204232999
13957,15325.431136,2,73155355.1232,0.0236902493494786
13958,15325.451136,1,73155375.2448,0.020026840412236
13959,15325.471136,2,73155395.2128,0.0236318560862171
13960,15325.491136,1,73155415.2832,0.0199950826725675
13961,15325.511136,2,73155435.2384,0.0236912737926937
13962,15325.531136,1,73155455.1552,0.0200104493207941
13963,15325.551136,2,73155475.5456,0.0237261048620075
13964,15325.571136,1,73155495.3856,0.0200493781629684
13965,15325.591136,2,73155515.3152,0.0238060114327863
13966,15325.611136,1,73155535.2192,0.020082160345852
13967,15325.631136,2,73155555.3792,0.0237414715102342
13968,15325.651136,1,73155575.1808,0.0200616714815498
13969,15325.671136,2,73155595.328,0.0237066404409204
13970,15325.691136,1,73155615.1808,0.0199786915811257
13971,15325.711136,2,73155635.4304,0.0236994693384146
13972,15325.731136,1,73155655.1808,0.0201200647448112
13973,15325.751136,2,73155675.2,0.0236697604851763
13974,15325.771136,1,73155695.1808,0.0200626959247649
13975,15325.791136,2,73155715.264,0.0236625893826705
13976,15325.811136,1,73155735.2192,0.0200924047780032
13977,15325.831136,2,73155755.2768,0.02361239166513
13978,15325.851136,1,73155775.8592,0.0199879115700617
13979,15325.871136,2,73155795.2256,0.0236421005183683
13980,15325.891136,1,73155815.2704,0.020045280390108
13981,15325.911136,2,73155835.2384,0.0236041961194091
13982,15325.931136,1,73155855.1936,0.0199715204786199
13983,15325.951136,2,73155875.2256,0.0235775605958162
13984,15325.971136,1,73155895.2064,0.0200206937529453
13985,15325.991136,2,73155915.3536,0.0236533693937345
13986,15326.011136,1,73155935.3216,0.0199950826725675
13987,15326.031136,2,73155955.2384,0.0237138115434261
13988,15326.051136,1,73155975.3088,0.0200114737640093
13989,15326.071136,2,73155995.3536,0.0236769315876821
13990,15326.091136,1,73156015.232,0.0200217181961604
13991,15326.111136,2,73156035.3792,0.0236287827565718
13992,15326.131136,1,73156055.4112,0.0200493781629684
13993,15326.151136,2,73156075.2384,0.0236246849837114
13994,15326.171136,1,73156095.2448,0.0200442559468929
13995,15326.191136,2,73156115.3024,0.0236922982359088
13996,15326.211136,1,73156135.424,0.0200647448111951
13997,15326.231136,2,73156155.5072,0.0236984448951995
13998,15326.251136,1,73156175.5904,0.0201016247669392
13999,15326.271136,2,73156195.3664,0.0237353248509435
14000,15326.291136,1,73156215.2192,0.0200831847890671
14001,15326.311136,2,73156235.3408,0.0237363492941586
14002,15326.331136,1,73156255.3344,0.0202009957588051
14003,15326.351136,2,73156275.2256,0.0237599114881062
14004,15326.371136,1,73156295.2064,0.0200780625729916
14005,15326.391136,2,73156315.2256,0.023785522568484
14006,15326.411136,1,73156335.2064,0.0201651402462762
14007,15326.431136,2,73156355.1744,0.0239740201200647
14008,15326.451136,1,73156375.3344,0.02019997131559
14009,15326.471136,2,73156395.2384,0.024048804474768
14010,15326.491136,1,73156415.2192,0.0201876779970086
14011,15326.511136,2,73156435.456,0.0241338332616223
14012,15326.531136,1,73156455.3472,0.0201559202573401
14013,15326.551136,2,73156475.3024,0.0242116909459709
14014,15326.571136,1,73156495.232,0.0201835802241482
14015,15326.591136,2,73156515.3408,0.0241789087630873
14016,15326.611136,1,73156535.488,0.0202081668613109
14017,15326.631136,2,73156555.4688,0.0241512487962792
14018,15326.651136,1,73156575.2192,0.0202481201467003
14019,15326.671136,2,73156595.52,0.0241010510787387
14020,15326.691136,1,73156615.3216,0.0202194357366771
14021,15326.711136,2,73156635.4688,0.0240692933390702
14022,15326.731136,1,73156655.3984,0.0201835802241482
14023,15326.751136,2,73156675.2768,0.0239955334275821
14024,15326.771136,1,73156695.3728,0.0201815313377179
14025,15326.791136,2,73156715.2768,0.0240846599872969
14026,15326.811136,1,73156735.3088,0.0202061179748807
14027,15326.831136,2,73156755.3536,0.0241071977380294
14028,15326.851136,1,73156775.3088,0.0202624623517118
14029,15326.871136,2,73156795.2512,0.0241789087630873
14030,15326.891136,1,73156815.36,0.0201497735980495
14031,15326.911136,2,73156835.3408,0.0242424242424242
14032,15326.931136,1,73156855.2448,0.0202061179748807
14033,15326.951136,2,73156875.3024,0.0241912020816686
14034,15326.971136,1,73156895.2704,0.0201497735980495
14035,15326.991136,2,73156915.2768,0.0243919929518307
14036,15327.011136,1,73156935.5136,0.0202286557256131
14037,15327.031136,2,73156955.4304,0.0244432151125863
14038,15327.051136,1,73156975.3216,0.020136455836253
14039,15327.071136,2,73156995.2512,0.0243653574282378
14040,15327.091136,1,73157015.2832,0.0201928002130842
14041,15327.111136,2,73157035.4304,0.0242147642756162
14042,15327.131136,1,73157055.3088,0.0202050935316655
14043,15327.151136,2,73157075.3664,0.0241696887741513
14044,15327.171136,1,73157095.296,0.0202102157477411
14045,15327.191136,2,73157115.3536,0.0241348577048374
14046,15327.211136,1,73157135.3088,0.0201692380191366
14047,15327.231136,2,73157155.5456,0.0240621222365644
14048,15327.251136,1,73157175.4752,0.0203065134099617
14049,15327.271136,2,73157195.4944,0.0240887577601574
14050,15327.291136,1,73157215.3216,0.020190751326654
14051,15327.311136,2,73157235.3408,0.0241082221812445
14052,15327.331136,1,73157255.3216,0.0202798778863688
14053,15327.351136,2,73157275.3792,0.0241430532505583
14054,15327.371136,1,73157295.5392,0.020218411293462
14055,15327.391136,2,73157315.3408,0.0240979777490934
14056,15327.411136,1,73157335.3088,0.0202389001577643
14057,15327.431136,2,73157355.3408,0.0240570000204889
14058,15327.451136,1,73157375.3728,0.0202757801135083
14059,15327.471136,2,73157395.5328,0.0240180711783146
14060,15327.491136,1,73157415.3728,0.0201794824512877
14061,15327.511136,2,73157435.3408,0.0240457311451226
14062,15327.531136,1,73157455.4112,0.0201794824512877
14063,15327.551136,2,73157475.4688,0.0240016800868728
14064,15327.571136,1,73157495.3344,0.0201610424734157
14065,15327.591136,2,73157515.3536,0.0240006556436577
14066,15327.611136,1,73157535.3216,0.0202132890773864
14067,15327.631136,2,73157555.392,0.0239904112115065
14068,15327.651136,1,73157575.7056,0.0201846046673633
14069,15327.671136,2,73157595.392,0.0239535312557625
14070,15327.691136,1,73157615.3856,0.0202573401356363
14071,15327.711136,2,73157635.6224,0.023858258036757
14072,15327.731136,1,73157655.488,0.0201405536091134
14073,15327.751136,2,73157675.4944,0.0238818202307046
14074,15327.771136,1,73157695.5776,0.0201835802241482
14075,15327.791136,2,73157715.52,0.0239770934497101
14076,15327.811136,1,73157735.424,0.0201528469276948
14077,15327.831136,2,73157755.456,0.0240262667240355
14078,15327.851136,1,73157775.424,0.0202378757145491
14079,15327.871136,2,73157795.6736,0.0240570000204889
14080,15327.891136,1,73157815.4624,0.0202614379084967
14081,15327.911136,2,73157835.5328,0.0241051488515992
14082,15327.931136,1,73157855.424,0.0202809023295839
14083,15327.951136,2,73157875.4176,0.0241737865470117
14084,15327.971136,1,73157895.424,0.0201764091216424
14085,15327.991136,2,73157915.4944,0.0241666154445059
14086,15328.011136,1,73157935.5008,0.0201917757698691
14087,15328.031136,2,73157955.5328,0.0242608642202963
14088,15328.051136,1,73157975.5136,0.020209191304526
14089,15328.071136,2,73157995.4176,0.024176859876657
14090,15328.091136,1,73158015.4368,0.0202266068391829
14091,15328.111136,2,73158035.6096,0.0241871043088082
14092,15328.131136,1,73158055.6032,0.0202737312270781
14093,15328.151136,2,73158075.4816,0.0240877333169422
14094,15328.171136,1,73158095.5136,0.0201528469276948
14095,15328.191136,2,73158115.4432,0.0240262667240355
14096,15328.211136,1,73158135.4368,0.0201917757698691
14097,15328.231136,2,73158155.6352,0.0240016800868728
14098,15328.251136,1,73158175.5008,0.0201651402462762
14099,15328.271136,2,73158195.5968,0.0239863134386461
14100,15328.291136,1,73158215.5008,0.0201846046673633
14101,15328.311136,2,73158235.5072,0.0239934845411519
14102,15328.331136,1,73158255.424,0.0202132890773864
14103,15328.351136,2,73158275.6736,0.0239197246296638
14104,15328.371136,1,73158295.4752,0.0201507980412646
14105,15328.391136,2,73158315.4944,0.0239811912225705
14106,15328.411136,1,73158335.4368,0.0201415780523286
14107,15328.431136,2,73158355.4304,0.0239801667793554
14108,15328.451136,1,73158375.6032,0.0201077714262298
14109,15328.471136,2,73158395.4944,0.0238900157764255
14110,15328.491136,1,73158415.488,0.0200340115147417
14111,15328.511136,2,73158435.456,0.0238797713442744
14112,15328.531136,1,73158455.4496,0.0200975269940787
14113,15328.551136,2,73158475.8784,0.0238316225131641
14114,15328.571136,1,73158495.5136,0.0200739648001311
14115,15328.591136,2,73158515.5072,0.0238408425021001
14116,15328.611136,1,73158535.4752,0.0200237670825906
14117,15328.631136,2,73158555.4816,0.0238869424467802
14118,15328.651136,1,73158575.4368,0.0200924047780032
14119,15328.671136,2,73158595.4816,0.0238295736267339
14120,15328.691136,1,73158615.5264,0.0200370848443871
14121,15328.711136,2,73158635.456,0.0237926936709898
14122,15328.731136,1,73158655.5008,0.0200698670272707
14123,15328.751136,2,73158675.5456,0.0237547892720306
14124,15328.771136,1,73158695.5136,0.0201057225397996
14125,15328.791136,2,73158715.4944,0.0237660581473969
14126,15328.811136,1,73158735.616,0.0201292847337472
14127,15328.831136,2,73158755.5072,0.0237865470116991
14128,15328.851136,1,73158775.6032,0.020108795869445
14129,15328.871136,2,73158795.4688,0.0237547892720306
14130,15328.891136,1,73158815.552,0.0201436269387588
14131,15328.911136,2,73158835.4816,0.023739422623804
14132,15328.931136,1,73158855.5136,0.0201221136312414
14133,15328.951136,2,73158875.5328,0.0237117626569959
14134,15328.971136,1,73158895.5776,0.020164115803061
14135,15328.991136,2,73158915.6864,0.0237230315323622
14136,15329.011136,1,73158935.5392,0.0201968979859446
14137,15329.031136,2,73158955.5456,0.0237681070338271
14138,15329.051136,1,73158975.6032,0.0201712869055668
14139,15329.071136,2,73158995.5456,0.0238336713995943
14140,15329.091136,1,73159015.5648,0.0201753846784273
14141,15329.111136,2,73159035.52,0.0238654291392628
14142,15329.131136,1,73159055.5136,0.0202296801688282
14143,15329.151136,2,73159075.5456,0.0238295736267339
14144,15329.171136,1,73159095.5904,0.0201579691437704
14145,15329.191136,2,73159115.52,0.023821378081013
14146,15329.211136,1,73159135.616,0.02019997131559
14147,15329.231136,2,73159155.5456,0.0238357202860245
14148,15329.251136,1,73159175.5392,0.0201589935869855
14149,15329.271136,2,73159195.584,0.0238326469563792
14150,15329.291136,1,73159215.552,0.0201497735980495
14151,15329.311136,2,73159235.5584,0.0238428913885303
14152,15329.331136,1,73159255.5904,0.0202194357366771
14153,15329.351136,2,73159275.5712,0.023839818058885
14154,15329.371136,1,73159295.6928,0.0202194357366771
14155,15329.391136,2,73159315.6096,0.0238531358206815
14156,15329.411136,1,73159335.744,0.0201835802241482
14157,15329.431136,2,73159355.5712,0.0238265002970885
14158,15329.451136,1,73159375.552,0.020127235847317
14159,15329.471136,2,73159395.584,0.0238500624910361
14160,15329.491136,1,73159415.5904,0.0201753846784273
14161,15329.511136,2,73159435.6096,0.0238654291392628
14162,15329.531136,1,73159455.616,0.0201354313930379
14163,15329.551136,2,73159475.6224,0.0238172803081525
14164,15329.571136,1,73159495.6032,0.0201651402462762
14165,15329.591136,2,73159515.9808,0.0238367447292397
14166,15329.611136,1,73159535.9488,0.0201559202573401
14167,15329.631136,2,73159555.6224,0.023858258036757
14168,15329.651136,1,73159575.744,0.0200893314483578
14169,15329.671136,2,73159595.6096,0.023876698014629
14170,15329.691136,1,73159615.6288,0.0200493781629684
14171,15329.711136,2,73159635.6224,0.0238295736267339
14172,15329.731136,1,73159655.6288,0.0201098203126601
14173,15329.751136,2,73159675.6224,0.0237568381584609
14174,15329.771136,1,73159695.6416,0.0200176204232999
14175,15329.791136,2,73159715.6096,0.0237097137705657
14176,15329.811136,1,73159735.616,0.0199479582846723
14177,15329.831136,2,73159755.6352,0.0236554182801647
14178,15329.851136,1,73159775.6288,0.0200504026061835
14179,15329.871136,2,73159795.584,0.0237281537484377
14180,15329.891136,1,73159815.616,0.0200043026615035
14181,15329.911136,2,73159835.6224,0.0236595160530252
14182,15329.931136,1,73159855.6416,0.0200329870715266
14183,15329.951136,2,73159875.6736,0.0236646382691007
14184,15329.971136,1,73159895.6544,0.020000204888643
14185,15329.991136,2,73159915.6096,0.0237312270780831
14186,15330.011136,1,73159935.7056,0.020026840412236
14187,15330.031136,2,73159955.6608,0.0237937181142049
14188,15330.051136,1,73159975.7056,0.0200309381850964
14189,15330.071136,2,73159995.6736,0.0236738582580368
14190,15330.091136,1,73160015.68,0.0200155715368697
14191,15330.111136,2,73160035.6864,0.0236236605404962
14192,15330.131136,1,73160055.6416,0.020026840412236
14193,15330.151136,2,73160075.6992,0.0237271293052226
14194,15330.171136,1,73160095.6544,0.0200196693097302
14195,15330.191136,2,73160115.6608,0.0237261048620075
14196,15330.211136,1,73160135.6928,0.0200442559468929
14197,15330.231136,2,73160155.648,0.0237988403302805
14198,15330.251136,1,73160175.7312,0.0201046980965845
14199,15330.271136,2,73160195.712,0.0237179093162866
14200,15330.291136,1,73160215.7056,0.0200196693097302
14201,15330.311136,2,73160236.0064,0.0237158604298564
14202,15330.331136,1,73160255.68,0.0200473292765382
14203,15330.351136,2,73160275.7248,0.0236871760198332
14204,15330.371136,1,73160295.6928,0.0200258159690208
14205,15330.391136,2,73160315.9808,0.0236502960640892
14206,15330.411136,1,73160335.7312,0.0200555248222591
14207,15330.431136,2,73160355.6992,0.0236431249615834
14208,15330.451136,1,73160375.7568,0.0200432315036778
14209,15330.471136,2,73160395.6608,0.0236318560862171
14210,15330.491136,1,73160415.744,0.0201282602905321
14211,15330.511136,2,73160435.6992,0.0236861515766181
14212,15330.531136,1,73160455.7184,0.0201036736533694
14213,15330.551136,2,73160475.8144,0.0237476181695249
14214,15330.571136,1,73160495.7568,0.0199848382404163
14215,15330.591136,2,73160515.6864,0.0237599114881062
14216,15330.611136,1,73160535.7952,0.0200565492654742
14217,15330.631136,2,73160555.7376,0.0236810293605425
14218,15330.651136,1,73160575.7568,0.0200749892433462
14219,15330.671136,2,73160595.776,0.0238049869895712
14220,15330.691136,1,73160615.744,0.0200319626283115
14221,15330.711136,2,73160635.7248,0.0237056159977052
14222,15330.731136,1,73160655.7696,0.0200534759358289
14223,15330.751136,2,73160675.776,0.0237343004077284
14224,15330.771136,1,73160695.744,0.0200401581740324
14225,15330.791136,2,73160715.7504,0.0237332759645133
14226,15330.811136,1,73160735.7312,0.0200688425840556
14227,15330.831136,2,73160755.7504,0.0236625893826705
14228,15330.851136,1,73160775.8592,0.0200831847890671
14229,15330.871136,2,73160795.7376,0.0236595160530252
14230,15330.891136,1,73160815.7184,0.0200903558915729
14231,15330.911136,2,73160835.7888,0.0236277583133567
14232,15330.931136,1,73160855.7568,0.0199766426946954
14233,15330.951136,2,73160875.7632,0.0236892249062634
14234,15330.971136,1,73160895.7824,0.0200340115147417
14235,15330.991136,2,73160915.7504,0.0236912737926937
14236,15331.011136,1,73160935.7696,0.020082160345852
14237,15331.031136,2,73160955.7888,0.0236349294158625
14238,15331.051136,1,73160975.9488,0.0200698670272707
14239,15331.071136,2,73160995.84,0.0236605404962403
14240,15331.091136,1,73161015.8336,0.0199889360132768
14241,15331.111136,2,73161035.904,0.0236523449505194
14242,15331.131136,1,73161055.808,0.020009424877579
14243,15331.151136,2,73161075.7888,0.0235898539143975
14244,15331.171136,1,73161096.128,0.0200708914704858
14245,15331.191136,2,73161115.8144,0.0236779560308972
14246,15331.211136,1,73161135.7696,0.0200555248222591
14247,15331.231136,2,73161155.7632,0.0235519495154384
14248,15331.251136,1,73161175.8336,0.0200084004343639
14249,15331.271136,2,73161195.7504,0.0235458028561477
14250,15331.291136,1,73161216.0512,0.0200043026615035
14251,15331.311136,2,73161235.84,0.0236267338701416
14252,15331.331136,1,73161255.7824,0.0200022537750732
14253,15331.351136,2,73161275.8016,0.0235294117647059
14254,15331.371136,1,73161296.1152,0.0199899604564919
14255,15331.391136,2,73161316.0832,0.0235693650500953
14256,15331.411136,1,73161335.8848,0.0200688425840556
14257,15331.431136,2,73161356.5056,0.0235519495154384
14258,15331.451136,1,73161375.8592,0.0199971315589977
14259,15331.471136,2,73161395.8272,0.0235499006290081
14260,15331.491136,1,73161415.8208,0.0200196693097302
14261,15331.511136,2,73161435.9424,0.0235734628229557
14262,15331.531136,1,73161455.8464,0.0200883070051427
14263,15331.551136,2,73161475.9424,0.0235437539697175
14264,15331.571136,1,73161495.8592,0.0200801114594218
14265,15331.591136,2,73161515.8528,0.0235447784129326
14266,15331.611136,1,73161535.8336,0.0200678181408405
14267,15331.631136,2,73161555.9424,0.0235816583686766
14268,15331.651136,1,73161576.1792,0.0199940582293523
14269,15331.671136,2,73161595.8528,0.023593951687258
14270,15331.691136,1,73161615.8592,0.0200698670272707
14271,15331.711136,2,73161635.8144,0.0236318560862171
14272,15331.731136,1,73161655.8464,0.0200493781629684
14273,15331.751136,2,73161675.9168,0.0236175138812056
14274,15331.771136,1,73161696.1664,0.0200473292765382
14275,15331.791136,2,73161715.8656,0.0236707849283914
14276,15331.811136,1,73161735.9488,0.019990984899707
14277,15331.831136,2,73161755.904,0.0236800049173274
14278,15331.851136,1,73161776.1664,0.020036060401172
14279,15331.871136,2,73161796.1984,0.0235714139365255
14280,15331.891136,1,73161815.9232,0.0200688425840556
14281,15331.911136,2,73161835.8912,0.0236093183354847
14282,15331.931136,1,73161855.8208,0.0200657692544102
14283,15331.951136,2,73161875.8912,0.0236134161083451
14284,15331.971136,1,73161895.8848,0.0200534759358289
14285,15331.991136,2,73161915.8528,0.0235662917204499
14286,15332.011136,1,73161935.8848,0.0200739648001311
14287,15332.031136,2,73161955.8912,0.0235519495154384
14288,15332.051136,1,73161975.9488,0.0200381092876022
14289,15332.071136,2,73161995.9168,0.0235662917204499
14290,15332.091136,1,73162015.8592,0.0200422070604626
14291,15332.111136,2,73162035.9168,0.0237015182248448
14292,15332.131136,1,73162055.9872,0.0200391337308173
14293,15332.151136,2,73162075.9424,0.0237506914991702
14294,15332.171136,1,73162095.9616,0.0200555248222591
14295,15332.191136,2,73162115.904,0.0238008892167107
14296,15332.211136,1,73162135.9104,0.0199745938082652
14297,15332.231136,2,73162155.8912,0.0237455692830946
14298,15332.251136,1,73162176.064,0.0200524514926138
14299,15332.271136,2,73162195.904,0.0236595160530252
14300,15332.291136,1,73162215.9744,0.0200401581740324
14301,15332.311136,2,73162235.9424,0.0236431249615834
14302,15332.331136,1,73162256.2688,0.0200514270493987
14303,15332.351136,2,73162276.1344,0.0236718093716065
14304,15332.371136,1,73162295.9232,0.0199643493761141
14305,15332.391136,2,73162315.9424,0.0236707849283914
14306,15332.411136,1,73162336,0.0199930337861372
14307,15332.431136,2,73162355.9552,0.0235837072551069
14308,15332.451136,1,73162376.1536,0.0200422070604626
14309,15332.471136,2,73162396.1088,0.0235755117093859
14310,15332.491136,1,73162416.2304,0.0200596225951196
14311,15332.511136,2,73162435.9552,0.0236584916098101
14312,15332.531136,1,73162456.1152,0.0200319626283115
14313,15332.551136,2,73162476.2752,0.0236154649947753
14314,15332.571136,1,73162496.128,0.0201118691990903
14315,15332.591136,2,73162516.2752,0.0236421005183683
14316,15332.611136,1,73162536.1792,0.0200288892986662
14317,15332.631136,2,73162556.0064,0.0236082938922696
14318,15332.651136,1,73162576.2304,0.0200442559468929
14319,15332.671136,2,73162595.9168,0.023621611654066
14320,15332.691136,1,73162616.0128,0.020009424877579
14321,15332.711136,2,73162635.968,0.0235785850390313
14322,15332.731136,1,73162656.1536,0.0200934292212183
14323,15332.751136,2,73162676.0064,0.0235662917204499
14324,15332.771136,1,73162696.064,0.0200514270493987
14325,15332.791136,2,73162716.0832,0.0235458028561477
14326,15332.811136,1,73162736.0384,0.0199418116253816
14327,15332.831136,2,73162756.096,0.0235201917757699
14328,15332.851136,1,73162775.9616,0.0199879115700617
14329,15332.871136,2,73162796.1344,0.0235806339254615
14330,15332.891136,1,73162816.1664,0.0200534759358289
14331,15332.911136,2,73162836.032,0.0235724383797406
14332,15332.931136,1,73162856.4352,0.0200206937529453
14333,15332.951136,2,73162876.2112,0.0236369783022927
14334,15332.971136,1,73162896.0384,0.0200196693097302
14335,15332.991136,2,73162915.9936,0.0236093183354847
14336,15333.011168,1,73162936.0256,0.0200381092876022
14337,15333.031168,2,73162956.0064,0.0236779560308972
14338,15333.051168,1,73162976.0384,0.0200145470936546
14339,15333.071168,2,73162996.032,0.0236687360419612
14340,15333.091168,1,73163016.2048,0.0199162005450038
14341,15333.111168,2,73163036.1088,0.0236154649947753
14342,15333.131168,1,73163056.064,0.0201036736533694
14343,15333.151168,2,73163076.288,0.023567316163665
14344,15333.171168,1,73163096.0256,0.0199735693650501
14345,15333.191168,2,73163116.1728,0.023675907144467
14346,15333.211168,1,73163136.32,0.0200483537197533
14347,15333.231168,2,73163156.1216,0.0235898539143975
14348,15333.251168,1,73163176.32,0.0200616714815498
14349,15333.271168,2,73163196.2496,0.0235714139365255
14350,15333.291168,1,73163216.192,0.0199735693650501
14351,15333.311168,2,73163236.1856,0.0236421005183683
14352,15333.331168,1,73163256.0896,0.020009424877579
14353,15333.351168,2,73163276.416,0.0235990739033335
14354,15333.371168,1,73163296.3456,0.0199797160243408
14355,15333.391168,2,73163316.224,0.0235806339254615
14356,15333.411168,1,73163336.2944,0.019972544921835
14357,15333.431168,2,73163356.2112,0.0236298071997869
14358,15333.451168,1,73163376.192,0.0199858626836314
14359,15333.471168,2,73163396.672,0.0235734628229557
14360,15333.491168,1,73163416.0768,0.0200381092876022
14361,15333.511168,2,73163436.1856,0.0235878050279673
14362,15333.531168,1,73163456.2176,0.0199961071157826
14363,15333.551168,2,73163476.8512,0.0236082938922696
14364,15333.571168,1,73163496.1152,0.0200401581740324
14365,15333.591168,2,73163516.1984,0.0235857561415371
14366,15333.611168,1,73163536.1152,0.0199827893539861
14367,15333.631168,2,73163556.48,0.0235427295265023
14368,15333.651168,1,73163576.2432,0.0200350359579568
14369,15333.671168,2,73163596.0576,0.0235949761304731
14370,15333.691168,1,73163616.0896,0.0200145470936546
14371,15333.711168,2,73163636.288,0.0235447784129326
14372,15333.731168,1,73163656.2432,0.0201231380744565
14373,15333.751168,2,73163676.1472,0.023621611654066
14374,15333.771168,1,73163696.3328,0.0200073759911488
14375,15333.791168,2,73163716.224,0.0237056159977052
14376,15333.811168,1,73163736.1536,0.0199766426946954
14377,15333.831168,2,73163756.0832,0.0236533693937345
14378,15333.851168,1,73163776.1536,0.0200196693097302
14379,15333.871168,2,73163796.1344,0.0236841026901879
14380,15333.891168,1,73163816.2944,0.0200350359579568
14381,15333.911168,2,73163836.352,0.023603171676194
14382,15333.931168,1,73163856.2176,0.0200155715368697
14383,15333.951168,2,73163876.4032,0.0236134161083451
14384,15333.971168,1,73163896.3968,0.0200811359026369
14385,15333.991168,2,73163916.1728,0.0236195627676358
14386,15334.011136,1,73163936.128,0.0200319626283115
14387,15334.031136,2,73163956.1984,0.0235755117093859
14388,15334.051136,1,73163976.1792,0.0200514270493987
14389,15334.071136,2,73163996.3904,0.0236277583133567
14390,15334.091136,1,73164016.1536,0.0200565492654742
14391,15334.111136,2,73164036.1984,0.0236185383244207
14392,15334.131136,1,73164056.32,0.020118015858381
14393,15334.151136,2,73164076.1472,0.0235755117093859
14394,15334.171136,1,73164096.256,0.0200924047780032
14395,15334.191136,2,73164116.1088,0.0236543938369496
14396,15334.211136,1,73164136.1536,0.0200872825619276
14397,15334.231136,2,73164156.16,0.0235806339254615
14398,15334.251136,1,73164176.3584,0.0200862581187125
14399,15334.271136,2,73164196.1472,0.0236287827565718
14400,15334.291136,1,73164216.1664,0.0201467002684041
14401,15334.311136,2,73164236.224,0.0237004937816297
14402,15334.331136,1,73164256.1536,0.020127235847317
14403,15334.351136,2,73164276.4416,0.0236871760198332
14404,15334.371136,1,73164296.1664,0.0201559202573401
14405,15334.391136,2,73164316.2368,0.0237455692830946
14406,15334.411136,1,73164336.2048,0.0200442559468929
14407,15334.431136,2,73164356.992,0.0237158604298564
14408,15334.451136,1,73164376.192,0.0201231380744565
14409,15334.471136,2,73164396.1984,0.0237701559202573
14410,15334.491136,1,73164416.1408,0.0201098203126601
14411,15334.511136,2,73164436.224,0.0236564427233798
14412,15334.531136,1,73164456.2304,0.0201200647448112
14413,15334.551136,2,73164476.5184,0.0236646382691007
14414,15334.571136,1,73164496.2048,0.0201221136312414
14415,15334.591136,2,73164516.1856,0.0236933226791239
14416,15334.611136,1,73164536.4224,0.0201917757698691
14417,15334.631136,2,73164556.1856,0.0237640092609667
14418,15334.651136,1,73164576.1792,0.0202102157477411
14419,15334.671136,2,73164596.3648,0.0237056159977052
14420,15334.691136,1,73164616.2048,0.0201026492101543
14421,15334.711136,2,73164636.1856,0.0236800049173274
14422,15334.731136,1,73164656.5376,0.0201405536091134
14423,15334.751136,2,73164676.3008,0.0236789804741123
14424,15334.771136,1,73164696.4736,0.0201395291658983
14425,15334.791136,2,73164716.2112,0.0236380027455078
14426,15334.811136,1,73164736.2432,0.0200780625729916
14427,15334.831136,2,73164756.2624,0.0236605404962403
14428,15334.851136,1,73164776.2304,0.0200442559468929
14429,15334.871136,2,73164796.224,0.0236615649394554
14430,15334.891136,1,73164816.3072,0.0200954781076485
14431,15334.911136,2,73164836.736,0.0236492716208741
14432,15334.931136,1,73164856.2176,0.0201344069498228
14433,15334.951136,2,73164876.2624,0.0237271293052226
14434,15334.971136,1,73164896.256,0.020045280390108
14435,15334.991136,2,73164916.2368,0.0236800049173274
14436,15335.011168,1,73164936.4608,0.0200514270493987
14437,15335.031168,2,73164956.4928,0.0236841026901879
14438,15335.051168,1,73164976.3072,0.0200924047780032
14439,15335.071168,2,73164996.2624,0.0236277583133567
14440,15335.091168,1,73165016.2688,0.0200626959247649
14441,15335.111168,2,73165036.3264,0.0236492716208741
14442,15335.131168,1,73165056.2944,0.0200872825619276
14443,15335.151168,2,73165076.5184,0.0235826828118917
14444,15335.171168,1,73165096.2944,0.0200043026615035
14445,15335.191168,2,73165116.2752,0.0236000983465487
14446,15335.211168,1,73165136.3072,0.0200811359026369
14447,15335.231168,2,73165156.4544,0.0236093183354847
14448,15335.251168,1,73165176.3072,0.0200924047780032
14449,15335.271168,2,73165196.3008,0.0235785850390313
14450,15335.291168,1,73165216.2816,0.020118015858381
14451,15335.311168,2,73165236.3392,0.0236492716208741
14452,15335.331168,1,73165256.3584,0.0201026492101543
14453,15335.351168,2,73165276.3648,0.023703567111275
14454,15335.371168,1,73165296.3456,0.0200585981519044
14455,15335.391168,2,73165316.3008,0.0236359538590776
14456,15335.411168,1,73165336.4864,0.0200411826172475
14457,15335.431168,2,73165356.3008,0.0236615649394554
14458,15335.451168,1,73165376.2944,0.0200473292765382
14459,15335.471168,2,73165396.3648,0.0236994693384146
14460,15335.491168,1,73165416.2944,0.0200565492654742
14461,15335.511168,2,73165436.3392,0.0237691314770422
14462,15335.531168,1,73165456.3072,0.0200319626283115
14463,15335.551168,2,73165476.8512,0.0236974204519843
14464,15335.571168,1,73165496.3072,0.0200626959247649
14465,15335.591168,2,73165516.3008,0.0237547892720306
14466,15335.611168,1,73165536.3712,0.0200801114594218
14467,15335.631168,2,73165556.416,0.0236933226791239
14468,15335.651168,1,73165576.2944,0.0201026492101543
14469,15335.671168,2,73165596.3904,0.0237506914991702
14470,15335.691168,1,73165616.32,0.0200565492654742
14471,15335.711168,2,73165636.3136,0.0237998647734956
14472,15335.731168,1,73165656.32,0.0200288892986662
14473,15335.751168,2,73165676.3648,0.0237097137705657
14474,15335.771168,1,73165696.3456,0.0200575737086893
14475,15335.791168,2,73165716.352,0.0236605404962403
14476,15335.811168,1,73165736.384,0.0200504026061835
14477,15335.831168,2,73165756.352,0.0236380027455078
14478,15335.851168,1,73165776.3712,0.019981764910771
14479,15335.871168,2,73165796.352,0.0236953715655541
14480,15335.891168,1,73165816.3584,0.0200319626283115
14481,15335.911168,2,73165836.3648,0.0237865470116991
14482,15335.931168,1,73165856.3712,0.020009424877579
14483,15335.951168,2,73165876.3648,0.02374864261274
14484,15335.971168,1,73165896.3712,0.0200596225951196
14485,15335.991168,2,73165916.3648,0.0236502960640892
14486,15336.011168,1,73165936.448,0.0199776671379105
14487,15336.031168,2,73165956.3776,0.0237158604298564
14488,15336.051168,1,73165976.5376,0.0200432315036778
14489,15336.071168,2,73165996.4416,0.0236861515766181
14490,15336.091168,1,73166016.4096,0.02006372036798
14491,15336.111168,2,73166036.3776,0.023694347122339
14492,15336.131168,1,73166056.384,0.0200760136865614
14493,15336.151168,2,73166076.4544,0.0237240559755773
14494,15336.171168,1,73166096.3584,0.0200309381850964
14495,15336.191168,2,73166116.3904,0.0236892249062634
14496,15336.211168,1,73166136.4096,0.0201046980965845
14497,15336.231168,2,73166156.3904,0.0236584916098101
14498,15336.251168,1,73166176.4864,0.0200217181961604
14499,15336.271168,2,73166196.4288,0.0236226360972811
14500,15336.291168,1,73166216.4096,0.0200442559468929
14501,15336.311168,2,73166236.416,0.0236103427786998
14502,15336.331168,1,73166256.3968,0.0200524514926138
14503,15336.351168,2,73166276.4032,0.0237015182248448
14504,15336.371168,1,73166296.4352,0.0200381092876022
14505,15336.391168,2,73166316.4672,0.0236584916098101
14506,15336.411168,1,73166336.512,0.0200124982072244
14507,15336.431168,2,73166356.7616,0.0237045915544901
14508,15336.451168,1,73166376.4608,0.0200299137418813
14509,15336.471168,2,73166396.4544,0.023675907144467
14510,15336.491168,1,73166416.4224,0.0200053271047186
14511,15336.511168,2,73166436.4672,0.0236205872108509
14512,15336.531168,1,73166456.4224,0.0200555248222591
14513,15336.551168,2,73166476.4672,0.0236359538590776
14514,15336.571168,1,73166496.6272,0.0200145470936546
14515,15336.591168,2,73166516.4288,0.0236482471776589
14516,15336.611168,1,73166536.5248,0.0200749892433462
14517,15336.631168,2,73166556.4544,0.0237117626569959
14518,15336.651168,1,73166576.4352,0.0199879115700617
14519,15336.671168,2,73166596.4928,0.0236953715655541
14520,15336.691168,1,73166616.4864,0.0200473292765382
14521,15336.711168,2,73166636.4928,0.0236687360419612
14522,15336.731168,1,73166656.4608,0.020045280390108
14523,15336.751168,2,73166676.5824,0.0236226360972811
14524,15336.771168,1,73166696.5632,0.0200411826172475
14525,15336.791168,2,73166716.4544,0.023685127133403
14526,15336.811168,1,73166736.512,0.0200206937529453
14527,15336.831168,2,73166756.5696,0.0236841026901879
14528,15336.851168,1,73166776.5248,0.0200053271047186
14529,15336.871168,2,73166796.4416,0.0236472227344438
14530,15336.891168,1,73166816.4736,0.0200401581740324
14531,15336.911168,2,73166836.5184,0.0236000983465487
14532,15336.931168,1,73166856.5248,0.019972544921835
14533,15336.951168,2,73166876.5568,0.0235990739033335
14534,15336.971168,1,73166896.4992,0.0200585981519044
14535,15336.991168,2,73166916.5184,0.0235765361526011
14536,15337.011168,1,73166936.5248,0.0200063515479337
14537,15337.031168,2,73166956.4544,0.0236287827565718
14538,15337.051168,1,73166976.5504,0.0200411826172475
14539,15337.071168,2,73166996.5056,0.0236257094269265
14540,15337.091168,1,73167016.5248,0.0200032782182884
14541,15337.111168,2,73167036.5056,0.0235775605958162
14542,15337.131168,1,73167056.6016,0.0200299137418813
14543,15337.151168,2,73167076.5056,0.0235990739033335
14544,15337.171168,1,73167096.4992,0.020026840412236
14545,15337.191168,2,73167116.544,0.023558096174729
14546,15337.211168,1,73167136.5248,0.0200790870162067
14547,15337.231168,2,73167156.5184,0.0237117626569959
14548,15337.251168,1,73167176.512,0.020054500379044
14549,15337.271168,2,73167196.5824,0.0237619603745364
14550,15337.291168,1,73167216.5376,0.0200667936976253
14551,15337.311168,2,73167236.608,0.0236492716208741
14552,15337.331168,1,73167256.6016,0.0200381092876022
14553,15337.351168,2,73167276.5824,0.0236431249615834
14554,15337.371168,1,73167296.96,0.0200022537750732
14555,15337.391168,2,73167316.6208,0.0236697604851763
14556,15337.411168,1,73167336.5632,0.0199582027168234
14557,15337.431168,2,73167357.2096,0.0236697604851763
14558,15337.451168,1,73167376.5376,0.0200616714815498
14559,15337.471168,2,73167396.544,0.0236164894379905
14560,15337.491168,1,73167416.6016,0.0200278648554511
14561,15337.511168,2,73167436.5696,0.0236625893826705
14562,15337.531168,1,73167456.5376,0.0200135226504395
14563,15337.551168,2,73167476.5952,0.0236994693384146
14564,15337.571168,1,73167496.5632,0.0200319626283115
14565,15337.591168,2,73167516.608,0.0236369783022927
14566,15337.611168,1,73167536.576,0.0200872825619276
14567,15337.631168,2,73167556.6592,0.0236175138812056
14568,15337.651168,1,73167576.576,0.0201108447558752
14569,15337.671168,2,73167596.5952,0.023630831643002
14570,15337.691168,1,73167616.5888,0.0199940582293523
14571,15337.711168,2,73167636.5824,0.0235816583686766
14572,15337.731168,1,73167656.576,0.0200381092876022
14573,15337.751168,2,73167676.5568,0.0236185383244207
14574,15337.771168,1,73167696.5504,0.0200811359026369
14575,15337.791168,2,73167716.7232,0.023666687155531
14576,15337.811168,1,73167736.6016,0.020009424877579
14577,15337.831168,2,73167756.7232,0.0237138115434261
14578,15337.851168,1,73167776.6528,0.0200575737086893
14579,15337.871168,2,73167796.6208,0.0237291781916528
14580,15337.891168,1,73167816.6272,0.0200258159690208
14581,15337.911168,2,73167836.608,0.0236615649394554
14582,15337.931168,1,73167856.768,0.0200688425840556
14583,15337.951168,2,73167876.736,0.0236820538037577
14584,15337.971168,1,73167896.7808,0.0200022537750732
14585,15337.991168,2,73167916.8128,0.0237896203413445
14586,15338.011168,1,73167936.6144,0.0200227426393755
14587,15338.031168,2,73167956.7488,0.0238244514106583
14588,15338.051168,1,73167976.8448,0.0200770381297765
14589,15338.071168,2,73167996.6336,0.0237291781916528
14590,15338.091168,1,73168016.6016,0.0200258159690208
14591,15338.111168,2,73168036.608,0.0238060114327863
14592,15338.131168,1,73168056.768,0.0200084004343639
14593,15338.151168,2,73168076.608,0.0237189337595017
14594,15338.171168,1,73168096.6272,0.0200135226504395
14595,15338.191168,2,73168116.5952,0.0236697604851763
14596,15338.211168,1,73168136.8192,0.0200534759358289
14597,15338.231168,2,73168156.6336,0.0237783514659782
14598,15338.251168,1,73168176.7424,0.0200606470383347
14599,15338.271168,2,73168196.672,0.0237209826459319
14600,15338.291168,1,73168216.6528,0.0199797160243408
14601,15338.311168,2,73168236.6208,0.0237312270780831
14602,15338.331168,1,73168256.7168,0.0200606470383347
14603,15338.351168,2,73168276.864,0.0237189337595017
14604,15338.371168,1,73168296.6656,0.0200463048333231
14605,15338.391168,2,73168316.672,0.0237814247956236
14606,15338.411168,1,73168336.6144,0.0200749892433462
14607,15338.431168,2,73168356.6848,0.0238265002970885
14608,15338.451168,1,73168376.7424,0.020026840412236
14609,15338.471168,2,73168396.672,0.0237783514659782
14610,15338.491168,1,73168416.6912,0.0200411826172475
14611,15338.511168,2,73168436.7232,0.0237865470116991
14612,15338.531168,1,73168456.6784,0.020000204888643
14613,15338.551168,2,73168476.6976,0.0237926936709898
14614,15338.571168,1,73168496.6912,0.0201190403015961
14615,15338.591168,2,73168516.672,0.0237527403856004
14616,15338.611168,1,73168536.768,0.0200749892433462
14617,15338.631168,2,73168556.672,0.0238387936156699
14618,15338.651168,1,73168576.7552,0.0200708914704858
14619,15338.671168,2,73168596.6848,0.02379474255742
14620,15338.691168,1,73168616.896,0.0201016247669392
14621,15338.711168,2,73168636.864,0.0237527403856004
14622,15338.731168,1,73168656.832,0.020026840412236
14623,15338.751168,2,73168676.7488,0.0237588870448911
14624,15338.771168,1,73168696.9472,0.020091380334788
14625,15338.791168,2,73168716.7104,0.0237240559755773
14626,15338.811168,1,73168736.7168,0.0200842092322823
14627,15338.831168,2,73168756.6976,0.0237056159977052
14628,15338.851168,1,73168776.8832,0.0200698670272707
14629,15338.871168,2,73168796.6848,0.0237281537484377
14630,15338.891168,1,73168816.7936,0.0200043026615035
14631,15338.911168,2,73168836.7616,0.0236933226791239
14632,15338.931168,1,73168856.704,0.0200678181408405
14633,15338.951168,2,73168876.736,0.0237271293052226
14634,15338.971168,1,73168896.7168,0.0200534759358289
14635,15338.991168,2,73168916.7104,0.0237804003524085
14636,15339.011168,1,73168936.7552,0.020036060401172
14637,15339.031168,2,73168956.7232,0.0238070358760014
14638,15339.051168,1,73168976.7552,0.0199745938082652
14639,15339.071168,2,73168996.7232,0.0236195627676358
14640,15339.091168,1,73169016.7296,0.0200391337308173
14641,15339.111168,2,73169036.7488,0.0236523449505194
14642,15339.131168,1,73169056.7552,0.0199745938082652
14643,15339.151168,2,73169076.7872,0.0236564427233798
14644,15339.171168,1,73169097.0752,0.0200319626283115
14645,15339.191168,2,73169116.736,0.0237220070891471
14646,15339.211168,1,73169136.704,0.0200299137418813
14647,15339.231168,2,73169156.864,0.0235703894933104
14648,15339.251168,1,73169176.7168,0.0200381092876022
14649,15339.271168,2,73169196.7488,0.023666687155531
14650,15339.291168,1,73169216.768,0.0200237670825906
14651,15339.311168,2,73169236.7616,0.0237025426680599
14652,15339.331168,1,73169256.7552,0.0200667936976253
14653,15339.351168,2,73169276.8128,0.0236779560308972
14654,15339.371168,1,73169296.768,0.0200483537197533
14655,15339.391168,2,73169316.7488,0.0236841026901879
14656,15339.411168,1,73169336.7808,0.0200114737640093
14657,15339.431168,2,73169356.7872,0.0237476181695249
14658,15339.451168,1,73169376.7808,0.0200585981519044
14659,15339.471168,2,73169396.7744,0.0236236605404962
14660,15339.491168,1,73169416.8064,0.0200555248222591
14661,15339.511168,2,73169436.7616,0.0235509250722232
14662,15339.531168,1,73169456.8064,0.0200043026615035
14663,15339.551168,2,73169477.248,0.0236164894379905
14664,15339.571168,1,73169496.768,0.0200616714815498
14665,15339.591168,2,73169516.7872,0.0236093183354847
14666,15339.611168,1,73169536.7808,0.0200411826172475
14667,15339.631168,2,73169556.8384,0.0236103427786998
14668,15339.651168,1,73169576.8576,0.0200340115147417
14669,15339.671168,2,73169597.1328,0.0236267338701416
14670,15339.691168,1,73169616.768,0.0200217181961604
14671,15339.711168,2,73169636.8,0.0236502960640892
14672,15339.731168,1,73169656.8192,0.0200739648001311
14673,15339.751168,2,73169676.8256,0.0236646382691007
14674,15339.771168,1,73169696.832,0.0200575737086893
14675,15339.791168,2,73169716.8128,0.0235703894933104
14676,15339.811168,1,73169736.7936,0.0199981560022128
14677,15339.831168,2,73169756.7872,0.0236922982359088
14678,15339.851168,1,73169776.832,0.0200155715368697
14679,15339.871168,2,73169797.0176,0.0236349294158625
14680,15339.891168,1,73169816.832,0.0200206937529453
14681,15339.911168,2,73169836.8512,0.0237220070891471
14682,15339.931168,1,73169856.832,0.0200022537750732
14683,15339.951168,2,73169876.8384,0.0236625893826705
14684,15339.971168,1,73169897.0112,0.0200155715368697
14685,15339.991168,2,73169916.8256,0.0236461982912287
14686,15340.011168,1,73169936.8064,0.0200176204232999
14687,15340.031168,2,73169956.8384,0.0236431249615834
14688,15340.051168,1,73169976.9344,0.0200893314483578
14689,15340.071168,2,73169996.8896,0.0236636138258856
14690,15340.091168,1,73170016.896,0.0200514270493987
14691,15340.111168,2,73170036.9024,0.0235929272440429
14692,15340.131168,1,73170056.8832,0.020136455836253
14693,15340.151168,2,73170076.8384,0.0236205872108509
14694,15340.171168,1,73170096.8448,0.0200247915258057
14695,15340.191168,2,73170116.864,0.0236820538037577
14696,15340.211168,1,73170136.8448,0.0200012293318581
14697,15340.231168,2,73170156.8768,0.0236267338701416
14698,15340.251168,1,73170176.8704,0.0200944536644334
14699,15340.271168,2,73170196.8768,0.0236748827012519
14700,15340.291168,1,73170216.8832,0.0200760136865614
14701,15340.311168,2,73170236.8768,0.0236882004630483
14702,15340.331168,1,73170256.896,0.0200575737086893
14703,15340.351168,2,73170276.9408,0.023685127133403
14704,15340.371168,1,73170296.8448,0.0199684471489745
14705,15340.391168,2,73170317.0176,0.0237199582027168
14706,15340.411168,1,73170336.8704,0.0199940582293523
14707,15340.431168,2,73170356.8768,0.0236902493494786
14708,15340.451168,1,73170376.8704,0.0200411826172475
14709,15340.471168,2,73170396.864,0.023703567111275
14710,15340.491168,1,73170416.896,0.0200944536644334
14711,15340.511168,2,73170436.9664,0.0237312270780831
14712,15340.531168,1,73170456.9088,0.0200196693097302
14713,15340.551168,2,73170476.928,0.0237025426680599
14714,15340.571168,1,73170496.8832,0.0200196693097302
14715,15340.591168,2,73170516.9024,0.0237158604298564
14716,15340.611168,1,73170536.9216,0.0200299137418813
14717,15340.631168,2,73170556.9152,0.0237138115434261
14718,15340.651168,1,73170576.8832,0.0200790870162067
14719,15340.671168,2,73170596.928,0.0237168848730715
14720,15340.691168,1,73170616.9216,0.0200626959247649
14721,15340.711168,2,73170637.0048,0.0236902493494786
14722,15340.731168,1,73170656.9344,0.0200995758805089
14723,15340.751168,2,73170676.9024,0.0237107382137808
14724,15340.771168,1,73170696.896,0.0200555248222591
14725,15340.791168,2,73170716.9408,0.0236502960640892
14726,15340.811168,1,73170736.9216,0.0200442559468929
14727,15340.831168,2,73170756.9408,0.0237240559755773
14728,15340.851168,1,73170777.0496,0.0200883070051427
14729,15340.871168,2,73170796.9152,0.0237168848730715
14730,15340.891168,1,73170816.9472,0.0200749892433462
14731,15340.911168,2,73170836.9024,0.0237824492388387
14732,15340.931168,1,73170856.9088,0.0200483537197533
14733,15340.951168,2,73170876.9408,0.0236748827012519
14734,15340.971168,1,73170896.9216,0.0200401581740324
14735,15340.991168,2,73170917.2608,0.0237332759645133
14736,15341.011168,1,73170936.9216,0.0201046980965845
14737,15341.031168,2,73170956.9536,0.0237056159977052
14738,15341.051168,1,73170976.9344,0.0200288892986662
14739,15341.071168,2,73170996.9408,0.0237271293052226
14740,15341.091168,1,73171016.9344,0.0201241625176716
14741,15341.111168,2,73171036.9664,0.0236820538037577
14742,15341.131168,1,73171056.96,0.0201323580633925
14743,15341.151168,2,73171076.9664,0.0238008892167107
14744,15341.171168,1,73171096.9984,0.0200155715368697
14745,15341.191168,2,73171116.9792,0.0237998647734956
14746,15341.211168,1,73171137.1008,0.0200616714815498
14747,15341.231168,2,73171156.9792,0.0238439158317454
14748,15341.251168,1,73171176.9984,0.0200473292765382
14749,15341.271168,2,73171197.0688,0.0237978158870654
14750,15341.291168,1,73171216.9728,0.0200954781076485
14751,15341.311168,2,73171236.992,0.0237588870448911
14752,15341.331168,1,73171257.0112,0.0201805068945028
14753,15341.351168,2,73171276.9664,0.0238060114327863
14754,15341.371168,1,73171296.96,0.0200934292212183
14755,15341.391168,2,73171316.9664,0.0237732292499027
14756,15341.411168,1,73171336.9856,0.0201682135759215
14757,15341.431168,2,73171356.9408,0.0237609359313213
14758,15341.451168,1,73171377.0368,0.02006372036798
14759,15341.471168,2,73171396.992,0.0238644046960477
14760,15341.491168,1,73171416.9984,0.0200811359026369
14761,15341.511168,2,73171437.0048,0.0237773270227631
14762,15341.531168,1,73171457.024,0.020054500379044
14763,15341.551168,2,73171476.992,0.0238162558649374
14764,15341.571168,1,73171497.0112,0.0201210891880263
14765,15341.591168,2,73171516.9664,0.023912553527158
14766,15341.611168,1,73171536.9856,0.020108795869445
14767,15341.631168,2,73171557.056,0.0238531358206815
14768,15341.651168,1,73171576.9856,0.0201036736533694
14769,15341.671168,2,73171597.1328,0.023976069006495
14770,15341.691168,1,73171617.0112,0.0201282602905321
14771,15341.711168,2,73171637.0176,0.0238971868789313
14772,15341.731168,1,73171657.024,0.0201723113487819
14773,15341.751168,2,73171676.992,0.0239207490728789
14774,15341.771168,1,73171697.0624,0.0200975269940787
14775,15341.791168,2,73171717.0176,0.0239258712889545
14776,15341.811168,1,73171737.0368,0.020136455836253
14777,15341.831168,2,73171757.0688,0.0238480136046059
14778,15341.851168,1,73171777.024,0.0201497735980495
14779,15341.871168,2,73171796.992,0.0238541602638966
14780,15341.891168,1,73171817.0368,0.0200893314483578
14781,15341.911168,2,73171837.0688,0.0238224025242281
14782,15341.931168,1,73171857.024,0.0201200647448112
14783,15341.951168,2,73171877.0816,0.0237926936709898
14784,15341.971168,1,73171897.0624,0.020173335791997
14785,15341.991168,2,73171917.2608,0.023921773516094
14786,15342.011168,1,73171937.1008,0.0200965025508636
14787,15342.031168,2,73171957.056,0.0239955334275821
14788,15342.051168,1,73171977.088,0.02019997131559
14789,15342.071168,2,73171997.12,0.0240088511893786
14790,15342.091168,1,73172017.1008,0.0201825557809331
14791,15342.111168,2,73172037.056,0.0239248468457393
14792,15342.131168,1,73172057.0496,0.020127235847317
14793,15342.151168,2,73172077.1584,0.0239268957321696
14794,15342.171168,1,73172097.2032,0.0201518224844797
14795,15342.191168,2,73172117.4656,0.0238664535824779
14796,15342.211168,1,73172137.2672,0.0201794824512877
14797,15342.231168,2,73172157.0688,0.0237988403302805
14798,15342.251168,1,73172177.088,0.0200299137418813
14799,15342.271168,2,73172197.0944,0.0237568381584609
14800,15342.291168,1,73172217.1008,0.0200790870162067
14801,15342.311168,2,73172237.0688,0.0238049869895712
14802,15342.331168,1,73172257.088,0.0200934292212183
14803,15342.351168,2,73172277.0816,0.0238049869895712
14804,15342.371168,1,73172297.0496,0.0201036736533694
14805,15342.391168,2,73172317.0944,0.0237353248509435
14806,15342.411168,1,73172337.088,0.0200801114594218
14807,15342.431168,2,73172357.0816,0.0236841026901879
14808,15342.451168,1,73172377.1136,0.0201169914151659
14809,15342.471168,2,73172397.1072,0.0237844981252689
14810,15342.491168,1,73172417.1008,0.0201046980965845
14811,15342.511168,2,73172437.0944,0.0236984448951995
14812,15342.531168,1,73172457.1008,0.0201262114041019
14813,15342.551168,2,73172477.1584,0.0236656627123159
14814,15342.571168,1,73172497.2416,0.0201169914151659
14815,15342.591168,2,73172517.0944,0.0237414715102342
14816,15342.611168,1,73172537.1136,0.0201077714262298
14817,15342.631168,2,73172557.12,0.0237650337041818
14818,15342.651168,1,73172577.1136,0.0201159669719507
14819,15342.671168,2,73172597.1328,0.0237353248509435
14820,15342.691168,1,73172617.1264,0.0200463048333231
14821,15342.711168,2,73172637.12,0.0237281537484377
14822,15342.731168,1,73172657.1264,0.0201210891880263
14823,15342.751168,2,73172677.1328,0.0236769315876821
14824,15342.771168,1,73172697.1392,0.0200924047780032
14825,15342.791168,2,73172717.1328,0.0237066404409204
14826,15342.811168,1,73172737.1392,0.0201395291658983
14827,15342.831168,2,73172757.2352,0.0237455692830946
14828,15342.851168,1,73172777.1776,0.0200432315036778
14829,15342.871168,2,73172797.1584,0.0237056159977052
14830,15342.891168,1,73172817.152,0.0201282602905321
14831,15342.911168,2,73172837.1584,0.0236533693937345
14832,15342.931168,1,73172857.1392,0.020108795869445
14833,15342.951168,2,73172877.184,0.0236431249615834
14834,15342.971168,1,73172897.3952,0.0201108447558752
14835,15342.991168,2,73172917.4016,0.0237455692830946
14836,15343.011168,1,73172937.1904,0.0201169914151659
14837,15343.031168,2,73172957.184,0.0237097137705657
14838,15343.051168,1,73172977.1648,0.0201446513819739
14839,15343.071168,2,73172997.2736,0.0236902493494786
14840,15343.091168,1,73173017.2416,0.0201467002684041
14841,15343.111168,2,73173037.312,0.0236974204519843
14842,15343.131168,1,73173057.2032,0.0201784580080726
14843,15343.151168,2,73173077.184,0.0236748827012519
14844,15343.171168,1,73173097.1776,0.02006372036798
14845,15343.191168,2,73173117.2352,0.0236584916098101
14846,15343.211168,1,73173137.1904,0.0201046980965845
14847,15343.231168,2,73173157.1968,0.0237086893273506
14848,15343.251168,1,73173177.28,0.0201467002684041
14849,15343.271168,2,73173197.2352,0.0236175138812056
14850,15343.291168,1,73173217.3312,0.0201354313930379
14851,15343.311168,2,73173237.3248,0.0236134161083451
14852,15343.331168,1,73173257.1648,0.0200667936976253
14853,15343.351168,2,73173277.3376,0.0236707849283914
14854,15343.371168,1,73173297.2928,0.0200626959247649
14855,15343.391168,2,73173317.376,0.0237056159977052
14856,15343.411168,1,73173337.2288,0.0201292847337472
14857,15343.431168,2,73173357.2224,0.0237056159977052
14858,15343.451168,1,73173377.2288,0.0200975269940787
14859,15343.471168,2,73173397.2608,0.0237261048620075
14860,15343.491168,1,73173417.3056,0.0201467002684041
14861,15343.511168,2,73173437.2864,0.0237588870448911
14862,15343.531168,1,73173457.3312,0.0201262114041019
14863,15343.551168,2,73173477.2352,0.0237527403856004
14864,15343.571168,1,73173497.3952,0.0201569447005552
14865,15343.591168,2,73173517.6576,0.0237383981805888
14866,15343.611168,1,73173537.2672,0.0201036736533694
14867,15343.631168,2,73173557.2224,0.023767082590612
14868,15343.651168,1,73173577.2416,0.0201251869608868
14869,15343.671168,2,73173597.3248,0.0236482471776589
14870,15343.691168,1,73173617.5744,0.0200965025508636
14871,15343.711168,2,73173637.376,0.0237107382137808
14872,15343.731168,1,73173657.28,0.0200903558915729
14873,15343.751168,2,73173677.2224,0.0236584916098101
14874,15343.771168,1,73173697.2928,0.0201774335648575
14875,15343.791168,2,73173717.6704,0.0236707849283914
14876,15343.811168,1,73173737.3312,0.0201487491548343
14877,15343.831168,2,73173757.2736,0.0237148359866413
14878,15343.851168,1,73173777.2672,0.0201303091769623
14879,15343.871168,2,73173797.3888,0.0236185383244207
14880,15343.891168,1,73173817.3184,0.020108795869445
14881,15343.911168,2,73173837.3632,0.0235919028008277
14882,15343.931168,1,73173857.3952,0.0200790870162067
14883,15343.951168,2,73173877.2608,0.0235417050832872
14884,15343.971168,1,73173897.3056,0.0200852336754974
14885,15343.991168,2,73173917.3248,0.0236164894379905
14886,15344.011168,1,73173937.3312,0.0200842092322823
14887,15344.031168,2,73173957.3632,0.0236410760751532
14888,15344.051168,1,73173977.4592,0.0201108447558752
14889,15344.071168,2,73173997.3632,0.0236257094269265
14890,15344.091168,1,73174017.5232,0.020108795869445
14891,15344.111168,2,73174037.4784,0.0236185383244207
14892,15344.131168,1,73174057.3184,0.0201303091769623
14893,15344.151168,2,73174077.2736,0.0236410760751532
14894,15344.171168,1,73174097.3952,0.020127235847317
14895,15344.191168,2,73174117.3376,0.0235949761304731
14896,15344.211168,1,73174137.3952,0.0200944536644334
14897,15344.231168,2,73174157.3504,0.0236021472329789
14898,15344.251168,1,73174177.3312,0.0201467002684041
14899,15344.271168,2,73174197.44,0.0235714139365255
14900,15344.291168,1,73174217.536,0.0200831847890671
14901,15344.311168,2,73174237.44,0.0236298071997869
14902,15344.331168,1,73174257.4592,0.020108795869445
14903,15344.351168,2,73174277.3632,0.0236584916098101
14904,15344.371168,1,73174297.408,0.0201487491548343
14905,15344.391168,2,73174317.3632,0.0235611695043744
14906,15344.411168,1,73174337.3952,0.0201630913598459
14907,15344.431168,2,73174357.376,0.023603171676194
14908,15344.451168,1,73174377.3824,0.020145675825189
14909,15344.471168,2,73174397.4656,0.0235929272440429
14910,15344.491168,1,73174417.4336,0.0201016247669392
14911,15344.511168,2,73174437.3888,0.0236718093716065
14912,15344.531168,1,73174457.3952,0.0201221136312414
14913,15344.551168,2,73174477.4912,0.0236707849283914
14914,15344.571168,1,73174497.4848,0.020082160345852
14915,15344.591168,2,73174517.5296,0.0237086893273506
14916,15344.611168,1,73174537.4848,0.0200739648001311
14917,15344.631168,2,73174557.5424,0.0235970250169033
14918,15344.651168,1,73174577.4976,0.0201046980965845
14919,15344.671168,2,73174597.4272,0.0236707849283914
14920,15344.691168,1,73174617.6896,0.0201251869608868
14921,15344.711168,2,73174637.5424,0.0236922982359088
14922,15344.731168,1,73174657.536,0.020082160345852
14923,15344.751168,2,73174677.504,0.0236994693384146
14924,15344.771168,1,73174697.4592,0.020136455836253
14925,15344.791168,2,73174717.7344,0.023657467166595
14926,15344.811168,1,73174737.4848,0.0201128936423054
14927,15344.831168,2,73174757.5424,0.0236472227344438
14928,15344.851168,1,73174777.4464,0.0200903558915729
14929,15344.871168,2,73174797.6192,0.0236605404962403
14930,15344.891168,1,73174817.6,0.0201528469276948
14931,15344.911168,2,73174837.4784,0.0236513205073043
14932,15344.931168,1,73174857.4976,0.0200883070051427
14933,15344.951168,2,73174877.6192,0.023657467166595
14934,15344.971168,1,73174897.4848,0.0200975269940787
14935,15344.991168,2,73174917.7216,0.0236933226791239
14936,15345.011168,1,73174937.472,0.0201108447558752
14937,15345.031168,2,73174957.504,0.0237640092609667
14938,15345.051168,1,73174977.5104,0.0201671891327064
14939,15345.071168,2,73174997.4528,0.0236912737926937
14940,15345.091168,1,73175017.4848,0.0201067469830147
14941,15345.111168,2,73175037.5168,0.0236554182801647
14942,15345.131168,1,73175057.5232,0.0201067469830147
14943,15345.151168,2,73175077.6192,0.0236933226791239
14944,15345.171168,1,73175097.472,0.0200883070051427
14945,15345.191168,2,73175117.5296,0.0236328805294323
14946,15345.211168,1,73175137.4464,0.0200555248222591
14947,15345.231168,2,73175157.5296,0.0236410760751532
14948,15345.251168,1,73175177.5616,0.0200411826172475
14949,15345.271168,2,73175197.4912,0.0236267338701416
14950,15345.291168,1,73175217.5232,0.0201989468723749
14951,15345.311168,2,73175237.5168,0.0236861515766181
14952,15345.331168,1,73175257.5744,0.0200719159137009
14953,15345.351168,2,73175277.5936,0.0236011227897638
14954,15345.371168,1,73175297.5104,0.0201210891880263
14955,15345.391168,2,73175317.568,0.0235816583686766
14956,15345.411168,1,73175337.5616,0.0201323580633925
14957,15345.431168,2,73175357.6192,0.0236472227344438
14958,15345.451168,1,73175377.6128,0.0201354313930379
14959,15345.471168,2,73175397.5808,0.0236789804741123
14960,15345.491168,1,73175417.5616,0.0200831847890671
14961,15345.511168,2,73175437.6064,0.0236011227897638
14962,15345.531168,1,73175457.5616,0.0200872825619276
14963,15345.551168,2,73175477.4912,0.0236554182801647
14964,15345.571168,1,73175497.5872,0.0200678181408405
14965,15345.591168,2,73175517.6832,0.0236800049173274
14966,15345.611168,1,73175537.6256,0.0201057225397996
14967,15345.631168,2,73175557.5168,0.0236933226791239
14968,15345.651168,1,73175577.5488,0.0201344069498228
14969,15345.671168,2,73175597.5808,0.0236984448951995
14970,15345.691168,1,73175617.6768,0.0200534759358289
14971,15345.711168,2,73175637.6576,0.0236912737926937
14972,15345.731168,1,73175657.536,0.0200985514372938
14973,15345.751168,2,73175677.5808,0.0237117626569959
14974,15345.771168,1,73175697.7024,0.0200995758805089
14975,15345.791168,2,73175717.9136,0.0237383981805888
14976,15345.811168,1,73175737.6,0.0201149425287356
14977,15345.831168,2,73175757.5808,0.023685127133403
14978,15345.851168,1,73175777.6896,0.0201169914151659
14979,15345.871168,2,73175797.6064,0.0236482471776589
14980,15345.891168,1,73175817.5616,0.0201221136312414
14981,15345.911168,2,73175837.6064,0.0237066404409204
14982,15345.931168,1,73175857.5744,0.0201477247116192
14983,15345.951168,2,73175877.5552,0.023739422623804
14984,15345.971168,1,73175897.6,0.0201436269387588
14985,15345.991168,2,73175917.6192,0.0236974204519843
14986,15346.011168,1,73175937.6128,0.020127235847317
14987,15346.031168,2,73175957.5936,0.0237168848730715
14988,15346.051168,1,73175977.7024,0.0201374802794681
14989,15346.071168,2,73175997.6448,0.0237404470670191
14990,15346.091168,1,73176017.5616,0.0200780625729916
14991,15346.111168,2,73176037.6064,0.0236185383244207
14992,15346.131168,1,73176057.6,0.0201682135759215
14993,15346.151168,2,73176077.6064,0.0236974204519843
14994,15346.171168,1,73176097.6512,0.0201589935869855
14995,15346.191168,2,73176117.8368,0.023703567111275
14996,15346.211168,1,73176137.7408,0.0200944536644334
14997,15346.231168,2,73176157.6192,0.0237004937816297
14998,15346.251168,1,73176177.5872,0.0200903558915729
14999,15346.271168,2,73176197.7088,0.0236810293605425
15000,15346.291168,1,73176217.8816,0.0200708914704858
15001,15346.311168,2,73176237.6192,0.0236451738480136
15002,15346.331168,1,73176257.6512,0.0201507980412646
15003,15346.351168,2,73176277.6576,0.0236656627123159
15004,15346.371168,1,73176297.6384,0.0200719159137009
15005,15346.391168,2,73176317.9264,0.0236318560862171
15006,15346.411168,1,73176337.6768,0.0201149425287356
15007,15346.431168,2,73176357.6576,0.023739422623804
15008,15346.451168,1,73176377.7024,0.0200944536644334
15009,15346.471168,2,73176397.7088,0.0238090847624316
15010,15346.491168,1,73176417.8944,0.0200811359026369
15011,15346.511168,2,73176437.696,0.0237906447845596
15012,15346.531168,1,73176457.6256,0.0201620669166308
15013,15346.551168,2,73176477.696,0.0238459647181757
15014,15346.571168,1,73176497.6896,0.0201149425287356
15015,15346.591168,2,73176517.9392,0.0238603069231872
15016,15346.611168,1,73176537.7152,0.0201374802794681
15017,15346.631168,2,73176557.6832,0.0239504579261172
15018,15346.651168,1,73176577.664,0.0202040690884504
15019,15346.671168,2,73176597.7728,0.0239750445632799
15020,15346.691168,1,73176617.9456,0.0201866535537935
15021,15346.711168,2,73176637.7088,0.0240805622144365
15022,15346.731168,1,73176657.7024,0.0201846046673633
15023,15346.751168,2,73176677.696,0.0240713422255004
15024,15346.771168,1,73176697.6896,0.0201661646894913
15025,15346.791168,2,73176717.9136,0.023921773516094
15026,15346.811168,1,73176737.6768,0.0202020202020202
15027,15346.831168,2,73176757.7216,0.0239443112668265
15028,15346.851168,1,73176777.7792,0.0201374802794681
15029,15346.871168,2,73176797.7856,0.0239135779703731
15030,15346.891168,1,73176817.7152,0.0201794824512877
15031,15346.911168,2,73176837.696,0.0238859180035651
15032,15346.931168,1,73176857.664,0.0201149425287356
15033,15346.951168,2,73176877.7472,0.0238408425021001
15034,15346.971168,1,73176897.7664,0.0202327534984736
15035,15346.991168,2,73176917.696,0.0239361157211056
15036,15347.011168,1,73176937.728,0.0201968979859446
15037,15347.031168,2,73176957.7856,0.0238992357653615
15038,15347.051168,1,73176977.728,0.0201928002130842
15039,15347.071168,2,73176997.76,0.0239566045854078
15040,15347.091168,1,73177017.7792,0.0201938246562993
15041,15347.111168,2,73177037.76,0.0239422623803963
15042,15347.131168,1,73177057.7664,0.0202266068391829
15043,15347.151168,2,73177077.7856,0.0238685024689081
15044,15347.171168,1,73177097.7664,0.0201231380744565
15045,15347.191168,2,73177117.7856,0.0238295736267339
15046,15347.211168,1,73177137.728,0.0201354313930379
15047,15347.231168,2,73177157.7856,0.0237937181142049
15048,15347.251168,1,73177177.8176,0.0202563156924212
15049,15347.271168,2,73177197.7856,0.0238346958428094
15050,15347.291168,1,73177217.7792,0.0201169914151659
15051,15347.311168,2,73177237.7984,0.02374864261274
15052,15347.331168,1,73177257.7664,0.0201149425287356
15053,15347.351168,2,73177277.7472,0.0237998647734956
15054,15347.371168,1,73177297.8304,0.0200596225951196
15055,15347.391168,2,73177317.9776,0.0237271293052226
15056,15347.411168,1,73177337.7792,0.0201467002684041
15057,15347.431168,2,73177357.7728,0.0236861515766181
15058,15347.451168,1,73177377.8048,0.0201702624623517
15059,15347.471168,2,73177397.7856,0.0236625893826705
15060,15347.491168,1,73177417.792,0.020154895814125
15061,15347.511168,2,73177437.8368,0.0236431249615834
15062,15347.531168,1,73177457.856,0.0201528469276948
15063,15347.551168,2,73177477.824,0.0236922982359088
15064,15347.571168,1,73177497.8304,0.0201200647448112
15065,15347.591168,2,73177517.9648,0.0236718093716065
15066,15347.611168,1,73177537.8944,0.020136455836253
15067,15347.631168,2,73177557.7984,0.0237363492941586
15068,15347.651168,1,73177577.7792,0.020164115803061
15069,15347.671168,2,73177597.8112,0.0236748827012519
15070,15347.691168,1,73177617.792,0.0200801114594218
15071,15347.711168,2,73177637.8112,0.0236974204519843
15072,15347.731168,1,73177657.8176,0.0201374802794681
15073,15347.751168,2,73177677.888,0.0236974204519843
15074,15347.771168,1,73177697.8048,0.0201897268834389
15075,15347.791168,2,73177717.8368,0.0236748827012519
15076,15347.811168,1,73177737.792,0.0201446513819739
15077,15347.831168,2,73177757.8368,0.0236963960087692
15078,15347.851168,1,73177778.0096,0.020154895814125
15079,15347.871168,2,73177797.7856,0.0236595160530252
15080,15347.891168,1,73177817.8944,0.0201385047226832
15081,15347.911168,2,73177837.8368,0.0237076648841355
15082,15347.931168,1,73177857.8048,0.0201559202573401
15083,15347.951168,2,73177877.8624,0.023712787100211
15084,15347.971168,1,73177897.8688,0.0201405536091134
15085,15347.991168,2,73177917.8624,0.0237045915544901
15086,15348.011168,1,73177937.856,0.0201518224844797
15087,15348.031168,2,73177957.824,0.0237199582027168
15088,15348.051168,1,73177977.8816,0.0201559202573401
15089,15348.071168,2,73177997.8496,0.0237465937263097
15090,15348.091168,1,73178017.8688,0.0200965025508636
15091,15348.111168,2,73178037.9264,0.0237465937263097
15092,15348.131168,1,73178057.8688,0.0201825557809331
15093,15348.151168,2,73178077.8112,0.0237353248509435
15094,15348.171168,1,73178097.8816,0.0201897268834389
15095,15348.191168,2,73178117.9648,0.023821378081013
15096,15348.211168,1,73178137.92,0.0201467002684041
15097,15348.231168,2,73178157.8624,0.023830598069949
15098,15348.251168,1,73178177.856,0.0201426024955437
15099,15348.271168,2,73178197.8752,0.0237732292499027
15100,15348.291168,1,73178218.176,0.0201928002130842
15101,15348.311168,2,73178237.9392,0.0237250804187924
15102,15348.331168,1,73178257.92,0.0201507980412646
15103,15348.351168,2,73178277.8624,0.0237506914991702
15104,15348.371168,1,73178297.8688,0.0201046980965845
15105,15348.391168,2,73178317.8752,0.0236861515766181
15106,15348.411168,1,73178337.8432,0.020173335791997
15107,15348.431168,2,73178357.9264,0.0237373737373737
15108,15348.451168,1,73178377.9712,0.0201723113487819
15109,15348.471168,2,73178397.8752,0.0236861515766181
15110,15348.491168,1,73178417.9072,0.0201507980412646
15111,15348.511168,2,73178437.8624,0.0236984448951995
15112,15348.531168,1,73178457.9072,0.0201159669719507
15113,15348.551168,2,73178478.4384,0.0236554182801647
15114,15348.571168,1,73178497.984,0.0202409490441945
15115,15348.591168,2,73178517.8496,0.023703567111275
15116,15348.611168,1,73178538.0608,0.0202204601798922
15117,15348.631168,2,73178557.888,0.0237158604298564
15118,15348.651168,1,73178577.9072,0.0201600180302006
15119,15348.671168,2,73178597.9648,0.0237322515212982
15120,15348.691168,1,73178618.1376,0.020154895814125
15121,15348.711168,2,73178637.952,0.0236902493494786
15122,15348.731168,1,73178657.9328,0.0201262114041019
15123,15348.751168,2,73178677.8752,0.0236800049173274
15124,15348.771168,1,73178698.0224,0.0201764091216424
15125,15348.791168,2,73178718.1056,0.0236984448951995
15126,15348.811168,1,73178737.9968,0.0201928002130842
15127,15348.831168,2,73178757.9392,0.0237343004077284
15128,15348.851168,1,73178778.0096,0.0201241625176716
15129,15348.871168,2,73178797.9392,0.0237312270780831
15130,15348.891168,1,73178817.9456,0.0201098203126601
15131,15348.911168,2,73178837.9648,0.0237240559755773
15132,15348.931168,1,73178857.9328,0.0201231380744565
15133,15348.951168,2,73178877.9776,0.0236912737926937
15134,15348.971168,1,73178897.9328,0.0201661646894913
15135,15348.991168,2,73178917.9136,0.0236636138258856
15136,15349.011168,1,73178937.9456,0.0201262114041019
15137,15349.031168,2,73178957.9136,0.0237004937816297
15138,15349.051168,1,73178978.048,0.0201743602352122
15139,15349.071168,2,73178997.9392,0.0237312270780831
15140,15349.091168,1,73179017.92,0.0201948490995144
15141,15349.111168,2,73179038.0032,0.023767082590612
15142,15349.131168,1,73179057.9584,0.0202245579527527
15143,15349.151168,2,73179077.9776,0.0237547892720306
15144,15349.171168,1,73179097.9712,0.0200831847890671
15145,15349.191168,2,73179118.1824,0.0237978158870654
15146,15349.211168,1,73179137.9584,0.0201098203126601
15147,15349.231168,2,73179157.9776,0.0237281537484377
15148,15349.251168,1,73179177.9584,0.0201805068945028
15149,15349.271168,2,73179198.1952,0.0237343004077284
15150,15349.291168,1,73179218.048,0.0201507980412646
15151,15349.311168,2,73179238.0032,0.023703567111275
15152,15349.331168,1,73179257.9456,0.0202491445899154
15153,15349.351168,2,73179277.9904,0.0237343004077284
15154,15349.371168,1,73179297.9456,0.0200842092322823
15155,15349.391168,2,73179318.1952,0.0236841026901879
15156,15349.411168,1,73179337.9584,0.020236851271334
15157,15349.431168,2,73179357.952,0.0236718093716065
15158,15349.451168,1,73179377.9712,0.0201528469276948
15159,15349.471168,2,73179397.952,0.0236502960640892
15160,15349.491168,1,73179418.0096,0.0201231380744565
15161,15349.511168,2,73179437.9776,0.0236789804741123
15162,15349.531168,1,73179457.9456,0.0201046980965845
15163,15349.551168,2,73179477.9904,0.0236390271887229
15164,15349.571168,1,73179498.0224,0.0201159669719507
15165,15349.591168,2,73179518.1056,0.0236625893826705
15166,15349.611168,1,73179537.9328,0.0201221136312414
15167,15349.631168,2,73179557.9648,0.0237107382137808
15168,15349.651168,1,73179577.9456,0.0202081668613109
15169,15349.671168,2,73179598.0032,0.0237220070891471
15170,15349.691168,1,73179618.1632,0.0201682135759215
15171,15349.711168,2,73179638.0032,0.0236564427233798
15172,15349.731168,1,73179657.9968,0.0202102157477411
15173,15349.751168,2,73179677.9776,0.0236513205073043
15174,15349.771168,1,73179698.0224,0.0201600180302006
15175,15349.791168,2,73179718.0416,0.0236246849837114
15176,15349.811168,1,73179737.9968,0.0201108447558752
15177,15349.831168,2,73179758.0032,0.023712787100211
15178,15349.851168,1,73179777.9968,0.020091380334788
15179,15349.871168,2,73179798.1952,0.023712787100211
15180,15349.891168,1,73179818.0224,0.0201006003237241
15181,15349.911168,2,73179838.0032,0.023739422623804
15182,15349.931168,1,73179857.9968,0.0201190403015961
15183,15349.951168,2,73179878.0032,0.0237783514659782
15184,15349.971168,1,73179898.0224,0.0201610424734157
15185,15349.991168,2,73179918.0544,0.0237148359866413
15186,15350.011168,1,73179938.0096,0.0201774335648575
15187,15350.031168,2,73179958.0416,0.0236011227897638
15188,15350.051168,1,73179977.9968,0.020145675825189
15189,15350.071168,2,73179998.016,0.0237476181695249
15190,15350.091168,1,73180018.0096,0.0201046980965845
15191,15350.111168,2,73180038.0416,0.0236707849283914
15192,15350.131168,1,73180058.0224,0.0201579691437704
15193,15350.151168,2,73180078.0032,0.0236922982359088
15194,15350.171168,1,73180098.0352,0.0201210891880263
15195,15350.191168,2,73180118.1696,0.0236410760751532
15196,15350.211168,1,73180138.0096,0.0201518224844797
15197,15350.231168,2,73180158.0416,0.0236933226791239
15198,15350.251168,1,73180178.0352,0.0201108447558752
15199,15350.271168,2,73180198.0928,0.0237066404409204
15200,15350.291168,1,73180218.1632,0.0201292847337472
15201,15350.311168,2,73180238.0928,0.0236113672219149
15202,15350.331168,1,73180258.0736,0.0201046980965845
15203,15350.351168,2,73180278.1056,0.0236933226791239
15204,15350.371168,1,73180298.1376,0.0200780625729916
15205,15350.391168,2,73180318.0672,0.0237086893273506
15206,15350.411168,1,73180338.0608,0.0200995758805089
15207,15350.431168,2,73180358.0672,0.0236257094269265
15208,15350.451168,1,73180378.0736,0.0200944536644334
15209,15350.471168,2,73180398.08,0.0236390271887229
15210,15350.491168,1,73180418.0864,0.0200678181408405
15211,15350.511168,2,73180438.0928,0.0236390271887229
15212,15350.531168,1,73180458.0992,0.0200442559468929
15213,15350.551168,2,73180478.08,0.0236718093716065
15214,15350.571168,1,73180498.1376,0.0200760136865614
15215,15350.591168,2,73180518.2976,0.0237117626569959
15216,15350.611168,1,73180538.0992,0.0201344069498228
15217,15350.631168,2,73180558.1056,0.0236461982912287
15218,15350.651168,1,73180578.1248,0.0201231380744565
15219,15350.671168,2,73180598.1056,0.0237189337595017
15220,15350.691168,1,73180618.1632,0.0201928002130842
15221,15350.711168,2,73180638.1312,0.0236841026901879
15222,15350.731168,1,73180658.0992,0.020136455836253
15223,15350.751168,2,73180678.0928,0.0236554182801647
15224,15350.771168,1,73180698.1888,0.0200883070051427
15225,15350.791168,2,73180718.1568,0.02374864261274
15226,15350.811168,1,73180738.1248,0.0201477247116192
15227,15350.831168,2,73180758.1184,0.0237773270227631
15228,15350.851168,1,73180778.176,0.0201016247669392
15229,15350.871168,2,73180798.1312,0.0237885958981294
15230,15350.891168,1,73180818.1248,0.0200944536644334
15231,15350.911168,2,73180838.1184,0.0237701559202573
15232,15350.931168,1,73180858.112,0.0201569447005552
15233,15350.951168,2,73180878.1184,0.0237967914438503
15234,15350.971168,1,73180898.1376,0.0201385047226832
15235,15350.991168,2,73180918.2464,0.0237814247956236
15236,15351.011168,1,73180938.1376,0.0200934292212183
15237,15351.031168,2,73180958.0928,0.0237640092609667
15238,15351.051168,1,73180978.1376,0.020108795869445
15239,15351.071168,2,73180998.1184,0.0236861515766181
15240,15351.091168,1,73181018.1376,0.0201026492101543
15241,15351.111168,2,73181038.1568,0.0236349294158625
15242,15351.131168,1,73181058.1504,0.0201251869608868
15243,15351.151168,2,73181078.1184,0.0236103427786998
15244,15351.171168,1,73181098.1504,0.020091380334788
15245,15351.191168,2,73181118.2336,0.0236390271887229
15246,15351.211168,1,73181138.2912,0.0201210891880263
15247,15351.231168,2,73181158.1696,0.0237353248509435
15248,15351.251168,1,73181178.1504,0.0201303091769623
15249,15351.271168,2,73181198.1952,0.023666687155531
15250,15351.291168,1,73181218.2656,0.0201006003237241
15251,15351.311168,2,73181238.2336,0.0236820538037577
15252,15351.331168,1,73181258.176,0.0201395291658983
15253,15351.351168,2,73181278.1568,0.0236892249062634
15254,15351.371168,1,73181298.2016,0.0201292847337472
15255,15351.391168,2,73181318.1824,0.0237097137705657
15256,15351.411168,1,73181338.1632,0.0201057225397996
15257,15351.431168,2,73181358.2208,0.0237496670559551
15258,15351.451168,1,73181378.2016,0.0201610424734157
15259,15351.471168,2,73181398.2464,0.0237179093162866
15260,15351.491168,1,73181418.1888,0.0201415780523286
15261,15351.511168,2,73181438.208,0.0237711803634725
15262,15351.531168,1,73181458.2272,0.0201723113487819
15263,15351.551168,2,73181478.1824,0.0236461982912287
15264,15351.571168,1,73181498.2272,0.020154895814125
15265,15351.591168,2,73181518.272,0.0236922982359088
15266,15351.611168,1,73181538.2144,0.020236851271334
15267,15351.631168,2,73181558.208,0.0237424959534493
15268,15351.651168,1,73181578.1888,0.0201661646894913
15269,15351.671168,2,73181598.1824,0.0237629848177516
15270,15351.691168,1,73181618.3552,0.0201313336201774
15271,15351.711168,2,73181638.2336,0.0237926936709898
15272,15351.731168,1,73181658.2528,0.0202266068391829
15273,15351.751168,2,73181678.2208,0.02379474255742
15274,15351.771168,1,73181698.2656,0.02019997131559
15275,15351.791168,2,73181718.3872,0.0237998647734956
15276,15351.811168,1,73181738.2528,0.020127235847317
15277,15351.831168,2,73181758.2208,0.0236677115987461
15278,15351.851168,1,73181778.3808,0.0202122646341713
15279,15351.871168,2,73181798.2464,0.0237230315323622
15280,15351.891168,1,73181818.5088,0.0201507980412646
15281,15351.911168,2,73181838.3232,0.0237271293052226
15282,15351.931168,1,73181858.2144,0.0201344069498228
15283,15351.951168,2,73181878.272,0.0237220070891471
15284,15351.971168,1,73181898.2656,0.0201282602905321
15285,15351.991168,2,73181918.3488,0.0237640092609667
15286,15352.011168,1,73181938.2656,0.0201507980412646
15287,15352.031168,2,73181958.2464,0.0238172803081525
15288,15352.051168,1,73181978.2528,0.0202122646341713
15289,15352.071168,2,73181998.3104,0.0238480136046059
15290,15352.091168,1,73182018.4192,0.0201333825066077
15291,15352.111168,2,73182038.2976,0.0238285491835188
15292,15352.131168,1,73182058.2656,0.020136455836253
15293,15352.151168,2,73182078.2464,0.0238664535824779
15294,15352.171168,1,73182098.304,0.020136455836253
15295,15352.191168,2,73182118.4512,0.0238562091503268
15296,15352.211168,1,73182138.24,0.0201507980412646
15297,15352.231168,2,73182158.2592,0.0238008892167107
15298,15352.251168,1,73182178.2528,0.0201507980412646
15299,15352.271168,2,73182198.2592,0.0237978158870654
15300,15352.291168,1,73182218.3424,0.0201507980412646
15301,15352.311168,2,73182238.2976,0.0238469891613908
15302,15352.331168,1,73182258.3168,0.0202061179748807
15303,15352.351168,2,73182278.2592,0.0238172803081525
15304,15352.371168,1,73182298.304,0.020127235847317
15305,15352.391168,2,73182318.272,0.0238265002970885
15306,15352.411168,1,73182338.304,0.0201118691990903
15307,15352.431168,2,73182358.2336,0.0238039625463561
15308,15352.451168,1,73182378.2912,0.0201210891880263
15309,15352.471168,2,73182398.272,0.0238377691724548
15310,15352.491168,1,73182418.2656,0.0201405536091134
15311,15352.511168,2,73182438.2848,0.0238951379925011
15312,15352.531168,1,73182458.2784,0.0200995758805089
15313,15352.551168,2,73182478.3616,0.0237609359313213
15314,15352.571168,1,73182498.3424,0.0201671891327064
15315,15352.591168,2,73182518.2976,0.0237926936709898
15316,15352.611168,1,73182538.2912,0.0201405536091134
15317,15352.631168,2,73182558.2848,0.0237230315323622
15318,15352.651168,1,73182578.2912,0.0201098203126601
15319,15352.671168,2,73182598.4896,0.0237496670559551
15320,15352.691168,1,73182618.3168,0.020036060401172
15321,15352.711168,2,73182638.2976,0.0238746491281988
15322,15352.731168,1,73182658.304,0.0200801114594218
15323,15352.751168,2,73182678.3104,0.0238592824799721
15324,15352.771168,1,73182698.3168,0.0201200647448112
15325,15352.791168,2,73182718.3232,0.0238521113774663
15326,15352.811168,1,73182738.2912,0.0201262114041019
15327,15352.831168,2,73182758.3232,0.0238685024689081
15328,15352.851168,1,73182778.3808,0.020127235847317
15329,15352.871168,2,73182798.3232,0.0238019136599258
15330,15352.891168,1,73182818.368,0.0200719159137009
15331,15352.911168,2,73182838.3616,0.0238070358760014
15332,15352.931168,1,73182858.304,0.0201108447558752
15333,15352.951168,2,73182878.336,0.0238367447292397
15334,15352.971168,1,73182898.3552,0.0201446513819739
15335,15352.991168,2,73182918.336,0.0239135779703731
15336,15353.011168,1,73182938.3424,0.0202040690884504
15337,15353.031168,2,73182958.3232,0.0239688979039892
15338,15353.051168,1,73182978.3296,0.0201579691437704
15339,15353.071168,2,73182998.3488,0.0238736246849837
15340,15353.091168,1,73183018.3936,0.0200780625729916
15341,15353.111168,2,73183038.3488,0.0239330423914602
15342,15353.131168,1,73183058.368,0.020136455836253
15343,15353.151168,2,73183078.336,0.0238572335935419
15344,15353.171168,1,73183098.368,0.0201139180855205
15345,15353.191168,2,73183118.3616,0.0237926936709898
15346,15353.211168,1,73183138.3424,0.0200165959800848
15347,15353.231168,2,73183158.3488,0.0236922982359088
15348,15353.251168,1,73183178.368,0.0200616714815498
15349,15353.271168,2,73183198.3616,0.0237158604298564
15350,15353.291168,1,73183218.368,0.0200299137418813
15351,15353.311168,2,73183238.3488,0.0237353248509435
15352,15353.331168,1,73183258.368,0.0200483537197533
15353,15353.351168,2,73183278.4,0.0236994693384146
15354,15353.371168,1,73183298.368,0.020045280390108
15355,15353.391168,2,73183318.3872,0.0236431249615834
15356,15353.411168,1,73183338.3936,0.0200114737640093
15357,15353.431168,2,73183358.4384,0.0236615649394554
15358,15353.451168,1,73183378.3808,0.0200124982072244
15359,15353.471168,2,73183398.336,0.0236298071997869
15360,15353.491168,1,73183418.4192,0.0200309381850964
15361,15353.511168,2,73183438.4,0.0236175138812056
15362,15353.531168,1,73183458.3936,0.0200206937529453
15363,15353.551168,2,73183478.3872,0.0235919028008277
15364,15353.571168,1,73183498.3936,0.0200258159690208
15365,15353.591168,2,73183518.464,0.0236359538590776
15366,15353.611168,1,73183538.3808,0.020072940356916
15367,15353.631168,2,73183558.4,0.0236287827565718
15368,15353.651168,1,73183578.4192,0.0200278648554511
15369,15353.671168,2,73183598.4896,0.0236461982912287
15370,15353.691168,1,73183618.432,0.0200811359026369
15371,15353.711168,2,73183638.4,0.0236287827565718
15372,15353.731168,1,73183658.4192,0.0201098203126601
15373,15353.751168,2,73183678.4128,0.0236093183354847
15374,15353.771168,1,73183698.4192,0.0201036736533694
15375,15353.791168,2,73183718.4128,0.0237465937263097
15376,15353.811168,1,73183738.432,0.0201108447558752
15377,15353.831168,2,73183758.4,0.0236523449505194
15378,15353.851168,1,73183778.5088,0.0200831847890671
15379,15353.871168,2,73183798.4256,0.0236994693384146
15380,15353.891168,1,73183818.5472,0.0200319626283115
15381,15353.911168,2,73183838.464,0.023712787100211
15382,15353.931168,1,73183858.5216,0.020118015858381
15383,15353.951168,2,73183878.4384,0.0237506914991702
15384,15353.971168,1,73183898.4448,0.0201589935869855
15385,15353.991168,2,73183918.4768,0.0237138115434261
15386,15354.0112,1,73183938.4576,0.0200678181408405
15387,15354.0312,2,73183958.4256,0.0236277583133567
15388,15354.0512,1,73183978.5344,0.0200596225951196
15389,15354.0712,2,73183998.4512,0.023630831643002
15390,15354.0912,1,73184018.6112,0.0200401581740324
15391,15354.1112,2,73184038.464,0.0237015182248448
15392,15354.1312,1,73184058.4576,0.0200329870715266
15393,15354.1512,2,73184078.464,0.0236738582580368
15394,15354.1712,1,73184098.4704,0.0200770381297765
15395,15354.1912,2,73184118.4896,0.0237640092609667
15396,15354.2112,1,73184138.4704,0.020091380334788
15397,15354.2312,2,73184158.4768,0.0237148359866413
15398,15354.2512,1,73184178.4704,0.0200155715368697
15399,15354.2712,2,73184198.4896,0.0236615649394554
15400,15354.2912,1,73184218.496,0.0201190403015961
15401,15354.3112,2,73184238.4768,0.0236892249062634
15402,15354.3312,1,73184258.5344,0.0200626959247649
15403,15354.3512,2,73184278.4768,0.0237722048066876
15404,15354.3712,1,73184298.5472,0.0200524514926138
15405,15354.3912,2,73184318.4896,0.0237004937816297
15406,15354.4112,1,73184338.5344,0.0201210891880263
15407,15354.4312,2,73184358.656,0.0237844981252689
15408,15354.4512,1,73184378.5088,0.0200196693097302
15409,15354.4712,2,73184398.5024,0.023767082590612
15410,15354.4912,1,73184418.4832,0.0200883070051427
15411,15354.5112,2,73184438.5024,0.0237158604298564
15412,15354.5312,1,73184458.496,0.0201385047226832
15413,15354.5512,2,73184478.5664,0.0237476181695249
15414,15354.5712,1,73184498.4832,0.0201128936423054
15415,15354.5912,2,73184518.5664,0.0237086893273506
15416,15354.6112,1,73184538.56,0.0201385047226832
15417,15354.6312,2,73184558.5024,0.0237844981252689
15418,15354.6512,1,73184578.56,0.0201354313930379
15419,15354.6712,2,73184598.5664,0.0238285491835188
15420,15354.6912,1,73184618.5856,0.0200893314483578
15421,15354.7112,2,73184638.5024,0.0238111336488618
15422,15354.7312,1,73184658.5344,0.0201128936423054
15423,15354.7512,2,73184678.5408,0.0237261048620075
15424,15354.7712,1,73184698.5472,0.0200975269940787
15425,15354.7912,2,73184718.5536,0.0237312270780831
15426,15354.8112,1,73184738.5344,0.0201354313930379
15427,15354.8312,2,73184758.528,0.0236472227344438
15428,15354.8512,1,73184778.56,0.0201016247669392
15429,15354.8712,2,73184798.5408,0.0236933226791239
15430,15354.8912,1,73184818.56,0.0200463048333231
15431,15354.9112,2,73184838.5408,0.0237240559755773
15432,15354.9312,1,73184858.5472,0.0200801114594218
15433,15354.9512,2,73184878.5664,0.0236328805294323
15434,15354.9712,1,73184898.5472,0.0200975269940787
15435,15354.9912,2,73184918.5664,0.0236492716208741
15436,15355.0112,1,73184938.5984,0.0201323580633925
15437,15355.0312,2,73184958.5792,0.0238060114327863
15438,15355.0512,1,73184978.5728,0.0200903558915729
15439,15355.0712,2,73184998.592,0.0237138115434261
15440,15355.0912,1,73185018.5984,0.0201231380744565
15441,15355.1112,2,73185038.6048,0.0236953715655541
15442,15355.1312,1,73185058.5472,0.0201262114041019
15443,15355.1512,2,73185078.5664,0.023685127133403
15444,15355.1712,1,73185098.5984,0.0200852336754974
15445,15355.1912,2,73185118.592,0.023767082590612
15446,15355.2112,1,73185138.5984,0.0200934292212183
15447,15355.2312,2,73185158.592,0.0237506914991702
15448,15355.2512,1,73185178.5728,0.0201344069498228
15449,15355.2712,2,73185198.656,0.0237414715102342
15450,15355.2912,1,73185218.7008,0.0201169914151659
15451,15355.3112,2,73185238.6048,0.0237609359313213
15452,15355.3312,1,73185258.6368,0.0201507980412646
15453,15355.3512,2,73185278.592,0.0236707849283914
15454,15355.3712,1,73185298.7392,0.0201569447005552
15455,15355.3912,2,73185318.8224,0.0237343004077284
15456,15355.4112,1,73185338.6368,0.0201262114041019
15457,15355.4312,2,73185358.592,0.0237844981252689
15458,15355.4512,1,73185378.6112,0.0201784580080726
15459,15355.4712,2,73185398.656,0.0237732292499027
15460,15355.4912,1,73185418.6496,0.0201651402462762
15461,15355.5112,2,73185438.656,0.0237517159423853
15462,15355.5312,1,73185458.6112,0.020164115803061
15463,15355.5512,2,73185478.6304,0.0238080603192165
15464,15355.5712,1,73185498.688,0.0201866535537935
15465,15355.5912,2,73185518.6816,0.0238070358760014
15466,15355.6112,1,73185538.6368,0.0201938246562993
15467,15355.6312,2,73185558.6432,0.023785522568484
15468,15355.6512,1,73185578.6752,0.0201764091216424
15469,15355.6712,2,73185598.6432,0.0237373737373737
15470,15355.6912,1,73185618.6496,0.0201897268834389
15471,15355.7112,2,73185638.6944,0.0238664535824779
15472,15355.7312,1,73185658.6496,0.0202071424180958
15473,15355.7512,2,73185678.7584,0.023876698014629
15474,15355.7712,1,73185698.6496,0.0202163624070318
15475,15355.7912,2,73185718.6944,0.0239422623803963
15476,15355.8112,1,73185738.7392,0.0202102157477411
15477,15355.8312,2,73185758.6816,0.023976069006495
15478,15355.8512,1,73185778.752,0.0201856291105784
15479,15355.8712,2,73185798.7072,0.0239986067572274
15480,15355.8912,1,73185818.7008,0.0202563156924212
15481,15355.9112,2,73185838.72,0.0239842645522159
15482,15355.9312,1,73185858.6496,0.0202214846231073
15483,15355.9512,2,73185878.6816,0.0239545556989776
15484,15355.9712,1,73185898.688,0.0201866535537935
15485,15355.9912,2,73185918.7328,0.023876698014629
15486,15356.0112,1,73185938.7264,0.0202563156924212
15487,15356.0312,2,73185958.6816,0.0239443112668265
15488,15356.0512,1,73185978.7264,0.0202296801688282
15489,15356.0712,2,73185998.7328,0.0238244514106583
15490,15356.0912,1,73186018.7264,0.020236851271334
15491,15356.1112,2,73186038.7072,0.0237424959534493
15492,15356.1312,1,73186058.7008,0.0201887024402237
15493,15356.1512,2,73186078.72,0.023757862601676
15494,15356.1712,1,73186098.7392,0.0201169914151659
15495,15356.1912,2,73186118.7072,0.0238019136599258
15496,15356.2112,1,73186138.7648,0.0202071424180958
15497,15356.2312,2,73186158.72,0.0237916692277747
15498,15356.2512,1,73186178.8032,0.0201344069498228
15499,15356.2712,2,73186198.7584,0.0236933226791239
15500,15356.2912,1,73186218.7392,0.0201764091216424
15501,15356.3112,2,73186238.7584,0.0237076648841355
15502,15356.3312,1,73186258.7264,0.0201507980412646
15503,15356.3512,2,73186278.7584,0.0237025426680599
15504,15356.3712,1,73186298.7648,0.0201948490995144
15505,15356.3912,2,73186318.7584,0.0237291781916528
15506,15356.4112,1,73186338.7392,0.0201323580633925
15507,15356.4312,2,73186358.72,0.0237926936709898
15508,15356.4512,1,73186378.752,0.0201528469276948
15509,15356.4712,2,73186398.7328,0.0237640092609667
15510,15356.4912,1,73186418.7904,0.0201436269387588
15511,15356.5112,2,73186438.7584,0.0237322515212982
15512,15356.5312,1,73186458.7648,0.0201958735427295
15513,15356.5512,2,73186478.7456,0.0238500624910361
15514,15356.5712,1,73186498.7776,0.0200698670272707
15515,15356.5912,2,73186518.7968,0.0237793759091934
15516,15356.6112,1,73186538.7648,0.0201989468723749
15517,15356.6312,2,73186558.7712,0.0238090847624316
15518,15356.6512,1,73186578.752,0.0202163624070318
15519,15356.6712,2,73186598.7712,0.0237865470116991
15520,15356.6912,1,73186618.8032,0.0201743602352122
15521,15356.7112,2,73186638.7584,0.023839818058885
15522,15356.7312,1,73186658.7776,0.0201835802241482
15523,15356.7512,2,73186678.7712,0.0237814247956236
15524,15356.7712,1,73186698.7776,0.0201784580080726
15525,15356.7912,2,73186718.7968,0.0238008892167107
15526,15356.8112,1,73186738.7264,0.0201620669166308
15527,15356.8312,2,73186758.7968,0.0237424959534493
15528,15356.8512,1,73186778.8672,0.0201241625176716
15529,15356.8712,2,73186798.784,0.0237353248509435
15530,15356.8912,1,73186818.8032,0.0202132890773864
15531,15356.9112,2,73186838.8096,0.0238685024689081
15532,15356.9312,1,73186858.7904,0.0201518224844797
15533,15356.9512,2,73186878.7968,0.023776302579548
15534,15356.9712,1,73186898.8032,0.020091380334788
15535,15356.9912,2,73186918.8096,0.0238715757985535
15536,15357.0112,1,73186938.8416,0.0201210891880263
15537,15357.0312,2,73186958.7968,0.0238541602638966
15538,15357.0512,1,73186978.8544,0.0201415780523286
15539,15357.0712,2,73186998.848,0.0238070358760014
15540,15357.0912,1,73187018.88,0.0201446513819739
15541,15357.1112,2,73187038.8096,0.0238234269674432
15542,15357.1312,1,73187058.8032,0.0200708914704858
15543,15357.1512,2,73187078.8224,0.0239299690618149
15544,15357.1712,1,73187098.8288,0.0201887024402237
15545,15357.1912,2,73187118.848,0.0239811912225705
15546,15357.2112,1,73187138.8032,0.0200954781076485
15547,15357.2312,2,73187158.8224,0.0239863134386461
15548,15357.2512,1,73187178.8928,0.0201794824512877
15549,15357.2712,2,73187198.848,0.02406724445264
15550,15357.2912,1,73187218.9312,0.0201026492101543
15551,15357.3112,2,73187238.8224,0.0240354867129715
15552,15357.3312,1,73187258.8544,0.0200883070051427
15553,15357.3512,2,73187278.8608,0.0239453357100416
15554,15357.3712,1,73187298.8672,0.0200708914704858
15555,15357.3912,2,73187318.8992,0.0239658245743438
15556,15357.4112,1,73187338.8416,0.0200985514372938
15557,15357.4312,2,73187358.8864,0.023912553527158
15558,15357.4512,1,73187378.88,0.020127235847317
15559,15357.4712,2,73187398.8608,0.0238777224578442
15560,15357.4912,1,73187418.8288,0.0201262114041019
15561,15357.5112,2,73187438.8864,0.0239770934497101
15562,15357.5312,1,73187458.8544,0.0201262114041019
15563,15357.5512,2,73187478.8608,0.024048804474768
15564,15357.5712,1,73187498.88,0.0200831847890671
15565,15357.5912,2,73187518.8608,0.0240641711229947
15566,15357.6112,1,73187538.88,0.0200770381297765
15567,15357.6312,2,73187558.912,0.0240293400536808
15568,15357.6512,1,73187578.8672,0.0201190403015961
15569,15357.6712,2,73187598.8736,0.0240846599872969
15570,15357.6912,1,73187618.8928,0.0200585981519044
15571,15357.7112,2,73187638.9376,0.0239258712889545
15572,15357.7312,1,73187658.8928,0.0201661646894913
15573,15357.7512,2,73187678.9248,0.0239391890507509
15574,15357.7712,1,73187698.9056,0.0200370848443871
15575,15357.7912,2,73187718.9632,0.0239064068678673
15576,15357.8112,1,73187738.88,0.0201692380191366
15577,15357.8312,2,73187758.9248,0.0239074313110824
15578,15357.8512,1,73187778.9312,0.0200801114594218
15579,15357.8712,2,73187799.8336,0.0239381646075358
15580,15357.8912,1,73187818.9568,0.0201077714262298
15581,15357.9112,2,73187838.9248,0.0240139734054541
15582,15357.9312,1,73187858.9056,0.0201159669719507
15583,15357.9512,2,73187878.9376,0.0239443112668265
15584,15357.9712,1,73187898.9824,0.0201774335648575
15585,15357.9912,2,73187919.0272,0.0239586534718381
15586,15358.0112,1,73187938.9312,0.0200934292212183
15587,15358.0312,2,73187958.912,0.0238982113221464
15588,15358.0512,1,73187978.9568,0.0201323580633925
15589,15358.0712,2,73187998.9632,0.0238828446739197
15590,15358.0912,1,73188018.9952,0.0200831847890671
15591,15358.1112,2,73188038.9504,0.0239432868236114
15592,15358.1312,1,73188058.944,0.0201415780523286
15593,15358.1512,2,73188078.9376,0.0239678734607741
15594,15358.1712,1,73188098.944,0.0201385047226832
15595,15358.1912,2,73188118.9632,0.0239904112115065
15596,15358.2112,1,73188138.9184,0.0201344069498228
15597,15358.2312,2,73188158.9504,0.0239699223472043
15598,15358.2512,1,73188179.0592,0.0201436269387588
15599,15358.2712,2,73188199.0016,0.0239453357100416
15600,15358.2912,1,73188218.9952,0.020118015858381
15601,15358.3112,2,73188238.9632,0.0239279201753847
15602,15358.3312,1,73188258.9696,0.0200555248222591
15603,15358.3512,2,73188278.9632,0.0238900157764255
15604,15358.3712,1,73188298.9824,0.0200995758805089
15605,15358.3912,2,73188319.0656,0.0238521113774663
15606,15358.4112,1,73188338.9696,0.0200565492654742
15607,15358.4312,2,73188358.9248,0.0238049869895712
15608,15358.4512,1,73188379.008,0.0201118691990903
15609,15358.4712,2,73188399.0144,0.0238142069785072
15610,15358.4912,1,73188419.0464,0.0201292847337472
15611,15358.5112,2,73188438.9888,0.023785522568484
15612,15358.5312,1,73188458.9696,0.0201600180302006
15613,15358.5512,2,73188479.1936,0.0238101092056467
15614,15358.5712,1,73188499.0336,0.020091380334788
15615,15358.5912,2,73188519.0144,0.0237752781363329
15616,15358.6112,1,73188539.008,0.0201241625176716
15617,15358.6312,2,73188558.976,0.0237537648288155
15618,15358.6512,1,73188579.008,0.0200442559468929
15619,15358.6712,2,73188599.0144,0.0237650337041818
15620,15358.6912,1,73188619.0976,0.0201528469276948
15621,15358.7112,2,73188638.9888,0.0237640092609667
15622,15358.7312,1,73188659.008,0.0201067469830147
15623,15358.7512,2,73188679.0272,0.0237527403856004
15624,15358.7712,1,73188698.9952,0.0201825557809331
15625,15358.7912,2,73188719.0272,0.0237926936709898
15626,15358.8112,1,73188738.9952,0.020118015858381
15627,15358.8312,2,73188759.0272,0.0237424959534493
15628,15358.8512,1,73188779.0848,0.0201938246562993
15629,15358.8712,2,73188799.0272,0.0238418669453152
15630,15358.8912,1,73188819.072,0.0200309381850964
15631,15358.9112,2,73188839.0528,0.0237414715102342
15632,15358.9312,1,73188859.0208,0.0200944536644334
15633,15358.9512,2,73188879.0528,0.0236421005183683
15634,15358.9712,1,73188899.0208,0.0200883070051427
15635,15358.9912,2,73188919.104,0.0236707849283914
15636,15359.0112,1,73188939.0336,0.0199756182514803
15637,15359.0312,2,73188959.04,0.0236482471776589
15638,15359.0512,1,73188979.1232,0.020072940356916
15639,15359.0712,2,73188999.0912,0.0235908783576126
15640,15359.0912,1,73189019.0464,0.0200780625729916
15641,15359.1112,2,73189039.168,0.0236144405515602
15642,15359.1312,1,73189059.0464,0.0200852336754974
15643,15359.1512,2,73189079.2064,0.0236236605404962
15644,15359.1712,1,73189099.0976,0.0200155715368697
15645,15359.1912,2,73189119.0528,0.0236257094269265
15646,15359.2112,1,73189139.1104,0.0200555248222591
15647,15359.2312,2,73189159.0656,0.0236841026901879
15648,15359.2512,1,73189179.1616,0.0200176204232999
15649,15359.2712,2,73189199.0656,0.0236718093716065
15650,15359.2912,1,73189219.0848,0.0200124982072244
15651,15359.3112,2,73189239.0528,0.0237056159977052
15652,15359.3312,1,73189259.0208,0.0200258159690208
15653,15359.3512,2,73189279.2192,0.0237179093162866
15654,15359.3712,1,73189299.1488,0.0199858626836314
15655,15359.3912,2,73189319.1808,0.0236472227344438
15656,15359.4112,1,73189339.136,0.020026840412236
15657,15359.4312,2,73189359.0912,0.0236738582580368
15658,15359.4512,1,73189379.1744,0.0199653738193292
15659,15359.4712,2,73189399.1296,0.023558096174729
15660,15359.4912,1,73189419.136,0.0200237670825906
15661,15359.5112,2,73189439.104,0.023621611654066
15662,15359.5312,1,73189459.1232,0.0199612760464687
15663,15359.5512,2,73189479.1936,0.0235888294711824
15664,15359.5712,1,73189499.1488,0.020026840412236
15665,15359.5912,2,73189519.1296,0.0236257094269265
15666,15359.6112,1,73189539.1232,0.0199756182514803
15667,15359.6312,2,73189559.1168,0.0236082938922696
15668,15359.6512,1,73189579.136,0.020000204888643
15669,15359.6712,2,73189599.1296,0.0236871760198332
15670,15359.6912,1,73189619.2512,0.0200288892986662
15671,15359.7112,2,73189639.104,0.0237332759645133
15672,15359.7312,1,73189659.2128,0.0200278648554511
15673,15359.7512,2,73189679.1168,0.023666687155531
15674,15359.7712,1,73189699.3408,0.0200329870715266
15675,15359.7912,2,73189719.1808,0.0236820538037577
15676,15359.8112,1,73189739.136,0.0200626959247649
15677,15359.8312,2,73189759.1808,0.0236584916098101
15678,15359.8512,1,73189779.1488,0.0200043026615035
15679,15359.8712,2,73189799.1296,0.0236789804741123
15680,15359.8912,1,73189819.2768,0.0200708914704858
15681,15359.9112,2,73189839.1168,0.0237107382137808
15682,15359.9312,1,73189859.136,0.0200329870715266
15683,15359.9512,2,73189879.2832,0.0236431249615834
15684,15359.9712,1,73189899.1872,0.0200801114594218
15685,15359.9912,2,73189919.168,0.0236369783022927
15686,15360.0112,1,73189939.2,0.0200893314483578
15687,15360.0312,2,73189959.1424,0.0236287827565718
15688,15360.0512,1,73189979.2896,0.0200084004343639
15689,15360.0712,2,73189999.2064,0.0236267338701416
15690,15360.0912,1,73190019.1744,0.0201046980965845
15691,15360.1112,2,73190039.168,0.0235990739033335
15692,15360.1312,1,73190059.1488,0.0201200647448112
15693,15360.1512,2,73190079.2576,0.023757862601676
15694,15360.1712,1,73190099.1872,0.0199940582293523
15695,15360.1912,2,73190119.2576,0.0236820538037577
15696,15360.2112,1,73190139.2,0.0200278648554511
15697,15360.2312,2,73190159.2576,0.0237179093162866
15698,15360.2512,1,73190179.1744,0.0199295183068003
15699,15360.2712,2,73190199.168,0.0236800049173274
15700,15360.2912,1,73190219.2896,0.020045280390108
15701,15360.3112,2,73190239.168,0.0236656627123159
15702,15360.3312,1,73190259.2384,0.0200585981519044
15703,15360.3512,2,73190279.2064,0.023593951687258
15704,15360.3712,1,73190299.1872,0.0200145470936546
15705,15360.3912,2,73190319.296,0.0236871760198332
15706,15360.4112,1,73190339.2128,0.0200258159690208
15707,15360.4312,2,73190359.1808,0.0236533693937345
15708,15360.4512,1,73190379.2512,0.0200124982072244
15709,15360.4712,2,73190399.2576,0.023593951687258
15710,15360.4912,1,73190419.264,0.0199745938082652
15711,15360.5112,2,73190439.2192,0.0236093183354847
15712,15360.5312,1,73190459.2128,0.0200043026615035
15713,15360.5512,2,73190479.2448,0.0236615649394554
15714,15360.5712,1,73190499.264,0.0200340115147417
15715,15360.5912,2,73190519.2192,0.0236359538590776
15716,15360.6112,1,73190539.2256,0.0200114737640093
15717,15360.6312,2,73190559.2064,0.0235806339254615
15718,15360.6512,1,73190579.2512,0.0201016247669392
15719,15360.6712,2,73190599.2064,0.0236625893826705
15720,15360.6912,1,73190619.2256,0.0199848382404163
15721,15360.7112,2,73190639.3344,0.0236298071997869
15722,15360.7312,1,73190659.2384,0.0200217181961604
15723,15360.7512,2,73190679.2448,0.0236246849837114
15724,15360.7712,1,73190699.2,0.0199592271600385
15725,15360.7912,2,73190719.2448,0.0236605404962403
15726,15360.8112,1,73190739.264,0.0200483537197533
15727,15360.8312,2,73190759.2576,0.0236318560862171
15728,15360.8512,1,73190779.328,0.0200422070604626
15729,15360.8712,2,73190799.3088,0.0235929272440429
15730,15360.8912,1,73190819.328,0.0199879115700617
15731,15360.9112,2,73190839.2704,0.0235539984018686
15732,15360.9312,1,73190859.2384,0.0199623004896839
15733,15360.9512,2,73190879.2576,0.0236421005183683
15734,15360.9712,1,73190899.264,0.0200237670825906
15735,15360.9912,2,73190919.3216,0.0236195627676358
15736,15361.0112,1,73190939.3664,0.0200422070604626
15737,15361.0312,2,73190959.2832,0.023603171676194
15738,15361.0512,1,73190979.3152,0.0199930337861372
15739,15361.0712,2,73190999.3216,0.0236359538590776
15740,15361.0912,1,73191019.3408,0.0200534759358289
15741,15361.1112,2,73191039.2832,0.0236328805294323
15742,15361.1312,1,73191059.2896,0.0199448849550269
15743,15361.1512,2,73191079.3088,0.02361239166513
15744,15361.1712,1,73191099.3024,0.0200319626283115
15745,15361.1912,2,73191119.296,0.0236380027455078
15746,15361.2112,1,73191139.3152,0.0200176204232999
15747,15361.2312,2,73191159.3088,0.0236523449505194
15748,15361.2512,1,73191179.2896,0.0200432315036778
15749,15361.2712,2,73191199.3472,0.0236421005183683
15750,15361.2912,1,73191219.4176,0.0200032782182884
15751,15361.3112,2,73191239.3984,0.0236595160530252
15752,15361.3312,1,73191259.328,0.0200032782182884
15753,15361.3512,2,73191279.4368,0.0237353248509435
15754,15361.3712,1,73191299.328,0.0200565492654742
15755,15361.3912,2,73191319.3472,0.0236349294158625
15756,15361.4112,1,73191339.4048,0.0199950826725675
15757,15361.4312,2,73191359.36,0.023640051631938
15758,15361.4512,1,73191379.4304,0.0200708914704858
15759,15361.4712,2,73191399.4496,0.023567316163665
15760,15361.4912,1,73191419.4688,0.0200237670825906
15761,15361.5112,2,73191439.3856,0.0236656627123159
15762,15361.5312,1,73191459.3664,0.0200258159690208
15763,15361.5512,2,73191479.424,0.023666687155531
15764,15361.5712,1,73191499.4688,0.0200575737086893
15765,15361.5912,2,73191519.4752,0.0236041961194091
15766,15361.6112,1,73191539.392,0.0200708914704858
15767,15361.6312,2,73191559.3472,0.0236082938922696
15768,15361.6512,1,73191579.4944,0.0200872825619276
15769,15361.6712,2,73191599.3984,0.0236082938922696
15770,15361.6912,1,73191619.392,0.0200852336754974
15771,15361.7112,2,73191639.4368,0.0237015182248448
15772,15361.7312,1,73191659.3664,0.0199961071157826
15773,15361.7512,2,73191679.36,0.0236185383244207
15774,15361.7712,1,73191699.3792,0.0199786915811257
15775,15361.7912,2,73191719.3984,0.0235837072551069
15776,15361.8112,1,73191739.4816,0.0200165959800848
15777,15361.8312,2,73191759.4112,0.0236461982912287
15778,15361.8512,1,73191779.392,0.0200319626283115
15779,15361.8712,2,73191799.4112,0.0236339049726474
15780,15361.8912,1,73191819.392,0.0199418116253816
15781,15361.9112,2,73191839.4112,0.023558096174729
15782,15361.9312,1,73191859.5456,0.020000204888643
15783,15361.9512,2,73191879.3984,0.0236267338701416
15784,15361.9712,1,73191899.4176,0.0200565492654742
15785,15361.9912,2,73191919.4368,0.0236871760198332
15786,15362.0112,1,73191939.4304,0.020045280390108
15787,15362.0312,2,73191959.5008,0.0236779560308972
15788,15362.0512,1,73191979.3792,0.0200145470936546
15789,15362.0712,2,73191999.3984,0.0236584916098101
15790,15362.0912,1,73192019.4816,0.0200145470936546
15791,15362.1112,2,73192039.3984,0.0237148359866413
15792,15362.1312,1,73192059.392,0.020054500379044
15793,15362.1512,2,73192079.4368,0.0236492716208741
15794,15362.1712,1,73192099.4176,0.0200299137418813
15795,15362.1912,2,73192119.424,0.0236697604851763
15796,15362.2112,1,73192139.4432,0.0199879115700617
15797,15362.2312,2,73192159.424,0.0236564427233798
15798,15362.2512,1,73192179.4816,0.0200534759358289
15799,15362.2712,2,73192199.4624,0.0236882004630483
15800,15362.2912,1,73192219.4304,0.0199981560022128
15801,15362.3112,2,73192239.4752,0.0236277583133567
15802,15362.3312,1,73192259.4304,0.0199981560022128
15803,15362.3512,2,73192279.4496,0.0236441494047985
15804,15362.3712,1,73192299.456,0.0200217181961604
15805,15362.3912,2,73192319.4624,0.0236922982359088
15806,15362.4112,1,73192339.4432,0.0200299137418813
15807,15362.4312,2,73192359.4368,0.0236922982359088
15808,15362.4512,1,73192379.5456,0.0199551293871781
15809,15362.4712,2,73192399.4624,0.0236175138812056
15810,15362.4912,1,73192419.456,0.0200493781629684
15811,15362.5112,2,73192439.4752,0.0235621939475895
15812,15362.5312,1,73192459.456,0.020108795869445
15813,15362.5512,2,73192479.5904,0.0235919028008277
15814,15362.5712,1,73192499.5072,0.0199827893539861
15815,15362.5912,2,73192519.4368,0.0235857561415371
15816,15362.6112,1,73192539.5456,0.020036060401172
15817,15362.6312,2,73192559.4752,0.0235949761304731
15818,15362.6512,1,73192579.5328,0.020009424877579
15819,15362.6712,2,73192599.4752,0.0235406806400721
15820,15362.6912,1,73192619.4944,0.0199797160243408
15821,15362.7112,2,73192639.4752,0.0236318560862171
15822,15362.7312,1,73192659.4688,0.0200196693097302
15823,15362.7512,2,73192679.5392,0.0235888294711824
15824,15362.7712,1,73192699.4816,0.0199930337861372
15825,15362.7912,2,73192719.488,0.0235826828118917
15826,15362.8112,1,73192739.5712,0.0200493781629684
15827,15362.8312,2,73192759.5136,0.023640051631938
15828,15362.8512,1,73192779.4816,0.0200329870715266
15829,15362.8712,2,73192799.488,0.023630831643002
15830,15362.8912,1,73192819.5584,0.0200299137418813
15831,15362.9112,2,73192839.4624,0.0235591206179441
15832,15362.9312,1,73192859.5072,0.0200319626283115
15833,15362.9512,2,73192879.5008,0.0235837072551069
15834,15362.9712,1,73192899.5072,0.0200012293318581
15835,15362.9912,2,73192919.5392,0.0236349294158625
15836,15363.0112,1,73192939.52,0.0200463048333231
15837,15363.0312,2,73192959.5008,0.0235550228450837
15838,15363.0512,1,73192979.5584,0.0200237670825906
15839,15363.0712,2,73192999.5392,0.0235908783576126
15840,15363.0912,1,73193019.5712,0.0200063515479337
15841,15363.1112,2,73193039.5264,0.023630831643002
15842,15363.1312,1,73193059.5072,0.0199838137972012
15843,15363.1512,2,73193079.5776,0.0236421005183683
15844,15363.1712,1,73193099.5584,0.0200124982072244
15845,15363.1912,2,73193119.5264,0.0236810293605425
15846,15363.2112,1,73193139.6224,0.0200217181961604
15847,15363.2312,2,73193159.5392,0.0235806339254615
15848,15363.2512,1,73193179.52,0.020072940356916
15849,15363.2712,2,73193199.6032,0.0235888294711824
15850,15363.2912,1,73193219.5456,0.0200504026061835
15851,15363.3112,2,73193239.5264,0.0236349294158625
15852,15363.3312,1,73193259.5968,0.0199715204786199
15853,15363.3512,2,73193279.5392,0.0236287827565718
15854,15363.3712,1,73193299.6224,0.0200483537197533
15855,15363.3912,2,73193319.552,0.0235232651054152
15856,15363.4112,1,73193339.584,0.0199766426946954
15857,15363.4312,2,73193359.552,0.0236328805294323
15858,15363.4512,1,73193379.6224,0.0199879115700617
15859,15363.4712,2,73193399.5904,0.0236236605404962
15860,15363.4912,1,73193419.584,0.020054500379044
15861,15363.5112,2,73193439.5776,0.0236298071997869
15862,15363.5312,1,73193459.5712,0.0200524514926138
15863,15363.5512,2,73193479.6416,0.0236779560308972
15864,15363.5712,1,73193499.584,0.0199612760464687
15865,15363.5912,2,73193519.5904,0.0236543938369496
15866,15363.6112,1,73193539.6352,0.0200135226504395
15867,15363.6312,2,73193559.5904,0.023712787100211
15868,15363.6512,1,73193579.5584,0.0200780625729916
15869,15363.6712,2,73193599.6032,0.0236912737926937
15870,15363.6912,1,73193619.648,0.0200032782182884
15871,15363.7112,2,73193639.616,0.0236738582580368
15872,15363.7312,1,73193659.6096,0.020026840412236
15873,15363.7512,2,73193679.5904,0.0236871760198332
15874,15363.7712,1,73193699.6096,0.0200155715368697
15875,15363.7912,2,73193719.6544,0.0236185383244207
15876,15363.8112,1,73193739.6096,0.0200903558915729
15877,15363.8312,2,73193759.6416,0.0237261048620075
15878,15363.8512,1,73193779.648,0.0201333825066077
15879,15363.8712,2,73193799.6288,0.0237045915544901
15880,15363.8912,1,73193819.584,0.0201702624623517
15881,15363.9112,2,73193839.616,0.0236298071997869
15882,15363.9312,1,73193859.6352,0.0200831847890671
15883,15363.9512,2,73193879.6288,0.0236543938369496
15884,15363.9712,1,73193899.6352,0.020091380334788
15885,15363.9912,2,73193919.616,0.0235693650500953
15886,15364.0112,1,73193939.6352,0.0200811359026369
15887,15364.0312,2,73193959.6288,0.0235867805847522
15888,15364.0512,1,73193979.648,0.0200739648001311
15889,15364.0712,2,73193999.6416,0.0235765361526011
15890,15364.0912,1,73194019.8144,0.0201067469830147
15891,15364.1112,2,73194039.7568,0.0235642428340197
15892,15364.1312,1,73194059.648,0.0199674227057594
15893,15364.1512,2,73194079.616,0.0236513205073043
15894,15364.1712,1,73194099.7632,0.0200442559468929
15895,15364.1912,2,73194119.6672,0.0236421005183683
15896,15364.2112,1,73194139.648,0.0201077714262298
15897,15364.2312,2,73194159.68,0.0236871760198332
15898,15364.2512,1,73194179.6608,0.0201344069498228
15899,15364.2712,2,73194199.7056,0.0236595160530252
15900,15364.2912,1,73194219.7376,0.0201241625176716
15901,15364.3112,2,73194239.6672,0.0237363492941586
15902,15364.3312,1,73194259.6736,0.0200985514372938
15903,15364.3512,2,73194279.6672,0.0236974204519843
15904,15364.3712,1,73194299.6864,0.0201046980965845
15905,15364.3912,2,73194319.6544,0.0237834736820538
15906,15364.4112,1,73194339.6864,0.0201794824512877
15907,15364.4312,2,73194359.6672,0.0238019136599258
15908,15364.4512,1,73194379.7632,0.0201395291658983
15909,15364.4712,2,73194399.7568,0.0237025426680599
15910,15364.4912,1,73194419.7888,0.0200954781076485
15911,15364.5112,2,73194439.6928,0.0237343004077284
15912,15364.5312,1,73194459.6736,0.0201487491548343
15913,15364.5512,2,73194479.8464,0.0237885958981294
15914,15364.5712,1,73194499.7376,0.0202071424180958
15915,15364.5912,2,73194519.7056,0.0237906447845596
15916,15364.6112,1,73194539.6992,0.0201477247116192
15917,15364.6312,2,73194559.6928,0.0237547892720306
15918,15364.6512,1,73194579.7376,0.020136455836253
15919,15364.6712,2,73194599.7184,0.0237209826459319
15920,15364.6912,1,73194619.8016,0.0200698670272707
15921,15364.7112,2,73194639.7056,0.0237271293052226
15922,15364.7312,1,73194659.712,0.0201221136312414
15923,15364.7512,2,73194679.8208,0.0236830782469728
15924,15364.7712,1,73194699.8144,0.0201006003237241
15925,15364.7912,2,73194719.7696,0.0237220070891471
15926,15364.8112,1,73194739.7376,0.0201128936423054
15927,15364.8312,2,73194759.7184,0.0235888294711824
15928,15364.8512,1,73194779.776,0.020136455836253
15929,15364.8712,2,73194799.744,0.0236882004630483
15930,15364.8912,1,73194819.8144,0.0201497735980495
15931,15364.9112,2,73194839.8208,0.0237025426680599
15932,15364.9312,1,73194859.7248,0.020127235847317
15933,15364.9512,2,73194879.7568,0.0237025426680599
15934,15364.9712,1,73194899.84,0.0201077714262298
15935,15364.9912,2,73194919.7824,0.0237004937816297
15936,15365.0112,1,73194939.7632,0.0201825557809331
15937,15365.0312,2,73194959.744,0.0236687360419612
15938,15365.0512,1,73194979.8784,0.0201333825066077
15939,15365.0712,2,73194999.7568,0.023739422623804
15940,15365.0912,1,73195019.776,0.020136455836253
15941,15365.1112,2,73195039.8464,0.023703567111275
15942,15365.1312,1,73195059.7632,0.0200688425840556
15943,15365.1512,2,73195079.7824,0.0237097137705657
15944,15365.1712,1,73195099.776,0.0200790870162067
15945,15365.1912,2,73195119.7696,0.0236656627123159
15946,15365.2112,1,73195139.8656,0.0201385047226832
15947,15365.2312,2,73195159.7952,0.0236861515766181
15948,15365.2512,1,73195179.776,0.0200657692544102
15949,15365.2712,2,73195199.808,0.0236052205626242
15950,15365.2912,1,73195219.9168,0.0200719159137009
15951,15365.3112,2,73195239.7696,0.0236257094269265
15952,15365.3312,1,73195259.8656,0.0200575737086893
15953,15365.3512,2,73195280.384,0.0236267338701416
15954,15365.3712,1,73195299.8656,0.0200657692544102
15955,15365.3912,2,73195319.808,0.0235683406068802
15956,15365.4112,1,73195339.7888,0.0199940582293523
15957,15365.4312,2,73195359.8208,0.0235816583686766
15958,15365.4512,1,73195379.8528,0.0200596225951196
15959,15365.4712,2,73195399.872,0.0235929272440429
15960,15365.4912,1,73195419.7504,0.0200237670825906
15961,15365.5112,2,73195439.808,0.0236185383244207
15962,15365.5312,1,73195459.9168,0.0200196693097302
15963,15365.5512,2,73195479.8848,0.0236052205626242
15964,15365.5712,1,73195500.0064,0.0200206937529453
15965,15365.5912,2,73195519.8464,0.0235949761304731
15966,15365.6112,1,73195539.8144,0.0200432315036778
15967,15365.6312,2,73195559.8976,0.0235447784129326
15968,15365.6512,1,73195579.8144,0.0200463048333231
15969,15365.6712,2,73195599.8848,0.0236226360972811
15970,15365.6912,1,73195619.8528,0.0199623004896839
15971,15365.7112,2,73195639.872,0.023640051631938
15972,15365.7312,1,73195659.8528,0.0200534759358289
15973,15365.7512,2,73195679.9232,0.023694347122339
15974,15365.7712,1,73195699.9552,0.0200114737640093
15975,15365.7912,2,73195719.9616,0.0236533693937345
15976,15365.8112,1,73195739.9168,0.0200842092322823
15977,15365.8312,2,73195759.8336,0.0236789804741123
15978,15365.8512,1,73195779.8528,0.0200422070604626
15979,15365.8712,2,73195799.872,0.0237988403302805
15980,15365.8912,1,73195819.904,0.0200657692544102
15981,15365.9112,2,73195839.936,0.02374864261274
15982,15365.9312,1,73195859.84,0.0200534759358289
15983,15365.9512,2,73195879.9488,0.023767082590612
15984,15365.9712,1,73195899.9552,0.0200688425840556
15985,15365.9912,2,73195919.8464,0.0236779560308972
15986,15366.0112,1,73195939.9168,0.0200165959800848
15987,15366.0312,2,73195959.9616,0.0236953715655541
15988,15366.0512,1,73195979.9168,0.0200514270493987
15989,15366.0712,2,73196000,0.0236513205073043
15990,15366.0912,1,73196019.9296,0.0200370848443871
15991,15366.1112,2,73196039.872,0.0236246849837114
15992,15366.1312,1,73196059.8656,0.0201077714262298
15993,15366.1512,2,73196079.872,0.0236144405515602
15994,15366.1712,1,73196099.904,0.0200032782182884
15995,15366.1912,2,73196119.9744,0.0236421005183683
15996,15366.2112,1,73196139.8784,0.0200124982072244
15997,15366.2312,2,73196159.8976,0.0236564427233798
15998,15366.2512,1,73196179.9424,0.0200309381850964
15999,15366.2712,2,73196199.9488,0.0236236605404962
16000,15366.2912,1,73196219.9424,0.0200258159690208
16001,15366.3112,2,73196239.8464,0.0236041961194091
16002,15366.3312,1,73196259.8784,0.0200473292765382
16003,15366.3512,2,73196279.8592,0.023603171676194
16004,15366.3712,1,73196299.8656,0.0199582027168234
16005,15366.3912,2,73196319.8464,0.0236779560308972
16006,15366.4112,1,73196339.84,0.0200739648001311
16007,15366.4312,2,73196359.8592,0.0236922982359088
16008,15366.4512,1,73196379.8784,0.0199418116253816
16009,15366.4712,2,73196399.8848,0.0237240559755773
16010,15366.4912,1,73196419.8528,0.0199848382404163
16011,15366.5112,2,73196439.8976,0.0235837072551069
16012,15366.5312,1,73196459.8784,0.0200329870715266
16013,15366.5512,2,73196479.8976,0.0236789804741123
16014,15366.5712,1,73196499.8912,0.020000204888643
16015,15366.5912,2,73196519.872,0.0236625893826705
16016,15366.6112,1,73196539.904,0.0200319626283115
16017,15366.6312,2,73196559.872,0.0236062450058393
16018,15366.6512,1,73196579.8912,0.0200504026061835
16019,15366.6712,2,73196599.9232,0.0235796094822464
16020,15366.6912,1,73196619.8784,0.0200124982072244
16021,15366.7112,2,73196639.808,0.023539656196857
16022,15366.7312,1,73196659.9296,0.0199602516032536
16023,15366.7512,2,73196679.9232,0.0235857561415371
16024,15366.7712,1,73196700.032,0.0200114737640093
16025,15366.7912,2,73196719.936,0.023593951687258
16026,15366.8112,1,73196739.8784,0.0199868871268466
16027,15366.8312,2,73196759.9104,0.0235960005736882
16028,15366.8512,1,73196779.9936,0.0200176204232999
16029,15366.8712,2,73196799.8976,0.0235601450611593
16030,15366.8912,1,73196819.9296,0.0200022537750732
16031,15366.9112,2,73196839.8976,0.0235642428340197
16032,15366.9312,1,73196859.9168,0.0200104493207941
16033,15366.9512,2,73196879.9616,0.0236113672219149
16034,15366.9712,1,73196899.904,0.0200524514926138
16035,15366.9912,2,73196919.9104,0.0236257094269265
16036,15367.0112,1,73196940.0064,0.0199551293871781
16037,15367.0312,2,73196959.9744,0.023603171676194
16038,15367.0512,1,73196979.9936,0.0200319626283115
16039,15367.0712,2,73196999.936,0.0235898539143975
16040,15367.0912,1,73197019.9552,0.020045280390108
16041,15367.1112,2,73197039.9488,0.0235601450611593
16042,15367.1312,1,73197060.0064,0.020045280390108
16043,15367.1512,2,73197079.9616,0.0235140451164792
16044,15367.1712,1,73197099.968,0.0200401581740324
16045,15367.1912,2,73197119.9488,0.0235826828118917
16046,15367.2112,1,73197139.9296,0.0200135226504395
16047,15367.2312,2,73197159.9872,0.0235765361526011
16048,15367.2512,1,73197179.9808,0.0200073759911488
16049,15367.2712,2,73197199.9744,0.0236502960640892
16050,15367.2912,1,73197219.9424,0.0200708914704858
16051,15367.3112,2,73197239.9488,0.0236769315876821
16052,15367.3312,1,73197260.0064,0.0200944536644334
16053,15367.3512,2,73197279.9488,0.0237261048620075
16054,15367.3712,1,73197299.9552,0.020000204888643
16055,15367.3912,2,73197320.0256,0.0236533693937345
16056,15367.4112,1,73197339.968,0.0200401581740324
16057,15367.4312,2,73197359.9616,0.0237066404409204
16058,15367.4512,1,73197380.1344,0.0200411826172475
16059,15367.4712,2,73197399.9744,0.0236974204519843
16060,15367.4912,1,73197419.9936,0.0200206937529453
16061,15367.5112,2,73197439.9872,0.023739422623804
16062,15367.5312,1,73197459.9936,0.0200206937529453
16063,15367.5512,2,73197479.9872,0.0237476181695249
16064,15367.5712,1,73197500.032,0.0200678181408405
16065,15367.5912,2,73197520,0.0237209826459319
16066,15367.6112,1,73197539.9936,0.0199704960354048
16067,15367.6312,2,73197560.0128,0.0237209826459319
16068,15367.6512,1,73197579.9808,0.0200473292765382
16069,15367.6712,2,73197600.064,0.0237086893273506
16070,15367.6912,1,73197620.0064,0.0199643493761141
16071,15367.7112,2,73197640,0.0237322515212982
16072,15367.7312,1,73197660.1472,0.0200012293318581
16073,15367.7512,2,73197680,0.0237097137705657
16074,15367.7712,1,73197700.0064,0.0200463048333231
16075,15367.7912,2,73197720.1024,0.023767082590612
16076,15367.8112,1,73197740.0192,0.0200247915258057
16077,15367.8312,2,73197760.0384,0.0237926936709898
16078,15367.8512,1,73197780.1216,0.0200770381297765
16079,15367.8712,2,73197800.0256,0.0237209826459319
16080,15367.8912,1,73197820.1216,0.0200340115147417
16081,15367.9112,2,73197840.128,0.023685127133403
16082,15367.9312,1,73197860.0192,0.0200350359579568
16083,15367.9512,2,73197880.1536,0.0236912737926937
16084,15367.9712,1,73197900.1472,0.0200084004343639
16085,15367.9912,2,73197920.2176,0.0236789804741123
16086,15368.0112,1,73197940.0832,0.0200299137418813
16087,15368.0312,2,73197959.9872,0.0236277583133567
16088,15368.0512,1,73197980.0448,0.0200493781629684
16089,15368.0712,2,73198000.0896,0.0237158604298564
16090,15368.0912,1,73198020.0576,0.020009424877579
16091,15368.1112,2,73198040.1024,0.0236615649394554
16092,15368.1312,1,73198060.1088,0.0201210891880263
16093,15368.1512,2,73198080.0256,0.0236554182801647
16094,15368.1712,1,73198100.1088,0.0199868871268466
16095,15368.1912,2,73198120.1408,0.0237291781916528
16096,15368.2112,1,73198140.0832,0.020000204888643
16097,15368.2312,2,73198160.0896,0.0237045915544901
16098,15368.2512,1,73198180.1088,0.020018644866515
16099,15368.2712,2,73198200.064,0.0236205872108509
16100,15368.2912,1,73198220.032,0.020036060401172
16101,15368.3112,2,73198240.0512,0.0236933226791239
16102,15368.3312,1,73198260.1472,0.0199807404675559
16103,15368.3512,2,73198280.1152,0.0237312270780831
16104,15368.3712,1,73198300.1216,0.0200299137418813
16105,15368.3912,2,73198320.128,0.0236902493494786
16106,15368.4112,1,73198340.0832,0.0200032782182884
16107,15368.4312,2,73198360.8064,0.0236882004630483
16108,15368.4512,1,73198380.1216,0.0200391337308173
16109,15368.4712,2,73198400.1152,0.0237281537484377
16110,15368.4912,1,73198420.1984,0.019990984899707
16111,15368.5112,2,73198440.1408,0.023757862601676
16112,15368.5312,1,73198460.1216,0.0200063515479337
16113,15368.5512,2,73198480.1408,0.0237404470670191
16114,15368.5712,1,73198500.1216,0.0200749892433462
16115,15368.5912,2,73198520.064,0.0237138115434261
16116,15368.6112,1,73198540.1088,0.0199356649660909
16117,15368.6312,2,73198560.1664,0.0236584916098101
16118,15368.6512,1,73198580.2752,0.0199786915811257
16119,15368.6712,2,73198600.128,0.0236482471776589
16120,15368.6912,1,73198620.096,0.0200483537197533
16121,15368.7112,2,73198640.1152,0.0235693650500953
16122,15368.7312,1,73198660.2496,0.0200401581740324
16123,15368.7512,2,73198680.1408,0.0236513205073043
16124,15368.7712,1,73198700.352,0.0199704960354048
16125,15368.7912,2,73198720.1536,0.0236021472329789
16126,15368.8112,1,73198740.1344,0.0200196693097302
16127,15368.8312,2,73198760.2176,0.0236369783022927
16128,15368.8512,1,73198780.1856,0.0200657692544102
16129,15368.8712,2,73198800.128,0.0236113672219149
16130,15368.8912,1,73198820.2496,0.0200657692544102
16131,15368.9112,2,73198840.2048,0.0236328805294323
16132,15368.9312,1,73198860.1216,0.0199684471489745
16133,15368.9512,2,73198880.2688,0.023685127133403
16134,15368.9712,1,73198900.16,0.0200565492654742
16135,15368.9912,2,73198920.1152,0.0237496670559551
16136,15369.0112,1,73198940.16,0.020054500379044
16137,15369.0312,2,73198960.1792,0.0236595160530252
16138,15369.0512,1,73198980.2112,0.0200196693097302
16139,15369.0712,2,73199000.192,0.0237015182248448
16140,15369.0912,1,73199020.1984,0.0200391337308173
16141,15369.1112,2,73199040.1664,0.0236902493494786
16142,15369.1312,1,73199060.1728,0.0199356649660909
16143,15369.1512,2,73199080.1536,0.0236421005183683
16144,15369.1712,1,73199100.1856,0.0200739648001311
16145,15369.1912,2,73199120.2176,0.0236041961194091
16146,15369.2112,1,73199140.1856,0.0200329870715266
16147,15369.2312,2,73199160.2176,0.0236994693384146
16148,15369.2512,1,73199180.1984,0.0200770381297765
16149,15369.2712,2,73199200.2688,0.0236380027455078
16150,15369.2912,1,73199220.2496,0.0199848382404163
16151,15369.3112,2,73199240.2048,0.0236072694490544
16152,15369.3312,1,73199260.2496,0.0200749892433462
16153,15369.3512,2,73199280.2304,0.0236513205073043
16154,15369.3712,1,73199300.2112,0.019972544921835
16155,15369.3912,2,73199320.2176,0.0236707849283914
16156,15369.4112,1,73199340.2368,0.0200032782182884
16157,15369.4312,2,73199360.192,0.0237158604298564
16158,15369.4512,1,73199380.224,0.0200780625729916
16159,15369.4712,2,73199400.1664,0.0237199582027168
16160,15369.4912,1,73199420.3136,0.0200124982072244
16161,15369.5112,2,73199440.2304,0.0237547892720306
16162,15369.5312,1,73199460.1728,0.0200340115147417
16163,15369.5512,2,73199480.2048,0.0237066404409204
16164,15369.5712,1,73199500.3008,0.0200288892986662
16165,15369.5912,2,73199520.3456,0.0236543938369496
16166,15369.6112,1,73199540.2624,0.0200114737640093
16167,15369.6312,2,73199560.2176,0.0237547892720306
16168,15369.6512,1,73199580.2752,0.0200483537197533
16169,15369.6712,2,73199600.32,0.0237045915544901
16170,15369.6912,1,73199620.224,0.0200565492654742
16171,15369.7112,2,73199640.2048,0.0236267338701416
16172,15369.7312,1,73199660.3392,0.0200258159690208
16173,15369.7512,2,73199680.2304,0.0236820538037577
16174,15369.7712,1,73199700.224,0.0199561538303932
16175,15369.7912,2,73199720.2944,0.0236021472329789
16176,15369.8112,1,73199740.2112,0.019981764910771
16177,15369.8312,2,73199760.2304,0.0236431249615834
16178,15369.8512,1,73199780.2496,0.0199961071157826
16179,15369.8712,2,73199800.2816,0.0236922982359088
16180,15369.8912,1,73199820.288,0.0199561538303932
16181,15369.9112,2,73199840.32,0.0236431249615834
16182,15369.9312,1,73199860.2496,0.0200370848443871
16183,15369.9512,2,73199880.3456,0.0237015182248448
16184,15369.9712,1,73199900.2752,0.0200350359579568
16185,15369.9912,2,73199920.2688,0.0236605404962403
16186,15370.011232,1,73199940.288,0.0199950826725675
16187,15370.031232,2,73199960.3072,0.0237199582027168
16188,15370.051232,1,73199980.3264,0.0200760136865614
16189,15370.071232,2,73200000.2816,0.0237435203966644
16190,15370.091232,1,73200020.2624,0.0200483537197533
16191,15370.111232,2,73200040.2816,0.023694347122339
16192,15370.131232,1,73200060.288,0.0200606470383347
16193,15370.151232,2,73200080.2944,0.0235724383797406
16194,15370.171232,1,73200100.3136,0.0200196693097302
16195,15370.191232,2,73200120.3072,0.0236134161083451
16196,15370.211232,1,73200140.3008,0.0200084004343639
16197,15370.231232,2,73200160.2688,0.0235611695043744
16198,15370.251232,1,73200180.3264,0.0200565492654742
16199,15370.271232,2,73200200.3072,0.023640051631938
16200,15370.291232,1,73200220.3008,0.0200688425840556
16201,15370.311232,2,73200240.384,0.0236502960640892
16202,15370.331232,1,73200260.3776,0.0200749892433462
16203,15370.351232,2,73200280.3584,0.0236205872108509
16204,15370.371232,1,73200300.416,0.0200422070604626
16205,15370.391232,2,73200321.9072,0.0236472227344438
16206,15370.411232,1,73200340.4032,0.0200063515479337
16207,15370.431232,2,73200360.3712,0.0236502960640892
16208,15370.451232,1,73200380.4416,0.0200678181408405
16209,15370.471232,2,73200400.64,0.0236472227344438
16210,15370.491232,1,73200420.5696,0.0200073759911488
16211,15370.511232,2,73200440.4992,0.0236646382691007
16212,15370.531232,1,73200460.416,0.0200206937529453
16213,15370.551232,2,73200480.4224,0.023621611654066
16214,15370.571232,1,73200500.416,0.0200411826172475
16215,15370.591232,2,73200520.448,0.0236298071997869
16216,15370.611232,1,73200540.3904,0.0200043026615035
16217,15370.631232,2,73200560.6784,0.0235826828118917
16218,15370.651232,1,73200580.5312,0.0201128936423054
16219,15370.671232,2,73200600.4608,0.0236769315876821
16220,15370.691232,1,73200620.4288,0.0200401581740324
16221,15370.711232,2,73200640.512,0.0236236605404962
16222,15370.731232,1,73200660.3776,0.020036060401172
16223,15370.751232,2,73200680.3712,0.0237086893273506
16224,15370.771232,1,73200700.4416,0.0200104493207941
16225,15370.791232,2,73200720.4096,0.0236738582580368
16226,15370.811232,1,73200740.5312,0.0200084004343639
16227,15370.831232,2,73200760.6016,0.0236789804741123
16228,15370.851232,1,73200780.5184,0.0200135226504395
16229,15370.871232,2,73200800.448,0.0236718093716065
16230,15370.891232,1,73200820.5312,0.0200329870715266
16231,15370.911232,2,73200840.3712,0.0237865470116991
16232,15370.931232,1,73200861.1968,0.0201108447558752
16233,15370.951232,2,73200880.4352,0.023757862601676
16234,15370.971232,1,73200900.4672,0.0200135226504395
16235,15370.991232,2,73200920.64,0.0237558137152458
16236,15371.011232,1,73200940.4672,0.0200924047780032
16237,15371.031232,2,73200960.3712,0.0237988403302805
16238,15371.051232,1,73200980.5824,0.020045280390108
16239,15371.071232,2,73201000.4224,0.0237261048620075
16240,15371.091232,1,73201020.4288,0.0200309381850964
16241,15371.111232,2,73201040.4736,0.0236677115987461
16242,15371.131232,1,73201060.4416,0.0200862581187125
16243,15371.151232,2,73201080.4736,0.0237158604298564
16244,15371.171232,1,73201100.4928,0.0199858626836314
16245,15371.191232,2,73201120.4096,0.0237220070891471
16246,15371.211232,1,73201140.4928,0.0200739648001311
16247,15371.231232,2,73201160.4352,0.0237015182248448
16248,15371.251232,1,73201180.4288,0.0200565492654742
16249,15371.271232,2,73201200.4224,0.0236984448951995
16250,15371.291232,1,73201220.4416,0.0200381092876022
16251,15371.311232,2,73201240.4608,0.0236625893826705
16252,15371.331232,1,73201260.4032,0.0199756182514803
16253,15371.351232,2,73201280.512,0.0235980494601184
16254,15371.371232,1,73201300.4544,0.0200053271047186
16255,15371.391232,2,73201320.4736,0.0236441494047985
16256,15371.411232,1,73201340.5184,0.0199838137972012
16257,15371.431232,2,73201360.512,0.0236820538037577
16258,15371.451232,1,73201380.5056,0.0200524514926138
16259,15371.471232,2,73201400.4608,0.0236882004630483
16260,15371.491232,1,73201420.5696,0.0199786915811257
16261,15371.511232,2,73201440.4736,0.0236380027455078
16262,15371.531232,1,73201460.4544,0.0199950826725675
16263,15371.551232,2,73201480.5504,0.0236000983465487
16264,15371.571232,1,73201500.48,0.0200176204232999
16265,15371.591232,2,73201520.4608,0.0236339049726474
16266,15371.611232,1,73201540.5184,0.0199868871268466
16267,15371.631232,2,73201560.4864,0.0236830782469728
16268,15371.651232,1,73201580.6592,0.0200319626283115
16269,15371.671232,2,73201600.5632,0.0236421005183683
16270,15371.691232,1,73201620.5056,0.0200442559468929
16271,15371.711232,2,73201640.6144,0.0236800049173274
16272,15371.731232,1,73201660.7104,0.0200258159690208
16273,15371.751232,2,73201680.512,0.0236246849837114
16274,15371.771232,1,73201700.608,0.0200196693097302
16275,15371.791232,2,73201720.5504,0.0236810293605425
16276,15371.811232,1,73201740.5824,0.0200616714815498
16277,15371.831232,2,73201760.5888,0.0235867805847522
16278,15371.851232,1,73201780.5824,0.0199827893539861
16279,15371.871232,2,73201800.6016,0.0236236605404962
16280,15371.891232,1,73201820.7488,0.0200442559468929
16281,15371.911232,2,73201840.5248,0.0236011227897638
16282,15371.931232,1,73201860.544,0.0199745938082652
16283,15371.951232,2,73201880.8192,0.0236595160530252
16284,15371.971232,1,73201900.5312,0.0200411826172475
16285,15371.991232,2,73201920.5888,0.0237609359313213
16286,15372.011232,1,73201940.544,0.0200227426393755
16287,15372.031232,2,73201960.5376,0.0237978158870654
16288,15372.051232,1,73201980.608,0.0200688425840556
16289,15372.071232,2,73202000.5504,0.0236779560308972
16290,15372.091232,1,73202020.5952,0.0200217181961604
16291,15372.111232,2,73202040.6272,0.0236287827565718
16292,15372.131232,1,73202060.5696,0.0200012293318581
16293,15372.151232,2,73202080.5632,0.0236421005183683
16294,15372.171232,1,73202100.5568,0.0200626959247649
16295,15372.191232,2,73202120.6144,0.0236933226791239
16296,15372.211232,1,73202140.5312,0.0200442559468929
16297,15372.231232,2,73202160.5504,0.0236974204519843
16298,15372.251232,1,73202180.6208,0.0199674227057594
16299,15372.271232,2,73202200.5632,0.0237773270227631
16300,15372.291232,1,73202220.5824,0.0199756182514803
16301,15372.311232,2,73202240.5504,0.0237455692830946
16302,15372.331232,1,73202260.5696,0.0200760136865614
16303,15372.351232,2,73202280.64,0.0237465937263097
16304,15372.371232,1,73202300.6208,0.0200278648554511
16305,15372.391232,2,73202320.6016,0.0236779560308972
16306,15372.411232,1,73202340.5696,0.0200340115147417
16307,15372.431232,2,73202360.5632,0.0236564427233798
16308,15372.451232,1,73202380.6208,0.0200514270493987
16309,15372.471232,2,73202400.6784,0.0236748827012519
16310,15372.491232,1,73202420.672,0.0200104493207941
16311,15372.511232,2,73202440.6016,0.0236359538590776
16312,15372.531232,1,73202460.5696,0.0200647448111951
16313,15372.551232,2,73202480.7808,0.0236421005183683
16314,15372.571232,1,73202500.6208,0.0200309381850964
16315,15372.591232,2,73202520.576,0.0235703894933104
16316,15372.611232,1,73202540.6592,0.0200073759911488
16317,15372.631232,2,73202560.6016,0.0236277583133567
16318,15372.651232,1,73202580.6208,0.0200616714815498
16319,15372.671232,2,73202600.5888,0.0236410760751532
16320,15372.691232,1,73202620.608,0.0200012293318581
16321,15372.711232,2,73202640.7296,0.0236482471776589
16322,15372.731232,1,73202660.6848,0.0200329870715266
16323,15372.751232,2,73202680.6272,0.0236236605404962
16324,15372.771232,1,73202700.6336,0.0200340115147417
16325,15372.791232,2,73202720.6528,0.0236431249615834
16326,15372.811232,1,73202740.6336,0.0200616714815498
16327,15372.831232,2,73202760.6784,0.0236748827012519
16328,15372.851232,1,73202780.6976,0.0200647448111951
16329,15372.871232,2,73202800.6016,0.0237383981805888
16330,15372.891232,1,73202820.6976,0.0200473292765382
16331,15372.911232,2,73202840.7424,0.023739422623804
16332,15372.931232,1,73202860.6336,0.0200227426393755
16333,15372.951232,2,73202880.6912,0.0237527403856004
16334,15372.971232,1,73202900.6336,0.0200647448111951
16335,15372.991232,2,73202920.7296,0.0237353248509435
16336,15373.011232,1,73202940.6592,0.0200319626283115
16337,15373.031232,2,73202960.64,0.02374864261274
16338,15373.051232,1,73202980.6848,0.0199694715921896
16339,15373.071232,2,73203000.6656,0.0236779560308972
16340,15373.091232,1,73203020.7232,0.0200319626283115
16341,15373.111232,2,73203040.704,0.0236380027455078
16342,15373.131232,1,73203060.672,0.020009424877579
16343,15373.151232,2,73203080.6784,0.0236103427786998
16344,15373.171232,1,73203100.672,0.0200760136865614
