FrameCounter,SystemTimestamp,LedState,ComputerTimestamp,G0
0,21515.74656,7,58964437.0304,0.00392156862745098
1,21515.766528,2,58964456.9728,0.0315702665601246
2,21515.786528,1,58964477.0688,0.0206374085684431
3,21515.806528,2,58964496.9984,0.0296566066342943
4,21515.826528,1,58964517.248,0.0206322863523675
5,21515.846528,2,58964536.9856,0.0317608129981355
6,21515.866528,1,58964556.9792,0.0206394574548733
7,21515.886528,2,58964576.9984,0.0317690085438564
8,21515.906528,1,58964597.0048,0.0205646731001701
9,21515.926528,2,58964616.9984,0.0314340156125146
10,21515.946528,1,58964637.0304,0.0205677464298154
11,21515.966528,2,58964657.0112,0.0309894072571557
12,21515.986528,1,58964677.888,0.0204898887454668
13,21516.006528,2,58964697.024,0.0308357407748888
14,21516.026528,1,58964717.0048,0.0204714487675948
15,21516.046528,2,58964736.9856,0.0307056364865695
16,21516.066528,1,58964757.0048,0.020400762185752
17,21516.086528,2,58964776.9984,0.0304986989571168
18,21516.106528,1,58964797.0048,0.0203833466510951
19,21516.126528,2,58964817.0112,0.0303972790788207
20,21516.146528,1,58964837.0304,0.0203567111275022
21,21516.166528,2,58964857.0624,0.0302333681644026
22,21516.186528,1,58964877.0432,0.0202931956481652
23,21516.206528,2,58964897.0112,0.0301462904911181
24,21516.226528,1,58964917.0816,0.0203177822853279
25,21516.246528,2,58964937.0624,0.0301503882639785
26,21516.266528,1,58964957.0176,0.0202542668059909
27,21516.286528,2,58964977.152,0.0300612617042637
28,21516.306528,1,58964997.0176,0.0201917757698691
29,21516.326528,2,58965017.024,0.0300428217263917
30,21516.346528,1,58965037.1072,0.0201815313377179
31,21516.366528,2,58965057.1904,0.0300079906570779
32,21516.386528,1,58965077.056,0.0202020202020202
33,21516.406528,2,58965097.0496,0.0297969553547647
34,21516.426528,1,58965117.0432,0.0201897268834389
35,21516.446528,2,58965137.0368,0.0295183068002541
36,21516.466528,1,58965157.0176,0.0200790870162067
37,21516.486528,2,58965177.0496,0.0293031737250804
38,21516.506528,1,58965197.4016,0.0201446513819739
39,21516.526528,2,58965217.0752,0.029190484971418
40,21516.546528,1,58965237.0304,0.0201354313930379
41,21516.566528,2,58965257.1008,0.0291781916528367
42,21516.586528,1,58965277.9136,0.0201282602905321
43,21516.606528,2,58965297.2544,0.0291095539574241
44,21516.626528,1,58965317.12,0.0200883070051427
45,21516.646528,2,58965337.2032,0.0290327207162907
46,21516.666528,1,58965357.12,0.0200463048333231
47,21516.686528,2,58965377.1264,0.0289620341344479
48,21516.706528,1,58965397.056,0.0200585981519044
49,21516.726528,2,58965417.088,0.0288380765054193
50,21516.746528,1,58965437.6576,0.0200381092876022
51,21516.766528,2,58965457.0624,0.0287335832974778
52,21516.786528,1,58965477.12,0.0200626959247649
53,21516.806528,2,58965497.1264,0.0284877169258508
54,21516.826528,1,58965517.6064,0.0200278648554511
55,21516.846528,2,58965537.1136,0.0283381482164444
56,21516.866528,1,58965557.0944,0.0200647448111951
57,21516.886528,2,58965577.1008,0.0282859016124736
58,21516.906528,1,58965597.8496,0.0199602516032536
59,21516.926528,2,58965617.088,0.0281844817341775
60,21516.946528,1,58965637.0816,0.0199950826725675
61,21516.966528,2,58965657.1264,0.0282613149753109
62,21516.986528,1,58965677.0688,0.019981764910771
63,21517.006528,2,58965697.1264,0.0282664371913865
64,21517.026528,1,58965717.1072,0.0199899604564919
65,21517.046528,2,58965737.0624,0.02825311942959
66,21517.066528,1,58965757.0944,0.0199930337861372
67,21517.086528,2,58965777.728,0.0279550064539923
68,21517.106528,1,58965797.1712,0.019981764910771
69,21517.126528,2,58965817.1392,0.0279918864097363
70,21517.146528,1,58965837.1712,0.0198946872374864
71,21517.166528,2,58965857.1264,0.0280902329583871
72,21517.186528,1,58965877.3504,0.0199305427500154
73,21517.206528,2,58965897.1136,0.0280533530026431
74,21517.226528,1,58965917.1584,0.0199520560575327
75,21517.246528,2,58965937.1264,0.0281814084045321
76,21517.266528,1,58965957.1328,0.0199346405228758
77,21517.286528,2,58965977.152,0.0282193128034913
78,21517.306528,1,58965997.1584,0.0199336160796607
79,21517.326528,2,58966017.1648,0.0281496506648636
80,21517.346528,1,58966037.1456,0.019936689409306
81,21517.366528,2,58966057.1392,0.0282213616899215
82,21517.386528,1,58966077.248,0.0199745938082652
83,21517.406528,2,58966097.1776,0.0283463437621653
84,21517.426528,1,58966117.1072,0.0198772717028295
85,21517.446528,2,58966137.1904,0.0284508369701067
86,21517.466528,1,58966157.1584,0.019872149486754
87,21517.486528,2,58966177.152,0.0285481590755424
88,21517.506528,1,58966197.2096,0.019890589464626
89,21517.526528,2,58966217.1776,0.0286311389759666
90,21517.546528,1,58966237.2736,0.0199008338967771
91,21517.566528,2,58966257.2288,0.0286096256684492
92,21517.586528,1,58966277.184,0.0199356649660909
93,21517.606528,2,58966297.2032,0.0285481590755424
94,21517.626528,1,58966317.184,0.0199264449771549
95,21517.646528,2,58966337.1392,0.0284703013911939
96,21517.666528,1,58966357.2096,0.0198649783842482
97,21517.686528,2,58966377.344,0.0284743991640543
98,21517.706528,1,58966397.3248,0.0198977605671318
99,21517.726528,2,58966417.216,0.028344294875735
100,21517.746528,1,58966437.2096,0.0198711250435388
101,21517.766528,2,58966457.1776,0.0284211281168685
102,21517.786528,1,58966477.2224,0.0198936627942713
103,21517.806528,2,58966497.2032,0.0285471346323273
104,21517.826528,1,58966517.2352,0.0198537095088819
105,21517.846528,2,58966537.2288,0.0286239678734608
106,21517.866528,1,58966557.2992,0.0199223472042945
107,21517.886528,2,58966577.2416,0.028735632183908
108,21517.906528,1,58966598.1824,0.0199243960907247
109,21517.926528,2,58966617.2288,0.0287817321285881
110,21517.946528,1,58966637.248,0.0199039072264224
111,21517.966528,2,58966657.3056,0.0288554920400762
112,21517.986528,1,58966677.2352,0.0198526850656668
113,21518.006528,2,58966697.2416,0.0289487163726515
114,21518.026528,1,58966717.248,0.0198537095088819
115,21518.046528,2,58966737.2416,0.0288944208822505
116,21518.066528,1,58966757.2736,0.0198967361239166
117,21518.086528,2,58966777.2672,0.0288145143114717
118,21518.106528,1,58966797.2608,0.0199325916364456
119,21518.126528,2,58966817.6512,0.0288052943225357
120,21518.146528,1,58966837.2352,0.0198240006556437
121,21518.166528,2,58966857.2928,0.0287817321285881
122,21518.186528,1,58966877.3376,0.019909029442498
123,21518.206528,2,58966897.2544,0.0287407543999836
124,21518.226528,1,58966917.2608,0.0198403917470855
125,21518.246528,2,58966937.2416,0.0288380765054193
126,21518.266528,1,58966957.2352,0.0198414161903006
127,21518.286528,2,58966977.28,0.0287766099125125
128,21518.306528,1,58966997.2864,0.0197932673591903
129,21518.326528,2,58967017.3568,0.028762267707501
130,21518.346528,1,58967037.2864,0.0197553629602311
131,21518.366528,2,58967057.2544,0.0286270412031061
132,21518.386528,1,58967077.2864,0.0197738029381031
133,21518.406528,2,58967097.2928,0.028562501280554
134,21518.426528,1,58967117.248,0.0197615096195218
135,21518.446528,2,58967137.3056,0.0285338168705309
136,21518.466528,1,58967157.3888,0.0197860962566845
137,21518.486528,2,58967177.28,0.0284354703218801
138,21518.506528,1,58967197.3376,0.0197686807220276
139,21518.526528,2,58967217.2544,0.0283494170918106
140,21518.546528,1,58967237.3248,0.0198332206445797
141,21518.566528,2,58967257.472,0.0283699059561128
142,21518.586528,1,58967277.4144,0.0197399963120044
143,21518.606528,2,58967297.344,0.0281793595181019
144,21518.626528,1,58967317.312,0.0197563874034462
145,21518.646528,2,58967337.3056,0.0281629684266601
146,21518.666528,1,58967357.3248,0.0197195074477022
147,21518.686528,2,58967377.3184,0.0280359374679861
148,21518.706528,1,58967397.2736,0.0197533140738009
149,21518.726528,2,58967417.344,0.0279283709303993
150,21518.746528,1,58967437.312,0.0197686807220276
151,21518.766528,2,58967457.2928,0.027943737578626
152,21518.786528,1,58967477.3888,0.0198117073370623
153,21518.806528,2,58967497.3184,0.0278628065646321
154,21518.826528,1,58967517.3632,0.0197164341180568
155,21518.846528,2,58967537.4336,0.0278812465425042
156,21518.866528,1,58967557.3248,0.0197738029381031
157,21518.886528,2,58967577.3184,0.0279027598500215
158,21518.906528,1,58967597.4144,0.0197205318909173
159,21518.926528,2,58967617.3568,0.0279447620218411
160,21518.946528,1,58967637.3248,0.0198229762124285
161,21518.966528,2,58967657.344,0.0278587087917717
162,21518.986528,1,58967677.3632,0.0197840473702543
163,21519.006528,2,58967697.344,0.0278085110742312
164,21519.026528,1,58967717.3376,0.0197246296637777
165,21519.046528,2,58967737.3696,0.0278443665867601
166,21519.066528,1,58967757.3632,0.019735898539144
167,21519.086528,2,58967777.3568,0.0277921199827894
168,21519.106528,1,58967797.3888,0.0197840473702543
169,21519.126528,2,58967817.3568,0.027824902165673
170,21519.146528,1,58967837.4016,0.0197615096195218
171,21519.166528,2,58967857.3952,0.0278218288360276
172,21519.186528,1,58967877.4272,0.0197574118466613
173,21519.206528,2,58967897.3696,0.0277665089024115
174,21519.226528,1,58967917.4144,0.0197246296637777
175,21519.246528,2,58967937.4976,0.0278986620771611
176,21519.266528,1,58967957.3632,0.0197379474255742
177,21519.286528,2,58967977.5744,0.0279591042268527
178,21519.306528,1,58967997.4016,0.0197041407994755
179,21519.326528,2,58968017.408,0.0280635974347942
180,21519.346528,1,58968037.3888,0.019726678550208
181,21519.366528,2,58968057.4208,0.0281383817894974
182,21519.386528,1,58968077.376,0.0196867252648186
183,21519.406528,2,58968097.4592,0.0282275083492122
184,21519.426528,1,58968117.4144,0.0197307763230684
185,21519.446528,2,58968137.408,0.0283535148646711
186,21519.466528,1,58968157.4272,0.0197860962566845
187,21519.486528,2,58968177.3824,0.0284426414243858
188,21519.506528,1,58968197.4272,0.0197522896305858
189,21519.526528,2,58968217.408,0.0284692769479788
190,21519.546528,1,58968237.44,0.0197625340627369
191,21519.566528,2,58968257.4848,0.0283842481611244
192,21519.586528,1,58968277.4784,0.0197738029381031
193,21519.606528,2,58968297.4464,0.0282951216014096
194,21519.626528,1,58968317.376,0.0198117073370623
195,21519.646528,2,58968337.4208,0.0282305816788575
196,21519.666528,1,58968357.4272,0.0197922429159752
197,21519.686528,2,58968377.4208,0.0281496506648636
198,21519.706528,1,58968397.4784,0.0197748273813183
199,21519.726528,2,58968417.4464,0.0280451574569222
200,21519.746528,1,58968437.4528,0.0197318007662835
201,21519.766528,2,58968457.7408,0.0280174974901141
202,21519.786528,1,58968477.4528,0.0197369229823591
203,21519.806528,2,58968497.472,0.0279775442047247
204,21519.826528,1,58968517.4912,0.0197686807220276
205,21519.846528,2,58968537.4976,0.0280697440940849
206,21519.866528,1,58968557.4528,0.0197143852316266
207,21519.886528,2,58968577.4592,0.0280820374126662
208,21519.906528,1,58968597.4656,0.0198280984285041
209,21519.926528,2,58968617.4336,0.0279488597947016
210,21519.946528,1,58968637.4272,0.0197338496527138
211,21519.966528,2,58968657.472,0.0278648554510623
212,21519.986528,1,58968677.44,0.0197307763230684
213,21520.006528,2,58968697.5104,0.0278945643043006
214,21520.026528,1,58968717.4784,0.0196949208105395
215,21520.046528,2,58968737.5104,0.027916077611818
216,21520.066528,1,58968757.4656,0.0197481918577253
217,21520.086528,2,58968777.5232,0.0280297908086955
218,21520.106528,1,58968797.504,0.0197256541069929
219,21520.126528,2,58968817.472,0.028152723994509
220,21520.146528,1,58968837.4784,0.0196887741512488
221,21520.166528,2,58968857.472,0.0281568217673694
222,21520.186528,1,58968877.5168,0.0197768762677485
223,21520.206528,2,58968897.4976,0.0280933062880325
224,21520.226528,1,58968917.5168,0.0197307763230684
225,21520.246528,2,58968937.5104,0.0280564263322884
226,21520.266528,1,58968957.4912,0.0196897985944639
227,21520.286528,2,58968977.5488,0.0278546110189112
228,21520.306528,1,58968997.4656,0.0197410207552195
229,21520.326528,2,58969017.7536,0.0278658798942775
230,21520.346528,1,58969037.504,0.0197051652426906
231,21520.366528,2,58969057.4848,0.0277388489356035
232,21520.386528,1,58969077.5296,0.0198106828938472
233,21520.406528,2,58969097.536,0.0277777777777778
234,21520.426528,1,58969117.5296,0.019735898539144
235,21520.446528,2,58969137.5232,0.0278177310631672
236,21520.466528,1,58969157.5296,0.0197809740406089
237,21520.486528,2,58969177.536,0.0278044133013707
238,21520.506528,1,58969197.5424,0.0197522896305858
239,21520.526528,2,58969217.5232,0.0277788022209929
240,21520.546528,1,58969237.5296,0.0197809740406089
241,21520.566528,2,58969257.5744,0.0277962177556498
242,21520.586528,1,58969277.4912,0.019836293974225
243,21520.606528,2,58969298.1504,0.0278597332349868
244,21520.626528,1,58969317.7856,0.0197604851763067
245,21520.646528,2,58969337.536,0.0279222242711087
246,21520.666528,1,58969357.5936,0.0197471674145102
247,21520.686528,2,58969377.5872,0.0279048087364517
248,21520.706528,1,58969398.1568,0.0197748273813183
249,21520.726528,2,58969417.5744,0.0278761243264286
250,21520.746528,1,58969437.5936,0.0198393673038703
251,21520.766528,2,58969457.6,0.0278904665314402
252,21520.786528,1,58969477.6064,0.0197871206998996
253,21520.806528,2,58969497.5616,0.0276988956502141
254,21520.826528,1,58969517.568,0.0197307763230684
255,21520.846528,2,58969537.5872,0.0275810846804762
256,21520.866528,1,58969557.568,0.0197758518245334
257,21520.886528,2,58969577.5616,0.0275226914172147
258,21520.906528,1,58969597.5808,0.0197399963120044
259,21520.926528,2,58969617.5488,0.0274950314504067
260,21520.946528,1,58969637.8496,0.0197430696416498
261,21520.966528,2,58969657.5872,0.0275790357940459
262,21520.986528,1,58969677.632,0.019781998483824
263,21521.006528,2,58969697.6128,0.0275544491568832
264,21521.026528,1,58969717.632,0.0197901940295449
265,21521.046528,2,58969737.5744,0.0276855778884176
266,21521.066528,1,58969757.6064,0.0197932673591903
267,21521.086528,2,58969778.304,0.0277378244923884
268,21521.106528,1,58969797.6192,0.0198342450877948
269,21521.126528,2,58969817.6128,0.0277419222652488
270,21521.146528,1,58969837.6064,0.01974511852808
271,21521.166528,2,58969857.6512,0.0276691867969758
272,21521.186528,1,58969877.6192,0.0196959452537546
273,21521.206528,2,58969897.6,0.0276599668080398
274,21521.226528,1,58969917.6448,0.01974511852808
275,21521.246528,2,58969937.6256,0.0277624111295511
276,21521.266528,1,58969957.6192,0.0197594607330916
277,21521.286528,2,58969977.664,0.0277019689798594
278,21521.306528,1,58969997.6448,0.0198106828938472
279,21521.326528,2,58970017.6384,0.0276712356834061
280,21521.346528,1,58970037.6832,0.0198393673038703
281,21521.366528,2,58970058.5088,0.0276927489909234
282,21521.386528,1,58970077.6576,0.0198260495420739
283,21521.406528,2,58970097.6512,0.0277306533898826
284,21521.426528,1,58970117.6576,0.0197738029381031
285,21521.446528,2,58970137.7152,0.0277992910852951
286,21521.466528,1,58970157.6576,0.0197492163009404
287,21521.486528,2,58970177.6,0.0277695822320569
288,21521.506528,1,58970197.696,0.0196826274919581
289,21521.526528,2,58970217.6512,0.0277603622431209
290,21521.546528,1,58970237.5936,0.0197133607884115
291,21521.566528,2,58970257.6512,0.0277747044481324
292,21521.586528,1,58970278.4384,0.0198014629049112
293,21521.606528,2,58970297.92,0.0277152867416559
294,21521.626528,1,58970317.6576,0.0197809740406089
295,21521.646528,2,58970337.664,0.0275687913618948
296,21521.666528,1,58970357.6448,0.0197983895752658
297,21521.686528,2,58970377.728,0.027543180281517
298,21521.706528,1,58970397.8112,0.0197860962566845
299,21521.726528,2,58970417.6896,0.0275298625197205
300,21521.746528,1,58970437.6832,0.0197758518245334
301,21521.766528,2,58970457.7024,0.0276210379658656
302,21521.786528,1,58970478.5536,0.0197215563341324
303,21521.806528,2,58970497.6768,0.0276425512733829
304,21521.826528,1,58970517.7088,0.0197901940295449
305,21521.846528,2,58970537.7024,0.0276220624090807
306,21521.866528,1,58970557.7088,0.0197195074477022
307,21521.886528,2,58970577.6896,0.0277265556170221
308,21521.906528,1,58970597.7984,0.0197594607330916
309,21521.926528,2,58970617.6768,0.0277665089024115
310,21521.946528,1,58970637.7344,0.0197912184727601
311,21521.966528,2,58970657.7536,0.0276876267748479
312,21521.986528,1,58970677.7216,0.0197246296637777
313,21522.006528,2,58970697.728,0.0276394779437376
314,21522.026528,1,58970717.696,0.019735898539144
315,21522.046528,2,58970737.6896,0.0279683242157887
316,21522.066528,1,58970757.7856,0.0197625340627369
317,21522.086528,2,58970777.728,0.0286045034523736
318,21522.106528,1,58970797.7216,0.01974511852808
319,21522.126528,2,58970817.7792,0.0289528141455119
320,21522.146528,1,58970837.7216,0.0197256541069929
321,21522.166528,2,58970857.8432,0.0288677853586576
322,21522.186528,1,58970877.7728,0.0197184830044871
323,21522.206528,2,58970897.7152,0.0289466674862212
324,21522.226528,1,58970918.208,0.0197697051652427
325,21522.246528,2,58970937.7408,0.0288995430983261
326,21522.266528,1,58970958.0288,0.0197738029381031
327,21522.286528,2,58970977.7408,0.0288729075747331
328,21522.306528,1,58970998.1312,0.0197113119019813
329,21522.326528,2,58971017.7408,0.0289835474419653
330,21522.346528,1,58971037.7728,0.0197389718687893
331,21522.366528,2,58971057.7536,0.0289026164279714
332,21522.386528,1,58971077.7472,0.0197133607884115
333,21522.406528,2,58971097.7792,0.0289026164279714
334,21522.426528,1,58971117.76,0.0196621386276559
335,21522.446528,2,58971137.7664,0.0290153051816338
336,21522.466528,1,58971157.76,0.0196887741512488
337,21522.486528,2,58971177.8432,0.0288882742229598
338,21522.506528,1,58971197.7984,0.019763558505952
339,21522.526528,2,58971217.8048,0.0289917429876862
340,21522.546528,1,58971237.8368,0.0197174585612719
341,21522.566528,2,58971257.792,0.0290839428770463
342,21522.586528,1,58971277.8112,0.0197348740959289
343,21522.606528,2,58971297.8048,0.0292191693814412
344,21522.626528,1,58971317.7984,0.0197174585612719
345,21522.646528,2,58971337.7664,0.0292611715532608
346,21522.666528,1,58971357.824,0.0197051652426906
347,21522.686528,2,58971377.8176,0.0298604708341017
348,21522.706528,1,58971397.8112,0.0196836519351732
349,21522.726528,2,58971417.8048,0.0302302948347573
350,21522.746528,1,58971437.824,0.0197338496527138
351,21522.766528,2,58971458.8416,0.0303265924969779
352,21522.786528,1,58971477.8752,0.0196990185833999
353,21522.806528,2,58971497.8176,0.0302251726186817
354,21522.826528,1,58971517.8112,0.0196826274919581
355,21522.846528,2,58971537.792,0.0300889216710718
356,21522.866528,1,58971557.8112,0.0197410207552195
357,21522.886528,2,58971578.0736,0.029763148728666
358,21522.906528,1,58971597.8368,0.0197410207552195
359,21522.926528,2,58971617.8304,0.0294045936033766
360,21522.946528,1,58971637.888,0.0196754563894523
361,21522.966528,2,58971657.856,0.029090089536337
362,21522.986528,1,58971677.7984,0.0196713586165919
363,21523.006528,2,58971698.048,0.0287786587989428
364,21523.026528,1,58971717.8368,0.019735898539144
365,21523.046528,2,58971737.8176,0.0286208945438154
366,21523.066528,1,58971757.8496,0.0196877497080337
367,21523.086528,2,58971777.8432,0.0284815702665601
368,21523.106528,1,58971797.9008,0.0196191120126211
369,21523.126528,2,58971817.8432,0.0284600569590428
370,21523.146528,1,58971837.824,0.0195873542729527
371,21523.166528,2,58971857.856,0.0284293236625894
372,21523.186528,1,58971877.8496,0.019709263015551
373,21523.206528,2,58971897.856,0.0285307435408855
374,21523.226528,1,58971917.8496,0.0197061896859057
375,21523.246528,2,58971937.8304,0.0285706968262749
376,21523.266528,1,58971957.9008,0.0196498453090745
377,21523.286528,2,58971977.92,0.0285010346876473
378,21523.306528,1,58971997.9008,0.0197133607884115
379,21523.326528,2,58972018.5984,0.028426250332944
380,21523.346528,1,58972037.888,0.0196938963673244
381,21523.366528,2,58972057.92,0.0283924437068453
382,21523.386528,1,58972077.824,0.0197963406888356
383,21523.406528,2,58972097.8816,0.0283627348536071
384,21523.426528,1,58972117.8368,0.019681603048743
385,21523.446528,2,58972137.9072,0.0281650173130903
386,21523.466528,1,58972158.0288,0.0197420451984347
387,21523.486528,2,58972177.8944,0.0280328641383408
388,21523.506528,1,58972197.9136,0.0197205318909173
389,21523.526528,2,58972217.8816,0.0280185219333292
390,21523.546528,1,58972237.9008,0.0197205318909173
391,21523.566528,2,58972257.9072,0.0279037842932366
392,21523.586528,1,58972278.5024,0.0196713586165919
393,21523.606528,2,58972297.9584,0.0280185219333292
394,21523.626528,1,58972317.9008,0.0197195074477022
395,21523.646528,2,58972337.9072,0.0279222242711087
396,21523.666528,1,58972357.9136,0.019690823037679
397,21523.686528,2,58972378.2784,0.0279447620218411
398,21523.706528,1,58972398.016,0.0196887741512488
399,21523.726528,2,58972418.2912,0.0277726555617022
400,21523.746528,1,58972437.9392,0.0197389718687893
401,21523.766528,2,58972457.9584,0.0278085110742312
402,21523.786528,1,58972477.9392,0.019726678550208
403,21523.806528,2,58972497.92,0.0276292335115864
404,21523.826528,1,58972519.552,0.0197236052205626
405,21523.846528,2,58972537.9456,0.0275759624644006
406,21523.866528,1,58972557.9392,0.0197164341180568
407,21523.886528,2,58972578.0096,0.0276220624090807
408,21523.906528,1,58972598.9888,0.0197174585612719
409,21523.926528,2,58972617.984,0.0277152867416559
410,21523.946528,1,58972637.9904,0.0197020919130453
411,21523.966528,2,58972657.9328,0.0277327022763128
412,21523.986528,1,58972677.9904,0.019690823037679
413,21524.006528,2,58972697.9968,0.0279519331243469
414,21524.026528,1,58972717.952,0.019726678550208
415,21524.046528,2,58972737.9072,0.0280410596840617
416,21524.066528,1,58972757.952,0.0197492163009404
417,21524.086528,2,58972777.9712,0.0281424795623579
418,21524.106528,1,58972797.9392,0.019799414018481
419,21524.126528,2,58972817.9712,0.0282777060667527
420,21524.146528,1,58972837.9648,0.0197410207552195
421,21524.166528,2,58972859.5968,0.0283852726043395
422,21524.186528,1,58972877.9776,0.0197604851763067
423,21524.206528,2,58972897.9584,0.0283197082385723
424,21524.226528,1,58972917.9392,0.01974511852808
425,21524.246528,2,58972937.9584,0.0282551683160202
426,21524.266528,1,58972957.9776,0.0197236052205626
427,21524.286528,2,58972978.3168,0.0279990575122421
428,21524.306528,1,58972998.1696,0.0197768762677485
429,21524.326528,2,58973018.176,0.0278822709857193
430,21524.346528,1,58973038.0288,0.0197666318355974
431,21524.366528,2,58973057.984,0.0276712356834061
432,21524.386528,1,58973078.0288,0.019754338517016
433,21524.406528,2,58973098.4192,0.0276937734341385
434,21524.426528,1,58973118.0032,0.0197205318909173
435,21524.446528,2,58973138.0224,0.0277234822873768
436,21524.466528,1,58973157.9648,0.0197133607884115
437,21524.486528,2,58973178.0096,0.0277747044481324
438,21524.506528,1,58973198.0032,0.019709263015551
439,21524.526528,2,58973217.9968,0.027952957567562
440,21524.546528,1,58973238.0032,0.0197082385723359
441,21524.566528,2,58973258.0224,0.0283545393078862
442,21524.586528,1,58973278.6048,0.0196621386276559
443,21524.606528,2,58973298.0608,0.0286526522834839
444,21524.626528,1,58973318.0416,0.0197113119019813
445,21524.646528,2,58973338.0096,0.028726412194972
446,21524.666528,1,58973358.5536,0.019663163070871
447,21524.686528,2,58973378.0736,0.0288052943225357
448,21524.706528,1,58973397.9904,0.0197481918577253
449,21524.726528,2,58973418.0608,0.0285665990534145
450,21524.746528,1,58973438.4384,0.0196600897412256
451,21524.766528,2,58973458.0352,0.0285041080172926
452,21524.786528,1,58973478.144,0.0197481918577253
453,21524.806528,2,58973497.9968,0.0283729792857582
454,21524.826528,1,58973518.0544,0.0197533140738009
455,21524.846528,2,58973538.0608,0.0283668326264675
456,21524.866528,1,58973558.0416,0.0196672608437314
457,21524.886528,2,58973578.0864,0.0282766816235376
458,21524.906528,1,58973598.0544,0.0197215563341324
459,21524.926528,2,58973618.0736,0.0282971704878399
460,21524.946528,1,58973638.0672,0.019726678550208
461,21524.966528,2,58973658.0992,0.0282869260556887
462,21524.986528,1,58973679.5648,0.0196580408547954
463,21525.006528,2,58973698.048,0.0284252258897289
464,21525.026528,1,58973718.08,0.0196795541623128
465,21525.046528,2,58973738.0352,0.0285502079619727
466,21525.066528,1,58973758.0928,0.0197020919130453
467,21525.086528,2,58973778.0864,0.0286116745548794
468,21525.106528,1,58973798.0544,0.0197154096748417
469,21525.126528,2,58973818.3552,0.0285563546212633
470,21525.146528,1,58973838.0416,0.0196857008216035
471,21525.166528,2,58973858.112,0.0286321634191817
472,21525.186528,1,58973878.1952,0.0196744319462372
473,21525.206528,2,58973898.4576,0.0285471346323273
474,21525.226528,1,58973918.1056,0.0197246296637777
475,21525.246528,2,58973938.0608,0.0287233388653267
476,21525.266528,1,58973958.1696,0.0196672608437314
477,21525.286528,2,58973978.1376,0.0286126989980945
478,21525.306528,1,58973998.1184,0.0197246296637777
479,21525.326528,2,58974018.112,0.0286454811809781
480,21525.346528,1,58974038.144,0.01974511852808
481,21525.366528,2,58974058.112,0.0286362611920421
482,21525.386528,1,58974078.1568,0.0197481918577253
483,21525.406528,2,58974098.1248,0.0285922101337923
484,21525.426528,1,58974118.1056,0.0197113119019813
485,21525.446528,2,58974138.1376,0.0286577744995595
486,21525.466528,1,58974158.08,0.0197256541069929
487,21525.486528,2,58974178.1504,0.0287059233306698
488,21525.506528,1,58974198.144,0.0196580408547954
489,21525.526528,2,58974218.1632,0.0287233388653267
490,21525.546528,1,58974238.144,0.0197830229270392
491,21525.566528,2,58974258.1504,0.0286751900342164
492,21525.586528,1,58974278.144,0.0197297518798533
493,21525.606528,2,58974299.9936,0.0285758190423505
494,21525.626528,1,58974318.7072,0.019735898539144
495,21525.646528,2,58974338.1376,0.0286782633638617
496,21525.666528,1,58974358.208,0.0197471674145102
497,21525.686528,2,58974378.3296,0.0286034790091585
498,21525.706528,1,58974398.208,0.0197072141291208
499,21525.726528,2,58974418.24,0.0285737701559203
500,21525.746528,1,58974438.1312,0.0197113119019813
501,21525.766528,2,58974458.1504,0.0284252258897289
502,21525.786528,1,58974480.0128,0.0196918474808941
503,21525.806528,2,58974498.1504,0.0284067859118569
504,21525.826528,1,58974518.2848,0.0197318007662835
505,21525.846528,2,58974538.2144,0.0283668326264675
506,21525.866528,1,58974558.1312,0.0196754563894523
507,21525.886528,2,58974580.48,0.0282746327371074
508,21525.906528,1,58974599.9488,0.0197051652426906
509,21525.926528,2,58974618.1504,0.0282357038949331
510,21525.946528,1,58974638.1824,0.0196805786055279
511,21525.966528,2,58974658.3808,0.0281977994959739
512,21525.986528,1,58974678.1824,0.0196744319462372
513,21526.006528,2,58974698.2528,0.0283360993300141
514,21526.026528,1,58974718.6432,0.0196867252648186
515,21526.046528,2,58974738.1888,0.02825311942959
516,21526.066528,1,58974758.208,0.0196897985944639
517,21526.086528,2,58974778.3552,0.0282295572356424
518,21526.106528,1,58974798.3104,0.0196734075030221
519,21526.126528,2,58974818.2656,0.0281967750527588
520,21526.146528,1,58974838.3872,0.0196938963673244
521,21526.166528,2,58974858.688,0.0281977994959739
522,21526.186528,1,58974878.208,0.0197010674698301
523,21526.206528,2,58974898.176,0.0281301862437765
524,21526.226528,1,58974918.3488,0.019663163070871
525,21526.246528,2,58974938.4064,0.0280963796176778
526,21526.266528,1,58974958.208,0.0197041407994755
527,21526.286528,2,58974978.24,0.0280041797283177
528,21526.306528,1,58974998.272,0.0197041407994755
529,21526.326528,2,58975018.3168,0.0279918864097363
530,21526.346528,1,58975038.3104,0.0197154096748417
531,21526.366528,2,58975058.2144,0.027962177556498
532,21526.386528,1,58975078.976,0.0196949208105395
533,21526.406528,2,58975098.2144,0.0279632019997132
534,21526.426528,1,58975118.2336,0.0196570164115803
535,21526.446528,2,58975138.3424,0.0280041797283177
536,21526.466528,1,58975158.208,0.0196846763783883
537,21526.486528,2,58975178.3168,0.0280174974901141
538,21526.506528,1,58975198.2208,0.0197020919130453
539,21526.526528,2,58975218.2656,0.0280144241604688
540,21526.546528,1,58975238.2336,0.0196682852869465
541,21526.566528,2,58975258.3424,0.0279099309525273
542,21526.586528,1,58975278.3104,0.0196570164115803
543,21526.606528,2,58975298.3296,0.0278730509967832
544,21526.626528,1,58975318.2464,0.0196826274919581
545,21526.646528,2,58975338.3168,0.0280031552851025
546,21526.666528,1,58975358.2464,0.0196529186387199
547,21526.686528,2,58975378.2528,0.0280123752740386
548,21526.706528,1,58975398.2848,0.019681603048743
549,21526.726528,2,58975418.24,0.0280031552851025
550,21526.746528,1,58975438.2848,0.0196303808879874
551,21526.766528,2,58975458.2272,0.0280236441494048
552,21526.786528,1,58975478.3232,0.0197297518798533
553,21526.806528,2,58975500.2496,0.0281988239391891
554,21526.826528,1,58975518.336,0.0196785297190977
555,21526.846528,2,58975538.3424,0.0282080439281251
556,21526.866528,1,58975558.2976,0.0196641875140861
557,21526.886528,2,58975578.3424,0.0284344458786649
558,21526.906528,1,58975598.2976,0.019690823037679
559,21526.926528,2,58975618.4192,0.028616796770955
560,21526.946528,1,58975638.2592,0.019663163070871
561,21526.966528,2,58975658.2912,0.0286792878070769
562,21526.986528,1,58975678.3488,0.0196734075030221
563,21527.006528,2,58975698.816,0.0288575409265064
564,21527.026528,1,58975718.2976,0.0196734075030221
565,21527.046528,2,58975738.3808,0.0288380765054193
566,21527.066528,1,58975758.2976,0.0196713586165919
567,21527.086528,2,58975778.3808,0.0288985186551109
568,21527.106528,1,58975798.2848,0.0196805786055279
569,21527.126528,2,58975818.3168,0.0289948163173315
570,21527.146528,1,58975838.3872,0.0196559919683652
571,21527.166528,2,58975858.4832,0.0292304382568074
572,21527.186528,1,58975878.3488,0.019644723092999
573,21527.206528,2,58975898.4704,0.0291228717192206
574,21527.226528,1,58975918.464,0.0196836519351732
575,21527.246528,2,58975938.4064,0.0290552584670232
576,21527.266528,1,58975958.5408,0.0196928719241092
577,21527.286528,2,58975978.3936,0.0291822894256971
578,21527.306528,1,58975998.4128,0.0197195074477022
579,21527.326528,2,58976018.4576,0.0293472247833303
580,21527.346528,1,58976038.336,0.0196436986497838
581,21527.366528,2,58976058.3424,0.0296852910443174
582,21527.386528,1,58976078.3744,0.019653943081935
583,21527.406528,2,58976098.3808,0.0298737885958981
584,21527.426528,1,58976118.5536,0.0196498453090745
585,21527.446528,2,58976138.4192,0.0300735550228451
586,21527.466528,1,58976158.4,0.0196406253201385
587,21527.486528,2,58976178.496,0.0300919950007171
588,21527.506528,1,58976198.3872,0.0196139897965456
589,21527.526528,2,58976218.3808,0.0298983752330608
590,21527.546528,1,58976238.6944,0.0196477964226443
591,21527.566528,2,58976258.3808,0.0298348597537238
592,21527.586528,1,58976278.3616,0.0196938963673244
593,21527.606528,2,58976298.368,0.0296924621468232
594,21527.626528,1,58976318.3744,0.0196652119573012
595,21527.646528,2,58976338.4064,0.0294312291269695
596,21527.666528,1,58976358.5024,0.0196334542176327
597,21527.686528,2,58976378.5344,0.0293584936586965
598,21527.706528,1,58976398.3744,0.0196754563894523
599,21527.726528,2,58976418.624,0.0291310672649415
600,21527.746528,1,58976438.4128,0.0196734075030221
601,21527.766528,2,58976458.3808,0.0288524187104309
602,21527.786528,1,58976478.6432,0.0196283320015572
603,21527.806528,2,58976498.3808,0.0288268076300531
604,21527.826528,1,58976518.4384,0.0196529186387199
605,21527.846528,2,58976538.4064,0.028853443153646
606,21527.866528,1,58976558.4384,0.019690823037679
607,21527.886528,2,58976578.432,0.0287561210482103
608,21527.906528,1,58976598.4384,0.0197041407994755
609,21527.926528,2,58976618.368,0.0286342123056119
610,21527.946528,1,58976638.6048,0.0196262831151269
611,21527.966528,2,58976658.6112,0.028544061302682
612,21527.986528,1,58976678.4768,0.0196764808326674
613,21528.006528,2,58976698.4064,0.0284201036736534
614,21528.026528,1,58976718.4128,0.0196232097854816
615,21528.046528,2,58976738.3936,0.0283770770586186
616,21528.066528,1,58976758.4384,0.0196385764337083
617,21528.086528,2,58976778.432,0.0282971704878399
618,21528.106528,1,58976798.6048,0.0196570164115803
619,21528.126528,2,58976818.4704,0.0282899993853341
620,21528.146528,1,58976838.4256,0.0196877497080337
621,21528.166528,2,58976858.496,0.0282940971581945
622,21528.186528,1,58976878.5024,0.0197307763230684
623,21528.206528,2,58976898.5856,0.0283975659229209
624,21528.226528,1,58976918.592,0.0197113119019813
625,21528.246528,2,58976938.7776,0.0285266457680251
626,21528.266528,1,58976958.4896,0.0197102874587662
627,21528.286528,2,58976978.56,0.0284580080726125
628,21528.306528,1,58976998.4384,0.0196580408547954
629,21528.326528,2,58977018.4832,0.0284754236072694
630,21528.346528,1,58977038.5024,0.0196857008216035
631,21528.366528,2,58977058.4704,0.028471325834409
632,21528.386528,1,58977078.6048,0.0196416497633536
633,21528.406528,2,58977098.4448,0.0285215235519495
634,21528.426528,1,58977118.5664,0.0196488208658594
635,21528.446528,2,58977138.4832,0.0284610814022579
636,21528.466528,1,58977158.4768,0.019653943081935
637,21528.486528,2,58977178.496,0.0284641547319032
638,21528.506528,1,58977198.5024,0.0196406253201385
639,21528.526528,2,58977218.6752,0.0283432704325199
640,21528.546528,1,58977238.7072,0.0196805786055279
641,21528.566528,2,58977258.4832,0.0283637592968222
642,21528.586528,1,58977278.656,0.0196385764337083
643,21528.606528,2,58977298.56,0.0283944925932756
644,21528.626528,1,58977318.528,0.0196549675251501
645,21528.646528,2,58977338.5984,0.028398590366136
646,21528.666528,1,58977358.5664,0.0196498453090745
647,21528.686528,2,58977378.5856,0.0284211281168685
648,21528.706528,1,58977398.9248,0.0196068186940398
649,21528.726528,2,58977419.0464,0.028370930399328
650,21528.746528,1,58977438.4896,0.0196877497080337
651,21528.766528,2,58977458.5088,0.0282264839059971
652,21528.786528,1,58977478.4896,0.0196488208658594
653,21528.806528,2,58977498.56,0.0282777060667527
654,21528.826528,1,58977518.6816,0.019644723092999
655,21528.846528,2,58977538.5472,0.0282264839059971
656,21528.866528,1,58977558.5792,0.0196600897412256
657,21528.886528,2,58977578.5984,0.0282643883049563
658,21528.906528,1,58977598.6944,0.019663163070871
659,21528.926528,2,58977618.5472,0.0282510705431598
660,21528.946528,1,58977638.7456,0.0196641875140861
661,21528.966528,2,58977658.5728,0.0283699059561128
662,21528.986528,1,58977678.6048,0.0196795541623128
663,21529.006528,2,58977698.5344,0.0282398016677936
664,21529.026528,1,58977718.5792,0.0196498453090745
665,21529.046528,2,58977738.88,0.0282418505542238
666,21529.066528,1,58977758.6304,0.0196877497080337
667,21529.086528,2,58977778.5984,0.028271559407462
668,21529.106528,1,58977798.9248,0.0196775052758826
669,21529.126528,2,58977818.6112,0.0281588706537997
670,21529.146528,1,58977838.528,0.0197492163009404
671,21529.166528,2,58977858.5856,0.0282479972135145
672,21529.186528,1,58977878.5408,0.0197225807773475
673,21529.206528,2,58977898.5216,0.028143504005573
674,21529.226528,1,58977918.6432,0.0196990185833999
675,21529.246528,2,58977938.5984,0.0282203372467064
676,21529.266528,1,58977958.5792,0.0196887741512488
677,21529.286528,2,58977978.5728,0.0281322351302067
678,21529.306528,1,58977998.656,0.0197328252094986
679,21529.326528,2,58978018.8288,0.028234679451718
680,21529.346528,1,58978039.3856,0.019681603048743
681,21529.366528,2,58978059.5072,0.0282490216567296
682,21529.386528,1,58978078.6816,0.0196590652980105
683,21529.406528,2,58978098.6624,0.0282500460999447
684,21529.426528,1,58978118.8224,0.0196600897412256
685,21529.446528,2,58978138.688,0.0283022927039154
686,21529.466528,1,58978158.592,0.0196672608437314
687,21529.486528,2,58978178.9056,0.028335074886799
688,21529.506528,1,58978198.592,0.0196416497633536
689,21529.526528,2,58978218.5984,0.0283207326817874
690,21529.546528,1,58978238.6048,0.0196846763783883
691,21529.566528,2,58978258.6112,0.0284088347982871
692,21529.586528,1,58978278.8224,0.0196457475362141
693,21529.606528,2,58978298.6368,0.028325854897863
694,21529.626528,1,58978318.6432,0.019653943081935
695,21529.646528,2,58978338.7392,0.0283279037842932
696,21529.666528,1,58978358.848,0.0196979941401848
697,21529.686528,2,58978378.7264,0.0283197082385723
698,21529.706528,1,58978398.656,0.0196785297190977
699,21529.726528,2,58978418.624,0.0282418505542238
700,21529.746528,1,58978438.6048,0.0196334542176327
701,21529.766528,2,58978458.5984,0.0282541438728051
702,21529.786528,1,58978478.6944,0.0196016964779642
703,21529.806528,2,58978498.6624,0.0282899993853341
704,21529.826528,1,58978518.7584,0.0196344786608478
705,21529.846528,2,58978538.688,0.0284487880836765
706,21529.866528,1,58978558.7584,0.0196334542176327
707,21529.886528,2,58978578.6368,0.0284467391972463
708,21529.906528,1,58978598.7968,0.0196355031040629
709,21529.926528,2,58978618.624,0.0283094638064212
710,21529.946528,1,58978638.656,0.0196611141844408
711,21529.966528,2,58978658.624,0.028225459462782
712,21529.986528,1,58978679.4112,0.0196467719794292
713,21530.00656,2,58978698.688,0.0281660417563054
714,21530.02656,1,58978718.7456,0.0196744319462372
715,21530.04656,2,58978738.7264,0.0280851107423116
716,21530.06656,1,58978758.7584,0.0196477964226443
717,21530.08656,2,58978778.688,0.0280963796176778
718,21530.10656,1,58978798.7328,0.0196754563894523
719,21530.12656,2,58978818.8288,0.0282018972688344
720,21530.14656,1,58978839.1296,0.0196672608437314
721,21530.16656,2,58978858.6752,0.0284190792304383
722,21530.18656,1,58978878.7584,0.0196344786608478
723,21530.20656,2,58978898.6752,0.0284190792304383
724,21530.22656,1,58978918.6944,0.0197061896859057
725,21530.24656,2,58978938.752,0.0283781015018338
726,21530.26656,1,58978958.6816,0.0196426742065687
727,21530.28656,2,58978978.7776,0.0282797549531829
728,21530.30656,1,58978998.7072,0.0197174585612719
729,21530.32656,2,58979018.688,0.0281752617452415
730,21530.34656,1,58979038.6944,0.0197236052205626
731,21530.36656,2,58979058.816,0.0281189173684103
732,21530.38656,1,58979078.7968,0.019681603048743
733,21530.40656,2,58979098.7776,0.028152723994509
734,21530.42656,1,58979118.8608,0.0196959452537546
735,21530.44656,2,58979138.7392,0.0281639928698752
736,21530.46656,1,58979158.7712,0.019618087569406
737,21530.48656,2,58979178.7648,0.0281660417563054
738,21530.50656,1,58979198.784,0.0196559919683652
739,21530.52656,2,58979218.9696,0.0281137951523347
740,21530.54656,1,58979238.912,0.0196467719794292
741,21530.56656,2,58979258.7136,0.0283555637511013
742,21530.58656,1,58979278.9888,0.0196662364005163
743,21530.60656,2,58979298.752,0.0285491835187576
744,21530.62656,1,58979318.8096,0.0196641875140861
745,21530.64656,2,58979338.688,0.028935398610855
746,21530.66656,1,58979360.2432,0.019663163070871
747,21530.68656,2,58979378.9056,0.0292949781793595
748,21530.70656,1,58979398.7456,0.0197102874587662
749,21530.72656,2,58979418.7648,0.0293974225008708
750,21530.74656,1,58979439.0784,0.0196416497633536
751,21530.76656,2,58979458.816,0.0294650357530682
752,21530.78656,1,58979478.8864,0.0196693097301617
753,21530.80656,2,58979498.9056,0.0294394246726904
754,21530.82656,1,58979519.7696,0.0196109164669002
755,21530.84656,2,58979538.7776,0.0295213801298994
756,21530.86656,1,58979558.784,0.0196375519904932
757,21530.88656,2,58979578.9056,0.0293605425451267
758,21530.90656,1,58979598.8352,0.0196201364558363
759,21530.92656,2,58979618.752,0.0291925338578483
760,21530.94656,1,58979638.9632,0.0195883787161678
761,21530.96656,2,58979658.8928,0.029117749503145
762,21530.98656,1,58979679.04,0.0196057942508247
763,21531.00656,2,58979698.8416,0.0289845718851804
764,21531.02656,1,58979718.848,0.0196170631261909
765,21531.04656,2,58979740.0704,0.0290163296248489
766,21531.06656,1,58979758.7968,0.0196293564447723
767,21531.08656,2,58979779.4304,0.0289620341344479
768,21531.10656,1,58979798.7584,0.0196232097854816
769,21531.12656,2,58979818.7776,0.0289589608048026
770,21531.14656,1,58979838.9888,0.0195596943061446
771,21531.16656,2,58979858.7776,0.0288329542893437
772,21531.18656,1,58979878.8096,0.0196375519904932
773,21531.20656,2,58979898.8928,0.0287848054582335
774,21531.22656,1,58979918.7712,0.0195975987051038
775,21531.24656,2,58979938.8032,0.0288483209375704
776,21531.26656,1,58979959.8336,0.0196672608437314
777,21531.28656,2,58979978.8672,0.028907738644047
778,21531.30656,1,58979998.976,0.019590427602598
779,21531.32656,2,58980018.9696,0.0288647120290122
780,21531.34656,1,58980038.9632,0.0196139897965456
781,21531.36656,2,58980058.8032,0.0288790542340238
782,21531.38656,1,58980078.848,0.019581207613662
783,21531.40656,2,58980099.0464,0.0290275985002151
784,21531.42656,1,58980118.8224,0.0197072141291208
785,21531.44656,2,58980138.8544,0.0291730694367611
786,21531.46656,1,58980158.976,0.0195935009322433
787,21531.48656,2,58980178.8672,0.0291566783453193
788,21531.50656,1,58980198.9888,0.0195801831704469
789,21531.52656,2,58980219.0464,0.0292345360296679
790,21531.54656,1,58980238.8608,0.0196078431372549
791,21531.56656,2,58980260.4288,0.0293093203843711
792,21531.58656,1,58980278.9632,0.019627307558342
793,21531.60656,2,58980298.816,0.029235560472883
794,21531.62656,1,58980318.848,0.019644723092999
795,21531.64656,2,58980340.3136,0.029062429569529
796,21531.66656,1,58980358.8096,0.0196672608437314
797,21531.68656,2,58980378.8928,0.0289087630872621
798,21531.70656,1,58980399.0016,0.0196006720347491
799,21531.72656,2,58980418.8672,0.0288206609707624
800,21531.74656,1,58980438.8992,0.0196078431372549
801,21531.76656,2,58980458.9952,0.0288298809596984
802,21531.78656,1,58980478.9248,0.0196396008769234
803,21531.80656,2,58980499.008,0.0287848054582335
804,21531.82656,1,58980518.9248,0.0196641875140861
805,21531.84656,2,58980539.1616,0.0287561210482103
806,21531.86656,1,58980558.848,0.0196303808879874
807,21531.88656,2,58980578.9952,0.0288595898129367
808,21531.90656,1,58980598.9248,0.0196949208105395
809,21531.92656,2,58980619.0336,0.028825783186838
810,21531.94656,1,58980638.9248,0.0197789251541787
811,21531.96656,2,58980659.0848,0.0288524187104309
812,21531.98656,1,58980678.9504,0.0197225807773475
813,21532.00656,2,58980698.9184,0.0289722785665991
814,21532.02656,1,58980718.8608,0.0196918474808941
815,21532.04656,2,58980739.648,0.0287827565718032
816,21532.06656,1,58980758.8864,0.0197512651873707
817,21532.08656,2,58980779.2768,0.0288165631979019
818,21532.10656,1,58980798.9376,0.0196170631261909
819,21532.12656,2,58980818.9184,0.0287233388653267
820,21532.14656,1,58980838.8992,0.0197133607884115
821,21532.16656,2,58980859.0976,0.0286413834081177
822,21532.18656,1,58980879.0912,0.0196590652980105
823,21532.20656,2,58980898.9184,0.028489765812281
824,21532.22656,1,58980919.1424,0.0196938963673244
825,21532.24656,2,58980939.0592,0.0283504415350257
826,21532.26656,1,58980958.8992,0.0196826274919581
827,21532.28656,2,58980979.008,0.0285686479398447
828,21532.30656,1,58980998.9248,0.019700043026615
829,21532.32656,2,58981018.944,0.0285512324051878
830,21532.34656,1,58981039.1296,0.0196211608990514
831,21532.36656,2,58981059.2,0.0285604523941238
832,21532.38656,1,58981079.0016,0.0196590652980105
833,21532.40656,2,58981098.9696,0.0283197082385723
834,21532.42656,1,58981118.912,0.0196365275472781
835,21532.44656,2,58981138.9696,0.0283371237732293
836,21532.46656,1,58981159.1552,0.0196990185833999
837,21532.48656,2,58981179.0592,0.0283125371360665
838,21532.50656,1,58981198.9632,0.0196703341733768
839,21532.52656,2,58981218.944,0.0282971704878399
840,21532.54656,1,58981238.9504,0.0196457475362141
841,21532.56656,2,58981258.9824,0.0283924437068453
842,21532.58656,1,58981279.1552,0.0196293564447723
843,21532.60656,2,58981298.944,0.0285614768373389
844,21532.62656,1,58981319.0272,0.0197492163009404
845,21532.64656,2,58981339.1232,0.028680312250292
846,21532.66656,1,58981358.9632,0.0197123363451964
847,21532.68656,2,58981379.008,0.028944618599791
848,21532.70656,1,58981399.1552,0.0197471674145102
849,21532.72656,2,58981418.9696,0.0290409162620116
850,21532.74656,1,58981439.0016,0.0196764808326674
851,21532.76656,2,58981458.9696,0.0290224762841396
852,21532.78656,1,58981479.1424,0.0197399963120044
853,21532.80656,2,58981498.9824,0.0290982850820579
854,21532.82656,1,58981518.9504,0.0197307763230684
855,21532.84656,2,58981538.9824,0.029062429569529
856,21532.86656,1,58981559.0144,0.0197604851763067
857,21532.88656,2,58981578.9696,0.028944618599791
858,21532.90656,1,58981598.9888,0.0197533140738009
859,21532.92656,2,58981619.008,0.0290368184891511
860,21532.94656,1,58981640.5504,0.0197031163562604
861,21532.96656,2,58981658.9952,0.0289548630319421
862,21532.98656,1,58981679.0784,0.019781998483824
863,21533.00656,2,58981699.0336,0.0289190075194132
864,21533.02656,1,58981719.0912,0.0197512651873707
865,21533.04656,2,58981739.52,0.0287725121396521
866,21533.06656,1,58981759.0528,0.0197225807773475
867,21533.08656,2,58981779.0336,0.0287735365828672
868,21533.10656,1,58981799.4624,0.0197779007109636
869,21533.12656,2,58981819.0976,0.0286526522834839
870,21533.14656,1,58981839.2064,0.0198096584506321
871,21533.16656,2,58981859.0208,0.0287325588542627
872,21533.18656,1,58981879.1168,0.0197901940295449
873,21533.20656,2,58981899.0208,0.028616796770955
874,21533.22656,1,58981919.0528,0.0197563874034462
875,21533.24656,2,58981939.2,0.028580941258426
876,21533.26656,1,58981959.0144,0.0198280984285041
877,21533.28656,2,58981979.0592,0.0287796832421579
878,21533.30656,1,58981999.04,0.0198567828385273
879,21533.32656,2,58982019.0464,0.0291341405945868
880,21533.34656,1,58982039.0784,0.0197901940295449
881,21533.36656,2,58982059.0464,0.0295049890384576
882,21533.38656,1,58982079.1168,0.019772778494888
883,21533.40656,2,58982099.0848,0.029736513205073
884,21533.42656,1,58982119.0528,0.0197809740406089
885,21533.44656,2,58982139.2,0.0299834040199152
886,21533.46656,1,58982159.0784,0.0198117073370623
887,21533.48656,2,58982179.1232,0.0301790726740017
888,21533.50656,1,58982199.0656,0.0197697051652427
889,21533.52656,2,58982219.072,0.0299475485073862
890,21533.54656,1,58982239.3088,0.0197399963120044
891,21533.56656,2,58982259.264,0.0297662220583113
892,21533.58656,1,58982279.0528,0.0196580408547954
893,21533.60656,2,58982299.2768,0.0296422644292827
894,21533.62656,1,58982319.0784,0.0197287274366382
895,21533.64656,2,58982339.0848,0.0294332780133997
896,21533.66656,1,58982359.68,0.0197307763230684
897,21533.68656,2,58982379.2,0.0295275267891901
898,21533.70656,1,58982399.4496,0.0197399963120044
899,21533.72656,2,58982419.0592,0.0295254779027599
900,21533.74656,1,58982439.104,0.0196959452537546
901,21533.76656,2,58982459.2384,0.0296566066342943
902,21533.78656,1,58982479.2064,0.0198229762124285
903,21533.80656,2,58982499.1232,0.0297498309668695
904,21533.82656,1,58982520.7552,0.0197942918024054
905,21533.84656,2,58982539.2896,0.0297006576925441
906,21533.86656,1,58982559.36,0.0197102874587662
907,21533.88656,2,58982579.1104,0.0297416354211486
908,21533.90656,1,58982599.232,0.0197563874034462
909,21533.92656,2,58982619.0976,0.0297344643186428
910,21533.94656,1,58982639.1552,0.019726678550208
911,21533.96656,2,58982659.3024,0.0297990042411949
912,21533.98656,1,58982679.2192,0.0198332206445797
913,21534.00656,2,58982699.1616,0.0297846620361833
914,21534.02656,1,58982719.8976,0.0197891695863298
915,21534.04656,2,58982739.1232,0.0297764664904624
916,21534.06656,1,58982759.2832,0.0197881451431147
917,21534.08656,2,58982779.5584,0.0297744176040322
918,21534.10656,1,58982799.1424,0.0198158051099228
919,21534.12656,2,58982819.1488,0.0294967934927367
920,21534.14656,1,58982839.1424,0.0196826274919581
921,21534.16656,2,58982859.4816,0.0294097158194521
922,21534.18656,1,58982879.168,0.0197369229823591
923,21534.20656,2,58982899.1616,0.0296187022353351
924,21534.22656,1,58982919.1424,0.0197143852316266
925,21534.24656,2,58982939.1616,0.029826664208003
926,21534.26656,1,58982959.2064,0.0197461429712951
927,21534.28656,2,58982979.2256,0.0299127174380724
928,21534.30656,1,58982999.7824,0.0197625340627369
929,21534.32656,2,58983019.1616,0.029818468662282
930,21534.34656,1,58983039.2448,0.0197297518798533
931,21534.36656,2,58983059.1616,0.0297703198311718
932,21534.38656,1,58983079.2576,0.0196734075030221
933,21534.40656,2,58983099.3152,0.0297406109779335
934,21534.42656,1,58983119.168,0.019799414018481
935,21534.44656,2,58983139.2,0.0294978179359518
936,21534.46656,1,58983159.2192,0.0196949208105395
937,21534.48656,2,58983179.1616,0.0295879689388817
938,21534.50656,1,58983199.1808,0.0197195074477022
939,21534.52656,2,58983219.2128,0.0294978179359518
940,21534.54656,1,58983239.1936,0.0197174585612719
941,21534.56656,2,58983259.2128,0.0294363513430451
942,21534.58656,1,58983279.7056,0.0196672608437314
943,21534.60656,2,58983299.5584,0.0293502981129756
944,21534.62656,1,58983319.1936,0.0197748273813183
945,21534.64656,2,58983339.1744,0.0291341405945868
946,21534.66656,1,58983359.232,0.0197348740959289
947,21534.68656,2,58983379.2256,0.0289149097465527
948,21534.70656,1,58983399.2448,0.0197871206998996
949,21534.72656,2,58983419.2128,0.0287930010039544
950,21534.74656,1,58983439.2064,0.0198065851209867
951,21534.76656,2,58983459.2256,0.0287837810150183
952,21534.78656,1,58983479.2064,0.0197307763230684
953,21534.80656,2,58983499.2384,0.0287827565718032
954,21534.82656,1,58983519.2576,0.0197195074477022
955,21534.84656,2,58983539.2256,0.0289610096912328
956,21534.86656,1,58983559.2064,0.0197686807220276
957,21534.88656,2,58983579.2768,0.0290398918187965
958,21534.90656,1,58983599.296,0.0196959452537546
959,21534.92656,2,58983619.6352,0.0289323252812097
960,21534.94656,1,58983639.2576,0.0197246296637777
961,21534.96656,2,58983659.2256,0.0288155387546868
962,21534.98656,1,58983679.232,0.0196775052758826
963,21535.00656,2,58983699.4176,0.0286690433749257
964,21535.02656,1,58983719.296,0.0197256541069929
965,21535.04656,2,58983739.2512,0.0285799168152109
966,21535.06656,1,58983759.68,0.0196979941401848
967,21535.08656,2,58983779.2512,0.0283791259450489
968,21535.10656,1,58983799.296,0.0196713586165919
969,21535.12656,2,58983819.3408,0.0282561927592354
970,21535.14656,1,58983839.2704,0.0196826274919581
971,21535.16656,2,58983859.2768,0.0283903948204151
972,21535.18656,1,58983879.2832,0.019690823037679
973,21535.20656,2,58983899.2896,0.0284672280615485
974,21535.22656,1,58983919.296,0.0196682852869465
975,21535.24656,2,58983939.2896,0.0285266457680251
976,21535.26656,1,58983959.2704,0.0197031163562604
977,21535.28656,2,58983979.3536,0.0285881123609318
978,21535.30656,1,58983999.296,0.019681603048743
979,21535.32656,2,58984019.264,0.0286885077960129
980,21535.34656,1,58984039.296,0.0196969696969697
981,21535.36656,2,58984059.2768,0.0286762144774315
982,21535.38656,1,58984079.3344,0.0197553629602311
983,21535.40656,2,58984099.328,0.0288503698240007
984,21535.42656,1,58984119.2832,0.0196959452537546
985,21535.44656,2,58984139.3664,0.02884422316471
986,21535.46656,1,58984159.3088,0.0197174585612719
987,21535.48656,2,58984179.3536,0.0290194029544942
988,21535.50656,1,58984201.8944,0.0197348740959289
989,21535.52656,2,58984219.3024,0.0288585653697216
990,21535.54656,1,58984239.3984,0.0197379474255742
991,21535.56656,2,58984259.328,0.0287776343557277
992,21535.58656,1,58984279.296,0.0197656073923822
993,21535.60656,2,58984299.328,0.0287755854692974
994,21535.62656,1,58984319.3216,0.0197154096748417
995,21535.64656,2,58984339.3024,0.0286628967156351
996,21535.66656,1,58984359.3856,0.0197236052205626
997,21535.68656,2,58984379.3792,0.0286567500563444
998,21535.70656,1,58984399.3472,0.0196703341733768
999,21535.72656,2,58984419.3024,0.0287397299567685
1000,21535.74656,1,58984439.3344,0.0196488208658594
1001,21535.76656,2,58984459.3664,0.0287540721617801
1002,21535.78656,1,58984479.424,0.0197594607330916
1003,21535.80656,2,58984499.3408,0.0286967033417338
1004,21535.82656,1,58984519.3216,0.0197297518798533
1005,21535.84656,2,58984539.392,0.028516401335874
1006,21535.86656,1,58984559.8208,0.019700043026615
1007,21535.88656,2,58984579.392,0.0284016636957813
1008,21535.90656,1,58984599.3728,0.0197307763230684
1009,21535.92656,2,58984619.3536,0.0283453193189502
1010,21535.94656,1,58984639.3728,0.0197574118466613
1011,21535.96656,2,58984659.3536,0.0283012682607003
1012,21535.98656,1,58984679.4496,0.0197563874034462
1013,21536.00656,2,58984699.392,0.0282705349642469
1014,21536.02656,1,58984719.552,0.0196703341733768
1015,21536.04656,2,58984739.3536,0.0283238060114328
1016,21536.06656,1,58984759.3728,0.0197594607330916
1017,21536.08656,2,58984779.4816,0.0285153768926588
1018,21536.10656,1,58984799.36,0.0197246296637777
1019,21536.12656,2,58984819.4176,0.0288401253918495
1020,21536.14656,1,58984839.3984,0.0197174585612719
1021,21536.16656,2,58984859.3792,0.0291013584117032
1022,21536.18656,1,58984879.8208,0.0197020919130453
1023,21536.20656,2,58984901.504,0.0292038027332145
1024,21536.22656,1,58984919.4112,0.0197389718687893
1025,21536.24656,2,58984939.392,0.029153605015674
1026,21536.26656,1,58984961.408,0.0196826274919581
1027,21536.28656,2,58984979.584,0.0289661319073084
1028,21536.30656,1,58984999.4752,0.0196949208105395
1029,21536.32656,2,58985019.4176,0.0288073432089659
1030,21536.34656,1,58985039.4496,0.0196949208105395
1031,21536.36656,2,58985059.3792,0.0287837810150183
1032,21536.38656,1,58985079.5648,0.0196396008769234
1033,21536.40656,2,58985099.456,0.0289374474972852
1034,21536.42656,1,58985119.4496,0.0196959452537546
1035,21536.44656,2,58985139.4176,0.0293502981129756
1036,21536.46656,1,58985159.4112,0.0196959452537546
1037,21536.48656,2,58985179.456,0.0294056180465917
1038,21536.50656,1,58985199.744,0.0196877497080337
1039,21536.52656,2,58985219.4304,0.0293584936586965
1040,21536.54656,1,58985239.3984,0.0196969696969697
1041,21536.56656,2,58985259.5968,0.0291935583010634
1042,21536.58656,1,58985279.488,0.0196068186940398
1043,21536.60656,2,58985299.4048,0.0290685762288196
1044,21536.62656,1,58985319.4496,0.0197051652426906
1045,21536.64656,2,58985339.4816,0.029099309525273
1046,21536.66656,1,58985359.4496,0.0196734075030221
1047,21536.68656,2,58985379.5072,0.029172044993546
1048,21536.70656,1,58985399.4496,0.0196621386276559
1049,21536.72656,2,58985422.208,0.0291618005613949
1050,21536.74656,1,58985439.4752,0.0196979941401848
1051,21536.76656,2,58985459.4944,0.0291546294588891
1052,21536.78656,1,58985479.488,0.0196641875140861
1053,21536.80656,2,58985501.2608,0.0290429651484418
1054,21536.82656,1,58985521.472,0.0196580408547954
1055,21536.84656,2,58985539.4816,0.0289179830761981
1056,21536.86656,1,58985559.4496,0.0196682852869465
1057,21536.88656,2,58985579.6096,0.0290378429323663
1058,21536.90656,1,58985599.5648,0.0196857008216035
1059,21536.92656,2,58985619.4944,0.0291894605282029
1060,21536.94656,1,58985639.5648,0.0195986231483189
1061,21536.96656,2,58985659.4944,0.0292160960517958
1062,21536.98656,1,58985679.6032,0.0196641875140861
1063,21537.00656,2,58985699.4944,0.0292324871432376
1064,21537.02656,1,58985719.5136,0.0196641875140861
1065,21537.04656,2,58985739.4688,0.0291792160960518
1066,21537.06656,1,58985759.7056,0.0197020919130453
1067,21537.08656,2,58985779.52,0.0292294138135923
1068,21537.10656,1,58985799.616,0.0196764808326674
1069,21537.12656,2,58985819.4816,0.0294261069108939
1070,21537.14656,1,58985842.2272,0.0196744319462372
1071,21537.16656,2,58985859.4944,0.0294127891490975
1072,21537.18656,1,58985879.5776,0.0196693097301617
1073,21537.20656,2,58985899.6096,0.0295807978363759
1074,21537.22656,1,58985919.5392,0.019672383059807
1075,21537.24656,2,58985939.5712,0.0294783535148647
1076,21537.26656,1,58985961.0624,0.0196201364558363
1077,21537.28656,2,58985979.6224,0.0293666892044174
1078,21537.30656,1,58985999.552,0.019700043026615
1079,21537.32656,2,58986019.5072,0.0294414735591206
1080,21537.34656,1,58986039.8336,0.0197143852316266
1081,21537.36656,2,58986059.6352,0.0292079005060749
1082,21537.38656,1,58986079.6416,0.0196621386276559
1083,21537.40656,2,58986099.8016,0.0291034072981335
1084,21537.42656,1,58986121.4848,0.019726678550208
1085,21537.44656,2,58986139.5328,0.0289569119183724
1086,21537.46656,1,58986159.5136,0.0196436986497838
1087,21537.48656,2,58986179.8016,0.0290050607494827
1088,21537.50656,1,58986199.5904,0.019690823037679
1089,21537.52656,2,58986219.6992,0.0288974942118958
1090,21537.54656,1,58986239.5904,0.0196641875140861
1091,21537.56656,2,58986259.5456,0.0289845718851804
1092,21537.58656,1,58986279.6032,0.0196590652980105
1093,21537.60656,2,58986301.4784,0.0291392628106624
1094,21537.62656,1,58986319.5904,0.0196846763783883
1095,21537.64656,2,58986339.5712,0.0290849673202614
1096,21537.66656,1,58986360.1024,0.0197102874587662
1097,21537.68656,2,58986379.6864,0.0289692052369537
1098,21537.70656,1,58986399.6032,0.0196938963673244
1099,21537.72656,2,58986419.5968,0.0289005675415412
1100,21537.74656,1,58986439.6544,0.0196611141844408
1101,21537.76656,2,58986459.9552,0.0289231052922736
1102,21537.78656,1,58986479.6544,0.0196457475362141
1103,21537.80656,2,58986499.648,0.0288872497797447
1104,21537.82656,1,58986519.5776,0.0196857008216035
1105,21537.84656,2,58986539.6352,0.0287233388653267
1106,21537.86656,1,58986559.5392,0.0196775052758826
1107,21537.88656,2,58986579.8272,0.0286249923166759
1108,21537.90656,1,58986599.68,0.019663163070871
1109,21537.92656,2,58986619.6224,0.0286833855799373
1110,21537.94656,1,58986639.616,0.0196621386276559
1111,21537.96656,2,58986659.7248,0.0285286946544553
1112,21537.98656,1,58986679.6416,0.019672383059807
1113,21538.00656,2,58986699.6608,0.0285235724383797
1114,21538.02656,1,58986719.5904,0.0197492163009404
1115,21538.04656,2,58986739.6352,0.0285870879177167
1116,21538.06656,1,58986759.5904,0.0196590652980105
1117,21538.08656,2,58986779.6736,0.0286598233859897
1118,21538.10656,1,58986799.68,0.0196477964226443
1119,21538.12656,2,58986819.5968,0.02884422316471
1120,21538.14656,1,58986839.6544,0.0196037453643945
1121,21538.16656,2,58986859.648,0.0289528141455119
1122,21538.18656,1,58986880.0384,0.0196375519904932
1123,21538.20656,2,58986899.6352,0.0289210564058434
1124,21538.22656,1,58986919.6416,0.0196662364005163
1125,21538.24656,2,58986939.6352,0.0289138853033376
1126,21538.26656,1,58986959.6672,0.0196652119573012
1127,21538.28656,2,58986979.712,0.0290306718298605
1128,21538.30656,1,58986999.68,0.019653943081935
1129,21538.32656,2,58987019.6992,0.0290952117524126
1130,21538.34656,1,58987039.68,0.0196201364558363
1131,21538.36656,2,58987059.8016,0.0291464339131682
1132,21538.38656,1,58987080.2432,0.0196549675251501
1133,21538.40656,2,58987099.712,0.0290839428770463
1134,21538.42656,1,58987119.6288,0.0196559919683652
1135,21538.44656,2,58987139.6608,0.0289292519515643
1136,21538.46656,1,58987160.0896,0.0196170631261909
1137,21538.48656,2,58987179.8656,0.0287837810150183
1138,21538.50656,1,58987199.7184,0.0196662364005163
1139,21538.52656,2,58987219.712,0.0288688098018727
1140,21538.54656,1,58987239.8976,0.0196641875140861
1141,21538.56656,2,58987259.6992,0.0287458766160592
1142,21538.58656,1,58987280.1664,0.0196918474808941
1143,21538.60656,2,58987299.7376,0.028789927674309
1144,21538.62656,1,58987319.6544,0.019599647591534
1145,21538.64656,2,58987339.6992,0.0287469010592743
1146,21538.66656,1,58987359.8336,0.0197113119019813
1147,21538.68656,2,58987379.776,0.0287755854692974
1148,21538.70656,1,58987399.744,0.0195883787161678
1149,21538.72656,2,58987419.7376,0.0286372856352572
1150,21538.74656,1,58987439.7952,0.0195975987051038
1151,21538.76656,2,58987461.4528,0.0286086012252341
1152,21538.78656,1,58987479.8336,0.0196303808879874
1153,21538.80656,2,58987499.7504,0.0286198701006003
1154,21538.82656,1,58987519.9232,0.0196580408547954
1155,21538.84656,2,58987539.7248,0.0285829901448563
1156,21538.86656,1,58987559.7312,0.0196580408547954
1157,21538.88656,2,58987579.7248,0.0286485545106235
1158,21538.90656,1,58987599.7696,0.0196242342286967
1159,21538.92656,2,58987619.8144,0.0288011965496753
1160,21538.94656,1,58987639.7184,0.0196119409101154
1161,21538.96656,2,58987659.6864,0.02898047411232
1162,21538.98656,1,58987679.808,0.0196621386276559
1163,21539.00656,2,58987699.776,0.0289917429876862
1164,21539.02656,1,58987719.9872,0.0196283320015572
1165,21539.04656,2,58987741.5552,0.02889032310939
1166,21539.06656,1,58987759.7952,0.0196232097854816
1167,21539.08656,2,58987779.9552,0.0288933964390354
1168,21539.10656,1,58987800.0512,0.0196508697522896
1169,21539.12656,2,58987819.8784,0.0287653410371463
1170,21539.14656,1,58987840.1024,0.0196283320015572
1171,21539.16656,2,58987859.7504,0.0287448521728441
1172,21539.18656,1,58987879.8336,0.0196109164669002
1173,21539.20656,2,58987899.7504,0.0286762144774315
1174,21539.22656,1,58987919.808,0.0196426742065687
1175,21539.24656,2,58987939.7504,0.0285399635298215
1176,21539.26656,1,58987960.0256,0.0196508697522896
1177,21539.28656,2,58987979.904,0.0285870879177167
1178,21539.30656,1,58987999.7952,0.0196672608437314
1179,21539.32656,2,58988019.84,0.0284190792304383
1180,21539.34656,1,58988039.8464,0.019618087569406
1181,21539.36656,2,58988061.056,0.0284416169811707
1182,21539.38656,1,58988079.9104,0.0197102874587662
1183,21539.40656,2,58988100.1344,0.0284282992193743
1184,21539.42656,1,58988119.7696,0.0196334542176327
1185,21539.44656,2,58988139.8144,0.0284948880283566
1186,21539.46656,1,58988159.8208,0.0196457475362141
1187,21539.48656,2,58988179.8272,0.0284825947097752
1188,21539.50656,1,58988199.8208,0.0196303808879874
1189,21539.52656,2,58988219.8656,0.0283965414797058
1190,21539.54656,1,58988239.872,0.0197031163562604
1191,21539.56656,2,58988259.8912,0.0283821992746942
1192,21539.58656,1,58988279.8208,0.0196641875140861
1193,21539.60656,2,58988299.8656,0.0283740037289733
1194,21539.62656,1,58988320.3072,0.0196508697522896
1195,21539.64656,2,58988339.8272,0.0283504415350257
1196,21539.66656,1,58988359.8848,0.0196949208105395
1197,21539.68656,2,58988379.904,0.028361710410392
1198,21539.70656,1,58988399.8848,0.019627307558342
1199,21539.72656,2,58988419.8784,0.0283483926485955
1200,21539.74656,1,58988439.808,0.0196467719794292
1201,21539.76656,2,58988459.84,0.0284088347982871
1202,21539.78656,1,58988479.9104,0.0196570164115803
1203,21539.80656,2,58988499.84,0.0284498125268916
1204,21539.82656,1,58988519.872,0.0197410207552195
1205,21539.84656,2,58988539.904,0.0283832237179093
1206,21539.86656,1,58988559.872,0.019644723092999
1207,21539.88656,2,58988580.0576,0.0283576126375315
1208,21539.90656,1,58988599.9488,0.0196590652980105
1209,21539.92656,2,58988619.8272,0.0282828282828283
1210,21539.94656,1,58988639.8848,0.0196293564447723
1211,21539.96656,2,58988659.904,0.0283360993300141
1212,21539.98656,1,58988679.9872,0.0196775052758826
1213,21540.00656,2,58988699.904,0.0284416169811707
1214,21540.02656,1,58988719.8848,0.019663163070871
1215,21540.04656,2,58988739.8784,0.0284795213801299
1216,21540.06656,1,58988759.8976,0.0196682852869465
1217,21540.08656,2,58988779.904,0.0285092302333682
1218,21540.10656,1,58988799.9744,0.0196826274919581
1219,21540.12656,2,58988819.9424,0.0285276702112402
1220,21540.14656,1,58988839.872,0.0196641875140861
1221,21540.16656,2,58988859.9168,0.02857172126949
1222,21540.18656,1,58988879.9616,0.0196754563894523
1223,21540.20656,2,58988900.0192,0.0285030835740775
1224,21540.22656,1,58988920.2688,0.0196662364005163
1225,21540.24656,2,58988939.9808,0.0284323969922347
1226,21540.26656,1,58988959.9104,0.0196160386829758
1227,21540.28656,2,58988980.0448,0.0285327924273158
1228,21540.30656,1,58988999.9232,0.0196662364005163
1229,21540.32656,2,58989019.904,0.0284252258897289
1230,21540.34656,1,58989039.9104,0.0196949208105395
1231,21540.36656,2,58989059.8912,0.0283975659229209
1232,21540.38656,1,58989080.1024,0.019672383059807
1233,21540.40656,2,58989099.9808,0.0285010346876473
1234,21540.42656,1,58989119.936,0.0196498453090745
1235,21540.44656,2,58989139.904,0.0286126989980945
1236,21540.46656,1,58989159.9232,0.0196406253201385
1237,21540.48656,2,58989180.0064,0.0286475300674084
1238,21540.50656,1,58989200.0384,0.0196037453643945
1239,21540.52656,2,58989219.9168,0.0286413834081177
1240,21540.54656,1,58989240.0384,0.019663163070871
1241,21540.56656,2,58989259.9936,0.0285061569037228
1242,21540.58656,1,58989280.0512,0.0196344786608478
1243,21540.60656,2,58989300.0064,0.0285645501669842
1244,21540.62656,1,58989320.0768,0.0196611141844408
1245,21540.64656,2,58989339.9808,0.0285840145880714
1246,21540.66656,1,58989359.9872,0.0196570164115803
1247,21540.68656,2,58989380.0576,0.0286188456573852
1248,21540.70656,1,58989400.0384,0.019672383059807
1249,21540.72656,2,58989419.9936,0.0284662036183334
1250,21540.74656,1,58989439.9488,0.0196764808326674
1251,21540.76656,2,58989459.9424,0.0284825947097752
1252,21540.78656,1,58989480.0384,0.0196949208105395
1253,21540.80656,2,58989500.0576,0.0285635257237691
1254,21540.82656,1,58989519.9616,0.0196027209211793
1255,21540.84656,2,58989539.9936,0.0285850390312865
1256,21540.86656,1,58989559.9616,0.019536132112197
1257,21540.88656,2,58989580.0832,0.0285286946544553
1258,21540.90656,1,58989599.9744,0.019590427602598
1259,21540.92656,2,58989620.1088,0.0285102546765833
1260,21540.94656,1,58989639.9616,0.0196344786608478
1261,21540.96656,2,58989659.968,0.0285338168705309
1262,21540.98656,1,58989680.0256,0.0196057942508247
1263,21541.00656,2,58989699.9936,0.0285973323498678
1264,21541.02656,1,58989720,0.0196016964779642
1265,21541.04656,2,58989739.968,0.0287182166492511
1266,21541.06656,1,58989760.1792,0.0195668654086504
1267,21541.08656,2,58989780.1088,0.028680312250292
1268,21541.10656,1,58989800.1408,0.0195853053865224
1269,21541.12656,2,58989820.0576,0.0286977277849489
1270,21541.14656,1,58989840,0.0195637920790051
1271,21541.16656,2,58989860.0064,0.0286885077960129
1272,21541.18656,1,58989880.1024,0.0195658409654353
1273,21541.20656,2,58989899.9936,0.0289272030651341
1274,21541.22656,1,58989920.0256,0.0195914520458131
1275,21541.24656,2,58989940.1088,0.0289712541233839
1276,21541.26656,1,58989960.0128,0.0196293564447723
1277,21541.28656,2,58989980.0832,0.0287981232200299
1278,21541.30656,1,58990000.0256,0.0195822320568771
1279,21541.32656,2,58990020.032,0.0286926055688733
1280,21541.34656,1,58990040.0512,0.0195381809986272
1281,21541.36656,2,58990060.0576,0.0286475300674084
1282,21541.38656,1,58990080.256,0.0196170631261909
1283,21541.40656,2,58990100.1984,0.02852562132481
1284,21541.42656,1,58990120.0128,0.0195842809433073
1285,21541.44656,2,58990140.0576,0.0283627348536071
1286,21541.46656,1,58990160.1152,0.0195699387382957
1287,21541.48656,2,58990180.2496,0.0282797549531829
1288,21541.50656,1,58990200.1024,0.0196467719794292
1289,21541.52656,2,58990220.096,0.0282121417009855
1290,21541.54656,1,58990240.064,0.0196068186940398
1291,21541.56656,2,58990260.1216,0.028216239473846
1292,21541.58656,1,58990280.1152,0.0195873542729527
1293,21541.60656,2,58990300.0576,0.0284508369701067
1294,21541.62656,1,58990320.0768,0.0195514987604237
1295,21541.64656,2,58990340.0448,0.0287930010039544
1296,21541.66656,1,58990360.0896,0.019627307558342
1297,21541.68656,2,58990380.2496,0.029017354068064
1298,21541.70656,1,58990400.1024,0.0196160386829758
1299,21541.72656,2,58990420.1216,0.0289712541233839
1300,21541.74656,1,58990440.0768,0.0195730120679411
1301,21541.76656,2,58990462.592,0.0290552584670232
1302,21541.78656,1,58990480.1792,0.0195965742618887
1303,21541.80656,2,58990500.0832,0.0290224762841396
1304,21541.82656,1,58990520.0896,0.0196098920236851
1305,21541.84656,2,58990540.096,0.0291372139242322
1306,21541.86656,1,58990560.064,0.0195945253754584
1307,21541.88656,2,58990580.1856,0.0291638494478251
1308,21541.90656,1,58990600.2048,0.01960886758047
1309,21541.92656,2,58990620.1216,0.0291116028438544
1310,21541.94656,1,58990640.128,0.0196959452537546
1311,21541.96656,2,58990660.1216,0.0292560493371852
1312,21541.98656,1,58990680.1536,0.0196498453090745
1313,21542.00656,2,58990700.1216,0.0293164914868769
1314,21542.02656,1,58990720.1152,0.0196252586719118
1315,21542.04656,2,58990740.0832,0.0292427315753888
1316,21542.06656,1,58990760.128,0.0195853053865224
1317,21542.08656,2,58990780.16,0.029254000450755
1318,21542.10656,1,58990800.1024,0.0196744319462372
1319,21542.12656,2,58990820.1216,0.0291023828549184
1320,21542.14656,1,58990840.1408,0.0196406253201385
1321,21542.16656,2,58990860.1216,0.0290767717745405
1322,21542.18656,1,58990880.1408,0.0196344786608478
1323,21542.20656,2,58990900.1216,0.0289415452701457
1324,21542.22656,1,58990920.1408,0.0196098920236851
1325,21542.24656,2,58990940.1216,0.0290194029544942
1326,21542.26656,1,58990960.2048,0.0196129653533305
1327,21542.28656,2,58990980.224,0.0289579363615875
1328,21542.30656,1,58991000.2048,0.0196242342286967
1329,21542.32656,2,58991020.1856,0.029008134079128
1330,21542.34656,1,58991040.1664,0.0195935009322433
1331,21542.36656,2,58991060.1472,0.0289251541787039
1332,21542.38656,1,58991080.2176,0.0195842809433073
1333,21542.40656,2,58991100.1472,0.0289241297354888
1334,21542.42656,1,58991120.128,0.0195914520458131
1335,21542.44656,2,58991140.16,0.0290736984448952
1336,21542.46656,1,58991160.2304,0.0196211608990514
1337,21542.48656,2,58991180.2624,0.0290316962730756
1338,21542.50656,1,58991200.1664,0.0195555965332842
1339,21542.52656,2,58991220.2368,0.0289917429876862
1340,21542.54656,1,58991240.2176,0.0196006720347491
1341,21542.56656,2,58991260.1728,0.02889032310939
1342,21542.58656,1,58991280.3072,0.0195689142950806
1343,21542.60656,2,58991300.1984,0.0288237343004077
1344,21542.62656,1,58991320.2176,0.0195924764890282
1345,21542.64656,2,58991340.1856,0.0288298809596984
1346,21542.66656,1,58991360.192,0.0196037453643945
1347,21542.68656,2,58991380.2496,0.0286526522834839
1348,21542.70656,1,58991400.1536,0.0196334542176327
1349,21542.72656,2,58991420.2752,0.0285881123609318
1350,21542.74656,1,58991440.2944,0.0196498453090745
1351,21542.76656,2,58991460.1728,0.0285860634745016
1352,21542.78656,1,58991480.3072,0.0196416497633536
1353,21542.80656,2,58991500.2112,0.0284088347982871
1354,21542.82656,1,58991520.3328,0.0196191120126211
1355,21542.84656,2,58991540.3776,0.0283565881943164
1356,21542.86656,1,58991560.2304,0.0196580408547954
1357,21542.88656,2,58991580.4032,0.0282264839059971
1358,21542.90656,1,58991600.2176,0.019700043026615
1359,21542.92656,2,58991620.3008,0.0281353084598521
1360,21542.94656,1,58991640.256,0.0196355031040629
1361,21542.96656,2,58991660.3136,0.0281476017784334
1362,21542.98656,1,58991680.2816,0.0196918474808941
1363,21543.00656,2,58991700.224,0.0280031552851025
1364,21543.02656,1,58991720.2432,0.0197318007662835
1365,21543.04656,2,58991740.2112,0.0278771487696437
1366,21543.06656,1,58991760.2304,0.0196600897412256
1367,21543.08656,2,58991780.4032,0.0279130042821726
1368,21543.10656,1,58991800.2688,0.019627307558342
1369,21543.12656,2,58991820.3648,0.0281148195955498
1370,21543.14656,1,58991840.2688,0.0196652119573012
1371,21543.16656,2,58991860.2112,0.0282961460446247
1372,21543.18656,1,58991880.2816,0.0196805786055279
1373,21543.20656,2,58991900.2112,0.0283740037289733
1374,21543.22656,1,58991920.4864,0.0196385764337083
1375,21543.24656,2,58991940.3776,0.0285727457127051
1376,21543.26656,1,58991960.3072,0.0196938963673244
1377,21543.28656,2,58991980.3776,0.0286669944884955
1378,21543.30656,1,58992000.2432,0.0197061896859057
1379,21543.32656,2,58992020.2624,0.0288206609707624
1380,21543.34656,1,58992040.3072,0.0196344786608478
1381,21543.36656,2,58992060.2496,0.0287837810150183
1382,21543.38656,1,58992080.4096,0.019653943081935
1383,21543.40656,2,58992100.288,0.0285881123609318
1384,21543.42656,1,58992120.3456,0.0196734075030221
1385,21543.44656,2,58992140.3776,0.0282121417009855
1386,21543.46656,1,58992160.3072,0.0196375519904932
1387,21543.48656,2,58992180.3008,0.0281998483824042
1388,21543.50656,1,58992200.2944,0.0196057942508247
1389,21543.52656,2,58992220.3648,0.0282428749974389
1390,21543.54656,1,58992240.3456,0.0196211608990514
1391,21543.56656,2,58992260.4544,0.0283227815682177
1392,21543.58656,1,58992280.32,0.0196006720347491
1393,21543.60656,2,58992300.3136,0.0285379146433913
1394,21543.62656,1,58992320.384,0.019644723092999
1395,21543.64656,2,58992340.3136,0.0284487880836765
1396,21543.66656,1,58992360.3584,0.019590427602598
1397,21543.68656,2,58992380.352,0.0285143524494437
1398,21543.70656,1,58992400.2944,0.0196334542176327
1399,21543.72656,2,58992420.3776,0.0284006392525662
1400,21543.74656,1,58992440.32,0.0196406253201385
1401,21543.76656,2,58992460.3264,0.0284344458786649
1402,21543.78656,1,58992480.448,0.0195832565000922
1403,21543.80656,2,58992500.3392,0.0284539102997521
1404,21543.82656,1,58992520.32,0.0196549675251501
1405,21543.84656,2,58992540.352,0.0286362611920421
1406,21543.86656,1,58992560.384,0.0196262831151269
1407,21543.88656,2,58992580.3648,0.0287489499457045
1408,21543.90656,1,58992600.32,0.0196600897412256
1409,21543.92656,2,58992620.3392,0.0288360276189891
1410,21543.94656,1,58992640.3968,0.0196355031040629
1411,21543.96656,2,58992660.3648,0.0289067142008318
1412,21543.98656,1,58992680.4864,0.0196334542176327
1413,21544.00656,2,58992700.3264,0.0289272030651341
1414,21544.02656,1,58992720.4224,0.0195433032147028
1415,21544.04656,2,58992740.3264,0.0290235007273547
1416,21544.06656,1,58992760.3456,0.0196232097854816
1417,21544.08656,2,58992780.3904,0.0290327207162907
1418,21544.10656,1,58992800.3328,0.0196652119573012
1419,21544.12656,2,58992820.3904,0.0290767717745405
1420,21544.14656,1,58992840.4864,0.0196662364005163
1421,21544.16656,2,58992860.416,0.0291607761181798
1422,21544.18656,1,58992880.4992,0.0196027209211793
1423,21544.20656,2,58992900.352,0.0291915094146331
1424,21544.22656,1,58992920.3968,0.0196283320015572
1425,21544.24656,2,58992940.4544,0.0290798451041859
1426,21544.26656,1,58992960.3456,0.0195555965332842
1427,21544.28656,2,58992980.5568,0.028862663142582
1428,21544.30656,1,58993000.3712,0.0196119409101154
1429,21544.32656,2,58993020.416,0.0289579363615875
1430,21544.34656,1,58993040.384,0.0196201364558363
1431,21544.36656,2,58993060.4032,0.0288319298461286
1432,21544.38656,1,58993080.4864,0.019681603048743
1433,21544.40656,2,58993100.3648,0.0287827565718032
1434,21544.42656,1,58993120.3968,0.0196303808879874
1435,21544.44656,2,58993140.5056,0.028881103120454
1436,21544.46656,1,58993160.4096,0.0196211608990514
1437,21544.48656,2,58993180.4928,0.0288647120290122
1438,21544.50656,1,58993200.3712,0.0196303808879874
1439,21544.52656,2,58993220.4032,0.0288073432089659
1440,21544.54656,1,58993240.3968,0.0196396008769234
1441,21544.56656,2,58993260.4288,0.0287602188210708
1442,21544.58656,1,58993280.512,0.0196068186940398
1443,21544.60656,2,58993300.3904,0.0287120699899605
1444,21544.62656,1,58993320.4352,0.0196068186940398
1445,21544.64656,2,58993340.4416,0.0287079722171
1446,21544.66656,1,58993360.4352,0.0196375519904932
1447,21544.68656,2,58993380.5056,0.0288288565164833
1448,21544.70656,1,58993400.384,0.0196795541623128
1449,21544.72656,2,58993420.4416,0.0290163296248489
1450,21544.74656,1,58993440.4352,0.019618087569406
1451,21544.76656,2,58993460.4032,0.0290019874198373
1452,21544.78656,1,58993480.5248,0.0196201364558363
1453,21544.80656,2,58993500.4416,0.0287632921507161
1454,21544.82656,1,58993520.3968,0.0196744319462372
1455,21544.84656,2,58993540.4544,0.0287725121396521
1456,21544.86656,1,58993560.4224,0.019653943081935
1457,21544.88656,2,58993580.4928,0.0288186120843322
1458,21544.90656,1,58993600.4352,0.0196590652980105
1459,21544.92656,2,58993620.4672,0.0287192410924662
1460,21544.94656,1,58993640.448,0.0196242342286967
1461,21544.96656,2,58993660.4672,0.0287940254471695
1462,21544.98656,1,58993680.5504,0.0196262831151269
1463,21545.00656,2,58993700.4672,0.0287469010592743
1464,21545.02656,1,58993720.4608,0.0196416497633536
1465,21545.04656,2,58993740.4544,0.0287960743335997
1466,21545.06656,1,58993760.4864,0.0196191120126211
1467,21545.08656,2,58993780.5056,0.0287930010039544
1468,21545.10656,1,58993800.4864,0.0196262831151269
1469,21545.12656,2,58993820.4928,0.0288595898129367
1470,21545.14656,1,58993840.4736,0.0196508697522896
1471,21545.16656,2,58993860.48,0.0288513942672158
1472,21545.18656,1,58993880.6016,0.0195832565000922
1473,21545.20656,2,58993900.4672,0.0288944208822505
1474,21545.22656,1,58993920.4992,0.0196590652980105
1475,21545.24656,2,58993940.48,0.0288708586883029
1476,21545.26656,1,58993960.512,0.0196139897965456
1477,21545.28656,2,58993980.5952,0.0288452476079251
1478,21545.30656,1,58994000.4864,0.019618087569406
1479,21545.32656,2,58994020.5312,0.0287755854692974
1480,21545.34656,1,58994040.5632,0.0196211608990514
1481,21545.36656,2,58994060.48,0.0288739320179482
1482,21545.38656,1,58994080.576,0.0196344786608478
1483,21545.40656,2,58994100.48,0.0290696006720347
1484,21545.42656,1,58994120.4736,0.0196119409101154
1485,21545.44656,2,58994140.5184,0.0292099493925052
1486,21545.46656,1,58994160.5376,0.0195935009322433
1487,21545.48656,2,58994180.544,0.0293164914868769
1488,21545.50656,1,58994200.512,0.0195832565000922
1489,21545.52656,2,58994220.5056,0.0291197983895753
1490,21545.54656,1,58994240.5248,0.0195637920790051
1491,21545.56656,2,58994260.544,0.0293441514536849
1492,21545.58656,1,58994280.64,0.0196693097301617
1493,21545.60656,2,58994300.5056,0.0294127891490975
1494,21545.62656,1,58994320.5504,0.0196232097854816
1495,21545.64656,2,58994340.5184,0.0293605425451267
1496,21545.66656,1,58994360.512,0.0196426742065687
1497,21545.68656,2,58994380.608,0.0294640113098531
1498,21545.70656,1,58994400.4864,0.0196436986497838
1499,21545.72656,2,58994420.544,0.0293974225008708
1500,21545.74656,1,58994440.5376,0.0197174585612719
1501,21545.76656,2,58994460.544,0.0295060134816727
1502,21545.78656,1,58994480.6528,0.0196457475362141
1503,21545.80656,2,58994500.5184,0.0295101112545332
1504,21545.82656,1,58994520.5504,0.0196457475362141
1505,21545.84656,2,58994540.544,0.0296187022353351
1506,21545.86656,1,58994560.5504,0.0195678898518655
1507,21545.88656,2,58994580.6976,0.029626897781056
1508,21545.90656,1,58994600.5504,0.0196160386829758
1509,21545.92656,2,58994620.544,0.0297426598643637
1510,21545.94656,1,58994640.576,0.0196344786608478
1511,21545.96656,2,58994660.5824,0.030045895056037
1512,21545.98656,1,58994680.5632,0.0196303808879874
1513,21546.00656,2,58994700.5568,0.0303798635441637
1514,21546.02656,1,58994720.576,0.0196621386276559
1515,21546.04656,2,58994740.5568,0.0308398385477493
1516,21546.06656,1,58994760.6016,0.0195699387382957
1517,21546.08656,2,58994780.7104,0.0312158092076956
1518,21546.10656,1,58994800.5632,0.0196477964226443
1519,21546.12656,2,58994820.5952,0.0313233757452824
1520,21546.14656,1,58994840.576,0.0196887741512488
1521,21546.16656,2,58994860.5952,0.0316122687319442
1522,21546.18656,1,58994880.6272,0.0196570164115803
1523,21546.20656,2,58994900.5568,0.032202348023849
1524,21546.22656,1,58994920.6016,0.0196703341733768
1525,21546.24656,2,58994940.608,0.0320804392812506
1526,21546.26656,1,58994960.5888,0.0196488208658594
1527,21546.28656,2,58994980.6592,0.0316409531419673
1528,21546.30656,1,58995000.576,0.0196703341733768
1529,21546.32656,2,58995020.5952,0.0319626283115127
1530,21546.34656,1,58995040.6272,0.0196600897412256
1531,21546.36656,2,58995060.608,0.0320497059847973
1532,21546.38656,1,58995080.6784,0.019663163070871
1533,21546.40656,2,58995100.6208,0.032029217120495
1534,21546.42656,1,58995120.6144,0.0196590652980105
1535,21546.44656,2,58995140.5952,0.0320302415637101
1536,21546.46656,1,58995160.6272,0.0196959452537546
1537,21546.48656,2,58995180.7104,0.0317700329870715
1538,21546.50656,1,58995200.6144,0.0196887741512488
1539,21546.52656,2,58995220.6336,0.0313407912799393
1540,21546.54656,1,58995240.64,0.0196959452537546
1541,21546.56656,2,58995260.6208,0.0309771139385744
1542,21546.58656,1,58995280.704,0.0196682852869465
1543,21546.60656,2,58995300.608,0.0306206076997152
1544,21546.62656,1,58995320.6272,0.0197154096748417
1545,21546.64656,2,58995340.6208,0.0303747413280882
1546,21546.66656,1,58995360.6272,0.0196611141844408
1547,21546.68656,2,58995380.6976,0.030036675067101
1548,21546.70656,1,58995400.6272,0.0197113119019813
1549,21546.72656,2,58995420.6464,0.0297610998422357
1550,21546.74656,1,58995440.6272,0.0197133607884115
1551,21546.76656,2,58995460.6976,0.0294793779580798
1552,21546.78656,1,58995480.6784,0.0196559919683652
1553,21546.80656,2,58995500.6464,0.029427131354109
1554,21546.82656,1,58995520.6528,0.0196314053312025
1555,21546.84656,2,58995540.6464,0.0292417071321737
1556,21546.86656,1,58995560.64,0.0196969696969697
1557,21546.88656,2,58995580.7616,0.0291515561292438
1558,21546.90656,1,58995600.6528,0.0196344786608478
1559,21546.92656,2,58995620.6464,0.02898047411232
1560,21546.94656,1,58995640.6656,0.0196477964226443
1561,21546.96656,2,58995660.672,0.0288513942672158
1562,21546.98656,1,58995680.7296,0.0198106828938472
1563,21547.00656,2,58995700.672,0.0288770053475936
1564,21547.02656,1,58995720.6656,0.019772778494888
1565,21547.04656,2,58995740.7232,0.0286946544553035
1566,21547.06656,1,58995760.6784,0.0197225807773475
1567,21547.08656,2,58995780.6976,0.028717192206036
1568,21547.10656,1,58995800.6784,0.019799414018481
1569,21547.12656,2,58995820.672,0.0286608478292048
1570,21547.14656,1,58995840.6912,0.0198188784395681
1571,21547.16656,2,58995860.7104,0.0286977277849489
1572,21547.18656,1,58995880.7936,0.0198106828938472
1573,21547.20656,2,58995900.6976,0.0287120699899605
1574,21547.22656,1,58995920.6912,0.0197625340627369
1575,21547.24656,2,58995940.6848,0.0286833855799373
1576,21547.26656,1,58995960.6912,0.0197922429159752
1577,21547.28656,2,58995980.736,0.028653676726699
1578,21547.30656,1,58996000.7296,0.0197850718134694
1579,21547.32656,2,58996020.7232,0.0286239678734608
1580,21547.34656,1,58996040.7168,0.0198137562234925
1581,21547.36656,2,58996060.6976,0.028580941258426
1582,21547.38656,1,58996080.768,0.0197963406888356
1583,21547.40656,2,58996100.736,0.0285082057901531
1584,21547.42656,1,58996120.704,0.0198035117913414
1585,21547.44656,2,58996140.7104,0.0284518614133219
1586,21547.46656,1,58996160.7296,0.0197707296084578
1587,21547.48656,2,58996180.7744,0.0285000102444322
1588,21547.50656,1,58996200.7296,0.0197522896305858
1589,21547.52656,2,58996220.7104,0.028380150388264
1590,21547.54656,1,58996240.704,0.0197738029381031
1591,21547.56656,2,58996260.736,0.0283555637511013
1592,21547.58656,1,58996280.8064,0.0197799495973938
1593,21547.60656,2,58996300.7616,0.0284539102997521
1594,21547.62656,1,58996320.7424,0.0197481918577253
1595,21547.64656,2,58996340.7232,0.0284252258897289
1596,21547.66656,1,58996360.7552,0.0197686807220276
1597,21547.68656,2,58996380.8512,0.0285153768926588
1598,21547.70656,1,58996400.7936,0.0198250250988588
1599,21547.72656,2,58996420.7488,0.0288206609707624
1600,21547.74656,1,58996440.768,0.0198055606777716
1601,21547.76656,2,58996460.7616,0.0291208228327904
1602,21547.78656,1,58996480.8576,0.0197932673591903
1603,21547.80656,2,58996500.7616,0.0293441514536849
1604,21547.82656,1,58996520.7424,0.0197481918577253
1605,21547.84656,2,58996540.7616,0.0294793779580798
1606,21547.86656,1,58996560.832,0.0198004384616961
1607,21547.88656,2,58996580.8,0.0294056180465917
1608,21547.90656,1,58996600.8448,0.0198516606224517
1609,21547.92656,2,58996620.7744,0.0293615669883418
1610,21547.94656,1,58996640.7808,0.0197758518245334
1611,21547.96656,2,58996660.9024,0.0294937201630914
1612,21547.98656,1,58996681.0112,0.0197932673591903
1613,21548.006592,2,58996700.9024,0.0294066424898068
1614,21548.026592,1,58996720.7936,0.0197891695863298
1615,21548.046592,2,58996740.7872,0.029462986866638
1616,21548.066592,1,58996760.7936,0.0197707296084578
1617,21548.086592,2,58996780.8384,0.0293554203290512
1618,21548.106592,1,58996800.7936,0.0197399963120044
1619,21548.126592,2,58996820.8,0.0292816604175631
1620,21548.146592,1,58996840.7808,0.0197379474255742
1621,21548.166592,2,58996860.8128,0.0293748847501383
1622,21548.186592,1,58996880.8832,0.0197942918024054
1623,21548.206592,2,58996900.8128,0.0293615669883418
1624,21548.226592,1,58996920.8064,0.0198014629049112
1625,21548.246592,2,58996940.8,0.0293154670436618
1626,21548.266592,1,58996960.832,0.0197963406888356
1627,21548.286592,2,58996980.8512,0.0292365849160981
1628,21548.306592,1,58997000.8704,0.0197860962566845
1629,21548.326592,2,58997020.8128,0.0290818939906161
1630,21548.346592,1,58997040.832,0.019772778494888
1631,21548.366592,2,58997060.8128,0.0290009629766222
1632,21548.386592,1,58997080.9984,0.0198199028827832
1633,21548.406592,2,58997100.8512,0.0290132562952036
1634,21548.426592,1,58997120.8064,0.0197656073923822
1635,21548.446592,2,58997140.8384,0.0289251541787039
1636,21548.466592,1,58997160.8576,0.0197471674145102
1637,21548.486592,2,58997180.9408,0.0289026164279714
1638,21548.506592,1,58997200.8832,0.0197553629602311
1639,21548.526592,2,58997220.8256,0.0289108119736923
1640,21548.546592,1,58997240.8704,0.0197840473702543
1641,21548.566592,2,58997260.8768,0.0287479255024894
1642,21548.586592,1,58997280.9472,0.0197195074477022
1643,21548.606592,2,58997301.6704,0.0287663654803614
1644,21548.626592,1,58997320.8448,0.0197307763230684
1645,21548.646592,2,58997340.864,0.0288554920400762
1646,21548.666592,1,58997360.8832,0.0197717540516729
1647,21548.686592,2,58997380.992,0.0288134898682566
1648,21548.706592,1,58997400.9088,0.0197430696416498
1649,21548.726592,2,58997420.864,0.0288452476079251
1650,21548.746592,1,58997440.8704,0.0197932673591903
1651,21548.766592,2,58997460.8768,0.0288892986661749
1652,21548.786592,1,58997480.96,0.0197840473702543
1653,21548.806592,2,58997500.8896,0.0290153051816338
1654,21548.826592,1,58997521.0112,0.0197942918024054
1655,21548.846592,2,58997540.8768,0.0290275985002151
1656,21548.866592,1,58997560.8704,0.0197799495973938
1657,21548.886592,2,58997580.992,0.0290224762841396
1658,21548.906592,1,58997600.9088,0.0197225807773475
1659,21548.926592,2,58997620.928,0.0290224762841396
1660,21548.946592,1,58997640.896,0.0197533140738009
1661,21548.966592,2,58997660.8896,0.0288093920953961
1662,21548.986592,1,58997681.1008,0.0197656073923822
1663,21549.006592,2,58997700.9024,0.028726412194972
1664,21549.026592,1,58997720.9984,0.0197666318355974
1665,21549.046592,2,58997740.8896,0.0286219189870306
1666,21549.066592,1,58997760.9216,0.0197563874034462
1667,21549.086592,2,58997781.056,0.0286096256684492
1668,21549.106592,1,58997800.9344,0.019763558505952
1669,21549.126592,2,58997820.9664,0.0286557256131293
1670,21549.146592,1,58997840.9088,0.0197348740959289
1671,21549.166592,2,58997860.928,0.0285594279509087
1672,21549.186592,1,58997881.1264,0.0197287274366382
1673,21549.206592,2,58997900.9024,0.0285112791197984
1674,21549.226592,1,58997920.9344,0.0197686807220276
1675,21549.246592,2,58997940.9536,0.0285215235519495
1676,21549.266592,1,58997960.9088,0.0197051652426906
1677,21549.286592,2,58997981.0944,0.0286311389759666
1678,21549.306592,1,58998000.9984,0.0196928719241092
1679,21549.326592,2,58998020.928,0.0287274366381871
1680,21549.346592,1,58998041.0368,0.0197154096748417
1681,21549.366592,2,58998060.9408,0.0287694388100068
1682,21549.386592,1,58998081.0368,0.0197656073923822
1683,21549.406592,2,58998101.0176,0.0286219189870306
1684,21549.426592,1,58998120.9472,0.0197973651320507
1685,21549.446592,2,58998140.9664,0.0285665990534145
1686,21549.466592,1,58998161.0624,0.0197604851763067
1687,21549.486592,2,58998180.9664,0.0285030835740775
1688,21549.506592,1,58998200.96,0.0197113119019813
1689,21549.526592,2,58998220.992,0.0284416169811707
1690,21549.546592,1,58998240.9856,0.0197717540516729
1691,21549.566592,2,58998260.9792,0.0285840145880714
1692,21549.586592,1,58998281.1008,0.0197205318909173
1693,21549.606592,2,58998301.0048,0.0287930010039544
1694,21549.626592,1,58998321.0368,0.019709263015551
1695,21549.646592,2,58998340.9792,0.0288995430983261
1696,21549.666592,1,58998360.9856,0.0197512651873707
1697,21549.686592,2,58998381.1456,0.0289589608048026
1698,21549.706592,1,58998400.9728,0.0197697051652427
1699,21549.726592,2,58998421.056,0.0290757473313254
1700,21549.746592,1,58998440.9856,0.0197901940295449
1701,21549.766592,2,58998461.0432,0.0290655028991743
1702,21549.786592,1,58998481.2032,0.0197164341180568
1703,21549.806592,2,58998501.0048,0.0289651074640933
1704,21549.826592,1,58998521.0112,0.0197328252094986
1705,21549.846592,2,58998541.056,0.0289056897576167
1706,21549.866592,1,58998561.024,0.0197205318909173
1707,21549.886592,2,58998581.0688,0.0287786587989428
1708,21549.906592,1,58998601.0112,0.0197481918577253
1709,21549.926592,2,58998621.0688,0.0286885077960129
1710,21549.946592,1,58998641.024,0.0197389718687893
1711,21549.966592,2,58998661.0432,0.028607576782019
1712,21549.986592,1,58998681.216,0.0197492163009404
1713,21550.006592,2,58998701.056,0.0286393345216875
1714,21550.026592,1,58998721.024,0.0197481918577253
1715,21550.046592,2,58998741.1456,0.0285245968815949
1716,21550.066592,1,58998761.0496,0.0197645829491671
1717,21550.086592,2,58998781.1456,0.028417030344008
1718,21550.106592,1,58998801.0752,0.0197133607884115
1719,21550.126592,2,58998821.056,0.0284375192083103
1720,21550.146592,1,58998841.0496,0.019690823037679
1721,21550.166592,2,58998861.0688,0.0285010346876473
1722,21550.186592,1,58998881.2288,0.0197522896305858
1723,21550.206592,2,58998901.056,0.0286198701006003
1724,21550.226592,1,58998921.1392,0.0196754563894523
1725,21550.246592,2,58998941.0816,0.0286813366935071
1726,21550.266592,1,58998961.0496,0.0197379474255742
1727,21550.286592,2,58998981.1712,0.0286731411477862
1728,21550.306592,1,58999001.088,0.0197768762677485
1729,21550.326592,2,58999021.184,0.0285584035076936
1730,21550.346592,1,58999041.0624,0.0197697051652427
1731,21550.366592,2,58999061.0816,0.0285737701559203
1732,21550.386592,1,58999081.3696,0.019772778494888
1733,21550.406592,2,58999101.1072,0.0286034790091585
1734,21550.426592,1,58999121.0752,0.0197717540516729
1735,21550.446592,2,58999141.3376,0.0286608478292048
1736,21550.466592,1,58999161.1008,0.019735898539144
1737,21550.486592,2,58999181.2352,0.0286055278955887
1738,21550.506592,1,58999201.1392,0.0197942918024054
1739,21550.526592,2,58999221.1968,0.0285645501669842
1740,21550.546592,1,58999241.1008,0.0196949208105395
1741,21550.566592,2,58999261.12,0.0285747945991354
1742,21550.586592,1,58999281.2032,0.019772778494888
1743,21550.606592,2,58999301.1584,0.0284323969922347
1744,21550.626592,1,58999321.1904,0.0197676562788125
1745,21550.646592,2,58999341.12,0.0284682525047637
1746,21550.666592,1,58999361.1392,0.0197645829491671
1747,21550.686592,2,58999381.1456,0.028344294875735
1748,21550.706592,1,58999401.152,0.0197410207552195
1749,21550.726592,2,58999421.184,0.0284395680947405
1750,21550.746592,1,58999441.152,0.0197738029381031
1751,21550.766592,2,58999461.184,0.0283125371360665
1752,21550.786592,1,58999481.1648,0.0197287274366382
1753,21550.806592,2,58999501.1712,0.0281783350748868
1754,21550.826592,1,58999521.1648,0.0197983895752658
1755,21550.846592,2,58999541.1328,0.0280062286147479
1756,21550.866592,1,58999561.152,0.0198209273259983
1757,21550.886592,2,58999581.248,0.0280697440940849
1758,21550.906592,1,58999601.2544,0.0198342450877948
1759,21550.926592,2,58999621.1712,0.0280215952629746
1760,21550.946592,1,58999641.1648,0.0198055606777716
1761,21550.966592,2,58999661.1712,0.0279334931464749
1762,21550.986592,1,58999681.1392,0.0197758518245334
1763,21551.006592,2,58999701.1584,0.0281096973794743
1764,21551.026592,1,58999721.2032,0.0197584362898765
1765,21551.046592,2,58999741.1328,0.0282244350195669
1766,21551.066592,1,58999761.2032,0.019726678550208
1767,21551.086592,2,58999781.2096,0.0283524904214559
1768,21551.106592,1,58999801.2288,0.0197738029381031
1769,21551.126592,2,58999821.184,0.0284108836847174
1770,21551.146592,1,58999841.1904,0.0197850718134694
1771,21551.166592,2,58999861.2224,0.0283975659229209
1772,21551.186592,1,58999881.2032,0.019754338517016
1773,21551.206592,2,58999901.2096,0.0284139570143627
1774,21551.226592,1,58999921.1776,0.0197502407441556
1775,21551.246592,2,58999941.2096,0.0282766816235376
1776,21551.266592,1,58999961.2544,0.0197389718687893
1777,21551.286592,2,58999981.2224,0.0280902329583871
1778,21551.306592,1,59000001.2288,0.0197184830044871
1779,21551.326592,2,59000021.2224,0.0279222242711087
1780,21551.346592,1,59000041.2672,0.0197768762677485
1781,21551.366592,2,59000061.2352,0.0280215952629746
1782,21551.386592,1,59000081.2928,0.0198147806667076
1783,21551.406592,2,59000101.1968,0.0279007109635913
1784,21551.426592,1,59000121.216,0.0197983895752658
1785,21551.446592,2,59000141.248,0.0279171020550331
1786,21551.466592,1,59000161.2544,0.0197379474255742
1787,21551.486592,2,59000181.3248,0.0279171020550331
1788,21551.506592,1,59000201.216,0.0198106828938472
1789,21551.526592,2,59000221.248,0.0278689532239228
1790,21551.546592,1,59000241.2672,0.0197799495973938
1791,21551.566592,2,59000261.248,0.0279744708750794
1792,21551.586592,1,59000281.28,0.0197850718134694
1793,21551.606592,2,59000301.2224,0.0280717929805151
1794,21551.626592,1,59000321.28,0.0198229762124285
1795,21551.646592,2,59000341.2096,0.0281660417563054
1796,21551.666592,1,59000361.2032,0.0198321962013646
1797,21551.686592,2,59000381.2992,0.0283309771139386
1798,21551.706592,1,59000401.216,0.0198065851209867
1799,21551.726592,2,59000421.2352,0.0284119081279325
1800,21551.746592,1,59000441.2416,0.0198158051099228
1801,21551.766592,2,59000461.2224,0.0283862970475547
1802,21551.786592,1,59000481.2928,0.0197799495973938
1803,21551.806592,2,59000501.2352,0.0284201036736534
1804,21551.826592,1,59000521.2672,0.0197983895752658
1805,21551.846592,2,59000541.248,0.028426250332944
1806,21551.866592,1,59000561.2416,0.0197738029381031
1807,21551.886592,2,59000581.4144,0.0285102546765833
1808,21551.906592,1,59000601.3568,0.0197645829491671
1809,21551.926592,2,59000621.248,0.0284282992193743
1810,21551.946592,1,59000641.408,0.0198065851209867
1811,21551.966592,2,59000661.248,0.0282961460446247
1812,21551.986592,1,59000681.2544,0.0197574118466613
1813,21552.006592,2,59000701.2736,0.0282582416456656
1814,21552.026592,1,59000721.2544,0.0197615096195218
1815,21552.046592,2,59000741.2608,0.0282777060667527
1816,21552.066592,1,59000761.2416,0.0197502407441556
1817,21552.086592,2,59000781.2992,0.0282674616346016
1818,21552.106592,1,59000801.472,0.0197697051652427
1819,21552.126592,2,59000821.2736,0.0282920482717643
1820,21552.146592,1,59000841.2544,0.0197389718687893
1821,21552.166592,2,59000861.2352,0.0282664371913865
1822,21552.186592,1,59000881.2928,0.0197389718687893
1823,21552.206592,2,59000901.2736,0.0280011063986723
1824,21552.226592,1,59000921.2544,0.0197625340627369
1825,21552.246592,2,59000941.2864,0.027943737578626
1826,21552.266592,1,59000961.2544,0.0198055606777716
1827,21552.286592,2,59000981.376,0.0278761243264286
1828,21552.306592,1,59001001.344,0.0196990185833999
1829,21552.326592,2,59001021.2736,0.0279304198168296
1830,21552.346592,1,59001041.28,0.0197901940295449
1831,21552.366592,2,59001061.2992,0.0279580797836376
1832,21552.386592,1,59001081.3696,0.0197809740406089
1833,21552.406592,2,59001101.376,0.0279918864097363
1834,21552.426592,1,59001121.2928,0.0198557583953122
1835,21552.446592,2,59001141.2608,0.0281537484377241
1836,21552.466592,1,59001161.408,0.0198321962013646
1837,21552.486592,2,59001181.2864,0.0283565881943164
1838,21552.506592,1,59001201.3056,0.0197420451984347
1839,21552.526592,2,59001221.3632,0.0284692769479788
1840,21552.546592,1,59001241.3312,0.019890589464626
1841,21552.566592,2,59001261.3248,0.0283791259450489
1842,21552.586592,1,59001281.3952,0.0197963406888356
1843,21552.606592,2,59001301.3632,0.0282756571803225
1844,21552.626592,1,59001321.3184,0.0197932673591903
1845,21552.646592,2,59001341.3376,0.027998033069027
1846,21552.666592,1,59001361.408,0.0198424406335157
1847,21552.686592,2,59001381.3376,0.0279877886368759
1848,21552.706592,1,59001401.3312,0.0197492163009404
1849,21552.726592,2,59001421.3376,0.0280195463765444
1850,21552.746592,1,59001441.344,0.019799414018481
1851,21552.766592,2,59001461.3504,0.028061548548364
1852,21552.786592,1,59001481.3824,0.0197840473702543
1853,21552.806592,2,59001501.376,0.0281578462105845
1854,21552.826592,1,59001521.344,0.019781998483824
1855,21552.846592,2,59001541.3504,0.0281783350748868
1856,21552.866592,1,59001561.3696,0.0198240006556437
1857,21552.886592,2,59001581.3376,0.0281250640277009
1858,21552.906592,1,59001601.4848,0.0197881451431147
1859,21552.926592,2,59001621.3504,0.0281732128588112
1860,21552.946592,1,59001641.3696,0.0197912184727601
1861,21552.966592,2,59001661.376,0.0281629684266601
1862,21552.986592,1,59001681.408,0.0197922429159752
1863,21553.006592,2,59001701.376,0.0279765197615096
1864,21553.026592,1,59001721.3824,0.0197789251541787
1865,21553.046592,2,59001741.3632,0.0279201753846784
1866,21553.066592,1,59001761.4592,0.0197256541069929
1867,21553.086592,2,59001781.44,0.0280103263876083
1868,21553.106592,1,59001801.408,0.0197440940848649
1869,21553.126592,2,59001821.3888,0.0280318396951257
1870,21553.146592,1,59001841.3696,0.0197942918024054
1871,21553.166592,2,59001861.5296,0.027925297600754
1872,21553.186592,1,59001881.4336,0.0197983895752658
1873,21553.206592,2,59001901.4784,0.0278822709857193
1874,21553.226592,1,59001921.4208,0.0197860962566845
1875,21553.246592,2,59001941.4656,0.0278791976560739
1876,21553.266592,1,59001961.408,0.0197533140738009
1877,21553.286592,2,59001981.4528,0.027834122154609
1878,21553.306592,1,59002001.4208,0.0198844428053353
1879,21553.326592,2,59002021.4528,0.0279007109635913
1880,21553.346592,1,59002041.408,0.0197615096195218
1881,21553.366592,2,59002061.3888,0.0278628065646321
1882,21553.386592,1,59002081.536,0.0198229762124285
1883,21553.406592,2,59002101.4272,0.0278689532239228
1884,21553.426592,1,59002121.408,0.0198711250435388
1885,21553.446592,2,59002141.44,0.0279939352961665
1886,21553.466592,1,59002161.3952,0.0198168295531379
1887,21553.486592,2,59002181.504,0.0281660417563054
1888,21553.506592,1,59002201.4464,0.019754338517016
1889,21553.526592,2,59002221.4272,0.0283412215460897
1890,21553.546592,1,59002241.4464,0.0197512651873707
1891,21553.566592,2,59002261.4528,0.0284088347982871
1892,21553.586592,1,59002281.4464,0.0197953162456205
1893,21553.606592,2,59002301.4528,0.0284866924826357
1894,21553.626592,1,59002321.4464,0.0197707296084578
1895,21553.646592,2,59002341.4528,0.0285194746655193
1896,21553.666592,1,59002361.4464,0.0197574118466613
1897,21553.686592,2,59002381.504,0.0284149814575778
1898,21553.706592,1,59002401.4336,0.0198209273259983
1899,21553.726592,2,59002421.4528,0.0283279037842932
1900,21553.746592,1,59002441.472,0.0198619050546028
1901,21553.766592,2,59002461.4528,0.0281230151412707
1902,21553.786592,1,59002481.5488,0.0198301473149343
1903,21553.806592,2,59002501.5424,0.0280390107976315
1904,21553.826592,1,59002521.4464,0.0198424406335157
1905,21553.846592,2,59002541.5424,0.0279601286700678
1906,21553.866592,1,59002561.4592,0.0198332206445797
1907,21553.886592,2,59002581.5936,0.0279652508861434
1908,21553.906592,1,59002601.472,0.0198629294978179
1909,21553.926592,2,59002621.4528,0.0279765197615096
1910,21553.946592,1,59002641.5744,0.0197901940295449
1911,21553.966592,2,59002661.4656,0.0278863687585797
1912,21553.986592,1,59002681.6,0.0197983895752658
1913,21554.006592,2,59002701.4912,0.0280328641383408
1914,21554.026592,1,59002721.4848,0.0197389718687893
1915,21554.046592,2,59002741.5552,0.0281547728809392
1916,21554.066592,1,59002761.4976,0.0197768762677485
1917,21554.086592,2,59002781.6064,0.0281373573462823
1918,21554.106592,1,59002801.5232,0.0197584362898765
1919,21554.126592,2,59002821.504,0.0281301862437765
1920,21554.146592,1,59002841.5744,0.0197901940295449
1921,21554.166592,2,59002861.504,0.0281445284487881
1922,21554.186592,1,59002881.5232,0.0197174585612719
1923,21554.206592,2,59002901.5168,0.0280902329583871
1924,21554.226592,1,59002921.5232,0.0197686807220276
1925,21554.246592,2,59002941.5552,0.0280656463212244
1926,21554.266592,1,59002961.5104,0.0198188784395681
1927,21554.286592,2,59002981.5936,0.0281107218226894
1928,21554.306592,1,59003001.5232,0.0197574118466613
1929,21554.326592,2,59003021.5296,0.0280789640830209
1930,21554.346592,1,59003041.6,0.0197584362898765
1931,21554.366592,2,59003061.5296,0.0280451574569222
1932,21554.386592,1,59003081.5488,0.019763558505952
1933,21554.406592,2,59003101.5424,0.0281045751633987
1934,21554.426592,1,59003121.536,0.0197225807773475
1935,21554.446592,2,59003141.6448,0.0281588706537997
1936,21554.466592,1,59003161.536,0.019672383059807
1937,21554.486592,2,59003181.6448,0.0282479972135145
1938,21554.506592,1,59003201.5744,0.019799414018481
1939,21554.526592,2,59003221.5424,0.0283289282275083
1940,21554.546592,1,59003241.7024,0.0198168295531379
1941,21554.566592,2,59003261.5552,0.0284139570143627
1942,21554.586592,1,59003281.5616,0.0198127317802774
1943,21554.606592,2,59003301.6448,0.0284866924826357
1944,21554.626592,1,59003321.5616,0.0197307763230684
1945,21554.646592,2,59003341.5424,0.0285133280062286
1946,21554.666592,1,59003361.6896,0.0197420451984347
1947,21554.686592,2,59003381.6064,0.0284743991640543
1948,21554.706592,1,59003401.5744,0.01974511852808
1949,21554.726592,2,59003421.6064,0.0283125371360665
1950,21554.746592,1,59003441.5744,0.0197420451984347
1951,21554.766592,2,59003461.6064,0.028370930399328
1952,21554.786592,1,59003481.6384,0.0197953162456205
1953,21554.806592,2,59003501.5808,0.0283903948204151
1954,21554.826592,1,59003521.6384,0.0197860962566845
1955,21554.846592,2,59003541.5936,0.0281937017231135
1956,21554.866592,1,59003561.6,0.0197604851763067
1957,21554.886592,2,59003581.6704,0.0282172639170611
1958,21554.906592,1,59003601.6,0.0197645829491671
1959,21554.926592,2,59003621.5808,0.028171163972381
1960,21554.946592,1,59003641.6128,0.0197215563341324
1961,21554.966592,2,59003661.5808,0.0280584752187186
1962,21554.986592,1,59003681.664,0.0197840473702543
1963,21555.006592,2,59003701.568,0.0280431085704919
1964,21555.026592,1,59003721.6512,0.0197399963120044
1965,21555.046592,2,59003741.5936,0.0280154486036839
1966,21555.066592,1,59003761.6384,0.019781998483824
1967,21555.086592,2,59003781.76,0.0279734464318643
1968,21555.106592,1,59003802.0352,0.0197461429712951
1969,21555.126592,2,59003821.6192,0.027852562132481
1970,21555.146592,1,59003841.6128,0.0197676562788125
1971,21555.166592,2,59003861.6704,0.0277869977667138
1972,21555.186592,1,59003881.6,0.0198516606224517
1973,21555.206592,2,59003901.6704,0.0279314442600447
1974,21555.226592,1,59003921.6512,0.0198209273259983
1975,21555.246592,2,59003941.6448,0.0280533530026431
1976,21555.266592,1,59003961.6512,0.0197912184727601
1977,21555.286592,2,59003981.632,0.0280953551744627
1978,21555.306592,1,59004001.6256,0.0197686807220276
1979,21555.326592,2,59004021.7216,0.0282428749974389
1980,21555.346592,1,59004041.6512,0.0197840473702543
1981,21555.366592,2,59004061.7472,0.0283401971028746
1982,21555.386592,1,59004081.6768,0.0197481918577253
1983,21555.406592,2,59004101.696,0.0286526522834839
1984,21555.426592,1,59004121.6128,0.0197471674145102
1985,21555.446592,2,59004141.6832,0.0289374474972852
1986,21555.466592,1,59004161.6896,0.0197174585612719
1987,21555.486592,2,59004181.7344,0.0292294138135923
1988,21555.506592,1,59004201.664,0.0197522896305858
1989,21555.526592,2,59004221.696,0.029099309525273
1990,21555.546592,1,59004241.664,0.0197184830044871
1991,21555.566592,2,59004261.6704,0.0288841764500994
1992,21555.586592,1,59004281.7664,0.0197901940295449
1993,21555.606592,2,59004301.6576,0.0286403589649026
1994,21555.626592,1,59004321.6896,0.0197686807220276
1995,21555.646592,2,59004341.7088,0.0284723502776241
1996,21555.666592,1,59004361.7408,0.0197379474255742
1997,21555.686592,2,59004381.7856,0.0282367283381482
1998,21555.706592,1,59004401.7024,0.019763558505952
1999,21555.726592,2,59004421.7472,0.0280676952076546
2000,21555.746592,1,59004441.6256,0.019763558505952
2001,21555.766592,2,59004461.6576,0.0279498842379167
2002,21555.786592,1,59004481.6896,0.0197768762677485
2003,21555.806592,2,59004501.9392,0.0279488597947016
2004,21555.826592,1,59004521.7152,0.0198168295531379
2005,21555.846592,2,59004541.696,0.0278330977113939
2006,21555.866592,1,59004561.6768,0.0197768762677485
2007,21555.886592,2,59004581.8624,0.0279365664761202
2008,21555.906592,1,59004601.6768,0.019754338517016
2009,21555.926592,2,59004621.6576,0.0280011063986723
2010,21555.946592,1,59004641.7024,0.0198168295531379
2011,21555.966592,2,59004661.6832,0.0280810129694511
2012,21555.986592,1,59004681.728,0.0197809740406089
2013,21556.006592,2,59004701.7088,0.0282008728256193
2014,21556.026592,1,59004721.6896,0.0197830229270392
2015,21556.046592,2,59004741.6704,0.0281537484377241
2016,21556.066592,1,59004761.7152,0.0198188784395681
2017,21556.086592,2,59004781.7728,0.02811686848198
2018,21556.106592,1,59004801.7024,0.0197901940295449
2019,21556.126592,2,59004821.7472,0.0282387772245784
2020,21556.146592,1,59004841.7408,0.0198004384616961
2021,21556.166592,2,59004861.7088,0.0281148195955498
2022,21556.186592,1,59004881.7536,0.0198280984285041
2023,21556.206592,2,59004901.7216,0.0280584752187186
2024,21556.226592,1,59004921.7152,0.0197666318355974
2025,21556.246592,2,59004941.824,0.0279877886368759
2026,21556.266592,1,59004961.7152,0.0197348740959289
2027,21556.286592,2,59004981.8496,0.0280185219333292
2028,21556.306592,1,59005001.7024,0.0198250250988588
2029,21556.326592,2,59005021.7984,0.0280789640830209
2030,21556.346592,1,59005041.7408,0.0198311717581494
2031,21556.366592,2,59005061.7088,0.0282541438728051
2032,21556.386592,1,59005081.7792,0.0197942918024054
2033,21556.406592,2,59005101.76,0.0283811748314791
2034,21556.426592,1,59005121.7536,0.0198301473149343
2035,21556.446592,2,59005141.7984,0.0285881123609318
2036,21556.466592,1,59005161.7408,0.019799414018481
2037,21556.486592,2,59005181.7216,0.0288278320732682
2038,21556.506592,1,59005201.7664,0.0198701006003237
2039,21556.526592,2,59005221.76,0.0290439895916569
2040,21556.546592,1,59005241.7536,0.0198096584506321
2041,21556.566592,2,59005261.8112,0.0289671563505235
2042,21556.586592,1,59005281.7792,0.019817853996353
2043,21556.606592,2,59005301.76,0.0287745610260823
2044,21556.626592,1,59005321.7792,0.0198619050546028
2045,21556.646592,2,59005341.7472,0.0286915811256582
2046,21556.666592,1,59005361.7664,0.0198065851209867
2047,21556.686592,2,59005381.7728,0.0285727457127051
2048,21556.706592,1,59005401.7792,0.0198383428606552
2049,21556.726592,2,59005421.7856,0.0284508369701067
2050,21556.746592,1,59005441.792,0.019763558505952
2051,21556.766592,2,59005462.0416,0.028443665867601
2052,21556.786592,1,59005481.9712,0.0197697051652427
2053,21556.806592,2,59005501.7856,0.0285502079619727
2054,21556.826592,1,59005521.7536,0.0197697051652427
2055,21556.846592,2,59005541.8624,0.0287571454914254
2056,21556.866592,1,59005561.7792,0.019726678550208
2057,21556.886592,2,59005581.8112,0.0288134898682566
2058,21556.906592,1,59005601.8048,0.0197871206998996
2059,21556.926592,2,59005621.7856,0.0287704632532219
2060,21556.946592,1,59005641.856,0.0197379474255742
2061,21556.966592,2,59005662.6688,0.0287335832974778
2062,21556.986592,1,59005681.8688,0.0197686807220276
2063,21557.006592,2,59005701.8624,0.028626016759891
2064,21557.026592,1,59005721.856,0.019672383059807
2065,21557.046592,2,59005741.8112,0.028534841313746
2066,21557.066592,1,59005761.8176,0.0197133607884115
2067,21557.086592,2,59005781.8496,0.0284887413690659
2068,21557.106592,1,59005801.8304,0.0197061896859057
2069,21557.126592,2,59005821.8112,0.0284938635851415
2070,21557.146592,1,59005841.8432,0.0196979941401848
2071,21557.166592,2,59005861.9008,0.0285071813469379
2072,21557.186592,1,59005881.8432,0.0197082385723359
2073,21557.206592,2,59005901.8752,0.0285737701559203
2074,21557.226592,1,59005921.8304,0.0196754563894523
2075,21557.246592,2,59005941.8368,0.0285891368041469
2076,21557.266592,1,59005962.3936,0.0197082385723359
2077,21557.286592,2,59005981.9264,0.0287059233306698
2078,21557.306592,1,59006001.8304,0.019754338517016
2079,21557.326592,2,59006021.8752,0.0286967033417338
2080,21557.346592,1,59006041.856,0.0197205318909173
2081,21557.366592,2,59006061.824,0.0287100211035302
2082,21557.386592,1,59006081.9328,0.0197860962566845
2083,21557.406592,2,59006101.8624,0.028771487696437
2084,21557.426592,1,59006121.8432,0.019709263015551
2085,21557.446592,2,59006141.8624,0.0287684143667917
2086,21557.466592,1,59006161.8688,0.0198004384616961
2087,21557.486592,2,59006181.824,0.0286547011699142
2088,21557.506592,1,59006201.9072,0.019754338517016
2089,21557.526592,2,59006221.8752,0.0285850390312865
2090,21557.546592,1,59006241.8816,0.0197563874034462
2091,21557.566592,2,59006261.9008,0.0284160059007929
2092,21557.586592,1,59006281.8816,0.0197481918577253
2093,21557.606592,2,59006301.9264,0.0284610814022579
2094,21557.626592,1,59006321.8432,0.0197440940848649
2095,21557.646592,2,59006341.8752,0.0284477636404614
2096,21557.666592,1,59006361.9328,0.0197758518245334
2097,21557.686592,2,59006381.8752,0.028298194931055
2098,21557.706592,1,59006401.9456,0.0197584362898765
2099,21557.726592,2,59006421.9008,0.0283043415903456
2100,21557.746592,1,59006441.92,0.0197666318355974
2101,21557.766592,2,59006461.9264,0.0283186837953572
2102,21557.786592,1,59006481.9584,0.0197553629602311
2103,21557.806592,2,59006501.9008,0.0281926772798984
2104,21557.826592,1,59006521.9456,0.01974511852808
2105,21557.846592,2,59006541.9776,0.0281957506095437
2106,21557.866592,1,59006561.9968,0.0197809740406089
2107,21557.886592,2,59006581.9648,0.0281455528920032
2108,21557.906592,1,59006601.92,0.0197963406888356
2109,21557.926592,2,59006621.952,0.0280676952076546
2110,21557.946592,1,59006641.92,0.0197779007109636
2111,21557.966592,2,59006661.9776,0.0280369619112013
2112,21557.986592,1,59006682.048,0.019754338517016
2113,21558.006592,2,59006701.9264,0.027979593091155
2114,21558.026592,1,59006721.9584,0.019799414018481
2115,21558.046592,2,59006742.0032,0.0278945643043006
2116,21558.066592,1,59006761.984,0.0198168295531379
2117,21558.086592,2,59006781.9776,0.027988813080091
2118,21558.106592,1,59006801.9456,0.0197799495973938
2119,21558.126592,2,59006821.9776,0.0280205708197595
2120,21558.146592,1,59006841.9328,0.0198014629049112
2121,21558.166592,2,59006862.0032,0.0279949597393816
2122,21558.186592,1,59006882.0352,0.0197799495973938
2123,21558.206592,2,59006901.9264,0.0280113508308234
2124,21558.226592,1,59006921.984,0.019781998483824
2125,21558.246592,2,59006941.952,0.0280410596840617
2126,21558.266592,1,59006962.0096,0.019772778494888
2127,21558.286592,2,59006981.9904,0.0280000819554572
2128,21558.306592,1,59007001.9456,0.0198035117913414
2129,21558.326592,2,59007021.952,0.0280974040608929
2130,21558.346592,1,59007042.0992,0.0198096584506321
2131,21558.366592,2,59007061.9648,0.0281137951523347
2132,21558.386592,1,59007081.9712,0.019763558505952
2133,21558.406592,2,59007101.9904,0.0282664371913865
2134,21558.426592,1,59007121.9584,0.0197850718134694
2135,21558.446592,2,59007141.952,0.0284006392525662
2136,21558.466592,1,59007161.9968,0.0197328252094986
2137,21558.486592,2,59007182.0544,0.0285000102444322
2138,21558.506592,1,59007202.0224,0.0196928719241092
2139,21558.526592,2,59007222.016,0.0286239678734608
2140,21558.546592,1,59007241.984,0.0197205318909173
2141,21558.566592,2,59007261.9904,0.0285153768926588
2142,21558.586592,1,59007282.1888,0.0197256541069929
2143,21558.606592,2,59007302.0288,0.0287274366381871
2144,21558.626592,1,59007322.0224,0.0197553629602311
2145,21558.646592,2,59007342.016,0.0286926055688733
2146,21558.666592,1,59007361.9968,0.0196529186387199
2147,21558.686592,2,59007382.0416,0.0286669944884955
2148,21558.706592,1,59007402.0224,0.0197676562788125
2149,21558.726592,2,59007422.0032,0.0287817321285881
2150,21558.746592,1,59007442.0352,0.0197164341180568
2151,21558.766592,2,59007462.0544,0.0290726740016801
2152,21558.786592,1,59007482.1504,0.019754338517016
2153,21558.806592,2,59007502.0288,0.0290859917634766
2154,21558.826592,1,59007522.176,0.0197553629602311
2155,21558.846592,2,59007542.0288,0.0293041981682955
2156,21558.866592,1,59007562.0224,0.0197471674145102
2157,21558.886592,2,59007582.1568,0.0295121601409634
2158,21558.906592,1,59007602.0352,0.0197553629602311
2159,21558.926592,2,59007622.0416,0.0295746511770853
2160,21558.946592,1,59007642.0736,0.0197697051652427
2161,21558.966592,2,59007662.0544,0.0295961644846026
2162,21558.986592,1,59007682.0352,0.0197840473702543
2163,21559.006592,2,59007702.0416,0.0296555821910791
2164,21559.026592,1,59007722.0224,0.0197481918577253
2165,21559.046592,2,59007742.0288,0.0294988423791669
2166,21559.066592,1,59007762.0736,0.0197768762677485
2167,21559.086592,2,59007782.016,0.0294097158194521
2168,21559.106592,1,59007802.0352,0.0197973651320507
2169,21559.126592,2,59007822.08,0.0292744893150573
2170,21559.146592,1,59007842.048,0.0197246296637777
2171,21559.166592,2,59007862.1312,0.0291577027885344
2172,21559.186592,1,59007882.0992,0.0197963406888356
2173,21559.206592,2,59007902.1184,0.0289692052369537
2174,21559.226592,1,59007922.0736,0.0197881451431147
2175,21559.246592,2,59007942.08,0.0289558874751572
2176,21559.266592,1,59007962.1376,0.0197522896305858
2177,21559.286592,2,59007982.0416,0.0288329542893437
2178,21559.306592,1,59008002.0864,0.0197492163009404
2179,21559.326592,2,59008022.08,0.0287550966049952
2180,21559.346592,1,59008042.176,0.0197645829491671
2181,21559.366592,2,59008062.0672,0.0286608478292048
2182,21559.386592,1,59008082.0864,0.0198106828938472
2183,21559.406592,2,59008102.1056,0.0285901612473621
2184,21559.426592,1,59008122.112,0.0197584362898765
2185,21559.446592,2,59008142.1184,0.0285870879177167
2186,21559.466592,1,59008162.0992,0.0198055606777716
2187,21559.486592,2,59008182.0672,0.0287346077406929
2188,21559.506592,1,59008202.0992,0.019808634007417
2189,21559.526592,2,59008222.08,0.0288472964943553
2190,21559.546592,1,59008242.0992,0.0197707296084578
2191,21559.566592,2,59008262.1056,0.0295008912655971
2192,21559.586592,1,59008282.1248,0.0197768762677485
2193,21559.606592,2,59008302.1312,0.0299618907123978
2194,21559.626592,1,59008322.368,0.0197983895752658
2195,21559.646592,2,59008342.1184,0.0301739504579261
2196,21559.666592,1,59008362.1376,0.01974511852808
2197,21559.686592,2,59008382.1568,0.030372692441658
2198,21559.706592,1,59008402.1376,0.0197779007109636
2199,21559.726592,2,59008422.208,0.0305253344807097
2200,21559.746592,1,59008442.24,0.0197256541069929
2201,21559.766592,2,59008462.2976,0.0308039830352204
2202,21559.786592,1,59008482.2272,0.0198014629049112
2203,21559.806592,2,59008502.144,0.0312076136619747
2204,21559.826592,1,59008522.1632,0.0197758518245334
2205,21559.846592,2,59008542.2464,0.0315149466265085
2206,21559.866592,1,59008562.2272,0.019799414018481
2207,21559.886592,2,59008582.1824,0.0317802774192227
2208,21559.906592,1,59008602.1632,0.0196949208105395
2209,21559.926592,2,59008622.1312,0.0319011617186059
2210,21559.946592,1,59008642.2016,0.0197707296084578
2211,21559.966592,2,59008662.1824,0.0318396951256992
2212,21559.986592,1,59008682.1504,0.0197901940295449
2213,21560.006592,2,59008702.2464,0.0318755506382281
2214,21560.026592,1,59008722.1632,0.0197768762677485
2215,21560.046592,2,59008742.1568,0.0318827217407339
2216,21560.066592,1,59008762.2016,0.0197983895752658
2217,21560.086592,2,59008782.2208,0.0319708238572336
2218,21560.106592,1,59008802.1888,0.0196805786055279
2219,21560.126592,2,59008822.208,0.0320507304280124
2220,21560.146592,1,59008842.1632,0.0198168295531379
2221,21560.166592,2,59008862.1824,0.032101952588768
2222,21560.186592,1,59008882.1632,0.0197932673591903
2223,21560.206592,2,59008902.1824,0.0320558526440879
2224,21560.226592,1,59008922.2016,0.0197983895752658
2225,21560.246592,2,59008942.1824,0.0319636527547278
2226,21560.266592,1,59008962.1888,0.0197471674145102
2227,21560.286592,2,59008982.1952,0.0319134550371873
2228,21560.306592,1,59009002.2272,0.019763558505952
2229,21560.326592,2,59009022.2592,0.0319523838793616
2230,21560.346592,1,59009042.2784,0.0197666318355974
2231,21560.366592,2,59009062.1952,0.0319452127768558
2232,21560.386592,1,59009082.2912,0.0197799495973938
2233,21560.406592,2,59009102.208,0.0320568770873031
2234,21560.426592,1,59009122.2016,0.019763558505952
2235,21560.446592,2,59009142.3872,0.0317556907820599
2236,21560.466592,1,59009162.2272,0.0197389718687893
2237,21560.486592,2,59009182.2464,0.031555924355113
2238,21560.506592,1,59009202.304,0.0197748273813183
2239,21560.526592,2,59009222.208,0.03148318888684
2240,21560.546592,1,59009242.2272,0.0197574118466613
2241,21560.566592,2,59009262.272,0.03148318888684
2242,21560.586592,1,59009282.304,0.0197051652426906
2243,21560.606592,2,59009302.4384,0.0313981600999857
2244,21560.626592,1,59009322.2656,0.0197215563341324
2245,21560.646592,2,59009342.2208,0.0314370889421599
2246,21560.666592,1,59009362.3296,0.0197061896859057
2247,21560.686592,2,59009382.4128,0.031237322515213
2248,21560.706592,1,59009402.5856,0.019763558505952
2249,21560.726592,2,59009422.2848,0.0313664023603172
2250,21560.746592,1,59009442.2528,0.019781998483824
2251,21560.766592,2,59009462.2336,0.031064191611859
2252,21560.786592,1,59009482.3936,0.0196949208105395
2253,21560.806592,2,59009502.2336,0.030791689716639
2254,21560.826592,1,59009522.2784,0.019690823037679
2255,21560.846592,2,59009542.2848,0.0305130411621284
2256,21560.866592,1,59009562.2528,0.0197492163009404
2257,21560.886592,2,59009582.336,0.0305765566414654
2258,21560.906592,1,59009602.2912,0.0196570164115803
2259,21560.926592,2,59009622.2464,0.0304648923310181
2260,21560.946592,1,59009642.3296,0.0196877497080337
2261,21560.966592,2,59009662.3232,0.0307271497940869
2262,21560.986592,1,59009682.3808,0.019690823037679
2263,21561.006592,2,59009702.2976,0.0307169053619358
2264,21561.026592,1,59009722.2528,0.0197010674698301
2265,21561.046592,2,59009742.3232,0.0308336918884586
2266,21561.066592,1,59009762.3936,0.0197379474255742
2267,21561.086592,2,59009782.3872,0.0309176962320979
2268,21561.106592,1,59009802.368,0.019726678550208
2269,21561.126592,2,59009822.336,0.0312065892187596
2270,21561.146592,1,59009842.3808,0.0197215563341324
2271,21561.166592,2,59009862.3232,0.0313172290859918
2272,21561.186592,1,59009882.3808,0.0197287274366382
2273,21561.206592,2,59009902.3744,0.03148318888684
2274,21561.226592,1,59009922.368,0.01974511852808
2275,21561.246592,2,59009942.3744,0.0314227467371484
2276,21561.266592,1,59009962.3808,0.0197461429712951
2277,21561.286592,2,59009982.4384,0.0313059602106255
2278,21561.306592,1,59010002.3808,0.0197051652426906
2279,21561.326592,2,59010022.3488,0.0311430737394226
2280,21561.346592,1,59010042.4192,0.0197164341180568
2281,21561.366592,2,59010062.3488,0.0310170672239638
2282,21561.386592,1,59010082.368,0.0196744319462372
2283,21561.406592,2,59010102.3616,0.030901305140656
2284,21561.426592,1,59010122.3296,0.019735898539144
2285,21561.446592,2,59010142.3872,0.0308326674452435
2286,21561.466592,1,59010162.4192,0.0196600897412256
2287,21561.486592,2,59010182.4384,0.0306257299157908
2288,21561.506592,1,59010202.368,0.0197031163562604
2289,21561.526592,2,59010222.3872,0.0305335300264306
2290,21561.546592,1,59010242.3424,0.0196928719241092
2291,21561.566592,2,59010262.3744,0.0304843567521052
2292,21561.586592,1,59010282.3808,0.0196508697522896
2293,21561.606592,2,59010302.3232,0.0304628434445879
2294,21561.626592,1,59010322.4064,0.0196242342286967
2295,21561.646592,2,59010342.4,0.0305540188907329
2296,21561.666592,1,59010362.4064,0.0196764808326674
2297,21561.686592,2,59010382.4,0.0303194213944721
2298,21561.706592,1,59010402.4192,0.0196897985944639
2299,21561.726592,2,59010422.3872,0.0303675702255824
2300,21561.746592,1,59010442.368,0.0197143852316266
2301,21561.766592,2,59010462.4384,0.0301995615383039
2302,21561.786592,1,59010482.4704,0.0197195074477022
2303,21561.806592,2,59010502.3488,0.0301698526850657
2304,21561.826592,1,59010522.4192,0.0197236052205626
2305,21561.846592,2,59010542.4,0.0302589792447805
2306,21561.866592,1,59010562.432,0.0196621386276559
2307,21561.886592,2,59010582.3872,0.0302251726186817
2308,21561.906592,1,59010602.4704,0.0197297518798533
2309,21561.926592,2,59010622.3872,0.0304177679431229
2310,21561.946592,1,59010642.4192,0.0197318007662835
2311,21561.966592,2,59010662.4128,0.0305786055278956
2312,21561.986592,1,59010682.4704,0.0197287274366382
2313,21562.006592,2,59010702.4768,0.0305663122093142
2314,21562.026592,1,59010722.4064,0.0197553629602311
2315,21562.046592,2,59010742.4384,0.0303481058044953
2316,21562.066592,1,59010762.4064,0.0197656073923822
2317,21562.086592,2,59010782.5152,0.0305488966746573
2318,21562.106592,1,59010802.4576,0.0196785297190977
2319,21562.126592,2,59010822.4128,0.0308080808080808
2320,21562.146592,1,59010842.4704,0.0196764808326674
2321,21562.166592,2,59010862.4512,0.0309545761878419
2322,21562.186592,1,59010882.4064,0.0196396008769234
2323,21562.206592,2,59010902.4128,0.0309617472903477
2324,21562.226592,1,59010922.4576,0.0197399963120044
2325,21562.246592,2,59010942.464,0.0307445653287438
2326,21562.266592,1,59010962.432,0.0196621386276559
2327,21562.286592,2,59010982.464,0.0308316430020284
2328,21562.306592,1,59011002.4576,0.0196846763783883
2329,21562.326592,2,59011022.4896,0.0305591411068084
2330,21562.346592,1,59011042.4832,0.0197072141291208
2331,21562.366592,2,59011062.4896,0.0303942057491753
2332,21562.386592,1,59011082.5984,0.0197123363451964
2333,21562.406592,2,59011102.5024,0.0303112258487512
2334,21562.426592,1,59011122.4448,0.0196938963673244
2335,21562.446592,2,59011142.5664,0.0300940438871473
2336,21562.466592,1,59011162.496,0.0197246296637777
2337,21562.486592,2,59011182.5152,0.0300837994549962
2338,21562.506592,1,59011202.4576,0.0197236052205626
2339,21562.526592,2,59011222.4512,0.0298963263466306
2340,21562.546592,1,59011242.4832,0.0196682852869465
2341,21562.566592,2,59011262.5152,0.0299321818591595
2342,21562.586592,1,59011282.5216,0.0197195074477022
2343,21562.606592,2,59011302.5152,0.0298420308562296
2344,21562.626592,1,59011322.5344,0.0196897985944639
2345,21562.646592,2,59011342.464,0.0298932530169853
2346,21562.666592,1,59011362.5984,0.0196713586165919
2347,21562.686592,2,59011382.5536,0.0297959309115496
2348,21562.706592,1,59011402.432,0.019672383059807
2349,21562.726592,2,59011422.4896,0.0299977462249268
2350,21562.746592,1,59011442.5216,0.0196775052758826
2351,21562.766592,2,59011462.5152,0.0299004241194911
2352,21562.786592,1,59011482.5472,0.0196426742065687
2353,21562.806592,2,59011502.5408,0.0298512508451657
2354,21562.826592,1,59011522.5344,0.0196857008216035
2355,21562.846592,2,59011542.5408,0.0297897842522589
2356,21562.866592,1,59011562.4832,0.0196549675251501
2357,21562.886592,2,59011582.5536,0.0299690618149036
2358,21562.906592,1,59011602.5728,0.0196416497633536
2359,21562.926592,2,59011622.528,0.0299414018480956
2360,21562.946592,1,59011642.5472,0.0196016964779642
2361,21562.966592,2,59011662.5536,0.0301852193332924
2362,21562.986592,1,59011682.5344,0.0197113119019813
2363,21563.006624,2,59011702.656,0.0302384903804782
2364,21563.026624,1,59011722.5728,0.0196477964226443
2365,21563.046624,2,59011742.5664,0.0301770237875715
2366,21563.066624,1,59011762.5216,0.019653943081935
2367,21563.086624,2,59011782.5664,0.0299752084741943
2368,21563.106624,1,59011802.5216,0.0196570164115803
2369,21563.126624,2,59011822.6304,0.0298532997315959
2370,21563.146624,1,59011842.5856,0.0196672608437314
2371,21563.166624,2,59011862.6304,0.0299690618149036
2372,21563.186624,1,59011882.5856,0.0196559919683652
2373,21563.206624,2,59011902.6048,0.0299977462249268
2374,21563.226624,1,59011922.624,0.0197174585612719
2375,21563.246624,2,59011942.5792,0.0298461286290901
2376,21563.266624,1,59011962.5984,0.0196713586165919
2377,21563.286624,2,59011982.6304,0.0296125555760444
2378,21563.306624,1,59012002.6112,0.0197440940848649
2379,21563.326624,2,59012022.5664,0.0295244534595447
2380,21563.346624,1,59012042.5984,0.0197061896859057
2381,21563.366624,2,59012062.5792,0.0293912758415801
2382,21563.386624,1,59012082.6112,0.0197604851763067
2383,21563.406624,2,59012102.592,0.0295254779027599
2384,21563.426624,1,59012122.5856,0.0196672608437314
2385,21563.446624,2,59012142.656,0.0295080623681029
2386,21563.466624,1,59012162.624,0.0196785297190977
2387,21563.486624,2,59012182.6176,0.0295961644846026
2388,21563.506624,1,59012202.6752,0.0196221853422665
2389,21563.526624,2,59012222.592,0.0298194931054972
2390,21563.546624,1,59012242.5728,0.0197399963120044
2391,21563.566624,2,59012262.6304,0.0299004241194911
2392,21563.586624,1,59012282.7136,0.0196754563894523
2393,21563.606624,2,59012302.6304,0.0300028684410023
2394,21563.626624,1,59012322.6368,0.0197307763230684
2395,21563.646624,2,59012342.6816,0.0302712725633618
2396,21563.666624,1,59012362.7264,0.019644723092999
2397,21563.686624,2,59012382.656,0.0305632388796689
2398,21563.706624,1,59012402.5984,0.0197020919130453
2399,21563.726624,2,59012422.6688,0.0308316430020284
2400,21563.746624,1,59012442.624,0.0196652119573012
2401,21563.766624,2,59012462.6304,0.0309832605978651
2402,21563.786624,1,59012482.6752,0.0197236052205626
2403,21563.806624,2,59012502.6944,0.0309228184481734
2404,21563.826624,1,59012522.7392,0.0196785297190977
2405,21563.846624,2,59012542.6944,0.0311440981826377
2406,21563.866624,1,59012562.7008,0.0196252586719118
2407,21563.886624,2,59012582.72,0.0312270780830619
2408,21563.906624,1,59012602.6624,0.0196262831151269
2409,21563.926624,2,59012622.6688,0.0310795582600856
2410,21563.946624,1,59012642.6624,0.019726678550208
2411,21563.966624,2,59012662.656,0.03089208515172
2412,21563.986624,1,59012682.7008,0.0196928719241092
2413,21564.006624,2,59012702.6816,0.0306953920544184
2414,21564.026624,1,59012722.6368,0.0196897985944639
2415,21564.046624,2,59012742.6432,0.0304556723420821
2416,21564.066624,1,59012762.6496,0.0197205318909173
2417,21564.086624,2,59012782.6688,0.0302497592558444
2418,21564.106624,1,59012802.7264,0.0197379474255742
2419,21564.126624,2,59012822.6944,0.0301749749011412
2420,21564.146624,1,59012842.7392,0.0196406253201385
2421,21564.166624,2,59012862.7456,0.0301196549675252
2422,21564.186624,1,59012882.688,0.0195822320568771
2423,21564.206624,2,59012902.6816,0.0302302948347573
2424,21564.226624,1,59012922.7136,0.0197256541069929
2425,21564.246624,2,59012942.656,0.0302815169955129
2426,21564.266624,1,59012962.6752,0.0196949208105395
2427,21564.286624,2,59012982.7328,0.0305140656053435
2428,21564.306624,1,59013002.6752,0.0196672608437314
2429,21564.326624,2,59013022.7328,0.0306677320876104
2430,21564.346624,1,59013042.7136,0.0196436986497838
2431,21564.366624,2,59013062.7328,0.0308818407195689
2432,21564.386624,1,59013082.752,0.0197174585612719
2433,21564.406624,2,59013102.6944,0.0306728543036859
2434,21564.426624,1,59013122.7136,0.0196611141844408
2435,21564.446624,2,59013142.7456,0.0304976745139017
2436,21564.466624,1,59013162.7264,0.0196754563894523
2437,21564.486624,2,59013182.7584,0.0302395148236933
2438,21564.506624,1,59013202.7392,0.0196785297190977
2439,21564.526624,2,59013222.8352,0.0300981416600078
2440,21564.546624,1,59013242.8672,0.0196457475362141
2441,21564.566624,2,59013262.7328,0.0299198885405782
2442,21564.586624,1,59013282.7392,0.0196344786608478
2443,21564.606624,2,59013302.7456,0.0298379330833692
2444,21564.626624,1,59013322.7648,0.0197195074477022
2445,21564.646624,2,59013342.784,0.029881984141619
2446,21564.666624,1,59013362.7136,0.0196611141844408
2447,21564.686624,2,59013382.7456,0.0299588173827525
2448,21564.706624,1,59013402.7392,0.0197328252094986
2449,21564.726624,2,59013422.8736,0.0301135083082345
2450,21564.746624,1,59013442.7392,0.0196365275472781
2451,21564.766624,2,59013462.7584,0.0300694572499846
2452,21564.786624,1,59013482.816,0.0196805786055279
2453,21564.806624,2,59013502.72,0.0300868727846416
2454,21564.826624,1,59013522.7648,0.0196252586719118
2455,21564.846624,2,59013542.784,0.0299127174380724
2456,21564.866624,1,59013562.752,0.0195965742618887
2457,21564.886624,2,59013582.72,0.0297160243407708
2458,21564.906624,1,59013602.8288,0.0196734075030221
2459,21564.926624,2,59013622.7712,0.0295049890384576
2460,21564.946624,1,59013642.816,0.019663163070871
2461,21564.966624,2,59013662.72,0.0295613334152888
2462,21564.986624,1,59013682.8032,0.0196344786608478
2463,21565.006624,2,59013702.7968,0.0294148380355277
2464,21565.026624,1,59013722.7392,0.0197164341180568
2465,21565.046624,2,59013742.784,0.0292058516196447
2466,21565.066624,1,59013762.816,0.0196016964779642
2467,21565.086624,2,59013782.7712,0.0292765382014875
2468,21565.106624,1,59013802.816,0.0196621386276559
2469,21565.126624,2,59013822.8608,0.0292734648718422
2470,21565.146624,1,59013842.7904,0.0196375519904932
2471,21565.166624,2,59013862.7968,0.0292232671543016
2472,21565.186624,1,59013882.8928,0.0197020919130453
2473,21565.206624,2,59013902.7712,0.0291464339131682
2474,21565.226624,1,59013922.8288,0.019644723092999
2475,21565.246624,2,59013942.8096,0.029062429569529
2476,21565.266624,1,59013962.7776,0.0196529186387199
2477,21565.286624,2,59013982.7968,0.0291105784006393
2478,21565.306624,1,59014002.7776,0.0196744319462372
2479,21565.326624,2,59014022.8608,0.0292335115864528
2480,21565.346624,1,59014042.8288,0.019663163070871
2481,21565.366624,2,59014062.7712,0.0294578646505624
2482,21565.386624,1,59014082.8544,0.0196990185833999
2483,21565.406624,2,59014102.848,0.0295469912102772
2484,21565.426624,1,59014122.816,0.0196826274919581
2485,21565.446624,2,59014142.8352,0.0294701579691438
2486,21565.466624,1,59014162.9184,0.0197072141291208
2487,21565.486624,2,59014182.8608,0.0294916712766611
2488,21565.506624,1,59014202.8672,0.0196938963673244
2489,21565.526624,2,59014222.8352,0.0296832421578872
2490,21565.546624,1,59014242.8416,0.0196754563894523
2491,21565.566624,2,59014262.8608,0.0297262687729219
2492,21565.586624,1,59014282.8032,0.0196498453090745
2493,21565.606624,2,59014302.9248,0.0297600753990206
2494,21565.626624,1,59014322.8032,0.0196529186387199
2495,21565.646624,2,59014342.8224,0.0298809596984039
2496,21565.666624,1,59014362.8672,0.0196559919683652
2497,21565.686624,2,59014382.8864,0.029781588706538
2498,21565.706624,1,59014402.8672,0.0196836519351732
2499,21565.726624,2,59014422.8864,0.0297969553547647
2500,21565.746624,1,59014442.8928,0.0196518941955047
2501,21565.766624,2,59014462.8864,0.0300704816931997
2502,21565.786624,1,59014482.944,0.0196334542176327
2503,21565.806624,2,59014502.8864,0.0303644968959371
2504,21565.826624,1,59014522.88,0.0195965742618887
2505,21565.846624,2,59014542.8736,0.030545823345012
2506,21565.866624,1,59014562.8416,0.0196324297744176
2507,21565.886624,2,59014582.9376,0.0306257299157908
2508,21565.906624,1,59014602.9312,0.019663163070871
2509,21565.926624,2,59014622.9248,0.0304218657159834
2510,21565.946624,1,59014642.9184,0.019653943081935
2511,21565.966624,2,59014662.912,0.0301811215604319
2512,21565.986624,1,59014682.9184,0.0196652119573012
2513,21566.006624,2,59014702.8992,0.0299721351445489
2514,21566.026624,1,59014722.88,0.0196693097301617
2515,21566.046624,2,59014742.9376,0.0298809596984039
2516,21566.066624,1,59014762.9696,0.0197031163562604
2517,21566.086624,2,59014782.9376,0.0299475485073862
2518,21566.106624,1,59014802.88,0.0196938963673244
2519,21566.126624,2,59014822.9376,0.029990575122421
2520,21566.146624,1,59014842.8416,0.0196467719794292
2521,21566.166624,2,59014862.9504,0.0300653594771242
2522,21566.186624,1,59014882.944,0.019644723092999
2523,21566.206624,2,59014902.8864,0.0300438461696068
2524,21566.226624,1,59014922.9568,0.0196355031040629
2525,21566.246624,2,59014942.8992,0.0298399819697994
2526,21566.266624,1,59014962.8928,0.0196252586719118
2527,21566.286624,2,59014983.0144,0.0296699243960907
2528,21566.306624,1,59015002.9184,0.0196518941955047
2529,21566.326624,2,59015022.9248,0.0294435224455508
2530,21566.346624,1,59015042.9056,0.0196764808326674
2531,21566.366624,2,59015062.8992,0.0293390292376094
2532,21566.386624,1,59015083.1488,0.0196426742065687
2533,21566.406624,2,59015102.976,0.0292703915421968
2534,21566.426624,1,59015122.9696,0.0196621386276559
2535,21566.446624,2,59015142.9632,0.0292201938246563
2536,21566.466624,1,59015162.9312,0.0196641875140861
2537,21566.486624,2,59015183.1168,0.0291402872538775
2538,21566.506624,1,59015202.9568,0.0196672608437314
2539,21566.526624,2,59015222.9504,0.0290583317966685
2540,21566.546624,1,59015242.9312,0.0196928719241092
2541,21566.566624,2,59015262.9376,0.0290726740016801
2542,21566.586624,1,59015283.0464,0.0196436986497838
2543,21566.606624,2,59015303.0016,0.0290675517856045
2544,21566.626624,1,59015322.9696,0.0196324297744176
2545,21566.646624,2,59015342.976,0.029144385026738
2546,21566.666624,1,59015363.0208,0.0196682852869465
2547,21566.686624,2,59015382.9888,0.0291003339684881
2548,21566.706624,1,59015402.9184,0.0196529186387199
2549,21566.726624,2,59015422.9888,0.0290521851373778
2550,21566.746624,1,59015442.9568,0.0197133607884115
2551,21566.766624,2,59015462.9632,0.028862663142582
2552,21566.786624,1,59015483.0976,0.0196846763783883
2553,21566.806624,2,59015502.976,0.0288462720511402
2554,21566.826624,1,59015523.0208,0.019663163070871
2555,21566.846624,2,59015542.9888,0.0287130944331756
2556,21566.866624,1,59015562.9696,0.019681603048743
2557,21566.886624,2,59015582.9888,0.0287960743335997
2558,21566.906624,1,59015602.9952,0.0196918474808941
2559,21566.926624,2,59015622.9888,0.0286751900342164
2560,21566.946624,1,59015643.0336,0.0197031163562604
2561,21566.966624,2,59015663.0528,0.0287018255578093
2562,21566.986624,1,59015683.072,0.0197051652426906
2563,21567.006624,2,59015703.04,0.0286331878623968
2564,21567.026624,1,59015723.0592,0.019653943081935
2565,21567.046624,2,59015742.9888,0.0287305099678325
2566,21567.066624,1,59015763.0208,0.0197768762677485
2567,21567.086624,2,59015783.0016,0.0288104165386113
2568,21567.106624,1,59015803.0208,0.0197164341180568
2569,21567.126624,2,59015822.9888,0.0288114409818264
2570,21567.146624,1,59015842.9952,0.0197686807220276
2571,21567.166624,2,59015863.0784,0.0287858299014486
2572,21567.186624,1,59015883.0848,0.0197236052205626
2573,21567.206624,2,59015903.0144,0.0286383100784724
2574,21567.226624,1,59015923.0592,0.0196897985944639
2575,21567.246624,2,59015943.0272,0.028680312250292
2576,21567.266624,1,59015963.0336,0.0197123363451964
2577,21567.286624,2,59015983.1296,0.0286526522834839
2578,21567.306624,1,59016003.0848,0.0197492163009404
2579,21567.326624,2,59016023.0272,0.0285491835187576
2580,21567.346624,1,59016043.0592,0.0196703341733768
2581,21567.366624,2,59016063.0272,0.0285071813469379
2582,21567.386624,1,59016083.1872,0.0196365275472781
2583,21567.406624,2,59016103.0528,0.0286608478292048
2584,21567.426624,1,59016123.0976,0.0196928719241092
2585,21567.446624,2,59016143.0528,0.0285082057901531
2586,21567.466624,1,59016163.0592,0.0196426742065687
2587,21567.486624,2,59016183.0912,0.0283729792857582
2588,21567.506624,1,59016203.072,0.0196805786055279
2589,21567.526624,2,59016223.0784,0.0284539102997521
2590,21567.546624,1,59016243.008,0.0197328252094986
2591,21567.566624,2,59016263.0528,0.0284006392525662
2592,21567.586624,1,59016283.0336,0.0196549675251501
2593,21567.606624,2,59016303.0912,0.0284344458786649
2594,21567.626624,1,59016323.0848,0.0197246296637777
2595,21567.646624,2,59016343.0656,0.0284006392525662
2596,21567.666624,1,59016363.0848,0.0196559919683652
2597,21567.686624,2,59016383.0912,0.0285082057901531
2598,21567.706624,1,59016403.1232,0.0196436986497838
2599,21567.726624,2,59016423.1168,0.0284129325711476
2600,21567.746624,1,59016443.0848,0.0196846763783883
2601,21567.766624,2,59016463.0784,0.0285911856905772
2602,21567.786624,1,59016483.1872,0.0196252586719118
2603,21567.806624,2,59016503.0912,0.028753047718565
2604,21567.826624,1,59016523.1232,0.0197440940848649
2605,21567.846624,2,59016543.1296,0.0288974942118958
2606,21567.866624,1,59016563.0976,0.0197123363451964
2607,21567.886624,2,59016583.2576,0.0290071096359129
2608,21567.906624,1,59016603.1104,0.0196969696969697
2609,21567.926624,2,59016623.0784,0.0290101829655582
2610,21567.946624,1,59016643.136,0.0196600897412256
2611,21567.966624,2,59016663.168,0.029190484971418
2612,21567.986624,1,59016683.136,0.0196754563894523
2613,21568.006624,2,59016703.168,0.0294148380355277
2614,21568.026624,1,59016723.1232,0.0197236052205626
2615,21568.046624,2,59016743.1424,0.0295777245067306
2616,21568.066624,1,59016763.1872,0.0196232097854816
2617,21568.086624,2,59016783.1424,0.029671973282521
2618,21568.106624,1,59016803.1488,0.0196836519351732
2619,21568.126624,2,59016823.1296,0.0296094822463991
2620,21568.146624,1,59016843.1232,0.0196826274919581
2621,21568.166624,2,59016863.1808,0.0296555821910791
2622,21568.186624,1,59016883.1872,0.0196672608437314
2623,21568.206624,2,59016903.1552,0.0293800069662139
2624,21568.226624,1,59016923.1616,0.0196037453643945
2625,21568.246624,2,59016943.1296,0.0291822894256971
2626,21568.266624,1,59016963.1232,0.0196232097854816
2627,21568.286624,2,59016983.2704,0.0290009629766222
2628,21568.306624,1,59017003.1488,0.0196334542176327
2629,21568.326624,2,59017023.1808,0.0287069477738849
2630,21568.346624,1,59017043.1616,0.0196406253201385
2631,21568.366624,2,59017063.168,0.0286475300674084
2632,21568.386624,1,59017083.1616,0.0196057942508247
2633,21568.406624,2,59017103.168,0.0286126989980945
2634,21568.426624,1,59017123.1488,0.0196836519351732
2635,21568.446624,2,59017143.2064,0.0284385436515254
2636,21568.466624,1,59017163.1744,0.0196897985944639
2637,21568.486624,2,59017183.1808,0.0283668326264675
2638,21568.506624,1,59017203.1872,0.019653943081935
2639,21568.526624,2,59017223.2064,0.0283248304546479
2640,21568.546624,1,59017243.1616,0.0195986231483189
2641,21568.566624,2,59017263.2192,0.0282049705984797
2642,21568.586624,1,59017283.2,0.0196959452537546
2643,21568.606624,2,59017303.232,0.0281506751080788
2644,21568.626624,1,59017323.1872,0.0196744319462372
2645,21568.646624,2,59017343.168,0.0282848771692585
2646,21568.666624,1,59017363.2,0.0196488208658594
2647,21568.686624,2,59017383.2832,0.0283309771139386
2648,21568.706624,1,59017403.2,0.0197154096748417
2649,21568.726624,2,59017423.1936,0.0284231770032987
2650,21568.746624,1,59017443.2128,0.0196744319462372
2651,21568.766624,2,59017463.1936,0.0284098592415022
2652,21568.786624,1,59017483.264,0.0197205318909173
2653,21568.806624,2,59017503.2192,0.0283934681500604
2654,21568.826624,1,59017523.2384,0.0196754563894523
2655,21568.846624,2,59017543.2192,0.0284334214354498
2656,21568.866624,1,59017563.264,0.0196764808326674
2657,21568.886624,2,59017583.2448,0.0283934681500604
2658,21568.906624,1,59017603.264,0.0196672608437314
2659,21568.926624,2,59017623.232,0.0284590325158277
2660,21568.946624,1,59017643.3024,0.0196785297190977
2661,21568.966624,2,59017663.2192,0.0287489499457045
2662,21568.986624,1,59017683.3152,0.0196580408547954
2663,21569.006624,2,59017703.3216,0.0290142807384187
2664,21569.026624,1,59017723.2512,0.0197082385723359
2665,21569.046624,2,59017743.296,0.0293605425451267
2666,21569.066624,1,59017763.264,0.0196846763783883
2667,21569.086624,2,59017783.2576,0.0293021492818653
2668,21569.106624,1,59017803.264,0.0196764808326674
2669,21569.126624,2,59017823.3344,0.0295787489499457
2670,21569.146624,1,59017843.2384,0.019663163070871
2671,21569.166624,2,59017863.2832,0.029708853238265
2672,21569.186624,1,59017883.2768,0.0197287274366382
2673,21569.206624,2,59017903.36,0.0298061753437007
2674,21569.226624,1,59017923.2768,0.0196232097854816
2675,21569.246624,2,59017943.2448,0.0297047554654046
2676,21569.266624,1,59017963.2896,0.0197113119019813
2677,21569.286624,2,59017983.2576,0.0295941155981724
2678,21569.306624,1,59018003.264,0.0196488208658594
2679,21569.326624,2,59018023.296,0.0295019157088123
2680,21569.346624,1,59018043.3536,0.0196518941955047
2681,21569.366624,2,59018063.2576,0.0294322535701846
2682,21569.386624,1,59018083.2512,0.0196549675251501
2683,21569.406624,2,59018103.3344,0.0293113692708013
2684,21569.426624,1,59018123.2896,0.0197010674698301
2685,21569.446624,2,59018143.3344,0.0293380047943942
2686,21569.466624,1,59018163.2768,0.0195975987051038
2687,21569.486624,2,59018183.2576,0.0294322535701846
2688,21569.506624,1,59018203.2768,0.0196580408547954
2689,21569.526624,2,59018223.3088,0.0293728358637081
2690,21569.546624,1,59018243.3408,0.0196344786608478
2691,21569.566624,2,59018263.3344,0.0292939537361444
2692,21569.586624,1,59018283.3408,0.0197328252094986
2693,21569.606624,2,59018303.3088,0.0291802405392669
2694,21569.626624,1,59018323.2896,0.0197328252094986
2695,21569.646624,2,59018343.3216,0.0291761427664065
2696,21569.666624,1,59018363.3664,0.0197113119019813
2697,21569.686624,2,59018383.3728,0.0293400536808245
2698,21569.706624,1,59018403.3152,0.0196211608990514
2699,21569.726624,2,59018423.3216,0.0294670846394984
2700,21569.746624,1,59018443.264,0.0196734075030221
2701,21569.766624,2,59018463.296,0.0294004958305161
2702,21569.786624,1,59018483.4432,0.0195924764890282
2703,21569.806624,2,59018503.3088,0.0292242915975168
2704,21569.826624,1,59018523.3664,0.0196641875140861
2705,21569.846624,2,59018543.4496,0.0290552584670232
2706,21569.866624,1,59018563.4176,0.019599647591534
2707,21569.886624,2,59018583.36,0.0289651074640933
2708,21569.906624,1,59018603.3664,0.0196867252648186
2709,21569.926624,2,59018623.3344,0.0290132562952036
2710,21569.946624,1,59018643.3664,0.0196201364558363
2711,21569.966624,2,59018663.36,0.028881103120454
2712,21569.986624,1,59018683.4304,0.0196477964226443
2713,21570.006624,2,59018703.424,0.0288852008933145
2714,21570.026624,1,59018723.3536,0.0196375519904932
2715,21570.046624,2,59018743.36,0.028835003175774
2716,21570.066624,1,59018763.3792,0.0196559919683652
2717,21570.086624,2,59018783.5264,0.0288462720511402
2718,21570.106624,1,59018803.3664,0.0196713586165919
2719,21570.126624,2,59018823.3728,0.028853443153646
2720,21570.146624,1,59018843.3664,0.019644723092999
2721,21570.166624,2,59018863.36,0.0288852008933145
2722,21570.186624,1,59018883.4688,0.0196662364005163
2723,21570.206624,2,59018903.36,0.0288913475526052
2724,21570.226624,1,59018923.3792,0.0196600897412256
2725,21570.246624,2,59018943.3728,0.028862663142582
2726,21570.266624,1,59018963.3664,0.0196078431372549
2727,21570.286624,2,59018983.3728,0.0289394963837155
2728,21570.306624,1,59019003.3792,0.0196457475362141
2729,21570.326624,2,59019023.3728,0.028935398610855
2730,21570.346624,1,59019043.392,0.0196457475362141
2731,21570.366624,2,59019063.3728,0.0293144426004467
2732,21570.386624,1,59019083.392,0.0197010674698301
2733,21570.406624,2,59019103.4368,0.0295756756203004
2734,21570.426624,1,59019123.392,0.0196344786608478
2735,21570.446624,2,59019143.424,0.0295254779027599
2736,21570.466624,1,59019163.3664,0.0195955498186736
2737,21570.486624,2,59019183.488,0.0294640113098531
2738,21570.506624,1,59019203.456,0.0195801831704469
2739,21570.526624,2,59019223.4496,0.0292744893150573
2740,21570.546624,1,59019243.4304,0.0197133607884115
2741,21570.566624,2,59019263.4112,0.0292017538467843
2742,21570.586624,1,59019283.392,0.0196857008216035
2743,21570.606624,2,59019303.424,0.0291136517302846
2744,21570.626624,1,59019323.4432,0.01960886758047
2745,21570.646624,2,59019343.3984,0.0292345360296679
2746,21570.666624,1,59019363.456,0.0196344786608478
2747,21570.686624,2,59019383.488,0.0293134181572315
2748,21570.706624,1,59019403.4304,0.0197051652426906
2749,21570.726624,2,59019423.4368,0.0291689716639007
2750,21570.746624,1,59019443.4432,0.0197010674698301
2751,21570.766624,2,59019463.5008,0.0290398918187965
2752,21570.786624,1,59019483.52,0.0196242342286967
2753,21570.806624,2,59019503.4368,0.0289241297354888
2754,21570.826624,1,59019523.4688,0.0196652119573012
2755,21570.846624,2,59019543.5776,0.0289138853033376
2756,21570.866624,1,59019563.4432,0.0196078431372549
2757,21570.886624,2,59019583.552,0.0290726740016801
2758,21570.906624,1,59019603.4688,0.0196078431372549
2759,21570.926624,2,59019623.4624,0.0291300428217264
2760,21570.946624,1,59019643.5328,0.0196201364558363
2761,21570.966624,2,59019663.4496,0.0289866207716106
2762,21570.986624,1,59019683.5072,0.0196662364005163
2763,21571.006624,2,59019703.5008,0.0288554920400762
2764,21571.026624,1,59019723.4688,0.0196252586719118
2765,21571.046624,2,59019743.5264,0.0288001721064601
2766,21571.066624,1,59019763.5072,0.0196385764337083
2767,21571.086624,2,59019783.5648,0.0289487163726515
2768,21571.106624,1,59019803.5072,0.0195883787161678
2769,21571.126624,2,59019823.7696,0.0291361894810171
2770,21571.146624,1,59019843.4944,0.0196006720347491
2771,21571.166624,2,59019863.5264,0.029381031409429
2772,21571.186624,1,59019883.5968,0.0196016964779642
2773,21571.206624,2,59019903.4752,0.0294824512877251
2774,21571.226624,1,59019923.4944,0.0195433032147028
2775,21571.246624,2,59019943.488,0.0293011248386502
2776,21571.266624,1,59019963.4944,0.0196477964226443
2777,21571.286624,2,59019983.5776,0.0294250824676788
2778,21571.306624,1,59020003.4944,0.0196734075030221
2779,21571.326624,2,59020023.5136,0.0294619624234229
2780,21571.346624,1,59020043.4816,0.0196611141844408
2781,21571.366624,2,59020063.5136,0.0296330444403467
2782,21571.386624,1,59020083.7632,0.019599647591534
2783,21571.406624,2,59020103.5136,0.0296166533489049
2784,21571.426624,1,59020123.5072,0.0196160386829758
2785,21571.446624,2,59020143.7056,0.029490646833446
2786,21571.466624,1,59020163.52,0.0195894031593829
2787,21571.486624,2,59020183.7312,0.0295480156534923
2788,21571.506624,1,59020203.5328,0.019599647591534
2789,21571.526624,2,59020223.5136,0.029626897781056
2790,21571.546624,1,59020243.5072,0.0195648165222202
2791,21571.566624,2,59020263.5392,0.0297877353658287
2792,21571.586624,1,59020283.5328,0.0195975987051038
2793,21571.606624,2,59020303.5392,0.030081750568566
2794,21571.626624,1,59020323.5456,0.0196365275472781
2795,21571.646624,2,59020343.552,0.0304669412174483
2796,21571.666624,1,59020363.6224,0.0196334542176327
2797,21571.686624,2,59020383.6032,0.0302497592558444
2798,21571.706624,1,59020403.5456,0.0195617431925748
2799,21571.726624,2,59020423.5904,0.0299239863134386
2800,21571.746624,1,59020443.584,0.01960886758047
2801,21571.766624,2,59020463.5008,0.0296473866453582
2802,21571.786624,1,59020483.6224,0.0196314053312025
2803,21571.806624,2,59020503.5776,0.029408691376237
2804,21571.826624,1,59020523.5456,0.0196396008769234
2805,21571.846624,2,59020543.6032,0.0292304382568074
2806,21571.866624,1,59020563.5456,0.0196129653533305
2807,21571.886624,2,59020583.616,0.0292089249492901
2808,21571.906624,1,59020603.584,0.0196324297744176
2809,21571.926624,2,59020623.5648,0.0291956071874936
2810,21571.946624,1,59020643.6096,0.0196170631261909
2811,21571.966624,2,59020663.7184,0.0290890650931219
2812,21571.986624,1,59020683.584,0.0196590652980105
2813,21572.006624,2,59020703.6416,0.0291197983895753
2814,21572.026624,1,59020723.5968,0.0196303808879874
2815,21572.046624,2,59020743.5776,0.0292058516196447
2816,21572.066624,1,59020763.5968,0.0196508697522896
2817,21572.086624,2,59020783.6032,0.02929907595222
2818,21572.106624,1,59020803.584,0.0195935009322433
2819,21572.126624,2,59020823.68,0.0292765382014875
2820,21572.146624,1,59020843.6096,0.0196559919683652
2821,21572.166624,2,59020863.6288,0.0292273649271621
2822,21572.186624,1,59020883.6864,0.0196057942508247
2823,21572.206624,2,59020903.6288,0.0293093203843711
2824,21572.226624,1,59020923.6736,0.019644723092999
2825,21572.246624,2,59020943.616,0.0292253160407319
2826,21572.266624,1,59020963.712,0.019672383059807
2827,21572.286624,2,59020983.6416,0.0293185403733071
2828,21572.306624,1,59021003.6352,0.0196160386829758
2829,21572.326624,2,59021023.6672,0.029509086811318
2830,21572.346624,1,59021043.6352,0.0196426742065687
2831,21572.366624,2,59021063.6288,0.02980002868441
2832,21572.386624,1,59021083.584,0.0195627676357899
2833,21572.406624,2,59021103.6544,0.0299536951666769
2834,21572.426624,1,59021123.6736,0.0195965742618887
2835,21572.446624,2,59021143.6416,0.0298532997315959
2836,21572.466624,1,59021163.648,0.0196037453643945
2837,21572.486624,2,59021183.6416,0.0297457331940091
2838,21572.506624,1,59021203.7376,0.0196262831151269
2839,21572.526624,2,59021223.6288,0.0296791443850267
2840,21572.546624,1,59021243.6352,0.0196303808879874
2841,21572.566624,2,59021263.68,0.0298953019034155
2842,21572.586624,1,59021283.8016,0.0196170631261909
2843,21572.606624,2,59021303.6544,0.0297375376482882
2844,21572.626624,1,59021323.6608,0.0195863298297375
2845,21572.646624,2,59021343.6416,0.0295531378695679
2846,21572.666624,1,59021363.6864,0.0196057942508247
2847,21572.686624,2,59021383.808,0.0294435224455508
2848,21572.706624,1,59021403.6352,0.0196559919683652
2849,21572.726624,2,59021423.7952,0.0292560493371852
2850,21572.746624,1,59021443.6736,0.0196047698076096
2851,21572.766624,2,59021463.68,0.029235560472883
2852,21572.786624,1,59021483.8144,0.0195935009322433
2853,21572.806624,2,59021503.68,0.0291894605282029
2854,21572.826624,1,59021523.7248,0.0196713586165919
2855,21572.846624,2,59021543.8336,0.0290255496137849
2856,21572.866624,1,59021563.6992,0.0195924764890282
2857,21572.886624,2,59021583.7696,0.0288073432089659
2858,21572.906624,1,59021603.6992,0.0196703341733768
2859,21572.926624,2,59021623.8208,0.0288657364722273
2860,21572.946624,1,59021644.0704,0.0196518941955047
2861,21572.966624,2,59021663.7312,0.0287561210482103
2862,21572.986624,1,59021683.6608,0.0196959452537546
2863,21573.006624,2,59021703.744,0.028916958632983
2864,21573.026624,1,59021723.6992,0.0196416497633536
2865,21573.046624,2,59021743.6928,0.0287653410371463
2866,21573.066624,1,59021763.712,0.0195955498186736
2867,21573.086624,2,59021783.7824,0.0288360276189891
2868,21573.106624,1,59021803.7248,0.0196406253201385
2869,21573.126624,2,59021823.7696,0.028871883131518
2870,21573.146624,1,59021843.7376,0.0196549675251501
2871,21573.166624,2,59021863.7824,0.0288462720511402
2872,21573.186624,1,59021883.7248,0.0195842809433073
2873,21573.206624,2,59021903.744,0.0287499743889196
2874,21573.226624,1,59021923.7888,0.0196672608437314
2875,21573.246624,2,59021943.7696,0.0286045034523736
2876,21573.266624,1,59021963.7248,0.0196734075030221
2877,21573.286624,2,59021983.7568,0.0285911856905772
2878,21573.306624,1,59022003.7376,0.0196969696969697
2879,21573.326624,2,59022023.744,0.0286413834081177
2880,21573.346624,1,59022043.7504,0.0196867252648186
2881,21573.366624,2,59022063.7312,0.0288186120843322
2882,21573.386624,1,59022083.7632,0.0196324297744176
2883,21573.406624,2,59022103.7824,0.0291187739463602
2884,21573.426624,1,59022123.7376,0.0196344786608478
2885,21573.446624,2,59022143.7952,0.0294189358083881
2886,21573.466624,1,59022163.7504,0.0196293564447723
2887,21573.486624,2,59022183.808,0.0295736267338701
2888,21573.506624,1,59022203.8016,0.0196928719241092
2889,21573.526624,2,59022223.808,0.0295910422685271
2890,21573.546624,1,59022243.8528,0.0197051652426906
2891,21573.566624,2,59022263.8336,0.0296596799639396
2892,21573.586624,1,59022283.84,0.0196836519351732
2893,21573.606624,2,59022303.7824,0.0295848956092364
2894,21573.626624,1,59022323.8528,0.0196365275472781
2895,21573.646624,2,59022343.7696,0.0296760710553814
2896,21573.666624,1,59022363.776,0.0196252586719118
2897,21573.686624,2,59022383.8208,0.0296504599750036
2898,21573.706624,1,59022404.0448,0.0196477964226443
2899,21573.726624,2,59022423.808,0.0296555821910791
2900,21573.746624,1,59022443.8144,0.0196375519904932
2901,21573.766624,2,59022463.7824,0.0296965599196836
2902,21573.786624,1,59022483.8784,0.019672383059807
2903,21573.806624,2,59022503.808,0.0296432888724978
2904,21573.826624,1,59022523.8016,0.0196467719794292
2905,21573.846624,2,59022543.872,0.0297098776814801
2906,21573.866624,1,59022563.7888,0.0196324297744176
2907,21573.886624,2,59022583.808,0.029645337758928
2908,21573.906624,1,59022603.9936,0.0195883787161678
2909,21573.926624,2,59022623.808,0.0296371422132071
2910,21573.946624,1,59022643.84,0.0195320343393366
2911,21573.966624,2,59022663.8208,0.0295807978363759
2912,21573.986624,1,59022683.8912,0.0196436986497838
2913,21574.006624,2,59022703.872,0.0293851291822894
2914,21574.026624,1,59022723.8272,0.019618087569406
2915,21574.046624,2,59022743.8592,0.0293666892044174
2916,21574.066624,1,59022763.8528,0.019644723092999
2917,21574.086624,2,59022783.8848,0.0294035691601615
2918,21574.106624,1,59022803.8784,0.0196549675251501
2919,21574.126624,2,59022823.872,0.0293134181572315
2920,21574.146624,1,59022843.8272,0.0196734075030221
2921,21574.166624,2,59022863.8464,0.0290767717745405
2922,21574.186624,1,59022883.9424,0.0196262831151269
2923,21574.206624,2,59022903.8336,0.0291187739463602
2924,21574.226624,1,59022923.8784,0.0197563874034462
2925,21574.246624,2,59022944.0384,0.0289661319073084
2926,21574.266624,1,59022963.8528,0.0197277029934231
2927,21574.286624,2,59022983.9232,0.029035794045936
2928,21574.306624,1,59023003.8784,0.0196734075030221
2929,21574.326624,2,59023023.872,0.0289405208269306
2930,21574.346624,1,59023043.9168,0.0196785297190977
2931,21574.366624,2,59023063.8592,0.0290071096359129
2932,21574.386624,1,59023083.9936,0.0196027209211793
2933,21574.406624,2,59023103.8976,0.0290183785112791
2934,21574.426624,1,59023123.8912,0.0196068186940398
2935,21574.446624,2,59023143.8976,0.0290777962177556
2936,21574.466624,1,59023163.8784,0.0196355031040629
2937,21574.486624,2,59023184.1408,0.0290962361956277
2938,21574.506624,1,59023203.9168,0.019726678550208
2939,21574.526624,2,59023224.2048,0.0289937918741164
2940,21574.546624,1,59023243.8912,0.0196416497633536
2941,21574.566624,2,59023263.9488,0.0288749564611634
2942,21574.586624,1,59023283.8528,0.019672383059807
2943,21574.606624,2,59023303.9232,0.0288503698240007
2944,21574.626624,1,59023323.9296,0.0196662364005163
2945,21574.646624,2,59023343.9104,0.0287745610260823
2946,21574.666624,1,59023363.904,0.0196918474808941
2947,21574.686624,2,59023384.0768,0.0286680189317106
2948,21574.706624,1,59023404.032,0.0196385764337083
2949,21574.726624,2,59023423.872,0.0287294855246174
2950,21574.746624,1,59023443.9424,0.0196877497080337
2951,21574.766624,2,59023464.1152,0.0287335832974778
2952,21574.786624,1,59023483.968,0.0196467719794292
2953,21574.806624,2,59023503.936,0.0288134898682566
2954,21574.826624,1,59023523.9424,0.0196293564447723
2955,21574.846624,2,59023543.936,0.0287653410371463
2956,21574.866624,1,59023563.9168,0.0197102874587662
2957,21574.886624,2,59023584,0.028762267707501
2958,21574.906624,1,59023603.9296,0.0196139897965456
2959,21574.926624,2,59023623.9232,0.0287550966049952
2960,21574.946624,1,59023644.224,0.0195935009322433
2961,21574.966624,2,59023664.0128,0.0286280656463212
2962,21574.986624,1,59023683.9424,0.0197072141291208
2963,21575.006624,2,59023703.9616,0.0285420124162518
2964,21575.026624,1,59023723.9424,0.019672383059807
2965,21575.046624,2,59023743.936,0.0285747945991354
2966,21575.066624,1,59023764.0192,0.0196119409101154
2967,21575.086624,2,59023784.512,0.028498985801217
2968,21575.106624,1,59023803.9424,0.0196672608437314
2969,21575.126624,2,59023823.9872,0.0285686479398447
2970,21575.146624,1,59023843.9552,0.0196938963673244
2971,21575.166624,2,59023864,0.0285051324605077
2972,21575.186624,1,59023884.0576,0.0197461429712951
2973,21575.206624,2,59023903.9616,0.0283760526154035
2974,21575.226624,1,59023924.0704,0.0196057942508247
2975,21575.246624,2,59023943.9872,0.0283791259450489
2976,21575.266624,1,59023963.9936,0.0196498453090745
2977,21575.286624,2,59023983.9872,0.0285184502223042
2978,21575.306624,1,59024003.9808,0.0196477964226443
2979,21575.326624,2,59024023.9872,0.0287561210482103
2980,21575.346624,1,59024044.032,0.0196221853422665
2981,21575.366624,2,59024063.936,0.0289497408158666
2982,21575.386624,1,59024084.1472,0.0196365275472781
2983,21575.406624,2,59024104,0.0290480873645174
2984,21575.426624,1,59024123.9808,0.0195975987051038
2985,21575.446624,2,59024144,0.0292232671543016
2986,21575.466624,1,59024164.224,0.019726678550208
2987,21575.486624,2,59024184.2048,0.0291474583563833
2988,21575.506624,1,59024204.0576,0.0196488208658594
2989,21575.526624,2,59024224.0256,0.029144385026738
2990,21575.546624,1,59024244.0192,0.0196426742065687
2991,21575.566624,2,59024264.0384,0.0290019874198373
2992,21575.586624,1,59024284.0448,0.0196057942508247
2993,21575.606624,2,59024304.0256,0.0289835474419653
2994,21575.626624,1,59024324.0192,0.0196406253201385
2995,21575.646624,2,59024344,0.0289005675415412
2996,21575.666624,1,59024364.3008,0.0196518941955047
2997,21575.686624,2,59024384.064,0.0289599852480177
2998,21575.706624,1,59024404.0192,0.0196416497633536
2999,21575.726624,2,59024424.0256,0.0289497408158666
3000,21575.746624,1,59024444.032,0.019644723092999
3001,21575.766624,2,59024464.1536,0.0288329542893437
3002,21575.786624,1,59024484.0192,0.0196109164669002
3003,21575.806624,2,59024504.0256,0.0288114409818264
3004,21575.826624,1,59024524.0448,0.0196641875140861
3005,21575.846624,2,59024544.3584,0.0286659700452804
3006,21575.866624,1,59024564.0448,0.0196529186387199
3007,21575.886624,2,59024584.2944,0.0287520232753498
3008,21575.906624,1,59024604.0832,0.0196611141844408
3009,21575.926624,2,59024624.0384,0.028671092261356
3010,21575.946624,1,59024644.3776,0.0196713586165919
3011,21575.966624,2,59024664.4992,0.0286086012252341
3012,21575.986624,1,59024684.0832,0.0196805786055279
3013,21576.006624,2,59024704.0512,0.028553281291618
3014,21576.026624,1,59024724.0576,0.0196529186387199
3015,21576.046624,2,59024744.0512,0.0284662036183334
3016,21576.066624,1,59024764.1088,0.0196457475362141
3017,21576.086624,2,59024784.0896,0.028771487696437
3018,21576.106624,1,59024804.0832,0.0196006720347491
3019,21576.126624,2,59024824.0896,0.0292160960517958
3020,21576.146624,1,59024844.3904,0.0197133607884115
3021,21576.166624,2,59024864.0896,0.0294394246726904
3022,21576.186624,1,59024884.1472,0.0196775052758826
3023,21576.206624,2,59024904.0768,0.0292458049050341
3024,21576.226624,1,59024924.096,0.0196693097301617
3025,21576.246624,2,59024944.0896,0.0291197983895753
3026,21576.266624,1,59024964.3904,0.019681603048743
3027,21576.286624,2,59024984.1152,0.0288411498350646
3028,21576.306624,1,59025004.096,0.0196590652980105
3029,21576.326624,2,59025024.0768,0.0288268076300531
3030,21576.346624,1,59025044.3648,0.0196529186387199
3031,21576.366624,2,59025064.1024,0.0288606142561518
3032,21576.386624,1,59025084.2112,0.0197481918577253
3033,21576.406624,2,59025104.1152,0.0286413834081177
3034,21576.426624,1,59025124.416,0.0196057942508247
3035,21576.446624,2,59025144.4736,0.0287100211035302
3036,21576.466624,1,59025164.1088,0.0196836519351732
3037,21576.486624,2,59025184.2688,0.0287817321285881
3038,21576.506624,1,59025204.2752,0.0196969696969697
3039,21576.526624,2,59025224.128,0.0289364230540701
3040,21576.546624,1,59025244.1728,0.0196436986497838
3041,21576.566624,2,59025264.128,0.0291413116970926
3042,21576.586624,1,59025284.1472,0.019644723092999
3043,21576.606624,2,59025304.1536,0.0292519515643248
3044,21576.626624,1,59025324.1216,0.0196590652980105
3045,21576.646624,2,59025344.128,0.0294035691601615
3046,21576.666624,1,59025364.1984,0.0196672608437314
3047,21576.686624,2,59025384.512,0.0294599135369926
3048,21576.706624,1,59025404.1344,0.019627307558342
3049,21576.726624,2,59025424.2432,0.0294056180465917
3050,21576.746624,1,59025444.1344,0.0196826274919581
3051,21576.766624,2,59025464.1408,0.0292662937693364
3052,21576.786624,1,59025484.6848,0.0196518941955047
3053,21576.806624,2,59025504.1792,0.0292519515643248
3054,21576.826624,1,59025524.224,0.019672383059807
3055,21576.846624,2,59025544.2304,0.0292867826336386
3056,21576.866624,1,59025564.1472,0.019627307558342
3057,21576.886624,2,59025584.4608,0.0293205892597373
3058,21576.906624,1,59025604.1728,0.0196283320015572
3059,21576.926624,2,59025624.1536,0.0292130227221505
3060,21576.946624,1,59025644.224,0.0196211608990514
3061,21576.966624,2,59025664.2048,0.0291054561845637
3062,21576.986624,1,59025684.1856,0.0196314053312025
3063,21577.006656,2,59025704.1792,0.0291279939352962
3064,21577.026656,1,59025724.1728,0.0196887741512488
3065,21577.046656,2,59025744.2048,0.0290296473866454
3066,21577.066656,1,59025764.2368,0.0197113119019813
3067,21577.086656,2,59025784.256,0.0289702296801688
3068,21577.106656,1,59025804.1856,0.0196959452537546
3069,21577.126656,2,59025824.2432,0.0289435941565759
3070,21577.146656,1,59025844.1856,0.0197123363451964
3071,21577.166656,2,59025864.256,0.0287632921507161
3072,21577.186656,1,59025884.4416,0.0196928719241092
3073,21577.206656,2,59025904.448,0.0286844100231524
3074,21577.226656,1,59025924.2496,0.019618087569406
3075,21577.246656,2,59025944.2432,0.0285061569037228
3076,21577.266656,1,59025964.1984,0.0196611141844408
3077,21577.286656,2,59025984.6528,0.0283740037289733
3078,21577.306656,1,59026004.1984,0.0197594607330916
3079,21577.326656,2,59026024.2176,0.0283227815682177
3080,21577.346656,1,59026044.2496,0.0196641875140861
3081,21577.366656,2,59026064.2304,0.0283483926485955
3082,21577.386656,1,59026084.3648,0.0196488208658594
3083,21577.406656,2,59026104.6656,0.0284282992193743
3084,21577.426656,1,59026124.6848,0.0196887741512488
3085,21577.446656,2,59026144.2688,0.0284733747208392
3086,21577.466656,1,59026164.7104,0.0196662364005163
3087,21577.486656,2,59026184.2176,0.028380150388264
3088,21577.506656,1,59026204.2624,0.0196580408547954
3089,21577.526656,2,59026224.2688,0.0285409879730367
3090,21577.546656,1,59026244.2368,0.019627307558342
3091,21577.566656,2,59026264.6144,0.0288657364722273
3092,21577.586656,1,59026284.5824,0.0196426742065687
3093,21577.606656,2,59026304.576,0.0292365849160981
3094,21577.626656,1,59026324.8768,0.0196375519904932
3095,21577.646656,2,59026344.4992,0.0295121601409634
3096,21577.666656,1,59026364.2624,0.0196324297744176
3097,21577.686656,2,59026384.2816,0.0297713442743869
3098,21577.706656,1,59026404.8256,0.0196897985944639
3099,21577.726656,2,59026424.4736,0.029763148728666
3100,21577.746656,1,59026444.7744,0.0196836519351732
3101,21577.766656,2,59026464.2688,0.0296852910443174
3102,21577.786656,1,59026484.3008,0.0196846763783883
3103,21577.806656,2,59026504.3328,0.0296688999528756
3104,21577.826656,1,59026524.2752,0.0196191120126211
3105,21577.846656,2,59026544.6528,0.0296504599750036
3106,21577.866656,1,59026564.6592,0.0196283320015572
3107,21577.886656,2,59026584.3328,0.0297692953879566
3108,21577.906656,1,59026604.3008,0.0196754563894523
3109,21577.926656,2,59026624.4864,0.029626897781056
3110,21577.946656,1,59026644.3008,0.0196734075030221
3111,21577.966656,2,59026664.2944,0.0292642448829061
3112,21577.986656,1,59026684.8896,0.0196221853422665
3113,21578.006656,2,59026704.32,0.0291986805171389
3114,21578.026656,1,59026724.3392,0.0196785297190977
3115,21578.046656,2,59026744.32,0.0290696006720347
3116,21578.066656,1,59026764.3392,0.0195975987051038
3117,21578.086656,2,59026784.3456,0.0292335115864528
3118,21578.106656,1,59026804.3264,0.0197236052205626
3119,21578.126656,2,59026824.576,0.0292406826889586
3120,21578.146656,1,59026844.3008,0.019653943081935
3121,21578.166656,2,59026864.3712,0.029244780461819
3122,21578.186656,1,59026884.3776,0.0196652119573012
3123,21578.206656,2,59026904.3072,0.029509086811318
3124,21578.226656,1,59026924.352,0.019681603048743
3125,21578.246656,2,59026944.32,0.0295787489499457
3126,21578.266656,1,59026964.3392,0.0196764808326674
3127,21578.286656,2,59026984.3712,0.0293226381461676
3128,21578.306656,1,59027004.3776,0.0197020919130453
3129,21578.326656,2,59027024.5888,0.0292683426557666
3130,21578.346656,1,59027044.352,0.019681603048743
3131,21578.366656,2,59027064.3584,0.0292837093039933
3132,21578.386656,1,59027084.3648,0.0196365275472781
3133,21578.406656,2,59027104.8064,0.029235560472883
3134,21578.426656,1,59027124.4032,0.0197010674698301
3135,21578.446656,2,59027144.7168,0.0291116028438544
3136,21578.466656,1,59027164.352,0.0196529186387199
3137,21578.486656,2,59027184.4096,0.0289917429876862
3138,21578.506656,1,59027205.1584,0.0196375519904932
3139,21578.526656,2,59027224.5376,0.0290316962730756
3140,21578.546656,1,59027244.3648,0.0196713586165919
3141,21578.566656,2,59027264.384,0.0290470629213023
3142,21578.586656,1,59027284.4032,0.0196775052758826
3143,21578.606656,2,59027304.3712,0.0290060851926978
3144,21578.626656,1,59027324.3776,0.0196641875140861
3145,21578.646656,2,59027344.704,0.0288493453807855
3146,21578.666656,1,59027364.3904,0.0196262831151269
3147,21578.686656,2,59027384.4864,0.0290388673755814
3148,21578.706656,1,59027404.3648,0.0196416497633536
3149,21578.726656,2,59027424.4224,0.0291925338578483
3150,21578.746656,1,59027444.3776,0.0196170631261909
3151,21578.766656,2,59027464.3712,0.0292437560186039
3152,21578.786656,1,59027484.5184,0.0196242342286967
3153,21578.806656,2,59027504.8192,0.0291413116970926
3154,21578.826656,1,59027524.4032,0.0196652119573012
3155,21578.846656,2,59027544.512,0.0289589608048026
3156,21578.866656,1,59027564.3904,0.0196139897965456
3157,21578.886656,2,59027584.5248,0.0287192410924662
3158,21578.906656,1,59027604.4416,0.0196109164669002
3159,21578.926656,2,59027624.3968,0.0285932345770074
3160,21578.946656,1,59027644.48,0.0196324297744176
3161,21578.966656,2,59027664.448,0.028825783186838
3162,21578.986656,1,59027684.4032,0.0196662364005163
3163,21579.006656,2,59027704.4864,0.0288636875857971
3164,21579.026656,1,59027724.4544,0.0196262831151269
3165,21579.046656,2,59027744.448,0.0287489499457045
3166,21579.066656,1,59027764.4544,0.0196662364005163
3167,21579.086656,2,59027784.4736,0.0287417788431987
3168,21579.106656,1,59027804.48,0.0196406253201385
3169,21579.126656,2,59027824.4608,0.0286454811809781
3170,21579.146656,1,59027844.416,0.0196775052758826
3171,21579.166656,2,59027864.4608,0.0284866924826357
3172,21579.186656,1,59027884.4544,0.0196764808326674
3173,21579.206656,2,59027904.4608,0.0282479972135145
3174,21579.226656,1,59027924.9536,0.0196990185833999
3175,21579.246656,2,59027944.4608,0.0280881840719569
3176,21579.266656,1,59027964.5184,0.0196549675251501
3177,21579.286656,2,59027985.3184,0.0280564263322884
3178,21579.306656,1,59028004.48,0.0196385764337083
3179,21579.326656,2,59028025.3696,0.0280400352408466
3180,21579.346656,1,59028044.5056,0.019627307558342
3181,21579.366656,2,59028064.4608,0.0280410596840617
3182,21579.386656,1,59028084.9536,0.0196641875140861
3183,21579.406656,2,59028104.5248,0.0281875550638228
3184,21579.426656,1,59028124.7104,0.0196795541623128
3185,21579.446656,2,59028144.5376,0.0281598950970148
3186,21579.466656,1,59028165.3632,0.0196549675251501
3187,21579.486656,2,59028184.7808,0.0281148195955498
3188,21579.506656,1,59028204.5184,0.0197195074477022
3189,21579.526656,2,59028224.4864,0.0284016636957813
3190,21579.546656,1,59028245.2992,0.0196959452537546
3191,21579.566656,2,59028264.4992,0.028598356793083
3192,21579.586656,1,59028284.7616,0.01960886758047
3193,21579.606656,2,59028304.512,0.0286393345216875
3194,21579.626656,1,59028324.544,0.0197041407994755
3195,21579.646656,2,59028344.7168,0.0287110455467453
3196,21579.666656,1,59028364.7104,0.0196590652980105
3197,21579.686656,2,59028384.5248,0.0286331878623968
3198,21579.706656,1,59028404.5184,0.0196826274919581
3199,21579.726656,2,59028424.512,0.0285696723830598
3200,21579.746656,1,59028444.5056,0.019644723092999
3201,21579.766656,2,59028465.1136,0.0286055278955887
3202,21579.786656,1,59028484.544,0.0196078431372549
3203,21579.806656,2,59028504.6016,0.0285358657569611
3204,21579.826656,1,59028524.544,0.0196979941401848
3205,21579.846656,2,59028544.5888,0.0284508369701067
3206,21579.866656,1,59028564.544,0.0196764808326674
3207,21579.886656,2,59028584.5888,0.028443665867601
3208,21579.906656,1,59028604.5952,0.0196242342286967
3209,21579.926656,2,59028624.7424,0.028417030344008
3210,21579.946656,1,59028644.5824,0.0196785297190977
3211,21579.966656,2,59028664.6144,0.0282838527260434
3212,21579.986656,1,59028685.3376,0.0197440940848649
3213,21580.006656,2,59028704.5632,0.0282479972135145
3214,21580.026656,1,59028724.544,0.0196611141844408
3215,21580.046656,2,59028744.5376,0.028098428504108
3216,21580.066656,1,59028764.608,0.0196611141844408
3217,21580.086656,2,59028784.7808,0.0280431085704919
3218,21580.106656,1,59028804.928,0.0197717540516729
3219,21580.126656,2,59028824.5632,0.0279683242157887
3220,21580.146656,1,59028844.5568,0.0196406253201385
3221,21580.166656,2,59028864.6272,0.027943737578626
3222,21580.186656,1,59028884.5952,0.019672383059807
3223,21580.206656,2,59028904.5888,0.027824902165673
3224,21580.226656,1,59028924.9792,0.0197174585612719
3225,21580.246656,2,59028944.5632,0.0278167066199521
3226,21580.266656,1,59028964.5568,0.0197143852316266
3227,21580.286656,2,59028985.5232,0.027807486631016
3228,21580.306656,1,59029004.5568,0.0196477964226443
3229,21580.326656,2,59029024.5248,0.0279662753293585
3230,21580.346656,1,59029045.0816,0.0196887741512488
3231,21580.366656,2,59029064.5632,0.027852562132481
3232,21580.386656,1,59029084.7616,0.0196426742065687
3233,21580.406656,2,59029104.6144,0.0277542155838302
3234,21580.426656,1,59029124.5952,0.0197348740959289
3235,21580.446656,2,59029144.6272,0.0277941688692196
3236,21580.466656,1,59029164.608,0.0197461429712951
3237,21580.486656,2,59029185.1392,0.0277337267195279
3238,21580.506656,1,59029204.6848,0.0196744319462372
3239,21580.526656,2,59029224.6144,0.0277337267195279
3240,21580.546656,1,59029244.672,0.0196436986497838
3241,21580.566656,2,59029264.6272,0.0276548445919643
3242,21580.586656,1,59029284.7104,0.0197174585612719
3243,21580.606656,2,59029304.6656,0.0276230868522958
3244,21580.626656,1,59029324.6336,0.0196785297190977
3245,21580.646656,2,59029344.64,0.0276230868522958
3246,21580.666656,1,59029364.6592,0.0197102874587662
3247,21580.686656,2,59029384.704,0.0275329358493659
3248,21580.706656,1,59029405.184,0.0196857008216035
3249,21580.726656,2,59029424.6784,0.0276323068412318
3250,21580.746656,1,59029444.6848,0.0197225807773475
3251,21580.766656,2,59029464.6912,0.0276271846251562
3252,21580.786656,1,59029485.0688,0.0197225807773475
3253,21580.806656,2,59029504.64,0.0275011781096974
3254,21580.826656,1,59029524.736,0.0197113119019813
3255,21580.846656,2,59029544.704,0.0274642981539533
3256,21580.866656,1,59029564.992,0.0197533140738009
3257,21580.886656,2,59029584.64,0.0273280472063434
3258,21580.906656,1,59029604.9024,0.0197082385723359
3259,21580.926656,2,59029624.6144,0.0273321449792038
3260,21580.946656,1,59029644.672,0.0197164341180568
3261,21580.966656,2,59029664.7808,0.0272419939762739
3262,21580.986656,1,59029684.736,0.0196867252648186
3263,21581.006656,2,59029704.768,0.0273116561149016
3264,21581.026656,1,59029724.7744,0.019690823037679
3265,21581.046656,2,59029744.6784,0.0274786403589649
3266,21581.066656,1,59029764.6848,0.0197399963120044
3267,21581.086656,2,59029784.7296,0.0274745425861045
3268,21581.106656,1,59029804.6848,0.0197461429712951
3269,21581.126656,2,59029824.7168,0.0274673714835987
3270,21581.146656,1,59029844.7616,0.0197440940848649
3271,21581.166656,2,59029864.7296,0.0275728891347553
3272,21581.186656,1,59029884.7104,0.0197143852316266
3273,21581.206656,2,59029904.704,0.0275308869629356
3274,21581.226656,1,59029924.7104,0.0197307763230684
3275,21581.246656,2,59029944.7168,0.0274868359046858
3276,21581.266656,1,59029964.7744,0.0197461429712951
3277,21581.286656,2,59029984.9216,0.0273321449792038
3278,21581.306656,1,59030004.6976,0.0197471674145102
3279,21581.326656,2,59030025.1648,0.0273966849017559
3280,21581.346656,1,59030044.7232,0.0197912184727601
3281,21581.366656,2,59030064.768,0.0274325404142848
3282,21581.386656,1,59030084.7104,0.0196590652980105
3283,21581.406656,2,59030104.7552,0.0274386870735755
3284,21581.426656,1,59030124.7232,0.0197205318909173
3285,21581.446656,2,59030144.704,0.0274038560042617
3286,21581.466656,1,59030164.736,0.0197348740959289
3287,21581.486656,2,59030184.7296,0.0274007826746163
3288,21581.506656,1,59030204.7872,0.0196887741512488
3289,21581.526656,2,59030224.7296,0.0274755670293196
3290,21581.546656,1,59030244.7104,0.0197072141291208
3291,21581.566656,2,59030264.8576,0.0274642981539533
3292,21581.586656,1,59030284.7744,0.0197195074477022
3293,21581.606656,2,59030304.8448,0.0274192226524884
3294,21581.626656,1,59030324.7616,0.0196867252648186
3295,21581.646656,2,59030344.7552,0.0274591759378778
3296,21581.666656,1,59030364.7744,0.0197225807773475
3297,21581.686656,2,59030384.768,0.0274724936996742
3298,21581.706656,1,59030404.7488,0.0196990185833999
3299,21581.726656,2,59030424.7168,0.0274356137439302
3300,21581.746656,1,59030444.736,0.0197061896859057
3301,21581.766656,2,59030464.7552,0.0274284426414244
3302,21581.786656,1,59030484.992,0.0196938963673244
3303,21581.806656,2,59030504.7808,0.0274089782203372
3304,21581.826656,1,59030524.8256,0.0196877497080337
3305,21581.846656,2,59030544.7936,0.0272645317270064
3306,21581.866656,1,59030564.7744,0.0196836519351732
3307,21581.886656,2,59030584.8832,0.0272839961480935
3308,21581.906656,1,59030604.8128,0.019772778494888
3309,21581.926656,2,59030624.7808,0.0272553117380704
3310,21581.946656,1,59030645.0432,0.0197399963120044
3311,21581.966656,2,59030664.8064,0.0273208761038376
3312,21581.986656,1,59030684.7488,0.0196672608437314
3313,21582.006656,2,59030704.8064,0.0272891183641691
3314,21582.026656,1,59030725.0816,0.0197287274366382
3315,21582.046656,2,59030744.7936,0.0272850205913086
3316,21582.066656,1,59030765.9008,0.0197225807773475
3317,21582.086656,2,59030784.8192,0.0272286762144774
3318,21582.106656,1,59030804.9024,0.0197287274366382
3319,21582.126656,2,59030824.9344,0.0272204806687565
3320,21582.146656,1,59030845.4528,0.0197717540516729
3321,21582.166656,2,59030864.768,0.0271846251562276
3322,21582.186656,1,59030884.8256,0.01974511852808
3323,21582.206656,2,59030905.0368,0.0271170119040302
3324,21582.226656,1,59030924.8128,0.0196857008216035
3325,21582.246656,2,59030944.8576,0.0271528674165591
3326,21582.266656,1,59030965.0176,0.0197799495973938
3327,21582.286656,2,59030985.0624,0.0270719364025652
3328,21582.306656,1,59031004.8512,0.0197779007109636
3329,21582.326656,2,59031024.8192,0.0271313541090417
3330,21582.346656,1,59031044.8512,0.0198373184174401
3331,21582.366656,2,59031064.832,0.0271211096768906
3332,21582.386656,1,59031084.864,0.0197307763230684
3333,21582.406656,2,59031104.8448,0.0271600385190649
3334,21582.426656,1,59031124.8384,0.0198096584506321
3335,21582.446656,2,59031144.8448,0.0271907718155183
3336,21582.466656,1,59031164.8384,0.0198065851209867
3337,21582.486656,2,59031184.9216,0.0272604339541459
3338,21582.506656,1,59031204.8768,0.0197881451431147
3339,21582.526656,2,59031224.896,0.0272798983752331
3340,21582.546656,1,59031245.2224,0.0197604851763067
3341,21582.566656,2,59031265.6512,0.027188722929088
3342,21582.586656,1,59031286.7584,0.0198209273259983
3343,21582.606656,2,59031304.9216,0.0271743807240765
3344,21582.626656,1,59031324.8896,0.0197963406888356
3345,21582.646656,2,59031345.6768,0.0270186653553794
3346,21582.666656,1,59031364.8896,0.019817853996353
3347,21582.686656,2,59031384.9088,0.0270862786075768
3348,21582.706656,1,59031405.0688,0.0197830229270392
3349,21582.726656,2,59031425.1648,0.0270914008236523
3350,21582.746656,1,59031445.3248,0.0197604851763067
3351,21582.766656,2,59031465.2928,0.0271620874054951
3352,21582.786656,1,59031485.1456,0.019735898539144
3353,21582.806656,2,59031504.8832,0.0272891183641691
3354,21582.826656,1,59031525.6448,0.019735898539144
3355,21582.846656,2,59031544.8832,0.0272081873501752
3356,21582.866656,1,59031564.8896,0.0197041407994755
3357,21582.886656,2,59031584.896,0.0272819472616633
3358,21582.906656,1,59031604.8896,0.0197738029381031
3359,21582.926656,2,59031624.9088,0.0274038560042617
3360,21582.946656,1,59031645.2224,0.0197615096195218
3361,21582.966656,2,59031664.9088,0.0273731227078083
3362,21582.986656,1,59031685.5424,0.0197297518798533
3363,21583.006656,2,59031704.9216,0.0273526338435061
3364,21583.026656,1,59031724.9024,0.0197287274366382
3365,21583.046656,2,59031744.8832,0.0274397115167906
3366,21583.066656,1,59031764.9024,0.01974511852808
3367,21583.086656,2,59031784.9344,0.0273782449238839
3368,21583.106656,1,59031805.3376,0.0197010674698301
3369,21583.126656,2,59031824.8704,0.027406929333907
3370,21583.146656,1,59031844.9408,0.0196846763783883
3371,21583.166656,2,59031864.9088,0.0273567316163665
3372,21583.186656,1,59031885.0048,0.0197492163009404
3373,21583.206656,2,59031904.9088,0.0275585469297437
3374,21583.226656,1,59031924.9536,0.0196355031040629
3375,21583.246656,2,59031944.9216,0.0276599668080398
3376,21583.266656,1,59031964.9152,0.0197492163009404
3377,21583.286656,2,59031984.9728,0.0277634355727662
3378,21583.306656,1,59032004.9664,0.0197143852316266
3379,21583.326656,2,59032025.3952,0.0277849488802836
3380,21583.346656,1,59032044.9792,0.0197348740959289
3381,21583.366656,2,59032064.9472,0.0277091400823652
3382,21583.386656,1,59032084.9664,0.0197625340627369
3383,21583.406656,2,59032104.96,0.0277245067305919
3384,21583.426656,1,59032124.9408,0.0198260495420739
3385,21583.446656,2,59032145.0112,0.0277839244370685
3386,21583.466656,1,59032164.9664,0.0198352695310099
3387,21583.486656,2,59032185.024,0.0277511422541848
3388,21583.506656,1,59032204.9792,0.0198660028274633
3389,21583.526656,2,59032224.9472,0.0277152867416559
3390,21583.546656,1,59032244.9664,0.0198117073370623
3391,21583.566656,2,59032264.96,0.027597475771918
3392,21583.586656,1,59032285.0304,0.0197789251541787
3393,21583.606656,2,59032304.9856,0.027606695760854
3394,21583.626656,1,59032325.568,0.0197799495973938
3395,21583.646656,2,59032344.9856,0.0276866023316328
3396,21583.666656,1,59032365.0176,0.0197645829491671
3397,21583.686656,2,59032385.0112,0.0277060667527199
3398,21583.706656,1,59032405.5552,0.0197625340627369
3399,21583.726656,2,59032424.9984,0.0276568934783945
3400,21583.746656,1,59032445.0048,0.019836293974225
3401,21583.766656,2,59032465.0112,0.0277634355727662
3402,21583.786656,1,59032484.992,0.019735898539144
3403,21583.806656,2,59032504.9984,0.0278945643043006
3404,21583.826656,1,59032524.992,0.0197738029381031
3405,21583.846656,2,59032545.0496,0.0276855778884176
3406,21583.866656,1,59032565.0048,0.0198301473149343
3407,21583.886656,2,59032585.1904,0.0276046468744237
3408,21583.906656,1,59032605.0816,0.0197502407441556
3409,21583.926656,2,59032624.9984,0.0274376626303604
3410,21583.946656,1,59032645.0688,0.0197963406888356
3411,21583.966656,2,59032665.0112,0.0275063003257729
3412,21583.986656,1,59032684.9792,0.0198321962013646
3413,21584.006656,2,59032705.0496,0.0276179646362202
3414,21584.026656,1,59032725.0432,0.0197799495973938
3415,21584.046656,2,59032745.1136,0.0276271846251562
3416,21584.066656,1,59032765.0432,0.0198004384616961
3417,21584.086656,2,59032785.024,0.0277910955395742
3418,21584.106656,1,59032805.0176,0.0197512651873707
3419,21584.126656,2,59032825.024,0.0278474399164054
3420,21584.146656,1,59032845.0304,0.0197676562788125
3421,21584.166656,2,59032865.0624,0.0278945643043006
3422,21584.186656,1,59032885.7344,0.0197891695863298
3423,21584.206656,2,59032905.024,0.027861782121417
3424,21584.226656,1,59032925.0944,0.0197338496527138
3425,21584.246656,2,59032945.0368,0.0278986620771611
3426,21584.266656,1,59032965.0688,0.0197604851763067
3427,21584.286656,2,59032985.0624,0.0278832954289344
3428,21584.306656,1,59033005.056,0.0197799495973938
3429,21584.326656,2,59033025.0368,0.0277747044481324
3430,21584.346656,1,59033045.1328,0.0197399963120044
3431,21584.366656,2,59033065.0752,0.027770606675272
3432,21584.386656,1,59033085.3632,0.0197850718134694
3433,21584.406656,2,59033105.5232,0.0276302579548016
3434,21584.426656,1,59033125.056,0.0197686807220276
3435,21584.446656,2,59033145.0752,0.0276138668633598
3436,21584.466656,1,59033165.0688,0.0197840473702543
3437,21584.486656,2,59033185.1264,0.0277245067305919
3438,21584.506656,1,59033205.0944,0.0197625340627369
3439,21584.526656,2,59033225.0752,0.0277654844591964
3440,21584.546656,1,59033245.0944,0.0197809740406089
3441,21584.566656,2,59033265.088,0.0278023644149405
3442,21584.586656,1,59033285.1968,0.0197133607884115
3443,21584.606656,2,59033305.1392,0.0278515376892659
3444,21584.626656,1,59033325.12,0.0197574118466613
3445,21584.646656,2,59033345.0752,0.0278935398610855
3446,21584.666656,1,59033365.1328,0.0198414161903006
3447,21584.686656,2,59033385.1136,0.0277542155838302
3448,21584.706656,1,59033405.1456,0.0197758518245334
3449,21584.726656,2,59033425.1264,0.0277429467084639
3450,21584.746656,1,59033445.0816,0.0198168295531379
3451,21584.766656,2,59033465.088,0.0277747044481324
3452,21584.786656,1,59033485.1072,0.0198106828938472
3453,21584.806656,2,59033505.1392,0.0278505132460508
3454,21584.826656,1,59033525.7984,0.0198280984285041
3455,21584.846656,2,59033545.1136,0.0279642264429283
3456,21584.866656,1,59033565.4528,0.0198117073370623
3457,21584.886656,2,59033585.1264,0.0278812465425042
3458,21584.906656,1,59033605.1456,0.0198608806113877
3459,21584.926656,2,59033625.1904,0.0278607576782019
3460,21584.946656,1,59033645.1328,0.019772778494888
3461,21584.966656,2,59033665.7408,0.0278064621878009
3462,21584.986656,1,59033685.4528,0.0197840473702543
3463,21585.006656,2,59033705.1008,0.0280451574569222
3464,21585.026656,1,59033725.1456,0.0197481918577253
3465,21585.046656,2,59033745.1264,0.0280584752187186
3466,21585.066656,1,59033765.1456,0.0196969696969697
3467,21585.086656,2,59033786.2016,0.0280246685926199
3468,21585.106656,1,59033805.2224,0.0197860962566845
3469,21585.126656,2,59033825.1776,0.0279939352961665
3470,21585.146656,1,59033845.1456,0.019754338517016
3471,21585.166656,2,59033865.5104,0.0279171020550331
3472,21585.186656,1,59033885.1328,0.0197932673591903
3473,21585.206656,2,59033905.1392,0.0278423177003299
3474,21585.226656,1,59033925.6192,0.0197512651873707
3475,21585.246656,2,59033945.2032,0.0277388489356035
3476,21585.266656,1,59033965.1584,0.0197922429159752
3477,21585.286656,2,59033985.216,0.0277962177556498
3478,21585.306656,1,59034005.1584,0.0197379474255742
3479,21585.326656,2,59034025.1776,0.0279078820660971
3480,21585.346656,1,59034045.1584,0.0197901940295449
3481,21585.366656,2,59034065.5232,0.0279908619665212
3482,21585.386656,1,59034085.184,0.019709263015551
3483,21585.406656,2,59034105.216,0.0281721884155961
3484,21585.426656,1,59034125.8368,0.0198055606777716
3485,21585.446656,2,59034145.216,0.0281394062327125
3486,21585.466656,1,59034165.4912,0.0198096584506321
3487,21585.486656,2,59034185.2544,0.0279847153072305
3488,21585.506656,1,59034205.1968,0.0197615096195218
3489,21585.526656,2,59034226.0608,0.0279222242711087
3490,21585.546656,1,59034245.2224,0.01974511852808
3491,21585.566656,2,59034265.2032,0.028079988526236
3492,21585.586656,1,59034287.4752,0.0198321962013646
3493,21585.606656,2,59034305.2032,0.0280379863544164
3494,21585.626656,1,59034325.4656,0.0198065851209867
3495,21585.646656,2,59034345.152,0.0280123752740386
3496,21585.666656,1,59034365.2352,0.0197676562788125
3497,21585.686656,2,59034385.3568,0.027871002110353
3498,21585.706656,1,59034405.2352,0.0197348740959289
3499,21585.726656,2,59034425.3056,0.027880222099289
3500,21585.746656,1,59034445.2224,0.0197584362898765
3501,21585.766656,2,59034465.216,0.0279447620218411
3502,21585.786656,1,59034485.248,0.0197225807773475
3503,21585.806656,2,59034505.216,0.0277183600713012
3504,21585.826656,1,59034525.2352,0.0196867252648186
3505,21585.846656,2,59034545.2544,0.0277531911406151
3506,21585.866656,1,59034565.2352,0.0197901940295449
3507,21585.886656,2,59034585.2416,0.0276784067859119
3508,21585.906656,1,59034605.2864,0.0197615096195218
3509,21585.926656,2,59034625.6128,0.0276364046140922
3510,21585.946656,1,59034645.2352,0.0197307763230684
3511,21585.966656,2,59034665.2544,0.0277972421988649
3512,21585.986656,1,59034685.7088,0.0197389718687893
3513,21586.006656,2,59034705.2928,0.0278330977113939
3514,21586.026656,1,59034726.8096,0.0197553629602311
3515,21586.046656,2,59034745.9712,0.0277859733234987
3516,21586.066656,1,59034765.2608,0.019709263015551
3517,21586.086656,2,59034785.2928,0.0276917245477083
3518,21586.106656,1,59034805.3376,0.0197860962566845
3519,21586.126656,2,59034825.344,0.0277562644702604
3520,21586.146656,1,59034845.2992,0.0197020919130453
3521,21586.166656,2,59034865.2672,0.0277337267195279
3522,21586.186656,1,59034885.3376,0.0197164341180568
3523,21586.206656,2,59034905.3696,0.0277368000491733
3524,21586.226656,1,59034925.2992,0.0197666318355974
3525,21586.246656,2,59034945.6512,0.0276005491015633
3526,21586.266656,1,59034965.2608,0.019781998483824
3527,21586.286656,2,59034985.2928,0.02761591574979
3528,21586.306656,1,59035005.2736,0.0197277029934231
3529,21586.326656,2,59035025.3056,0.0275319114061508
3530,21586.346656,1,59035045.2864,0.0197481918577253
3531,21586.366656,2,59035065.2928,0.0275237158604299
3532,21586.386656,1,59035085.312,0.0197779007109636
3533,21586.406656,2,59035105.3312,0.0274591759378778
3534,21586.426656,1,59035125.2864,0.0197645829491671
3535,21586.446656,2,59035145.6128,0.0274581514946627
3536,21586.466656,1,59035165.312,0.0196857008216035
3537,21586.486656,2,59035185.2928,0.0274950314504067
3538,21586.506656,1,59035205.3248,0.0197236052205626
3539,21586.526656,2,59035227.3408,0.0275452291679472
3540,21586.546656,1,59035247.0784,0.0197717540516729
3541,21586.566656,2,59035265.3696,0.0276241112955109
3542,21586.586656,1,59035285.3248,0.0197850718134694
3543,21586.606656,2,59035305.3568,0.027652795705534
3544,21586.626656,1,59035325.3376,0.0198229762124285
3545,21586.646656,2,59035345.3568,0.0276230868522958
3546,21586.666656,1,59035365.3504,0.0197584362898765
3547,21586.686656,2,59035385.4336,0.0274827381318254
3548,21586.706656,1,59035405.3504,0.0198342450877948
3549,21586.726656,2,59035425.4464,0.0275995246583482
3550,21586.746656,1,59035445.3504,0.0197809740406089
3551,21586.766656,2,59035465.3312,0.0274591759378778
3552,21586.786656,1,59035485.4016,0.0197912184727601
3553,21586.806656,2,59035505.344,0.0275349847357961
3554,21586.826656,1,59035525.3504,0.0198004384616961
3555,21586.846656,2,59035545.3568,0.0274909336775463
3556,21586.866656,1,59035565.3632,0.019726678550208
3557,21586.886656,2,59035585.408,0.0274110271067675
3558,21586.906656,1,59035605.3632,0.0197963406888356
3559,21586.926656,2,59035625.344,0.027570840248325
3560,21586.946656,1,59035645.376,0.019854733952097
3561,21586.966656,2,59035665.3568,0.0275042514393427
3562,21586.986656,1,59035685.4912,0.0197860962566845
3563,21587.006656,2,59035705.344,0.027561620259389
3564,21587.026656,1,59035725.376,0.019817853996353
3565,21587.046656,2,59035745.408,0.0275319114061508
3566,21587.066656,1,59035765.3888,0.0197758518245334
3567,21587.086656,2,59035785.7408,0.0276189890794353
3568,21587.106656,1,59035805.4016,0.019726678550208
3569,21587.126656,2,59035825.3952,0.0277245067305919
3570,21587.146656,1,59035845.3504,0.0197779007109636
3571,21587.166656,2,59035865.3696,0.0277921199827894
3572,21587.186656,1,59035885.7984,0.0198076095642019
3573,21587.206656,2,59035905.408,0.0278064621878009
3574,21587.226656,1,59035925.504,0.0197492163009404
3575,21587.246656,2,59035945.408,0.0278095355174463
3576,21587.266656,1,59035965.3632,0.0197840473702543
3577,21587.286656,2,59035985.4208,0.0278269510521032
3578,21587.306656,1,59036005.4144,0.019763558505952
3579,21587.326656,2,59036025.7536,0.0278986620771611
3580,21587.346656,1,59036045.4272,0.0197574118466613
3581,21587.366656,2,59036066.9056,0.0278546110189112
3582,21587.386656,1,59036085.4784,0.0197338496527138
3583,21587.406656,2,59036105.408,0.0277910955395742
3584,21587.426656,1,59036125.4144,0.0197594607330916
3585,21587.446656,2,59036145.472,0.0277316778330977
3586,21587.466656,1,59036165.4272,0.019735898539144
3587,21587.486656,2,59036185.4336,0.0277050423095048
3588,21587.506656,1,59036205.4784,0.0197881451431147
3589,21587.526656,2,59036225.8048,0.0276599668080398
3590,21587.546656,1,59036245.4528,0.0198321962013646
3591,21587.566656,2,59036265.4976,0.0276661134673305
3592,21587.586656,1,59036285.5296,0.0198485872928064
3593,21587.606656,2,59036305.472,0.0277480689245395
3594,21587.626656,1,59036325.44,0.0197461429712951
3595,21587.646656,2,59036345.4336,0.027871002110353
3596,21587.666656,1,59036365.4784,0.0198045362345565
3597,21587.686656,2,59036385.7024,0.0279836908640154
3598,21587.706656,1,59036405.5424,0.0197615096195218
3599,21587.726656,2,59036426.1888,0.0279099309525273
3600,21587.746656,1,59036445.4784,0.0198065851209867
3601,21587.766656,2,59036465.4592,0.0279222242711087
3602,21587.786656,1,59036485.4784,0.0198434650767308
3603,21587.806656,2,59036505.4336,0.0278925154178704
3604,21587.826656,1,59036525.504,0.0197584362898765
3605,21587.846656,2,59036545.4592,0.0278904665314402
3606,21587.866656,1,59036565.4656,0.0198137562234925
3607,21587.886656,2,59036585.5488,0.0277214334009466
3608,21587.906656,1,59036605.4784,0.0198465384063761
3609,21587.926656,2,59036625.472,0.0277716311184871
3610,21587.946656,1,59036645.5552,0.0197891695863298
3611,21587.966656,2,59036665.664,0.0278003155285103
3612,21587.986656,1,59036685.568,0.0198414161903006
3613,21588.006656,2,59036705.4976,0.0279150531686029
3614,21588.026656,1,59036725.504,0.0198557583953122
3615,21588.046656,2,59036747.6096,0.0279150531686029
3616,21588.066656,1,59036767.6672,0.0198260495420739
3617,21588.086656,2,59036785.4976,0.0278822709857193
3618,21588.106656,1,59036805.9008,0.019872149486754
3619,21588.126656,2,59036825.5488,0.0279560308972074
3620,21588.146656,1,59036845.4912,0.0198076095642019
3621,21588.166656,2,59036865.5488,0.0280359374679861
3622,21588.186656,1,59036885.5552,0.0197574118466613
3623,21588.206656,2,59036905.5104,0.0280687196508698
3624,21588.226656,1,59036925.5424,0.0197697051652427
3625,21588.246656,2,59036946.2016,0.0280308152519106
3626,21588.266656,1,59036965.5424,0.0197553629602311
3627,21588.286656,2,59036985.5488,0.0278382199274694
3628,21588.306656,1,59037005.4912,0.0197287274366382
3629,21588.326656,2,59037025.536,0.0278587087917717
3630,21588.346656,1,59037045.6064,0.0197809740406089
3631,21588.366656,2,59037065.5872,0.0281158440387649
3632,21588.386656,1,59037085.568,0.0197891695863298
3633,21588.406656,2,59037105.5744,0.0282940971581945
3634,21588.426656,1,59037125.568,0.0198199028827832
3635,21588.446656,2,59037145.5744,0.0281281373573463
3636,21588.466656,1,59037165.5808,0.0198424406335157
3637,21588.486656,2,59037185.5744,0.0280390107976315
3638,21588.506656,1,59037207.6032,0.0197860962566845
3639,21588.526656,2,59037225.5488,0.0280215952629746
3640,21588.546656,1,59037245.5808,0.0197973651320507
3641,21588.566656,2,59037265.5616,0.028152723994509
3642,21588.586656,1,59037285.5552,0.0198035117913414
3643,21588.606656,2,59037305.5616,0.0279867641936607
3644,21588.626656,1,59037327.488,0.0197748273813183
3645,21588.646656,2,59037345.856,0.028098428504108
3646,21588.666656,1,59037365.5808,0.0197881451431147
3647,21588.686656,2,59037385.6512,0.0279211998278935
3648,21588.706656,1,59037405.568,0.0197461429712951
3649,21588.726656,2,59037427.3408,0.0277624111295511
3650,21588.746656,1,59037445.6192,0.0197399963120044
3651,21588.766656,2,59037466.0096,0.0277910955395742
3652,21588.786656,1,59037485.5936,0.019836293974225
3653,21588.806656,2,59037505.6,0.0278197799495974
3654,21588.826656,1,59037525.76,0.0197420451984347
3655,21588.846656,2,59037545.7408,0.0278658798942775
3656,21588.866656,1,59037565.5808,0.0197563874034462
3657,21588.886656,2,59037585.6,0.0279642264429283
3658,21588.906656,1,59037605.6064,0.0197410207552195
3659,21588.926656,2,59037625.5616,0.0280769151965907
3660,21588.946656,1,59037646.0032,0.0197031163562604
3661,21588.966656,2,59037665.6,0.0285788923719958
3662,21588.986656,1,59037685.6064,0.0197574118466613
3663,21589.006656,2,59037705.6512,0.0289026164279714
3664,21589.026656,1,59037727.7696,0.0197512651873707
3665,21589.046656,2,59037745.5616,0.0291710205503309
3666,21589.066656,1,59037765.6192,0.0196949208105395
3667,21589.086656,2,59037785.6768,0.029289855963284
3668,21589.106656,1,59037805.6576,0.0196979941401848
3669,21589.126656,2,59037825.6128,0.0292580982236155
3670,21589.146656,1,59037846.4512,0.0197010674698301
3671,21589.166656,2,59037865.7536,0.0293615669883418
3672,21589.186656,1,59037885.7472,0.0197584362898765
3673,21589.206656,2,59037905.6128,0.0292365849160981
3674,21589.226656,1,59037925.6576,0.0197922429159752
3675,21589.246656,2,59037945.664,0.0291249206056508
3676,21589.266656,1,59037965.888,0.0196590652980105
3677,21589.286656,2,59037985.664,0.0289712541233839
3678,21589.306656,1,59038007.8336,0.019709263015551
3679,21589.326656,2,59038026.3808,0.0289528141455119
3680,21589.346656,1,59038045.6832,0.0198035117913414
3681,21589.366656,2,59038065.8816,0.0289384719405003
3682,21589.386656,1,59038085.6704,0.0197707296084578
3683,21589.406656,2,59038107.8272,0.0290736984448952
3684,21589.426656,1,59038125.6704,0.0197645829491671
3685,21589.446656,2,59038145.6768,0.0290706251152499
3686,21589.466656,1,59038166.0544,0.0197133607884115
3687,21589.486656,2,59038185.6768,0.0290614051263139
3688,21589.506656,1,59038205.7984,0.0197492163009404
3689,21589.526656,2,59038225.664,0.0290204273977093
3690,21589.546656,1,59038245.6704,0.0198065851209867
3691,21589.566656,2,59038265.6768,0.0288186120843322
3692,21589.586656,1,59038286.2848,0.0197748273813183
3693,21589.606656,2,59038305.728,0.0287663654803614
3694,21589.626656,1,59038325.7216,0.0198065851209867
3695,21589.646656,2,59038346.4448,0.0286833855799373
3696,21589.666656,1,59038365.696,0.0196836519351732
3697,21589.686656,2,59038385.728,0.0288268076300531
3698,21589.706656,1,59038405.6832,0.0197840473702543
3699,21589.726656,2,59038425.7152,0.0288954453254656
3700,21589.746656,1,59038445.7344,0.0198342450877948
3701,21589.766656,2,59038465.6896,0.0290747228881103
3702,21589.786656,1,59038486.1824,0.0197594607330916
3703,21589.806656,2,59038505.728,0.0292253160407319
3704,21589.826656,1,59038525.696,0.0198014629049112
3705,21589.846656,2,59038545.7024,0.0291894605282029
3706,21589.866656,1,59038565.9904,0.0197533140738009
3707,21589.886656,2,59038585.7408,0.0292529760075399
3708,21589.906656,1,59038605.7344,0.0197768762677485
3709,21589.926656,2,59038625.7024,0.0293257114758129
3710,21589.946656,1,59038645.9008,0.0198158051099228
3711,21589.966656,2,59038666.1376,0.0294066424898068
3712,21589.986656,1,59038685.76,0.0197656073923822
3713,21590.006656,2,59038705.8432,0.0294097158194521
3714,21590.026656,1,59038725.76,0.0197563874034462
3715,21590.046656,2,59038745.728,0.029289855963284
3716,21590.066656,1,59038765.7472,0.0197389718687893
3717,21590.086656,2,59038788.1472,0.0292765382014875
3718,21590.106656,1,59038805.9392,0.0197697051652427
3719,21590.126656,2,59038825.7536,0.0291597516749647
3720,21590.146656,1,59038845.76,0.0197615096195218
3721,21590.166656,2,59038865.728,0.0290941873091974
3722,21590.186656,1,59038885.76,0.0197471674145102
3723,21590.206656,2,59038905.7536,0.0289640830208782
3724,21590.226656,1,59038925.76,0.0198588317249575
3725,21590.246656,2,59038945.7664,0.0289917429876862
3726,21590.266656,1,59038965.7728,0.0197973651320507
3727,21590.286656,2,59038988.352,0.029199704960354
3728,21590.306656,1,59039005.7856,0.0197758518245334
3729,21590.326656,2,59039025.8048,0.0294752801852193
3730,21590.346656,1,59039045.824,0.0198660028274633
3731,21590.366656,2,59039065.7664,0.0297190976704161
3732,21590.386656,1,59039085.76,0.0198045362345565
3733,21590.406656,2,59039105.8176,0.0298133464462065
3734,21590.426656,1,59039126.0416,0.0198014629049112
3735,21590.446656,2,59039145.8048,0.0298276886512181
3736,21590.466656,1,59039165.9264,0.0198147806667076
3737,21590.486656,2,59039185.856,0.029963939598828
3738,21590.506656,1,59039205.8752,0.0198485872928064
3739,21590.526656,2,59039225.792,0.0300376995103161
3740,21590.546656,1,59039245.7856,0.0197871206998996
3741,21590.566656,2,59039265.8176,0.030027455078165
3742,21590.586656,1,59039285.888,0.0198076095642019
3743,21590.606656,2,59039307.9168,0.0297600753990206
3744,21590.626656,1,59039325.9136,0.0197799495973938
3745,21590.646656,2,59039345.8176,0.0296002622574631
3746,21590.666656,1,59039365.824,0.0198280984285041
3747,21590.686656,2,59039385.856,0.0293390292376094
3748,21590.706656,1,59039405.7984,0.0197953162456205
3749,21590.726656,2,59039425.8176,0.0292703915421968
3750,21590.746656,1,59039445.824,0.0197133607884115
3751,21590.766656,2,59039465.8176,0.0291197983895753
3752,21590.786656,1,59039485.8368,0.0197256541069929
3753,21590.806656,2,59039505.9712,0.0289814985555351
3754,21590.826656,1,59039525.8112,0.0197563874034462
3755,21590.846656,2,59039545.9328,0.0289272030651341
3756,21590.866656,1,59039565.8624,0.0197871206998996
3757,21590.886656,2,59039585.856,0.028989694101256
3758,21590.906656,1,59039605.8496,0.0198055606777716
3759,21590.926656,2,59039625.8304,0.0290337451595058
3760,21590.946656,1,59039646.3488,0.0197922429159752
3761,21590.966656,2,59039665.856,0.0289425697133608
3762,21590.986656,1,59039685.8624,0.0198342450877948
3763,21591.006656,2,59039706.2016,0.0288186120843322
3764,21591.026656,1,59039725.888,0.0198280984285041
3765,21591.046656,2,59039745.8432,0.0288216854139775
3766,21591.066656,1,59039765.8624,0.0198516606224517
3767,21591.086656,2,59039785.9968,0.0288165631979019
3768,21591.106656,1,59039805.8624,0.0199397627389514
3769,21591.126656,2,59039825.8816,0.0289241297354888
3770,21591.146656,1,59039845.9264,0.0198711250435388
3771,21591.166656,2,59039866.5856,0.0288800786772389
3772,21591.186656,1,59039885.952,0.0198229762124285
3773,21591.206656,2,59039905.856,0.0287591943778556
3774,21591.226656,1,59039925.9008,0.0197379474255742
3775,21591.246656,2,59039945.8944,0.0285266457680251
3776,21591.266656,1,59039965.9136,0.0197881451431147
3777,21591.286656,2,59039985.9456,0.0284918146987112
3778,21591.306656,1,59040005.888,0.0197563874034462
3779,21591.326656,2,59040025.9584,0.0283719548425431
3780,21591.346656,1,59040046.3616,0.019808634007417
3781,21591.366656,2,59040066.432,0.0282305816788575
3782,21591.386656,1,59040085.9392,0.0198352695310099
3783,21591.406656,2,59040105.92,0.0281312106869916
3784,21591.426656,1,59040126.7456,0.0197522896305858
3785,21591.446656,2,59040145.9584,0.0281639928698752
3786,21591.466656,1,59040165.888,0.0198311717581494
3787,21591.486656,2,59040185.9072,0.0281742373020263
3788,21591.506656,1,59040206.0672,0.0197768762677485
3789,21591.526656,2,59040225.9456,0.0282633638617411
3790,21591.546656,1,59040245.9264,0.0197860962566845
3791,21591.566656,2,59040265.9328,0.0282244350195669
3792,21591.586656,1,59040285.9648,0.0198434650767308
3793,21591.606656,2,59040307.4176,0.0283340504435839
3794,21591.626656,1,59040325.9264,0.0198731739299691
3795,21591.646656,2,59040345.9456,0.0281814084045321
3796,21591.666656,1,59040365.952,0.0198158051099228
3797,21591.686656,2,59040386.4704,0.0282848771692585
3798,21591.706656,1,59040405.952,0.0198598561681726
3799,21591.726656,2,59040425.9328,0.0283586370807466
3800,21591.746656,1,59040446.208,0.0198127317802774
3801,21591.766656,2,59040465.9584,0.0284651791751183
3802,21591.786656,1,59040485.952,0.019763558505952
3803,21591.806656,2,59040505.9456,0.0284180547872231
3804,21591.826656,1,59040525.9008,0.0198127317802774
3805,21591.846656,2,59040546.0352,0.0284416169811707
3806,21591.866656,1,59040566.336,0.019836293974225
3807,21591.886656,2,59040586.2528,0.0283156104657119
3808,21591.906656,1,59040605.9776,0.0198147806667076
3809,21591.926656,2,59040626.0096,0.0283176593521421
3810,21591.946656,1,59040645.9648,0.0198158051099228
3811,21591.966656,2,59040665.9968,0.0282213616899215
3812,21591.986656,1,59040685.9264,0.0198188784395681
3813,21592.006656,2,59040705.9968,0.0282500460999447
3814,21592.026656,1,59040726.2592,0.0198117073370623
3815,21592.046656,2,59040745.9712,0.0283914192636302
3816,21592.066656,1,59040766.0032,0.0198106828938472
3817,21592.086656,2,59040786.1504,0.0283391726596595
3818,21592.106656,1,59040805.9776,0.019854733952097
3819,21592.126656,2,59040826.0224,0.0283422459893048
3820,21592.146656,1,59040845.9392,0.0197512651873707
3821,21592.166656,2,59040865.984,0.0284108836847174
3822,21592.186656,1,59040886.0672,0.0198024873481263
3823,21592.206656,2,59040905.9712,0.0283524904214559
3824,21592.226656,1,59040926.6944,0.0196754563894523
3825,21592.246656,2,59040945.9968,0.0283289282275083
3826,21592.266656,1,59040967.2192,0.0196805786055279
3827,21592.286656,2,59040986.0736,0.0282910238285492
3828,21592.306656,1,59041005.9904,0.0197707296084578
3829,21592.326656,2,59041026.048,0.0284006392525662
3830,21592.346656,1,59041046.0416,0.0197379474255742
3831,21592.366656,2,59041066.0096,0.0284815702665601
3832,21592.386656,1,59041085.9904,0.0197604851763067
3833,21592.406656,2,59041106.048,0.0285614768373389
3834,21592.426656,1,59041126.0032,0.0197481918577253
3835,21592.446656,2,59041145.9968,0.0287694388100068
3836,21592.466656,1,59041166.0928,0.0197738029381031
3837,21592.486656,2,59041186.0608,0.028780707685373
3838,21592.506656,1,59041206.0544,0.0198250250988588
3839,21592.526656,2,59041226.0352,0.0288227098571926
3840,21592.546656,1,59041246.6176,0.019799414018481
3841,21592.566656,2,59041266.3808,0.028808367652181
3842,21592.586656,1,59041286.4896,0.0198219517692134
3843,21592.606656,2,59041306.048,0.0287274366381871
3844,21592.626656,1,59041326.2336,0.0197850718134694
3845,21592.646656,2,59041346.6496,0.0285502079619727
3846,21592.666656,1,59041366.08,0.0197481918577253
3847,21592.686656,2,59041388.4288,0.0283627348536071
3848,21592.706656,1,59041406.0672,0.0197932673591903
3849,21592.726656,2,59041426.0224,0.0283688815128977
3850,21592.746656,1,59041446.0544,0.0197625340627369
3851,21592.766656,2,59041466.7392,0.0282787305099678
3852,21592.786656,1,59041486.0672,0.0197850718134694
3853,21592.806656,2,59041506.0864,0.028189603950253
3854,21592.826656,1,59041531.84,0.0198209273259983
3855,21592.846656,2,59041546.0992,0.0280707685373
3856,21592.866656,1,59041566.1056,0.0197799495973938
3857,21592.886656,2,59041586.0992,0.0281957506095437
3858,21592.906656,1,59041606.1568,0.0197584362898765
3859,21592.926656,2,59041626.1248,0.0282141905874157
3860,21592.946656,1,59041646.0928,0.0197983895752658
3861,21592.966656,2,59041666.0864,0.0282551683160202
3862,21592.986656,1,59041686.1056,0.0197440940848649
3863,21593.006688,2,59041707.3408,0.028243899440654
3864,21593.026688,1,59041726.1312,0.0198106828938472
3865,21593.046688,2,59041746.4576,0.0281721884155961
3866,21593.066688,1,59041766.1056,0.0197369229823591
3867,21593.086688,2,59041786.3168,0.0282418505542238
3868,21593.106688,1,59041806.4768,0.0197717540516729
3869,21593.126688,2,59041827.6992,0.0282971704878399
3870,21593.146688,1,59041846.1952,0.0197031163562604
3871,21593.166688,2,59041866.3296,0.0283248304546479
3872,21593.186688,1,59041886.3232,0.0197236052205626
3873,21593.206688,2,59041906.0864,0.0284662036183334
3874,21593.226688,1,59041926.7328,0.0197830229270392
3875,21593.246688,2,59041946.7648,0.028443665867601
3876,21593.266688,1,59041966.592,0.0197584362898765
3877,21593.286688,2,59041986.2144,0.02852562132481
3878,21593.306688,1,59042006.1568,0.0198076095642019
3879,21593.326688,2,59042026.176,0.0284323969922347
3880,21593.346688,1,59042046.1824,0.0198434650767308
3881,21593.366688,2,59042066.1504,0.028443665867601
3882,21593.386688,1,59042086.208,0.0198065851209867
3883,21593.406688,2,59042106.1376,0.0284201036736534
3884,21593.426688,1,59042126.5024,0.0197789251541787
3885,21593.446688,2,59042146.112,0.0282777060667527
3886,21593.466688,1,59042166.1184,0.0197738029381031
3887,21593.486688,2,59042186.176,0.0283781015018338
3888,21593.506688,1,59042208.1024,0.0198137562234925
3889,21593.526688,2,59042226.1504,0.0283545393078862
3890,21593.546688,1,59042246.528,0.0197758518245334
3891,21593.566688,2,59042266.1632,0.0283647837400373
3892,21593.586688,1,59042286.9888,0.0197840473702543
3893,21593.606688,2,59042306.1632,0.0284323969922347
3894,21593.626688,1,59042327.296,0.0198096584506321
3895,21593.646688,2,59042346.1632,0.0284047370254267
3896,21593.666688,1,59042366.1696,0.0197686807220276
3897,21593.686688,2,59042386.24,0.0282490216567296
3898,21593.706688,1,59042406.5408,0.0197779007109636
3899,21593.726688,2,59042426.1888,0.0282899993853341
3900,21593.746688,1,59042446.1696,0.0197625340627369
3901,21593.766688,2,59042466.1632,0.0281762861884566
3902,21593.786688,1,59042486.3616,0.0197492163009404
3903,21593.806688,2,59042506.24,0.0281219906980556
3904,21593.826688,1,59042527.5136,0.0198199028827832
3905,21593.846688,2,59042546.304,0.0281045751633987
3906,21593.866688,1,59042567.296,0.0197318007662835
3907,21593.886688,2,59042586.2912,0.0282203372467064
3908,21593.906688,1,59042606.1952,0.0197133607884115
3909,21593.926688,2,59042627.5456,0.0281609195402299
3910,21593.946688,1,59042646.2592,0.0197717540516729
3911,21593.966688,2,59042666.2272,0.0281721884155961
3912,21593.986688,1,59042686.1952,0.0197215563341324
3913,21594.006688,2,59042706.3296,0.0281486262216485
3914,21594.026688,1,59042726.528,0.0197779007109636
3915,21594.046688,2,59042746.688,0.0282039461552646
3916,21594.066688,1,59042766.208,0.0197615096195218
3917,21594.086688,2,59042786.2016,0.0281814084045321
3918,21594.106688,1,59042806.3232,0.0197594607330916
3919,21594.126688,2,59042826.2272,0.0281476017784334
3920,21594.146688,1,59042846.2208,0.0197809740406089
3921,21594.166688,2,59042866.2528,0.0280738418669453
3922,21594.186688,1,59042886.4768,0.0197154096748417
3923,21594.206688,2,59042906.5344,0.0280461819001373
3924,21594.226688,1,59042927.296,0.0197164341180568
3925,21594.246688,2,59042948.9024,0.0280215952629746
3926,21594.266688,1,59042966.3232,0.0197154096748417
3927,21594.286688,2,59042986.6112,0.0279990575122421
3928,21594.306688,1,59043006.2848,0.0197492163009404
3929,21594.326688,2,59043026.2656,0.0279683242157887
3930,21594.346688,1,59043046.2976,0.0197953162456205
3931,21594.366688,2,59043066.7136,0.028044133013707
3932,21594.386688,1,59043086.2976,0.019772778494888
3933,21594.406688,2,59043106.2656,0.0280082775011781
3934,21594.426688,1,59043126.2464,0.0197973651320507
3935,21594.446688,2,59043146.4832,0.0281015018337534
3936,21594.466688,1,59043166.272,0.0198219517692134
3937,21594.486688,2,59043186.4192,0.0281691150859508
3938,21594.506688,1,59043206.2976,0.019799414018481
3939,21594.526688,2,59043226.432,0.028152723994509
3940,21594.546688,1,59043246.2848,0.01974511852808
3941,21594.566688,2,59043266.6112,0.0282951216014096
3942,21594.586688,1,59043286.2848,0.0197379474255742
3943,21594.606688,2,59043306.2784,0.0286126989980945
3944,21594.626688,1,59043326.464,0.0197963406888356
3945,21594.646688,2,59043347.4176,0.0286649456020653
3946,21594.666688,1,59043366.7584,0.0197563874034462
3947,21594.686688,2,59043386.5472,0.028717192206036
3948,21594.706688,1,59043406.2848,0.0197871206998996
3949,21594.726688,2,59043426.2912,0.0285194746655193
3950,21594.746688,1,59043446.2848,0.0198229762124285
3951,21594.766688,2,59043469.952,0.0284641547319032
3952,21594.786688,1,59043486.3232,0.0198291228717192
3953,21594.806688,2,59043506.304,0.0282541438728051
3954,21594.826688,1,59043526.336,0.019872149486754
3955,21594.846688,2,59043546.3168,0.0283094638064212
3956,21594.866688,1,59043567.6544,0.0198004384616961
3957,21594.886688,2,59043586.3168,0.0283002438174852
3958,21594.906688,1,59043606.3488,0.0198076095642019
3959,21594.926688,2,59043626.5984,0.0281721884155961
3960,21594.946688,1,59043646.3616,0.0197809740406089
3961,21594.966688,2,59043666.368,0.0282234105763518
3962,21594.986688,1,59043686.3488,0.0198106828938472
3963,21595.006688,2,59043706.3552,0.0283924437068453
3964,21595.026688,1,59043726.4128,0.0198065851209867
3965,21595.046688,2,59043748.032,0.0285768434855656
3966,21595.066688,1,59043766.336,0.019836293974225
3967,21595.086688,2,59043787.8784,0.0288011965496753
3968,21595.106688,1,59043806.3488,0.0198516606224517
3969,21595.126688,2,59043827.7248,0.0291976560739238
3970,21595.146688,1,59043847.4752,0.0198629294978179
3971,21595.166688,2,59043866.3552,0.0296094822463991
3972,21595.186688,1,59043886.4384,0.0197953162456205
3973,21595.206688,2,59043907.456,0.0302722970065769
3974,21595.226688,1,59043926.3616,0.0197891695863298
3975,21595.246688,2,59043946.3552,0.0304515745692216
3976,21595.266688,1,59043966.528,0.0197676562788125
3977,21595.286688,2,59043986.432,0.030473087876739
3978,21595.306688,1,59044007.1168,0.0197318007662835
3979,21595.326688,2,59044027.5712,0.0301565349232692
3980,21595.346688,1,59044046.3872,0.0198065851209867
3981,21595.366688,2,59044066.3936,0.0299577929395374
3982,21595.386688,1,59044086.4896,0.0197738029381031
3983,21595.406688,2,59044106.5984,0.0296842666011023
3984,21595.426688,1,59044126.336,0.0197850718134694
3985,21595.446688,2,59044146.4192,0.0295080623681029
3986,21595.466688,1,59044166.4896,0.0197369229823591
3987,21595.486688,2,59044186.3936,0.0294127891490975
3988,21595.506688,1,59044206.4256,0.0198188784395681
3989,21595.526688,2,59044226.496,0.0291331161513717
3990,21595.546688,1,59044246.3744,0.0198055606777716
3991,21595.566688,2,59044266.4576,0.0288677853586576
3992,21595.586688,1,59044286.5664,0.0198209273259983
3993,21595.606688,2,59044306.4192,0.0289589608048026
3994,21595.626688,1,59044326.3616,0.0198229762124285
3995,21595.646688,2,59044346.368,0.0289282275083492
3996,21595.666688,1,59044367.0912,0.0198383428606552
3997,21595.686688,2,59044386.496,0.0288073432089659
3998,21595.706688,1,59044407.232,0.0198137562234925
3999,21595.726688,2,59044426.4192,0.0288524187104309
4000,21595.746688,1,59044446.5024,0.0198352695310099
4001,21595.766688,2,59044466.4064,0.0287632921507161
4002,21595.786688,1,59044486.7072,0.019808634007417
4003,21595.806688,2,59044506.3808,0.0286526522834839
4004,21595.826688,1,59044526.4768,0.019808634007417
4005,21595.846688,2,59044546.6496,0.0285286946544553
4006,21595.866688,1,59044566.3744,0.0198485872928064
4007,21595.886688,2,59044586.6112,0.0282756571803225
4008,21595.906688,1,59044606.4128,0.0197676562788125
4009,21595.926688,2,59044626.3936,0.0281015018337534
4010,21595.946688,1,59044646.3872,0.0198188784395681
4011,21595.966688,2,59044666.3808,0.0279929108529514
4012,21595.986688,1,59044686.4256,0.019754338517016
4013,21596.006688,2,59044706.5728,0.0279550064539923
4014,21596.026688,1,59044726.4512,0.0197615096195218
4015,21596.046688,2,59044746.4192,0.0280103263876083
4016,21596.066688,1,59044766.4128,0.0197553629602311
4017,21596.086688,2,59044786.432,0.0280963796176778
4018,21596.106688,1,59044806.4,0.019772778494888
4019,21596.126688,2,59044826.432,0.0285686479398447
4020,21596.146688,1,59044846.4,0.0197041407994755
4021,21596.166688,2,59044866.432,0.0288995430983261
4022,21596.186688,1,59044886.464,0.0197236052205626
4023,21596.206688,2,59044906.6496,0.0291361894810171
4024,21596.226688,1,59044926.464,0.0196959452537546
4025,21596.246688,2,59044946.6496,0.0292929292929293
4026,21596.266688,1,59044966.4384,0.0197154096748417
4027,21596.286688,2,59044987.7376,0.0295121601409634
4028,21596.306688,1,59045006.7328,0.0197277029934231
4029,21596.326688,2,59045026.5856,0.029872764152683
4030,21596.346688,1,59045046.72,0.0197389718687893
4031,21596.366688,2,59045066.4448,0.0298871063576946
4032,21596.386688,1,59045088.2048,0.0197563874034462
4033,21596.406688,2,59045107.4432,0.0297836375929682
4034,21596.426688,1,59045126.4384,0.019772778494888
4035,21596.446688,2,59045146.5344,0.0301421927182576
4036,21596.466688,1,59045166.7968,0.0197707296084578
4037,21596.486688,2,59045186.432,0.0306779765197615
4038,21596.506688,1,59045206.528,0.0197379474255742
4039,21596.526688,2,59045226.4832,0.031373573462823
4040,21596.546688,1,59045246.8608,0.0196846763783883
4041,21596.566688,2,59045266.4704,0.0319636527547278
4042,21596.586688,1,59045286.656,0.0196949208105395
4043,21596.606688,2,59045306.4704,0.0320497059847973
4044,21596.626688,1,59045326.528,0.019700043026615
4045,21596.646688,2,59045346.5728,0.031783350748868
4046,21596.666688,1,59045366.5664,0.0197215563341324
4047,21596.686688,2,59045386.5472,0.0313162046427767
4048,21596.706688,1,59045406.4896,0.0196969696969697
4049,21596.726688,2,59045426.7392,0.0307220275780114
4050,21596.746688,1,59045446.5024,0.0197277029934231
4051,21596.766688,2,59045466.5856,0.0305591411068084
4052,21596.786688,1,59045486.464,0.0197481918577253
4053,21596.806688,2,59045506.5472,0.0305048456164075
4054,21596.826688,1,59045526.5024,0.0197379474255742
4055,21596.846688,2,59045546.816,0.0302323437211875
4056,21596.866688,1,59045566.5152,0.0197389718687893
4057,21596.886688,2,59045586.5088,0.0299956973384965
4058,21596.906688,1,59045606.6944,0.0197768762677485
4059,21596.926688,2,59045627.5072,0.0296555821910791
4060,21596.946688,1,59045648.2816,0.0196580408547954
4061,21596.966688,2,59045668.096,0.029444546888766
4062,21596.986688,1,59045686.7328,0.0197020919130453
4063,21597.006688,2,59045706.5088,0.0292529760075399
4064,21597.026688,1,59045726.5408,0.0196836519351732
4065,21597.046688,2,59045746.496,0.0291382383674473
4066,21597.066688,1,59045767.9744,0.0197399963120044
4067,21597.086688,2,59045787.0592,0.0289886696580409
4068,21597.106688,1,59045806.4896,0.0196938963673244
4069,21597.126688,2,59045826.56,0.0291740938799762
4070,21597.146688,1,59045848.0896,0.0197031163562604
4071,21597.166688,2,59045866.5344,0.0297580265125904
4072,21597.186688,1,59045886.7968,0.0196836519351732
4073,21597.206688,2,59045906.7776,0.0306113877107792
4074,21597.226688,1,59045926.5536,0.0196836519351732
4075,21597.246688,2,59045946.5472,0.0310898026922368
4076,21597.266688,1,59045966.528,0.0197615096195218
4077,21597.286688,2,59045989.0176,0.0315897309812117
4078,21597.306688,1,59046006.5792,0.0196887741512488
4079,21597.326688,2,59046026.5216,0.0318192062613969
4080,21597.346688,1,59046046.7712,0.0197082385723359
4081,21597.366688,2,59046066.56,0.0315426065933165
4082,21597.386688,1,59046086.592,0.0196897985944639
4083,21597.406688,2,59046106.688,0.0313305468477882
4084,21597.426688,1,59046126.6176,0.019681603048743
4085,21597.446688,2,59046146.7136,0.0310949249083123
4086,21597.466688,1,59046166.656,0.0197113119019813
4087,21597.486688,2,59046186.6752,0.0306195832565001
4088,21597.506688,1,59046208.8064,0.0197307763230684
4089,21597.526688,2,59046226.688,0.030336836929129
4090,21597.546688,1,59046246.6816,0.0197686807220276
4091,21597.566688,2,59046266.752,0.0299987706681419
4092,21597.586688,1,59046286.9632,0.0197666318355974
4093,21597.606688,2,59046306.9312,0.0297990042411949
4094,21597.626688,1,59046326.6048,0.0197850718134694
4095,21597.646688,2,59046346.6112,0.0295613334152888
4096,21597.666688,1,59046366.6048,0.019735898539144
4097,21597.686688,2,59046386.6112,0.0294547913209171
4098,21597.706688,1,59046406.6176,0.0197860962566845
4099,21597.726688,2,59046426.7392,0.0294353268998299
4100,21597.746688,1,59046446.6048,0.0197215563341324
4101,21597.766688,2,59046466.6624,0.0291853627553425
4102,21597.786688,1,59046486.6048,0.0197666318355974
4103,21597.806688,2,59046506.6496,0.029108529514209
4104,21597.826688,1,59046527.9104,0.0197645829491671
4105,21597.846688,2,59046546.6368,0.0288995430983261
4106,21597.866688,1,59046566.6048,0.0197143852316266
4107,21597.886688,2,59046586.9056,0.0286485545106235
4108,21597.906688,1,59046606.6304,0.019763558505952
4109,21597.926688,2,59046626.8288,0.0285461101891122
4110,21597.946688,1,59046646.656,0.0197625340627369
4111,21597.966688,2,59046666.5984,0.0285020591308624
4112,21597.986688,1,59046686.656,0.0197738029381031
4113,21598.006688,2,59046706.6752,0.0285194746655193
4114,21598.026688,1,59046726.6816,0.0197645829491671
4115,21598.046688,2,59046746.688,0.0285276702112402
4116,21598.066688,1,59046766.9248,0.0197738029381031
4117,21598.086688,2,59046786.816,0.0285737701559203
4118,21598.106688,1,59046806.6432,0.0198229762124285
4119,21598.126688,2,59046826.6624,0.0287100211035302
4120,21598.146688,1,59046846.9248,0.0198670272706784
4121,21598.166688,2,59046868.4544,0.0287694388100068
4122,21598.186688,1,59046886.8608,0.0197307763230684
4123,21598.206688,2,59046906.9184,0.0287407543999836
4124,21598.226688,1,59046926.656,0.0197922429159752
4125,21598.246688,2,59046946.6624,0.0286208945438154
4126,21598.266688,1,59046966.6176,0.0197901940295449
4127,21598.286688,2,59046986.88,0.0286270412031061
4128,21598.306688,1,59047006.7072,0.0197963406888356
4129,21598.326688,2,59047026.7008,0.028544061302682
4130,21598.346688,1,59047046.6816,0.0198321962013646
4131,21598.366688,2,59047066.688,0.028534841313746
4132,21598.386688,1,59047086.8224,0.0198250250988588
4133,21598.406688,2,59047106.6752,0.0285768434855656
4134,21598.426688,1,59047126.6944,0.0197604851763067
4135,21598.446688,2,59047146.7136,0.0287294855246174
4136,21598.466688,1,59047166.6944,0.0198301473149343
4137,21598.486688,2,59047186.7392,0.0288636875857971
4138,21598.506688,1,59047206.7584,0.0197481918577253
4139,21598.526688,2,59047226.7008,0.0290388673755814
4140,21598.546688,1,59047246.7072,0.0197799495973938
4141,21598.566688,2,59047266.7008,0.0290009629766222
4142,21598.586688,1,59047286.7072,0.0198588317249575
4143,21598.606688,2,59047306.944,0.0287940254471695
4144,21598.626688,1,59047326.6944,0.0197676562788125
4145,21598.646688,2,59047346.752,0.0288513942672158
4146,21598.666688,1,59047366.7456,0.019817853996353
4147,21598.686688,2,59047387.0976,0.0287407543999836
4148,21598.706688,1,59047406.8224,0.0198393673038703
4149,21598.726688,2,59047426.7392,0.0288206609707624
4150,21598.746688,1,59047446.7328,0.0198332206445797
4151,21598.766688,2,59047466.7264,0.0287376810703383
4152,21598.786688,1,59047486.784,0.0198557583953122
4153,21598.806688,2,59047506.7264,0.0286659700452804
4154,21598.826688,1,59047526.72,0.0197625340627369
4155,21598.846688,2,59047548.6848,0.0286639211588502
4156,21598.866688,1,59047566.7328,0.0197420451984347
4157,21598.886688,2,59047586.7776,0.0285665990534145
4158,21598.906688,1,59047609.2928,0.0197758518245334
4159,21598.926688,2,59047626.7392,0.0284416169811707
4160,21598.946688,1,59047646.72,0.0197748273813183
4161,21598.966688,2,59047666.752,0.0283156104657119
4162,21598.986688,1,59047686.72,0.0197779007109636
4163,21599.006688,2,59047706.7264,0.0282899993853341
4164,21599.026688,1,59047726.7456,0.0197420451984347
4165,21599.046688,2,59047746.7392,0.0282408261110087
4166,21599.066688,1,59047766.7712,0.0198414161903006
4167,21599.086688,2,59047786.7648,0.0283186837953572
4168,21599.106688,1,59047807.1168,0.0197850718134694
4169,21599.126688,2,59047826.7776,0.0285153768926588
4170,21599.146688,1,59047846.784,0.019799414018481
4171,21599.166688,2,59047866.7776,0.0286065523388039
4172,21599.186688,1,59047887.1168,0.0198260495420739
4173,21599.206688,2,59047906.752,0.0285215235519495
4174,21599.226688,1,59047926.7712,0.0197901940295449
4175,21599.246688,2,59047946.816,0.0284836191529904
4176,21599.266688,1,59047966.7328,0.0198496117360215
4177,21599.286688,2,59047987.1104,0.028380150388264
4178,21599.306688,1,59048006.8224,0.0198209273259983
4179,21599.326688,2,59048026.9184,0.0281721884155961
4180,21599.346688,1,59048046.7968,0.0198065851209867
4181,21599.366688,2,59048066.7904,0.0281844817341775
4182,21599.386688,1,59048086.8096,0.0198526850656668
4183,21599.406688,2,59048106.816,0.0281353084598521
4184,21599.426688,1,59048126.7968,0.0198649783842482
4185,21599.446688,2,59048146.8416,0.0279765197615096
4186,21599.466688,1,59048166.8224,0.0197860962566845
4187,21599.486688,2,59048186.8288,0.027906857622882
4188,21599.506688,1,59048206.9888,0.0197061896859057
4189,21599.526688,2,59048228.8256,0.0278822709857193
4190,21599.546688,1,59048246.912,0.0197615096195218
4191,21599.566688,2,59048266.8288,0.0278054377445858
4192,21599.586688,1,59048286.848,0.0197604851763067
4193,21599.606688,2,59048306.8544,0.0278187555063823
4194,21599.626688,1,59048326.8608,0.0197533140738009
4195,21599.646688,2,59048346.8928,0.0279591042268527
4196,21599.666688,1,59048366.8608,0.0197697051652427
4197,21599.686688,2,59048387.2,0.0283719548425431
4198,21599.706688,1,59048406.8992,0.0196529186387199
4199,21599.726688,2,59048426.8672,0.0286680189317106
4200,21599.746688,1,59048446.848,0.019653943081935
4201,21599.766688,2,59048466.8544,0.0291197983895753
4202,21599.786688,1,59048487.2576,0.0197113119019813
4203,21599.806688,2,59048506.8928,0.0292591226668306
4204,21599.826688,1,59048526.8608,0.0196969696969697
4205,21599.846688,2,59048547.2,0.0289845718851804
4206,21599.866688,1,59048566.8608,0.0197236052205626
4207,21599.886688,2,59048587.2256,0.029008134079128
4208,21599.906688,1,59048606.8864,0.0197369229823591
4209,21599.926688,2,59048626.8416,0.0289282275083492
4210,21599.946688,1,59048646.912,0.0197236052205626
4211,21599.966688,2,59048666.88,0.0287591943778556
4212,21599.986688,1,59048686.8736,0.0197123363451964
4213,21600.006688,2,59048706.9184,0.0286147478845248
4214,21600.026688,1,59048726.8864,0.0196990185833999
4215,21600.046688,2,59048746.8672,0.0286669944884955
4216,21600.066688,1,59048766.912,0.0196918474808941
4217,21600.086688,2,59048787.2768,0.0287089966603151
4218,21600.106688,1,59048806.912,0.0197492163009404
4219,21600.126688,2,59048826.8928,0.0286751900342164
4220,21600.146688,1,59048846.8992,0.0197338496527138
4221,21600.166688,2,59048866.8544,0.0287878787878788
4222,21600.186688,1,59048887.1936,0.019808634007417
4223,21600.206688,2,59048906.8928,0.0285676234966296
4224,21600.226688,1,59048926.912,0.0197656073923822
4225,21600.246688,2,59048946.944,0.028562501280554
4226,21600.266688,1,59048967.2576,0.0196918474808941
4227,21600.286688,2,59048987.456,0.0283586370807466
4228,21600.306688,1,59049006.912,0.019690823037679
4229,21600.326688,2,59049026.8672,0.0281947261663286
4230,21600.346688,1,59049046.9376,0.0196938963673244
4231,21600.366688,2,59049066.9184,0.0282234105763518
4232,21600.386688,1,59049086.9376,0.0197615096195218
4233,21600.406688,2,59049106.9696,0.0280195463765444
4234,21600.426688,1,59049126.9248,0.0197328252094986
4235,21600.446688,2,59049146.944,0.0280420841272768
4236,21600.466688,1,59049166.9376,0.0197707296084578
4237,21600.486688,2,59049186.9696,0.0281137951523347
4238,21600.506688,1,59049206.9632,0.0197594607330916
4239,21600.526688,2,59049226.9312,0.0280472063433524
4240,21600.546688,1,59049246.976,0.0197881451431147
4241,21600.566688,2,59049266.9312,0.0280697440940849
4242,21600.586688,1,59049288.4608,0.019754338517016
4243,21600.606688,2,59049308.2496,0.0280789640830209
4244,21600.626688,1,59049326.9504,0.0197492163009404
4245,21600.646688,2,59049347.0464,0.028098428504108
4246,21600.666688,1,59049367.1936,0.0197471674145102
4247,21600.686688,2,59049386.9824,0.0280523285594279
4248,21600.706688,1,59049406.976,0.0197369229823591
4249,21600.726688,2,59049426.9696,0.028044133013707
4250,21600.746688,1,59049446.9632,0.0197307763230684
4251,21600.766688,2,59049467.008,0.0282500460999447
4252,21600.786688,1,59049487.1424,0.0197277029934231
4253,21600.806688,2,59049507.0592,0.0284907902554961
4254,21600.826688,1,59049526.912,0.0197440940848649
4255,21600.846688,2,59049547.3152,0.0283811748314791
4256,21600.866688,1,59049566.9504,0.0197840473702543
4257,21600.886688,2,59049587.0976,0.0282797549531829
4258,21600.906688,1,59049607.0144,0.0197707296084578
4259,21600.926688,2,59049629.3632,0.0282572172024505
4260,21600.946688,1,59049647.0656,0.0197901940295449
4261,21600.966688,2,59049666.9952,0.0282264839059971
4262,21600.986688,1,59049687.0144,0.0197707296084578
4263,21601.006688,2,59049707.0464,0.0281752617452415
4264,21601.026688,1,59049727.0016,0.0198106828938472
4265,21601.046688,2,59049747.0208,0.0280041797283177
4266,21601.066688,1,59049766.976,0.0197871206998996
4267,21601.086688,2,59049787.0336,0.0279703731022189
4268,21601.106688,1,59049807.0272,0.0198373184174401
4269,21601.126688,2,59049827.0208,0.0279754953182945
4270,21601.146688,1,59049847.0144,0.0197901940295449
4271,21601.166688,2,59049867.008,0.0280123752740386
4272,21601.186688,1,59049889.28,0.0197676562788125
4273,21601.206688,2,59049907.0848,0.0279867641936607
4274,21601.226688,1,59049927.0272,0.0198096584506321
4275,21601.246688,2,59049947.0464,0.0280707685373
4276,21601.266688,1,59049967.0272,0.0197574118466613
4277,21601.286688,2,59049987.3536,0.0280174974901141
4278,21601.306688,1,59050007.0528,0.0197922429159752
4279,21601.326688,2,59050027.0848,0.0281301862437765
4280,21601.346688,1,59050047.0656,0.0197717540516729
4281,21601.366688,2,59050067.0592,0.0282541438728051
4282,21601.386688,1,59050089.6512,0.0197277029934231
4283,21601.406688,2,59050107.1104,0.0281353084598521
4284,21601.426688,1,59050127.0528,0.0197369229823591
4285,21601.446688,2,59050150.1824,0.0282264839059971
4286,21601.466688,1,59050167.2704,0.0197184830044871
4287,21601.486688,2,59050187.0464,0.0281055996066138
4288,21601.506688,1,59050207.1296,0.0197440940848649
4289,21601.526688,2,59050227.0592,0.0279519331243469
4290,21601.546688,1,59050247.0528,0.0196457475362141
4291,21601.566688,2,59050267.0592,0.0279478353514865
4292,21601.586688,1,59050288.9472,0.0197697051652427
4293,21601.606688,2,59050307.0848,0.0277019689798594
4294,21601.626688,1,59050327.0656,0.0198240006556437
4295,21601.646688,2,59050347.0848,0.0276353801708771
4296,21601.666688,1,59050367.0656,0.0198004384616961
4297,21601.686688,2,59050387.136,0.0276077202040691
4298,21601.706688,1,59050407.0528,0.0197717540516729
4299,21601.726688,2,59050427.0592,0.0276056713176389
4300,21601.746688,1,59050447.0784,0.0197574118466613
4301,21601.766688,2,59050467.2768,0.0277337267195279
4302,21601.786688,1,59050487.3344,0.0197133607884115
4303,21601.806688,2,59050507.136,0.0278259266088881
4304,21601.826688,1,59050527.1168,0.0197686807220276
4305,21601.846688,2,59050547.0848,0.0278187555063823
4306,21601.866688,1,59050567.0912,0.0197143852316266
4307,21601.886688,2,59050587.136,0.0278013399717254
4308,21601.906688,1,59050607.104,0.0196826274919581
4309,21601.926688,2,59050627.1488,0.0278167066199521
4310,21601.946688,1,59050647.2192,0.019772778494888
4311,21601.966688,2,59050667.1232,0.0277849488802836
4312,21601.986688,1,59050687.1296,0.0198024873481263
4313,21602.006688,2,59050707.2512,0.0279048087364517
4314,21602.026688,1,59050727.1296,0.0197123363451964
4315,21602.046688,2,59050747.1232,0.0279652508861434
4316,21602.066688,1,59050767.3344,0.0197799495973938
4317,21602.086688,2,59050790.2208,0.0281773106316717
4318,21602.106688,1,59050807.1168,0.0197297518798533
4319,21602.126688,2,59050827.1616,0.0281947261663286
4320,21602.146688,1,59050847.1424,0.0197717540516729
4321,21602.166688,2,59050867.1744,0.0284016636957813
4322,21602.186688,1,59050887.1552,0.0197225807773475
4323,21602.206688,2,59050907.2,0.0286157723277399
4324,21602.226688,1,59050927.168,0.0197604851763067
4325,21602.246688,2,59050947.3792,0.0286956788985187
4326,21602.266688,1,59050967.552,0.0197881451431147
4327,21602.286688,2,59050988.096,0.0286403589649026
4328,21602.306688,1,59051007.1552,0.019781998483824
4329,21602.326688,2,59051027.1616,0.0285922101337923
4330,21602.346688,1,59051047.232,0.0197738029381031
4331,21602.366688,2,59051067.2128,0.0286004056795132
4332,21602.386688,1,59051087.2064,0.0197604851763067
4333,21602.406688,2,59051107.1616,0.0286956788985187
4334,21602.426688,1,59051127.168,0.01974511852808
4335,21602.446688,2,59051147.2,0.0288677853586576
4336,21602.466688,1,59051167.2064,0.0197195074477022
4337,21602.486688,2,59051187.2128,0.0287479255024894
4338,21602.506688,1,59051207.2064,0.0197215563341324
4339,21602.526688,2,59051227.3536,0.0286004056795132
4340,21602.546688,1,59051247.2704,0.0197277029934231
4341,21602.566688,2,59051267.4816,0.028480545823345
4342,21602.586688,1,59051287.2448,0.0197236052205626
4343,21602.606688,2,59051307.2384,0.0283832237179093
4344,21602.626688,1,59051327.2192,0.0197041407994755
4345,21602.646688,2,59051347.1872,0.0283668326264675
4346,21602.666688,1,59051367.36,0.0197174585612719
4347,21602.686688,2,59051387.2512,0.0283545393078862
4348,21602.706688,1,59051407.4624,0.0197860962566845
4349,21602.726688,2,59051427.2256,0.0283176593521421
4350,21602.746688,1,59051447.2192,0.0196969696969697
4351,21602.766688,2,59051467.2128,0.0283555637511013
4352,21602.786688,1,59051487.2448,0.0197143852316266
4353,21602.806688,2,59051508.2752,0.0282510705431598
4354,21602.826688,1,59051527.2192,0.0197502407441556
4355,21602.846688,2,59051547.3152,0.0283043415903456
4356,21602.866688,1,59051567.424,0.0197307763230684
4357,21602.886688,2,59051587.776,0.0281967750527588
4358,21602.906688,1,59051607.2448,0.0197318007662835
4359,21602.926688,2,59051627.2512,0.0280093019443932
4360,21602.946688,1,59051647.2448,0.0197809740406089
4361,21602.966688,2,59051667.3152,0.0280728174237302
4362,21602.986688,1,59051688.384,0.0198004384616961
4363,21603.006688,2,59051710.1056,0.0280564263322884
4364,21603.026688,1,59051727.3216,0.0197471674145102
4365,21603.046688,2,59051747.2512,0.0282152150306309
4366,21603.066688,1,59051767.2832,0.0197645829491671
4367,21603.086688,2,59051787.5072,0.0281957506095437
4368,21603.106688,1,59051807.5776,0.0198209273259983
4369,21603.126688,2,59051827.2768,0.0281639928698752
4370,21603.146688,1,59051847.2832,0.0198024873481263
4371,21603.166688,2,59051867.3024,0.0280041797283177
4372,21603.186688,1,59051887.296,0.0198373184174401
4373,21603.206688,2,59051907.4048,0.0278402688138996
4374,21603.226688,1,59051927.3216,0.0198260495420739
4375,21603.246688,2,59051947.3664,0.027725531173807
4376,21603.266688,1,59051967.3216,0.0197205318909173
4377,21603.286688,2,59051987.4432,0.0276947978773537
4378,21603.306688,1,59052007.424,0.0197697051652427
4379,21603.326688,2,59052027.3024,0.0277050423095048
4380,21603.346688,1,59052047.4368,0.0197789251541787
4381,21603.366688,2,59052067.3536,0.0277880222099289
4382,21603.386688,1,59052087.4496,0.0197205318909173
4383,21603.406688,2,59052107.3408,0.0276825045587723
4384,21603.426688,1,59052127.296,0.0198024873481263
4385,21603.446688,2,59052147.3408,0.0276210379658656
4386,21603.466688,1,59052167.3216,0.0197164341180568
4387,21603.486688,2,59052187.3152,0.0274776159157498
4388,21603.506688,1,59052207.5264,0.0197051652426906
4389,21603.526688,2,59052227.328,0.0274571270514475
4390,21603.546688,1,59052247.3728,0.0197481918577253
4391,21603.566688,2,59052267.3024,0.027524740303645
4392,21603.586688,1,59052287.36,0.0197072141291208
4393,21603.606688,2,59052307.328,0.0274868359046858
4394,21603.626688,1,59052327.36,0.0197297518798533
4395,21603.646688,2,59052347.4304,0.0275800602372611
4396,21603.666688,1,59052367.3216,0.0197707296084578
4397,21603.686688,2,59052387.3792,0.0278238777224578
4398,21603.706688,1,59052407.552,0.0197379474255742
4399,21603.726688,2,59052427.3408,0.0278689532239228
4400,21603.746688,1,59052447.5392,0.0197399963120044
4401,21603.766688,2,59052467.4048,0.0282551683160202
4402,21603.786688,1,59052487.4368,0.0197154096748417
4403,21603.806688,2,59052507.3664,0.0285461101891122
4404,21603.826688,1,59052527.36,0.0197061896859057
4405,21603.846688,2,59052547.4304,0.0287909521175241
4406,21603.866688,1,59052567.3344,0.0197256541069929
4407,21603.886688,2,59052587.52,0.0290235007273547
4408,21603.906688,1,59052607.4368,0.0197061896859057
4409,21603.926688,2,59052627.3408,0.0291556539021042
4410,21603.946688,1,59052647.36,0.0196570164115803
4411,21603.966688,2,59052667.392,0.0290849673202614
4412,21603.986688,1,59052687.3856,0.01974511852808
4413,21604.006688,2,59052707.5968,0.0290439895916569
4414,21604.026688,1,59052727.4368,0.0196867252648186
4415,21604.046688,2,59052747.3792,0.0289190075194132
4416,21604.066688,1,59052767.424,0.019772778494888
4417,21604.086688,2,59052787.4176,0.0289159341897679
4418,21604.106688,1,59052807.3984,0.0197686807220276
4419,21604.126688,2,59052828.3008,0.0286055278955887
4420,21604.146688,1,59052847.3728,0.019663163070871
4421,21604.166688,2,59052867.4432,0.0284795213801299
4422,21604.186688,1,59052887.4112,0.0197328252094986
4423,21604.206688,2,59052907.4944,0.0285778679287807
4424,21604.226688,1,59052927.424,0.0197666318355974
4425,21604.246688,2,59052947.584,0.0284272747761592
4426,21604.266688,1,59052968.2944,0.0197492163009404
4427,21604.286688,2,59052987.392,0.0285133280062286
4428,21604.306688,1,59053007.3984,0.0197256541069929
4429,21604.326688,2,59053028.2496,0.0286198701006003
4430,21604.346688,1,59053047.3984,0.0196990185833999
4431,21604.366688,2,59053067.4304,0.0287100211035302
4432,21604.386688,1,59053087.4112,0.0196652119573012
4433,21604.406688,2,59053107.6352,0.0286936300120884
4434,21604.426688,1,59053127.3984,0.0197830229270392
4435,21604.446688,2,59053147.4432,0.0283678570696826
4436,21604.466688,1,59053167.424,0.0197215563341324
4437,21604.486688,2,59053187.5968,0.0282203372467064
4438,21604.506688,1,59053207.4368,0.0197481918577253
4439,21604.526688,2,59053228.032,0.0282510705431598
4440,21604.546688,1,59053247.424,0.0197799495973938
4441,21604.566688,2,59053267.4816,0.0281230151412707
4442,21604.586688,1,59053287.4368,0.0198158051099228
4443,21604.606688,2,59053307.6608,0.0280113508308234
4444,21604.626688,1,59053327.424,0.019836293974225
4445,21604.646688,2,59053347.4304,0.0279355420329051
4446,21604.666688,1,59053367.7952,0.0197983895752658
4447,21604.686688,2,59053387.4688,0.0279734464318643
4448,21604.706688,1,59053407.4496,0.0197717540516729
4449,21604.726688,2,59053427.456,0.0278996865203762
4450,21604.746688,1,59053448.2432,0.0198240006556437
4451,21604.766688,2,59053467.456,0.0279734464318643
4452,21604.786688,1,59053487.552,0.0198188784395681
4453,21604.806688,2,59053507.6736,0.028044133013707
4454,21604.826688,1,59053527.4752,0.0198782961460446
4455,21604.846688,2,59053547.4816,0.0279447620218411
4456,21604.866688,1,59053567.4496,0.0198465384063761
4457,21604.886688,2,59053587.5072,0.0278832954289344
4458,21604.906688,1,59053607.7952,0.0198280984285041
4459,21604.926688,2,59053627.4816,0.0280318396951257
4460,21604.946688,1,59053647.616,0.0197891695863298
4461,21604.966688,2,59053667.4944,0.0280810129694511
4462,21604.986688,1,59053687.616,0.0197809740406089
4463,21605.006688,2,59053707.5456,0.0281691150859508
4464,21605.026688,1,59053727.5776,0.0198342450877948
4465,21605.046688,2,59053747.6608,0.0280994529473231
4466,21605.066688,1,59053769.792,0.0197779007109636
4467,21605.086688,2,59053787.5072,0.0280748663101604
4468,21605.106688,1,59053807.5648,0.0198332206445797
4469,21605.126688,2,59053827.5584,0.0280062286147479
4470,21605.146688,1,59053847.6544,0.0198424406335157
4471,21605.166688,2,59053867.5072,0.0278771487696437
4472,21605.186688,1,59053887.5264,0.0197809740406089
4473,21605.206688,2,59053907.7376,0.0278535865756961
4474,21605.226688,1,59053927.5264,0.0197584362898765
4475,21605.246688,2,59053947.7504,0.0278669043374926
4476,21605.266688,1,59053967.552,0.0197871206998996
4477,21605.286688,2,59053987.5712,0.0278412932571148
4478,21605.306688,1,59054007.8464,0.0198557583953122
4479,21605.326688,2,59054027.5456,0.0278228532792427
4480,21605.346688,1,59054047.7568,0.019772778494888
4481,21605.366688,2,59054067.52,0.0277808511074231
4482,21605.386688,1,59054087.616,0.0198424406335157
4483,21605.406688,2,59054107.5584,0.0278546110189112
4484,21605.426688,1,59054127.5264,0.0198291228717192
4485,21605.446688,2,59054147.5456,0.0278771487696437
4486,21605.466688,1,59054167.5904,0.0198342450877948
4487,21605.486688,2,59054188.3392,0.0277900710963591
4488,21605.506688,1,59054207.8464,0.0197840473702543
4489,21605.526688,2,59054227.5712,0.0276855778884176
4490,21605.546688,1,59054247.5648,0.0198219517692134
4491,21605.566688,2,59054267.5968,0.0277081156391501
4492,21605.586688,1,59054287.6416,0.019808634007417
4493,21605.606688,2,59054307.6096,0.0275452291679472
4494,21605.626688,1,59054327.6544,0.0197840473702543
4495,21605.646688,2,59054347.584,0.0275124469850636
4496,21605.666688,1,59054367.5776,0.019772778494888
4497,21605.686688,2,59054387.7888,0.0274571270514475
4498,21605.706688,1,59054407.6544,0.0197348740959289
4499,21605.726688,2,59054427.8528,0.0276097690904993
4500,21605.746688,1,59054447.5904,0.0198096584506321
4501,21605.766688,2,59054467.5584,0.027543180281517
4502,21605.786688,1,59054487.8464,0.0197830229270392
4503,21605.806688,2,59054507.6992,0.0276599668080398
4504,21605.826688,1,59054527.744,0.0197246296637777
4505,21605.846688,2,59054550.2848,0.0276907001044932
4506,21605.866688,1,59054567.5904,0.0197615096195218
4507,21605.886688,2,59054587.8656,0.0276476734894585
4508,21605.906688,1,59054607.744,0.0197461429712951
4509,21605.926688,2,59054627.8656,0.0276609912512549
4510,21605.946688,1,59054647.8208,0.0197594607330916
4511,21605.966688,2,59054667.6096,0.027716311184871
4512,21605.986688,1,59054688.0128,0.0197973651320507
4513,21606.006688,2,59054707.6352,0.0276292335115864
4514,21606.026688,1,59054728.9216,0.0197461429712951
4515,21606.046688,2,59054747.5968,0.0277757288913476
4516,21606.066688,1,59054767.7312,0.0197348740959289
4517,21606.086688,2,59054787.6992,0.0278289999385334
4518,21606.106688,1,59054807.7824,0.0197584362898765
4519,21606.126688,2,59054827.7248,0.027871002110353
4520,21606.146688,1,59054847.6288,0.0197871206998996
4521,21606.166688,2,59054867.6352,0.0277060667527199
4522,21606.186688,1,59054887.872,0.0197697051652427
4523,21606.206688,2,59054907.8784,0.0276835290019874
4524,21606.226688,1,59054927.9744,0.0198280984285041
4525,21606.246688,2,59054949.1456,0.0276138668633598
4526,21606.266688,1,59054967.6544,0.0198260495420739
4527,21606.286688,2,59054987.9808,0.0275933779990575
4528,21606.306688,1,59055007.6928,0.0197522896305858
4529,21606.326688,2,59055027.6224,0.0275585469297437
4530,21606.346688,1,59055047.744,0.0198106828938472
4531,21606.366688,2,59055067.6736,0.0275134714282787
4532,21606.386688,1,59055087.936,0.0197891695863298
4533,21606.406688,2,59055107.8528,0.0275206425307845
4534,21606.426688,1,59055127.8592,0.0197942918024054
4535,21606.446688,2,59055147.6992,0.0274509803921569
4536,21606.466688,1,59055167.6544,0.019763558505952
4537,21606.486688,2,59055187.6736,0.0274940070071916
4538,21606.506688,1,59055207.8592,0.0197645829491671
4539,21606.526688,2,59055227.9936,0.0275595713729588
4540,21606.546688,1,59055247.7184,0.0198537095088819
4541,21606.566688,2,59055267.6992,0.0275483024975926
4542,21606.586688,1,59055287.7184,0.0197604851763067
4543,21606.606688,2,59055307.9168,0.0274048804474768
4544,21606.626688,1,59055327.872,0.0198444895199459
4545,21606.646688,2,59055347.6736,0.0274294670846395
4546,21606.666688,1,59055367.6928,0.0197748273813183
4547,21606.686688,2,59055388.1344,0.0273833671399594
4548,21606.706688,1,59055407.9488,0.0198106828938472
4549,21606.726688,2,59055427.904,0.0275298625197205
4550,21606.746688,1,59055447.7312,0.0197953162456205
4551,21606.766688,2,59055467.7248,0.0275257647468601
4552,21606.786688,1,59055487.936,0.0198383428606552
4553,21606.806688,2,59055507.8016,0.027498104780052
4554,21606.826688,1,59055527.8464,0.0198127317802774
4555,21606.846688,2,59055547.7632,0.0276046468744237
4556,21606.866688,1,59055567.7312,0.0197768762677485
4557,21606.886688,2,59055587.8016,0.0277470444813244
4558,21606.906688,1,59055607.8848,0.0198260495420739
4559,21606.926688,2,59055627.7504,0.0280021308418874
4560,21606.946688,1,59055647.9104,0.0198741983731842
4561,21606.966688,2,59055667.7376,0.0283022927039154
4562,21606.986688,1,59055687.9616,0.0197850718134694
4563,21607.006688,2,59055707.7632,0.0282613149753109
4564,21607.026688,1,59055727.744,0.0197830229270392
4565,21607.046688,2,59055747.8016,0.028234679451718
4566,21607.066688,1,59055768.064,0.0197492163009404
4567,21607.086688,2,59055787.9168,0.028152723994509
4568,21607.106688,1,59055807.7312,0.0197932673591903
4569,21607.126688,2,59055827.8272,0.0278996865203762
4570,21607.146688,1,59055847.808,0.0197789251541787
4571,21607.166688,2,59055867.8528,0.0276476734894585
4572,21607.186688,1,59055887.808,0.0198065851209867
4573,21607.206688,2,59055907.7376,0.0274683959268138
4574,21607.226688,1,59055928.0512,0.0197666318355974
4575,21607.246688,2,59055947.7888,0.0275267891900752
4576,21607.266688,1,59055967.936,0.0198004384616961
4577,21607.286688,2,59055987.8272,0.0276097690904993
4578,21607.306688,1,59056007.7952,0.0197748273813183
4579,21607.326688,2,59056027.7888,0.027570840248325
4580,21607.346688,1,59056048.0128,0.0198444895199459
4581,21607.366688,2,59056067.7888,0.0275442047247321
4582,21607.386688,1,59056088.064,0.019772778494888
4583,21607.406688,2,59056107.7888,0.0274653225971684
4584,21607.426688,1,59056127.7312,0.0197697051652427
4585,21607.446688,2,59056147.904,0.0273720982645932
4586,21607.466688,1,59056167.872,0.0197932673591903
4587,21607.486688,2,59056187.8144,0.0273659516053025
4588,21607.506688,1,59056207.7952,0.0197512651873707
4589,21607.526688,2,59056227.8144,0.0273874649128199
4590,21607.546688,1,59056248,0.0197440940848649
4591,21607.566688,2,59056267.9296,0.0273854160263897
4592,21607.586688,1,59056287.8336,0.0197615096195218
4593,21607.606688,2,59056308.0576,0.02729731390989
4594,21607.626688,1,59056327.8208,0.0197707296084578
4595,21607.646688,2,59056347.84,0.027206138463745
4596,21607.666688,1,59056367.8464,0.0197184830044871
4597,21607.686688,2,59056387.8656,0.0271764296105067
4598,21607.706688,1,59056407.8208,0.0197379474255742
4599,21607.726688,2,59056427.8272,0.0270483742086176
4600,21607.746688,1,59056447.936,0.019781998483824
4601,21607.766688,2,59056467.968,0.0271026696990186
4602,21607.786688,1,59056487.9104,0.0197471674145102
4603,21607.806688,2,59056507.8144,0.0271231585633208
4604,21607.826688,1,59056527.8336,0.0197287274366382
4605,21607.846688,2,59056547.9936,0.0270504230950478
4606,21607.866688,1,59056567.8208,0.0197717540516729
4607,21607.886688,2,59056588.3392,0.0271200852336755
4608,21607.906688,1,59056607.8336,0.0197410207552195
4609,21607.926688,2,59056627.84,0.0271549163029893
4610,21607.946688,1,59056648,0.019763558505952
4611,21607.966688,2,59056668.032,0.0271713073944311
4612,21607.986688,1,59056687.936,0.019763558505952
4613,21608.006688,2,59056707.8528,0.0272665806134366
4614,21608.026688,1,59056728.064,0.0197502407441556
4615,21608.046688,2,59056747.8272,0.0273290716495585
4616,21608.066688,1,59056767.9744,0.0197563874034462
4617,21608.086688,2,59056787.9168,0.027397709344971
4618,21608.106688,1,59056807.8592,0.019772778494888
4619,21608.126688,2,59056827.8528,0.0276691867969758
4620,21608.146688,1,59056847.936,0.0197195074477022
4621,21608.166688,2,59056867.9808,0.0281742373020263
4622,21608.186688,1,59056888.1408,0.0198014629049112
4623,21608.206688,2,59056907.9296,0.0286362611920421
4624,21608.226688,1,59056927.9104,0.0197143852316266
4625,21608.246688,2,59056948.0576,0.0287940254471695
4626,21608.266688,1,59056967.9104,0.0197584362898765
4627,21608.286688,2,59056987.8912,0.0287940254471695
4628,21608.306688,1,59057007.936,0.0197615096195218
4629,21608.326688,2,59057027.9936,0.0288565164832913
4630,21608.346688,1,59057047.936,0.0197594607330916
4631,21608.366688,2,59057068.0576,0.0289097875304772
4632,21608.386688,1,59057087.8976,0.0196938963673244
4633,21608.406688,2,59057107.8912,0.0287038744442396
4634,21608.426688,1,59057128.32,0.0197901940295449
4635,21608.446688,2,59057148.1856,0.0286321634191817
4636,21608.466688,1,59057167.9104,0.0197697051652427
4637,21608.486688,2,59057188.1472,0.0284979613580019
4638,21608.506688,1,59057207.9232,0.0197973651320507
4639,21608.526688,2,59057227.9296,0.0281947261663286
4640,21608.546688,1,59057247.872,0.019799414018481
4641,21608.566688,2,59057268.288,0.0279683242157887
4642,21608.586688,1,59057288.1152,0.019817853996353
4643,21608.606688,2,59057307.904,0.0278320732681787
4644,21608.626688,1,59057327.9232,0.0197779007109636
4645,21608.646688,2,59057348.2112,0.0277040178662897
4646,21608.666688,1,59057367.9616,0.019772778494888
4647,21608.686688,2,59057388.1472,0.0275216669739996
4648,21608.706688,1,59057408,0.0197922429159752
4649,21608.726688,2,59057428.352,0.02761591574979
4650,21608.746688,1,59057448.32,0.0198311717581494
4651,21608.766688,2,59057467.9168,0.0274940070071916
4652,21608.786688,1,59057488.4224,0.0197512651873707
4653,21608.806688,2,59057507.9424,0.0276640645809003
4654,21608.826688,1,59057527.9616,0.0197779007109636
4655,21608.846688,2,59057548.0832,0.0277808511074231
4656,21608.866688,1,59057567.9488,0.0197666318355974
4657,21608.886688,2,59057588.2112,0.0276763578994816
4658,21608.906688,1,59057607.9616,0.0198619050546028
4659,21608.926688,2,59057627.9552,0.0277531911406151
4660,21608.946688,1,59057648.2304,0.0197891695863298
4661,21608.966688,2,59057668.16,0.0278576843485566
4662,21608.986688,1,59057687.9488,0.0197932673591903
4663,21609.006688,2,59057707.968,0.0278013399717254
4664,21609.026688,1,59057727.9616,0.0198311717581494
4665,21609.046688,2,59057747.9552,0.0278904665314402
4666,21609.066688,1,59057768.3968,0.0197318007662835
4667,21609.086688,2,59057788.0064,0.0278699776671379
4668,21609.106688,1,59057807.9872,0.0197891695863298
4669,21609.126688,2,59057828.032,0.0277695822320569
4670,21609.146688,1,59057848.1536,0.0197236052205626
4671,21609.166688,2,59057868.1472,0.0279078820660971
4672,21609.186688,1,59057888.0384,0.0197748273813183
4673,21609.206688,2,59057907.968,0.0280052041715328
4674,21609.226688,1,59057928,0.0197348740959289
4675,21609.246688,2,59057948.1472,0.0280359374679861
4676,21609.266688,1,59057967.9744,0.0198014629049112
4677,21609.286688,2,59057988.0832,0.0280011063986723
4678,21609.306688,1,59058008,0.0197164341180568
4679,21609.326688,2,59058027.9936,0.0279283709303993
4680,21609.346688,1,59058048.2432,0.0197860962566845
4681,21609.366688,2,59058068.3008,0.0278443665867601
4682,21609.386688,1,59058088.0768,0.0197113119019813
4683,21609.406688,2,59058108.0192,0.0278935398610855
4684,21609.426688,1,59058128,0.0197625340627369
4685,21609.446688,2,59058148.032,0.0278914909746553
4686,21609.466688,1,59058168.0384,0.0197789251541787
4687,21609.486688,2,59058188.0448,0.0278197799495974
4688,21609.506688,1,59058208.0256,0.0198291228717192
4689,21609.526688,2,59058228.0576,0.0278167066199521
4690,21609.546688,1,59058248.0768,0.0198065851209867
4691,21609.566688,2,59058268.0448,0.0276364046140922
4692,21609.586688,1,59058288.1408,0.0198106828938472
4693,21609.606688,2,59058308.0192,0.0277245067305919
4694,21609.626688,1,59058328.0384,0.0198076095642019
4695,21609.646688,2,59058348.032,0.0276599668080398
4696,21609.666688,1,59058368.0384,0.0198260495420739
4697,21609.686688,2,59058388.1856,0.0276384535005225
4698,21609.706688,1,59058408.0384,0.0198516606224517
4699,21609.726688,2,59058428.0704,0.027552400270453
4700,21609.746688,1,59058448.2688,0.0198127317802774
4701,21609.766688,2,59058468.032,0.0276005491015633
4702,21609.786688,1,59058488.1408,0.0198291228717192
4703,21609.806688,2,59058508.0704,0.0276630401376852
4704,21609.826688,1,59058528.2816,0.0197553629602311
4705,21609.846688,2,59058548.0448,0.0277111889687955
4706,21609.866688,1,59058568.0512,0.0198096584506321
4707,21609.886688,2,59058588.0832,0.0276374290573074
4708,21609.906688,1,59058608.0512,0.0198158051099228
4709,21609.926688,2,59058628.0576,0.0276763578994816
4710,21609.946688,1,59058648.2688,0.0197912184727601
4711,21609.966688,2,59058668.0832,0.0276384535005225
4712,21609.986688,1,59058688.1408,0.0196887741512488
4713,21610.006688,2,59058708.0704,0.0276036224312086
4714,21610.026688,1,59058728.0896,0.0197051652426906
4715,21610.046688,2,59058748.0704,0.0275093736554183
4716,21610.066688,1,59058768.1024,0.0197789251541787
4717,21610.086688,2,59058788.1856,0.0274602003810929
4718,21610.106688,1,59058808.128,0.0197912184727601
4719,21610.126688,2,59058828.1088,0.0274868359046858
4720,21610.146688,1,59058848.0768,0.0197615096195218
4721,21610.166688,2,59058868.0832,0.0274786403589649
4722,21610.186688,1,59058888.1536,0.0197983895752658
4723,21610.206688,2,59058908.0704,0.0274550781650173
4724,21610.226688,1,59058928.1152,0.0198158051099228
4725,21610.246688,2,59058948.1216,0.0274909336775463
4726,21610.266688,1,59058968.1024,0.0197871206998996
4727,21610.286688,2,59058988.1728,0.0275605958161739
4728,21610.306688,1,59059008.0896,0.0197912184727601
4729,21610.326688,2,59059028.1088,0.0274602003810929
4730,21610.346688,1,59059048.128,0.0198557583953122
4731,21610.366688,2,59059068.2752,0.027533960292581
4732,21610.386688,1,59059088.1536,0.0197840473702543
4733,21610.406688,2,59059108.1728,0.027625135738726
4734,21610.426688,1,59059128.1152,0.0197850718134694
4735,21610.446688,2,59059148.1472,0.0275780113508308
4736,21610.466688,1,59059168.1536,0.0198250250988588
4737,21610.486688,2,59059188.1088,0.0276364046140922
4738,21610.506688,1,59059208.1792,0.0198373184174401
4739,21610.526688,2,59059228.16,0.0276804556723421
4740,21610.546688,1,59059248.1024,0.0198496117360215
4741,21610.566688,2,59059268.1344,0.0278699776671379
4742,21610.586688,1,59059288.1664,0.0198383428606552
4743,21610.606688,2,59059308.1472,0.0280605241051489
4744,21610.626688,1,59059328.1536,0.0199192738746491
4745,21610.646688,2,59059348.16,0.0279785686479398
4746,21610.666688,1,59059368.1792,0.0198946872374864
4747,21610.686688,2,59059388.1984,0.0280236441494048
4748,21610.706688,1,59059408.1408,0.0198444895199459
4749,21610.726688,2,59059428.1984,0.0280021308418874
4750,21610.746688,1,59059448.1664,0.0198660028274633
4751,21610.766688,2,59059468.1344,0.0278494888028357
4752,21610.786688,1,59059488.2432,0.0198916139078411
4753,21610.806688,2,59059508.1856,0.0277029934230746
4754,21610.826688,1,59059528.1408,0.0198475628495912
4755,21610.846688,2,59059548.16,0.0276609912512549
4756,21610.866688,1,59059568.192,0.0198219517692134
4757,21610.886688,2,59059588.2368,0.0275636691458192
4758,21610.906688,1,59059608.256,0.0198209273259983
4759,21610.926688,2,59059628.1984,0.0275411313950868
4760,21610.946688,1,59059648.2048,0.0198106828938472
4761,21610.966688,2,59059668.2112,0.0276353801708771
4762,21610.986688,1,59059688.1792,0.0198014629049112
4763,21611.006688,2,59059708.1984,0.0275923535558424
4764,21611.026688,1,59059728.2176,0.01988136947569
4765,21611.046688,2,59059748.2112,0.0276210379658656
4766,21611.066688,1,59059768.192,0.0198188784395681
4767,21611.086688,2,59059788.2112,0.0276005491015633
4768,21611.106688,1,59059808.2176,0.0198065851209867
4769,21611.126688,2,59059828.224,0.0275032269961276
4770,21611.146688,1,59059848.192,0.0197779007109636
4771,21611.166688,2,59059868.2112,0.0275667424754646
4772,21611.186688,1,59059888.2688,0.0198987850103469
4773,21611.206688,2,59059908.1856,0.0274192226524884
4774,21611.226688,1,59059928.2944,0.0198219517692134
4775,21611.246688,2,59059948.224,0.0273874649128199
4776,21611.266688,1,59059968.192,0.0197922429159752
4777,21611.286688,2,59059988.2368,0.0273044850123958
4778,21611.306688,1,59060008.2176,0.0198321962013646
4779,21611.326688,2,59060028.224,0.0273300960927736
4780,21611.346688,1,59060048.2304,0.0197901940295449
4781,21611.366688,2,59060068.2112,0.0272778494888028
4782,21611.386688,1,59060088.2304,0.0198117073370623
4783,21611.406688,2,59060108.224,0.0274018071178315
4784,21611.426688,1,59060128.2176,0.0198065851209867
4785,21611.446688,2,59060148.2496,0.0274325404142848
4786,21611.466688,1,59060168.256,0.0198444895199459
4787,21611.486688,2,59060188.5056,0.0275206425307845
4788,21611.506688,1,59060208.2432,0.0198670272706784
4789,21611.526688,2,59060228.2624,0.0275103980986334
4790,21611.546688,1,59060248.2176,0.0197891695863298
4791,21611.566688,2,59060268.2624,0.0277101645255803
4792,21611.586688,1,59060288.3328,0.0197932673591903
4793,21611.606688,2,59060308.2496,0.0278689532239228
4794,21611.626688,1,59060328.2816,0.0198076095642019
4795,21611.646688,2,59060348.2368,0.0279099309525273
4796,21611.666688,1,59060368.2816,0.0198383428606552
4797,21611.686688,2,59060388.288,0.0277900710963591
4798,21611.706688,1,59060408.2688,0.0198137562234925
4799,21611.726688,2,59060428.2752,0.0277603622431209
4800,21611.746688,1,59060448.2816,0.0198158051099228
4801,21611.766688,2,59060468.2496,0.0277859733234987
4802,21611.786688,1,59060488.3712,0.0198199028827832
4803,21611.806688,2,59060508.288,0.0278740754399984
4804,21611.826688,1,59060528.2688,0.0198578072817424
4805,21611.846688,2,59060548.352,0.0278259266088881
4806,21611.866688,1,59060568.2688,0.0198352695310099
4807,21611.886688,2,59060588.3008,0.0278607576782019
4808,21611.906688,1,59060608.32,0.0198598561681726
4809,21611.926688,2,59060628.3264,0.0279601286700678
4810,21611.946688,1,59060648.2816,0.0198670272706784
4811,21611.966688,2,59060668.3008,0.0279283709303993
4812,21611.986688,1,59060688.2944,0.0198936627942713
4813,21612.006688,2,59060708.4032,0.0279058331796669
4814,21612.026688,1,59060728.3072,0.0198864916917655
4815,21612.046688,2,59060748.3136,0.027871002110353
4816,21612.066688,1,59060768.32,0.0198526850656668
4817,21612.086688,2,59060788.3264,0.0278566599053415
4818,21612.106688,1,59060808.384,0.0198578072817424
4819,21612.126688,2,59060828.3008,0.0278955887475157
4820,21612.146688,1,59060848.3072,0.0198711250435388
4821,21612.166688,2,59060868.3392,0.0279355420329051
4822,21612.186688,1,59060888.4224,0.019899809453562
4823,21612.206688,2,59060908.352,0.0279857397504456
4824,21612.226688,1,59060928.32,0.0198690761571086
4825,21612.246688,2,59060948.3136,0.027998033069027
4826,21612.266688,1,59060968.3328,0.0198680517138935
4827,21612.286688,2,59060988.3904,0.0282008728256193
4828,21612.306688,1,59061008.3584,0.0198393673038703
4829,21612.326688,2,59061028.3136,0.0282613149753109
4830,21612.346688,1,59061048.3456,0.0198803450324748
4831,21612.366688,2,59061068.3648,0.028298194931055
4832,21612.386688,1,59061088.4224,0.0197912184727601
4833,21612.406688,2,59061108.4032,0.0282541438728051
4834,21612.426688,1,59061128.3456,0.019845513963161
4835,21612.446688,2,59061148.352,0.028216239473846
4836,21612.466688,1,59061168.3968,0.0198823939189051
4837,21612.486688,2,59061188.3904,0.0282100928145553
4838,21612.506688,1,59061208.3968,0.0199018583399922
4839,21612.526688,2,59061228.352,0.028316634908927
4840,21612.546688,1,59061248.3584,0.019899809453562
4841,21612.566688,2,59061268.3904,0.0282664371913865
4842,21612.586688,1,59061288.4864,0.0198147806667076
4843,21612.606688,2,59061308.416,0.0280554018890733
4844,21612.626688,1,59061328.3712,0.0198567828385273
4845,21612.646688,2,59061348.3648,0.028016473046899
4846,21612.666688,1,59061368.3968,0.0198741983731842
4847,21612.686688,2,59061388.4288,0.0279632019997132
4848,21612.706688,1,59061408.384,0.0198649783842482
4849,21612.726688,2,59061428.3776,0.0280246685926199
4850,21612.746688,1,59061448.4224,0.0198137562234925
4851,21612.766688,2,59061468.3648,0.0279468109082714
4852,21612.786688,1,59061488.3968,0.0198946872374864
4853,21612.806688,2,59061508.48,0.0280297908086955
4854,21612.826688,1,59061528.384,0.0197748273813183
4855,21612.846688,2,59061548.416,0.0279447620218411
4856,21612.866688,1,59061568.384,0.0198465384063761
4857,21612.886688,2,59061588.5056,0.0279232487143238
4858,21612.906688,1,59061608.4864,0.0197881451431147
4859,21612.926688,2,59061628.416,0.0279939352961665
4860,21612.946688,1,59061648.3968,0.0198660028274633
4861,21612.966688,2,59061668.4288,0.028034913024771
4862,21612.986688,1,59061688.448,0.0198475628495912
4863,21613.006688,2,59061708.5312,0.0281650173130903
4864,21613.026688,1,59061728.4224,0.0198291228717192
4865,21613.046688,2,59061748.416,0.0281742373020263
4866,21613.066688,1,59061768.5248,0.0198219517692134
4867,21613.086688,2,59061788.4416,0.0281998483824042
4868,21613.106688,1,59061808.4224,0.0197881451431147
4869,21613.126688,2,59061828.4928,0.0280933062880325
4870,21613.146688,1,59061848.4224,0.0198332206445797
4871,21613.166688,2,59061868.4288,0.0280861351855267
4872,21613.186688,1,59061888.576,0.019845513963161
4873,21613.206688,2,59061908.4288,0.0279662753293585
4874,21613.226688,1,59061928.5504,0.0198916139078411
4875,21613.246688,2,59061948.4288,0.0278812465425042
4876,21613.266688,1,59061968.4224,0.0198434650767308
4877,21613.286688,2,59061988.5312,0.027789046653144
4878,21613.306688,1,59062008.448,0.0198823939189051
4879,21613.326688,2,59062028.5184,0.0278044133013707
4880,21613.346688,1,59062048.4608,0.019836293974225
4881,21613.366688,2,59062068.5312,0.0278966131907308
4882,21613.386688,1,59062088.5248,0.0198475628495912
4883,21613.406688,2,59062108.5824,0.0277910955395742
4884,21613.426688,1,59062128.448,0.0198434650767308
4885,21613.446688,2,59062148.4672,0.0280041797283177
4886,21613.466688,1,59062168.4864,0.0198967361239166
4887,21613.486688,2,59062188.4928,0.0278546110189112
4888,21613.506688,1,59062208.5504,0.0197707296084578
4889,21613.526688,2,59062228.5056,0.0278095355174463
4890,21613.546688,1,59062248.5632,0.0198526850656668
4891,21613.566688,2,59062268.48,0.0278013399717254
4892,21613.586688,1,59062288.5504,0.019808634007417
4893,21613.606688,2,59062308.5568,0.0279242731575389
4894,21613.626688,1,59062328.4864,0.0198823939189051
4895,21613.646688,2,59062348.5696,0.027889442088225
4896,21613.666688,1,59062368.4864,0.019808634007417
4897,21613.686688,2,59062388.5568,0.0278638310078472
4898,21613.706688,1,59062408.7296,0.0197963406888356
4899,21613.726688,2,59062428.5056,0.0278822709857193
4900,21613.746688,1,59062448.4992,0.0198844428053353
4901,21613.766688,2,59062468.5312,0.0279171020550331
4902,21613.786688,1,59062488.5248,0.019890589464626
4903,21613.806688,2,59062508.5952,0.0278986620771611
4904,21613.826688,1,59062528.4992,0.0198537095088819
4905,21613.846688,2,59062548.672,0.0279509086811318
4906,21613.866688,1,59062568.512,0.0198373184174401
4907,21613.886688,2,59062588.608,0.0279693486590038
4908,21613.906688,1,59062608.5888,0.0197809740406089
4909,21613.926688,2,59062628.5184,0.0278986620771611
4910,21613.946688,1,59062648.5248,0.019808634007417
4911,21613.966688,2,59062668.6208,0.0278310488249636
4912,21613.986688,1,59062688.5888,0.0198424406335157
4913,21614.006688,2,59062708.608,0.0279130042821726
4914,21614.026688,1,59062728.5376,0.019845513963161
4915,21614.046688,2,59062748.5568,0.0280830618558813
4916,21614.066688,1,59062768.576,0.0198516606224517
4917,21614.086688,2,59062788.6464,0.0280963796176778
4918,21614.106688,1,59062808.5632,0.019854733952097
4919,21614.126688,2,59062828.544,0.0281291618005614
4920,21614.146688,1,59062848.5248,0.0197830229270392
4921,21614.166688,2,59062868.6336,0.0281250640277009
4922,21614.186688,1,59062888.6016,0.0197799495973938
4923,21614.206688,2,59062908.7104,0.0280431085704919
4924,21614.226688,1,59062928.5888,0.0198752228163993
4925,21614.246688,2,59062948.5568,0.0280041797283177
4926,21614.266688,1,59062968.6272,0.0198168295531379
4927,21614.286688,2,59062988.6336,0.0281219906980556
4928,21614.306688,1,59063008.7296,0.0198168295531379
4929,21614.326688,2,59063028.608,0.028398590366136
4930,21614.346688,1,59063048.6016,0.0198373184174401
4931,21614.366688,2,59063068.5952,0.0288933964390354
4932,21614.386688,1,59063088.6912,0.0198219517692134
4933,21614.406688,2,59063108.864,0.0289835474419653
4934,21614.426688,1,59063128.5888,0.0197973651320507
4935,21614.446688,2,59063148.5824,0.0289640830208782
4936,21614.466688,1,59063168.6912,0.0198199028827832
4937,21614.486688,2,59063188.7104,0.028935398610855
4938,21614.506688,1,59063208.768,0.0198045362345565
4939,21614.526688,2,59063228.6208,0.0288749564611634
4940,21614.546688,1,59063248.6144,0.0198065851209867
4941,21614.566688,2,59063268.6592,0.0287366566271232
4942,21614.586688,1,59063288.704,0.0198444895199459
4943,21614.606688,2,59063308.6848,0.0286055278955887
4944,21614.626688,1,59063328.64,0.0197707296084578
4945,21614.646688,2,59063348.5952,0.0284590325158277
4946,21614.666688,1,59063368.7424,0.0198475628495912
4947,21614.686688,2,59063388.6976,0.0283207326817874
4948,21614.706688,1,59063408.7936,0.0198557583953122
4949,21614.726688,2,59063428.6464,0.0282152150306309
4950,21614.746688,1,59063448.8192,0.0197932673591903
4951,21614.766688,2,59063468.7104,0.0281916528366833
4952,21614.786688,1,59063488.704,0.0197871206998996
4953,21614.806688,2,59063508.672,0.0282213616899215
4954,21614.826688,1,59063528.6912,0.0197973651320507
4955,21614.846688,2,59063548.6464,0.0281281373573463
4956,21614.866688,1,59063568.6528,0.0198024873481263
4957,21614.886688,2,59063588.7488,0.0281721884155961
4958,21614.906688,1,59063608.6912,0.0197901940295449
4959,21614.926688,2,59063628.6592,0.0281773106316717
4960,21614.946688,1,59063648.6912,0.0197707296084578
4961,21614.966688,2,59063668.6976,0.0280123752740386
4962,21614.986688,1,59063688.7808,0.0197697051652427
4963,21615.006688,2,59063708.7104,0.0279037842932366
4964,21615.026688,1,59063728.832,0.0198158051099228
4965,21615.046688,2,59063748.6848,0.0278873932017948
4966,21615.066688,1,59063768.6912,0.0197881451431147
4967,21615.086688,2,59063788.7872,0.0278669043374926
4968,21615.106688,1,59063808.704,0.0197963406888356
4969,21615.126688,2,59063828.7488,0.0280226197061897
4970,21615.146688,1,59063848.6912,0.0198240006556437
4971,21615.166688,2,59063868.9152,0.027988813080091
4972,21615.186688,1,59063888.7936,0.0197871206998996
4973,21615.206688,2,59063908.7104,0.0280656463212244
4974,21615.226688,1,59063928.8064,0.0198352695310099
4975,21615.246688,2,59063948.7232,0.0280103263876083
4976,21615.266688,1,59063968.7168,0.0197789251541787
4977,21615.286688,2,59063988.9536,0.0281506751080788
4978,21615.306688,1,59064008.8192,0.019799414018481
4979,21615.326688,2,59064028.7104,0.0281455528920032
4980,21615.346688,1,59064048.832,0.0197830229270392
4981,21615.366688,2,59064068.6976,0.0281445284487881
4982,21615.386688,1,59064096.0896,0.0197615096195218
4983,21615.406688,2,59064108.7616,0.0280748663101604
4984,21615.426688,1,59064128.7296,0.019735898539144
4985,21615.446688,2,59064148.7616,0.028152723994509
4986,21615.466688,1,59064168.7552,0.0197871206998996
4987,21615.486688,2,59064188.8256,0.0282828282828283
4988,21615.506688,1,59064208.7808,0.0198065851209867
4989,21615.526688,2,59064228.8128,0.0284139570143627
4990,21615.546688,1,59064248.7552,0.0198065851209867
4991,21615.566688,2,59064268.8128,0.0286096256684492
4992,21615.586688,1,59064288.8832,0.0197963406888356
4993,21615.606688,2,59064308.6976,0.028771487696437
4994,21615.626688,1,59064328.9856,0.0197133607884115
4995,21615.646688,2,59064348.7488,0.0286086012252341
4996,21615.666688,1,59064368.768,0.019808634007417
4997,21615.686688,2,59064389.0432,0.0286362611920421
4998,21615.706688,1,59064408.7936,0.0197809740406089
4999,21615.726688,2,59064428.8,0.0285071813469379
5000,21615.746688,1,59064448.8704,0.0197563874034462
5001,21615.766688,2,59064468.8768,0.0283668326264675
5002,21615.786688,1,59064488.8576,0.0197871206998996
5003,21615.806688,2,59064508.8256,0.0284446903108161
5004,21615.826688,1,59064528.8704,0.0198424406335157
5005,21615.846688,2,59064548.8,0.0283924437068453
5006,21615.866688,1,59064568.768,0.0198619050546028
5007,21615.886688,2,59064589.1584,0.028407810355072
5008,21615.906688,1,59064608.8064,0.0197799495973938
5009,21615.926688,2,59064628.9792,0.0282756571803225
5010,21615.946688,1,59064648.8192,0.0198076095642019
5011,21615.966688,2,59064668.8256,0.0284098592415022
5012,21615.986688,1,59064688.8448,0.0198045362345565
5013,21616.006688,2,59064708.8512,0.0285676234966296
5014,21616.026688,1,59064728.8576,0.019836293974225
5015,21616.046688,2,59064748.8,0.0286096256684492
5016,21616.066688,1,59064768.7936,0.0198741983731842
5017,21616.086688,2,59064789.0688,0.0284539102997521
5018,21616.106688,1,59064808.832,0.0198106828938472
5019,21616.126688,2,59064828.8128,0.0283535148646711
5020,21616.146688,1,59064849.1392,0.0197860962566845
5021,21616.166688,2,59064868.8512,0.0282100928145553
5022,21616.186688,1,59064888.9984,0.0197830229270392
5023,21616.206688,2,59064908.8768,0.0281404306759276
5024,21616.226688,1,59064928.8064,0.0198475628495912
5025,21616.246688,2,59064948.9408,0.0280226197061897
5026,21616.266688,1,59064968.832,0.0198701006003237
5027,21616.286688,2,59064988.9024,0.0279877886368759
5028,21616.306688,1,59065008.9344,0.0198342450877948
5029,21616.326688,2,59065028.8384,0.0280174974901141
5030,21616.346688,1,59065049.1136,0.019845513963161
5031,21616.366688,2,59065068.864,0.0281240395844858
5032,21616.386688,1,59065088.9344,0.0199018583399922
5033,21616.406688,2,59065108.9152,0.0280400352408466
5034,21616.426688,1,59065128.8704,0.0198147806667076
5035,21616.446688,2,59065148.8512,0.0279672997725736
5036,21616.466688,1,59065168.8832,0.0197983895752658
5037,21616.486688,2,59065188.9408,0.0280840862990964
5038,21616.506688,1,59065208.9088,0.0197953162456205
5039,21616.526688,2,59065228.8896,0.0282326305652878
5040,21616.546688,1,59065248.9472,0.0197922429159752
5041,21616.566688,2,59065268.8896,0.0285041080172926
5042,21616.586688,1,59065289.1136,0.0197922429159752
5043,21616.606688,2,59065308.9792,0.0288175876411171
5044,21616.626688,1,59065328.9088,0.019817853996353
5045,21616.646688,2,59065348.8896,0.0287489499457045
5046,21616.666688,1,59065368.896,0.0197697051652427
5047,21616.686688,2,59065389.1712,0.0287182166492511
5048,21616.706688,1,59065409.0368,0.0198147806667076
5049,21616.726688,2,59065428.9152,0.0285307435408855
5050,21616.746688,1,59065449.088,0.0197942918024054
5051,21616.766688,2,59065468.9792,0.0283299526707235
5052,21616.786688,1,59065489.1776,0.019754338517016
5053,21616.806688,2,59065508.992,0.0282131661442006
5054,21616.826688,1,59065529.024,0.0197768762677485
5055,21616.846688,2,59065549.056,0.0282469727702993
5056,21616.866688,1,59065569.0112,0.019763558505952
5057,21616.886688,2,59065588.9664,0.0283217571250026
5058,21616.906688,1,59065608.9984,0.0197830229270392
5059,21616.926688,2,59065628.864,0.0284866924826357
5060,21616.946688,1,59065648.9728,0.0197912184727601
5061,21616.966688,2,59065668.992,0.0285389390866064
5062,21616.986688,1,59065688.9728,0.0197799495973938
5063,21617.006688,2,59065709.0304,0.0284354703218801
5064,21617.026688,1,59065729.1008,0.0198291228717192
5065,21617.046688,2,59065748.9152,0.0282869260556887
5066,21617.066688,1,59065769.024,0.0198106828938472
5067,21617.086688,2,59065789.1072,0.0280769151965907
5068,21617.106688,1,59065809.1008,0.019817853996353
5069,21617.126688,2,59065828.9536,0.0279509086811318
5070,21617.146688,1,59065848.9728,0.0197901940295449
5071,21617.166688,2,59065869.0944,0.0278781732128588
5072,21617.186688,1,59065889.1136,0.019781998483824
5073,21617.206688,2,59065908.9024,0.0278935398610855
5074,21617.226688,1,59065928.96,0.0197584362898765
5075,21617.246688,2,59065948.9792,0.0280359374679861
5076,21617.266688,1,59065968.9216,0.0196990185833999
5077,21617.286688,2,59065988.9408,0.0280308152519106
5078,21617.306688,1,59066008.9856,0.0197942918024054
5079,21617.326688,2,59066029.0304,0.0279857397504456
5080,21617.346688,1,59066049.0496,0.01974511852808
5081,21617.366688,2,59066068.992,0.027880222099289
5082,21617.386688,1,59066088.9728,0.0197850718134694
5083,21617.406688,2,59066109.0432,0.0277142622984408
5084,21617.426688,1,59066128.9728,0.0197830229270392
5085,21617.446688,2,59066149.0816,0.0275442047247321
5086,21617.466688,1,59066169.792,0.0198055606777716
5087,21617.486688,2,59066189.1968,0.0274345893007151
5088,21617.506688,1,59066208.9472,0.0198311717581494
5089,21617.526688,2,59066229.1456,0.0275493269408077
5090,21617.546688,1,59066249.088,0.0198741983731842
5091,21617.566688,2,59066269.0304,0.0276077202040691
5092,21617.586688,1,59066289.2416,0.0198065851209867
5093,21617.606688,2,59066309.0048,0.0278781732128588
5094,21617.626688,1,59066328.9984,0.0197953162456205
5095,21617.646688,2,59066349.0304,0.0283002438174852
5096,21617.666688,1,59066369.2288,0.0198342450877948
5097,21617.686688,2,59066389.2096,0.0284057614686418
5098,21617.706688,1,59066408.9856,0.0197830229270392
5099,21617.726688,2,59066429.0816,0.0282951216014096
5100,21617.746688,1,59066449.0112,0.0197891695863298
5101,21617.766688,2,59066469.0048,0.0281680906427357
5102,21617.786688,1,59066489.1136,0.0197389718687893
5103,21617.806688,2,59066509.056,0.0281516995512939
5104,21617.826688,1,59066529.1008,0.0197574118466613
5105,21617.846688,2,59066549.0688,0.0280912574016022
5106,21617.866688,1,59066569.0496,0.0198106828938472
5107,21617.886688,2,59066589.1328,0.0282018972688344
5108,21617.906688,1,59066609.1392,0.0197779007109636
5109,21617.926688,2,59066629.0816,0.0282059950416948
5110,21617.946688,1,59066649.0368,0.0197779007109636
5111,21617.966688,2,59066669.1712,0.0283360993300141
5112,21617.986688,1,59066689.344,0.019808634007417
5113,21618.006688,2,59066709.184,0.0285030835740775
5114,21618.026688,1,59066729.216,0.0198485872928064
5115,21618.046688,2,59066749.1328,0.0285512324051878
5116,21618.066688,1,59066769.0368,0.0197983895752658
5117,21618.086688,2,59066789.056,0.0284303481058045
5118,21618.106688,1,59066809.0752,0.019772778494888
5119,21618.126688,2,59066829.1072,0.0283555637511013
5120,21618.146688,1,59066849.1136,0.0197922429159752
5121,21618.166688,2,59066869.0432,0.0283750281721884
5122,21618.186688,1,59066889.152,0.0197666318355974
5123,21618.206688,2,59066909.12,0.0283914192636302
5124,21618.226688,1,59066929.088,0.019827073985289
5125,21618.246688,2,59066949.056,0.028407810355072
5126,21618.266688,1,59066969.1136,0.0198465384063761
5127,21618.286688,2,59066989.1072,0.0283504415350257
5128,21618.306688,1,59067009.1648,0.0197973651320507
5129,21618.326688,2,59067029.0432,0.0284856680394206
5130,21618.346688,1,59067049.1776,0.0198147806667076
5131,21618.366688,2,59067069.1328,0.0284477636404614
5132,21618.386688,1,59067089.1264,0.0198485872928064
5133,21618.406688,2,59067109.1712,0.0283627348536071
5134,21618.426688,1,59067129.152,0.0197860962566845
5135,21618.446688,2,59067149.1712,0.028225459462782
5136,21618.466688,1,59067169.1136,0.0197512651873707
5137,21618.486688,2,59067189.1712,0.0282756571803225
5138,21618.506688,1,59067209.2032,0.0197625340627369
5139,21618.526688,2,59067229.0816,0.0282479972135145
5140,21618.546688,1,59067249.2288,0.0198137562234925
5141,21618.566688,2,59067269.1328,0.0283115126928514
5142,21618.586688,1,59067289.1136,0.0197512651873707
5143,21618.606688,2,59067309.3632,0.0281445284487881
5144,21618.626688,1,59067329.216,0.0197932673591903
5145,21618.646688,2,59067349.0816,0.0280881840719569
5146,21618.666688,1,59067369.152,0.0197369229823591
5147,21618.686688,2,59067389.184,0.0280687196508698
5148,21618.706688,1,59067409.2288,0.0198127317802774
5149,21618.726688,2,59067429.2096,0.0280482307865675
5150,21618.746688,1,59067449.088,0.0197830229270392
5151,21618.766688,2,59067469.248,0.0279652508861434
5152,21618.786688,1,59067489.2416,0.0198516606224517
5153,21618.806688,2,59067509.2608,0.0279877886368759
5154,21618.826688,1,59067529.152,0.0197789251541787
5155,21618.846688,2,59067549.1072,0.0280205708197595
5156,21618.866688,1,59067569.2288,0.0197574118466613
5157,21618.886688,2,59067589.2096,0.0278884176450099
5158,21618.906688,1,59067609.2416,0.0197492163009404
5159,21618.926688,2,59067629.12,0.0280707685373
5160,21618.946688,1,59067649.1264,0.019817853996353
5161,21618.966688,2,59067669.248,0.0281373573462823
5162,21618.986688,1,59067689.28,0.0197645829491671
5163,21619.006688,2,59067709.2864,0.0281588706537997
5164,21619.026688,1,59067729.1648,0.0197891695863298
5165,21619.046688,2,59067749.1328,0.0280963796176778
5166,21619.066688,1,59067769.1776,0.0198127317802774
5167,21619.086688,2,59067789.2864,0.0281291618005614
5168,21619.106688,1,59067809.2928,0.0197604851763067
5169,21619.126688,2,59067829.1456,0.0281957506095437
5170,21619.146688,1,59067849.1392,0.0198055606777716
5171,21619.166688,2,59067869.2864,0.0281660417563054
5172,21619.186688,1,59067889.28,0.01974511852808
5173,21619.206688,2,59067909.3632,0.0280912574016022
5174,21619.226688,1,59067929.2032,0.0198229762124285
5175,21619.246688,2,59067949.3376,0.0279498842379167
5176,21619.266688,1,59067969.1392,0.0197881451431147
5177,21619.286688,2,59067989.248,0.0277900710963591
5178,21619.306688,1,59068009.2928,0.0198024873481263
5179,21619.326688,2,59068029.312,0.0278392443706845
5180,21619.346688,1,59068049.3056,0.019845513963161
5181,21619.366688,2,59068069.2096,0.0278914909746553
5182,21619.386688,1,59068089.344,0.0198168295531379
5183,21619.406688,2,59068109.248,0.0278095355174463
5184,21619.426688,1,59068129.1776,0.0198055606777716
5185,21619.446688,2,59068149.3248,0.0276937734341385
5186,21619.466688,1,59068169.2672,0.0198045362345565
5187,21619.486688,2,59068189.3632,0.0276548445919643
5188,21619.506688,1,59068209.3568,0.0198065851209867
5189,21619.526688,2,59068229.2096,0.0275872313397668
5190,21619.546688,1,59068249.216,0.0197277029934231
5191,21619.566688,2,59068269.2992,0.0275626447026041
5192,21619.586688,1,59068289.3952,0.0198496117360215
5193,21619.606688,2,59068309.4656,0.0276753334562665
5194,21619.626688,1,59068329.2672,0.0197860962566845
5195,21619.646688,2,59068349.2096,0.0276917245477083
5196,21619.666688,1,59068369.5232,0.0198188784395681
5197,21619.686688,2,59068389.3376,0.0277593377999058
5198,21619.706688,1,59068409.3696,0.0198567828385273
5199,21619.726688,2,59068429.2608,0.0277081156391501
5200,21619.746688,1,59068449.2544,0.0198024873481263
5201,21619.766688,2,59068469.312,0.0278044133013707
5202,21619.786688,1,59068489.3952,0.0197348740959289
5203,21619.806688,2,59068509.4016,0.0277747044481324
5204,21619.826688,1,59068529.2928,0.0198660028274633
5205,21619.846688,2,59068549.2736,0.0278679287807077
5206,21619.866688,1,59068569.3696,0.0197891695863298
5207,21619.886688,2,59068589.5424,0.0278126088470916
5208,21619.906688,1,59068609.344,0.0197881451431147
5209,21619.926688,2,59068629.2736,0.0278658798942775
5210,21619.946688,1,59068649.3312,0.0198332206445797
5211,21619.966688,2,59068669.3888,0.0277337267195279
5212,21619.986688,1,59068689.3696,0.0198065851209867
5213,21620.006688,2,59068709.3504,0.0277880222099289
5214,21620.026688,1,59068729.3056,0.0197604851763067
5215,21620.046688,2,59068749.5424,0.0278853443153646
5216,21620.066688,1,59068769.3696,0.0197871206998996
5217,21620.086688,2,59068789.44,0.0279826664208003
5218,21620.106688,1,59068809.4336,0.0197287274366382
5219,21620.126688,2,59068829.3504,0.0280174974901141
5220,21620.146688,1,59068849.3184,0.0197512651873707
5221,21620.166688,2,59068869.44,0.0280779396398058
5222,21620.186688,1,59068889.3824,0.0197574118466613
5223,21620.206688,2,59068909.4656,0.0281260884709161
5224,21620.226688,1,59068929.344,0.0197123363451964
5225,21620.246688,2,59068949.7088,0.0280728174237302
5226,21620.266688,1,59068969.4592,0.0197420451984347
5227,21620.286688,2,59068989.4144,0.0280328641383408
5228,21620.306688,1,59069009.4592,0.0197533140738009
5229,21620.326688,2,59069029.4016,0.0280625729915791
5230,21620.346688,1,59069049.5616,0.0197912184727601
5231,21620.366688,2,59069069.2992,0.0281148195955498
5232,21620.386688,1,59069089.3312,0.0197604851763067
5233,21620.406688,2,59069109.3504,0.0280267174790501
5234,21620.426688,1,59069129.3184,0.0197840473702543
5235,21620.446688,2,59069149.3632,0.0280717929805151
5236,21620.466688,1,59069169.3312,0.019700043026615
5237,21620.486688,2,59069189.5552,0.0280625729915791
5238,21620.506688,1,59069209.3952,0.01974511852808
5239,21620.526688,2,59069229.3504,0.0280492552297826
5240,21620.546688,1,59069249.5104,0.019845513963161
5241,21620.566688,2,59069269.3632,0.0280205708197595
5242,21620.586688,1,59069289.6384,0.0197891695863298
5243,21620.606688,2,59069309.44,0.0279406642489807
5244,21620.626688,1,59069329.4336,0.0197563874034462
5245,21620.646688,2,59069349.376,0.0280318396951257
5246,21620.666688,1,59069369.4336,0.019845513963161
5247,21620.686688,2,59069389.4784,0.0282561927592354
5248,21620.706688,1,59069409.4848,0.0197942918024054
5249,21620.726688,2,59069429.4272,0.0283494170918106
5250,21620.746688,1,59069449.3696,0.0198588317249575
5251,21620.766688,2,59069469.4016,0.0283647837400373
5252,21620.786688,1,59069489.4592,0.0198096584506321
5253,21620.806688,2,59069509.4912,0.0283207326817874
5254,21620.826688,1,59069529.408,0.0197717540516729
5255,21620.846688,2,59069549.4528,0.0282684860778167
5256,21620.866688,1,59069569.472,0.0198219517692134
5257,21620.886688,2,59069589.44,0.028161943983445
5258,21620.906688,1,59069609.472,0.0197901940295449
5259,21620.926688,2,59069629.376,0.0282049705984797
5260,21620.946688,1,59069649.472,0.0197440940848649
5261,21620.966688,2,59069669.4272,0.0280410596840617
5262,21620.986688,1,59069689.728,0.0198147806667076
5263,21621.006688,2,59069709.4912,0.0279918864097363
5264,21621.026688,1,59069729.472,0.0198137562234925
5265,21621.046688,2,59069749.4784,0.0278515376892659
5266,21621.066688,1,59069769.4336,0.0198321962013646
5267,21621.086688,2,59069789.5168,0.0278003155285103
5268,21621.106688,1,59069809.4464,0.019890589464626
5269,21621.126688,2,59069829.4912,0.0278576843485566
5270,21621.146688,1,59069849.4336,0.0197922429159752
5271,21621.166688,2,59069869.5424,0.0278371954842543
5272,21621.186688,1,59069889.5104,0.0198168295531379
5273,21621.206688,2,59069909.76,0.0278136332903067
5274,21621.226688,1,59069929.4848,0.0197840473702543
5275,21621.246688,2,59069949.4784,0.027962177556498
5276,21621.266688,1,59069969.4592,0.0198557583953122
5277,21621.286688,2,59069989.504,0.0280851107423116
5278,21621.306688,1,59070009.472,0.0198240006556437
5279,21621.326688,2,59070029.4528,0.0282305816788575
5280,21621.346688,1,59070049.4848,0.0197932673591903
5281,21621.366688,2,59070069.4144,0.0281721884155961
5282,21621.386688,1,59070089.5104,0.0197953162456205
5283,21621.406688,2,59070109.4528,0.0281885795070379
5284,21621.426688,1,59070129.4336,0.0198065851209867
5285,21621.446688,2,59070149.4912,0.0280728174237302
5286,21621.466688,1,59070169.472,0.0197277029934231
5287,21621.486688,2,59070189.5168,0.0281015018337534
5288,21621.506688,1,59070209.472,0.0198137562234925
5289,21621.526688,2,59070229.4784,0.028171163972381
5290,21621.546688,1,59070249.4848,0.0197953162456205
5291,21621.566688,2,59070269.5552,0.0281629684266601
5292,21621.586688,1,59070289.4976,0.0198403917470855
5293,21621.606688,2,59070309.5168,0.0281639928698752
5294,21621.626688,1,59070329.536,0.0197973651320507
5295,21621.646688,2,59070349.4784,0.0282295572356424
5296,21621.666688,1,59070369.5104,0.0198332206445797
5297,21621.686688,2,59070389.5424,0.0281824328477472
5298,21621.706688,1,59070409.472,0.0197574118466613
5299,21621.726688,2,59070429.7728,0.0280359374679861
5300,21621.746688,1,59070449.4848,0.0198055606777716
5301,21621.766688,2,59070469.4784,0.0280021308418874
5302,21621.786688,1,59070489.7152,0.019808634007417
5303,21621.806688,2,59070509.4912,0.0279509086811318
5304,21621.826688,1,59070529.5232,0.0198342450877948
5305,21621.846688,2,59070549.4912,0.0279201753846784
5306,21621.866688,1,59070569.4848,0.0197563874034462
5307,21621.886688,2,59070589.568,0.0277490933677546
5308,21621.906688,1,59070609.5104,0.0197963406888356
5309,21621.926688,2,59070629.4912,0.0276968467637839
5310,21621.946688,1,59070649.5232,0.0197686807220276
5311,21621.966688,2,59070669.504,0.0275882557829819
5312,21621.986688,1,59070689.5616,0.0197481918577253
5313,21622.006688,2,59070709.5296,0.0276988956502141
5314,21622.026688,1,59070729.5104,0.0197973651320507
5315,21622.046688,2,59070749.6192,0.0275196180875694
5316,21622.066688,1,59070769.5232,0.0197953162456205
5317,21622.086688,2,59070789.6192,0.027515520314709
5318,21622.106688,1,59070809.4976,0.0197707296084578
5319,21622.126688,2,59070829.5936,0.0275206425307845
5320,21622.146688,1,59070849.5232,0.0197502407441556
5321,21622.166688,2,59070869.504,0.0274735181428893
5322,21622.186688,1,59070889.6128,0.0197779007109636
5323,21622.206688,2,59070909.5168,0.0275687913618948
5324,21622.226688,1,59070929.6256,0.0197676562788125
5325,21622.246688,2,59070949.5168,0.0275390825086565
5326,21622.266688,1,59070969.5232,0.0198168295531379
5327,21622.286688,2,59070989.6064,0.0275472780543774
5328,21622.306688,1,59071009.5616,0.019817853996353
5329,21622.326688,2,59071029.9648,0.0274899092343311
5330,21622.346688,1,59071049.536,0.0197963406888356
5331,21622.366688,2,59071069.5552,0.0274786403589649
5332,21622.386688,1,59071089.9328,0.0198024873481263
5333,21622.406688,2,59071109.5424,0.0274509803921569
5334,21622.426688,1,59071129.5744,0.0197789251541787
5335,21622.446688,2,59071149.5936,0.0273659516053025
5336,21622.466688,1,59071169.5488,0.0198168295531379
5337,21622.486688,2,59071189.6704,0.0275483024975926
5338,21622.506688,1,59071209.5616,0.0198557583953122
5339,21622.526688,2,59071229.568,0.0274817136886102
5340,21622.546688,1,59071249.536,0.0197860962566845
5341,21622.566688,2,59071269.5808,0.0275790357940459
5342,21622.586688,1,59071289.6896,0.0198229762124285
5343,21622.606688,2,59071309.568,0.0275585469297437
5344,21622.626688,1,59071329.5872,0.0197963406888356
5345,21622.646688,2,59071349.7088,0.0275462536111623
5346,21622.666688,1,59071369.5872,0.0198403917470855
5347,21622.686688,2,59071389.7088,0.0273987337881861
5348,21622.706688,1,59071409.6384,0.0197932673591903
5349,21622.726688,2,59071429.5808,0.0275780113508308
5350,21622.746688,1,59071449.6512,0.0197932673591903
5351,21622.766688,2,59071469.6064,0.0275800602372611
5352,21622.786688,1,59071489.8176,0.0197932673591903
5353,21622.806688,2,59071509.5808,0.0275677669186797
5354,21622.826688,1,59071529.6128,0.0197440940848649
5355,21622.846688,2,59071549.6192,0.0276937734341385
5356,21622.866688,1,59071569.5744,0.0198065851209867
5357,21622.886688,2,59071589.696,0.0277757288913476
5358,21622.906688,1,59071609.6128,0.0197809740406089
5359,21622.926688,2,59071629.6064,0.0278156821767369
5360,21622.946688,1,59071649.6,0.0197697051652427
5361,21622.966688,2,59071669.5936,0.0278986620771611
5362,21622.986688,1,59071689.6768,0.0197758518245334
5363,21623.00672,2,59071709.6192,0.0279078820660971
5364,21623.02672,1,59071729.6896,0.0197891695863298
5365,21623.04672,2,59071749.6704,0.0278873932017948
5366,21623.06672,1,59071769.664,0.0197768762677485
5367,21623.08672,2,59071789.7088,0.027889442088225
5368,21623.10672,1,59071809.6256,0.0197656073923822
5369,21623.12672,2,59071829.632,0.0278925154178704
5370,21623.14672,1,59071849.6128,0.0198127317802774
5371,21623.16672,2,59071869.6192,0.0280011063986723
5372,21623.18672,1,59071889.8048,0.0197768762677485
5373,21623.20672,2,59071909.632,0.0280461819001373
5374,21623.22672,1,59071929.6768,0.0197912184727601
5375,21623.24672,2,59071949.6448,0.0283053660335608
5376,21623.26672,1,59071969.6384,0.0197686807220276
5377,21623.28672,2,59071989.7728,0.0284979613580019
5378,21623.30672,1,59072009.6512,0.019726678550208
5379,21623.32672,2,59072029.6704,0.0283903948204151
5380,21623.34672,1,59072049.7024,0.0197574118466613
5381,21623.36672,2,59072069.632,0.0282244350195669
5382,21623.38672,1,59072089.7536,0.0198229762124285
5383,21623.40672,2,59072109.6704,0.0280912574016022
5384,21623.42672,1,59072129.8176,0.0197891695863298
5385,21623.44672,2,59072149.6704,0.0278464154731903
5386,21623.46672,1,59072169.6512,0.0198229762124285
5387,21623.48672,2,59072189.7856,0.0277869977667138
5388,21623.50672,1,59072209.7152,0.0198137562234925
5389,21623.52672,2,59072229.6448,0.0276968467637839
5390,21623.54672,1,59072249.7024,0.0198158051099228
5391,21623.56672,2,59072269.6704,0.0277368000491733
5392,21623.58672,1,59072289.7152,0.0197686807220276
5393,21623.60672,2,59072309.6832,0.0275851824533366
5394,21623.62672,1,59072329.728,0.0197901940295449
5395,21623.64672,2,59072349.696,0.0274909336775463
5396,21623.66672,1,59072369.8304,0.0198342450877948
5397,21623.68672,2,59072389.76,0.0275411313950868
5398,21623.70672,1,59072409.9712,0.0197932673591903
5399,21623.72672,2,59072429.7088,0.0274847870182556
5400,21623.74672,1,59072449.7152,0.0198321962013646
5401,21623.76672,2,59072469.76,0.0275226914172147
5402,21623.78672,1,59072489.7664,0.0198731739299691
5403,21623.80672,2,59072509.7472,0.0274571270514475
5404,21623.82672,1,59072529.728,0.019827073985289
5405,21623.84672,2,59072549.7216,0.0275124469850636
5406,21623.86672,1,59072569.856,0.0198260495420739
5407,21623.88672,2,59072589.7728,0.0274960558936218
5408,21623.90672,1,59072609.9584,0.0198741983731842
5409,21623.92672,2,59072629.7344,0.0276282090683713
5410,21623.94672,1,59072649.7408,0.0198557583953122
5411,21623.96672,2,59072669.7984,0.0277757288913476
5412,21623.98672,1,59072689.8304,0.019854733952097
5413,21624.00672,2,59072709.824,0.0278955887475157
5414,21624.02672,1,59072729.7408,0.019845513963161
5415,21624.04672,2,59072749.7984,0.0280082775011781
5416,21624.06672,1,59072769.7536,0.0198240006556437
5417,21624.08672,2,59072789.7728,0.0281025262769685
5418,21624.10672,1,59072809.8304,0.0198639539410331
5419,21624.12672,2,59072829.7728,0.0281015018337534
5420,21624.14672,1,59072849.728,0.0198168295531379
5421,21624.16672,2,59072869.8624,0.0280308152519106
5422,21624.18672,1,59072889.8432,0.0197932673591903
5423,21624.20672,2,59072909.8368,0.0280728174237302
5424,21624.22672,1,59072929.7792,0.0198649783842482
5425,21624.24672,2,59072949.7984,0.0280246685926199
5426,21624.26672,1,59072969.8304,0.0197850718134694
5427,21624.28672,2,59072989.8368,0.028180383961317
5428,21624.30672,1,59073009.8688,0.0198342450877948
5429,21624.32672,2,59073029.9392,0.0280943307312476
5430,21624.34672,1,59073049.9072,0.0198240006556437
5431,21624.36672,2,59073069.7472,0.0282336550085029
5432,21624.38672,1,59073089.8688,0.0198240006556437
5433,21624.40672,2,59073109.9008,0.0281680906427357
5434,21624.42672,1,59073129.8048,0.0197912184727601
5435,21624.44672,2,59073149.8112,0.0281588706537997
5436,21624.46672,1,59073169.92,0.0197850718134694
5437,21624.48672,2,59073189.8752,0.0283227815682177
5438,21624.50672,1,59073209.8048,0.019735898539144
5439,21624.52672,2,59073229.9264,0.0282244350195669
5440,21624.54672,1,59073249.792,0.0198035117913414
5441,21624.56672,2,59073269.8368,0.0282326305652878
5442,21624.58672,1,59073289.9968,0.019763558505952
5443,21624.60672,2,59073309.7984,0.0282049705984797
5444,21624.62672,1,59073329.9328,0.0198076095642019
5445,21624.64672,2,59073349.8112,0.0282992193742701
5446,21624.66672,1,59073369.8304,0.0197481918577253
5447,21624.68672,2,59073389.9008,0.0283197082385723
5448,21624.70672,1,59073409.7792,0.0197502407441556
5449,21624.72672,2,59073429.8752,0.028344294875735
5450,21624.74672,1,59073449.8176,0.019781998483824
5451,21624.76672,2,59073469.7984,0.0285696723830598
5452,21624.78672,1,59073489.984,0.0198301473149343
5453,21624.80672,2,59073509.824,0.0288401253918495
5454,21624.82672,1,59073529.8176,0.0197481918577253
5455,21624.84672,2,59073549.9008,0.0291618005613949
5456,21624.86672,1,59073569.8048,0.0197881451431147
5457,21624.88672,2,59073589.9008,0.0291710205503309
5458,21624.90672,1,59073609.8432,0.0198096584506321
5459,21624.92672,2,59073629.8112,0.0291956071874936
5460,21624.94672,1,59073649.8432,0.0197225807773475
5461,21624.96672,2,59073669.8112,0.0289651074640933
5462,21624.98672,1,59073689.92,0.0197963406888356
5463,21625.00672,2,59073709.8368,0.0287950498903846
5464,21625.02672,1,59073729.8176,0.01974511852808
5465,21625.04672,2,59073749.8368,0.0287346077406929
5466,21625.06672,1,59073769.8432,0.0197871206998996
5467,21625.08672,2,59073790.0032,0.0286014301227283
5468,21625.10672,1,59073809.9968,0.0197850718134694
5469,21625.12672,2,59073829.9136,0.0285512324051878
5470,21625.14672,1,59073849.8944,0.0197973651320507
5471,21625.16672,2,59073869.9264,0.0285194746655193
5472,21625.18672,1,59073890.0224,0.0197932673591903
5473,21625.20672,2,59073909.8624,0.0284057614686418
5474,21625.22672,1,59073929.856,0.0197809740406089
5475,21625.24672,2,59073949.9392,0.0282869260556887
5476,21625.26672,1,59073969.8304,0.0198414161903006
5477,21625.28672,2,59073989.9392,0.0282971704878399
5478,21625.30672,1,59074009.8432,0.0198127317802774
5479,21625.32672,2,59074029.9136,0.0282479972135145
5480,21625.34672,1,59074049.8688,0.0198342450877948
5481,21625.36672,2,59074069.8496,0.0282080439281251
5482,21625.38672,1,59074090.0608,0.0198526850656668
5483,21625.40672,2,59074109.8752,0.028262339418526
5484,21625.42672,1,59074129.8688,0.0198024873481263
5485,21625.44672,2,59074149.9008,0.028288974942119
5486,21625.46672,1,59074169.8688,0.0198701006003237
5487,21625.48672,2,59074189.9008,0.0283330260003688
5488,21625.50672,1,59074209.8944,0.0198608806113877
5489,21625.52672,2,59074229.8752,0.0283955170364907
5490,21625.54672,1,59074249.8816,0.019854733952097
5491,21625.56672,2,59074270.016,0.0284948880283566
5492,21625.58672,1,59074289.984,0.0197748273813183
5493,21625.60672,2,59074309.9264,0.0285829901448563
5494,21625.62672,1,59074329.8944,0.0198383428606552
5495,21625.64672,2,59074349.9392,0.0286454811809781
5496,21625.66672,1,59074369.9072,0.0198280984285041
5497,21625.68672,2,59074389.9264,0.028653676726699
5498,21625.70672,1,59074409.9328,0.0198496117360215
5499,21625.72672,2,59074429.9136,0.0286567500563444
5500,21625.74672,1,59074449.9328,0.0198762472596144
5501,21625.76672,2,59074469.888,0.0286557256131293
5502,21625.78672,1,59074489.9456,0.0199162005450038
5503,21625.80672,2,59074509.9136,0.0285594279509087
5504,21625.82672,1,59074529.9584,0.0199018583399922
5505,21625.84672,2,59074549.9264,0.028489765812281
5506,21625.86672,1,59074569.984,0.0198393673038703
5507,21625.88672,2,59074589.9392,0.0285696723830598
5508,21625.90672,1,59074609.9328,0.0197860962566845
5509,21625.92672,2,59074630.0032,0.0286004056795132
5510,21625.94672,1,59074649.9584,0.0198793205892597
5511,21625.96672,2,59074669.9392,0.0286403589649026
5512,21625.98672,1,59074689.9584,0.019827073985289
5513,21626.00672,2,59074709.9392,0.0284703013911939
5514,21626.02672,1,59074729.9328,0.0197871206998996
5515,21626.04672,2,59074749.952,0.0284211281168685
5516,21626.06672,1,59074769.9456,0.0198772717028295
5517,21626.08672,2,59074790.0672,0.0283535148646711
5518,21626.10672,1,59074809.9584,0.0198895650214109
5519,21626.12672,2,59074830.0928,0.028271559407462
5520,21626.14672,1,59074849.9456,0.0198660028274633
5521,21626.16672,2,59074870.016,0.0282264839059971
5522,21626.18672,1,59074889.9712,0.0198967361239166
5523,21626.20672,2,59074909.9904,0.0281506751080788
5524,21626.22672,1,59074929.984,0.0198690761571086
5525,21626.24672,2,59074949.952,0.0282479972135145
5526,21626.26672,1,59074969.984,0.0198711250435388
5527,21626.28672,2,59074989.952,0.028161943983445
5528,21626.30672,1,59075010.048,0.0198465384063761
5529,21626.32672,2,59075029.9776,0.0281926772798984
5530,21626.34672,1,59075050.0096,0.0198147806667076
5531,21626.36672,2,59075069.9904,0.0281773106316717
5532,21626.38672,1,59075089.984,0.0198219517692134
5533,21626.40672,2,59075110.016,0.0283586370807466
5534,21626.42672,1,59075129.984,0.0198137562234925
5535,21626.44672,2,59075150.0032,0.0283555637511013
5536,21626.46672,1,59075170.048,0.0198588317249575
5537,21626.48672,2,59075189.9648,0.0283811748314791
5538,21626.50672,1,59075210.048,0.0198373184174401
5539,21626.52672,2,59075230.016,0.0282797549531829
5540,21626.54672,1,59075250.0224,0.0198311717581494
5541,21626.56672,2,59075270.0544,0.0280472063433524
5542,21626.58672,1,59075290.0224,0.0197666318355974
5543,21626.60672,2,59075310.0544,0.0282234105763518
5544,21626.62672,1,59075329.9712,0.0197379474255742
5545,21626.64672,2,59075349.9904,0.028152723994509
5546,21626.66672,1,59075370.048,0.0198045362345565
5547,21626.68672,2,59075390.0672,0.0282059950416948
5548,21626.70672,1,59075410.0864,0.0198301473149343
5549,21626.72672,2,59075430.0288,0.028161943983445
5550,21626.74672,1,59075450.0096,0.0198117073370623
5551,21626.76672,2,59075470.0544,0.0281424795623579
5552,21626.78672,1,59075490.048,0.019836293974225
5553,21626.80672,2,59075510.1056,0.0280195463765444
5554,21626.82672,1,59075529.984,0.0198475628495912
5555,21626.84672,2,59075550.0416,0.0278648554510623
5556,21626.86672,1,59075570.112,0.0198649783842482
5557,21626.88672,2,59075590.0288,0.0278218288360276
5558,21626.90672,1,59075610.0608,0.019781998483824
5559,21626.92672,2,59075630.0416,0.0278003155285103
5560,21626.94672,1,59075650.0608,0.0198414161903006
5561,21626.96672,2,59075670.08,0.0278126088470916
5562,21626.98672,1,59075690.0608,0.019781998483824
5563,21627.00672,2,59075710.1184,0.027843342143545
5564,21627.02672,1,59075730.0736,0.0198076095642019
5565,21627.04672,2,59075750.0416,0.0277265556170221
5566,21627.06672,1,59075770.0864,0.0198649783842482
5567,21627.08672,2,59075790.0672,0.027725531173807
5568,21627.10672,1,59075810.112,0.0197860962566845
5569,21627.12672,2,59075830.0672,0.0278464154731903
5570,21627.14672,1,59075850.6368,0.0198301473149343
5571,21627.16672,2,59075870.1184,0.0278873932017948
5572,21627.18672,1,59075890.1376,0.0198393673038703
5573,21627.20672,2,59075910.1696,0.027861782121417
5574,21627.22672,1,59075930.0992,0.0198403917470855
5575,21627.24672,2,59075950.08,0.0279652508861434
5576,21627.26672,1,59075970.0992,0.0197912184727601
5577,21627.28672,2,59075990.144,0.0280554018890733
5578,21627.30672,1,59076010.0736,0.0198342450877948
5579,21627.32672,2,59076030.208,0.0279662753293585
5580,21627.34672,1,59076050.0992,0.0199069805560678
5581,21627.36672,2,59076070.1696,0.0279386153625505
5582,21627.38672,1,59076090.1888,0.0198229762124285
5583,21627.40672,2,59076110.144,0.0280625729915791
5584,21627.42672,1,59076130.1248,0.0198352695310099
5585,21627.44672,2,59076150.1312,0.0278873932017948
5586,21627.46672,1,59076170.1504,0.0198301473149343
5587,21627.48672,2,59076190.1696,0.0278259266088881
5588,21627.50672,1,59076210.1888,0.0198137562234925
5589,21627.52672,2,59076230.1184,0.0278208043928125
5590,21627.54672,1,59076250.0864,0.0198977605671318
5591,21627.56672,2,59076270.1312,0.0278013399717254
5592,21627.58672,1,59076290.176,0.0198526850656668
5593,21627.60672,2,59076310.0928,0.0278382199274694
5594,21627.62672,1,59076330.1504,0.0198537095088819
5595,21627.64672,2,59076350.1184,0.0278156821767369
5596,21627.66672,1,59076370.1888,0.0198629294978179
5597,21627.68672,2,59076390.1696,0.0278187555063823
5598,21627.70672,1,59076410.2016,0.0198885405781957
5599,21627.72672,2,59076430.144,0.0278382199274694
5600,21627.74672,1,59076450.1504,0.0198588317249575
5601,21627.76672,2,59076470.2336,0.0280410596840617
5602,21627.78672,1,59076490.2016,0.0198967361239166
5603,21627.80672,2,59076510.1568,0.0282234105763518
5604,21627.82672,1,59076530.2656,0.019845513963161
5605,21627.84672,2,59076550.1568,0.028225459462782
5606,21627.86672,1,59076570.1632,0.0199121027721433
5607,21627.88672,2,59076590.3744,0.0281107218226894
5608,21627.90672,1,59076610.1632,0.0198823939189051
5609,21627.92672,2,59076630.144,0.0281086729362591
5610,21627.94672,1,59076650.24,0.019918249431434
5611,21627.96672,2,59076670.1696,0.0280656463212244
5612,21627.98672,1,59076690.3296,0.0198403917470855
5613,21628.00672,2,59076710.1952,0.0279898375233061
5614,21628.02672,1,59076730.1504,0.0198639539410331
5615,21628.04672,2,59076750.7968,0.0278853443153646
5616,21628.06672,1,59076770.1888,0.0199151761017887
5617,21628.08672,2,59076790.3744,0.0279478353514865
5618,21628.10672,1,59076810.2016,0.0198188784395681
5619,21628.12672,2,59076830.1952,0.027952957567562
5620,21628.14672,1,59076850.2144,0.0199612760464687
5621,21628.16672,2,59076870.2336,0.0281885795070379
5622,21628.18672,1,59076890.304,0.0198762472596144
5623,21628.20672,2,59076910.1952,0.0281834572909624
5624,21628.22672,1,59076930.2144,0.0198711250435388
5625,21628.24672,2,59076950.208,0.0280687196508698
5626,21628.26672,1,59076970.1888,0.0198864916917655
5627,21628.28672,2,59076990.4768,0.0279908619665212
5628,21628.30672,1,59077010.1888,0.0198526850656668
5629,21628.32672,2,59077030.2848,0.0278607576782019
5630,21628.34672,1,59077050.2656,0.0198926383510562
5631,21628.36672,2,59077070.208,0.0278966131907308
5632,21628.38672,1,59077090.2656,0.0198762472596144
5633,21628.40672,2,59077110.2208,0.0279570553404225
5634,21628.42672,1,59077130.2528,0.0198803450324748
5635,21628.44672,2,59077150.2464,0.0279314442600447
5636,21628.46672,1,59077170.24,0.019827073985289
5637,21628.48672,2,59077190.3488,0.0279857397504456
5638,21628.50672,1,59077210.2528,0.0198516606224517
5639,21628.52672,2,59077230.3104,0.0280205708197595
5640,21628.54672,1,59077250.24,0.0198772717028295
5641,21628.56672,2,59077270.2592,0.0278771487696437
5642,21628.58672,1,59077290.2912,0.0198393673038703
5643,21628.60672,2,59077310.272,0.0279109553957424
5644,21628.62672,1,59077330.2784,0.0198147806667076
5645,21628.64672,2,59077350.2592,0.0279560308972074
5646,21628.66672,1,59077370.3168,0.0198076095642019
5647,21628.68672,2,59077390.3232,0.0281250640277009
5648,21628.70672,1,59077410.2656,0.0198803450324748
5649,21628.72672,2,59077430.3872,0.0281055996066138
5650,21628.74672,1,59077450.2656,0.0198291228717192
5651,21628.76672,2,59077470.3872,0.0281117462659045
5652,21628.78672,1,59077490.3424,0.0198711250435388
5653,21628.80672,2,59077510.2848,0.0281107218226894
5654,21628.82672,1,59077530.2528,0.0198311717581494
5655,21628.84672,2,59077550.3488,0.0280513041162128
5656,21628.86672,1,59077570.368,0.0198147806667076
5657,21628.88672,2,59077590.336,0.0279416886921958
5658,21628.90672,1,59077610.2656,0.0198321962013646
5659,21628.92672,2,59077630.272,0.0279550064539923
5660,21628.94672,1,59077650.2912,0.0197963406888356
5661,21628.96672,2,59077670.3488,0.0278054377445858
5662,21628.98672,1,59077690.3296,0.0197738029381031
5663,21629.00672,2,59077710.4,0.0277603622431209
5664,21629.02672,1,59077730.304,0.0198670272706784
5665,21629.04672,2,59077750.3104,0.0277449955948942
5666,21629.06672,1,59077770.4064,0.0197963406888356
5667,21629.08672,2,59077790.336,0.0276804556723421
5668,21629.10672,1,59077810.2912,0.0198403917470855
5669,21629.12672,2,59077830.4,0.0277501178109697
5670,21629.14672,1,59077850.2912,0.0198526850656668
5671,21629.16672,2,59077870.272,0.0276681623537607
5672,21629.18672,1,59077890.4448,0.019845513963161
5673,21629.20672,2,59077910.3104,0.0277726555617022
5674,21629.22672,1,59077930.3168,0.0198158051099228
5675,21629.24672,2,59077950.3616,0.027725531173807
5676,21629.26672,1,59077970.304,0.0198711250435388
5677,21629.28672,2,59077990.3744,0.0277849488802836
5678,21629.30672,1,59078010.3168,0.0198403917470855
5679,21629.32672,2,59078030.336,0.0277480689245395
5680,21629.34672,1,59078050.3552,0.0198424406335157
5681,21629.36672,2,59078070.336,0.0277286045034524
5682,21629.38672,1,59078090.3424,0.0198444895199459
5683,21629.40672,2,59078110.3616,0.0278208043928125
5684,21629.42672,1,59078130.3296,0.0198393673038703
5685,21629.44672,2,59078150.3872,0.0279109553957424
5686,21629.46672,1,59078170.3424,0.019817853996353
5687,21629.48672,2,59078190.5152,0.0279775442047247
5688,21629.50672,1,59078210.368,0.0198260495420739
5689,21629.52672,2,59078230.3616,0.0280953551744627
5690,21629.54672,1,59078250.368,0.0198537095088819
5691,21629.56672,2,59078270.3616,0.0281148195955498
5692,21629.58672,1,59078290.4704,0.0198383428606552
5693,21629.60672,2,59078310.3744,0.0280543774458582
5694,21629.62672,1,59078330.3296,0.0199039072264224
5695,21629.64672,2,59078350.464,0.0278535865756961
5696,21629.66672,1,59078370.3552,0.0198567828385273
5697,21629.68672,2,59078390.5152,0.0278392443706845
5698,21629.70672,1,59078410.3552,0.0198260495420739
5699,21629.72672,2,59078430.4512,0.0277583133566906
5700,21629.74672,1,59078450.4064,0.0198875161349806
5701,21629.76672,2,59078470.3616,0.0278289999385334
5702,21629.78672,1,59078490.4192,0.0197901940295449
5703,21629.80672,2,59078510.3744,0.0278658798942775
5704,21629.82672,1,59078530.4192,0.0198823939189051
5705,21629.84672,2,59078550.3872,0.0278628065646321
5706,21629.86672,1,59078570.4448,0.0198578072817424
5707,21629.88672,2,59078590.4384,0.0277040178662897
5708,21629.90672,1,59078610.432,0.0199141516585736
5709,21629.92672,2,59078630.4,0.0277122134120106
5710,21629.94672,1,59078650.4192,0.0198670272706784
5711,21629.96672,2,59078670.464,0.0276927489909234
5712,21629.98672,1,59078690.4448,0.0197922429159752
5713,21630.00672,2,59078710.4768,0.0277992910852951
5714,21630.02672,1,59078730.4064,0.0198690761571086
5715,21630.04672,2,59078750.4256,0.0280379863544164
5716,21630.06672,1,59078770.5088,0.0198557583953122
5717,21630.08672,2,59078790.464,0.0283391726596595
5718,21630.10672,1,59078810.432,0.0198260495420739
5719,21630.12672,2,59078830.4384,0.0286577744995595
5720,21630.14672,1,59078850.4448,0.0197891695863298
5721,21630.16672,2,59078870.4512,0.0285133280062286
5722,21630.18672,1,59078890.5216,0.0197481918577253
5723,21630.20672,2,59078910.4,0.0284610814022579
5724,21630.22672,1,59078930.4576,0.0198311717581494
5725,21630.24672,2,59078950.4768,0.028316634908927
5726,21630.26672,1,59078970.432,0.0197973651320507
5727,21630.28672,2,59078990.4896,0.0281209662548405
5728,21630.30672,1,59079010.4448,0.0198619050546028
5729,21630.32672,2,59079030.4256,0.0280707685373
5730,21630.34672,1,59079050.5088,0.019817853996353
5731,21630.36672,2,59079070.4384,0.0280543774458582
5732,21630.38672,1,59079090.5088,0.019836293974225
5733,21630.40672,2,59079110.5024,0.027925297600754
5734,21630.42672,1,59079130.4448,0.0198229762124285
5735,21630.44672,2,59079150.5024,0.0279406642489807
5736,21630.46672,1,59079170.4576,0.0198465384063761
5737,21630.48672,2,59079190.5536,0.0278238777224578
5738,21630.50672,1,59079210.4832,0.0197881451431147
5739,21630.52672,2,59079230.5024,0.0276671379105456
5740,21630.54672,1,59079250.4704,0.0198670272706784
5741,21630.56672,2,59079270.5408,0.0275903046694122
5742,21630.58672,1,59079290.5472,0.0197748273813183
5743,21630.60672,2,59079310.5408,0.0277490933677546
5744,21630.62672,1,59079330.496,0.0198465384063761
5745,21630.64672,2,59079350.4896,0.0277849488802836
5746,21630.66672,1,59079370.5344,0.0199028827832073
5747,21630.68672,2,59079390.528,0.0277992910852951
5748,21630.70672,1,59079410.5728,0.0198649783842482
5749,21630.72672,2,59079430.5152,0.0278023644149405
5750,21630.74672,1,59079450.5088,0.0198035117913414
5751,21630.76672,2,59079470.5024,0.0278310488249636
5752,21630.78672,1,59079490.6112,0.0198291228717192
5753,21630.80672,2,59079510.5408,0.0280041797283177
5754,21630.82672,1,59079530.5216,0.019827073985289
5755,21630.84672,2,59079550.528,0.0281957506095437
5756,21630.86672,1,59079570.496,0.0198199028827832
5757,21630.88672,2,59079590.528,0.0282951216014096
5758,21630.90672,1,59079610.5984,0.0197922429159752
5759,21630.92672,2,59079630.5024,0.0283770770586186
5760,21630.94672,1,59079650.5472,0.0198291228717192
5761,21630.96672,2,59079670.5792,0.0283432704325199
5762,21630.98672,1,59079690.5728,0.0198977605671318
5763,21631.00672,2,59079710.6176,0.0281363329030672
5764,21631.02672,1,59079730.5472,0.0198608806113877
5765,21631.04672,2,59079750.528,0.0279375909193353
5766,21631.06672,1,59079770.5472,0.0198219517692134
5767,21631.08672,2,59079790.6048,0.0278945643043006
5768,21631.10672,1,59079810.5344,0.0197953162456205
5769,21631.12672,2,59079830.5664,0.0278177310631672
5770,21631.14672,1,59079850.5344,0.0198414161903006
5771,21631.16672,2,59079870.6304,0.0277572889134755
5772,21631.18672,1,59079890.6496,0.0198383428606552
5773,21631.20672,2,59079910.6304,0.0276958223205688
5774,21631.22672,1,59079930.5856,0.0198772717028295
5775,21631.24672,2,59079950.5664,0.0276732845698363
5776,21631.26672,1,59079970.5728,0.0197389718687893
5777,21631.28672,2,59079990.6048,0.0277859733234987
5778,21631.30672,1,59080010.5856,0.0198465384063761
5779,21631.32672,2,59080030.5664,0.0276650890241154
5780,21631.34672,1,59080050.6368,0.0198055606777716
5781,21631.36672,2,59080070.5536,0.0277839244370685
5782,21631.38672,1,59080090.816,0.0198475628495912
5783,21631.40672,2,59080110.592,0.027779826664208
5784,21631.42672,1,59080130.56,0.0198158051099228
5785,21631.44672,2,59080150.6048,0.0278720265535681
5786,21631.46672,1,59080170.6496,0.0198557583953122
5787,21631.48672,2,59080190.6048,0.0277675333456267
5788,21631.50672,1,59080210.5984,0.0198065851209867
5789,21631.52672,2,59080230.592,0.0278873932017948
5790,21631.54672,1,59080250.5856,0.0198321962013646
5791,21631.56672,2,59080270.6176,0.027834122154609
5792,21631.58672,1,59080290.6496,0.0198772717028295
5793,21631.60672,2,59080310.6176,0.0277521666974
5794,21631.62672,1,59080330.6112,0.0198895650214109
5795,21631.64672,2,59080350.592,0.0278382199274694
5796,21631.66672,1,59080370.624,0.0198895650214109
5797,21631.68672,2,59080390.6816,0.0279519331243469
5798,21631.70672,1,59080410.688,0.0198741983731842
5799,21631.72672,2,59080430.5792,0.0281906283934681
5800,21631.74672,1,59080450.6368,0.0199346405228758
5801,21631.76672,2,59080470.6944,0.0283186837953572
5802,21631.78672,1,59080490.6368,0.0198977605671318
5803,21631.80672,2,59080510.6176,0.0284242014465138
5804,21631.82672,1,59080530.6496,0.0198916139078411
5805,21631.84672,2,59080550.656,0.0284682525047637
5806,21631.86672,1,59080570.6112,0.0198639539410331
5807,21631.88672,2,59080590.6944,0.0284539102997521
5808,21631.90672,1,59080610.6624,0.0198711250435388
5809,21631.92672,2,59080630.6688,0.0284467391972463
5810,21631.94672,1,59080650.6368,0.0199295183068003
5811,21631.96672,2,59080670.592,0.0284149814575778
5812,21631.98672,1,59080690.7904,0.019909029442498
5813,21632.00672,2,59080710.6688,0.028325854897863
5814,21632.02672,1,59080730.6496,0.0199202983178642
5815,21632.04672,2,59080750.6688,0.0282807793963981
5816,21632.06672,1,59080770.6624,0.0198711250435388
5817,21632.08672,2,59080790.7584,0.0281496506648636
5818,21632.10672,1,59080810.6752,0.0197973651320507
5819,21632.12672,2,59080830.656,0.0280103263876083
5820,21632.14672,1,59080850.6752,0.0198711250435388
5821,21632.16672,2,59080870.6944,0.0278750998832135
5822,21632.18672,1,59080890.8032,0.0198957116807015
5823,21632.20672,2,59080910.656,0.0278453910299752
5824,21632.22672,1,59080930.688,0.019909029442498
5825,21632.24672,2,59080950.6944,0.0277081156391501
5826,21632.26672,1,59080970.6624,0.0198434650767308
5827,21632.28672,2,59080990.6944,0.0277245067305919
5828,21632.30672,1,59081010.7648,0.0198680517138935
5829,21632.32672,2,59081030.7072,0.0278289999385334
5830,21632.34672,1,59081050.688,0.0198803450324748
5831,21632.36672,2,59081070.6816,0.0279201753846784
5832,21632.38672,1,59081090.7008,0.0198854672485504
5833,21632.40672,2,59081110.72,0.0277490933677546
5834,21632.42672,1,59081130.688,0.0198660028274633
5835,21632.44672,2,59081150.7072,0.0277029934230746
5836,21632.46672,1,59081170.8032,0.0198250250988588
5837,21632.48672,2,59081190.7328,0.0276732845698363
5838,21632.50672,1,59081210.7264,0.0197686807220276
5839,21632.52672,2,59081230.7584,0.0277357756059582
5840,21632.54672,1,59081250.7264,0.019845513963161
5841,21632.56672,2,59081270.7328,0.0276968467637839
5842,21632.58672,1,59081290.8032,0.0198680517138935
5843,21632.60672,2,59081310.7328,0.0276486979326736
5844,21632.62672,1,59081330.7136,0.0198854672485504
5845,21632.64672,2,59081350.7456,0.0276036224312086
5846,21632.66672,1,59081370.7648,0.019872149486754
5847,21632.68672,2,59081390.784,0.0276743090130514
5848,21632.70672,1,59081410.8032,0.0198147806667076
5849,21632.72672,2,59081430.7456,0.0278033888581556
5850,21632.74672,1,59081450.7904,0.0198537095088819
5851,21632.76672,2,59081470.72,0.0279754953182945
5852,21632.78672,1,59081490.8032,0.019845513963161
5853,21632.80672,2,59081510.7328,0.0279140287253878
5854,21632.82672,1,59081530.7392,0.0198321962013646
5855,21632.84672,2,59081550.784,0.0279447620218411
5856,21632.86672,1,59081570.7392,0.0198731739299691
5857,21632.88672,2,59081590.8096,0.0278044133013707
5858,21632.90672,1,59081610.8672,0.0198158051099228
5859,21632.92672,2,59081630.7456,0.027652795705534
5860,21632.94672,1,59081650.7776,0.0198475628495912
5861,21632.96672,2,59081670.7712,0.0276374290573074
5862,21632.98672,1,59081690.8032,0.019799414018481
5863,21633.00672,2,59081710.8608,0.0276118179769295
5864,21633.02672,1,59081730.7648,0.0198782961460446
5865,21633.04672,2,59081750.784,0.0276138668633598
5866,21633.06672,1,59081770.7904,0.0198311717581494
5867,21633.08672,2,59081790.7712,0.0277593377999058
5868,21633.10672,1,59081810.7904,0.0198465384063761
5869,21633.12672,2,59081830.7968,0.0278669043374926
5870,21633.14672,1,59081850.7648,0.0198311717581494
5871,21633.16672,2,59081870.8736,0.0277747044481324
5872,21633.18672,1,59081890.8416,0.0197891695863298
5873,21633.20672,2,59081910.7968,0.0276988956502141
5874,21633.22672,1,59081930.7904,0.0198885405781957
5875,21633.24672,2,59081950.7968,0.0276548445919643
5876,21633.26672,1,59081970.9184,0.0198352695310099
5877,21633.28672,2,59081990.7968,0.027670211240191
5878,21633.30672,1,59082010.8288,0.0198506361792366
5879,21633.32672,2,59082030.8608,0.0276282090683713
5880,21633.34672,1,59082050.8544,0.0198260495420739
5881,21633.36672,2,59082070.8096,0.0276005491015633
5882,21633.38672,1,59082090.9696,0.0198557583953122
5883,21633.40672,2,59082110.8352,0.0275288380765054
5884,21633.42672,1,59082130.8032,0.0198035117913414
5885,21633.44672,2,59082150.8992,0.0275165447579241
5886,21633.46672,1,59082170.8544,0.0198280984285041
5887,21633.48672,2,59082190.8608,0.0274765914725347
5888,21633.50672,1,59082210.9056,0.0198127317802774
5889,21633.52672,2,59082230.848,0.0274141004364128
5890,21633.54672,1,59082250.8416,0.019890589464626
5891,21633.56672,2,59082270.9248,0.0272962894666749
5892,21633.58672,1,59082290.9568,0.0197973651320507
5893,21633.60672,2,59082310.912,0.0272788739320179
5894,21633.62672,1,59082330.8544,0.0198219517692134
5895,21633.64672,2,59082350.7968,0.0272471161923495
5896,21633.66672,1,59082370.88,0.0198639539410331
5897,21633.68672,2,59082391.04,0.0271713073944311
5898,21633.70672,1,59082410.816,0.0197768762677485
5899,21633.72672,2,59082430.8608,0.0272122851230356
5900,21633.74672,1,59082450.8416,0.0199049316696376
5901,21633.76672,2,59082470.9504,0.0272983383531051
5902,21633.78672,1,59082490.9952,0.0198311717581494
5903,21633.80672,2,59082510.8608,0.0273639027188723
5904,21633.82672,1,59082531.008,0.0198588317249575
5905,21633.84672,2,59082550.8864,0.0274335648574999
5906,21633.86672,1,59082570.8928,0.0198598561681726
5907,21633.88672,2,59082591.0016,0.0274151248796279
5908,21633.90672,1,59082610.9056,0.019836293974225
5909,21633.92672,2,59082630.8864,0.0273823426967443
5910,21633.94672,1,59082650.88,0.0199028827832073
5911,21633.96672,2,59082670.8736,0.0273167783309771
5912,21633.98672,1,59082690.9824,0.0198516606224517
5913,21634.00672,2,59082710.8992,0.02734341385457
5914,21634.02672,1,59082730.8928,0.0198608806113877
5915,21634.04672,2,59082750.9376,0.0272727272727273
5916,21634.06672,1,59082770.9184,0.0198629294978179
5917,21634.08672,2,59082790.9248,0.0272891183641691
5918,21634.10672,1,59082810.944,0.0198660028274633
5919,21634.12672,2,59082830.912,0.0273116561149016
5920,21634.14672,1,59082850.8928,0.0198506361792366
5921,21634.16672,2,59082870.8992,0.0272286762144774
5922,21634.18672,1,59082891.008,0.0198127317802774
5923,21634.20672,2,59082910.8992,0.0272952650234597
5924,21634.22672,1,59082930.944,0.019899809453562
5925,21634.24672,2,59082950.8992,0.0273024361259655
5926,21634.26672,1,59082970.9952,0.0198619050546028
5927,21634.28672,2,59082991.0144,0.0273229249902678
5928,21634.30672,1,59083010.9056,0.01988136947569
5929,21634.32672,2,59083030.9376,0.02729731390989
5930,21634.34672,1,59083050.9184,0.019781998483824
5931,21634.36672,2,59083070.8864,0.0272389206466286
5932,21634.38672,1,59083090.9952,0.0198055606777716
5933,21634.40672,2,59083111.0272,0.0273219005470527
5934,21634.42672,1,59083130.9184,0.0198608806113877
5935,21634.44672,2,59083150.9376,0.0272798983752331
5936,21634.46672,1,59083170.9568,0.0198229762124285
5937,21634.48672,2,59083191.0144,0.0273239494334829
5938,21634.50672,1,59083210.9568,0.0199028827832073
5939,21634.52672,2,59083230.9504,0.0273290716495585
5940,21634.54672,1,59083250.9312,0.0198434650767308
5941,21634.56672,2,59083270.976,0.0273382916384945
5942,21634.58672,1,59083290.9952,0.0198885405781957
5943,21634.60672,2,59083311.0016,0.0274018071178315
5944,21634.62672,1,59083330.9568,0.0198321962013646
5945,21634.64672,2,59083350.9632,0.0272901428073842
5946,21634.66672,1,59083370.9696,0.0198772717028295
5947,21634.68672,2,59083390.9888,0.0272133095662507
5948,21634.70672,1,59083410.9568,0.0198352695310099
5949,21634.72672,2,59083431.0528,0.0271446718708382
5950,21634.74672,1,59083450.9696,0.0198793205892597
5951,21634.76672,2,59083470.9504,0.027243018419489
5952,21634.78672,1,59083491.0336,0.0197901940295449
5953,21634.80672,2,59083510.9632,0.027261458397361
5954,21634.82672,1,59083530.9696,0.0198701006003237
5955,21634.84672,2,59083550.9632,0.0273106316716864
5956,21634.86672,1,59083571.0848,0.0198557583953122
5957,21634.88672,2,59083591.0784,0.0272471161923495
5958,21634.90672,1,59083611.0336,0.0199336160796607
5959,21634.92672,2,59083630.9888,0.0273393160817096
5960,21634.94672,1,59083650.9824,0.019909029442498
5961,21634.96672,2,59083671.0016,0.0272081873501752
5962,21634.98672,1,59083691.0848,0.0198352695310099
5963,21635.00672,2,59083711.0272,0.0271928207019485
5964,21635.02672,1,59083731.008,0.0198680517138935
5965,21635.04672,2,59083751.0656,0.0271016452558035
5966,21635.06672,1,59083771.0336,0.0198731739299691
5967,21635.08672,2,59083791.0656,0.0271303296658266
5968,21635.10672,1,59083811.0848,0.0198670272706784
5969,21635.12672,2,59083831.0656,0.0271077919150941
5970,21635.14672,1,59083851.0208,0.0198701006003237
5971,21635.16672,2,59083871.0912,0.0271272563361813
5972,21635.18672,1,59083891.072,0.01992746942037
5973,21635.20672,2,59083911.0528,0.0271805273833671
5974,21635.22672,1,59083931.072,0.0198496117360215
5975,21635.24672,2,59083951.0272,0.0273454627410003
5976,21635.26672,1,59083971.0464,0.0198229762124285
5977,21635.28672,2,59083991.168,0.0275472780543774
5978,21635.30672,1,59084011.1104,0.0198280984285041
5979,21635.32672,2,59084031.0912,0.0276927489909234
5980,21635.34672,1,59084051.0592,0.0197840473702543
5981,21635.36672,2,59084071.1168,0.0279355420329051
5982,21635.38672,1,59084091.072,0.0198680517138935
5983,21635.40672,2,59084111.1168,0.0279765197615096
5984,21635.42672,1,59084131.0336,0.0198649783842482
5985,21635.44672,2,59084151.0912,0.0280482307865675
5986,21635.46672,1,59084171.0592,0.0198670272706784
5987,21635.48672,2,59084191.104,0.0278013399717254
5988,21635.50672,1,59084211.1488,0.0198199028827832
5989,21635.52672,2,59084231.0272,0.0276558690351794
5990,21635.54672,1,59084251.0464,0.0198772717028295
5991,21635.56672,2,59084271.0912,0.0273956604585408
5992,21635.58672,1,59084291.264,0.0198280984285041
5993,21635.60672,2,59084311.104,0.0273659516053025
5994,21635.62672,1,59084331.136,0.0198752228163993
5995,21635.64672,2,59084351.0272,0.0273034605691807
5996,21635.66672,1,59084371.136,0.0198598561681726
5997,21635.68672,2,59084391.2064,0.0272563361812855
5998,21635.70672,1,59084411.0848,0.0198526850656668
5999,21635.72672,2,59084431.104,0.0272604339541459
6000,21635.74672,1,59084451.0848,0.0198250250988588
6001,21635.76672,2,59084471.0528,0.0271784784969369
6002,21635.78672,1,59084491.0848,0.019872149486754
6003,21635.80672,2,59084511.0912,0.0271354518819022
6004,21635.82672,1,59084531.072,0.0198557583953122
6005,21635.84672,2,59084551.0528,0.0271805273833671
6006,21635.86672,1,59084571.072,0.0198117073370623
6007,21635.88672,2,59084591.0784,0.0271682340647858
6008,21635.90672,1,59084611.1232,0.0197871206998996
6009,21635.92672,2,59084631.0656,0.0272133095662507
6010,21635.94672,1,59084651.072,0.0198608806113877
6011,21635.96672,2,59084671.0656,0.0271948695883787
6012,21635.98672,1,59084691.2512,0.0198987850103469
6013,21636.00672,2,59084711.0784,0.0273075583420411
6014,21636.02672,1,59084731.1104,0.019827073985289
6015,21636.04672,2,59084751.0784,0.0273516094002909
6016,21636.06672,1,59084771.0848,0.0197615096195218
6017,21636.08672,2,59084791.168,0.0273229249902678
6018,21636.10672,1,59084811.1232,0.0198188784395681
6019,21636.12672,2,59084831.104,0.0273126805581167
6020,21636.14672,1,59084851.0848,0.0197922429159752
6021,21636.16672,2,59084871.1424,0.0273106316716864
6022,21636.18672,1,59084891.1744,0.0197953162456205
6023,21636.20672,2,59084911.104,0.0273116561149016
6024,21636.22672,1,59084931.072,0.0198168295531379
6025,21636.24672,2,59084951.104,0.0275226914172147
6026,21636.26672,1,59084971.0976,0.019817853996353
6027,21636.28672,2,59084991.168,0.0274745425861045
6028,21636.30672,1,59085011.0976,0.0197932673591903
6029,21636.32672,2,59085031.1168,0.0275923535558424
6030,21636.34672,1,59085051.136,0.0197789251541787
6031,21636.36672,2,59085071.104,0.0277040178662897
6032,21636.38672,1,59085091.2,0.019781998483824
6033,21636.40672,2,59085111.1424,0.0277111889687955
6034,21636.42672,1,59085131.1232,0.0198393673038703
6035,21636.44672,2,59085151.168,0.0277408978220337
6036,21636.46672,1,59085171.136,0.0197533140738009
6037,21636.48672,2,59085191.1552,0.0275882557829819
6038,21636.50672,1,59085211.1616,0.0197399963120044
6039,21636.52672,2,59085231.1552,0.0275769869076157
6040,21636.54672,1,59085251.1872,0.0198414161903006
6041,21636.56672,2,59085271.1552,0.0277050423095048
6042,21636.58672,1,59085291.2128,0.019836293974225
6043,21636.60672,2,59085311.1424,0.027561620259389
6044,21636.62672,1,59085331.1616,0.0198076095642019
6045,21636.64672,2,59085351.168,0.0275503513840228
6046,21636.66672,1,59085371.1744,0.0198096584506321
6047,21636.68672,2,59085391.2064,0.0275093736554183
6048,21636.70672,1,59085411.1616,0.0198168295531379
6049,21636.72672,2,59085431.1552,0.0276128424201447
6050,21636.74672,1,59085451.1744,0.0197932673591903
6051,21636.76672,2,59085471.3728,0.0275985002151331
6052,21636.78672,1,59085491.2256,0.0197328252094986
6053,21636.80672,2,59085511.1296,0.0276097690904993
6054,21636.82672,1,59085531.1872,0.019817853996353
6055,21636.84672,2,59085551.232,0.0277122134120106
6056,21636.86672,1,59085571.1744,0.0198209273259983
6057,21636.88672,2,59085591.2448,0.027725531173807
6058,21636.90672,1,59085611.2,0.0198352695310099
6059,21636.92672,2,59085631.1808,0.0275903046694122
6060,21636.94672,1,59085651.1616,0.0198936627942713
6061,21636.96672,2,59085671.1808,0.0274724936996742
6062,21636.98672,1,59085691.3024,0.0198106828938472
6063,21637.00672,2,59085711.2064,0.0273966849017559
6064,21637.02672,1,59085731.2896,0.019808634007417
6065,21637.04672,2,59085751.2064,0.0273075583420411
6066,21637.06672,1,59085771.2512,0.0197983895752658
6067,21637.08672,2,59085791.2704,0.0273290716495585
6068,21637.10672,1,59085811.2384,0.0198557583953122
6069,21637.12672,2,59085831.2192,0.0273290716495585
6070,21637.14672,1,59085851.2128,0.0198106828938472
6071,21637.16672,2,59085871.4112,0.0272778494888028
6072,21637.18672,1,59085891.2896,0.0198076095642019
6073,21637.20672,2,59085911.3344,0.0272143340094659
6074,21637.22672,1,59085931.2256,0.0197860962566845
6075,21637.24672,2,59085951.232,0.0273352183088491
6076,21637.26672,1,59085971.2,0.0197768762677485
6077,21637.28672,2,59085991.232,0.0273710738213781
6078,21637.30672,1,59086011.2256,0.0197922429159752
6079,21637.32672,2,59086031.1936,0.0273925871288954
6080,21637.34672,1,59086051.264,0.0197707296084578
6081,21637.36672,2,59086071.3088,0.0274417604032209
6082,21637.38672,1,59086091.648,0.0198045362345565
6083,21637.40672,2,59086111.3088,0.0276855778884176
6084,21637.42672,1,59086131.2384,0.0197912184727601
6085,21637.44672,2,59086151.2576,0.0278720265535681
6086,21637.46672,1,59086171.3024,0.019781998483824
6087,21637.48672,2,59086191.36,0.0278966131907308
6088,21637.50672,1,59086211.2512,0.0197717540516729
6089,21637.52672,2,59086231.296,0.0277562644702604
6090,21637.54672,1,59086251.2896,0.0198434650767308
6091,21637.56672,2,59086271.2704,0.027597475771918
6092,21637.58672,1,59086291.3792,0.0198076095642019
6093,21637.60672,2,59086311.3472,0.0275687913618948
6094,21637.62672,1,59086331.3408,0.0197717540516729
6095,21637.64672,2,59086351.2576,0.0275564980433135
6096,21637.66672,1,59086371.3152,0.0197809740406089
6097,21637.68672,2,59086391.4496,0.0275042514393427
6098,21637.70672,1,59086411.3024,0.0197553629602311
6099,21637.72672,2,59086431.3088,0.0275534247136681
6100,21637.74672,1,59086451.2896,0.0198506361792366
6101,21637.76672,2,59086471.296,0.0276138668633598
6102,21637.78672,1,59086491.3792,0.0197553629602311
6103,21637.80672,2,59086511.296,0.0276292335115864
6104,21637.82672,1,59086531.2384,0.0198096584506321
6105,21637.84672,2,59086551.3088,0.0275605958161739
6106,21637.86672,1,59086571.2768,0.019817853996353
6107,21637.88672,2,59086591.3728,0.0274642981539533
6108,21637.90672,1,59086611.3024,0.0198291228717192
6109,21637.92672,2,59086631.296,0.0275841580101215
6110,21637.94672,1,59086651.328,0.0198035117913414
6111,21637.96672,2,59086671.3472,0.0275800602372611
6112,21637.98672,1,59086691.5584,0.0197871206998996
6113,21638.00672,2,59086711.3088,0.0275267891900752
6114,21638.02672,1,59086731.328,0.0197942918024054
6115,21638.04672,2,59086751.3088,0.027425369311779
6116,21638.06672,1,59086771.4176,0.0197492163009404
6117,21638.08672,2,59086791.36,0.0273526338435061
6118,21638.10672,1,59086811.3536,0.019817853996353
6119,21638.12672,2,59086831.3472,0.0273034605691807
6120,21638.14672,1,59086851.4176,0.0197563874034462
6121,21638.16672,2,59086871.36,0.0272758006023726
6122,21638.18672,1,59086891.3792,0.0198240006556437
6123,21638.20672,2,59086911.3344,0.0273393160817096
6124,21638.22672,1,59086931.3408,0.019781998483824
6125,21638.24672,2,59086951.3344,0.0273628782756572
6126,21638.26672,1,59086971.328,0.0198024873481263
6127,21638.28672,2,59086991.5264,0.0273280472063434
6128,21638.30672,1,59087011.4048,0.0197922429159752
6129,21638.32672,2,59087031.3472,0.0274059048906919
6130,21638.34672,1,59087051.3792,0.0197553629602311
6131,21638.36672,2,59087071.424,0.0274438092896511
6132,21638.38672,1,59087091.4944,0.0197041407994755
6133,21638.40672,2,59087111.3728,0.0275503513840228
6134,21638.42672,1,59087131.3792,0.0197758518245334
6135,21638.44672,2,59087151.3984,0.0277562644702604
6136,21638.46672,1,59087171.3664,0.019772778494888
6137,21638.48672,2,59087191.36,0.0277398733788186
6138,21638.50672,1,59087211.4432,0.0197983895752658
6139,21638.52672,2,59087231.3728,0.0277193845145164
6140,21638.54672,1,59087251.456,0.0197871206998996
6141,21638.56672,2,59087271.4112,0.027906857622882
6142,21638.58672,1,59087291.4176,0.0197389718687893
6143,21638.60672,2,59087311.424,0.0279283709303993
6144,21638.62672,1,59087331.4176,0.0198424406335157
6145,21638.64672,2,59087351.3856,0.0279324687032598
6146,21638.66672,1,59087371.5712,0.0197912184727601
6147,21638.68672,2,59087391.5264,0.0281752617452415
6148,21638.70672,1,59087411.4304,0.0198199028827832
6149,21638.72672,2,59087431.4624,0.0283043415903456
6150,21638.74672,1,59087451.4432,0.0197963406888356
6151,21638.76672,2,59087471.3856,0.0283524904214559
6152,21638.78672,1,59087491.5328,0.0198670272706784
6153,21638.80672,2,59087511.4112,0.0283627348536071
6154,21638.82672,1,59087531.4304,0.0198117073370623
6155,21638.84672,2,59087551.4752,0.0283463437621653
6156,21638.86672,1,59087571.4048,0.0197860962566845
6157,21638.88672,2,59087591.552,0.0284252258897289
6158,21638.90672,1,59087611.4176,0.0198260495420739
6159,21638.92672,2,59087631.4368,0.0284416169811707
6160,21638.94672,1,59087651.4304,0.0197666318355974
6161,21638.96672,2,59087671.4752,0.0286700678181408
6162,21638.98672,1,59087691.5328,0.019827073985289
6163,21639.00672,2,59087711.4496,0.0287561210482103
6164,21639.02672,1,59087731.456,0.019735898539144
6165,21639.04672,2,59087751.4624,0.0288667609154425
6166,21639.06672,1,59087771.4176,0.0197297518798533
6167,21639.08672,2,59087791.5776,0.029153605015674
6168,21639.10672,1,59087811.4688,0.0198035117913414
6169,21639.12672,2,59087831.4624,0.0293328825783187
6170,21639.14672,1,59087851.4944,0.019763558505952
6171,21639.16672,2,59087871.4496,0.0293748847501383
6172,21639.18672,1,59087891.4816,0.0197297518798533
6173,21639.20672,2,59087911.424,0.0296504599750036
6174,21639.22672,1,59087931.4688,0.0197697051652427
6175,21639.24672,2,59087951.4624,0.0298461286290901
6176,21639.26672,1,59087971.52,0.0197348740959289
6177,21639.28672,2,59087991.5648,0.0300786772389206
6178,21639.30672,1,59088011.4688,0.0197533140738009
6179,21639.32672,2,59088031.424,0.0299526707234618
6180,21639.34672,1,59088051.4816,0.0197533140738009
6181,21639.36672,2,59088071.4624,0.0297795398201078
6182,21639.38672,1,59088091.6224,0.0197860962566845
6183,21639.40672,2,59088111.4752,0.0296842666011023
6184,21639.42672,1,59088131.5072,0.0197707296084578
6185,21639.44672,2,59088151.488,0.0294168869219579
6186,21639.46672,1,59088171.5328,0.0197768762677485
6187,21639.48672,2,59088191.6032,0.0292765382014875
6188,21639.50672,1,59088211.5072,0.0197748273813183
6189,21639.52672,2,59088231.5264,0.0291310672649415
6190,21639.54672,1,59088251.5968,0.019781998483824
6191,21639.56672,2,59088271.5008,0.0289794496691048
6192,21639.58672,1,59088291.52,0.0198240006556437
6193,21639.60672,2,59088311.552,0.0289149097465527
6194,21639.62672,1,59088331.52,0.0197338496527138
6195,21639.64672,2,59088351.5264,0.02889032310939
6196,21639.66672,1,59088371.5712,0.0197901940295449
6197,21639.68672,2,59088391.7568,0.0288483209375704
6198,21639.70672,1,59088411.5072,0.0197697051652427
6199,21639.72672,2,59088431.5648,0.0287182166492511
6200,21639.74672,1,59088451.4816,0.0197287274366382
6201,21639.76672,2,59088471.7056,0.0285870879177167
6202,21639.78672,1,59088491.84,0.0198024873481263
6203,21639.80672,2,59088511.5392,0.0285993812362981
6204,21639.82672,1,59088531.52,0.0197246296637777
6205,21639.84672,2,59088551.552,0.0287110455467453
6206,21639.86672,1,59088571.5456,0.0197492163009404
6207,21639.88672,2,59088591.6288,0.0288391009486344
6208,21639.90672,1,59088611.5584,0.0197184830044871
6209,21639.92672,2,59088631.5264,0.0287059233306698
6210,21639.94672,1,59088651.648,0.0197983895752658
6211,21639.96672,2,59088671.5904,0.0285502079619727
6212,21639.98672,1,59088691.648,0.0197051652426906
6213,21640.00672,2,59088711.5648,0.0284672280615485
6214,21640.02672,1,59088731.5584,0.0197471674145102
6215,21640.04672,2,59088751.5648,0.0283412215460897
6216,21640.06672,1,59088771.5712,0.0197584362898765
6217,21640.08672,2,59088791.7056,0.0283832237179093
6218,21640.10672,1,59088811.584,0.0197983895752658
6219,21640.12672,2,59088831.5776,0.0283371237732293
6220,21640.14672,1,59088851.5968,0.0197420451984347
6221,21640.16672,2,59088871.5648,0.0282633638617411
6222,21640.18672,1,59088891.6224,0.0197932673591903
6223,21640.20672,2,59088911.5776,0.0281301862437765
6224,21640.22672,1,59088931.648,0.0198260495420739
6225,21640.24672,2,59088951.5648,0.0278105599606614
6226,21640.26672,1,59088971.5712,0.0198321962013646
6227,21640.28672,2,59088991.5648,0.0277675333456267
6228,21640.30672,1,59089011.648,0.019836293974225
6229,21640.32672,2,59089031.5904,0.0276046468744237
6230,21640.34672,1,59089051.6736,0.0198209273259983
6231,21640.36672,2,59089071.5904,0.0276538201487492
6232,21640.38672,1,59089091.584,0.0198014629049112
6233,21640.40672,2,59089111.6032,0.027570840248325
6234,21640.42672,1,59089131.5712,0.0198526850656668
6235,21640.44672,2,59089151.6032,0.0275185936443543
6236,21640.46672,1,59089171.6096,0.019781998483824
6237,21640.48672,2,59089191.872,0.0274468826192964
6238,21640.50672,1,59089211.6224,0.0197860962566845
6239,21640.52672,2,59089231.6928,0.0274683959268138
6240,21640.54672,1,59089251.6352,0.0198229762124285
6241,21640.56672,2,59089271.6672,0.0274970803368369
6242,21640.58672,1,59089291.712,0.0197686807220276
6243,21640.60672,2,59089311.6928,0.0275769869076157
6244,21640.62672,1,59089331.648,0.0198741983731842
6245,21640.64672,2,59089351.616,0.0276077202040691
6246,21640.66672,1,59089371.6352,0.0197871206998996
6247,21640.68672,2,59089391.6544,0.0276568934783945
6248,21640.70672,1,59089411.6608,0.0198250250988588
6249,21640.72672,2,59089431.6544,0.0276609912512549
6250,21640.74672,1,59089451.6608,0.0197860962566845
6251,21640.76672,2,59089471.7056,0.0276353801708771
6252,21640.78672,1,59089491.8528,0.0197840473702543
6253,21640.80672,2,59089511.6672,0.0277173356280861
6254,21640.82672,1,59089531.5968,0.0197953162456205
6255,21640.84672,2,59089551.7184,0.0278945643043006
6256,21640.86672,1,59089571.7248,0.0198414161903006
6257,21640.88672,2,59089591.6928,0.0279539820107771
6258,21640.90672,1,59089611.6736,0.0198096584506321
6259,21640.92672,2,59089631.6544,0.0279744708750794
6260,21640.94672,1,59089651.712,0.0197707296084578
6261,21640.96672,2,59089671.68,0.0279447620218411
6262,21640.98672,1,59089691.9424,0.0197676562788125
6263,21641.00672,2,59089711.6672,0.0279908619665212
6264,21641.02672,1,59089731.7248,0.0197604851763067
6265,21641.04672,2,59089751.7312,0.0278085110742312
6266,21641.06672,1,59089771.7248,0.0197973651320507
6267,21641.08672,2,59089791.872,0.0280123752740386
6268,21641.10672,1,59089811.6864,0.0197789251541787
6269,21641.12672,2,59089831.7312,0.0287233388653267
6270,21641.14672,1,59089851.6352,0.0197645829491671
6271,21641.16672,2,59089871.7696,0.0290122318519884
6272,21641.18672,1,59089891.8656,0.0197502407441556
6273,21641.20672,2,59089911.6928,0.0291822894256971
6274,21641.22672,1,59089931.7376,0.0198373184174401
6275,21641.24672,2,59089951.68,0.0292458049050341
6276,21641.26672,1,59089971.7376,0.0198260495420739
6277,21641.28672,2,59089991.808,0.0294189358083881
6278,21641.30672,1,59090011.776,0.0198147806667076
6279,21641.32672,2,59090031.7312,0.0294670846394984
6280,21641.34672,1,59090051.7248,0.0198465384063761
6281,21641.36672,2,59090071.7312,0.0294097158194521
6282,21641.38672,1,59090091.8144,0.0197779007109636
6283,21641.40672,2,59090111.7312,0.0293820558526441
6284,21641.42672,1,59090131.7376,0.0198434650767308
6285,21641.44672,2,59090151.7824,0.0293001003954351
6286,21641.46672,1,59090171.6992,0.0197922429159752
6287,21641.48672,2,59090191.8592,0.0291023828549184
6288,21641.50672,1,59090211.7632,0.0197697051652427
6289,21641.52672,2,59090231.7312,0.0289640830208782
6290,21641.54672,1,59090251.7376,0.0197912184727601
6291,21641.56672,2,59090271.8208,0.0287663654803614
6292,21641.58672,1,59090291.7632,0.0198762472596144
6293,21641.60672,2,59090311.7696,0.0287704632532219
6294,21641.62672,1,59090331.7888,0.0198332206445797
6295,21641.64672,2,59090351.7952,0.0288759809043785
6296,21641.66672,1,59090371.7888,0.0198188784395681
6297,21641.68672,2,59090391.936,0.0289210564058434
6298,21641.70672,1,59090411.7888,0.0198280984285041
6299,21641.72672,2,59090431.7568,0.0291187739463602
6300,21641.74672,1,59090451.7376,0.0198383428606552
6301,21641.76672,2,59090471.7824,0.0290818939906161
6302,21641.78672,1,59090491.8144,0.0198342450877948
6303,21641.80672,2,59090511.808,0.0290060851926978
6304,21641.82672,1,59090531.8912,0.019709263015551
6305,21641.84672,2,59090551.8208,0.0288124654250415
6306,21641.86672,1,59090571.7632,0.0198414161903006
6307,21641.88672,2,59090591.872,0.0287704632532219
6308,21641.90672,1,59090611.8144,0.0198690761571086
6309,21641.92672,2,59090631.8464,0.0285655746101994
6310,21641.94672,1,59090651.84,0.0197707296084578
6311,21641.96672,2,59090671.8464,0.0285327924273158
6312,21641.98672,1,59090691.8656,0.0198280984285041
6313,21642.00672,2,59090711.8208,0.0284190792304383
6314,21642.02672,1,59090731.8528,0.0198209273259983
6315,21642.04672,2,59090751.8848,0.0283934681500604
6316,21642.06672,1,59090771.8016,0.0197697051652427
6317,21642.08672,2,59090791.8336,0.0283545393078862
6318,21642.10672,1,59090811.9552,0.019799414018481
6319,21642.12672,2,59090831.8208,0.0283279037842932
6320,21642.14672,1,59090851.84,0.019836293974225
6321,21642.16672,2,59090871.8336,0.0283699059561128
6322,21642.18672,1,59090891.9552,0.019854733952097
6323,21642.20672,2,59090911.7952,0.0286157723277399
6324,21642.22672,1,59090931.8784,0.019817853996353
6325,21642.24672,2,59090951.8208,0.0287325588542627
6326,21642.26672,1,59090971.8528,0.0197953162456205
6327,21642.28672,2,59090991.9104,0.028553281291618
6328,21642.30672,1,59091011.8272,0.0198055606777716
6329,21642.32672,2,59091031.8336,0.0285706968262749
6330,21642.34672,1,59091051.8016,0.0197901940295449
6331,21642.36672,2,59091071.8464,0.0283842481611244
6332,21642.38672,1,59091091.968,0.019763558505952
6333,21642.40672,2,59091111.9232,0.0282479972135145
6334,21642.42672,1,59091131.8784,0.0198055606777716
6335,21642.44672,2,59091151.872,0.0282193128034913
6336,21642.46672,1,59091171.776,0.0198188784395681
6337,21642.48672,2,59091191.8976,0.0281926772798984
6338,21642.50672,1,59091211.8656,0.0197922429159752
6339,21642.52672,2,59091231.9104,0.0281486262216485
6340,21642.54672,1,59091251.904,0.0198229762124285
6341,21642.56672,2,59091271.8848,0.0282818038396132
6342,21642.58672,1,59091291.8912,0.0198680517138935
6343,21642.60672,2,59091311.8592,0.0281424795623579
6344,21642.62672,1,59091331.9424,0.0197973651320507
6345,21642.64672,2,59091351.8848,0.028034913024771
6346,21642.66672,1,59091371.8656,0.0197574118466613
6347,21642.68672,2,59091391.936,0.028016473046899
6348,21642.70672,1,59091411.9424,0.0198117073370623
6349,21642.72672,2,59091431.9488,0.0279601286700678
6350,21642.74672,1,59091451.8912,0.0198117073370623
6351,21642.76672,2,59091471.9104,0.0279836908640154
6352,21642.78672,1,59091492.032,0.0198024873481263
6353,21642.80672,2,59091511.8848,0.0279908619665212
6354,21642.82672,1,59091531.9424,0.0197697051652427
6355,21642.84672,2,59091551.8848,0.0279632019997132
6356,21642.86672,1,59091571.904,0.0198373184174401
6357,21642.88672,2,59091592,0.0280472063433524
6358,21642.90672,1,59091611.9296,0.0198516606224517
6359,21642.92672,2,59091631.9104,0.0282541438728051
6360,21642.94672,1,59091651.9808,0.0198864916917655
6361,21642.96672,2,59091671.8848,0.0281240395844858
6362,21642.98672,1,59091691.9552,0.0197922429159752
6363,21643.00672,2,59091711.9488,0.0280676952076546
6364,21643.02672,1,59091731.9296,0.0198260495420739
6365,21643.04672,2,59091751.9104,0.0279898375233061
6366,21643.06672,1,59091771.9168,0.0198608806113877
6367,21643.08672,2,59091792.0128,0.0280093019443932
6368,21643.10672,1,59091811.9424,0.0198383428606552
6369,21643.12672,2,59091831.9744,0.0278658798942775
6370,21643.14672,1,59091851.9296,0.0198414161903006
6371,21643.16672,2,59091871.9104,0.0277859733234987
6372,21643.18672,1,59091892.0576,0.0198967361239166
6373,21643.20672,2,59091911.9104,0.027906857622882
6374,21643.22672,1,59091931.968,0.0198619050546028
6375,21643.24672,2,59091951.9616,0.028034913024771
6376,21643.26672,1,59091971.968,0.0198065851209867
6377,21643.28672,2,59091992.0128,0.0280236441494048
6378,21643.30672,1,59092012.0192,0.0199121027721433
6379,21643.32672,2,59092032,0.0280226197061897
6380,21643.34672,1,59092051.9936,0.0198670272706784
6381,21643.36672,2,59092071.936,0.0279836908640154
6382,21643.38672,1,59092092.0832,0.0199223472042945
6383,21643.40672,2,59092111.936,0.0279580797836376
6384,21643.42672,1,59092131.9424,0.0198864916917655
6385,21643.44672,2,59092152.0384,0.0280594996619337
6386,21643.46672,1,59092172.0064,0.019918249431434
6387,21643.48672,2,59092192.0512,0.0280082775011781
6388,21643.50672,1,59092211.968,0.0198014629049112
6389,21643.52672,2,59092231.9872,0.0279632019997132
6390,21643.54672,1,59092251.9936,0.0198946872374864
6391,21643.56672,2,59092271.9872,0.0280031552851025
6392,21643.58672,1,59092292.032,0.019808634007417
6393,21643.60672,2,59092312.0512,0.0282152150306309
6394,21643.62672,1,59092331.9808,0.0198639539410331
6395,21643.64672,2,59092352,0.0283371237732293
6396,21643.66672,1,59092371.9808,0.0198127317802774
6397,21643.68672,2,59092392.0128,0.0285788923719958
6398,21643.70672,1,59092411.9424,0.0197789251541787
6399,21643.72672,2,59092432.0256,0.0287018255578093
6400,21643.74672,1,59092452.0704,0.0198537095088819
6401,21643.76672,2,59092472,0.0287694388100068
6402,21643.78672,1,59092492.1216,0.0198629294978179
6403,21643.80672,2,59092512.0256,0.0286229434302457
6404,21643.82672,1,59092532.0704,0.0197922429159752
6405,21643.84672,2,59092552.0768,0.0286618722724199
6406,21643.86672,1,59092571.9936,0.0199346405228758
6407,21643.88672,2,59092592.0768,0.0286065523388039
6408,21643.90672,1,59092612.032,0.0197768762677485
6409,21643.92672,2,59092632.0256,0.0286372856352572
6410,21643.94672,1,59092652.0448,0.0197963406888356
6411,21643.96672,2,59092671.9616,0.0287079722171
6412,21643.98672,1,59092692.1472,0.0198219517692134
6413,21644.00672,2,59092712.0768,0.0288155387546868
6414,21644.02672,1,59092732.1088,0.0197123363451964
6415,21644.04672,2,59092752.0128,0.0291064806277788
6416,21644.06672,1,59092772.032,0.0198024873481263
6417,21644.08672,2,59092792.064,0.0291433605835229
6418,21644.10672,1,59092812.0832,0.0198188784395681
6419,21644.12672,2,59092832.0512,0.0291249206056508
6420,21644.14672,1,59092852.032,0.0198014629049112
6421,21644.16672,2,59092872.0128,0.0289763763394595
6422,21644.18672,1,59092892.2112,0.0197871206998996
6423,21644.20672,2,59092912.0512,0.0290491118077325
6424,21644.22672,1,59092932.0832,0.0198096584506321
6425,21644.24672,2,59092952.0768,0.0292345360296679
6426,21644.26672,1,59092972.0064,0.0198537095088819
6427,21644.28672,2,59092992.2048,0.0292765382014875
6428,21644.30672,1,59093012.1088,0.0198342450877948
6429,21644.32672,2,59093032.064,0.0293912758415801
6430,21644.34672,1,59093052.0192,0.0197768762677485
6431,21644.36672,2,59093072.064,0.0292683426557666
6432,21644.38672,1,59093092.0832,0.0198219517692134
6433,21644.40672,2,59093112.128,0.0292837093039933
6434,21644.42672,1,59093132.1088,0.0198434650767308
6435,21644.44672,2,59093152.1152,0.0291587272317495
6436,21644.46672,1,59093172.0832,0.0198024873481263
6437,21644.48672,2,59093192.1024,0.0290286229434302
6438,21644.50672,1,59093212.096,0.0197932673591903
6439,21644.52672,2,59093232.064,0.0289190075194132
6440,21644.54672,1,59093252.1344,0.01988136947569
6441,21644.56672,2,59093272.1792,0.0288913475526052
6442,21644.58672,1,59093292.2368,0.0198035117913414
6443,21644.60672,2,59093312.1792,0.0288278320732682
6444,21644.62672,1,59093332.0832,0.0198158051099228
6445,21644.64672,2,59093352.1024,0.0288606142561518
6446,21644.66672,1,59093372.1216,0.0197594607330916
6447,21644.68672,2,59093392.2176,0.028935398610855
6448,21644.70672,1,59093412.1088,0.0197932673591903
6449,21644.72672,2,59093432.1664,0.0290030118630524
6450,21644.74672,1,59093452.096,0.0198004384616961
6451,21644.76672,2,59093472.1408,0.0288913475526052
6452,21644.78672,1,59093492.0832,0.0197471674145102
6453,21644.80672,2,59093512.1152,0.0288063187657508
6454,21644.82672,1,59093532.1216,0.0197676562788125
6455,21644.84672,2,59093552.192,0.0287192410924662
6456,21644.86672,1,59093572.1984,0.0198373184174401
6457,21644.88672,2,59093592.192,0.028635236748827
6458,21644.90672,1,59093612.0832,0.019763558505952
6459,21644.92672,2,59093632.1664,0.0285133280062286
6460,21644.94672,1,59093652.2112,0.019763558505952
6461,21644.96672,2,59093672.128,0.0283627348536071
6462,21644.98672,1,59093692.2624,0.0197123363451964
6463,21645.00672,2,59093712.1792,0.0282582416456656
6464,21645.02672,1,59093732.1472,0.0198014629049112
6465,21645.04672,2,59093752.2176,0.0282951216014096
6466,21645.06672,1,59093772.2112,0.0197738029381031
6467,21645.08672,2,59093792.2176,0.0283197082385723
6468,21645.10672,1,59093812.1856,0.0198106828938472
6469,21645.12672,2,59093832.2176,0.028407810355072
6470,21645.14672,1,59093852.16,0.0197932673591903
6471,21645.16672,2,59093872.1664,0.0285225479951646
6472,21645.18672,1,59093892.2496,0.0197779007109636
6473,21645.20672,2,59093912.2432,0.0287827565718032
6474,21645.22672,1,59093932.224,0.0197799495973938
6475,21645.24672,2,59093952.1664,0.0288995430983261
6476,21645.26672,1,59093972.16,0.0198557583953122
6477,21645.28672,2,59093992.2432,0.0289456430430061
6478,21645.30672,1,59094012.1216,0.0197584362898765
6479,21645.32672,2,59094032.1408,0.0290655028991743
6480,21645.34672,1,59094052.1856,0.0197645829491671
6481,21645.36672,2,59094072.1664,0.0289282275083492
6482,21645.38672,1,59094092.224,0.0197973651320507
6483,21645.40672,2,59094112.2048,0.0291986805171389
6484,21645.42672,1,59094132.1984,0.0197779007109636
6485,21645.44672,2,59094152.32,0.0293748847501383
6486,21645.46672,1,59094172.1856,0.0197697051652427
6487,21645.48672,2,59094192.3328,0.0294394246726904
6488,21645.50672,1,59094212.2112,0.0197645829491671
6489,21645.52672,2,59094232.2304,0.0294424980023357
6490,21645.54672,1,59094252.2496,0.0197983895752658
6491,21645.56672,2,59094272.2176,0.0294209846948184
6492,21645.58672,1,59094292.352,0.0197901940295449
6493,21645.60672,2,59094312.2176,0.0293656647612023
6494,21645.62672,1,59094332.2112,0.0198321962013646
6495,21645.64672,2,59094352.192,0.0293103448275862
6496,21645.66672,1,59094372.2368,0.0198055606777716
6497,21645.68672,2,59094392.3072,0.0291116028438544
6498,21645.70672,1,59094412.2624,0.0197963406888356
6499,21645.72672,2,59094432.2688,0.0290286229434302
6500,21645.74672,1,59094452.2496,0.0198332206445797
6501,21645.76672,2,59094472.2176,0.0289569119183724
6502,21645.78672,1,59094492.3008,0.0198229762124285
6503,21645.80672,2,59094512.2176,0.0288913475526052
6504,21645.82672,1,59094532.3136,0.0198567828385273
6505,21645.84672,2,59094552.2432,0.0287540721617801
6506,21645.86672,1,59094572.1984,0.0198526850656668
6507,21645.88672,2,59094592.2944,0.0287130944331756
6508,21645.90672,1,59094612.2624,0.0198352695310099
6509,21645.92672,2,59094632.2944,0.0285676234966296
6510,21645.94672,1,59094652.2752,0.0197932673591903
6511,21645.96672,2,59094672.2432,0.0284385436515254
6512,21645.98672,1,59094692.2752,0.0198629294978179
6513,21646.00672,2,59094712.256,0.0284938635851415
6514,21646.02672,1,59094732.2624,0.0197983895752658
6515,21646.04672,2,59094752.2816,0.0285020591308624
6516,21646.06672,1,59094772.2752,0.0197840473702543
6517,21646.08672,2,59094792.2432,0.0285379146433913
6518,21646.10672,1,59094812.3776,0.0197891695863298
6519,21646.12672,2,59094832.3072,0.028562501280554
6520,21646.14672,1,59094852.2752,0.0198045362345565
6521,21646.16672,2,59094872.2432,0.0284405925379556
6522,21646.18672,1,59094892.3776,0.0197973651320507
6523,21646.20672,2,59094912.2688,0.0284231770032987
6524,21646.22672,1,59094932.2624,0.0197379474255742
6525,21646.24672,2,59094952.2432,0.0282613149753109
6526,21646.26672,1,59094972.2752,0.019836293974225
6527,21646.28672,2,59094992.3072,0.0281496506648636
6528,21646.30672,1,59095012.3264,0.0198127317802774
6529,21646.32672,2,59095032.3328,0.0280974040608929
6530,21646.34672,1,59095052.288,0.0197563874034462
6531,21646.36672,2,59095072.2944,0.0280656463212244
6532,21646.38672,1,59095092.416,0.0197707296084578
6533,21646.40672,2,59095112.3328,0.0280554018890733
6534,21646.42672,1,59095132.352,0.0198158051099228
6535,21646.44672,2,59095152.3456,0.0280277419222652
6536,21646.46672,1,59095172.288,0.0198424406335157
6537,21646.48672,2,59095192.4736,0.0280492552297826
6538,21646.50672,1,59095212.3392,0.0198004384616961
6539,21646.52672,2,59095232.3072,0.0280769151965907
6540,21646.54672,1,59095252.3264,0.0198465384063761
6541,21646.56672,2,59095272.3584,0.027952957567562
6542,21646.58672,1,59095292.3264,0.0198229762124285
6543,21646.60672,2,59095312.3072,0.0279703731022189
6544,21646.62672,1,59095332.3776,0.0198383428606552
6545,21646.64672,2,59095352.3072,0.0280062286147479
6546,21646.66672,1,59095372.352,0.019799414018481
6547,21646.68672,2,59095392.384,0.0278996865203762
6548,21646.70672,1,59095412.3648,0.0198199028827832
6549,21646.72672,2,59095432.3456,0.0278300243817485
6550,21646.74672,1,59095452.3392,0.0198639539410331
6551,21646.76672,2,59095472.3328,0.0278136332903067
6552,21646.78672,1,59095492.3392,0.0198260495420739
6553,21646.80672,2,59095512.384,0.0278638310078472
6554,21646.82672,1,59095532.352,0.0199213227610794
6555,21646.84672,2,59095552.4608,0.0279273464871842
6556,21646.86672,1,59095572.3392,0.0197963406888356
6557,21646.88672,2,59095592.384,0.0279447620218411
6558,21646.90672,1,59095612.352,0.0198240006556437
6559,21646.92672,2,59095632.3584,0.0279447620218411
6560,21646.94672,1,59095652.4288,0.0198311717581494
6561,21646.96672,2,59095672.3456,0.0279232487143238
6562,21646.98672,1,59095692.416,0.0198639539410331
6563,21647.00672,2,59095712.3968,0.0279273464871842
6564,21647.02672,1,59095732.3904,0.0198229762124285
6565,21647.04672,2,59095752.3456,0.0279836908640154
6566,21647.06672,1,59095772.3776,0.0198321962013646
6567,21647.08672,2,59095792.4224,0.0279591042268527
6568,21647.10672,1,59095812.4288,0.0197881451431147
6569,21647.12672,2,59095832.4096,0.0282500460999447
6570,21647.14672,1,59095852.3776,0.019854733952097
6571,21647.16672,2,59095872.384,0.0283412215460897
6572,21647.18672,1,59095892.4928,0.019808634007417
6573,21647.20672,2,59095912.384,0.0283647837400373
6574,21647.22672,1,59095932.3904,0.0197809740406089
6575,21647.24672,2,59095952.4096,0.0284344458786649
6576,21647.26672,1,59095972.3776,0.0198096584506321
6577,21647.28672,2,59095992.4608,0.0283862970475547
6578,21647.30672,1,59096012.3776,0.0198588317249575
6579,21647.32672,2,59096032.448,0.0285307435408855
6580,21647.34672,1,59096052.4544,0.019799414018481
6581,21647.36672,2,59096072.4096,0.0285727457127051
6582,21647.38672,1,59096092.5056,0.0198373184174401
6583,21647.40672,2,59096112.4224,0.0287059233306698
6584,21647.42672,1,59096132.416,0.0198117073370623
6585,21647.44672,2,59096152.4992,0.0286659700452804
6586,21647.46672,1,59096172.3904,0.0198383428606552
6587,21647.48672,2,59096192.512,0.0284907902554961
6588,21647.50672,1,59096212.416,0.0198772717028295
6589,21647.52672,2,59096232.4736,0.0284016636957813
6590,21647.54672,1,59096252.4672,0.0198506361792366
6591,21647.56672,2,59096272.448,0.0281937017231135
6592,21647.58672,1,59096292.5312,0.0197840473702543
6593,21647.60672,2,59096312.4224,0.0281322351302067
6594,21647.62672,1,59096332.48,0.0197912184727601
6595,21647.64672,2,59096352.4224,0.0280707685373
6596,21647.66672,1,59096372.4928,0.0198137562234925
6597,21647.68672,2,59096392.5888,0.0280728174237302
6598,21647.70672,1,59096412.4544,0.0198731739299691
6599,21647.72672,2,59096432.4608,0.0280277419222652
6600,21647.74672,1,59096452.4416,0.0197860962566845
6601,21647.76672,2,59096472.4608,0.0279970086258119
6602,21647.78672,1,59096492.5696,0.0198188784395681
6603,21647.80672,2,59096512.4864,0.0279427131354109
6604,21647.82672,1,59096532.5312,0.0198537095088819
6605,21647.84672,2,59096552.4864,0.0278884176450099
6606,21647.86672,1,59096572.4416,0.0198055606777716
6607,21647.88672,2,59096592.576,0.027897637633946
6608,21647.90672,1,59096612.4416,0.0198342450877948
6609,21647.92672,2,59096632.4608,0.0278228532792427
6610,21647.94672,1,59096652.4928,0.0197738029381031
6611,21647.96672,2,59096672.4608,0.0277091400823652
6612,21647.98672,1,59096692.5056,0.0198875161349806
6613,21648.00672,2,59096712.5248,0.027761386686336
6614,21648.02672,1,59096732.4928,0.01988136947569
6615,21648.04672,2,59096752.448,0.0278197799495974
6616,21648.06672,1,59096772.5312,0.0198045362345565
6617,21648.08672,2,59096792.4736,0.0277900710963591
6618,21648.10672,1,59096812.5568,0.0198731739299691
6619,21648.12672,2,59096832.512,0.0278177310631672
6620,21648.14672,1,59096852.4928,0.0198301473149343
6621,21648.16672,2,59096872.5376,0.0278484643596205
6622,21648.18672,1,59096892.544,0.0199172249882189
6623,21648.20672,2,59096912.4992,0.0277327022763128
6624,21648.22672,1,59096932.5696,0.0198926383510562
6625,21648.24672,2,59096952.5248,0.0276497223758887
6626,21648.26672,1,59096972.5056,0.0198588317249575
6627,21648.28672,2,59096992.5376,0.0276825045587723
6628,21648.30672,1,59097012.5312,0.0198619050546028
6629,21648.32672,2,59097032.5248,0.0277122134120106
6630,21648.34672,1,59097052.544,0.0198219517692134
6631,21648.36672,2,59097072.512,0.0277531911406151
6632,21648.38672,1,59097092.5952,0.0198629294978179
6633,21648.40672,2,59097112.5504,0.0278095355174463
6634,21648.42672,1,59097132.4928,0.0199192738746491
6635,21648.44672,2,59097152.5376,0.0277818755506382
6636,21648.46672,1,59097172.5312,0.019854733952097
6637,21648.48672,2,59097192.6016,0.0278761243264286
6638,21648.50672,1,59097212.5184,0.019827073985289
6639,21648.52672,2,59097232.5376,0.027843342143545
6640,21648.54672,1,59097252.5696,0.0198537095088819
6641,21648.56672,2,59097272.5632,0.0279488597947016
6642,21648.58672,1,59097292.5184,0.0198209273259983
6643,21648.60672,2,59097312.576,0.028134284016637
6644,21648.62672,1,59097332.5824,0.0198526850656668
6645,21648.64672,2,59097352.576,0.0281394062327125
6646,21648.66672,1,59097372.6336,0.0198885405781957
6647,21648.68672,2,59097392.5632,0.0282080439281251
6648,21648.70672,1,59097412.6208,0.0198711250435388
6649,21648.72672,2,59097432.576,0.028079988526236
6650,21648.74672,1,59097452.5696,0.0198619050546028
6651,21648.76672,2,59097472.5888,0.0279539820107771
6652,21648.78672,1,59097493.5552,0.0198957116807015
6653,21648.80672,2,59097512.576,0.0279058331796669
6654,21648.82672,1,59097532.5952,0.0198711250435388
6655,21648.84672,2,59097552.5504,0.0279929108529514
6656,21648.86672,1,59097572.5952,0.0198864916917655
6657,21648.88672,2,59097592.7808,0.0279642264429283
6658,21648.90672,1,59097612.5952,0.0199008338967771
6659,21648.92672,2,59097632.5888,0.0279847153072305
6660,21648.94672,1,59097652.5696,0.0198465384063761
6661,21648.96672,2,59097672.6016,0.0280431085704919
6662,21648.98672,1,59097692.6976,0.0198619050546028
6663,21649.00672,2,59097712.6272,0.0279816419775852
6664,21649.02672,1,59097732.608,0.0198690761571086
6665,21649.04672,2,59097752.6272,0.0279724219886492
6666,21649.06672,1,59097772.6208,0.019817853996353
6667,21649.08672,2,59097792.6528,0.0281055996066138
6668,21649.10672,1,59097812.672,0.0198444895199459
6669,21649.12672,2,59097832.6272,0.028079988526236
6670,21649.14672,1,59097852.5696,0.0198229762124285
6671,21649.16672,2,59097872.6272,0.028061548548364
6672,21649.18672,1,59097892.6976,0.0198342450877948
6673,21649.20672,2,59097912.6144,0.0281219906980556
6674,21649.22672,1,59097932.5952,0.0197604851763067
6675,21649.24672,2,59097952.6656,0.0281598950970148
6676,21649.26672,1,59097972.6208,0.0198055606777716
6677,21649.28672,2,59097992.6912,0.0281291618005614
6678,21649.30672,1,59098012.6464,0.0198004384616961
6679,21649.32672,2,59098032.6784,0.0279314442600447
6680,21649.34672,1,59098052.7104,0.0198219517692134
6681,21649.36672,2,59098072.6272,0.0278177310631672
6682,21649.38672,1,59098092.6848,0.0198199028827832
6683,21649.40672,2,59098112.6784,0.0278095355174463
6684,21649.42672,1,59098132.6464,0.0198004384616961
6685,21649.44672,2,59098152.6528,0.0278197799495974
6686,21649.46672,1,59098172.672,0.0198280984285041
6687,21649.48672,2,59098192.7424,0.0277531911406151
6688,21649.50672,1,59098212.672,0.0198485872928064
6689,21649.52672,2,59098232.6272,0.0276968467637839
6690,21649.54672,1,59098252.6464,0.0198444895199459
6691,21649.56672,2,59098272.6912,0.0276855778884176
6692,21649.58672,1,59098292.6592,0.0198332206445797
6693,21649.60672,2,59098312.6784,0.0276681623537607
6694,21649.62672,1,59098332.6976,0.0198424406335157
6695,21649.64672,2,59098352.6528,0.0276128424201447
6696,21649.66672,1,59098372.736,0.0198188784395681
6697,21649.68672,2,59098392.6784,0.0275206425307845
6698,21649.70672,1,59098412.736,0.0198414161903006
6699,21649.72672,2,59098432.704,0.0274878603479009
6700,21649.74672,1,59098452.6976,0.0197850718134694
6701,21649.76672,2,59098472.7296,0.0275226914172147
6702,21649.78672,1,59098492.7616,0.0198711250435388
6703,21649.80672,2,59098512.6912,0.0276661134673305
6704,21649.82672,1,59098532.7616,0.0197604851763067
6705,21649.84672,2,59098552.7168,0.0278289999385334
6706,21649.86672,1,59098572.6976,0.0198106828938472
6707,21649.88672,2,59098592.7168,0.0278505132460508
6708,21649.90672,1,59098612.7232,0.0198957116807015
6709,21649.92672,2,59098632.7808,0.0277859733234987
6710,21649.94672,1,59098652.7104,0.019845513963161
6711,21649.96672,2,59098672.6656,0.0279109553957424
6712,21649.98672,1,59098692.7488,0.019909029442498
6713,21650.00672,2,59098712.7168,0.0279642264429283
6714,21650.02672,1,59098732.736,0.019836293974225
6715,21650.04672,2,59098752.7936,0.0279836908640154
6716,21650.06672,1,59098772.6976,0.0198434650767308
6717,21650.08672,2,59098792.7424,0.0277388489356035
6718,21650.10672,1,59098812.7232,0.0198199028827832
6719,21650.12672,2,59098832.7808,0.0277408978220337
6720,21650.14672,1,59098852.736,0.0198701006003237
6721,21650.16672,2,59098872.7424,0.0277101645255803
6722,21650.18672,1,59098892.7616,0.0198598561681726
6723,21650.20672,2,59098912.7296,0.0276773823426967
6724,21650.22672,1,59098932.7872,0.0198475628495912
6725,21650.24672,2,59098952.7808,0.0275985002151331
6726,21650.26672,1,59098972.928,0.0198670272706784
6727,21650.28672,2,59098992.7936,0.02761591574979
6728,21650.30672,1,59099012.7872,0.0198004384616961
6729,21650.32672,2,59099032.7168,0.0276855778884176
6730,21650.34672,1,59099052.8,0.0198434650767308
6731,21650.36672,2,59099072.7552,0.0276241112955109
6732,21650.38672,1,59099092.7616,0.0198854672485504
6733,21650.40672,2,59099112.7808,0.0275913291126273
6734,21650.42672,1,59099132.7488,0.019854733952097
6735,21650.44672,2,59099152.8064,0.0277624111295511
6736,21650.46672,1,59099172.8128,0.019890589464626
6737,21650.48672,2,59099192.9216,0.0278197799495974
6738,21650.50672,1,59099212.7488,0.0198219517692134
6739,21650.52672,2,59099232.7808,0.0277962177556498
6740,21650.54672,1,59099252.8256,0.0198741983731842
6741,21650.56672,2,59099272.7936,0.0278781732128588
6742,21650.58672,1,59099292.8384,0.0198680517138935
6743,21650.60672,2,59099312.7936,0.0277654844591964
6744,21650.62672,1,59099332.8,0.0198229762124285
6745,21650.64672,2,59099352.8064,0.0277839244370685
6746,21650.66672,1,59099372.928,0.0199110783289282
6747,21650.68672,2,59099392.8192,0.0276876267748479
6748,21650.70672,1,59099412.7616,0.0197697051652427
6749,21650.72672,2,59099432.8064,0.0275923535558424
6750,21650.74672,1,59099453.1072,0.0198332206445797
6751,21650.76672,2,59099472.7808,0.0276189890794353
6752,21650.78672,1,59099492.8384,0.019845513963161
6753,21650.80672,2,59099512.8448,0.0277245067305919
6754,21650.82672,1,59099532.9536,0.0198424406335157
6755,21650.84672,2,59099552.8064,0.0277490933677546
6756,21650.86672,1,59099572.8128,0.0198680517138935
6757,21650.88672,2,59099592.832,0.0278730509967832
6758,21650.90672,1,59099612.8384,0.0198670272706784
6759,21650.92672,2,59099632.7936,0.0279703731022189
6760,21650.94672,1,59099652.864,0.0198219517692134
6761,21650.96672,2,59099672.8192,0.0280400352408466
6762,21650.98672,1,59099693.0816,0.0198701006003237
6763,21651.006752,2,59099712.8704,0.0280410596840617
6764,21651.026752,1,59099732.8128,0.0198250250988588
6765,21651.046752,2,59099752.8192,0.0282008728256193
6766,21651.066752,1,59099772.8896,0.0197758518245334
6767,21651.086752,2,59099792.8704,0.0282326305652878
6768,21651.106752,1,59099812.8256,0.0198158051099228
6769,21651.126752,2,59099832.8576,0.0281906283934681
6770,21651.146752,1,59099852.8512,0.0198332206445797
6771,21651.166752,2,59099872.8576,0.028098428504108
6772,21651.186752,1,59099892.8768,0.0197953162456205
6773,21651.206752,2,59099912.8192,0.0280297908086955
6774,21651.226752,1,59099932.9152,0.0198946872374864
6775,21651.246752,2,59099952.9088,0.0279877886368759
6776,21651.266752,1,59099972.8512,0.0198496117360215
6777,21651.286752,2,59099992.896,0.02793451758969
6778,21651.306752,1,59100012.8896,0.0198383428606552
6779,21651.326752,2,59100032.8576,0.0279509086811318
6780,21651.346752,1,59100052.9664,0.019781998483824
6781,21651.366752,2,59100072.8832,0.0278822709857193
6782,21651.386752,1,59100092.9664,0.0198936627942713
6783,21651.406752,2,59100112.8576,0.0278320732681787
6784,21651.426752,1,59100132.8768,0.0198854672485504
6785,21651.446752,2,59100152.9344,0.0277214334009466
6786,21651.466752,1,59100172.8896,0.0198506361792366
6787,21651.486752,2,59100193.0752,0.0276753334562665
6788,21651.506752,1,59100212.864,0.0198946872374864
6789,21651.526752,2,59100232.9088,0.0276650890241154
6790,21651.546752,1,59100252.9408,0.0199418116253816
6791,21651.566752,2,59100272.896,0.0277347511627431
6792,21651.586752,1,59100292.9152,0.0198895650214109
6793,21651.606752,2,59100312.896,0.0276425512733829
6794,21651.626752,1,59100332.9152,0.0198260495420739
6795,21651.646752,2,59100352.896,0.0276384535005225
6796,21651.666752,1,59100372.928,0.0198649783842482
6797,21651.686752,2,59100392.9472,0.0277429467084639
6798,21651.706752,1,59100412.9664,0.0198373184174401
6799,21651.726752,2,59100432.9856,0.0278474399164054
6800,21651.746752,1,59100452.8896,0.0198762472596144
6801,21651.766752,2,59100473.2288,0.0279570553404225
6802,21651.786752,1,59100492.9536,0.0198106828938472
6803,21651.806752,2,59100512.9472,0.0280820374126662
6804,21651.826752,1,59100532.9536,0.0198158051099228
6805,21651.846752,2,59100552.9472,0.0282787305099678
6806,21651.866752,1,59100572.928,0.0198229762124285
6807,21651.886752,2,59100592.9728,0.0283002438174852
6808,21651.906752,1,59100612.9536,0.0198567828385273
6809,21651.926752,2,59100632.9216,0.0284313725490196
6810,21651.946752,1,59100652.928,0.0198403917470855
6811,21651.966752,2,59100672.96,0.028626016759891
6812,21651.986752,1,59100693.1456,0.0198475628495912
6813,21652.006752,2,59100712.9728,0.0288227098571926
6814,21652.026752,1,59100732.928,0.0198772717028295
6815,21652.046752,2,59100752.9216,0.0286926055688733
6816,21652.066752,1,59100773.0048,0.0198608806113877
6817,21652.086752,2,59100792.9856,0.0286475300674084
6818,21652.106752,1,59100812.9536,0.0198434650767308
6819,21652.126752,2,59100833.024,0.0285645501669842
6820,21652.146752,1,59100852.9664,0.0199008338967771
6821,21652.166752,2,59100873.1648,0.0284416169811707
6822,21652.186752,1,59100893.0176,0.0198957116807015
6823,21652.206752,2,59100913.0496,0.0283565881943164
6824,21652.226752,1,59100932.9792,0.0199059561128527
6825,21652.246752,2,59100953.0112,0.0282899993853341
6826,21652.266752,1,59100972.9792,0.0198403917470855
6827,21652.286752,2,59100993.0368,0.028361710410392
6828,21652.306752,1,59101012.9536,0.0198639539410331
6829,21652.326752,2,59101033.024,0.0283401971028746
6830,21652.346752,1,59101053.0048,0.0199049316696376
6831,21652.366752,2,59101072.9984,0.0282736082938923
6832,21652.386752,1,59101093.1072,0.0198957116807015
6833,21652.406752,2,59101113.0496,0.0280717929805151
6834,21652.426752,1,59101132.9792,0.0198414161903006
6835,21652.446752,2,59101152.9984,0.0279211998278935
6836,21652.466752,1,59101173.1456,0.0198957116807015
6837,21652.486752,2,59101193.088,0.0279836908640154
6838,21652.506752,1,59101213.0304,0.0198936627942713
6839,21652.526752,2,59101233.0496,0.0279242731575389
6840,21652.546752,1,59101252.9792,0.019827073985289
6841,21652.566752,2,59101273.0752,0.0279232487143238
6842,21652.586752,1,59101293.0176,0.0198690761571086
6843,21652.606752,2,59101313.024,0.0278300243817485
6844,21652.626752,1,59101333.0432,0.0199356649660909
6845,21652.646752,2,59101353.024,0.0277962177556498
6846,21652.666752,1,59101373.0688,0.0198045362345565
6847,21652.686752,2,59101393.2288,0.0278095355174463
6848,21652.706752,1,59101413.056,0.0198987850103469
6849,21652.726752,2,59101433.0624,0.0278535865756961
6850,21652.746752,1,59101453.0944,0.019845513963161
6851,21652.766752,2,59101473.0368,0.0277747044481324
6852,21652.786752,1,59101493.0816,0.0198280984285041
6853,21652.806752,2,59101513.0496,0.0278689532239228
6854,21652.826752,1,59101533.1072,0.01992746942037
6855,21652.846752,2,59101553.1008,0.0278228532792427
6856,21652.866752,1,59101573.0304,0.0198916139078411
6857,21652.886752,2,59101593.1008,0.0277921199827894
6858,21652.906752,1,59101613.0816,0.0198946872374864
6859,21652.926752,2,59101633.1136,0.0278269510521032
6860,21652.946752,1,59101653.0688,0.0198793205892597
6861,21652.966752,2,59101673.1136,0.0279724219886492
6862,21652.986752,1,59101693.1968,0.0198660028274633
6863,21653.006752,2,59101713.2672,0.0280728174237302
6864,21653.026752,1,59101733.4784,0.0199356649660909
6865,21653.046752,2,59101753.1136,0.0281178929251952
6866,21653.066752,1,59101773.1072,0.0199213227610794
6867,21653.086752,2,59101793.2672,0.0281465773352183
6868,21653.106752,1,59101813.1072,0.0198895650214109
6869,21653.126752,2,59101833.1136,0.028061548548364
6870,21653.146752,1,59101853.0816,0.0199571782736083
6871,21653.166752,2,59101873.1264,0.0280369619112013
6872,21653.186752,1,59101893.0816,0.0198444895199459
6873,21653.206752,2,59101913.1008,0.027988813080091
6874,21653.226752,1,59101933.12,0.019936689409306
6875,21653.246752,2,59101953.1008,0.0279058331796669
6876,21653.266752,1,59101973.12,0.0198588317249575
6877,21653.286752,2,59101993.152,0.0279171020550331
6878,21653.306752,1,59102013.12,0.0198280984285041
6879,21653.326752,2,59102033.152,0.0279099309525273
6880,21653.346752,1,59102053.12,0.0198752228163993
6881,21653.366752,2,59102073.088,0.0279990575122421
6882,21653.386752,1,59102093.1968,0.0198147806667076
6883,21653.406752,2,59102113.1264,0.0280082775011781
6884,21653.426752,1,59102133.1072,0.0198240006556437
6885,21653.446752,2,59102153.152,0.0279130042821726
6886,21653.466752,1,59102173.1328,0.0198199028827832
6887,21653.486752,2,59102193.2032,0.0279550064539923
6888,21653.506752,1,59102213.1584,0.0197799495973938
6889,21653.526752,2,59102233.152,0.0279324687032598
6890,21653.546752,1,59102253.5424,0.019808634007417
6891,21653.566752,2,59102273.152,0.0278945643043006
6892,21653.586752,1,59102293.2352,0.0198567828385273
6893,21653.606752,2,59102313.1904,0.0278884176450099
6894,21653.626752,1,59102333.1584,0.0198065851209867
6895,21653.646752,2,59102353.152,0.0278689532239228
6896,21653.666752,1,59102373.3376,0.0198844428053353
6897,21653.686752,2,59102393.28,0.0278607576782019
6898,21653.706752,1,59102413.2608,0.0198291228717192
6899,21653.726752,2,59102433.1904,0.0277716311184871
6900,21653.746752,1,59102453.2352,0.0198024873481263
6901,21653.766752,2,59102473.3184,0.0277931444260045
6902,21653.786752,1,59102493.1968,0.0198035117913414
6903,21653.806752,2,59102513.1648,0.0278781732128588
6904,21653.826752,1,59102533.2096,0.0198158051099228
6905,21653.846752,2,59102553.1904,0.0278955887475157
6906,21653.866752,1,59102573.2224,0.019836293974225
6907,21653.886752,2,59102593.344,0.0279027598500215
6908,21653.906752,1,59102613.1968,0.0197717540516729
6909,21653.926752,2,59102633.1904,0.027807486631016
6910,21653.946752,1,59102653.2608,0.0198567828385273
6911,21653.966752,2,59102673.2928,0.0278146577335218
6912,21653.986752,1,59102693.1968,0.0198352695310099
6913,21654.006752,2,59102713.1776,0.0277767533345627
6914,21654.026752,1,59102733.1712,0.0198311717581494
6915,21654.046752,2,59102753.344,0.0277511422541848
6916,21654.066752,1,59102773.4016,0.0198291228717192
6917,21654.086752,2,59102793.344,0.0278197799495974
6918,21654.106752,1,59102813.1584,0.0198619050546028
6919,21654.126752,2,59102833.2416,0.0278126088470916
6920,21654.146752,1,59102853.1584,0.0197840473702543
6921,21654.166752,2,59102873.2928,0.0277603622431209
6922,21654.186752,1,59102893.2864,0.0198147806667076
6923,21654.206752,2,59102913.2032,0.027770606675272
6924,21654.226752,1,59102933.2608,0.0198701006003237
6925,21654.246752,2,59102953.408,0.0277931444260045
6926,21654.266752,1,59102973.2864,0.0198240006556437
6927,21654.286752,2,59102993.3568,0.027761386686336
6928,21654.306752,1,59103013.2224,0.0198035117913414
6929,21654.326752,2,59103033.216,0.027643575716598
6930,21654.346752,1,59103053.2224,0.0198035117913414
6931,21654.366752,2,59103073.2416,0.0275462536111623
6932,21654.386752,1,59103093.3248,0.0198660028274633
6933,21654.406752,2,59103113.28,0.0275933779990575
6934,21654.426752,1,59103133.2224,0.0198475628495912
6935,21654.446752,2,59103153.2544,0.0275298625197205
6936,21654.466752,1,59103173.2736,0.0198280984285041
6937,21654.486752,2,59103193.472,0.0275288380765054
6938,21654.506752,1,59103213.2736,0.0197901940295449
6939,21654.526752,2,59103233.2672,0.0275698158051099
6940,21654.546752,1,59103253.2608,0.0198434650767308
6941,21654.566752,2,59103273.2928,0.0277040178662897
6942,21654.586752,1,59103293.2736,0.0198434650767308
6943,21654.606752,2,59103313.2544,0.0278720265535681
6944,21654.626752,1,59103333.3888,0.0198373184174401
6945,21654.646752,2,59103353.2288,0.0278474399164054
6946,21654.666752,1,59103373.4272,0.0197779007109636
6947,21654.686752,2,59103393.2928,0.0278925154178704
6948,21654.706752,1,59103413.2352,0.0197656073923822
6949,21654.726752,2,59103433.3184,0.0278494888028357
6950,21654.746752,1,59103453.3888,0.0198854672485504
6951,21654.766752,2,59103473.28,0.0278197799495974
6952,21654.786752,1,59103493.4784,0.0199418116253816
6953,21654.806752,2,59103513.3184,0.027824902165673
6954,21654.826752,1,59103533.376,0.0198608806113877
6955,21654.846752,2,59103553.2928,0.0276825045587723
6956,21654.866752,1,59103573.2864,0.0198803450324748
6957,21654.886752,2,59103593.344,0.0276814801155572
6958,21654.906752,1,59103613.3248,0.0199100538857131
6959,21654.926752,2,59103633.3184,0.0276241112955109
6960,21654.946752,1,59103653.3248,0.0198936627942713
6961,21654.966752,2,59103673.3952,0.027679431229127
6962,21654.986752,1,59103693.4656,0.0198885405781957
6963,21655.006752,2,59103713.3184,0.0276538201487492
6964,21655.026752,1,59103733.376,0.019918249431434
6965,21655.046752,2,59103753.3696,0.0275739135779704
6966,21655.066752,1,59103773.3248,0.0199192738746491
6967,21655.086752,2,59103793.3824,0.027688651218063
6968,21655.106752,1,59103813.312,0.0199377138525212
6969,21655.126752,2,59103833.3568,0.0277019689798594
6970,21655.146752,1,59103853.3248,0.0198844428053353
6971,21655.166752,2,59103873.4336,0.0277910955395742
6972,21655.186752,1,59103893.3888,0.0199346405228758
6973,21655.206752,2,59103913.3312,0.0278371954842543
6974,21655.226752,1,59103933.44,0.0198916139078411
6975,21655.246752,2,59103953.4848,0.0279171020550331
6976,21655.266752,1,59103973.4912,0.0199243960907247
6977,21655.286752,2,59103993.4336,0.0278423177003299
6978,21655.306752,1,59104013.376,0.01988136947569
6979,21655.326752,2,59104033.5872,0.0278966131907308
6980,21655.346752,1,59104053.4144,0.0198414161903006
6981,21655.366752,2,59104073.984,0.0277634355727662
6982,21655.386752,1,59104093.44,0.019890589464626
6983,21655.406752,2,59104113.4592,0.02779826664208
6984,21655.426752,1,59104133.4528,0.0198526850656668
6985,21655.446752,2,59104153.6128,0.0277050423095048
6986,21655.466752,1,59104173.5808,0.019854733952097
6987,21655.486752,2,59104193.5232,0.0276241112955109
6988,21655.506752,1,59104213.376,0.0198403917470855
6989,21655.526752,2,59104233.4464,0.0275749380211855
6990,21655.546752,1,59104253.4784,0.0198291228717192
6991,21655.566752,2,59104273.4976,0.0276620156944701
6992,21655.586752,1,59104293.3888,0.0197953162456205
6993,21655.606752,2,59104313.4592,0.027634355727662
6994,21655.626752,1,59104333.4144,0.0197922429159752
6995,21655.646752,2,59104353.3824,0.0276609912512549
6996,21655.666752,1,59104373.4912,0.0197799495973938
6997,21655.686752,2,59104393.4848,0.0278658798942775
6998,21655.706752,1,59104414.0672,0.019763558505952
6999,21655.726752,2,59104433.3952,0.0281383817894974
7000,21655.746752,1,59104453.4016,0.0197553629602311
7001,21655.766752,2,59104473.4976,0.0283606859671768
7002,21655.786752,1,59104493.4784,0.0197686807220276
7003,21655.806752,2,59104513.472,0.0285409879730367
7004,21655.826752,1,59104533.4784,0.0198475628495912
7005,21655.846752,2,59104553.5488,0.0285840145880714
7006,21655.866752,1,59104573.76,0.019781998483824
7007,21655.886752,2,59104593.472,0.0288985186551109
7008,21655.906752,1,59104613.4784,0.0197850718134694
7009,21655.926752,2,59104633.4208,0.0293369803511791
7010,21655.946752,1,59104653.5296,0.0197840473702543
7011,21655.966752,2,59104673.536,0.0294496691048415
7012,21655.986752,1,59104693.7216,0.0197318007662835
7013,21656.006752,2,59104714.0224,0.0293871780687197
7014,21656.026752,1,59104733.44,0.019781998483824
7015,21656.046752,2,59104753.6256,0.0294240580244637
7016,21656.066752,1,59104773.4656,0.01974511852808
7017,21656.086752,2,59104793.4848,0.0298420308562296
7018,21656.106752,1,59104813.5424,0.019754338517016
7019,21656.126752,2,59104833.472,0.0303470813612801
7020,21656.146752,1,59104853.504,0.0197420451984347
7021,21656.166752,2,59104873.92,0.0305755321982503
7022,21656.186752,1,59104893.4528,0.0197215563341324
7023,21656.206752,2,59104913.472,0.0303563013502162
7024,21656.226752,1,59104933.6192,0.0196928719241092
7025,21656.246752,2,59104953.4592,0.0300981416600078
7026,21656.266752,1,59104973.9392,0.0197205318909173
7027,21656.286752,2,59104993.6512,0.029845104185875
7028,21656.306752,1,59105013.44,0.0196559919683652
7029,21656.326752,2,59105033.472,0.0298901796873399
7030,21656.346752,1,59105053.9264,0.0197051652426906
7031,21656.366752,2,59105073.6256,0.0298440797426599
7032,21656.386752,1,59105093.5936,0.0197563874034462
7033,21656.406752,2,59105113.4848,0.0298891552441248
7034,21656.426752,1,59105133.5168,0.0196897985944639
7035,21656.446752,2,59105153.536,0.0297047554654046
7036,21656.466752,1,59105173.6192,0.0198280984285041
7037,21656.486752,2,59105193.536,0.0293841047390743
7038,21656.506752,1,59105213.6064,0.019817853996353
7039,21656.526752,2,59105233.6,0.0292509271211097
7040,21656.546752,1,59105253.5552,0.0198188784395681
7041,21656.566752,2,59105273.5488,0.0294599135369926
7042,21656.586752,1,59105293.8368,0.0197809740406089
7043,21656.606752,2,59105313.4848,0.0295306001188354
7044,21656.626752,1,59105333.568,0.0197584362898765
7045,21656.646752,2,59105353.6128,0.0293625914315569
7046,21656.666752,1,59105373.6448,0.019799414018481
7047,21656.686752,2,59105393.536,0.028808367652181
7048,21656.706752,1,59105413.5296,0.0197932673591903
7049,21656.726752,2,59105433.6,0.0285153768926588
7050,21656.746752,1,59105453.5296,0.0197625340627369
7051,21656.766752,2,59105473.536,0.028452885856537
7052,21656.786752,1,59105493.5168,0.0197625340627369
7053,21656.806752,2,59105513.7408,0.0282971704878399
7054,21656.826752,1,59105533.5936,0.0197481918577253
7055,21656.846752,2,59105553.5744,0.0281086729362591
7056,21656.866752,1,59105573.632,0.0197860962566845
7057,21656.886752,2,59105593.5872,0.0279724219886492
7058,21656.906752,1,59105613.5552,0.01988136947569
7059,21656.926752,2,59105633.6,0.0278392443706845
7060,21656.946752,1,59105653.6064,0.0198629294978179
7061,21656.966752,2,59105673.6,0.0277439711516791
7062,21656.986752,1,59105693.6448,0.0198444895199459
7063,21657.006752,2,59105713.7152,0.0276804556723421
7064,21657.026752,1,59105733.5552,0.019899809453562
7065,21657.046752,2,59105753.6896,0.0277111889687955
7066,21657.066752,1,59105773.6704,0.0198352695310099
7067,21657.086752,2,59105793.5872,0.0277562644702604
7068,21657.106752,1,59105813.5936,0.0198967361239166
7069,21657.126752,2,59105833.5872,0.027697871206999
7070,21657.146752,1,59105853.6704,0.0198352695310099
7071,21657.166752,2,59105874.3808,0.0277859733234987
7072,21657.186752,1,59105893.7216,0.0198291228717192
7073,21657.206752,2,59105913.536,0.0278515376892659
7074,21657.226752,1,59105933.6064,0.0198342450877948
7075,21657.246752,2,59105953.6128,0.0276896756612781
7076,21657.266752,1,59105973.6448,0.0198752228163993
7077,21657.286752,2,59105994.0096,0.0275995246583482
7078,21657.306752,1,59106013.5936,0.019872149486754
7079,21657.326752,2,59106033.6256,0.0276261601819411
7080,21657.346752,1,59106053.6448,0.0198444895199459
7081,21657.366752,2,59106073.5616,0.0275042514393427
7082,21657.386752,1,59106093.696,0.0198864916917655
7083,21657.406752,2,59106113.7152,0.0275011781096974
7084,21657.426752,1,59106133.6832,0.0198936627942713
7085,21657.446752,2,59106154.0096,0.0275175692011392
7086,21657.466752,1,59106173.632,0.0198434650767308
7087,21657.486752,2,59106193.6384,0.0274499559489418
7088,21657.506752,1,59106213.888,0.0199223472042945
7089,21657.526752,2,59106234.3424,0.0274274181982093
7090,21657.546752,1,59106253.8752,0.0198967361239166
7091,21657.566752,2,59106273.664,0.0275052758825578
7092,21657.586752,1,59106293.76,0.0198967361239166
7093,21657.606752,2,59106313.664,0.0275452291679472
7094,21657.626752,1,59106333.6064,0.0198864916917655
7095,21657.646752,2,59106354.1504,0.0275759624644006
7096,21657.666752,1,59106373.632,0.0200043026615035
7097,21657.686752,2,59106393.6384,0.0275196180875694
7098,21657.706752,1,59106413.632,0.0198895650214109
7099,21657.726752,2,59106433.664,0.0276138668633598
7100,21657.746752,1,59106453.7856,0.01988136947569
7101,21657.766752,2,59106473.8688,0.0275954268854877
7102,21657.786752,1,59106493.6576,0.0198762472596144
7103,21657.806752,2,59106513.792,0.0275421558383019
7104,21657.826752,1,59106533.6576,0.019845513963161
7105,21657.846752,2,59106553.6512,0.0276220624090807
7106,21657.866752,1,59106573.7856,0.0199069805560678
7107,21657.886752,2,59106594.0352,0.0275657180322495
7108,21657.906752,1,59106613.7216,0.0198526850656668
7109,21657.926752,2,59106633.6512,0.0275954268854877
7110,21657.946752,1,59106653.7216,0.0198619050546028
7111,21657.966752,2,59106673.6384,0.0275739135779704
7112,21657.986752,1,59106693.8624,0.0199305427500154
7113,21658.006752,2,59106713.7664,0.0274683959268138
7114,21658.026752,1,59106733.6704,0.0198516606224517
7115,21658.046752,2,59106753.6512,0.0274274181982093
7116,21658.066752,1,59106773.8112,0.0198598561681726
7117,21658.086752,2,59106793.792,0.0274048804474768
7118,21658.106752,1,59106813.696,0.0198834183621202
7119,21658.126752,2,59106833.7792,0.0274694203700289
7120,21658.146752,1,59106853.9392,0.0198250250988588
7121,21658.166752,2,59106873.664,0.0274417604032209
7122,21658.186752,1,59106893.8624,0.0198701006003237
7123,21658.206752,2,59106913.7536,0.0273864404696048
7124,21658.226752,1,59106933.6832,0.0198762472596144
7125,21658.246752,2,59106953.8432,0.0274735181428893
7126,21658.266752,1,59106973.8368,0.0198793205892597
7127,21658.286752,2,59106993.7408,0.0274509803921569
7128,21658.306752,1,59107013.7088,0.0198752228163993
7129,21658.326752,2,59107033.9072,0.0275544491568832
7130,21658.346752,1,59107053.7344,0.0198024873481263
7131,21658.366752,2,59107073.6896,0.0276220624090807
7132,21658.386752,1,59107093.8752,0.0198752228163993
7133,21658.406752,2,59107113.7792,0.0275288380765054
7134,21658.426752,1,59107134.1184,0.0198537095088819
7135,21658.446752,2,59107153.728,0.0275329358493659
7136,21658.466752,1,59107173.9136,0.0199018583399922
7137,21658.486752,2,59107194.5088,0.0277152867416559
7138,21658.506752,1,59107213.7344,0.0198342450877948
7139,21658.526752,2,59107234.2272,0.0277552400270453
7140,21658.546752,1,59107253.696,0.0198024873481263
7141,21658.566752,2,59107273.8432,0.0278945643043006
7142,21658.586752,1,59107293.8112,0.0198434650767308
7143,21658.606752,2,59107313.7152,0.0279222242711087
7144,21658.626752,1,59107333.7472,0.0198393673038703
7145,21658.646752,2,59107353.8048,0.0280369619112013
7146,21658.666752,1,59107373.8752,0.0198967361239166
7147,21658.686752,2,59107393.9456,0.0280994529473231
7148,21658.706752,1,59107413.7344,0.0198291228717192
7149,21658.726752,2,59107433.7792,0.0280656463212244
7150,21658.746752,1,59107454.1952,0.0198332206445797
7151,21658.766752,2,59107473.728,0.0279662753293585
7152,21658.786752,1,59107493.7728,0.019772778494888
7153,21658.806752,2,59107514.1632,0.0279191509414633
7154,21658.826752,1,59107533.8752,0.0197533140738009
7155,21658.846752,2,59107553.8304,0.0278300243817485
7156,21658.866752,1,59107573.7472,0.0198055606777716
7157,21658.886752,2,59107593.7792,0.0276937734341385
7158,21658.906752,1,59107613.888,0.0198055606777716
7159,21658.926752,2,59107633.7536,0.0276271846251562
7160,21658.946752,1,59107654.3488,0.0197963406888356
7161,21658.966752,2,59107673.8432,0.0277552400270453
7162,21658.986752,1,59107694.7712,0.0198209273259983
7163,21659.006752,2,59107713.984,0.0277931444260045
7164,21659.026752,1,59107734.1056,0.01974511852808
7165,21659.046752,2,59107753.8688,0.0277828999938533
7166,21659.066752,1,59107773.8112,0.0198414161903006
7167,21659.086752,2,59107793.8176,0.0277931444260045
7168,21659.106752,1,59107813.824,0.0197912184727601
7169,21659.126752,2,59107833.9328,0.027643575716598
7170,21659.146752,1,59107854.3232,0.0198229762124285
7171,21659.166752,2,59107873.9712,0.0275698158051099
7172,21659.186752,1,59107893.8496,0.019845513963161
7173,21659.206752,2,59107913.9584,0.027515520314709
7174,21659.226752,1,59107933.8496,0.0197553629602311
7175,21659.246752,2,59107953.8432,0.0273536582867212
7176,21659.266752,1,59107973.76,0.0198106828938472
7177,21659.286752,2,59107994.0608,0.0272194562255414
7178,21659.306752,1,59108014.0416,0.0198311717581494
7179,21659.326752,2,59108033.8944,0.0272952650234597
7180,21659.346752,1,59108054.0032,0.0198301473149343
7181,21659.366752,2,59108073.9328,0.0273761960374536
7182,21659.386752,1,59108093.9264,0.0198823939189051
7183,21659.406752,2,59108113.8816,0.0274673714835987
7184,21659.426752,1,59108133.7856,0.0198352695310099
7185,21659.446752,2,59108154.0864,0.02761591574979
7186,21659.466752,1,59108173.9008,0.0198629294978179
7187,21659.486752,2,59108194.2272,0.0276681623537607
7188,21659.506752,1,59108214.1312,0.0198864916917655
7189,21659.526752,2,59108234.4576,0.0275821091236913
7190,21659.546752,1,59108253.888,0.0198342450877948
7191,21659.566752,2,59108273.8304,0.027652795705534
7192,21659.586752,1,59108293.8752,0.019836293974225
7193,21659.606752,2,59108313.856,0.0275442047247321
7194,21659.626752,1,59108333.8496,0.0198311717581494
7195,21659.646752,2,59108353.8688,0.0275452291679472
7196,21659.666752,1,59108373.888,0.01988136947569
7197,21659.686752,2,59108393.9072,0.0276589423648247
7198,21659.706752,1,59108414.0544,0.019890589464626
7199,21659.726752,2,59108434.6624,0.0275452291679472
7200,21659.746752,1,59108453.8752,0.0198987850103469
7201,21659.766752,2,59108474.0992,0.0274868359046858
7202,21659.786752,1,59108493.9392,0.0198916139078411
7203,21659.806752,2,59108514.176,0.0274550781650173
7204,21659.826752,1,59108534.7072,0.0199028827832073
7205,21659.846752,2,59108554.048,0.0274817136886102
7206,21659.866752,1,59108574.08,0.0198875161349806
7207,21659.886752,2,59108595.0336,0.0275483024975926
7208,21659.906752,1,59108613.888,0.0199131272153584
7209,21659.926752,2,59108634.2528,0.0277572889134755
7210,21659.946752,1,59108653.888,0.0199745938082652
7211,21659.966752,2,59108673.9968,0.0278884176450099
7212,21659.986752,1,59108694.3232,0.0199213227610794
7213,21660.006752,2,59108714.0096,0.0279478353514865
7214,21660.026752,1,59108733.9264,0.0198936627942713
7215,21660.046752,2,59108754.048,0.0280185219333292
7216,21660.066752,1,59108773.9648,0.0198393673038703
7217,21660.086752,2,59108793.9456,0.0279560308972074
7218,21660.106752,1,59108813.9648,0.0198557583953122
7219,21660.126752,2,59108834.0608,0.0280810129694511
7220,21660.146752,1,59108854.144,0.0198639539410331
7221,21660.166752,2,59108874.1504,0.0281301862437765
7222,21660.186752,1,59108894.1056,0.0198957116807015
7223,21660.206752,2,59108913.9072,0.0280861351855267
7224,21660.226752,1,59108934.3744,0.0198670272706784
7225,21660.246752,2,59108954.1248,0.0280635974347942
7226,21660.266752,1,59108973.9264,0.0198383428606552
7227,21660.286752,2,59108994.0224,0.0280492552297826
7228,21660.306752,1,59109014.0544,0.0198670272706784
7229,21660.326752,2,59109033.9072,0.0280523285594279
7230,21660.346752,1,59109053.9392,0.0198373184174401
7231,21660.366752,2,59109074.176,0.0280974040608929
7232,21660.386752,1,59109093.9904,0.019827073985289
7233,21660.406752,2,59109113.984,0.0281322351302067
7234,21660.426752,1,59109134.016,0.0198403917470855
7235,21660.446752,2,59109154.0992,0.0281875550638228
7236,21660.466752,1,59109174.0288,0.0198332206445797
7237,21660.486752,2,59109194.112,0.0280338885815559
7238,21660.506752,1,59109214.0288,0.0198516606224517
7239,21660.526752,2,59109233.984,0.0278474399164054
7240,21660.546752,1,59109254.0928,0.0198260495420739
7241,21660.566752,2,59109274.176,0.0277941688692196
7242,21660.586752,1,59109294.0416,0.0198158051099228
7243,21660.606752,2,59109313.9712,0.0276896756612781
7244,21660.626752,1,59109334.1056,0.0197666318355974
7245,21660.646752,2,59109354.5088,0.0277624111295511
7246,21660.666752,1,59109374.1056,0.0197676562788125
7247,21660.686752,2,59109394.432,0.027834122154609
7248,21660.706752,1,59109414.1184,0.0198219517692134
7249,21660.726752,2,59109433.9968,0.0278494888028357
7250,21660.746752,1,59109454.08,0.0198137562234925
7251,21660.766752,2,59109474.2272,0.0278740754399984
7252,21660.786752,1,59109494.016,0.0197717540516729
7253,21660.806752,2,59109514.1504,0.0277828999938533
7254,21660.826752,1,59109534.1568,0.0198240006556437
7255,21660.846752,2,59109554.1504,0.0277603622431209
7256,21660.866752,1,59109573.9776,0.0198106828938472
7257,21660.886752,2,59109594.0352,0.0277060667527199
7258,21660.906752,1,59109614.1184,0.019735898539144
7259,21660.926752,2,59109634.1504,0.0276333312844469
7260,21660.946752,1,59109654.1824,0.0197656073923822
7261,21660.966752,2,59109674.1376,0.0277449955948942
7262,21660.986752,1,59109694.08,0.0198158051099228
7263,21661.006752,2,59109714.048,0.0277019689798594
7264,21661.026752,1,59109734.3872,0.0198465384063761
7265,21661.046752,2,59109754.0992,0.027670211240191
7266,21661.066752,1,59109774.5664,0.0197738029381031
7267,21661.086752,2,59109794.2528,0.027597475771918
7268,21661.106752,1,59109814.0416,0.0198106828938472
7269,21661.126752,2,59109834.112,0.0274991292232672
7270,21661.146752,1,59109854.1824,0.0197697051652427
7271,21661.166752,2,59109874.4192,0.0274909336775463
7272,21661.186752,1,59109894.144,0.0198024873481263
7273,21661.206752,2,59109914.3936,0.0275739135779704
7274,21661.226752,1,59109934.2464,0.0198250250988588
7275,21661.246752,2,59109954.3552,0.0274960558936218
7276,21661.266752,1,59109974.1056,0.0198229762124285
7277,21661.286752,2,59109994.3296,0.0275964513287029
7278,21661.306752,1,59110014.1184,0.0197850718134694
7279,21661.326752,2,59110034.0736,0.0275360091790112
7280,21661.346752,1,59110054.2976,0.019845513963161
7281,21661.366752,2,59110074.0864,0.0275810846804762
7282,21661.386752,1,59110094.3104,0.0198731739299691
7283,21661.406752,2,59110114.176,0.0274837625750405
7284,21661.426752,1,59110134.4512,0.0198280984285041
7285,21661.446752,2,59110154.3296,0.0273782449238839
7286,21661.466752,1,59110174.3232,0.0198106828938472
7287,21661.486752,2,59110194.6112,0.0273003872395353
7288,21661.506752,1,59110214.0928,0.0197963406888356
7289,21661.526752,2,59110234.2272,0.0272993627963202
7290,21661.546752,1,59110254.3104,0.0198578072817424
7291,21661.566752,2,59110274.1504,0.0273802938103141
7292,21661.586752,1,59110294.0928,0.0198475628495912
7293,21661.606752,2,59110314.0864,0.0274765914725347
7294,21661.626752,1,59110334.3104,0.0198670272706784
7295,21661.646752,2,59110354.3936,0.0275175692011392
7296,21661.666752,1,59110374.5664,0.0198864916917655
7297,21661.686752,2,59110394.5856,0.0275001536664823
7298,21661.706752,1,59110414.08,0.0198424406335157
7299,21661.726752,2,59110434.2016,0.0274694203700289
7300,21661.746752,1,59110454.2336,0.0198844428053353
7301,21661.766752,2,59110474.1888,0.0273546827299363
7302,21661.786752,1,59110494.592,0.0198199028827832
7303,21661.806752,2,59110514.0608,0.0274407359600057
7304,21661.826752,1,59110534.272,0.0198629294978179
7305,21661.846752,2,59110554.6112,0.0274079537771221
7306,21661.866752,1,59110574.0928,0.019854733952097
7307,21661.886752,2,59110594.1376,0.0275882557829819
7308,21661.906752,1,59110614.4256,0.0198752228163993
7309,21661.926752,2,59110634.2272,0.0275759624644006
7310,21661.946752,1,59110654.5536,0.0198946872374864
7311,21661.966752,2,59110674.3936,0.0277603622431209
7312,21661.986752,1,59110694.3872,0.0198762472596144
7313,21662.006752,2,59110714.368,0.0279109553957424
7314,21662.026752,1,59110734.2592,0.0199418116253816
7315,21662.046752,2,59110754.2144,0.0278515376892659
7316,21662.066752,1,59110774.208,0.0199008338967771
7317,21662.086752,2,59110794.4448,0.0278238777224578
7318,21662.106752,1,59110814.1824,0.0199233716475096
7319,21662.126752,2,59110834.1248,0.0277245067305919
7320,21662.146752,1,59110854.6048,0.0198854672485504
7321,21662.166752,2,59110874.176,0.0277316778330977
7322,21662.186752,1,59110894.4768,0.0198936627942713
7323,21662.206752,2,59110914.5984,0.0277757288913476
7324,21662.226752,1,59110934.2336,0.0198711250435388
7325,21662.246752,2,59110954.1888,0.0277142622984408
7326,21662.266752,1,59110974.3232,0.0198752228163993
7327,21662.286752,2,59110994.2016,0.0276835290019874
7328,21662.306752,1,59111014.2208,0.0198424406335157
7329,21662.326752,2,59111034.3936,0.0277480689245395
7330,21662.346752,1,59111054.6688,0.019836293974225
7331,21662.366752,2,59111074.5088,0.0277286045034524
7332,21662.386752,1,59111094.4384,0.0198219517692134
7333,21662.406752,2,59111114.2912,0.0276046468744237
7334,21662.426752,1,59111134.528,0.0197717540516729
7335,21662.446752,2,59111154.432,0.0276589423648247
7336,21662.466752,1,59111174.6944,0.0198444895199459
7337,21662.486752,2,59111194.5984,0.0277910955395742
7338,21662.506752,1,59111214.912,0.0198045362345565
7339,21662.526752,2,59111234.7904,0.0277828999938533
7340,21662.546752,1,59111254.464,0.0198434650767308
7341,21662.566752,2,59111274.2528,0.0277388489356035
7342,21662.586752,1,59111294.5152,0.0198608806113877
7343,21662.606752,2,59111314.4832,0.0275790357940459
7344,21662.626752,1,59111334.464,0.0198076095642019
7345,21662.646752,2,59111354.4704,0.0275124469850636
7346,21662.666752,1,59111374.592,0.0198332206445797
7347,21662.686752,2,59111394.5984,0.0274325404142848
7348,21662.706752,1,59111414.2336,0.0197553629602311
7349,21662.726752,2,59111434.3168,0.0274315159710697
7350,21662.746752,1,59111454.464,0.0197871206998996
7351,21662.766752,2,59111474.5984,0.0274694203700289
7352,21662.786752,1,59111494.3616,0.0198619050546028
7353,21662.806752,2,59111514.2784,0.0274110271067675
7354,21662.826752,1,59111534.4,0.0198332206445797
7355,21662.846752,2,59111554.2912,0.0274130759931977
7356,21662.866752,1,59111574.208,0.019817853996353
7357,21662.886752,2,59111595.2512,0.0273290716495585
7358,21662.906752,1,59111614.8096,0.0198864916917655
7359,21662.926752,2,59111634.368,0.0272635072837913
7360,21662.946752,1,59111654.592,0.0198608806113877
7361,21662.966752,2,59111674.4192,0.0273557071731514
7362,21662.986752,1,59111695.0528,0.01988136947569
7363,21663.006752,2,59111714.4448,0.0272891183641691
7364,21663.026752,1,59111734.7712,0.0197697051652427
7365,21663.046752,2,59111754.7776,0.0273147294445469
7366,21663.066752,1,59111774.2592,0.0198076095642019
7367,21663.086752,2,59111794.8288,0.0274007826746163
7368,21663.106752,1,59111814.4512,0.0198096584506321
7369,21663.126752,2,59111834.6112,0.0275237158604299
7370,21663.146752,1,59111855.2192,0.0198424406335157
7371,21663.166752,2,59111874.3808,0.0276312823980167
7372,21663.186752,1,59111894.5408,0.0198260495420739
7373,21663.206752,2,59111914.9312,0.0276189890794353
7374,21663.226752,1,59111934.5536,0.0198465384063761
7375,21663.246752,2,59111954.7264,0.0276507468191038
7376,21663.266752,1,59111974.3872,0.0198373184174401
7377,21663.286752,2,59111994.5856,0.0274550781650173
7378,21663.306752,1,59112014.7328,0.0197512651873707
7379,21663.326752,2,59112034.5728,0.0273966849017559
7380,21663.346752,1,59112054.5792,0.0198414161903006
7381,21663.366752,2,59112074.304,0.0272788739320179
7382,21663.386752,1,59112095.2704,0.0198147806667076
7383,21663.406752,2,59112114.4064,0.0271999918044543
7384,21663.426752,1,59112134.7328,0.0198014629049112
7385,21663.446752,2,59112154.7904,0.0271958940315938
7386,21663.466752,1,59112174.4512,0.0198096584506321
7387,21663.486752,2,59112194.7904,0.0272501895219948
7388,21663.506752,1,59112214.5024,0.019808634007417
7389,21663.526752,2,59112234.4448,0.0272983383531051
7390,21663.546752,1,59112254.4128,0.0198352695310099
7391,21663.566752,2,59112274.4064,0.0272051140205298
7392,21663.586752,1,59112294.4512,0.0197973651320507
7393,21663.606752,2,59112314.3552,0.0271866740426578
7394,21663.626752,1,59112334.4128,0.0198506361792366
7395,21663.646752,2,59112354.7008,0.0271272563361813
7396,21663.666752,1,59112374.5792,0.0197860962566845
7397,21663.686752,2,59112395.1104,0.0270903763804372
7398,21663.706752,1,59112414.4256,0.0198485872928064
7399,21663.726752,2,59112434.752,0.0270954985965128
7400,21663.746752,1,59112455.1296,0.0198393673038703
7401,21663.766752,2,59112474.4064,0.0270360808900363
7402,21663.786752,1,59112495.0784,0.0198639539410331
7403,21663.806752,2,59112514.3424,0.0270627164136292
7404,21663.826752,1,59112534.6432,0.019763558505952
7405,21663.846752,2,59112554.3552,0.0271477452004835
7406,21663.866752,1,59112574.4896,0.019854733952097
7407,21663.886752,2,59112594.5088,0.0271129141311697
7408,21663.906752,1,59112614.6048,0.0198168295531379
7409,21663.926752,2,59112634.4064,0.0271672096215707
7410,21663.946752,1,59112654.5664,0.0198537095088819
7411,21663.966752,2,59112674.7392,0.0271385252115475
7412,21663.986752,1,59112694.528,0.0198895650214109
7413,21664.006752,2,59112714.8544,0.0270637408568443
7414,21664.026752,1,59112735.04,0.0198465384063761
7415,21664.046752,2,59112754.5344,0.0269674431946237
7416,21664.066752,1,59112774.8608,0.0198629294978179
7417,21664.086752,2,59112794.5088,0.0270330075603909
7418,21664.106752,1,59112814.592,0.0198854672485504
7419,21664.126752,2,59112834.688,0.0269746142971295
7420,21664.146752,1,59112854.3744,0.0198752228163993
7421,21664.166752,2,59112875.0336,0.0269459298871064
7422,21664.186752,1,59112894.464,0.0197850718134694
7423,21664.206752,2,59112914.432,0.026987932058926
7424,21664.226752,1,59112935.1808,0.0198240006556437
7425,21664.246752,2,59112954.7008,0.0268803655213392
7426,21664.266752,1,59112975.0528,0.0197901940295449
7427,21664.286752,2,59112994.9184,0.0268895855102752
7428,21664.306752,1,59113014.8096,0.0198035117913414
7429,21664.326752,2,59113034.9056,0.0269418321142459
7430,21664.346752,1,59113054.7328,0.0198496117360215
7431,21664.366752,2,59113074.432,0.0270371053332514
7432,21664.386752,1,59113094.6176,0.0198117073370623
7433,21664.406752,2,59113114.9952,0.0270801319482861
7434,21664.426752,1,59113134.784,0.0198137562234925
7435,21664.446752,2,59113154.9824,0.0271805273833671
7436,21664.466752,1,59113174.8096,0.0198414161903006
7437,21664.486752,2,59113195.0848,0.027215358452681
7438,21664.506752,1,59113215.2192,0.0198209273259983
7439,21664.526752,2,59113234.5472,0.0273874649128199
7440,21664.546752,1,59113254.6432,0.0197625340627369
7441,21664.566752,2,59113274.6368,0.0272696539430819
7442,21664.586752,1,59113295.0016,0.0198834183621202
7443,21664.606752,2,59113315.3664,0.0273311205359887
7444,21664.626752,1,59113334.5664,0.0198629294978179
7445,21664.646752,2,59113354.6624,0.0272696539430819
7446,21664.666752,1,59113374.6944,0.0198967361239166
7447,21664.686752,2,59113394.8544,0.0272778494888028
7448,21664.706752,1,59113414.8224,0.019845513963161
7449,21664.726752,2,59113434.752,0.0273198516606225
7450,21664.746752,1,59113455.0912,0.0198168295531379
7451,21664.766752,2,59113474.4704,0.0272194562255414
7452,21664.786752,1,59113495.36,0.0198496117360215
7453,21664.806752,2,59113514.8928,0.0272133095662507
7454,21664.826752,1,59113534.6048,0.0198280984285041
7455,21664.846752,2,59113554.8288,0.0272778494888028
7456,21664.866752,1,59113574.5792,0.0198321962013646
7457,21664.886752,2,59113594.6624,0.0272645317270064
7458,21664.906752,1,59113614.9376,0.0198670272706784
7459,21664.926752,2,59113634.8032,0.0274386870735755
7460,21664.946752,1,59113655.3216,0.0198567828385273
7461,21664.966752,2,59113674.5088,0.0274868359046858
7462,21664.986752,1,59113695.3472,0.0198967361239166
7463,21665.006752,2,59113714.8928,0.0274059048906919
7464,21665.026752,1,59113734.5408,0.0198711250435388
7465,21665.046752,2,59113754.56,0.0275032269961276
7466,21665.066752,1,59113774.528,0.0197932673591903
7467,21665.086752,2,59113794.5088,0.027452004835372
7468,21665.106752,1,59113814.5152,0.0198588317249575
7469,21665.126752,2,59113834.88,0.0274929825639765
7470,21665.146752,1,59113854.5408,0.0198342450877948
7471,21665.166752,2,59113874.816,0.0273403405249247
7472,21665.186752,1,59113894.5152,0.0198158051099228
7473,21665.206752,2,59113914.5728,0.0273454627410003
7474,21665.226752,1,59113934.7968,0.0198127317802774
7475,21665.246752,2,59113955.5712,0.0273751715942385
7476,21665.266752,1,59113975.104,0.0198352695310099
7477,21665.286752,2,59113994.6496,0.0273546827299363
7478,21665.306752,1,59114014.784,0.0198946872374864
7479,21665.326752,2,59114034.688,0.0272952650234597
7480,21665.346752,1,59114054.5664,0.0198229762124285
7481,21665.366752,2,59114074.5472,0.0272829717048784
7482,21665.386752,1,59114094.6688,0.0198588317249575
7483,21665.406752,2,59114114.56,0.0271743807240765
7484,21665.426752,1,59114134.7584,0.0198403917470855
7485,21665.446752,2,59114154.9824,0.0272307251009077
7486,21665.466752,1,59114174.5408,0.0198117073370623
7487,21665.486752,2,59114194.5984,0.0272215051119716
7488,21665.506752,1,59114214.7328,0.0198045362345565
7489,21665.526752,2,59114234.6368,0.02734341385457
7490,21665.546752,1,59114255.1808,0.0198219517692134
7491,21665.566752,2,59114274.8544,0.0274386870735755
7492,21665.586752,1,59114294.9504,0.0199059561128527
7493,21665.606752,2,59114315.2128,0.0275257647468601
7494,21665.626752,1,59114334.9504,0.0198741983731842
7495,21665.646752,2,59114354.944,0.0277552400270453
7496,21665.666752,1,59114375.168,0.0197871206998996
7497,21665.686752,2,59114394.9824,0.0279037842932366
7498,21665.706752,1,59114414.9504,0.0198608806113877
7499,21665.726752,2,59114434.56,0.0280881840719569
7500,21665.746752,1,59114454.6176,0.0198250250988588
7501,21665.766752,2,59114475.0464,0.0280717929805151
7502,21665.786752,1,59114494.7328,0.019827073985289
7503,21665.806752,2,59114514.8288,0.0280717929805151
7504,21665.826752,1,59114535.168,0.0197922429159752
7505,21665.846752,2,59114554.9056,0.0282193128034913
7506,21665.866752,1,59114574.5792,0.0198485872928064
7507,21665.886752,2,59114594.944,0.0281537484377241
7508,21665.906752,1,59114614.8352,0.0198004384616961
7509,21665.926752,2,59114635.0208,0.0284887413690659
7510,21665.946752,1,59114655.3216,0.0198065851209867
7511,21665.966752,2,59114674.6368,0.0285276702112402
7512,21665.986752,1,59114695.04,0.0198096584506321
7513,21666.006752,2,59114715.2768,0.0283504415350257
7514,21666.026752,1,59114734.6944,0.0198055606777716
7515,21666.046752,2,59114755.2128,0.0284037125822116
7516,21666.066752,1,59114775.0784,0.0198557583953122
7517,21666.086752,2,59114795.5584,0.028344294875735
7518,21666.106752,1,59114814.8608,0.019854733952097
7519,21666.126752,2,59114834.9184,0.0285225479951646
7520,21666.146752,1,59114855.1296,0.0197430696416498
7521,21666.166752,2,59114874.7136,0.0284303481058045
7522,21666.186752,1,59114895.1424,0.0198342450877948
7523,21666.206752,2,59114914.688,0.028307414919991
7524,21666.226752,1,59114935.2704,0.0198496117360215
7525,21666.246752,2,59114956.5056,0.0284395680947405
7526,21666.266752,1,59114975.1936,0.0198690761571086
7527,21666.286752,2,59114995.392,0.0284303481058045
7528,21666.306752,1,59115014.8736,0.019799414018481
7529,21666.326752,2,59115034.6496,0.0282899993853341
7530,21666.346752,1,59115054.8224,0.019817853996353
7531,21666.366752,2,59115075.1744,0.0282049705984797
7532,21666.386752,1,59115094.8736,0.0198137562234925
7533,21666.406752,2,59115114.688,0.0281015018337534
7534,21666.426752,1,59115134.8992,0.0199059561128527
7535,21666.446752,2,59115154.752,0.0280431085704919
7536,21666.466752,1,59115174.848,0.0198137562234925
7537,21666.486752,2,59115195.3664,0.0279078820660971
7538,21666.506752,1,59115215.0272,0.0198557583953122
7539,21666.526752,2,59115234.7136,0.0277747044481324
7540,21666.546752,1,59115256.896,0.0198035117913414
7541,21666.566752,2,59115275.072,0.0276507468191038
7542,21666.586752,1,59115295.2064,0.0198321962013646
7543,21666.606752,2,59115314.7392,0.027688651218063
7544,21666.626752,1,59115335.2832,0.0197871206998996
7545,21666.646752,2,59115354.7008,0.0277931444260045
7546,21666.666752,1,59115375.1808,0.019827073985289
7547,21666.686752,2,59115395.008,0.0277429467084639
7548,21666.706752,1,59115415.1168,0.0198526850656668
7549,21666.726752,2,59115435.1232,0.0276476734894585
7550,21666.746752,1,59115454.7584,0.0198414161903006
7551,21666.766752,2,59115474.688,0.0276302579548016
7552,21666.786752,1,59115494.7584,0.0198680517138935
7553,21666.806752,2,59115515.0336,0.0277173356280861
7554,21666.826752,1,59115535.168,0.0197574118466613
7555,21666.846752,2,59115554.8032,0.0277439711516791
7556,21666.866752,1,59115574.6944,0.0197348740959289
7557,21666.886752,2,59115595.4304,0.0278187555063823
7558,21666.906752,1,59115615.4496,0.0198199028827832
7559,21666.926752,2,59115634.688,0.0278371954842543
7560,21666.946752,1,59115654.7712,0.0197922429159752
7561,21666.966752,2,59115675.392,0.0278781732128588
7562,21666.986752,1,59115695.1424,0.0198024873481263
7563,21667.006752,2,59115715.2128,0.0278791976560739
7564,21667.026752,1,59115735.1168,0.0198588317249575
7565,21667.046752,2,59115754.7904,0.0278884176450099
7566,21667.066752,1,59115775.232,0.01988136947569
7567,21667.086752,2,59115795.4944,0.0279119798389575
7568,21667.106752,1,59115815.1552,0.0198701006003237
7569,21667.126752,2,59115834.7392,0.0278699776671379
7570,21667.146752,1,59115854.8736,0.0198516606224517
7571,21667.166752,2,59115875.1744,0.0279642264429283
7572,21667.186752,1,59115895.168,0.0198414161903006
7573,21667.206752,2,59115914.8672,0.0278771487696437
7574,21667.226752,1,59115934.848,0.0198680517138935
7575,21667.246752,2,59115956.8256,0.0278986620771611
7576,21667.266752,1,59115975.1936,0.0198496117360215
7577,21667.286752,2,59115994.8416,0.0278505132460508
7578,21667.306752,1,59116015.0912,0.0198916139078411
7579,21667.326752,2,59116035.3152,0.0278023644149405
7580,21667.346752,1,59116054.848,0.019890589464626
7581,21667.366752,2,59116075.3536,0.0278105599606614
7582,21667.386752,1,59116094.8736,0.0199059561128527
7583,21667.406752,2,59116115.2128,0.0277931444260045
7584,21667.426752,1,59116134.7456,0.0198690761571086
7585,21667.446752,2,59116154.8672,0.0278638310078472
7586,21667.466752,1,59116175.744,0.0198240006556437
7587,21667.486752,2,59116195.5072,0.0279089065093122
7588,21667.506752,1,59116214.8608,0.019799414018481
7589,21667.526752,2,59116234.7904,0.0279365664761202
7590,21667.546752,1,59116254.9504,0.0199233716475096
7591,21667.566752,2,59116275.392,0.02811686848198
7592,21667.586752,1,59116294.7968,0.0199131272153584
7593,21667.606752,2,59116315.1616,0.0283176593521421
7594,21667.626752,1,59116334.848,0.019890589464626
7595,21667.646752,2,59116355.328,0.0283719548425431
7596,21667.666752,1,59116374.8608,0.0198926383510562
7597,21667.686752,2,59116395.1616,0.0283494170918106
7598,21667.706752,1,59116415.04,0.0198680517138935
7599,21667.726752,2,59116434.8416,0.028307414919991
7600,21667.746752,1,59116455.0912,0.0198762472596144
7601,21667.766752,2,59116475.2128,0.0281660417563054
7602,21667.786752,1,59116495.2832,0.0199243960907247
7603,21667.806752,2,59116515.072,0.0281793595181019
7604,21667.826752,1,59116534.976,0.0198588317249575
7605,21667.846752,2,59116555.1488,0.0280461819001373
7606,21667.866752,1,59116574.8736,0.019899809453562
7607,21667.886752,2,59116594.8928,0.0281199418116254
7608,21667.906752,1,59116614.8608,0.0198485872928064
7609,21667.926752,2,59116635.0848,0.0281158440387649
7610,21667.946752,1,59116655.3344,0.0198936627942713
7611,21667.966752,2,59116675.136,0.0280605241051489
7612,21667.986752,1,59116695.8592,0.0198711250435388
7613,21668.006752,2,59116715.3536,0.0279703731022189
7614,21668.026752,1,59116735.68,0.0198506361792366
7615,21668.046752,2,59116755.4688,0.0279211998278935
7616,21668.066752,1,59116775.1808,0.0199223472042945
7617,21668.086752,2,59116794.88,0.0279089065093122
7618,21668.106752,1,59116815.168,0.01988136947569
7619,21668.126752,2,59116835.008,0.0279314442600447
7620,21668.146752,1,59116855.488,0.0198557583953122
7621,21668.166752,2,59116875.4176,0.0278423177003299
7622,21668.186752,1,59116895.1936,0.0198414161903006
7623,21668.206752,2,59116914.9312,0.0279447620218411
7624,21668.226752,1,59116934.9248,0.0198260495420739
7625,21668.246752,2,59116955.0208,0.0278884176450099
7626,21668.266752,1,59116975.1424,0.0198106828938472
7627,21668.286752,2,59116995.0336,0.0278412932571148
7628,21668.306752,1,59117015.808,0.0198660028274633
7629,21668.326752,2,59117035.3664,0.0278167066199521
7630,21668.346752,1,59117054.9248,0.0198854672485504
7631,21668.366752,2,59117075.6224,0.0277695822320569
7632,21668.386752,1,59117094.8864,0.0198895650214109
7633,21668.406752,2,59117115.4816,0.0278679287807077
7634,21668.426752,1,59117136.96,0.0198619050546028
7635,21668.446752,2,59117154.944,0.0277521666974
7636,21668.466752,1,59117175.232,0.0198588317249575
7637,21668.486752,2,59117195.2,0.0276312823980167
7638,21668.506752,1,59117214.9248,0.0198332206445797
7639,21668.526752,2,59117235.008,0.0276179646362202
7640,21668.546752,1,59117254.912,0.0198752228163993
7641,21668.566752,2,59117274.9824,0.0275206425307845
7642,21668.586752,1,59117295.8848,0.0198690761571086
7643,21668.606752,2,59117314.9696,0.0276097690904993
7644,21668.626752,1,59117334.9888,0.019854733952097
7645,21668.646752,2,59117355.008,0.0275985002151331
7646,21668.666752,1,59117375.1168,0.019836293974225
7647,21668.686752,2,59117395.6608,0.0276958223205688
7648,21668.706752,1,59117414.9376,0.0198711250435388
7649,21668.726752,2,59117435.3408,0.027688651218063
7650,21668.746752,1,59117455.1296,0.019827073985289
7651,21668.766752,2,59117474.9312,0.0276415268301678
7652,21668.786752,1,59117495.9488,0.0198342450877948
7653,21668.806752,2,59117514.9568,0.0276005491015633
7654,21668.826752,1,59117537.1392,0.0198506361792366
7655,21668.846752,2,59117555.8528,0.0276517712623189
7656,21668.866752,1,59117574.9632,0.0198147806667076
7657,21668.886752,2,59117595.3408,0.0276466490462434
7658,21668.906752,1,59117615.0784,0.0197891695863298
7659,21668.926752,2,59117634.9824,0.027570840248325
7660,21668.946752,1,59117655.0016,0.0198772717028295
7661,21668.966752,2,59117675.6352,0.0276732845698363
7662,21668.986752,1,59117695.0144,0.0198065851209867
7663,21669.006752,2,59117715.0464,0.0277357756059582
7664,21669.026752,1,59117735.168,0.0198240006556437
7665,21669.046752,2,59117755.1616,0.0277368000491733
7666,21669.066752,1,59117776.4992,0.0197901940295449
7667,21669.086752,2,59117795.4688,0.0276261601819411
7668,21669.106752,1,59117814.9888,0.0197748273813183
7669,21669.126752,2,59117835.1616,0.0276261601819411
7670,21669.146752,1,59117854.9888,0.0198332206445797
7671,21669.166752,2,59117875.3408,0.0276671379105456
7672,21669.186752,1,59117895.0272,0.0198383428606552
7673,21669.206752,2,59117915.136,0.0276804556723421
7674,21669.226752,1,59117934.9888,0.0198383428606552
7675,21669.246752,2,59117955.264,0.0276988956502141
7676,21669.266752,1,59117974.9888,0.0197840473702543
7677,21669.286752,2,59117995.6736,0.027707091195935
7678,21669.306752,1,59118015.0016,0.0198158051099228
7679,21669.326752,2,59118035.0592,0.0277204089577315
7680,21669.346752,1,59118055.3472,0.019845513963161
7681,21669.366752,2,59118075.0464,0.0277224578441617
7682,21669.386752,1,59118095.104,0.0198332206445797
7683,21669.406752,2,59118116.8896,0.0277665089024115
7684,21669.426752,1,59118135.1552,0.0198076095642019
7685,21669.446752,2,59118155.3152,0.0277951933124347
7686,21669.466752,1,59118175.0144,0.0198506361792366
7687,21669.486752,2,59118195.2128,0.0276784067859119
7688,21669.506752,1,59118215.0784,0.0198537095088819
7689,21669.526752,2,59118235.1232,0.0277204089577315
7690,21669.546752,1,59118255.04,0.0198690761571086
7691,21669.566752,2,59118275.0592,0.02761591574979
7692,21669.586752,1,59118295.936,0.0198670272706784
7693,21669.606752,2,59118315.0976,0.0275882557829819
7694,21669.626752,1,59118335.3344,0.0198803450324748
7695,21669.646752,2,59118355.1104,0.0275452291679472
7696,21669.666752,1,59118375.0912,0.0198137562234925
7697,21669.686752,2,59118395.0592,0.0275196180875694
7698,21669.706752,1,59118415.104,0.0198567828385273
7699,21669.726752,2,59118435.0464,0.0274806892453951
7700,21669.746752,1,59118455.0528,0.01988136947569
7701,21669.766752,2,59118475.0976,0.0274181982092733
7702,21669.786752,1,59118496.2048,0.0198250250988588
7703,21669.806752,2,59118517.0816,0.0274130759931977
7704,21669.826752,1,59118535.4112,0.0198485872928064
7705,21669.846752,2,59118555.1488,0.0275103980986334
7706,21669.866752,1,59118575.0784,0.019872149486754
7707,21669.886752,2,59118595.072,0.0275011781096974
7708,21669.906752,1,59118615.296,0.0198393673038703
7709,21669.926752,2,59118635.0976,0.0275032269961276
7710,21669.946752,1,59118655.0912,0.019836293974225
7711,21669.966752,2,59118675.0976,0.0275063003257729
7712,21669.986752,1,59118697.216,0.0197676562788125
7713,21670.006784,2,59118715.2384,0.0275063003257729
7714,21670.026784,1,59118735.36,0.0198209273259983
7715,21670.046784,2,59118755.0848,0.0273946360153257
7716,21670.066784,1,59118777.2544,0.0198137562234925
7717,21670.086784,2,59118795.1616,0.0274018071178315
7718,21670.106784,1,59118815.7312,0.0198250250988588
7719,21670.126784,2,59118835.2256,0.0273659516053025
7720,21670.146784,1,59118855.0656,0.0197707296084578
7721,21670.166784,2,59118875.264,0.0275288380765054
7722,21670.186784,1,59118895.1808,0.0198219517692134
7723,21670.206784,2,59118917.2096,0.0276609912512549
7724,21670.226784,1,59118935.1168,0.0198147806667076
7725,21670.246784,2,59118955.1232,0.0278996865203762
7726,21670.266784,1,59118975.2192,0.0198342450877948
7727,21670.286784,2,59118995.3024,0.0280451574569222
7728,21670.306784,1,59119015.168,0.0197901940295449
7729,21670.326784,2,59119035.4816,0.0281598950970148
7730,21670.346784,1,59119055.3216,0.019854733952097
7731,21670.366784,2,59119075.1872,0.0282766816235376
7732,21670.386784,1,59119095.168,0.0198035117913414
7733,21670.406784,2,59119115.1872,0.0283473682053804
7734,21670.426784,1,59119135.1296,0.0198311717581494
7735,21670.446784,2,59119155.2256,0.0283279037842932
7736,21670.466784,1,59119175.1296,0.0198199028827832
7737,21670.486784,2,59119195.3024,0.0282336550085029
7738,21670.506784,1,59119215.168,0.0198373184174401
7739,21670.526784,2,59119235.2512,0.0282756571803225
7740,21670.546784,1,59119255.168,0.0198301473149343
7741,21670.566784,2,59119277.1072,0.0281629684266601
7742,21670.586784,1,59119295.1808,0.0198444895199459
7743,21670.606784,2,59119315.2512,0.0280912574016022
7744,21670.626784,1,59119335.3856,0.0198352695310099
7745,21670.646784,2,59119355.1872,0.0281301862437765
7746,21670.666784,1,59119375.4624,0.0198158051099228
7747,21670.686784,2,59119395.6608,0.0280933062880325
7748,21670.706784,1,59119415.2448,0.0198844428053353
7749,21670.726784,2,59119435.2128,0.0280287663654804
7750,21670.746784,1,59119455.232,0.0198188784395681
7751,21670.766784,2,59119477.184,0.0278085110742312
7752,21670.786784,1,59119497.344,0.0198588317249575
7753,21670.806784,2,59119515.2128,0.0277050423095048
7754,21670.826784,1,59119535.5648,0.0198352695310099
7755,21670.846784,2,59119555.2256,0.0276896756612781
7756,21670.866784,1,59119575.1936,0.0198711250435388
7757,21670.886784,2,59119595.2,0.0276866023316328
7758,21670.906784,1,59119615.2448,0.0198065851209867
7759,21670.926784,2,59119635.2896,0.0275564980433135
7760,21670.946784,1,59119655.1936,0.0198373184174401
7761,21670.966784,2,59119675.4688,0.0275769869076157
7762,21670.986784,1,59119695.2192,0.0198209273259983
7763,21671.006784,2,59119715.3024,0.0275739135779704
7764,21671.026784,1,59119735.3216,0.0198465384063761
7765,21671.046784,2,59119755.2256,0.0275646935890344
7766,21671.066784,1,59119775.2704,0.019845513963161
7767,21671.086784,2,59119795.4816,0.0275605958161739
7768,21671.106784,1,59119817.472,0.0198352695310099
7769,21671.126784,2,59119835.328,0.0275646935890344
7770,21671.146784,1,59119855.3728,0.0198567828385273
7771,21671.166784,2,59119875.52,0.0276568934783945
7772,21671.186784,1,59119895.36,0.0198383428606552
7773,21671.206784,2,59119915.3024,0.0277306533898826
7774,21671.226784,1,59119935.2832,0.0198209273259983
7775,21671.246784,2,59119955.264,0.0277747044481324
7776,21671.266784,1,59119975.3088,0.0199213227610794
7777,21671.286784,2,59119995.4304,0.0276866023316328
7778,21671.306784,1,59120015.2576,0.0198209273259983
7779,21671.326784,2,59120035.4432,0.0277060667527199
7780,21671.346784,1,59120055.6288,0.0198403917470855
7781,21671.366784,2,59120075.2128,0.0277736800049173
7782,21671.386784,1,59120095.6416,0.0198731739299691
7783,21671.406784,2,59120117.2352,0.0278720265535681
7784,21671.426784,1,59120135.232,0.0198629294978179
7785,21671.446784,2,59120155.4816,0.0277839244370685
7786,21671.466784,1,59120175.3856,0.0198557583953122
7787,21671.486784,2,59120195.4176,0.0277818755506382
7788,21671.506784,1,59120215.3216,0.0198752228163993
7789,21671.526784,2,59120235.2768,0.0277214334009466
7790,21671.546784,1,59120255.424,0.0198260495420739
7791,21671.566784,2,59120275.2768,0.0277726555617022
7792,21671.586784,1,59120295.488,0.019836293974225
7793,21671.606784,2,59120317.504,0.027897637633946
7794,21671.626784,1,59120335.4112,0.0197553629602311
7795,21671.646784,2,59120355.2768,0.0280185219333292
7796,21671.666784,1,59120375.4624,0.0198209273259983
7797,21671.686784,2,59120395.6352,0.0280769151965907
7798,21671.706784,1,59120415.3856,0.0198055606777716
7799,21671.726784,2,59120435.3024,0.0279007109635913
7800,21671.746784,1,59120455.3472,0.0198311717581494
7801,21671.766784,2,59120475.328,0.0278023644149405
7802,21671.786784,1,59120495.7056,0.0198352695310099
7803,21671.806784,2,59120515.2896,0.0279314442600447
7804,21671.826784,1,59120535.3728,0.019827073985289
7805,21671.846784,2,59120555.5072,0.0279283709303993
7806,21671.866784,1,59120575.4112,0.0198526850656668
7807,21671.886784,2,59120595.648,0.027979593091155
7808,21671.906784,1,59120615.424,0.0197953162456205
7809,21671.926784,2,59120635.4688,0.0278812465425042
7810,21671.946784,1,59120655.4752,0.019808634007417
7811,21671.966784,2,59120675.392,0.0278187555063823
7812,21671.986784,1,59120695.68,0.0198475628495912
7813,21672.006784,2,59120715.4432,0.0277654844591964
7814,21672.026784,1,59120735.5008,0.0197789251541787
7815,21672.046784,2,59120755.4048,0.0278535865756961
7816,21672.066784,1,59120775.5264,0.0198117073370623
7817,21672.086784,2,59120795.6864,0.0279314442600447
7818,21672.106784,1,59120815.4496,0.0198895650214109
7819,21672.126784,2,59120835.3664,0.0279048087364517
7820,21672.146784,1,59120855.3856,0.0198158051099228
7821,21672.166784,2,59120875.5072,0.0280953551744627
7822,21672.186784,1,59120895.4112,0.0198250250988588
7823,21672.206784,2,59120915.3792,0.0282746327371074
7824,21672.226784,1,59120935.5008,0.0198465384063761
7825,21672.246784,2,59120955.3664,0.0284549347429672
7826,21672.266784,1,59120975.3472,0.0198424406335157
7827,21672.286784,2,59120995.3792,0.0286239678734608
7828,21672.306784,1,59121015.4624,0.0198024873481263
7829,21672.326784,2,59121035.5712,0.0288595898129367
7830,21672.346784,1,59121055.36,0.0198311717581494
7831,21672.366784,2,59121075.3536,0.0289845718851804
7832,21672.386784,1,59121095.424,0.019781998483824
7833,21672.406784,2,59121115.392,0.0291136517302846
7834,21672.426784,1,59121135.5392,0.019781998483824
7835,21672.446784,2,59121155.392,0.0291935583010634
7836,21672.466784,1,59121175.4112,0.0197574118466613
7837,21672.486784,2,59121195.4304,0.0290480873645174
7838,21672.506784,1,59121215.5648,0.019754338517016
7839,21672.526784,2,59121235.3792,0.0287694388100068
7840,21672.546784,1,59121255.6672,0.0197932673591903
7841,21672.566784,2,59121275.3792,0.0285491835187576
7842,21672.586784,1,59121295.488,0.0198444895199459
7843,21672.606784,2,59121315.5968,0.0284395680947405
7844,21672.626784,1,59121335.5392,0.0197748273813183
7845,21672.646784,2,59121355.4432,0.0283606859671768
7846,21672.666784,1,59121375.4368,0.0198393673038703
7847,21672.686784,2,59121395.456,0.0283002438174852
7848,21672.706784,1,59121416.0512,0.0198045362345565
7849,21672.726784,2,59121435.4176,0.0284477636404614
7850,21672.746784,1,59121455.3984,0.019799414018481
7851,21672.766784,2,59121475.6224,0.0283524904214559
7852,21672.786784,1,59121495.7312,0.0198352695310099
7853,21672.806784,2,59121515.4688,0.0283043415903456
7854,21672.826784,1,59121535.4752,0.019817853996353
7855,21672.846784,2,59121555.4176,0.0283811748314791
7856,21672.866784,1,59121575.6416,0.0198383428606552
7857,21672.886784,2,59121595.52,0.0283524904214559
7858,21672.906784,1,59121615.6416,0.0197102874587662
7859,21672.926784,2,59121635.392,0.0282848771692585
7860,21672.946784,1,59121655.424,0.0198065851209867
7861,21672.966784,2,59121675.52,0.0284242014465138
7862,21672.986784,1,59121695.5392,0.0197789251541787
7863,21673.006784,2,59121715.648,0.0283750281721884
7864,21673.026784,1,59121735.488,0.0198352695310099
7865,21673.046784,2,59121755.648,0.0283914192636302
7866,21673.066784,1,59121775.4752,0.0198199028827832
7867,21673.086784,2,59121795.4816,0.0284743991640543
7868,21673.106784,1,59121815.5264,0.0198096584506321
7869,21673.126784,2,59121835.4816,0.0285184502223042
7870,21673.146784,1,59121855.488,0.0198055606777716
7871,21673.166784,2,59121875.4432,0.0285829901448563
7872,21673.186784,1,59121895.5264,0.0198137562234925
7873,21673.206784,2,59121915.7376,0.0285706968262749
7874,21673.226784,1,59121935.7824,0.0198096584506321
7875,21673.246784,2,59121955.5072,0.0285860634745016
7876,21673.266784,1,59121975.5648,0.0198024873481263
7877,21673.286784,2,59121995.5456,0.0285123035630135
7878,21673.306784,1,59122015.6416,0.0197707296084578
7879,21673.326784,2,59122035.7888,0.0283647837400373
7880,21673.346784,1,59122055.488,0.0197973651320507
7881,21673.366784,2,59122075.5456,0.0283934681500604
7882,21673.386784,1,59122095.6672,0.0198045362345565
7883,21673.406784,2,59122115.584,0.0285594279509087
7884,21673.426784,1,59122135.5136,0.019845513963161
7885,21673.446784,2,59122155.52,0.028680312250292
7886,21673.466784,1,59122175.488,0.0197748273813183
7887,21673.486784,2,59122195.8272,0.0287878787878788
7888,21673.506784,1,59122215.68,0.0197871206998996
7889,21673.526784,2,59122235.52,0.0288032454361055
7890,21673.546784,1,59122256.2176,0.0198076095642019
7891,21673.566784,2,59122275.5328,0.0286926055688733
7892,21673.586784,1,59122295.5136,0.0197748273813183
7893,21673.606784,2,59122315.5968,0.0287202655356814
7894,21673.626784,1,59122335.6416,0.0198291228717192
7895,21673.646784,2,59122355.4944,0.0284938635851415
7896,21673.666784,1,59122375.6032,0.0198526850656668
7897,21673.686784,2,59122395.6736,0.0282664371913865
7898,21673.706784,1,59122415.5392,0.0198014629049112
7899,21673.726784,2,59122435.6352,0.0281691150859508
7900,21673.746784,1,59122455.68,0.0198311717581494
7901,21673.766784,2,59122475.5584,0.0280123752740386
7902,21673.786784,1,59122495.7312,0.0198444895199459
7903,21673.806784,2,59122515.5328,0.0280902329583871
7904,21673.826784,1,59122535.5776,0.0198352695310099
7905,21673.846784,2,59122555.712,0.0280840862990964
7906,21673.866784,1,59122575.5008,0.0198055606777716
7907,21673.886784,2,59122595.584,0.0281178929251952
7908,21673.906784,1,59122615.5776,0.0198209273259983
7909,21673.926784,2,59122635.52,0.0281312106869916
7910,21673.946784,1,59122655.6928,0.0197891695863298
7911,21673.966784,2,59122675.5328,0.0280062286147479
7912,21673.986784,1,59122696.1792,0.0198096584506321
7913,21674.006784,2,59122715.5968,0.0279652508861434
7914,21674.026784,1,59122735.7568,0.0197809740406089
7915,21674.046784,2,59122755.5456,0.0281045751633987
7916,21674.066784,1,59122775.5776,0.0198188784395681
7917,21674.086784,2,59122795.6096,0.0282018972688344
7918,21674.106784,1,59122815.616,0.0198414161903006
7919,21674.126784,2,59122835.5456,0.0281926772798984
7920,21674.146784,1,59122855.552,0.0197707296084578
7921,21674.166784,2,59122875.7248,0.0281137951523347
7922,21674.186784,1,59122895.5904,0.0198485872928064
7923,21674.206784,2,59122915.584,0.0280656463212244
7924,21674.226784,1,59122935.6288,0.019781998483824
7925,21674.246784,2,59122955.5584,0.0279836908640154
7926,21674.266784,1,59122975.9488,0.0197574118466613
7927,21674.286784,2,59122995.8784,0.0279406642489807
7928,21674.306784,1,59123017.5488,0.0198875161349806
7929,21674.326784,2,59123035.7248,0.0280410596840617
7930,21674.346784,1,59123055.6032,0.0198137562234925
7931,21674.366784,2,59123075.584,0.028079988526236
7932,21674.386784,1,59123095.6928,0.0197707296084578
7933,21674.406784,2,59123115.648,0.0281383817894974
7934,21674.426784,1,59123136.2048,0.0197809740406089
7935,21674.446784,2,59123155.6992,0.0281916528366833
7936,21674.466784,1,59123175.68,0.0198424406335157
7937,21674.486784,2,59123195.7248,0.0280728174237302
7938,21674.506784,1,59123215.8336,0.0198444895199459
7939,21674.526784,2,59123235.6608,0.0279672997725736
7940,21674.546784,1,59123255.744,0.0198762472596144
7941,21674.566784,2,59123275.6352,0.0278546110189112
7942,21674.586784,1,59123295.6928,0.0198035117913414
7943,21674.606784,2,59123315.712,0.0279007109635913
7944,21674.626784,1,59123335.6544,0.0198209273259983
7945,21674.646784,2,59123355.6224,0.0278259266088881
7946,21674.666784,1,59123375.7056,0.0197645829491671
7947,21674.686784,2,59123395.7504,0.027906857622882
7948,21674.706784,1,59123415.6544,0.0198301473149343
7949,21674.726784,2,59123435.6608,0.0278761243264286
7950,21674.746784,1,59123455.68,0.019845513963161
7951,21674.766784,2,59123475.6352,0.0278187555063823
7952,21674.786784,1,59123495.6672,0.0198373184174401
7953,21674.806784,2,59123515.648,0.027925297600754
7954,21674.826784,1,59123535.6288,0.0197697051652427
7955,21674.846784,2,59123555.6608,0.0278484643596205
7956,21674.866784,1,59123575.6544,0.0198229762124285
7957,21674.886784,2,59123595.648,0.0278044133013707
7958,21674.906784,1,59123615.808,0.0197881451431147
7959,21674.926784,2,59123635.648,0.0278208043928125
7960,21674.946784,1,59123655.8208,0.0198280984285041
7961,21674.966784,2,59123675.8656,0.0277777777777778
7962,21674.986784,1,59123695.744,0.0198158051099228
7963,21675.006784,2,59123715.7248,0.0277480689245395
7964,21675.026784,1,59123735.68,0.0198117073370623
7965,21675.046784,2,59123755.6736,0.0276722601266212
7966,21675.066784,1,59123775.68,0.0197512651873707
7967,21675.086784,2,59123795.6736,0.0275657180322495
7968,21675.106784,1,59123815.7184,0.0198127317802774
7969,21675.126784,2,59123835.6992,0.027533960292581
7970,21675.146784,1,59123855.8336,0.0197645829491671
7971,21675.166784,2,59123875.8528,0.027543180281517
7972,21675.186784,1,59123895.7056,0.0198485872928064
7973,21675.206784,2,59123915.6992,0.0276446001598131
7974,21675.226784,1,59123935.7696,0.0198219517692134
7975,21675.246784,2,59123955.712,0.0275380580654414
7976,21675.266784,1,59123975.8208,0.0198741983731842
7977,21675.286784,2,59123995.7504,0.0275882557829819
7978,21675.306784,1,59124015.744,0.0198649783842482
7979,21675.326784,2,59124035.6992,0.0275349847357961
7980,21675.346784,1,59124055.9104,0.019872149486754
7981,21675.366784,2,59124075.6992,0.0276507468191038
7982,21675.386784,1,59124095.8464,0.0198096584506321
7983,21675.406784,2,59124115.84,0.0277296289466675
7984,21675.426784,1,59124135.7184,0.0198598561681726
7985,21675.446784,2,59124155.776,0.0277552400270453
7986,21675.466784,1,59124175.7056,0.0197942918024054
7987,21675.486784,2,59124195.7376,0.0278966131907308
7988,21675.506784,1,59124215.8464,0.0198076095642019
7989,21675.526784,2,59124235.7888,0.0276937734341385
7990,21675.546784,1,59124255.7568,0.0198280984285041
7991,21675.566784,2,59124275.8144,0.0276107935337144
7992,21675.586784,1,59124295.9872,0.0198291228717192
7993,21675.606784,2,59124315.7376,0.0275862068965517
7994,21675.626784,1,59124335.8592,0.0198147806667076
7995,21675.646784,2,59124355.7888,0.0277111889687955
7996,21675.666784,1,59124375.7952,0.0198158051099228
7997,21675.686784,2,59124395.8272,0.027725531173807
7998,21675.706784,1,59124415.7568,0.0198475628495912
7999,21675.726784,2,59124435.7376,0.0276732845698363
8000,21675.746784,1,59124455.8976,0.0198321962013646
8001,21675.766784,2,59124475.9552,0.0275749380211855
8002,21675.786784,1,59124495.744,0.0197871206998996
8003,21675.806784,2,59124515.8272,0.0275595713729588
8004,21675.826784,1,59124535.7568,0.0198475628495912
8005,21675.846784,2,59124555.7376,0.027442784846436
8006,21675.866784,1,59124575.7184,0.0198127317802774
8007,21675.886784,2,59124595.7376,0.0275298625197205
8008,21675.906784,1,59124615.8464,0.0197328252094986
8009,21675.926784,2,59124635.7504,0.027606695760854
8010,21675.946784,1,59124655.7696,0.0198004384616961
8011,21675.966784,2,59124675.7504,0.0276609912512549
8012,21675.986784,1,59124695.8592,0.0197912184727601
8013,21676.006784,2,59124715.84,0.0276169401930051
8014,21676.026784,1,59124735.7568,0.0197594607330916
8015,21676.046784,2,59124755.776,0.0278156821767369
8016,21676.066784,1,59124775.8208,0.0197942918024054
8017,21676.086784,2,59124795.7376,0.0280246685926199
8018,21676.106784,1,59124815.7696,0.0197338496527138
8019,21676.126784,2,59124835.776,0.0280912574016022
8020,21676.146784,1,59124855.7952,0.0197871206998996
8021,21676.166784,2,59124875.7376,0.0282244350195669
8022,21676.186784,1,59124895.808,0.0197891695863298
8023,21676.206784,2,59124917.8752,0.0283955170364907
8024,21676.226784,1,59124935.7952,0.019836293974225
8025,21676.246784,2,59124956.2752,0.0283883459339849
8026,21676.266784,1,59124975.7824,0.0197809740406089
8027,21676.286784,2,59124995.7888,0.0284918146987112
8028,21676.306784,1,59125015.8592,0.0198250250988588
8029,21676.326784,2,59125035.8016,0.0283289282275083
8030,21676.346784,1,59125055.7952,0.019808634007417
8031,21676.366784,2,59125075.9808,0.0280000819554572
8032,21676.386784,1,59125095.808,0.0197912184727601
8033,21676.406784,2,59125115.8016,0.0278750998832135
8034,21676.426784,1,59125135.9104,0.0198332206445797
8035,21676.446784,2,59125155.8656,0.0277204089577315
8036,21676.466784,1,59125175.8336,0.0198301473149343
8037,21676.486784,2,59125195.8272,0.0276999200934292
8038,21676.506784,1,59125215.7824,0.0197932673591903
8039,21676.526784,2,59125235.84,0.0275831335669064
8040,21676.546784,1,59125255.808,0.0198250250988588
8041,21676.566784,2,59125275.776,0.0276773823426967
8042,21676.586784,1,59125295.8336,0.0197963406888356
8043,21676.606784,2,59125318.016,0.0277009445366443
8044,21676.626784,1,59125335.8208,0.0197942918024054
8045,21676.646784,2,59125355.8912,0.0277122134120106
8046,21676.666784,1,59125375.8208,0.0198352695310099
8047,21676.686784,2,59125395.904,0.0277695822320569
8048,21676.706784,1,59125416.2048,0.0198629294978179
8049,21676.726784,2,59125435.8528,0.0277398733788186
8050,21676.746784,1,59125455.8464,0.0198096584506321
8051,21676.766784,2,59125475.8528,0.0278382199274694
8052,21676.786784,1,59125496.1024,0.0198209273259983
8053,21676.806784,2,59125516.0192,0.0276312823980167
8054,21676.826784,1,59125536.0128,0.0198147806667076
8055,21676.846784,2,59125555.904,0.0275626447026041
8056,21676.866784,1,59125575.8592,0.019854733952097
8057,21676.886784,2,59125595.8784,0.0275882557829819
8058,21676.906784,1,59125615.936,0.0198660028274633
8059,21676.926784,2,59125635.8784,0.0275144958714938
8060,21676.946784,1,59125655.9104,0.019772778494888
8061,21676.966784,2,59125676.1472,0.0277091400823652
8062,21676.986784,1,59125696.5376,0.0197758518245334
8063,21677.006784,2,59125715.9424,0.0277542155838302
8064,21677.026784,1,59125735.9616,0.0197973651320507
8065,21677.046784,2,59125755.904,0.0276210379658656
8066,21677.066784,1,59125775.8848,0.0197666318355974
8067,21677.086784,2,59125795.9296,0.0275626447026041
8068,21677.106784,1,59125815.8976,0.0197738029381031
8069,21677.126784,2,59125835.8912,0.0276845534452025
8070,21677.146784,1,59125855.8848,0.0197676562788125
8071,21677.166784,2,59125875.8912,0.0276804556723421
8072,21677.186784,1,59125895.9104,0.0197789251541787
8073,21677.206784,2,59125915.84,0.0275442047247321
8074,21677.226784,1,59125935.8976,0.0197625340627369
8075,21677.246784,2,59125955.9296,0.0275349847357961
8076,21677.266784,1,59125975.872,0.0197932673591903
8077,21677.286784,2,59125995.9424,0.0274602003810929
8078,21677.306784,1,59126015.9744,0.0197512651873707
8079,21677.326784,2,59126035.9168,0.0274940070071916
8080,21677.346784,1,59126055.9488,0.019854733952097
8081,21677.366784,2,59126075.9936,0.0274909336775463
8082,21677.386784,1,59126095.9872,0.0197225807773475
8083,21677.406784,2,59126115.9552,0.0275083492122032
8084,21677.426784,1,59126135.9232,0.0197789251541787
8085,21677.446784,2,59126155.9424,0.0274755670293196
8086,21677.466784,1,59126175.9872,0.0198065851209867
8087,21677.486784,2,59126195.968,0.0275257647468601
8088,21677.506784,1,59126215.9488,0.0198670272706784
8089,21677.526784,2,59126235.9552,0.0275493269408077
8090,21677.546784,1,59126256.1664,0.0197891695863298
8091,21677.566784,2,59126275.9424,0.0274858114614707
8092,21677.586784,1,59126296,0.0198291228717192
8093,21677.606784,2,59126315.968,0.0275237158604299
8094,21677.626784,1,59126335.9488,0.0198444895199459
8095,21677.646784,2,59126355.9296,0.0275636691458192
8096,21677.666784,1,59126375.9744,0.019854733952097
8097,21677.686784,2,59126395.9808,0.027597475771918
8098,21677.706784,1,59126416,0.0197758518245334
8099,21677.726784,2,59126436.3008,0.0275267891900752
8100,21677.746784,1,59126455.9872,0.0198199028827832
8101,21677.766784,2,59126475.968,0.0276456246030283
8102,21677.786784,1,59126496.064,0.0198106828938472
8103,21677.806784,2,59126516.0064,0.02779826664208
8104,21677.826784,1,59126536.4608,0.0198250250988588
8105,21677.846784,2,59126556.4928,0.028034913024771
8106,21677.866784,1,59126575.936,0.0198199028827832
8107,21677.886784,2,59126596.0064,0.0281516995512939
8108,21677.906784,1,59126616.0256,0.0198065851209867
8109,21677.926784,2,59126635.968,0.0279785686479398
8110,21677.946784,1,59126656.0384,0.019817853996353
8111,21677.966784,2,59126675.9808,0.027852562132481
8112,21677.986784,1,59126696.0512,0.0197471674145102
8113,21678.006784,2,59126716.16,0.0277736800049173
8114,21678.026784,1,59126736.0256,0.0198301473149343
8115,21678.046784,2,59126756.0064,0.02761591574979
8116,21678.066784,1,59126776.0256,0.0198936627942713
8117,21678.086784,2,59126796.0704,0.0274786403589649
8118,21678.106784,1,59126816.0256,0.0198373184174401
8119,21678.126784,2,59126836.4288,0.0273864404696048
8120,21678.146784,1,59126856.0384,0.0198280984285041
8121,21678.166784,2,59126876.2624,0.0272501895219948
8122,21678.186784,1,59126896.064,0.0199141516585736
8123,21678.206784,2,59126916.352,0.0272901428073842
8124,21678.226784,1,59126936.0128,0.0198516606224517
8125,21678.246784,2,59126956.4928,0.0272532628516401
8126,21678.266784,1,59126975.9872,0.0198690761571086
8127,21678.286784,2,59126996.0576,0.0274233204253488
8128,21678.306784,1,59127016.0256,0.0198260495420739
8129,21678.326784,2,59127036.0704,0.0273895137992501
8130,21678.346784,1,59127056.0384,0.0198485872928064
8131,21678.366784,2,59127076.0192,0.0276517712623189
8132,21678.386784,1,59127096.0384,0.0198608806113877
8133,21678.406784,2,59127116.1344,0.0278494888028357
8134,21678.426784,1,59127136.0384,0.0198444895199459
8135,21678.446784,2,59127156.0448,0.0278136332903067
8136,21678.466784,1,59127176.1408,0.0198240006556437
8137,21678.486784,2,59127196.0832,0.0277562644702604
8138,21678.506784,1,59127216.2944,0.0198567828385273
8139,21678.526784,2,59127236.032,0.0277265556170221
8140,21678.546784,1,59127256.0384,0.019817853996353
8141,21678.566784,2,59127276.4672,0.0277152867416559
8142,21678.586784,1,59127296.0512,0.0198741983731842
8143,21678.606784,2,59127316.3264,0.0276323068412318
8144,21678.626784,1,59127336.064,0.0198506361792366
8145,21678.646784,2,59127356.4288,0.0275698158051099
8146,21678.666784,1,59127376.1024,0.0197625340627369
8147,21678.686784,2,59127396.1856,0.0275185936443543
8148,21678.706784,1,59127416.1024,0.0198127317802774
8149,21678.726784,2,59127436.1088,0.0276118179769295
8150,21678.746784,1,59127456.1792,0.019763558505952
8151,21678.766784,2,59127476.1728,0.0275646935890344
8152,21678.786784,1,59127496.128,0.0198024873481263
8153,21678.806784,2,59127516.0832,0.0275165447579241
8154,21678.826784,1,59127536.192,0.0197973651320507
8155,21678.846784,2,59127558.0416,0.0273936115721106
8156,21678.866784,1,59127576.1792,0.0198229762124285
8157,21678.886784,2,59127596.1728,0.0273475116274305
8158,21678.906784,1,59127616.1152,0.0198158051099228
8159,21678.926784,2,59127639.0272,0.0273690249349479
8160,21678.946784,1,59127656.1664,0.0198352695310099
8161,21678.966784,2,59127676.4416,0.027233798430553
8162,21678.986784,1,59127696.0896,0.0197686807220276
8163,21679.006784,2,59127718.336,0.0272276517712623
8164,21679.026784,1,59127736.1024,0.0198383428606552
8165,21679.046784,2,59127756.1984,0.027233798430553
8166,21679.066784,1,59127776.1792,0.019808634007417
8167,21679.086784,2,59127796.2112,0.027206138463745
8168,21679.106784,1,59127816.2944,0.0198168295531379
8169,21679.126784,2,59127836.1728,0.0272839961480935
8170,21679.146784,1,59127856.0896,0.0197666318355974
8171,21679.166784,2,59127876.1728,0.027288093920954
8172,21679.186784,1,59127896.3456,0.019808634007417
8173,21679.206784,2,59127916.1856,0.0273741471510234
8174,21679.226784,1,59127936.3712,0.0197942918024054
8175,21679.246784,2,59127956.1472,0.0274868359046858
8176,21679.266784,1,59127976.0896,0.019845513963161
8177,21679.286784,2,59127996.1984,0.0277060667527199
8178,21679.306784,1,59128017.2416,0.0198250250988588
8179,21679.326784,2,59128036.6976,0.0279929108529514
8180,21679.346784,1,59128056.192,0.019827073985289
8181,21679.366784,2,59128076.1216,0.0279816419775852
8182,21679.386784,1,59128098.4704,0.0198373184174401
8183,21679.406784,2,59128116.1984,0.0282100928145553
8184,21679.426784,1,59128136.1536,0.0197799495973938
8185,21679.446784,2,59128156.16,0.0282111172577704
8186,21679.466784,1,59128176.2816,0.0197604851763067
8187,21679.486784,2,59128196.1344,0.0280554018890733
8188,21679.506784,1,59128216.6528,0.019754338517016
8189,21679.526784,2,59128236.2112,0.0280625729915791
8190,21679.546784,1,59128256.384,0.0198117073370623
8191,21679.566784,2,59128276.1856,0.0278853443153646
8192,21679.586784,1,59128296.1792,0.0198240006556437
8193,21679.606784,2,59128316.2112,0.0277951933124347
8194,21679.626784,1,59128336.6656,0.019827073985289
8195,21679.646784,2,59128358.5024,0.0276333312844469
8196,21679.666784,1,59128376.2048,0.0197963406888356
8197,21679.686784,2,59128396.1856,0.0275985002151331
8198,21679.706784,1,59128416.4736,0.0197666318355974
8199,21679.726784,2,59128436.5952,0.0274929825639765
8200,21679.746784,1,59128456.1792,0.0197533140738009
8201,21679.766784,2,59128476.2368,0.0275513758272379
8202,21679.786784,1,59128496.192,0.0197830229270392
8203,21679.806784,2,59128516.4288,0.0275237158604299
8204,21679.826784,1,59128536.2048,0.0198024873481263
8205,21679.846784,2,59128556.2368,0.0275134714282787
8206,21679.866784,1,59128576.2432,0.0198035117913414
8207,21679.886784,2,59128596.3008,0.0275134714282787
8208,21679.906784,1,59128616.6272,0.019845513963161
8209,21679.926784,2,59128636.224,0.0274048804474768
8210,21679.946784,1,59128656.2304,0.0197809740406089
8211,21679.966784,2,59128676.2624,0.027452004835372
8212,21679.986784,1,59128696.2432,0.0197901940295449
8213,21680.006784,2,59128716.3136,0.0273167783309771
8214,21680.026784,1,59128736.3072,0.0198301473149343
8215,21680.046784,2,59128756.2368,0.0275165447579241
8216,21680.066784,1,59128776.3968,0.0198127317802774
8217,21680.086784,2,59128796.2624,0.0275093736554183
8218,21680.106784,1,59128816.2816,0.0197983895752658
8219,21680.126784,2,59128836.3136,0.0275739135779704
8220,21680.146784,1,59128856.2944,0.0198014629049112
8221,21680.166784,2,59128876.2752,0.027561620259389
8222,21680.186784,1,59128896.2688,0.0198434650767308
8223,21680.206784,2,59128916.2752,0.0276620156944701
8224,21680.226784,1,59128936.5888,0.0198065851209867
8225,21680.246784,2,59128956.6208,0.0277009445366443
8226,21680.266784,1,59128976.7936,0.0198065851209867
8227,21680.286784,2,59128996.3392,0.0276661134673305
8228,21680.306784,1,59129016.2688,0.0197789251541787
8229,21680.326784,2,59129036.3904,0.0276025979879935
8230,21680.346784,1,59129056.2944,0.0198578072817424
8231,21680.366784,2,59129076.416,0.0274458581760813
8232,21680.386784,1,59129096.3328,0.0198342450877948
8233,21680.406784,2,59129116.288,0.0274581514946627
8234,21680.426784,1,59129136.2688,0.0197830229270392
8235,21680.446784,2,59129156.8896,0.0274407359600057
8236,21680.466784,1,59129176.7168,0.019827073985289
8237,21680.486784,2,59129196.4288,0.0275144958714938
8238,21680.506784,1,59129216.3456,0.0198240006556437
8239,21680.526784,2,59129236.3648,0.0276845534452025
8240,21680.546784,1,59129256.6528,0.0197031163562604
8241,21680.566784,2,59129276.544,0.0277818755506382
8242,21680.586784,1,59129296.7168,0.019817853996353
8243,21680.606784,2,59129316.3648,0.0278013399717254
8244,21680.626784,1,59129336.576,0.0198649783842482
8245,21680.646784,2,59129356.5952,0.0278085110742312
8246,21680.666784,1,59129376.3072,0.0198301473149343
8247,21680.686784,2,59129396.9536,0.0278628065646321
8248,21680.706784,1,59129416.5632,0.0197492163009404
8249,21680.726784,2,59129436.4416,0.0277439711516791
8250,21680.746784,1,59129456.3072,0.0198321962013646
8251,21680.766784,2,59129476.3264,0.0277531911406151
8252,21680.786784,1,59129496.3456,0.0197871206998996
8253,21680.806784,2,59129516.3776,0.027679431229127
8254,21680.826784,1,59129536.32,0.0197809740406089
8255,21680.846784,2,59129556.3264,0.0276118179769295
8256,21680.866784,1,59129576.3328,0.0197942918024054
8257,21680.886784,2,59129596.352,0.0273966849017559
8258,21680.906784,1,59129616.384,0.0198106828938472
8259,21680.926784,2,59129636.3264,0.02747966480218
8260,21680.946784,1,59129656.4224,0.0197656073923822
8261,21680.966784,2,59129676.4544,0.0274397115167906
8262,21680.986784,1,59129696.384,0.0197686807220276
8263,21681.006784,2,59129716.5056,0.027461224824308
8264,21681.026784,1,59129736.4736,0.0197983895752658
8265,21681.046784,2,59129758.7968,0.0275083492122032
8266,21681.066784,1,59129776.3584,0.0198291228717192
8267,21681.086784,2,59129796.3264,0.0276650890241154
8268,21681.106784,1,59129816.3968,0.0197318007662835
8269,21681.126784,2,59129836.48,0.0277634355727662
8270,21681.146784,1,59129856.3584,0.0197625340627369
8271,21681.166784,2,59129876.544,0.0280297908086955
8272,21681.186784,1,59129896.4096,0.0197686807220276
8273,21681.206784,2,59129916.3648,0.0280943307312476
8274,21681.226784,1,59129936.3584,0.0197379474255742
8275,21681.246784,2,59129956.4032,0.0281045751633987
8276,21681.266784,1,59129976.6272,0.0196928719241092
8277,21681.286784,2,59129996.3904,0.0280728174237302
8278,21681.306784,1,59130016.64,0.019754338517016
8279,21681.326784,2,59130036.5952,0.0281178929251952
8280,21681.346784,1,59130056.3968,0.0196775052758826
8281,21681.366784,2,59130076.3776,0.028089208515172
8282,21681.386784,1,59130096.4224,0.0197277029934231
8283,21681.406784,2,59130116.416,0.0283299526707235
8284,21681.426784,1,59130136.4352,0.0197420451984347
8285,21681.446784,2,59130156.5824,0.0283330260003688
8286,21681.466784,1,59130176.3968,0.0197307763230684
8287,21681.486784,2,59130196.4672,0.0283514659782408
8288,21681.506784,1,59130216.4736,0.0197297518798533
8289,21681.526784,2,59130236.4672,0.0283279037842932
8290,21681.546784,1,59130256.6144,0.0197983895752658
8291,21681.566784,2,59130276.4288,0.0283627348536071
8292,21681.586784,1,59130296.4224,0.0197533140738009
8293,21681.606784,2,59130316.4288,0.0282111172577704
8294,21681.626784,1,59130336.448,0.0197338496527138
8295,21681.646784,2,59130356.416,0.0281178929251952
8296,21681.666784,1,59130376.6912,0.0197901940295449
8297,21681.686784,2,59130396.4288,0.0279959841825968
8298,21681.706784,1,59130416.7168,0.019726678550208
8299,21681.726784,2,59130436.5312,0.0279734464318643
8300,21681.746784,1,59130456.4608,0.0198147806667076
8301,21681.766784,2,59130476.6208,0.027824902165673
8302,21681.786784,1,59130496.4608,0.0197481918577253
8303,21681.806784,2,59130516.5056,0.0278484643596205
8304,21681.826784,1,59130536.4352,0.019772778494888
8305,21681.846784,2,59130556.4672,0.028016473046899
8306,21681.866784,1,59130576.448,0.0197922429159752
8307,21681.886784,2,59130596.48,0.0281598950970148
8308,21681.906784,1,59130616.4608,0.0197809740406089
8309,21681.926784,2,59130636.4032,0.0281455528920032
8310,21681.946784,1,59130656.4864,0.0198414161903006
8311,21681.966784,2,59130679.2448,0.0281219906980556
8312,21681.986784,1,59130696.4864,0.0197399963120044
8313,21682.006784,2,59130716.48,0.0281404306759276
8314,21682.026784,1,59130736.5504,0.0198137562234925
8315,21682.046784,2,59130756.4928,0.0279775442047247
8316,21682.066784,1,59130776.6016,0.0198701006003237
8317,21682.086784,2,59130796.6976,0.0280113508308234
8318,21682.106784,1,59130816.4864,0.0198567828385273
8319,21682.126784,2,59130836.544,0.0280666707644395
8320,21682.146784,1,59130856.4864,0.0198014629049112
8321,21682.166784,2,59130876.4928,0.0279478353514865
8322,21682.186784,1,59130896.5376,0.019827073985289
8323,21682.206784,2,59130916.4672,0.0280113508308234
8324,21682.226784,1,59130936.5504,0.0198168295531379
8325,21682.246784,2,59130956.544,0.0280564263322884
8326,21682.266784,1,59130976.4992,0.0198301473149343
8327,21682.286784,2,59130996.5696,0.0280738418669453
8328,21682.306784,1,59131016.5376,0.0197256541069929
8329,21682.326784,2,59131036.5824,0.0280482307865675
8330,21682.346784,1,59131056.6528,0.0198035117913414
8331,21682.366784,2,59131076.5312,0.0280052041715328
8332,21682.386784,1,59131096.5376,0.0197973651320507
8333,21682.406784,2,59131116.5824,0.0279580797836376
8334,21682.426784,1,59131136.6784,0.019754338517016
8335,21682.446784,2,59131156.5696,0.0278863687585797
8336,21682.466784,1,59131176.5248,0.0197932673591903
8337,21682.486784,2,59131196.6464,0.0279754953182945
8338,21682.506784,1,59131216.5632,0.0198260495420739
8339,21682.526784,2,59131236.608,0.0278556354621263
8340,21682.546784,1,59131256.5376,0.0197707296084578
8341,21682.566784,2,59131276.5952,0.0278791976560739
8342,21682.586784,1,59131296.6016,0.0197830229270392
8343,21682.606784,2,59131316.5696,0.0279847153072305
8344,21682.626784,1,59131336.6272,0.0197963406888356
8345,21682.646784,2,59131356.5568,0.0277572889134755
8346,21682.666784,1,59131376.5504,0.0197522896305858
8347,21682.686784,2,59131396.5952,0.0277152867416559
8348,21682.706784,1,59131416.576,0.0198014629049112
8349,21682.726784,2,59131436.5952,0.0275554736000983
8350,21682.746784,1,59131456.5376,0.0197502407441556
8351,21682.766784,2,59131476.608,0.0275370336222263
8352,21682.786784,1,59131496.7552,0.0197410207552195
8353,21682.806784,2,59131516.5696,0.0275052758825578
8354,21682.826784,1,59131536.5504,0.0198055606777716
8355,21682.846784,2,59131556.5696,0.0274581514946627
8356,21682.866784,1,59131576.5504,0.0197799495973938
8357,21682.886784,2,59131596.6592,0.0273956604585408
8358,21682.906784,1,59131616.576,0.019754338517016
8359,21682.926784,2,59131636.5824,0.0273485360706456
8360,21682.946784,1,59131656.6016,0.019836293974225
8361,21682.966784,2,59131676.6208,0.0274100026635524
8362,21682.986784,1,59131696.96,0.0197871206998996
8363,21683.006784,2,59131716.9536,0.0274776159157498
8364,21683.026784,1,59131736.7936,0.0198065851209867
8365,21683.046784,2,59131756.5952,0.027442784846436
8366,21683.066784,1,59131776.64,0.019799414018481
8367,21683.086784,2,59131796.7104,0.0273833671399594
8368,21683.106784,1,59131816.6656,0.019799414018481
8369,21683.126784,2,59131836.6208,0.0272204806687565
8370,21683.146784,1,59131856.7424,0.0197522896305858
8371,21683.166784,2,59131876.6848,0.0271118896879546
8372,21683.186784,1,59131896.6144,0.019754338517016
8373,21683.206784,2,59131916.6208,0.0272297006576925
8374,21683.226784,1,59131936.6144,0.019799414018481
8375,21683.246784,2,59131956.6336,0.0270842297211466
8376,21683.266784,1,59131976.64,0.0198301473149343
8377,21683.286784,2,59131996.7872,0.0271098408015244
8378,21683.306784,1,59132016.9216,0.0197871206998996
8379,21683.326784,2,59132037.632,0.0271098408015244
8380,21683.346784,1,59132059.5328,0.0197113119019813
8381,21683.366784,2,59132076.8128,0.0269776876267748
8382,21683.386784,1,59132096.64,0.0197922429159752
8383,21683.406784,2,59132116.7616,0.0270412031061118
8384,21683.426784,1,59132136.704,0.0197860962566845
8385,21683.446784,2,59132156.9408,0.0269992009342922
8386,21683.466784,1,59132176.6784,0.0197512651873707
8387,21683.486784,2,59132196.6592,0.0269940787182167
8388,21683.506784,1,59132216.6912,0.0197891695863298
8389,21683.526784,2,59132236.6592,0.0269920298317864
8390,21683.546784,1,59132256.6656,0.0198373184174401
8391,21683.566784,2,59132276.6592,0.0269694920810539
8392,21683.586784,1,59132296.6656,0.0197553629602311
8393,21683.606784,2,59132316.7616,0.0269930542750015
8394,21683.626784,1,59132336.6912,0.0198280984285041
8395,21683.646784,2,59132356.7616,0.027034032003606
8396,21683.666784,1,59132376.6912,0.0198055606777716
8397,21683.686784,2,59132397.0816,0.0270555453111234
8398,21683.706784,1,59132416.704,0.019817853996353
8399,21683.726784,2,59132436.736,0.027015592025734
8400,21683.746784,1,59132456.6912,0.0197942918024054
8401,21683.766784,2,59132476.672,0.0270319831171758
8402,21683.786784,1,59132496.7168,0.0197553629602311
8403,21683.806784,2,59132516.7488,0.0270176409121642
8404,21683.826784,1,59132536.704,0.0197860962566845
8405,21683.846784,2,59132556.6976,0.027088327494007
8406,21683.866784,1,59132576.704,0.019854733952097
8407,21683.886784,2,59132596.8128,0.0271538918597742
8408,21683.906784,1,59132616.6912,0.0198137562234925
8409,21683.926784,2,59132636.864,0.0271876984858729
8410,21683.946784,1,59132656.704,0.0198701006003237
8411,21683.966784,2,59132676.6976,0.0273188272174073
8412,21683.986784,1,59132696.7296,0.0198383428606552
8413,21684.006784,2,59132716.7104,0.0272583850677157
8414,21684.026784,1,59132736.7168,0.0198649783842482
8415,21684.046784,2,59132756.864,0.0271313541090417
8416,21684.066784,1,59132776.7168,0.019836293974225
8417,21684.086784,2,59132796.736,0.0271856495994427
8418,21684.106784,1,59132816.8832,0.0198762472596144
8419,21684.126784,2,59132836.736,0.0273362427520643
8420,21684.146784,1,59132856.8192,0.0198383428606552
8421,21684.166784,2,59132876.736,0.0272952650234597
8422,21684.186784,1,59132896.7296,0.01988136947569
8423,21684.206784,2,59132917.0304,0.0273936115721106
8424,21684.226784,1,59132936.7168,0.0197686807220276
8425,21684.246784,2,59132956.7616,0.0271907718155183
8426,21684.266784,1,59132976.7552,0.0198537095088819
8427,21684.286784,2,59132996.7616,0.0272921916938144
8428,21684.306784,1,59133017.1264,0.0198014629049112
8429,21684.326784,2,59133036.7488,0.0271733562808614
8430,21684.346784,1,59133056.9472,0.0198168295531379
8431,21684.366784,2,59133076.7232,0.0271108652447395
8432,21684.386784,1,59133096.7296,0.0198434650767308
8433,21684.406784,2,59133116.8128,0.027106767471879
8434,21684.426784,1,59133136.7424,0.019817853996353
8435,21684.446784,2,59133156.8,0.027079107505071
8436,21684.466784,1,59133176.768,0.0198537095088819
8437,21684.486784,2,59133196.8384,0.0270688630729199
8438,21684.506784,1,59133217.088,0.019799414018481
8439,21684.526784,2,59133236.8128,0.0270401786628967
8440,21684.546784,1,59133257.0752,0.0198844428053353
8441,21684.566784,2,59133276.7744,0.0269623209785482
8442,21684.586784,1,59133296.7936,0.0198383428606552
8443,21684.606784,2,59133317.0304,0.0269664187514086
8444,21684.626784,1,59133336.7808,0.0198465384063761
8445,21684.646784,2,59133356.7744,0.0270780830618559
8446,21684.666784,1,59133376.768,0.0198619050546028
8447,21684.686784,2,59133397.376,0.0270657897432745
8448,21684.706784,1,59133416.9216,0.0198342450877948
8449,21684.726784,2,59133439.3216,0.0272317495441228
8450,21684.746784,1,59133456.8192,0.0198024873481263
8451,21684.766784,2,59133476.8256,0.0271723318376462
8452,21684.786784,1,59133496.8832,0.0198332206445797
8453,21684.806784,2,59133517.0944,0.0272133095662507
8454,21684.826784,1,59133536.8576,0.0198291228717192
8455,21684.846784,2,59133556.8768,0.0272747761591575
8456,21684.866784,1,59133579.0592,0.0198260495420739
8457,21684.886784,2,59133597.3376,0.0273546827299363
8458,21684.906784,1,59133617.0112,0.0198199028827832
8459,21684.926784,2,59133636.8,0.0274847870182556
8460,21684.946784,1,59133656.8704,0.0198485872928064
8461,21684.966784,2,59133676.8,0.0276988956502141
8462,21684.986784,1,59133696.9984,0.019836293974225
8463,21685.006784,2,59133716.8512,0.0277009445366443
8464,21685.026784,1,59133736.8448,0.0198188784395681
8465,21685.046784,2,59133756.928,0.02779826664208
8466,21685.066784,1,59133776.8576,0.019854733952097
8467,21685.086784,2,59133796.8384,0.0277419222652488
8468,21685.106784,1,59133816.9856,0.0198117073370623
8469,21685.126784,2,59133837.1456,0.0277501178109697
8470,21685.146784,1,59133856.8704,0.0198147806667076
8471,21685.166784,2,59133876.8384,0.027779826664208
8472,21685.186784,1,59133896.9472,0.0198117073370623
8473,21685.206784,2,59133916.9024,0.0277091400823652
8474,21685.226784,1,59133937.024,0.0197686807220276
8475,21685.246784,2,59133956.9152,0.0277275800602373
8476,21685.266784,1,59133976.8704,0.019817853996353
8477,21685.286784,2,59133996.928,0.0277552400270453
8478,21685.306784,1,59134016.9472,0.019781998483824
8479,21685.326784,2,59134037.0176,0.0278064621878009
8480,21685.346784,1,59134056.8704,0.0197850718134694
8481,21685.366784,2,59134076.9024,0.0278054377445858
8482,21685.386784,1,59134096.9856,0.019781998483824
8483,21685.406784,2,59134117.0304,0.0278546110189112
8484,21685.426784,1,59134137.2544,0.0197645829491671
8485,21685.446784,2,59134156.9024,0.0279785686479398
8486,21685.466784,1,59134179.264,0.0197871206998996
8487,21685.486784,2,59134197.1712,0.0280021308418874
8488,21685.506784,1,59134217.088,0.019772778494888
8489,21685.526784,2,59134236.9408,0.0282326305652878
8490,21685.546784,1,59134256.9088,0.0197809740406089
8491,21685.566784,2,59134276.9152,0.0284088347982871
8492,21685.586784,1,59134297.1648,0.0197830229270392
8493,21685.606784,2,59134317.0816,0.0285573790644785
8494,21685.626784,1,59134337.1008,0.0198168295531379
8495,21685.646784,2,59134356.9024,0.0285522568484029
8496,21685.666784,1,59134376.9472,0.0197369229823591
8497,21685.686784,2,59134396.8896,0.0283043415903456
8498,21685.706784,1,59134417.2032,0.0197420451984347
8499,21685.726784,2,59134437.2992,0.0282787305099678
8500,21685.746784,1,59134456.9216,0.019763558505952
8501,21685.766784,2,59134476.9024,0.0281885795070379
8502,21685.786784,1,59134496.96,0.0197686807220276
8503,21685.806784,2,59134517.1328,0.0280922818448173
8504,21685.826784,1,59134536.9344,0.0198076095642019
8505,21685.846784,2,59134557.0304,0.0280933062880325
8506,21685.866784,1,59134577.2032,0.0197901940295449
8507,21685.886784,2,59134596.9792,0.0283063904767759
8508,21685.906784,1,59134617.088,0.0198342450877948
8509,21685.926784,2,59134636.928,0.0283944925932756
8510,21685.946784,1,59134656.96,0.0197953162456205
8511,21685.966784,2,59134676.9536,0.028344294875735
8512,21685.986784,1,59134697.1136,0.0197604851763067
8513,21686.006784,2,59134717.1456,0.028234679451718
8514,21686.026784,1,59134737.3312,0.0197195074477022
8515,21686.046784,2,59134756.9664,0.0281998483824042
8516,21686.066784,1,59134776.9728,0.0197604851763067
8517,21686.086784,2,59134797.056,0.0281824328477472
8518,21686.106784,1,59134817.1008,0.0198076095642019
8519,21686.126784,2,59134836.9408,0.028262339418526
8520,21686.146784,1,59134857.0112,0.019799414018481
8521,21686.166784,2,59134876.9792,0.0282018972688344
8522,21686.186784,1,59134897.1264,0.0198045362345565
8523,21686.206784,2,59134917.1328,0.0282213616899215
8524,21686.226784,1,59134937.2544,0.0198137562234925
8525,21686.246784,2,59134956.9792,0.0283043415903456
8526,21686.266784,1,59134977.0368,0.0198117073370623
8527,21686.286784,2,59134997.0048,0.0283944925932756
8528,21686.306784,1,59135017.2544,0.0198045362345565
8529,21686.326784,2,59135037.4144,0.0283115126928514
8530,21686.346784,1,59135057.1904,0.0197563874034462
8531,21686.366784,2,59135077.056,0.0283760526154035
8532,21686.386784,1,59135097.3824,0.0198291228717192
8533,21686.406784,2,59135117.184,0.028243899440654
8534,21686.426784,1,59135136.9856,0.0198526850656668
8535,21686.446784,2,59135157.1584,0.0280851107423116
8536,21686.466784,1,59135177.0752,0.0198199028827832
8537,21686.486784,2,59135197.0816,0.0278966131907308
8538,21686.506784,1,59135216.9856,0.0197779007109636
8539,21686.526784,2,59135237.2224,0.0278187555063823
8540,21686.546784,1,59135257.0624,0.019808634007417
8541,21686.566784,2,59135277.0176,0.0276691867969758
8542,21686.586784,1,59135297.4464,0.0198373184174401
8543,21686.606784,2,59135317.0432,0.0276025979879935
8544,21686.626784,1,59135337.4208,0.0198291228717192
8545,21686.646784,2,59135357.2352,0.0275011781096974
8546,21686.666784,1,59135377.1008,0.0198291228717192
8547,21686.686784,2,59135397.4272,0.027470444813244
8548,21686.706784,1,59135416.9984,0.0198280984285041
8549,21686.726784,2,59135437.2608,0.0273649271620874
8550,21686.746784,1,59135457.0752,0.0198137562234925
8551,21686.766784,2,59135477.376,0.0274100026635524
8552,21686.786784,1,59135497.5616,0.0198004384616961
8553,21686.806784,2,59135517.2224,0.0273444382977852
8554,21686.826784,1,59135537.0496,0.0198608806113877
8555,21686.846784,2,59135557.2352,0.0273987337881861
8556,21686.866784,1,59135577.152,0.0198147806667076
8557,21686.886784,2,59135597.6448,0.0275308869629356
8558,21686.906784,1,59135617.0752,0.0198024873481263
8559,21686.926784,2,59135636.992,0.0275944024422726
8560,21686.946784,1,59135657.088,0.019754338517016
8561,21686.966784,2,59135677.12,0.0276271846251562
8562,21686.986784,1,59135697.0752,0.0197860962566845
8563,21687.006784,2,59135717.2224,0.0275165447579241
8564,21687.026784,1,59135737.152,0.0197471674145102
8565,21687.046784,2,59135757.1584,0.0274335648574999
8566,21687.066784,1,59135777.1136,0.0198168295531379
8567,21687.086784,2,59135797.0944,0.0273874649128199
8568,21687.106784,1,59135817.0624,0.0198117073370623
8569,21687.126784,2,59135837.0944,0.027406929333907
8570,21687.146784,1,59135857.1776,0.0197604851763067
8571,21687.166784,2,59135877.2352,0.0273618538324421
8572,21687.186784,1,59135897.3056,0.0198301473149343
8573,21687.206784,2,59135917.0944,0.0273331694224189
8574,21687.226784,1,59135937.1136,0.0198619050546028
8575,21687.246784,2,59135957.2992,0.0275390825086565
8576,21687.266784,1,59135977.152,0.0198506361792366
8577,21687.286784,2,59135997.3632,0.0275821091236913
8578,21687.306784,1,59136017.3056,0.0197697051652427
8579,21687.326784,2,59136037.0944,0.0275401069518717
8580,21687.346784,1,59136057.28,0.0198014629049112
8581,21687.366784,2,59136077.1072,0.0274397115167906
8582,21687.386784,1,59136097.2544,0.0198199028827832
8583,21687.406784,2,59136117.504,0.0273833671399594
8584,21687.426784,1,59136137.1392,0.0197615096195218
8585,21687.446784,2,59136157.2224,0.0273085827852562
8586,21687.466784,1,59136177.2544,0.0198117073370623
8587,21687.486784,2,59136197.1456,0.0272184317823263
8588,21687.506784,1,59136217.1264,0.0198393673038703
8589,21687.526784,2,59136237.1712,0.0271200852336755
8590,21687.546784,1,59136257.2544,0.0198701006003237
8591,21687.566784,2,59136277.312,0.0271180363472453
8592,21687.586784,1,59136297.216,0.0197860962566845
8593,21687.606784,2,59136317.1712,0.027106767471879
8594,21687.626784,1,59136337.1776,0.0198393673038703
8595,21687.646784,2,59136357.2736,0.0271764296105067
8596,21687.666784,1,59136377.3696,0.0198516606224517
8597,21687.686784,2,59136397.184,0.0271764296105067
8598,21687.706784,1,59136417.1392,0.019817853996353
8599,21687.726784,2,59136437.1584,0.0271436474276231
8600,21687.746784,1,59136457.5104,0.0198690761571086
8601,21687.766784,2,59136477.2864,0.0272215051119716
8602,21687.786784,1,59136497.2672,0.0197983895752658
8603,21687.806784,2,59136517.1712,0.027243018419489
8604,21687.826784,1,59136537.2288,0.0199305427500154
8605,21687.846784,2,59136557.2608,0.0272450673059192
8606,21687.866784,1,59136577.152,0.0198076095642019
8607,21687.886784,2,59136597.2352,0.027170282951216
8608,21687.906784,1,59136617.1776,0.019872149486754
8609,21687.926784,2,59136637.1584,0.0272747761591575
8610,21687.946784,1,59136657.1904,0.0199284938635851
8611,21687.966784,2,59136677.3504,0.0274858114614707
8612,21687.986784,1,59136697.6768,0.0199202983178642
8613,21688.006784,2,59136717.1968,0.0275093736554183
8614,21688.026784,1,59136737.3568,0.019854733952097
8615,21688.046784,2,59136757.2096,0.0274673714835987
8616,21688.066784,1,59136777.3952,0.0199325916364456
8617,21688.086784,2,59136797.6704,0.0275985002151331
8618,21688.106784,1,59136817.1904,0.0198629294978179
8619,21688.126784,2,59136837.4528,0.0276364046140922
8620,21688.146784,1,59136857.216,0.0198957116807015
8621,21688.166784,2,59136877.2864,0.0276876267748479
8622,21688.186784,1,59136897.5104,0.0198926383510562
8623,21688.206784,2,59136917.2352,0.0277183600713012
8624,21688.226784,1,59136937.2288,0.0198434650767308
8625,21688.246784,2,59136957.44,0.0277910955395742
8626,21688.266784,1,59136977.2288,0.0198578072817424
8627,21688.286784,2,59136997.5808,0.0277880222099289
8628,21688.306784,1,59137017.2032,0.0198291228717192
8629,21688.326784,2,59137037.2992,0.0277695822320569
8630,21688.346784,1,59137057.3056,0.0198444895199459
8631,21688.366784,2,59137077.4144,0.0278535865756961
8632,21688.386784,1,59137097.536,0.019836293974225
8633,21688.406784,2,59137117.248,0.0278177310631672
8634,21688.426784,1,59137137.2288,0.0198117073370623
8635,21688.446784,2,59137157.2608,0.0278033888581556
8636,21688.466784,1,59137177.4336,0.0198147806667076
8637,21688.486784,2,59137197.2352,0.0276507468191038
8638,21688.506784,1,59137217.2544,0.0198619050546028
8639,21688.526784,2,59137237.4528,0.0277224578441617
8640,21688.546784,1,59137257.2416,0.0198823939189051
8641,21688.566784,2,59137277.5424,0.0276210379658656
8642,21688.586784,1,59137297.8816,0.0198321962013646
8643,21688.606784,2,59137317.2352,0.0275995246583482
8644,21688.626784,1,59137337.5872,0.0198209273259983
8645,21688.646784,2,59137357.5296,0.0274991292232672
8646,21688.666784,1,59137377.2928,0.0197656073923822
8647,21688.686784,2,59137397.7856,0.0275022025529125
8648,21688.706784,1,59137417.2416,0.0197953162456205
8649,21688.726784,2,59137437.568,0.0275698158051099
8650,21688.746784,1,59137457.3952,0.0198240006556437
8651,21688.766784,2,59137477.2608,0.0276589423648247
8652,21688.786784,1,59137497.408,0.019827073985289
8653,21688.806784,2,59137517.2736,0.0276261601819411
8654,21688.826784,1,59137537.3696,0.0198793205892597
8655,21688.846784,2,59137557.312,0.0276097690904993
8656,21688.866784,1,59137577.4976,0.0198598561681726
8657,21688.886784,2,59137597.6192,0.0276405023869527
8658,21688.906784,1,59137617.2928,0.0198444895199459
8659,21688.926784,2,59137637.3376,0.027606695760854
8660,21688.946784,1,59137657.3824,0.0198209273259983
8661,21688.966784,2,59137677.3248,0.0275022025529125
8662,21688.986784,1,59137697.9072,0.0198598561681726
8663,21689.006784,2,59137717.3632,0.0275237158604299
8664,21689.026784,1,59137737.3184,0.0198916139078411
8665,21689.046784,2,59137757.3632,0.0273966849017559
8666,21689.066784,1,59137777.4336,0.0198834183621202
8667,21689.086784,2,59137797.7856,0.0273956604585408
8668,21689.106784,1,59137817.2928,0.0199141516585736
8669,21689.126784,2,59137837.3504,0.0274602003810929
8670,21689.146784,1,59137857.344,0.0199438605118118
8671,21689.166784,2,59137877.3632,0.0273997582314012
8672,21689.186784,1,59137897.3568,0.0199018583399922
8673,21689.206784,2,59137917.312,0.0273680004917327
8674,21689.226784,1,59137937.344,0.0198332206445797
8675,21689.246784,2,59137957.3504,0.0273997582314012
8676,21689.266784,1,59137977.3696,0.019909029442498
8677,21689.286784,2,59137997.4144,0.0273444382977852
8678,21689.306784,1,59138017.3952,0.0199008338967771
8679,21689.326784,2,59138037.3632,0.0273290716495585
8680,21689.346784,1,59138057.5232,0.0198762472596144
8681,21689.366784,2,59138077.3376,0.027388489356035
8682,21689.386784,1,59138097.3824,0.0198619050546028
8683,21689.406784,2,59138117.3632,0.027397709344971
8684,21689.426784,1,59138137.344,0.0199121027721433
8685,21689.446784,2,59138157.5808,0.0273731227078083
8686,21689.466784,1,59138177.3696,0.0198803450324748
8687,21689.486784,2,59138197.376,0.027306533898826
8688,21689.506784,1,59138217.3568,0.0198864916917655
8689,21689.526784,2,59138237.376,0.0272204806687565
8690,21689.546784,1,59138257.3824,0.0199479582846723
8691,21689.566784,2,59138277.376,0.0273044850123958
8692,21689.586784,1,59138297.3952,0.01992746942037
8693,21689.606784,2,59138317.3504,0.0271764296105067
8694,21689.626784,1,59138337.3696,0.0199428360685967
8695,21689.646784,2,59138357.3248,0.0271825762697974
8696,21689.666784,1,59138377.3952,0.0199305427500154
8697,21689.686784,2,59138397.4144,0.0272040895773147
8698,21689.706784,1,59138417.3568,0.0199202983178642
8699,21689.726784,2,59138437.4016,0.0270852541643617
8700,21689.746784,1,59138457.344,0.0198526850656668
8701,21689.766784,2,59138477.3888,0.0271917962587334
8702,21689.786784,1,59138497.4208,0.0199008338967771
8703,21689.806784,2,59138517.3888,0.0271948695883787
8704,21689.826784,1,59138537.3824,0.0198649783842482
8705,21689.846784,2,59138557.4144,0.0271549163029893
8706,21689.866784,1,59138577.408,0.0199028827832073
8707,21689.886784,2,59138597.44,0.0271047185854488
8708,21689.906784,1,59138617.4208,0.0198383428606552
8709,21689.926784,2,59138637.3504,0.0271047185854488
8710,21689.946784,1,59138657.408,0.0198926383510562
8711,21689.966784,2,59138677.4272,0.0270739852889954
8712,21689.986784,1,59138697.408,0.0198557583953122
8713,21690.006784,2,59138717.4272,0.0272665806134366
8714,21690.026784,1,59138737.4464,0.0198352695310099
8715,21690.046784,2,59138757.504,0.0272727272727273
8716,21690.066784,1,59138777.4336,0.0197707296084578
8717,21690.086784,2,59138797.4272,0.0273413649681398
8718,21690.106784,1,59138817.4208,0.0198280984285041
8719,21690.126784,2,59138837.4272,0.0275718646915401
8720,21690.146784,1,59138857.408,0.0198660028274633
8721,21690.166784,2,59138877.4528,0.0278966131907308
8722,21690.186784,1,59138897.4336,0.0198649783842482
8723,21690.206784,2,59138917.4656,0.0279867641936607
8724,21690.226784,1,59138937.5232,0.019909029442498
8725,21690.246784,2,59138957.4528,0.0278750998832135
8726,21690.266784,1,59138977.4464,0.0198639539410331
8727,21690.286784,2,59138997.4784,0.0276845534452025
8728,21690.306784,1,59139017.4336,0.0198537095088819
8729,21690.326784,2,59139037.4528,0.0276394779437376
8730,21690.346784,1,59139057.4848,0.0198690761571086
8731,21690.366784,2,59139077.4784,0.0275298625197205
8732,21690.386784,1,59139097.5232,0.0198332206445797
8733,21690.406784,2,59139117.4912,0.0274376626303604
8734,21690.426784,1,59139137.4464,0.0198639539410331
8735,21690.446784,2,59139157.5296,0.0273833671399594
8736,21690.466784,1,59139177.4848,0.0199192738746491
8737,21690.486784,2,59139197.5552,0.0272491650787797
8738,21690.506784,1,59139217.4848,0.0198516606224517
8739,21690.526784,2,59139237.504,0.0273178027741922
8740,21690.546784,1,59139257.4848,0.0198496117360215
8741,21690.566784,2,59139277.5552,0.0273505849570758
8742,21690.586784,1,59139297.472,0.0198567828385273
8743,21690.606784,2,59139317.504,0.0273987337881861
8744,21690.626784,1,59139337.5232,0.0198117073370623
8745,21690.646784,2,59139357.4784,0.0272932161370295
8746,21690.666784,1,59139377.4976,0.0198321962013646
8747,21690.686784,2,59139397.5936,0.027388489356035
8748,21690.706784,1,59139417.5616,0.0198752228163993
8749,21690.726784,2,59139437.5424,0.0273731227078083
8750,21690.746784,1,59139457.5104,0.0198762472596144
8751,21690.766784,2,59139477.5168,0.0273905382424652
8752,21690.786784,1,59139497.6768,0.0197953162456205
8753,21690.806784,2,59139517.5168,0.0274212715389186
8754,21690.826784,1,59139537.4976,0.0198588317249575
8755,21690.846784,2,59139557.5296,0.0273823426967443
8756,21690.866784,1,59139577.4848,0.0199213227610794
8757,21690.886784,2,59139597.6832,0.0273516094002909
8758,21690.906784,1,59139617.5488,0.0198772717028295
8759,21690.926784,2,59139637.5552,0.0272481406355646
8760,21690.946784,1,59139657.536,0.0198321962013646
8761,21690.966784,2,59139677.5424,0.0270801319482861
8762,21690.986784,1,59139697.7024,0.0198444895199459
8763,21691.006784,2,59139717.5552,0.0270924252668675
8764,21691.026784,1,59139737.5488,0.0197697051652427
8765,21691.046784,2,59139757.5168,0.0270811563915012
8766,21691.066784,1,59139777.5872,0.0197748273813183
8767,21691.086784,2,59139797.6064,0.02729731390989
8768,21691.106784,1,59139817.5488,0.0197973651320507
8769,21691.126784,2,59139837.5424,0.0273731227078083
8770,21691.146784,1,59139857.6,0.0197983895752658
8771,21691.166784,2,59139877.5552,0.0273362427520643
8772,21691.186784,1,59139898.1376,0.0197840473702543
8773,21691.206784,2,59139917.76,0.0273690249349479
8774,21691.226784,1,59139937.5616,0.0197697051652427
8775,21691.246784,2,59139957.5936,0.0273966849017559
8776,21691.266784,1,59139977.6,0.0197953162456205
8777,21691.286784,2,59139997.5936,0.0274397115167906
8778,21691.306784,1,59140017.5872,0.0198035117913414
8779,21691.326784,2,59140037.5936,0.0274653225971684
8780,21691.346784,1,59140057.5872,0.0198311717581494
8781,21691.366784,2,59140077.6192,0.0275267891900752
8782,21691.386784,1,59140097.6768,0.0198106828938472
8783,21691.406784,2,59140117.6448,0.0274847870182556
8784,21691.426784,1,59140137.5616,0.0198219517692134
8785,21691.446784,2,59140157.5808,0.0274714692564591
8786,21691.466784,1,59140177.5744,0.0197942918024054
8787,21691.486784,2,59140198.1056,0.0276025979879935
8788,21691.506784,1,59140217.7152,0.0198106828938472
8789,21691.526784,2,59140237.5808,0.0275872313397668
8790,21691.546784,1,59140257.6,0.0198731739299691
8791,21691.566784,2,59140277.7088,0.027543180281517
8792,21691.586784,1,59140297.7664,0.0198280984285041
8793,21691.606784,2,59140317.6192,0.027524740303645
8794,21691.626784,1,59140337.5872,0.0198731739299691
8795,21691.646784,2,59140357.5936,0.0275483024975926
8796,21691.666784,1,59140377.6,0.0198701006003237
8797,21691.686784,2,59140397.6064,0.0275749380211855
8798,21691.706784,1,59140417.6768,0.019890589464626
8799,21691.726784,2,59140437.6064,0.0275472780543774
8800,21691.746784,1,59140457.6256,0.0198035117913414
8801,21691.766784,2,59140477.632,0.0274950314504067
8802,21691.786784,1,59140497.6512,0.0198537095088819
8803,21691.806784,2,59140517.6448,0.0275257647468601
8804,21691.826784,1,59140537.6128,0.0198854672485504
8805,21691.846784,2,59140557.6192,0.0274909336775463
8806,21691.866784,1,59140577.6512,0.0199028827832073
8807,21691.886784,2,59140597.7216,0.0274827381318254
8808,21691.906784,1,59140617.6896,0.01988136947569
8809,21691.926784,2,59140637.632,0.0274438092896511
8810,21691.946784,1,59140657.6256,0.0197922429159752
8811,21691.966784,2,59140677.7472,0.0274561026082324
8812,21691.986784,1,59140697.7408,0.0198578072817424
8813,21692.006784,2,59140717.7472,0.0274110271067675
8814,21692.026784,1,59140737.6384,0.0198055606777716
8815,21692.046784,2,59140757.696,0.0274632737107382
8816,21692.066784,1,59140777.6512,0.0197799495973938
8817,21692.086784,2,59140797.6576,0.027533960292581
8818,21692.106784,1,59140817.6896,0.0197922429159752
8819,21692.126784,2,59140837.6576,0.0276097690904993
8820,21692.146784,1,59140857.6896,0.0197615096195218
8821,21692.166784,2,59140877.6448,0.0276568934783945
8822,21692.186784,1,59140897.6768,0.0197584362898765
8823,21692.206784,2,59140917.7216,0.0277142622984408
8824,21692.226784,1,59140937.664,0.0197901940295449
8825,21692.246784,2,59140957.6832,0.0277152867416559
8826,21692.266784,1,59140977.6512,0.0197246296637777
8827,21692.286784,2,59140997.6832,0.0275964513287029
8828,21692.306784,1,59141017.7408,0.0197840473702543
8829,21692.326784,2,59141037.696,0.0274417604032209
8830,21692.346784,1,59141057.7152,0.0198414161903006
8831,21692.366784,2,59141077.6704,0.0273731227078083
8832,21692.386784,1,59141097.7024,0.0197901940295449
8833,21692.406784,2,59141117.7344,0.027397709344971
8834,21692.426784,1,59141137.6768,0.0197717540516729
8835,21692.446784,2,59141157.7216,0.0273741471510234
8836,21692.466784,1,59141177.6896,0.0198485872928064
8837,21692.486784,2,59141197.8624,0.0274263937549942
8838,21692.506784,1,59141217.7024,0.0198076095642019
8839,21692.526784,2,59141237.7856,0.0272778494888028
8840,21692.546784,1,59141257.7152,0.0198188784395681
8841,21692.566784,2,59141277.696,0.0273270227631282
8842,21692.586784,1,59141297.7536,0.0197256541069929
8843,21692.606784,2,59141317.7088,0.0273198516606225
8844,21692.626784,1,59141337.728,0.0197901940295449
8845,21692.646784,2,59141357.696,0.0273454627410003
8846,21692.666784,1,59141377.728,0.0197697051652427
8847,21692.686784,2,59141397.7472,0.0271743807240765
8848,21692.706784,1,59141417.856,0.0198291228717192
8849,21692.726784,2,59141437.7216,0.0271825762697974
8850,21692.746784,1,59141457.7152,0.019808634007417
8851,21692.766784,2,59141477.7216,0.0272348228737681
8852,21692.786784,1,59141497.7408,0.0198516606224517
8853,21692.806784,2,59141517.7728,0.0272491650787797
8854,21692.826784,1,59141537.7664,0.0197942918024054
8855,21692.846784,2,59141557.76,0.0272204806687565
8856,21692.866784,1,59141577.728,0.0198004384616961
8857,21692.886784,2,59141597.888,0.0272583850677157
8858,21692.906784,1,59141617.792,0.0197604851763067
8859,21692.926784,2,59141637.7728,0.0272758006023726
8860,21692.946784,1,59141657.7536,0.019872149486754
8861,21692.966784,2,59141677.7856,0.0272727272727273
8862,21692.986784,1,59141697.9072,0.0197850718134694
8863,21693.006784,2,59141717.8496,0.0273188272174073
8864,21693.026784,1,59141737.7664,0.0197738029381031
8865,21693.046784,2,59141757.8112,0.0274356137439302
8866,21693.066784,1,59141777.8816,0.0198260495420739
8867,21693.086784,2,59141797.8112,0.0274489315057266
8868,21693.106784,1,59141817.8176,0.0197779007109636
8869,21693.126784,2,59141837.8368,0.0274376626303604
8870,21693.146784,1,59141857.7664,0.0197717540516729
8871,21693.166784,2,59141877.8112,0.0274683959268138
8872,21693.186784,1,59141897.8688,0.0198403917470855
8873,21693.206784,2,59141917.7984,0.0274089782203372
8874,21693.226784,1,59141937.8432,0.0198291228717192
8875,21693.246784,2,59141957.7856,0.0274376626303604
8876,21693.266784,1,59141977.7792,0.0197779007109636
8877,21693.286784,2,59141997.8368,0.027406929333907
8878,21693.306784,1,59142017.8176,0.0197973651320507
8879,21693.326784,2,59142037.7984,0.0273751715942385
8880,21693.346784,1,59142057.856,0.0198485872928064
8881,21693.366784,2,59142077.76,0.0272542872948552
8882,21693.386784,1,59142097.8304,0.0198055606777716
8883,21693.406784,2,59142117.9008,0.0272665806134366
8884,21693.426784,1,59142137.8048,0.0197615096195218
8885,21693.446784,2,59142157.8752,0.0273495605138607
8886,21693.466784,1,59142177.8176,0.0198629294978179
8887,21693.486784,2,59142197.8112,0.0273085827852562
8888,21693.506784,1,59142217.9456,0.0197922429159752
8889,21693.526784,2,59142237.824,0.027233798430553
8890,21693.546784,1,59142257.8176,0.0198250250988588
8891,21693.566784,2,59142277.8496,0.0272553117380704
8892,21693.586784,1,59142297.856,0.0198311717581494
8893,21693.606784,2,59142317.8368,0.02716106296228
8894,21693.626784,1,59142337.8944,0.0198024873481263
8895,21693.646784,2,59142357.824,0.0271876984858729
8896,21693.666784,1,59142377.8432,0.0197983895752658
8897,21693.686784,2,59142397.952,0.0271036941422337
8898,21693.706784,1,59142418.0096,0.0198578072817424
8899,21693.726784,2,59142437.9776,0.0271733562808614
8900,21693.746784,1,59142457.8432,0.0197615096195218
8901,21693.766784,2,59142477.8368,0.0272133095662507
8902,21693.786784,1,59142498.2656,0.0197666318355974
8903,21693.806784,2,59142517.9648,0.0273024361259655
8904,21693.826784,1,59142537.9584,0.0198168295531379
8905,21693.846784,2,59142557.8752,0.0272378962034134
8906,21693.866784,1,59142577.8688,0.01974511852808
8907,21693.886784,2,59142598.08,0.0271754051672916
8908,21693.906784,1,59142617.8816,0.019772778494888
8909,21693.926784,2,59142638.0288,0.0271620874054951
8910,21693.946784,1,59142657.8816,0.0197758518245334
8911,21693.966784,2,59142677.8752,0.0271743807240765
8912,21693.986784,1,59142697.9712,0.0198147806667076
8913,21694.006784,2,59142717.9264,0.0271672096215707
8914,21694.026784,1,59142738.0864,0.0197809740406089
8915,21694.046784,2,59142757.888,0.0271641362919253
8916,21694.066784,1,59142777.856,0.0198065851209867
8917,21694.086784,2,59142798.016,0.0270914008236523
8918,21694.106784,1,59142817.9072,0.0198762472596144
8919,21694.126784,2,59142837.9776,0.0271200852336755
8920,21694.146784,1,59142857.9072,0.0197738029381031
8921,21694.166784,2,59142878.016,0.0271190607904604
8922,21694.186784,1,59142897.9456,0.0198188784395681
8923,21694.206784,2,59142917.9136,0.0271600385190649
8924,21694.226784,1,59142937.9968,0.0198199028827832
8925,21694.246784,2,59142957.9264,0.0271579896326347
8926,21694.266784,1,59142977.9328,0.0198578072817424
8927,21694.286784,2,59142998.1312,0.0271538918597742
8928,21694.306784,1,59143017.9584,0.01988136947569
8929,21694.326784,2,59143038.1056,0.0271231585633208
8930,21694.346784,1,59143057.92,0.0197932673591903
8931,21694.366784,2,59143077.9136,0.0270811563915012
8932,21694.386784,1,59143098.0608,0.0198188784395681
8933,21694.406784,2,59143117.9776,0.0271467207572684
8934,21694.426784,1,59143138.0096,0.019808634007417
8935,21694.446784,2,59143157.9392,0.0271723318376462
8936,21694.466784,1,59143177.9328,0.0197850718134694
8937,21694.486784,2,59143198.0672,0.0271559407462044
8938,21694.506784,1,59143217.984,0.019827073985289
8939,21694.526784,2,59143238.0032,0.027188722929088
8940,21694.546784,1,59143257.9456,0.0197932673591903
8941,21694.566784,2,59143278.1696,0.0269776876267748
8942,21694.586784,1,59143298.1504,0.0197912184727601
8943,21694.606784,2,59143317.9904,0.027006372036798
8944,21694.626784,1,59143338.0352,0.019854733952097
8945,21694.646784,2,59143357.9904,0.0270289097875305
8946,21694.666784,1,59143378.0096,0.0197758518245334
8947,21694.686784,2,59143398.1184,0.0270483742086176
8948,21694.706784,1,59143418.0608,0.0198690761571086
8949,21694.726784,2,59143438.272,0.027170282951216
8950,21694.746784,1,59143458.0096,0.0198567828385273
8951,21694.766784,2,59143477.9904,0.027170282951216
8952,21694.786784,1,59143498.0736,0.0197973651320507
8953,21694.806784,2,59143518.0416,0.0270770586186408
8954,21694.826784,1,59143538.1632,0.0198649783842482
8955,21694.846784,2,59143558.0544,0.0270534964246932
8956,21694.866784,1,59143578.0224,0.0198260495420739
8957,21694.886784,2,59143598.1952,0.0270780830618559
8958,21694.906784,1,59143618.0608,0.019845513963161
8959,21694.926784,2,59143638.1696,0.0269592476489028
8960,21694.946784,1,59143658.0224,0.0198875161349806
8961,21694.966784,2,59143678.0032,0.0269110988177925
8962,21694.986784,1,59143698.0992,0.0198158051099228
8963,21695.006784,2,59143718.1056,0.0271344274386871
8964,21695.026784,1,59143738.112,0.0198076095642019
8965,21695.046784,2,59143758.0416,0.0270196897985945
8966,21695.066784,1,59143778.1376,0.0198516606224517
8967,21695.086784,2,59143798.1568,0.0270371053332514
8968,21695.106784,1,59143818.3168,0.0198168295531379
8969,21695.126784,2,59143838.0672,0.0271538918597742
8970,21695.146784,1,59143858.048,0.0198045362345565
8971,21695.166784,2,59143878.1184,0.027252238408425
8972,21695.186784,1,59143898.24,0.0198393673038703
8973,21695.206784,2,59143918.0544,0.027370049378163
8974,21695.226784,1,59143938.0864,0.0198393673038703
8975,21695.246784,2,59143958.1056,0.0273690249349479
8976,21695.266784,1,59143978.112,0.0198117073370623
8977,21695.286784,2,59143998.1696,0.0273403405249247
8978,21695.306784,1,59144018.1376,0.0197738029381031
8979,21695.326784,2,59144038.08,0.0272112606798205
8980,21695.346784,1,59144058.0864,0.0198383428606552
8981,21695.366784,2,59144078.2336,0.0272368717601983
8982,21695.386784,1,59144098.304,0.0198199028827832
8983,21695.406784,2,59144118.1312,0.0272256028848321
8984,21695.426784,1,59144138.1504,0.0197922429159752
8985,21695.446784,2,59144158.1056,0.0271467207572684
8986,21695.466784,1,59144178.2272,0.0198516606224517
8987,21695.486784,2,59144198.1824,0.0271190607904604
8988,21695.506784,1,59144218.2656,0.0198629294978179
8989,21695.526784,2,59144238.1184,0.0271395496547626
8990,21695.546784,1,59144258.1888,0.0198885405781957
8991,21695.566784,2,59144278.1056,0.0271190607904604
8992,21695.586784,1,59144298.1632,0.0198967361239166
8993,21695.606784,2,59144318.1824,0.0271620874054951
8994,21695.626784,1,59144338.1248,0.0198158051099228
8995,21695.646784,2,59144358.1056,0.0271354518819022
8996,21695.666784,1,59144378.1504,0.0198352695310099
8997,21695.686784,2,59144398.4256,0.0270985719261581
8998,21695.706784,1,59144418.2272,0.0198588317249575
8999,21695.726784,2,59144438.144,0.0272215051119716
9000,21695.746784,1,59144458.1504,0.0199141516585736
9001,21695.766784,2,59144478.1184,0.0271825762697974
9002,21695.786784,1,59144498.176,0.0198844428053353
9003,21695.806784,2,59144518.1184,0.0272573606245006
9004,21695.826784,1,59144538.176,0.0198219517692134
9005,21695.846784,2,59144558.1312,0.0273895137992501
9006,21695.866784,1,59144578.2784,0.0198608806113877
9007,21695.886784,2,59144598.144,0.0274653225971684
9008,21695.906784,1,59144618.1376,0.0198701006003237
9009,21695.926784,2,59144638.1568,0.0275769869076157
9010,21695.946784,1,59144658.1632,0.0198957116807015
9011,21695.966784,2,59144678.2464,0.0275103980986334
9012,21695.986784,1,59144698.3552,0.019909029442498
9013,21696.006784,2,59144718.1568,0.0273280472063434
9014,21696.026784,1,59144738.3808,0.019836293974225
9015,21696.046784,2,59144758.3488,0.0272962894666749
9016,21696.066784,1,59144778.176,0.0198598561681726
9017,21696.086784,2,59144798.6944,0.0272839961480935
9018,21696.106784,1,59144818.2016,0.0198588317249575
9019,21696.126784,2,59144838.2976,0.0272809228184482
9020,21696.146784,1,59144858.1888,0.0199121027721433
9021,21696.166784,2,59144878.1952,0.0272962894666749
9022,21696.186784,1,59144898.2144,0.0198772717028295
9023,21696.206784,2,59144918.144,0.0272952650234597
9024,21696.226784,1,59144938.1888,0.0198496117360215
9025,21696.246784,2,59144958.3104,0.0272368717601983
9026,21696.266784,1,59144978.2272,0.0199202983178642
9027,21696.286784,2,59144998.3744,0.027170282951216
9028,21696.306784,1,59145018.432,0.0197983895752658
9029,21696.326784,2,59145038.2592,0.0272317495441228
9030,21696.346784,1,59145058.2272,0.0198526850656668
9031,21696.366784,2,59145078.1952,0.0271958940315938
9032,21696.386784,1,59145098.7648,0.0198506361792366
9033,21696.406784,2,59145118.272,0.0271764296105067
9034,21696.426784,1,59145138.2016,0.0198598561681726
9035,21696.446784,2,59145158.272,0.0271815518265823
9036,21696.466784,1,59145178.2656,0.0198844428053353
9037,21696.486784,2,59145198.5536,0.0272563361812855
9038,21696.506784,1,59145218.3424,0.0198608806113877
9039,21696.526784,2,59145238.272,0.027360829389227
9040,21696.546784,1,59145258.304,0.0198250250988588
9041,21696.566784,2,59145278.3104,0.0272573606245006
9042,21696.586784,1,59145298.5088,0.0198772717028295
9043,21696.606784,2,59145318.3616,0.0272665806134366
9044,21696.626784,1,59145338.2272,0.0198557583953122
9045,21696.646784,2,59145358.336,0.0273024361259655
9046,21696.666784,1,59145378.2912,0.019872149486754
9047,21696.686784,2,59145398.4384,0.0272839961480935
9048,21696.706784,1,59145418.3424,0.0198526850656668
9049,21696.726784,2,59145438.3872,0.0271600385190649
9050,21696.746784,1,59145458.24,0.0198373184174401
9051,21696.766784,2,59145478.3616,0.0272081873501752
9052,21696.786784,1,59145498.6368,0.0198444895199459
9053,21696.806784,2,59145518.3872,0.0271897473723032
9054,21696.826784,1,59145538.3168,0.0198608806113877
9055,21696.846784,2,59145558.2592,0.0271958940315938
9056,21696.866784,1,59145578.3168,0.0198352695310099
9057,21696.886784,2,59145598.6176,0.0271405740979777
9058,21696.906784,1,59145618.3808,0.0198117073370623
9059,21696.926784,2,59145638.2464,0.0271436474276231
9060,21696.946784,1,59145658.3808,0.0198496117360215
9061,21696.966784,2,59145678.3872,0.0272174073391112
9062,21696.986784,1,59145698.5216,0.01988136947569
9063,21697.006784,2,59145718.3488,0.0272911672505993
9064,21697.026784,1,59145738.3168,0.0198076095642019
9065,21697.046784,2,59145758.336,0.0274007826746163
9066,21697.066784,1,59145778.3296,0.0198147806667076
9067,21697.086784,2,59145798.6688,0.0274315159710697
9068,21697.106784,1,59145818.3296,0.0197983895752658
9069,21697.126784,2,59145838.2976,0.0273680004917327
9070,21697.146784,1,59145858.4192,0.0198526850656668
9071,21697.166784,2,59145878.3232,0.027406929333907
9072,21697.186784,1,59145898.4704,0.0197942918024054
9073,21697.206784,2,59145918.3616,0.0273239494334829
9074,21697.226784,1,59145938.3936,0.0198065851209867
9075,21697.246784,2,59145958.4128,0.0273516094002909
9076,21697.266784,1,59145978.3168,0.0198137562234925
9077,21697.286784,2,59145998.5792,0.0272901428073842
9078,21697.306784,1,59146018.4832,0.0197707296084578
9079,21697.326784,2,59146038.4,0.0272419939762739
9080,21697.346784,1,59146058.4576,0.0198137562234925
9081,21697.366784,2,59146078.5152,0.0271385252115475
9082,21697.386784,1,59146098.4704,0.0197686807220276
9083,21697.406784,2,59146118.3744,0.0271344274386871
9084,21697.426784,1,59146138.4064,0.0198424406335157
9085,21697.446784,2,59146158.3616,0.0271118896879546
9086,21697.466784,1,59146178.496,0.0198035117913414
9087,21697.486784,2,59146198.5024,0.0270944741532977
9088,21697.506784,1,59146218.3808,0.0198598561681726
9089,21697.526784,2,59146238.464,0.0270145675825189
9090,21697.546784,1,59146258.5344,0.0198526850656668
9091,21697.566784,2,59146278.7712,0.027088327494007
9092,21697.586784,1,59146298.816,0.0197963406888356
9093,21697.606784,2,59146318.5536,0.027069887516135
9094,21697.626784,1,59146338.3424,0.0198117073370623
9095,21697.646784,2,59146358.4896,0.0271733562808614
9096,21697.666784,1,59146378.4064,0.0198619050546028
9097,21697.686784,2,59146398.5536,0.0271375007683324
9098,21697.706784,1,59146418.3296,0.0198578072817424
9099,21697.726784,2,59146438.4768,0.0271754051672916
9100,21697.746784,1,59146458.3168,0.0198680517138935
9101,21697.766784,2,59146478.3744,0.0271672096215707
9102,21697.786784,1,59146498.5728,0.0198301473149343
9103,21697.806784,2,59146518.3488,0.0272071629069601
9104,21697.826784,1,59146538.432,0.0198619050546028
9105,21697.846784,2,59146558.4896,0.0272378962034134
9106,21697.866784,1,59146578.432,0.0198496117360215
9107,21697.886784,2,59146598.4,0.0273813182535292
9108,21697.906784,1,59146618.3936,0.0198967361239166
9109,21697.926784,2,59146638.3872,0.0274386870735755
9110,21697.946784,1,59146658.4576,0.0198660028274633
9111,21697.966784,2,59146678.3616,0.0275810846804762
9112,21697.986784,1,59146698.6368,0.0198629294978179
9113,21698.006784,2,59146718.3616,0.0275831335669064
9114,21698.026784,1,59146738.3808,0.0199151761017887
9115,21698.046784,2,59146758.4256,0.0275319114061508
9116,21698.066784,1,59146778.4192,0.0198793205892597
9117,21698.086784,2,59146798.4896,0.0275739135779704
9118,21698.106784,1,59146818.5472,0.019872149486754
9119,21698.126784,2,59146838.4128,0.0275442047247321
9120,21698.146784,1,59146858.4448,0.0197840473702543
9121,21698.166784,2,59146878.3872,0.0275513758272379
9122,21698.186784,1,59146898.4192,0.0198127317802774
9123,21698.206784,2,59146918.5536,0.0275585469297437
9124,21698.226784,1,59146938.3936,0.0198188784395681
9125,21698.246784,2,59146958.3872,0.0274325404142848
9126,21698.266784,1,59146978.6112,0.0197717540516729
9127,21698.286784,2,59146998.6688,0.0273936115721106
9128,21698.306784,1,59147018.624,0.0198117073370623
9129,21698.326784,2,59147038.5024,0.0273772204806688
9130,21698.346784,1,59147058.4064,0.0197686807220276
9131,21698.366784,2,59147078.4512,0.0272450673059192
9132,21698.386784,1,59147098.4832,0.0197789251541787
9133,21698.406784,2,59147118.5792,0.0272286762144774
9134,21698.426784,1,59147138.4192,0.0198916139078411
9135,21698.446784,2,59147158.4128,0.0272460917491343
9136,21698.466784,1,59147178.4576,0.0197594607330916
9137,21698.486784,2,59147198.5152,0.0273024361259655
9138,21698.506784,1,59147218.5088,0.0197789251541787
9139,21698.526784,2,59147238.528,0.0271948695883787
9140,21698.546784,1,59147258.56,0.0197666318355974
9141,21698.566784,2,59147278.4256,0.0272276517712623
9142,21698.586784,1,59147298.4576,0.0197748273813183
9143,21698.606784,2,59147318.5024,0.0272399450898437
9144,21698.626784,1,59147338.4576,0.0197799495973938
9145,21698.646784,2,59147358.4256,0.0274171737660581
9146,21698.666784,1,59147378.4576,0.0197748273813183
9147,21698.686784,2,59147398.6688,0.0275636691458192
9148,21698.706784,1,59147418.5728,0.0198229762124285
9149,21698.726784,2,59147438.4512,0.0280881840719569
9150,21698.746784,1,59147458.4704,0.0197246296637777
9151,21698.766784,2,59147478.5152,0.0283740037289733
9152,21698.786784,1,59147498.5344,0.0198250250988588
9153,21698.806784,2,59147518.6048,0.0283248304546479
9154,21698.826784,1,59147538.4704,0.0197461429712951
9155,21698.846784,2,59147558.464,0.0284211281168685
9156,21698.866784,1,59147578.56,0.0197563874034462
9157,21698.886784,2,59147598.4896,0.0286055278955887
9158,21698.906784,1,59147618.5472,0.0197717540516729
9159,21698.926784,2,59147638.464,0.0289128608601225
9160,21698.946784,1,59147658.6496,0.0197645829491671
9161,21698.966784,2,59147678.4768,0.0290521851373778
9162,21698.986784,1,59147698.6624,0.0197553629602311
9163,21699.006784,2,59147718.5152,0.0292519515643248
9164,21699.026784,1,59147738.6496,0.0197625340627369
9165,21699.046784,2,59147758.5408,0.0292038027332145
9166,21699.066784,1,59147778.4832,0.0198352695310099
9167,21699.086784,2,59147798.7712,0.0290409162620116
9168,21699.106784,1,59147818.5472,0.0198004384616961
9169,21699.126784,2,59147838.6048,0.0289220808490585
9170,21699.146784,1,59147858.4832,0.0197707296084578
9171,21699.166784,2,59147878.5024,0.0289825229987502
9172,21699.186784,1,59147898.6624,0.0197656073923822
9173,21699.206784,2,59147918.528,0.0288513942672158
9174,21699.226784,1,59147938.7904,0.0197891695863298
9175,21699.246784,2,59147958.5152,0.0289056897576167
9176,21699.266784,1,59147978.5088,0.0198076095642019
9177,21699.286784,2,59147998.8864,0.028935398610855
9178,21699.306784,1,59148018.5472,0.0197195074477022
9179,21699.326784,2,59148038.5408,0.0289784252258897
9180,21699.346784,1,59148058.5728,0.0197615096195218
9181,21699.366784,2,59148078.5152,0.0288032454361055
9182,21699.386784,1,59148098.624,0.0197932673591903
9183,21699.406784,2,59148118.6432,0.0286885077960129
9184,21699.426784,1,59148138.5472,0.0197645829491671
9185,21699.446784,2,59148158.5536,0.0283821992746942
9186,21699.466784,1,59148178.7008,0.019781998483824
9187,21699.486784,2,59148198.7328,0.0281855061773926
9188,21699.506784,1,59148218.6496,0.0197768762677485
9189,21699.526784,2,59148238.592,0.0281137951523347
9190,21699.546784,1,59148258.7136,0.0198311717581494
9191,21699.566784,2,59148278.5664,0.0278884176450099
9192,21699.586784,1,59148298.6624,0.0197922429159752
9193,21699.606784,2,59148318.6048,0.0277624111295511
9194,21699.626784,1,59148338.5984,0.0198260495420739
9195,21699.646784,2,59148358.6048,0.0275503513840228
9196,21699.666784,1,59148378.624,0.0198117073370623
9197,21699.686784,2,59148398.656,0.0276825045587723
9198,21699.706784,1,59148418.6112,0.0198772717028295
9199,21699.726784,2,59148438.6304,0.0275769869076157
9200,21699.746784,1,59148458.5984,0.0197666318355974
9201,21699.766784,2,59148478.6432,0.0274765914725347
9202,21699.786784,1,59148498.7904,0.0197942918024054
9203,21699.806784,2,59148518.6176,0.0274356137439302
9204,21699.826784,1,59148538.7392,0.0198168295531379
9205,21699.846784,2,59148558.656,0.0274294670846395
9206,21699.866784,1,59148578.5984,0.019799414018481
9207,21699.886784,2,59148598.7328,0.0273137050013318
9208,21699.906784,1,59148618.6496,0.0198321962013646
9209,21699.926784,2,59148638.6688,0.0273372671952794
9210,21699.946784,1,59148658.6752,0.0198004384616961
9211,21699.966784,2,59148678.6432,0.0273229249902678
9212,21699.986784,1,59148698.9056,0.0198393673038703
9213,21700.006784,2,59148718.6688,0.0273946360153257
9214,21700.026784,1,59148738.6368,0.0197953162456205
9215,21700.046784,2,59148758.5792,0.027406929333907
9216,21700.066784,1,59148778.6496,0.0197881451431147
9217,21700.086784,2,59148798.8224,0.0275073247689881
9218,21700.106784,1,59148818.6752,0.019845513963161
9219,21700.126784,2,59148838.6304,0.0275923535558424
9220,21700.146784,1,59148858.624,0.0198701006003237
9221,21700.166784,2,59148878.72,0.0275380580654414
9222,21700.186784,1,59148898.9312,0.0198158051099228
9223,21700.206784,2,59148918.6688,0.0274960558936218
9224,21700.226784,1,59148938.7264,0.0197697051652427
9225,21700.246784,2,59148958.6432,0.0275401069518717
9226,21700.266784,1,59148978.7392,0.019799414018481
9227,21700.286784,2,59148998.7328,0.0275636691458192
9228,21700.306784,1,59149018.7264,0.0197881451431147
9229,21700.326784,2,59149038.7456,0.0276046468744237
9230,21700.346784,1,59149058.7392,0.0197840473702543
9231,21700.366784,2,59149078.72,0.0275544491568832
9232,21700.386784,1,59149098.8928,0.0197297518798533
9233,21700.406784,2,59149118.7328,0.0274847870182556
9234,21700.426784,1,59149138.6624,0.0198383428606552
9235,21700.446784,2,59149158.7328,0.0274407359600057
9236,21700.466784,1,59149178.8288,0.0198711250435388
9237,21700.486784,2,59149199.1168,0.0273946360153257
9238,21700.506784,1,59149218.7008,0.0197840473702543
9239,21700.526784,2,59149238.784,0.0272901428073842
9240,21700.546784,1,59149258.6752,0.0197676562788125
9241,21700.566784,2,59149278.72,0.0272594095109308
9242,21700.586784,1,59149298.9056,0.0198024873481263
9243,21700.606784,2,59149318.7072,0.027306533898826
9244,21700.626784,1,59149338.9056,0.0198229762124285
9245,21700.646784,2,59149358.7456,0.0273618538324421
9246,21700.666784,1,59149378.7136,0.0198608806113877
9247,21700.686784,2,59149398.9504,0.0274345893007151
9248,21700.706784,1,59149418.752,0.0198557583953122
9249,21700.726784,2,59149438.7584,0.0275452291679472
9250,21700.746784,1,59149458.7136,0.0198260495420739
9251,21700.766784,2,59149478.7584,0.0274745425861045
9252,21700.786784,1,59149499.008,0.0197799495973938
9253,21700.806784,2,59149518.7456,0.0274735181428893
9254,21700.826784,1,59149538.7136,0.0198260495420739
9255,21700.846784,2,59149558.8224,0.0275288380765054
9256,21700.866784,1,59149578.752,0.0197779007109636
9257,21700.886784,2,59149599.0784,0.0275769869076157
9258,21700.906784,1,59149618.8416,0.019836293974225
9259,21700.926784,2,59149638.72,0.0276333312844469
9260,21700.946784,1,59149658.8032,0.0198977605671318
9261,21700.966784,2,59149678.7456,0.0277501178109697
9262,21700.986784,1,59149698.8672,0.0198332206445797
9263,21701.006784,2,59149718.8992,0.0277316778330977
9264,21701.026784,1,59149738.7904,0.0198311717581494
9265,21701.046784,2,59149758.7456,0.0277572889134755
9266,21701.066784,1,59149778.7776,0.0198219517692134
9267,21701.086784,2,59149798.8352,0.0276364046140922
9268,21701.106784,1,59149818.8544,0.0197942918024054
9269,21701.126784,2,59149838.7584,0.0275411313950868
9270,21701.146784,1,59149858.7264,0.0198301473149343
9271,21701.166784,2,59149878.8352,0.0275759624644006
9272,21701.186784,1,59149898.944,0.0198711250435388
9273,21701.206784,2,59149918.7712,0.0276640645809003
9274,21701.226784,1,59149938.7904,0.0198424406335157
9275,21701.246784,2,59149958.784,0.0275278136332903
9276,21701.266784,1,59149978.7904,0.0198936627942713
9277,21701.286784,2,59149999.04,0.0275237158604299
9278,21701.306784,1,59150018.7776,0.0198854672485504
9279,21701.326784,2,59150038.7712,0.0275216669739996
9280,21701.346784,1,59150058.7904,0.0198496117360215
9281,21701.366784,2,59150078.7328,0.0275370336222263
9282,21701.386784,1,59150099.0464,0.019854733952097
9283,21701.406784,2,59150118.8096,0.0275851824533366
9284,21701.426784,1,59150138.7904,0.0198782961460446
9285,21701.446784,2,59150158.7968,0.0276148913065749
9286,21701.466784,1,59150178.7776,0.0198957116807015
9287,21701.486784,2,59150198.9632,0.0275288380765054
9288,21701.506784,1,59150218.8032,0.0198393673038703
9289,21701.526784,2,59150238.8224,0.0275042514393427
9290,21701.546784,1,59150258.8416,0.0198782961460446
9291,21701.566784,2,59150278.8608,0.0275564980433135
9292,21701.586784,1,59150298.88,0.0198578072817424
9293,21701.606784,2,59150318.8224,0.027725531173807
9294,21701.626784,1,59150338.8032,0.0198127317802774
9295,21701.646784,2,59150358.8096,0.0277921199827894
9296,21701.666784,1,59150378.7904,0.0198096584506321
9297,21701.686784,2,59150398.7968,0.0278464154731903
9298,21701.706784,1,59150418.9184,0.0198516606224517
9299,21701.726784,2,59150438.8096,0.0279580797836376
9300,21701.746784,1,59150458.7904,0.0198219517692134
9301,21701.766784,2,59150478.8224,0.0278945643043006
9302,21701.786784,1,59150498.9056,0.0198731739299691
9303,21701.806784,2,59150518.8224,0.0280820374126662
9304,21701.826784,1,59150538.88,0.0198496117360215
9305,21701.846784,2,59150558.8608,0.0282910238285492
9306,21701.866784,1,59150578.816,0.019817853996353
9307,21701.886784,2,59150598.8864,0.0282551683160202
9308,21701.906784,1,59150618.8288,0.0198393673038703
9309,21701.926784,2,59150638.8864,0.0282971704878399
9310,21701.946784,1,59150658.8288,0.0198608806113877
9311,21701.966784,2,59150678.8352,0.0281476017784334
9312,21701.986784,1,59150698.9824,0.0199162005450038
9313,21702.006784,2,59150718.848,0.0280963796176778
9314,21702.026784,1,59150738.8416,0.0198936627942713
9315,21702.046784,2,59150758.8352,0.0284272747761592
9316,21702.066784,1,59150778.8416,0.0198342450877948
9317,21702.086784,2,59150798.912,0.0283555637511013
9318,21702.106784,1,59150818.8416,0.0198280984285041
9319,21702.126784,2,59150838.848,0.0282193128034913
9320,21702.146784,1,59150858.88,0.0198352695310099
9321,21702.166784,2,59150878.912,0.0281598950970148
9322,21702.186784,1,59150898.944,0.0198834183621202
9323,21702.206784,2,59150918.8992,0.0281332595734218
9324,21702.226784,1,59150938.8544,0.0198168295531379
9325,21702.246784,2,59150958.8608,0.0279468109082714
9326,21702.266784,1,59150978.9824,0.0198280984285041
9327,21702.286784,2,59150998.9248,0.0278392443706845
9328,21702.306784,1,59151018.8544,0.01974511852808
9329,21702.326784,2,59151038.9504,0.0277572889134755
9330,21702.346784,1,59151058.88,0.0198578072817424
9331,21702.366784,2,59151078.8608,0.0277593377999058
9332,21702.386784,1,59151098.9696,0.0198619050546028
9333,21702.406784,2,59151118.912,0.0277388489356035
9334,21702.426784,1,59151138.9696,0.0198987850103469
9335,21702.446784,2,59151158.8864,0.0276681623537607
9336,21702.466784,1,59151178.8672,0.0198660028274633
9337,21702.486784,2,59151199.0144,0.0275892802261971
9338,21702.506784,1,59151218.9056,0.0198762472596144
9339,21702.526784,2,59151238.9504,0.0275739135779704
9340,21702.546784,1,59151258.9056,0.0198823939189051
9341,21702.566784,2,59151278.912,0.0276507468191038
9342,21702.586784,1,59151299.0464,0.0198619050546028
9343,21702.606784,2,59151318.9376,0.0275687913618948
9344,21702.626784,1,59151339.008,0.0199039072264224
9345,21702.646784,2,59151358.8992,0.0275657180322495
9346,21702.666784,1,59151378.9056,0.0199121027721433
9347,21702.686784,2,59151399.1424,0.027561620259389
9348,21702.706784,1,59151418.9056,0.0198680517138935
9349,21702.726784,2,59151438.9248,0.0275472780543774
9350,21702.746784,1,59151459.0336,0.0198199028827832
9351,21702.766784,2,59151478.912,0.0276261601819411
9352,21702.786784,1,59151499.2256,0.0198035117913414
9353,21702.806784,2,59151518.976,0.0276056713176389
9354,21702.826784,1,59151538.944,0.0198096584506321
9355,21702.846784,2,59151559.0144,0.027670211240191
9356,21702.866784,1,59151578.944,0.0198629294978179
9357,21702.886784,2,59151599.3344,0.0275728891347553
9358,21702.906784,1,59151618.9696,0.0198444895199459
9359,21702.926784,2,59151639.0656,0.0275022025529125
9360,21702.946784,1,59151658.9568,0.0198701006003237
9361,21702.966784,2,59151678.9376,0.0275421558383019
9362,21702.986784,1,59151699.0592,0.0198854672485504
9363,21703.006784,2,59151718.976,0.0274284426414244
9364,21703.026784,1,59151739.072,0.0198772717028295
9365,21703.046784,2,59151759.0144,0.0274130759931977
9366,21703.066784,1,59151779.008,0.0198639539410331
9367,21703.086784,2,59151799.2704,0.0274438092896511
9368,21703.106784,1,59151819.008,0.0198690761571086
9369,21703.126784,2,59151839.0272,0.0275175692011392
9370,21703.146784,1,59151858.9824,0.0198158051099228
9371,21703.166784,2,59151879.0912,0.0275913291126273
9372,21703.186784,1,59151899.2256,0.01988136947569
9373,21703.206784,2,59151919.0016,0.0275308869629356
9374,21703.226784,1,59151939.0208,0.019836293974225
9375,21703.246784,2,59151959.2064,0.0275513758272379
9376,21703.266784,1,59151978.9824,0.0198619050546028
9377,21703.286784,2,59151999.1552,0.0274325404142848
9378,21703.306784,1,59152018.9952,0.0198291228717192
9379,21703.326784,2,59152039.0016,0.0273802938103141
9380,21703.346784,1,59152059.136,0.0199192738746491
9381,21703.366784,2,59152079.0272,0.0273772204806688
9382,21703.386784,1,59152099.2128,0.0199243960907247
9383,21703.406784,2,59152119.1296,0.0274325404142848
9384,21703.426784,1,59152139.0208,0.0198127317802774
9385,21703.446784,2,59152159.2448,0.0275216669739996
9386,21703.466784,1,59152179.0208,0.0198977605671318
9387,21703.486784,2,59152199.1168,0.0276497223758887
9388,21703.506784,1,59152219.1616,0.0198957116807015
9389,21703.526784,2,59152239.1552,0.0279242731575389
9390,21703.546784,1,59152259.1744,0.0198772717028295
9391,21703.566784,2,59152279.0656,0.0279939352961665
9392,21703.586784,1,59152299.1104,0.0199028827832073
9393,21703.606784,2,59152319.424,0.0280789640830209
9394,21703.626784,1,59152339.0848,0.0199233716475096
9395,21703.646784,2,59152359.0272,0.028061548548364
9396,21703.666784,1,59152379.264,0.0198639539410331
9397,21703.686784,2,59152399.104,0.0281742373020263
9398,21703.706784,1,59152419.1232,0.0198311717581494
9399,21703.726784,2,59152439.0656,0.028216239473846
9400,21703.746784,1,59152459.072,0.0198844428053353
9401,21703.766784,2,59152479.0784,0.0281721884155961
9402,21703.786784,1,59152499.2256,0.0198096584506321
9403,21703.806784,2,59152519.2832,0.0281189173684103
9404,21703.826784,1,59152539.0848,0.0198127317802774
9405,21703.846784,2,59152559.0784,0.0282920482717643
9406,21703.866784,1,59152579.1232,0.0198209273259983
9407,21703.886784,2,59152599.104,0.0284580080726125
9408,21703.906784,1,59152619.0592,0.019827073985289
9409,21703.926784,2,59152639.0784,0.0285788923719958
9410,21703.946784,1,59152659.072,0.0198045362345565
9411,21703.966784,2,59152679.0528,0.0285768434855656
9412,21703.986784,1,59152699.2768,0.0198280984285041
9413,21704.006816,2,59152719.0912,0.0286465056241933
9414,21704.026816,1,59152739.0976,0.0198096584506321
9415,21704.046816,2,59152759.0912,0.0287202655356814
9416,21704.066816,1,59152779.0976,0.0198352695310099
9417,21704.086816,2,59152799.232,0.0285778679287807
9418,21704.106816,1,59152819.072,0.0198035117913414
9419,21704.126816,2,59152839.2192,0.0285184502223042
9420,21704.146816,1,59152859.1232,0.0197881451431147
9421,21704.166816,2,59152879.0784,0.0282859016124736
9422,21704.186816,1,59152899.1616,0.0197666318355974
9423,21704.206816,2,59152919.0912,0.0282357038949331
9424,21704.226816,1,59152939.0976,0.0197481918577253
9425,21704.246816,2,59152959.0912,0.0282080439281251
9426,21704.266816,1,59152979.072,0.0198199028827832
9427,21704.286816,2,59152999.2704,0.0280000819554572
9428,21704.306816,1,59153019.1104,0.0198485872928064
9429,21704.326816,2,59153039.1296,0.027789046653144
9430,21704.346816,1,59153059.1872,0.0198649783842482
9431,21704.366816,2,59153079.1168,0.0277183600713012
9432,21704.386816,1,59153099.776,0.0198680517138935
9433,21704.406816,2,59153119.1552,0.027697871206999
9434,21704.426816,1,59153139.1872,0.0199202983178642
9435,21704.446816,2,59153159.168,0.0277357756059582
9436,21704.466816,1,59153179.136,0.0198373184174401
9437,21704.486816,2,59153199.232,0.0277757288913476
9438,21704.506816,1,59153219.1104,0.019890589464626
9439,21704.526816,2,59153239.0912,0.027906857622882
9440,21704.546816,1,59153259.0976,0.0198506361792366
9441,21704.566816,2,59153279.0784,0.0279498842379167
9442,21704.586816,1,59153299.3792,0.0198055606777716
9443,21704.606816,2,59153319.2448,0.0278986620771611
9444,21704.626816,1,59153339.1104,0.0198199028827832
9445,21704.646816,2,59153359.104,0.0278269510521032
9446,21704.666816,1,59153379.1104,0.0197809740406089
9447,21704.686816,2,59153399.1808,0.0277368000491733
9448,21704.706816,1,59153419.1232,0.0198014629049112
9449,21704.726816,2,59153439.1168,0.0276640645809003
9450,21704.746816,1,59153459.1104,0.0198055606777716
9451,21704.766816,2,59153479.1296,0.0276374290573074
9452,21704.786816,1,59153499.1872,0.0198199028827832
9453,21704.806816,2,59153519.2576,0.0274919581207614
9454,21704.826816,1,59153539.136,0.0198752228163993
9455,21704.846816,2,59153559.1424,0.0274602003810929
9456,21704.866816,1,59153579.1744,0.0198424406335157
9457,21704.886816,2,59153599.6672,0.0274181982092733
9458,21704.906816,1,59153619.2384,0.0198793205892597
9459,21704.926816,2,59153639.1296,0.0273085827852562
9460,21704.946816,1,59153659.1488,0.0198670272706784
9461,21704.966816,2,59153679.2192,0.0274171737660581
9462,21704.986816,1,59153699.2512,0.0198106828938472
9463,21705.006816,2,59153719.1808,0.0273823426967443
9464,21705.026816,1,59153739.1488,0.0199377138525212
9465,21705.046816,2,59153759.168,0.0273311205359887
9466,21705.066816,1,59153779.1872,0.0198639539410331
9467,21705.086816,2,59153799.232,0.0273833671399594
9468,21705.106816,1,59153819.2512,0.0198342450877948
9469,21705.126816,2,59153839.168,0.0276323068412318
9470,21705.146816,1,59153859.2128,0.0198537095088819
9471,21705.166816,2,59153879.2064,0.0278412932571148
9472,21705.186816,1,59153899.3024,0.019909029442498
9473,21705.206816,2,59153919.1552,0.0278279754953183
9474,21705.226816,1,59153939.264,0.019817853996353
9475,21705.246816,2,59153959.1552,0.0277562644702604
9476,21705.266816,1,59153979.1744,0.0198680517138935
9477,21705.286816,2,59153999.3344,0.0276712356834061
9478,21705.306816,1,59154019.1872,0.0198660028274633
9479,21705.326816,2,59154039.232,0.027561620259389
9480,21705.346816,1,59154059.2256,0.0197963406888356
9481,21705.366816,2,59154079.2448,0.0274755670293196
9482,21705.386816,1,59154099.5968,0.019872149486754
9483,21705.406816,2,59154119.1808,0.0273936115721106
9484,21705.426816,1,59154139.2256,0.0198137562234925
9485,21705.446816,2,59154159.232,0.0275964513287029
9486,21705.466816,1,59154179.2,0.0198496117360215
9487,21705.486816,2,59154199.3216,0.0277296289466675
9488,21705.506816,1,59154219.2256,0.0198352695310099
9489,21705.526816,2,59154239.2448,0.027770606675272
9490,21705.546816,1,59154259.2128,0.01988136947569
9491,21705.566816,2,59154279.3472,0.027824902165673
9492,21705.586816,1,59154299.3024,0.0198639539410331
9493,21705.606816,2,59154319.3088,0.0281086729362591
9494,21705.626816,1,59154339.2512,0.0199039072264224
9495,21705.646816,2,59154359.2192,0.0282756571803225
9496,21705.666816,1,59154379.2512,0.0198649783842482
9497,21705.686816,2,59154399.3088,0.0281578462105845
9498,21705.706816,1,59154419.3024,0.0198127317802774
9499,21705.726816,2,59154439.2832,0.0281312106869916
9500,21705.746816,1,59154459.2384,0.0198352695310099
9501,21705.766816,2,59154479.2832,0.0282172639170611
9502,21705.786816,1,59154499.3024,0.0198485872928064
9503,21705.806816,2,59154519.2704,0.0284282992193743
9504,21705.826816,1,59154539.2768,0.0197922429159752
9505,21705.846816,2,59154559.2448,0.0286465056241933
9506,21705.866816,1,59154579.3024,0.0197840473702543
9507,21705.886816,2,59154599.3856,0.0287940254471695
9508,21705.906816,1,59154619.5328,0.0198383428606552
9509,21705.926816,2,59154639.2576,0.028753047718565
9510,21705.946816,1,59154659.264,0.0198403917470855
9511,21705.966816,2,59154679.3216,0.0286188456573852
9512,21705.986816,1,59154699.3536,0.0198168295531379
9513,21706.006816,2,59154719.3856,0.0286792878070769
9514,21706.026816,1,59154739.3024,0.0197973651320507
9515,21706.046816,2,59154759.2832,0.0287038744442396
9516,21706.066816,1,59154779.3152,0.0197860962566845
9517,21706.086816,2,59154799.36,0.0288278320732682
9518,21706.106816,1,59154819.3024,0.0198321962013646
9519,21706.126816,2,59154839.3088,0.0287346077406929
9520,21706.146816,1,59154859.3024,0.0198414161903006
9521,21706.166816,2,59154879.3344,0.0287817321285881
9522,21706.186816,1,59154899.5584,0.0198680517138935
9523,21706.206816,2,59154919.3856,0.0285860634745016
9524,21706.226816,1,59154939.3024,0.0199080049992829
9525,21706.246816,2,59154959.3088,0.0286454811809781
9526,21706.266816,1,59154979.3024,0.0198106828938472
9527,21706.286816,2,59154999.36,0.0286639211588502
9528,21706.306816,1,59155019.3024,0.0198926383510562
9529,21706.326816,2,59155039.3472,0.028671092261356
9530,21706.346816,1,59155059.328,0.0198772717028295
9531,21706.366816,2,59155079.3088,0.0285911856905772
9532,21706.386816,1,59155099.392,0.0198588317249575
9533,21706.406816,2,59155119.3344,0.0286495789538386
9534,21706.426816,1,59155139.3024,0.0198219517692134
9535,21706.446816,2,59155159.3344,0.0288288565164833
9536,21706.466816,1,59155179.328,0.019781998483824
9537,21706.486816,2,59155199.6416,0.0288647120290122
9538,21706.506816,1,59155219.3408,0.0198660028274633
9539,21706.526816,2,59155239.3216,0.0287858299014486
9540,21706.546816,1,59155259.3664,0.0198711250435388
9541,21706.566816,2,59155279.3472,0.0288636875857971
9542,21706.586816,1,59155299.4176,0.0198127317802774
9543,21706.606816,2,59155319.3728,0.0289681807937386
9544,21706.626816,1,59155339.5328,0.0198403917470855
9545,21706.646816,2,59155359.3344,0.02916282500461
9546,21706.666816,1,59155379.3536,0.0198055606777716
9547,21706.686816,2,59155399.4752,0.0290327207162907
9548,21706.706816,1,59155419.3536,0.0198424406335157
9549,21706.726816,2,59155439.3728,0.0291167250599299
9550,21706.746816,1,59155459.456,0.0198250250988588
9551,21706.766816,2,59155479.3984,0.0291956071874936
9552,21706.786816,1,59155499.4304,0.0198342450877948
9553,21706.806816,2,59155519.3856,0.0292734648718422
9554,21706.826816,1,59155539.3664,0.019817853996353
9555,21706.846816,2,59155559.3856,0.0293380047943942
9556,21706.866816,1,59155579.4048,0.0199315671932305
9557,21706.886816,2,59155599.4624,0.0291607761181798
9558,21706.906816,1,59155619.5072,0.0198352695310099
9559,21706.926816,2,59155639.3984,0.0290214518409245
9560,21706.946816,1,59155659.4304,0.0198639539410331
9561,21706.966816,2,59155679.4624,0.0287950498903846
9562,21706.986816,1,59155699.584,0.0198752228163993
9563,21707.006816,2,59155719.4752,0.0287202655356814
9564,21707.026816,1,59155739.392,0.0198485872928064
9565,21707.046816,2,59155759.3856,0.0285727457127051
9566,21707.066816,1,59155779.5072,0.0198864916917655
9567,21707.086816,2,59155799.7952,0.028426250332944
9568,21707.106816,1,59155819.4176,0.0198209273259983
9569,21707.126816,2,59155839.4496,0.0283873214907698
9570,21707.146816,1,59155859.4432,0.0198578072817424
9571,21707.166816,2,59155879.488,0.0283606859671768
9572,21707.186816,1,59155899.5968,0.0198752228163993
9573,21707.206816,2,59155919.4112,0.0282100928145553
9574,21707.226816,1,59155939.4304,0.0197697051652427
9575,21707.246816,2,59155959.424,0.0283320015571537
9576,21707.266816,1,59155979.456,0.019827073985289
9577,21707.286816,2,59155999.5392,0.0284375192083103
9578,21707.306816,1,59156019.456,0.0198127317802774
9579,21707.326816,2,59156039.4496,0.0285604523941238
9580,21707.346816,1,59156059.4688,0.0198004384616961
9581,21707.366816,2,59156079.5264,0.028644456737763
9582,21707.386816,1,59156099.5968,0.0198158051099228
9583,21707.406816,2,59156119.4752,0.0286004056795132
9584,21707.426816,1,59156139.4688,0.0197953162456205
9585,21707.446816,2,59156159.4752,0.0285338168705309
9586,21707.466816,1,59156179.4432,0.0198076095642019
9587,21707.486816,2,59156199.6416,0.0284375192083103
9588,21707.506816,1,59156219.4816,0.0197860962566845
9589,21707.526816,2,59156239.4752,0.028298194931055
9590,21707.546816,1,59156259.6352,0.0198834183621202
9591,21707.566816,2,59156279.4752,0.0283412215460897
9592,21707.586816,1,59156299.5072,0.0198260495420739
9593,21707.606816,2,59156319.4752,0.0284877169258508
9594,21707.626816,1,59156339.4688,0.019827073985289
9595,21707.646816,2,59156359.4752,0.0284252258897289
9596,21707.666816,1,59156379.4944,0.0198731739299691
9597,21707.686816,2,59156399.5392,0.0283934681500604
9598,21707.706816,1,59156419.5072,0.0198516606224517
9599,21707.726816,2,59156439.488,0.0284160059007929
9600,21707.746816,1,59156459.4944,0.0199397627389514
9601,21707.766816,2,59156479.5776,0.0282479972135145
9602,21707.786816,1,59156499.5328,0.0198752228163993
9603,21707.806816,2,59156519.5904,0.0281588706537997
9604,21707.826816,1,59156539.4944,0.0198557583953122
9605,21707.846816,2,59156559.5008,0.0281312106869916
9606,21707.866816,1,59156579.52,0.0198844428053353
9607,21707.886816,2,59156599.552,0.0280011063986723
9608,21707.906816,1,59156619.52,0.019872149486754
9609,21707.926816,2,59156639.5008,0.0278587087917717
9610,21707.946816,1,59156659.5584,0.0198219517692134
9611,21707.966816,2,59156679.5136,0.0277531911406151
9612,21707.986816,1,59156699.7248,0.0198485872928064
9613,21708.006816,2,59156719.5392,0.0275790357940459
9614,21708.026816,1,59156739.5456,0.0199745938082652
9615,21708.046816,2,59156759.6288,0.0275370336222263
9616,21708.066816,1,59156779.5584,0.0198793205892597
9617,21708.086816,2,59156799.6288,0.0275728891347553
9618,21708.106816,1,59156819.5456,0.0199428360685967
9619,21708.126816,2,59156839.6544,0.0275513758272379
9620,21708.146816,1,59156859.5328,0.0198557583953122
9621,21708.166816,2,59156879.5392,0.0274571270514475
9622,21708.186816,1,59156899.6864,0.0198803450324748
9623,21708.206816,2,59156919.872,0.0275319114061508
9624,21708.226816,1,59156939.5456,0.0198967361239166
9625,21708.246816,2,59156959.552,0.0275657180322495
9626,21708.266816,1,59156979.5328,0.0198188784395681
9627,21708.286816,2,59156999.7568,0.0274304915278546
9628,21708.306816,1,59157019.5712,0.0198834183621202
9629,21708.326816,2,59157039.5776,0.0275646935890344
9630,21708.346816,1,59157059.6352,0.0199110783289282
9631,21708.366816,2,59157079.5904,0.0274847870182556
9632,21708.386816,1,59157099.6864,0.0198598561681726
9633,21708.406816,2,59157119.5648,0.0274356137439302
9634,21708.426816,1,59157139.5968,0.0198434650767308
9635,21708.446816,2,59157159.5776,0.0273557071731514
9636,21708.466816,1,59157179.5712,0.0198219517692134
9637,21708.486816,2,59157199.6032,0.0274110271067675
9638,21708.506816,1,59157219.5968,0.0198014629049112
9639,21708.526816,2,59157239.6416,0.0274509803921569
9640,21708.546816,1,59157259.6352,0.0198516606224517
9641,21708.566816,2,59157279.6032,0.0274878603479009
9642,21708.586816,1,59157299.8656,0.0199049316696376
9643,21708.606816,2,59157319.616,0.0273874649128199
9644,21708.626816,1,59157339.6224,0.0198567828385273
9645,21708.646816,2,59157359.7184,0.0273444382977852
9646,21708.666816,1,59157379.6096,0.0198526850656668
9647,21708.686816,2,59157399.6544,0.0274110271067675
9648,21708.706816,1,59157419.5968,0.0199049316696376
9649,21708.726816,2,59157439.6032,0.0275380580654414
9650,21708.746816,1,59157459.6096,0.0198219517692134
9651,21708.766816,2,59157479.5904,0.0276425512733829
9652,21708.786816,1,59157499.8016,0.0198352695310099
9653,21708.806816,2,59157519.6032,0.0278464154731903
9654,21708.826816,1,59157539.6096,0.0197789251541787
9655,21708.846816,2,59157559.7952,0.0279857397504456
9656,21708.866816,1,59157579.5968,0.0198516606224517
9657,21708.886816,2,59157599.6544,0.0278576843485566
9658,21708.906816,1,59157619.6352,0.0197973651320507
9659,21708.926816,2,59157639.6416,0.0277265556170221
9660,21708.946816,1,59157659.6992,0.0198403917470855
9661,21708.966816,2,59157679.6416,0.027652795705534
9662,21708.986816,1,59157699.6864,0.0199264449771549
9663,21709.006816,2,59157719.7184,0.027606695760854
9664,21709.026816,1,59157739.6352,0.0198619050546028
9665,21709.046816,2,59157759.616,0.0275872313397668
9666,21709.066816,1,59157779.648,0.019781998483824
9667,21709.086816,2,59157799.7056,0.0276640645809003
9668,21709.106816,1,59157819.7376,0.0198629294978179
9669,21709.126816,2,59157839.6544,0.0276722601266212
9670,21709.146816,1,59157859.6352,0.0197953162456205
9671,21709.166816,2,59157879.68,0.0276230868522958
9672,21709.186816,1,59157899.7504,0.019845513963161
9673,21709.206816,2,59157919.68,0.0279171020550331
9674,21709.226816,1,59157939.6736,0.0198321962013646
9675,21709.246816,2,59157959.68,0.0279396398057656
9676,21709.266816,1,59157979.712,0.0197932673591903
9677,21709.286816,2,59157999.7056,0.0278955887475157
9678,21709.306816,1,59158019.7376,0.019890589464626
9679,21709.326816,2,59158039.68,0.0277859733234987
9680,21709.346816,1,59158059.6736,0.0198803450324748
9681,21709.366816,2,59158079.7312,0.0276753334562665
9682,21709.386816,1,59158099.7248,0.019854733952097
9683,21709.406816,2,59158119.68,0.0277665089024115
9684,21709.426816,1,59158139.6608,0.0198147806667076
9685,21709.446816,2,59158159.6928,0.0278023644149405
9686,21709.466816,1,59158179.6864,0.019845513963161
9687,21709.486816,2,59158200.0512,0.0276743090130514
9688,21709.506816,1,59158219.6992,0.0198014629049112
9689,21709.526816,2,59158239.68,0.0276630401376852
9690,21709.546816,1,59158259.6608,0.0199530805007478
9691,21709.566816,2,59158279.7056,0.0276220624090807
9692,21709.586816,1,59158299.7888,0.01988136947569
9693,21709.606816,2,59158319.7056,0.027643575716598
9694,21709.626816,1,59158339.7632,0.0198526850656668
9695,21709.646816,2,59158359.6928,0.0276907001044932
9696,21709.666816,1,59158379.712,0.0197973651320507
9697,21709.686816,2,59158400,0.027725531173807
9698,21709.706816,1,59158419.7376,0.0197912184727601
9699,21709.726816,2,59158439.7184,0.0275564980433135
9700,21709.746816,1,59158459.7632,0.0198229762124285
9701,21709.766816,2,59158479.7696,0.027524740303645
9702,21709.786816,1,59158499.8528,0.0198639539410331
9703,21709.806816,2,59158519.7184,0.0274858114614707
9704,21709.826816,1,59158539.7504,0.019799414018481
9705,21709.846816,2,59158559.872,0.027597475771918
9706,21709.866816,1,59158579.7376,0.0198219517692134
9707,21709.886816,2,59158599.9488,0.0278269510521032
9708,21709.906816,1,59158619.7888,0.0198280984285041
9709,21709.926816,2,59158639.7696,0.0280195463765444
9710,21709.946816,1,59158659.8016,0.0198424406335157
9711,21709.966816,2,59158679.7696,0.0279785686479398
9712,21709.986816,1,59158699.8784,0.0197789251541787
9713,21710.006816,2,59158719.7952,0.0278832954289344
9714,21710.026816,1,59158739.776,0.0197983895752658
9715,21710.046816,2,59158759.7568,0.0278791976560739
9716,21710.066816,1,59158779.7888,0.0198311717581494
9717,21710.086816,2,59158799.8336,0.0279109553957424
9718,21710.106816,1,59158819.8912,0.0197850718134694
9719,21710.126816,2,59158839.7952,0.0280205708197595
9720,21710.146816,1,59158859.7888,0.0197738029381031
9721,21710.166816,2,59158879.808,0.0281219906980556
9722,21710.186816,1,59158899.8528,0.0198403917470855
9723,21710.206816,2,59158919.7696,0.0280103263876083
9724,21710.226816,1,59158939.8272,0.0197789251541787
9725,21710.246816,2,59158959.7952,0.0281096973794743
9726,21710.266816,1,59158979.776,0.0198004384616961
9727,21710.286816,2,59158999.9616,0.0280174974901141
9728,21710.306816,1,59159019.8272,0.0198055606777716
9729,21710.326816,2,59159039.8976,0.0279416886921958
9730,21710.346816,1,59159059.7888,0.0197717540516729
9731,21710.366816,2,59159079.808,0.0278587087917717
9732,21710.386816,1,59159099.9168,0.019808634007417
9733,21710.406816,2,59159119.8336,0.0277378244923884
9734,21710.426816,1,59159139.8144,0.0198588317249575
9735,21710.446816,2,59159159.8464,0.0276763578994816
9736,21710.466816,1,59159179.8016,0.0198311717581494
9737,21710.486816,2,59159200.1408,0.0277152867416559
9738,21710.506816,1,59159219.8144,0.0198424406335157
9739,21710.526816,2,59159239.7952,0.027625135738726
9740,21710.546816,1,59159259.8528,0.0198045362345565
9741,21710.566816,2,59159279.8336,0.0276394779437376
9742,21710.586816,1,59159299.904,0.0198332206445797
9743,21710.606816,2,59159319.872,0.0276845534452025
9744,21710.626816,1,59159339.8144,0.0198639539410331
9745,21710.646816,2,59159359.8336,0.027770606675272
9746,21710.666816,1,59159379.8656,0.0198608806113877
9747,21710.686816,2,59159399.9616,0.0279652508861434
9748,21710.706816,1,59159419.9936,0.0197973651320507
9749,21710.726816,2,59159439.9488,0.0281496506648636
9750,21710.746816,1,59159459.84,0.0198414161903006
9751,21710.766816,2,59159479.8336,0.0281639928698752
9752,21710.786816,1,59159500.096,0.0198885405781957
9753,21710.806816,2,59159519.872,0.0281650173130903
9754,21710.826816,1,59159539.8912,0.019781998483824
9755,21710.846816,2,59159559.8976,0.0281394062327125
9756,21710.866816,1,59159579.8528,0.0197594607330916
9757,21710.886816,2,59159599.9104,0.0280523285594279
9758,21710.906816,1,59159619.8528,0.0198076095642019
9759,21710.926816,2,59159639.8592,0.0279017354068064
9760,21710.946816,1,59159659.8912,0.0198311717581494
9761,21710.966816,2,59159679.8848,0.0278566599053415
9762,21710.986816,1,59159700.1216,0.019817853996353
9763,21711.006816,2,59159719.872,0.0277439711516791
9764,21711.026816,1,59159739.9168,0.0197666318355974
9765,21711.046816,2,59159759.872,0.0277050423095048
9766,21711.066816,1,59159779.8912,0.0197922429159752
9767,21711.086816,2,59159799.936,0.0277634355727662
9768,21711.106816,1,59159819.904,0.0197533140738009
9769,21711.126816,2,59159839.8976,0.0277327022763128
9770,21711.146816,1,59159859.904,0.0197656073923822
9771,21711.166816,2,59159879.8848,0.027597475771918
9772,21711.186816,1,59159900.096,0.0197379474255742
9773,21711.206816,2,59159919.9616,0.0277695822320569
9774,21711.226816,1,59159939.904,0.019817853996353
9775,21711.246816,2,59159959.8848,0.0277747044481324
9776,21711.266816,1,59159979.9424,0.0198434650767308
9777,21711.286816,2,59159999.9488,0.0278904665314402
9778,21711.306816,1,59160019.9808,0.0197901940295449
9779,21711.326816,2,59160039.936,0.0279037842932366
9780,21711.346816,1,59160059.9168,0.0197656073923822
9781,21711.366816,2,59160079.9488,0.0280513041162128
9782,21711.386816,1,59160099.9808,0.0197891695863298
9783,21711.406816,2,59160119.9104,0.0282705349642469
9784,21711.426816,1,59160139.904,0.0197553629602311
9785,21711.446816,2,59160159.9232,0.0282940971581945
9786,21711.466816,1,59160179.9808,0.0198260495420739
9787,21711.486816,2,59160199.9872,0.0281363329030672
9788,21711.506816,1,59160219.9296,0.0198055606777716
9789,21711.526816,2,59160239.9232,0.0280123752740386
9790,21711.546816,1,59160259.968,0.0198219517692134
9791,21711.566816,2,59160279.9744,0.0279898375233061
9792,21711.586816,1,59160300.0192,0.0197963406888356
9793,21711.606816,2,59160319.9232,0.027897637633946
9794,21711.626816,1,59160340.0064,0.0197492163009404
9795,21711.646816,2,59160359.8976,0.0277726555617022
9796,21711.666816,1,59160379.9424,0.019836293974225
9797,21711.686816,2,59160400.0896,0.0275995246583482
9798,21711.706816,1,59160419.9552,0.0197492163009404
9799,21711.726816,2,59160440,0.0275298625197205
9800,21711.746816,1,59160459.9936,0.019781998483824
9801,21711.766816,2,59160479.9616,0.0274120515499826
9802,21711.786816,1,59160500.0832,0.0198782961460446
9803,21711.806816,2,59160520,0.0273895137992501
9804,21711.826816,1,59160539.968,0.0198741983731842
9805,21711.846816,2,59160560.0128,0.0275134714282787
9806,21711.866816,1,59160579.968,0.0198004384616961
9807,21711.886816,2,59160600.192,0.0275564980433135
9808,21711.906816,1,59160619.9808,0.0198475628495912
9809,21711.926816,2,59160639.9616,0.0275493269408077
9810,21711.946816,1,59160660.0448,0.0198014629049112
9811,21711.966816,2,59160680.0256,0.0275657180322495
9812,21711.986816,1,59160700.2368,0.0198434650767308
9813,21712.006816,2,59160720.0128,0.0275821091236913
9814,21712.026816,1,59160739.968,0.019827073985289
9815,21712.046816,2,59160760,0.0276292335115864
9816,21712.066816,1,59160780.0064,0.0198383428606552
9817,21712.086816,2,59160800.064,0.0276538201487492
9818,21712.106816,1,59160820.0064,0.0198567828385273
9819,21712.126816,2,59160840,0.0276538201487492
9820,21712.146816,1,59160860.0448,0.019808634007417
9821,21712.166816,2,59160880.0512,0.0276609912512549
9822,21712.186816,1,59160900.224,0.0198106828938472
9823,21712.206816,2,59160920.0256,0.0276579179216096
9824,21712.226816,1,59160940.032,0.0198844428053353
9825,21712.246816,2,59160960.0256,0.0275329358493659
9826,21712.266816,1,59160980.0064,0.0198608806113877
9827,21712.286816,2,59161000.2176,0.0276825045587723
9828,21712.306816,1,59161020.032,0.0198260495420739
9829,21712.326816,2,59161040.0512,0.0276394779437376
9830,21712.346816,1,59161060.0448,0.0198578072817424
9831,21712.366816,2,59161080.0256,0.0275257647468601
9832,21712.386816,1,59161100.2496,0.0198772717028295
9833,21712.406816,2,59161120.064,0.0275134714282787
9834,21712.426816,1,59161140.032,0.019827073985289
9835,21712.446816,2,59161160.0768,0.0273966849017559
9836,21712.466816,1,59161180.0448,0.0199100538857131
9837,21712.486816,2,59161200.1152,0.0274776159157498
9838,21712.506816,1,59161220.0448,0.0199059561128527
9839,21712.526816,2,59161240.0768,0.0274929825639765
9840,21712.546816,1,59161260.0704,0.0198680517138935
9841,21712.566816,2,59161280.0768,0.0273546827299363
9842,21712.586816,1,59161300.0832,0.0198690761571086
9843,21712.606816,2,59161320.1536,0.0273219005470527
9844,21712.626816,1,59161340.0704,0.0198352695310099
9845,21712.646816,2,59161360.064,0.0274018071178315
9846,21712.666816,1,59161380.032,0.0198690761571086
9847,21712.686816,2,59161400.0896,0.027488884791116
9848,21712.706816,1,59161420.3008,0.0198670272706784
9849,21712.726816,2,59161440.0768,0.0275687913618948
9850,21712.746816,1,59161460.096,0.0198229762124285
9851,21712.766816,2,59161480.064,0.0275237158604299
9852,21712.786816,1,59161500.224,0.0198731739299691
9853,21712.806816,2,59161520.0896,0.0276456246030283
9854,21712.826816,1,59161540.096,0.019918249431434
9855,21712.846816,2,59161560.1536,0.0275810846804762
9856,21712.866816,1,59161580.1216,0.0198403917470855
9857,21712.886816,2,59161600.3712,0.0278187555063823
9858,21712.906816,1,59161620.1472,0.019827073985289
9859,21712.926816,2,59161640.064,0.027779826664208
9860,21712.946816,1,59161660.1728,0.0198076095642019
9861,21712.966816,2,59161680.0896,0.0278843198721495
9862,21712.986816,1,59161700.2368,0.019845513963161
9863,21713.006816,2,59161720.128,0.0278289999385334
9864,21713.026816,1,59161740.1088,0.0198588317249575
9865,21713.046816,2,59161760.1408,0.0278812465425042
9866,21713.066816,1,59161780.1344,0.0198619050546028
9867,21713.086816,2,59161800.2688,0.0277736800049173
9868,21713.106816,1,59161820.096,0.019781998483824
9869,21713.126816,2,59161840.1536,0.0276579179216096
9870,21713.146816,1,59161860.1344,0.0198096584506321
9871,21713.166816,2,59161880.1536,0.0276630401376852
9872,21713.186816,1,59161900.3008,0.0198895650214109
9873,21713.206816,2,59161920.6784,0.0276835290019874
9874,21713.226816,1,59161940.16,0.0198291228717192
9875,21713.246816,2,59161960.1152,0.027498104780052
9876,21713.266816,1,59161980.16,0.0198117073370623
9877,21713.286816,2,59162000.4352,0.0275462536111623
9878,21713.306816,1,59162020.1344,0.0198516606224517
9879,21713.326816,2,59162040.1536,0.027552400270453
9880,21713.346816,1,59162060.2112,0.0197912184727601
9881,21713.366816,2,59162080.1536,0.0275964513287029
9882,21713.386816,1,59162100.416,0.0198383428606552
9883,21713.406816,2,59162120.1792,0.027725531173807
9884,21713.426816,1,59162140.16,0.0198403917470855
9885,21713.446816,2,59162160.256,0.0277173356280861
9886,21713.466816,1,59162180.16,0.0198434650767308
9887,21713.486816,2,59162200.2944,0.0278003155285103
9888,21713.506816,1,59162220.1344,0.0199356649660909
9889,21713.526816,2,59162240.1536,0.0276968467637839
9890,21713.546816,1,59162260.2624,0.0197973651320507
9891,21713.566816,2,59162280.1792,0.0277624111295511
9892,21713.586816,1,59162300.3776,0.019808634007417
9893,21713.606816,2,59162320.192,0.0277808511074231
9894,21713.626816,1,59162340.1984,0.0198240006556437
9895,21713.646816,2,59162360.2688,0.0277275800602373
9896,21713.666816,1,59162380.2624,0.01988136947569
9897,21713.686816,2,59162400.2432,0.0276630401376852
9898,21713.706816,1,59162420.2368,0.0198711250435388
9899,21713.726816,2,59162440.2432,0.0277142622984408
9900,21713.746816,1,59162460.2368,0.0198916139078411
9901,21713.766816,2,59162480.2432,0.0276405023869527
9902,21713.786816,1,59162500.3392,0.0199069805560678
9903,21713.806816,2,59162520.2048,0.0275421558383019
9904,21713.826816,1,59162540.2112,0.0198311717581494
9905,21713.846816,2,59162560.2304,0.0275052758825578
9906,21713.866816,1,59162580.3776,0.0198987850103469
9907,21713.886816,2,59162600.3968,0.0274366381871453
9908,21713.906816,1,59162620.2368,0.0197809740406089
9909,21713.926816,2,59162640.2304,0.0273669760485176
9910,21713.946816,1,59162660.2112,0.0198280984285041
9911,21713.966816,2,59162680.2176,0.0274899092343311
9912,21713.986816,1,59162700.3264,0.0198649783842482
9913,21714.006816,2,59162720.2816,0.0274970803368369
9914,21714.026816,1,59162740.2496,0.0198741983731842
9915,21714.046816,2,59162760.2176,0.0275769869076157
9916,21714.066816,1,59162780.4928,0.0198649783842482
9917,21714.086816,2,59162800.2048,0.0275442047247321
9918,21714.106816,1,59162820.2496,0.0198578072817424
9919,21714.126816,2,59162840.256,0.0274827381318254
9920,21714.146816,1,59162860.2752,0.0198844428053353
9921,21714.166816,2,59162880.3328,0.0274786403589649
9922,21714.186816,1,59162900.3648,0.0198885405781957
9923,21714.206816,2,59162920.3584,0.0275841580101215
9924,21714.226816,1,59162940.2624,0.019817853996353
9925,21714.246816,2,59162960.3456,0.027716311184871
9926,21714.266816,1,59162980.3264,0.0198967361239166
9927,21714.286816,2,59163000.2432,0.0277204089577315
9928,21714.306816,1,59163020.2496,0.0197942918024054
9929,21714.326816,2,59163040.2816,0.0278259266088881
9930,21714.346816,1,59163060.288,0.0198639539410331
9931,21714.366816,2,59163080.4352,0.027880222099289
9932,21714.386816,1,59163100.352,0.0198649783842482
9933,21714.406816,2,59163120.3584,0.027998033069027
9934,21714.426816,1,59163140.3008,0.0198680517138935
9935,21714.446816,2,59163160.2432,0.0282100928145553
9936,21714.466816,1,59163180.3904,0.0198199028827832
9937,21714.486816,2,59163200.4992,0.0282674616346016
9938,21714.506816,1,59163220.3264,0.0198772717028295
9939,21714.526816,2,59163240.3456,0.0282592660888807
9940,21714.546816,1,59163260.3008,0.0198004384616961
9941,21714.566816,2,59163280.2944,0.0283494170918106
9942,21714.586816,1,59163300.4032,0.019890589464626
9943,21714.606816,2,59163320.32,0.0284364947650952
9944,21714.626816,1,59163340.4416,0.0198649783842482
9945,21714.646816,2,59163360.384,0.028452885856537
9946,21714.666816,1,59163380.288,0.0198660028274633
9947,21714.686816,2,59163400.8064,0.028325854897863
9948,21714.706816,1,59163420.3648,0.0198619050546028
9949,21714.726816,2,59163440.3072,0.0283832237179093
9950,21714.746816,1,59163460.2752,0.019836293974225
9951,21714.766816,2,59163480.3968,0.0283371237732293
9952,21714.786816,1,59163500.4672,0.0198199028827832
9953,21714.806816,2,59163520.32,0.0282572172024505
9954,21714.826816,1,59163540.3648,0.0198024873481263
9955,21714.846816,2,59163560.3072,0.0282777060667527
9956,21714.866816,1,59163580.3264,0.0198793205892597
9957,21714.886816,2,59163600.4736,0.0284323969922347
9958,21714.906816,1,59163620.3392,0.0198987850103469
9959,21714.926816,2,59163640.3584,0.0284692769479788
9960,21714.946816,1,59163660.3648,0.019918249431434
9961,21714.966816,2,59163680.3328,0.0283996148093511
9962,21714.986816,1,59163700.608,0.0198311717581494
9963,21715.006816,2,59163720.3328,0.0282674616346016
9964,21715.026816,1,59163740.3264,0.0198608806113877
9965,21715.046816,2,59163760.3712,0.0283207326817874
9966,21715.066816,1,59163780.3648,0.01988136947569
9967,21715.086816,2,59163800.6016,0.0286321634191817
9968,21715.106816,1,59163820.3776,0.019836293974225
9969,21715.126816,2,59163840.3584,0.0288462720511402
9970,21715.146816,1,59163860.3648,0.019909029442498
9971,21715.166816,2,59163880.3712,0.0287448521728441
9972,21715.186816,1,59163900.5952,0.0198946872374864
9973,21715.206816,2,59163920.4992,0.0283238060114328
9974,21715.226816,1,59163940.3776,0.0198895650214109
9975,21715.246816,2,59163960.4224,0.0281486262216485
9976,21715.266816,1,59163980.3776,0.0198014629049112
9977,21715.286816,2,59164000.512,0.0279847153072305
9978,21715.306816,1,59164020.416,0.0198670272706784
9979,21715.326816,2,59164040.384,0.0280277419222652
9980,21715.346816,1,59164060.4544,0.0198280984285041
9981,21715.366816,2,59164080.4736,0.0279171020550331
9982,21715.386816,1,59164100.48,0.0198506361792366
9983,21715.406816,2,59164120.4608,0.0278167066199521
9984,21715.426816,1,59164140.416,0.0198516606224517
9985,21715.446816,2,59164160.448,0.0276405023869527
9986,21715.466816,1,59164180.48,0.0198475628495912
9987,21715.486816,2,59164200.512,0.0275831335669064
9988,21715.506816,1,59164220.3776,0.0198414161903006
9989,21715.526816,2,59164240.4736,0.0276282090683713
9990,21715.546816,1,59164260.4032,0.0198024873481263
9991,21715.566816,2,59164280.4096,0.0276681623537607
9992,21715.586816,1,59164300.5568,0.0198834183621202
9993,21715.606816,2,59164320.4608,0.0277439711516791
9994,21715.626816,1,59164340.4416,0.0198598561681726
9995,21715.646816,2,59164360.4736,0.0276845534452025
9996,21715.666816,1,59164380.4416,0.019827073985289
9997,21715.686816,2,59164400.7808,0.0276517712623189
9998,21715.706816,1,59164420.48,0.0197645829491671
9999,21715.726816,2,59164440.5632,0.0278669043374926
10000,21715.746816,1,59164460.4288,0.0198076095642019
10001,21715.766816,2,59164480.3712,0.0277900710963591
10002,21715.786816,1,59164500.5312,0.0197799495973938
10003,21715.806816,2,59164520.4736,0.0278320732681787
10004,21715.826816,1,59164540.416,0.0198014629049112
10005,21715.846816,2,59164560.64,0.027707091195935
10006,21715.866816,1,59164580.4032,0.0197973651320507
10007,21715.886816,2,59164600.4608,0.0276866023316328
10008,21715.906816,1,59164620.4288,0.0198014629049112
10009,21715.926816,2,59164640.4608,0.0277101645255803
10010,21715.946816,1,59164660.544,0.0198352695310099
10011,21715.966816,2,59164680.512,0.0277449955948942
10012,21715.986816,1,59164700.9536,0.0198526850656668
10013,21716.006816,2,59164720.4224,0.0277296289466675
10014,21716.026816,1,59164740.4416,0.0197758518245334
10015,21716.046816,2,59164760.4224,0.0276364046140922
10016,21716.066816,1,59164780.4544,0.0198444895199459
10017,21716.086816,2,59164800.448,0.0276425512733829
10018,21716.106816,1,59164820.4544,0.0198557583953122
10019,21716.126816,2,59164840.4352,0.0277224578441617
10020,21716.146816,1,59164860.416,0.0198106828938472
10021,21716.166816,2,59164880.4736,0.0278064621878009
10022,21716.186816,1,59164900.4672,0.0198106828938472
10023,21716.206816,2,59164920.4352,0.0277357756059582
10024,21716.226816,1,59164940.4672,0.0198311717581494
10025,21716.246816,2,59164960.4352,0.0278095355174463
10026,21716.266816,1,59164980.5056,0.0197277029934231
10027,21716.286816,2,59165000.5888,0.0278843198721495
10028,21716.306816,1,59165020.48,0.019781998483824
10029,21716.326816,2,59165040.448,0.0277531911406151
10030,21716.346816,1,59165060.4544,0.0197912184727601
10031,21716.366816,2,59165080.4352,0.0277368000491733
10032,21716.386816,1,59165100.7872,0.0197912184727601
10033,21716.406816,2,59165120.4608,0.02761591574979
10034,21716.426816,1,59165140.4544,0.0198045362345565
10035,21716.446816,2,59165160.512,0.0276036224312086
10036,21716.466816,1,59165180.4672,0.0197912184727601
10037,21716.486816,2,59165200.5504,0.0276579179216096
10038,21716.506816,1,59165220.4928,0.0198096584506321
10039,21716.526816,2,59165240.4352,0.0276999200934292
10040,21716.546816,1,59165260.4928,0.0197779007109636
10041,21716.566816,2,59165280.4864,0.0277921199827894
10042,21716.586816,1,59165300.4928,0.0198485872928064
10043,21716.606816,2,59165320.4736,0.0276784067859119
10044,21716.626816,1,59165340.4928,0.0198926383510562
10045,21716.646816,2,59165360.4736,0.0275698158051099
10046,21716.666816,1,59165380.5824,0.0197399963120044
10047,21716.686816,2,59165400.6144,0.0275175692011392
10048,21716.706816,1,59165420.5824,0.0197686807220276
10049,21716.726816,2,59165440.512,0.0274776159157498
10050,21716.746816,1,59165460.544,0.0198055606777716
10051,21716.766816,2,59165480.4992,0.0274448337328662
10052,21716.786816,1,59165500.6336,0.0198106828938472
10053,21716.806816,2,59165520.4736,0.0273772204806688
10054,21716.826816,1,59165540.5184,0.0198516606224517
10055,21716.846816,2,59165560.512,0.0273946360153257
10056,21716.866816,1,59165580.5056,0.0198301473149343
10057,21716.886816,2,59165600.5888,0.0274028315610466
10058,21716.906816,1,59165620.5056,0.0198014629049112
10059,21716.926816,2,59165640.5376,0.0274315159710697
10060,21716.946816,1,59165660.5312,0.0198403917470855
10061,21716.966816,2,59165680.6016,0.0275462536111623
10062,21716.986816,1,59165700.8128,0.0198373184174401
10063,21717.006816,2,59165720.6272,0.0275380580654414
10064,21717.026816,1,59165740.5696,0.0198782961460446
10065,21717.046816,2,59165760.576,0.027643575716598
10066,21717.066816,1,59165780.5568,0.019817853996353
10067,21717.086816,2,59165800.6656,0.0277286045034524
10068,21717.106816,1,59165820.5312,0.0198117073370623
10069,21717.126816,2,59165840.5632,0.0278105599606614
10070,21717.146816,1,59165860.544,0.019836293974225
10071,21717.166816,2,59165880.5632,0.0278566599053415
10072,21717.186816,1,59165900.7488,0.0198127317802774
10073,21717.206816,2,59165920.6016,0.0278064621878009
10074,21717.226816,1,59165940.5824,0.0197471674145102
10075,21717.246816,2,59165960.6016,0.0278576843485566
10076,21717.266816,1,59165980.5824,0.0198106828938472
10077,21717.286816,2,59166000.64,0.0278208043928125
10078,21717.306816,1,59166020.6592,0.0197604851763067
10079,21717.326816,2,59166040.6784,0.0279386153625505
10080,21717.346816,1,59166060.5952,0.0198321962013646
10081,21717.366816,2,59166080.576,0.0280994529473231
10082,21717.386816,1,59166100.672,0.0197891695863298
10083,21717.406816,2,59166120.5632,0.0281394062327125
10084,21717.426816,1,59166140.5696,0.0197779007109636
10085,21717.446816,2,59166160.64,0.0282807793963981
10086,21717.466816,1,59166180.6976,0.0198250250988588
10087,21717.486816,2,59166200.7168,0.02825311942959
10088,21717.506816,1,59166220.6208,0.0198127317802774
10089,21717.526816,2,59166240.6144,0.0282705349642469
10090,21717.546816,1,59166260.7104,0.019817853996353
10091,21717.566816,2,59166280.6528,0.0281547728809392
10092,21717.586816,1,59166300.7232,0.0198516606224517
10093,21717.606816,2,59166320.6144,0.0281937017231135
10094,21717.626816,1,59166340.736,0.0197901940295449
10095,21717.646816,2,59166360.6016,0.0281547728809392
10096,21717.666816,1,59166380.608,0.0198321962013646
10097,21717.686816,2,59166400.64,0.0282152150306309
10098,21717.706816,1,59166420.6208,0.0198608806113877
10099,21717.726816,2,59166440.6144,0.0281773106316717
10100,21717.746816,1,59166460.6336,0.0197768762677485
10101,21717.766816,2,59166480.6016,0.0281762861884566
10102,21717.786816,1,59166500.6848,0.0198342450877948
10103,21717.806816,2,59166520.64,0.0281557973241543
10104,21717.826816,1,59166540.6464,0.0198844428053353
10105,21717.846816,2,59166560.704,0.0280472063433524
10106,21717.866816,1,59166580.6336,0.0198926383510562
10107,21717.886816,2,59166600.6912,0.0280154486036839
10108,21717.906816,1,59166620.8,0.0199254205339398
10109,21717.926816,2,59166640.704,0.0279222242711087
10110,21717.946816,1,59166660.672,0.0198332206445797
10111,21717.966816,2,59166680.7168,0.0279130042821726
10112,21717.986816,1,59166700.9664,0.0198188784395681
10113,21718.006816,2,59166720.6784,0.0280133997172537
10114,21718.026816,1,59166740.6464,0.0198660028274633
10115,21718.046816,2,59166760.6784,0.0281547728809392
10116,21718.066816,1,59166780.6336,0.0198516606224517
10117,21718.086816,2,59166800.832,0.028262339418526
10118,21718.106816,1,59166820.7872,0.0198619050546028
10119,21718.126816,2,59166840.6912,0.0282295572356424
10120,21718.146816,1,59166860.6592,0.0198342450877948
10121,21718.166816,2,59166880.6912,0.0281906283934681
10122,21718.186816,1,59166900.9408,0.0199233716475096
10123,21718.206816,2,59166920.6912,0.0281814084045321
10124,21718.226816,1,59166940.7488,0.0198373184174401
10125,21718.246816,2,59166960.7552,0.0280861351855267
10126,21718.266816,1,59166980.7488,0.0198537095088819
10127,21718.286816,2,59167001.0112,0.028189603950253
10128,21718.306816,1,59167020.6976,0.0198199028827832
10129,21718.326816,2,59167040.7552,0.0280584752187186
10130,21718.346816,1,59167060.7744,0.0198035117913414
10131,21718.366816,2,59167080.6912,0.028061548548364
10132,21718.386816,1,59167100.672,0.0198332206445797
10133,21718.406816,2,59167120.768,0.0280594996619337
10134,21718.426816,1,59167140.7488,0.0198209273259983
10135,21718.446816,2,59167160.7168,0.0282940971581945
10136,21718.466816,1,59167180.7616,0.0198311717581494
10137,21718.486816,2,59167200.832,0.0285942590202225
10138,21718.506816,1,59167220.7616,0.0198117073370623
10139,21718.526816,2,59167240.7808,0.0287397299567685
10140,21718.546816,1,59167260.7104,0.019854733952097
10141,21718.566816,2,59167280.7936,0.0288001721064601
10142,21718.586816,1,59167300.7744,0.0198096584506321
10143,21718.606816,2,59167320.768,0.0290911139795521
10144,21718.626816,1,59167340.7744,0.0197779007109636
10145,21718.646816,2,59167360.7168,0.0291484827995984
10146,21718.666816,1,59167380.7744,0.0197738029381031
10147,21718.686816,2,59167400.9472,0.0290460384780872
10148,21718.706816,1,59167420.7872,0.0197471674145102
10149,21718.726816,2,59167440.7424,0.0287438277296289
10150,21718.746816,1,59167460.7616,0.0197983895752658
10151,21718.766816,2,59167480.7424,0.0285645501669842
10152,21718.786816,1,59167500.8128,0.019754338517016
10153,21718.806816,2,59167520.7808,0.0285768434855656
10154,21718.826816,1,59167540.8,0.0198127317802774
10155,21718.846816,2,59167560.8192,0.0286926055688733
10156,21718.866816,1,59167580.8128,0.0198598561681726
10157,21718.886816,2,59167600.8448,0.0289190075194132
10158,21718.906816,1,59167620.7872,0.0198199028827832
10159,21718.926816,2,59167641.0112,0.0291556539021042
10160,21718.946816,1,59167660.8,0.0198117073370623
10161,21718.966816,2,59167680.8192,0.0291884360849878
10162,21718.986816,1,59167700.8512,0.0197840473702543
10163,21719.006816,2,59167720.8064,0.0294855246173705
10164,21719.026816,1,59167740.7616,0.0197348740959289
10165,21719.046816,2,59167760.8448,0.030182146003647
10166,21719.066816,1,59167780.8,0.0197656073923822
10167,21719.086816,2,59167801.0368,0.0309248673346036
10168,21719.106816,1,59167820.8256,0.0197830229270392
10169,21719.126816,2,59167840.832,0.0310775093736554
10170,21719.146816,1,59167860.8256,0.0197779007109636
10171,21719.166816,2,59167880.9856,0.0308019341487901
10172,21719.186816,1,59167900.9152,0.0197953162456205
10173,21719.206816,2,59167920.8448,0.0304751367631692
10174,21719.226816,1,59167940.8384,0.0198137562234925
10175,21719.246816,2,59167960.832,0.0302169770729608
10176,21719.266816,1,59167980.8384,0.0198024873481263
10177,21719.286816,2,59168001.024,0.029945499620956
10178,21719.306816,1,59168020.864,0.0198762472596144
10179,21719.326816,2,59168040.8192,0.029626897781056
10180,21719.346816,1,59168060.8512,0.0198076095642019
10181,21719.366816,2,59168081.0112,0.0295889933820968
10182,21719.386816,1,59168100.9024,0.019817853996353
10183,21719.406816,2,59168120.9728,0.0293912758415801
10184,21719.426816,1,59168140.8128,0.0198106828938472
10185,21719.446816,2,59168160.8704,0.0291976560739238
10186,21719.466816,1,59168180.8256,0.0198537095088819
10187,21719.486816,2,59168200.9472,0.0290224762841396
10188,21719.506816,1,59168220.8768,0.0197789251541787
10189,21719.526816,2,59168240.9344,0.0290736984448952
10190,21719.546816,1,59168260.8896,0.0197676562788125
10191,21719.566816,2,59168280.9216,0.0290839428770463
10192,21719.586816,1,59168300.8512,0.019735898539144
10193,21719.606816,2,59168320.9216,0.0294250824676788
10194,21719.626816,1,59168340.8768,0.0197471674145102
10195,21719.646816,2,59168360.9088,0.0299219374270084
10196,21719.666816,1,59168380.9024,0.019781998483824
10197,21719.686816,2,59168400.896,0.0302128793001004
10198,21719.706816,1,59168421.056,0.0197594607330916
10199,21719.726816,2,59168440.8704,0.0301759993443563
10200,21719.746816,1,59168460.8384,0.0197522896305858
10201,21719.766816,2,59168480.9472,0.030045895056037
10202,21719.786816,1,59168500.8896,0.019763558505952
10203,21719.806816,2,59168520.896,0.0299864773495605
10204,21719.826816,1,59168540.8896,0.0197113119019813
10205,21719.846816,2,59168560.8704,0.029945499620956
10206,21719.866816,1,59168580.9408,0.0197420451984347
10207,21719.886816,2,59168600.9472,0.0298696908230377
10208,21719.906816,1,59168620.8896,0.0197328252094986
10209,21719.926816,2,59168640.9728,0.0296555821910791
10210,21719.946816,1,59168660.9792,0.0197850718134694
10211,21719.966816,2,59168680.9856,0.0294732312987891
10212,21719.986816,1,59168701.0048,0.0197133607884115
10213,21720.006816,2,59168720.9728,0.0293584936586965
10214,21720.026816,1,59168740.9536,0.0197922429159752
10215,21720.046816,2,59168760.896,0.0294834757309402
10216,21720.066816,1,59168780.9792,0.0197789251541787
10217,21720.086816,2,59168801.0112,0.0295777245067306
10218,21720.106816,1,59168820.9408,0.0198168295531379
10219,21720.126816,2,59168840.9472,0.0296852910443174
10220,21720.146816,1,59168860.9152,0.0197942918024054
10221,21720.166816,2,59168880.9344,0.0297242198864917
10222,21720.186816,1,59168901.0944,0.0198127317802774
10223,21720.206816,2,59168920.9344,0.0296914377036081
10224,21720.226816,1,59168941.056,0.0198680517138935
10225,21720.246816,2,59168961.1264,0.0297313909889975
10226,21720.266816,1,59168980.9408,0.0198117073370623
10227,21720.286816,2,59169001.2416,0.0297221710000615
10228,21720.306816,1,59169021.0048,0.0198321962013646
10229,21720.326816,2,59169040.9728,0.0296309955539164
10230,21720.346816,1,59169060.9664,0.0197594607330916
10231,21720.366816,2,59169080.9216,0.0294681090827135
10232,21720.386816,1,59169101.1968,0.0198864916917655
10233,21720.406816,2,59169120.9728,0.0294476202184113
10234,21720.426816,1,59169140.9664,0.0197840473702543
10235,21720.446816,2,59169161.024,0.0295439178806319
10236,21720.466816,1,59169181.0176,0.019763558505952
10237,21720.486816,2,59169201.0368,0.0296863154875325
10238,21720.506816,1,59169221.312,0.0197666318355974
10239,21720.526816,2,59169240.96,0.0298881308009097
10240,21720.546816,1,59169261.0176,0.0198496117360215
10241,21720.566816,2,59169281.1904,0.0301749749011412
10242,21720.586816,1,59169301.0048,0.0197983895752658
10243,21720.606816,2,59169321.0368,0.0306052410514885
10244,21720.626816,1,59169340.9792,0.0197666318355974
10245,21720.646816,2,59169360.9984,0.0310949249083123
10246,21720.666816,1,59169381.0816,0.0197789251541787
10247,21720.686816,2,59169401.0624,0.0310990226811728
10248,21720.706816,1,59169421.0304,0.0198250250988588
10249,21720.726816,2,59169440.9984,0.0309299895506792
10250,21720.746816,1,59169461.0816,0.0199008338967771
10251,21720.766816,2,59169481.0752,0.0307630053066159
10252,21720.786816,1,59169501.0432,0.0198352695310099
10253,21720.806816,2,59169521.0368,0.0305509455610876
10254,21720.826816,1,59169541.0688,0.0197297518798533
10255,21720.846816,2,59169561.024,0.0303849857602393
10256,21720.866816,1,59169581.0688,0.0198260495420739
10257,21720.886816,2,59169601.0752,0.0301350216157518
10258,21720.906816,1,59169621.0048,0.0198342450877948
10259,21720.926816,2,59169641.0112,0.0298737885958981
10260,21720.946816,1,59169661.056,0.0198670272706784
10261,21720.966816,2,59169680.9856,0.0297426598643637
10262,21720.986816,1,59169701.056,0.0198741983731842
10263,21721.006816,2,59169721.1136,0.0297826131497531
10264,21721.026816,1,59169741.0176,0.0197963406888356
10265,21721.046816,2,59169761.0752,0.0295080623681029
10266,21721.066816,1,59169781.0816,0.0198291228717192
10267,21721.086816,2,59169801.0752,0.0293472247833303
10268,21721.106816,1,59169821.0304,0.0197922429159752
10269,21721.126816,2,59169841.0112,0.0293195648165222
10270,21721.146816,1,59169861.0304,0.0198096584506321
10271,21721.166816,2,59169881.1264,0.0293943491712254
10272,21721.186816,1,59169901.1968,0.0197758518245334
10273,21721.206816,2,59169921.0496,0.0296729977257361
10274,21721.226816,1,59169941.0944,0.0198168295531379
10275,21721.246816,2,59169961.0368,0.0297416354211486
10276,21721.266816,1,59169981.0688,0.0197973651320507
10277,21721.286816,2,59170001.2928,0.0297754420472473
10278,21721.306816,1,59170021.056,0.0198209273259983
10279,21721.326816,2,59170041.1264,0.0295295756756203
10280,21721.346816,1,59170061.0176,0.0198168295531379
10281,21721.366816,2,59170081.0752,0.0293646403179872
10282,21721.386816,1,59170101.248,0.0198158051099228
10283,21721.406816,2,59170121.1136,0.0292242915975168
10284,21721.426816,1,59170141.1072,0.0197942918024054
10285,21721.446816,2,59170161.1264,0.0290388673755814
10286,21721.466816,1,59170181.2736,0.0198219517692134
10287,21721.486816,2,59170201.088,0.0290060851926978
10288,21721.506816,1,59170221.1584,0.019808634007417
10289,21721.526816,2,59170241.0624,0.0290009629766222
10290,21721.546816,1,59170261.0688,0.0197471674145102
10291,21721.566816,2,59170281.1264,0.0288145143114717
10292,21721.586816,1,59170301.12,0.0198117073370623
10293,21721.606816,2,59170321.1392,0.0289476919294363
10294,21721.626816,1,59170341.1072,0.019817853996353
10295,21721.646816,2,59170361.1264,0.0289026164279714
10296,21721.666816,1,59170381.1328,0.0197328252094986
10297,21721.686816,2,59170401.2288,0.0288329542893437
10298,21721.706816,1,59170421.1328,0.019872149486754
10299,21721.726816,2,59170441.1648,0.0288196365275473
10300,21721.746816,1,59170461.1456,0.019799414018481
10301,21721.766816,2,59170481.1648,0.0286628967156351
10302,21721.786816,1,59170501.2864,0.0198434650767308
10303,21721.806816,2,59170521.152,0.0285245968815949
10304,21721.826816,1,59170541.1584,0.0198147806667076
10305,21721.846816,2,59170561.1392,0.0283811748314791
10306,21721.866816,1,59170581.12,0.0197922429159752
10307,21721.886816,2,59170601.28,0.0282582416456656
10308,21721.906816,1,59170621.184,0.0198137562234925
10309,21721.926816,2,59170641.0752,0.0283043415903456
10310,21721.946816,1,59170661.1968,0.019817853996353
10311,21721.966816,2,59170681.1264,0.028544061302682
10312,21721.986816,1,59170701.184,0.01974511852808
10313,21722.006816,2,59170721.1392,0.0285051324605077
10314,21722.026816,1,59170741.184,0.0197963406888356
10315,21722.046816,2,59170761.1392,0.0283115126928514
10316,21722.066816,1,59170781.2224,0.0197871206998996
10317,21722.086816,2,59170801.1264,0.0281998483824042
10318,21722.106816,1,59170821.2096,0.0197768762677485
10319,21722.126816,2,59170841.1904,0.0281322351302067
10320,21722.146816,1,59170861.1712,0.0198199028827832
10321,21722.166816,2,59170881.152,0.0280707685373
10322,21722.186816,1,59170901.2736,0.0197789251541787
10323,21722.206816,2,59170921.1648,0.0281312106869916
10324,21722.226816,1,59170941.1584,0.0197522896305858
10325,21722.246816,2,59170961.1648,0.0280492552297826
10326,21722.266816,1,59170981.2224,0.0198147806667076
10327,21722.286816,2,59171001.216,0.0279867641936607
10328,21722.306816,1,59171021.2352,0.0197563874034462
10329,21722.326816,2,59171041.2288,0.0280062286147479
10330,21722.346816,1,59171061.2096,0.0197932673591903
10331,21722.366816,2,59171081.1776,0.0281373573462823
10332,21722.386816,1,59171101.3376,0.0198260495420739
10333,21722.406816,2,59171121.216,0.0281312106869916
10334,21722.426816,1,59171141.2992,0.0198711250435388
10335,21722.446816,2,59171161.216,0.028044133013707
10336,21722.466816,1,59171181.2352,0.0197502407441556
10337,21722.486816,2,59171201.408,0.0280041797283177
10338,21722.506816,1,59171221.2224,0.0197932673591903
10339,21722.526816,2,59171241.2672,0.0279427131354109
10340,21722.546816,1,59171261.3504,0.0198004384616961
10341,21722.566816,2,59171281.1904,0.027880222099289
10342,21722.586816,1,59171301.376,0.0197143852316266
10343,21722.606816,2,59171321.2416,0.027880222099289
10344,21722.626816,1,59171341.2224,0.0197604851763067
10345,21722.646816,2,59171361.2032,0.0277900710963591
10346,21722.666816,1,59171381.2096,0.01974511852808
10347,21722.686816,2,59171401.4336,0.0278310488249636
10348,21722.706816,1,59171421.248,0.0197389718687893
10349,21722.726816,2,59171441.2928,0.027852562132481
10350,21722.746816,1,59171461.2096,0.019700043026615
10351,21722.766816,2,59171481.216,0.0279314442600447
10352,21722.786816,1,59171501.248,0.0197481918577253
10353,21722.806816,2,59171521.1904,0.0278914909746553
10354,21722.826816,1,59171541.2864,0.0196959452537546
10355,21722.846816,2,59171561.2544,0.0282541438728051
10356,21722.866816,1,59171581.2352,0.0197522896305858
10357,21722.886816,2,59171601.2928,0.0284037125822116
10358,21722.906816,1,59171621.2352,0.0196375519904932
10359,21722.926816,2,59171641.2544,0.0286065523388039
10360,21722.946816,1,59171661.2736,0.0197061896859057
10361,21722.966816,2,59171681.2544,0.0290941873091974
10362,21722.986816,1,59171701.312,0.0196805786055279
10363,21723.006816,2,59171721.2672,0.0295039645952425
10364,21723.026816,1,59171741.2736,0.0197277029934231
10365,21723.046816,2,59171761.2672,0.0295049890384576
10366,21723.066816,1,59171781.2736,0.019653943081935
10367,21723.086816,2,59171801.344,0.0293318581351036
10368,21723.106816,1,59171821.3504,0.019735898539144
10369,21723.126816,2,59171841.3056,0.0296422644292827
10370,21723.146816,1,59171861.2736,0.0197471674145102
10371,21723.166816,2,59171881.28,0.0299383285184502
10372,21723.186816,1,59171901.248,0.0197051652426906
10373,21723.206816,2,59171921.3312,0.0300807261253509
10374,21723.226816,1,59171941.376,0.0196785297190977
10375,21723.246816,2,59171961.344,0.0298512508451657
10376,21723.266816,1,59171981.376,0.0197318007662835
10377,21723.286816,2,59172001.3184,0.0297457331940091
10378,21723.306816,1,59172021.3248,0.0196477964226443
10379,21723.326816,2,59172041.2416,0.0294035691601615
10380,21723.346816,1,59172061.3248,0.0197072141291208
10381,21723.366816,2,59172081.3312,0.0292734648718422
10382,21723.386816,1,59172101.3248,0.0196754563894523
10383,21723.406816,2,59172121.3312,0.029181264982482
10384,21723.426816,1,59172141.2992,0.0197072141291208
10385,21723.446816,2,59172161.3824,0.0291146761734997
10386,21723.466816,1,59172181.2736,0.0197041407994755
10387,21723.486816,2,59172201.4464,0.0292673182125515
10388,21723.506816,1,59172221.312,0.0197225807773475
10389,21723.526816,2,59172241.344,0.0292847337472084
10390,21723.546816,1,59172261.3248,0.0197522896305858
10391,21723.566816,2,59172281.3312,0.0291433605835229
10392,21723.586816,1,59172301.3504,0.0198158051099228
10393,21723.606816,2,59172321.3184,0.0292201938246563
10394,21723.626816,1,59172341.4016,0.0197522896305858
10395,21723.646816,2,59172361.344,0.0290091585223431
10396,21723.666816,1,59172381.4656,0.0197686807220276
10397,21723.686816,2,59172401.4464,0.0289159341897679
10398,21723.706816,1,59172421.3632,0.0197912184727601
10399,21723.726816,2,59172441.344,0.0288708586883029
10400,21723.746816,1,59172461.2992,0.0198209273259983
10401,21723.766816,2,59172481.408,0.0286639211588502
10402,21723.786816,1,59172501.5424,0.0197922429159752
10403,21723.806816,2,59172521.408,0.028553281291618
10404,21723.826816,1,59172541.4016,0.0197768762677485
10405,21723.846816,2,59172561.3696,0.0284108836847174
10406,21723.866816,1,59172581.3376,0.019836293974225
10407,21723.886816,2,59172601.408,0.0284108836847174
10408,21723.906816,1,59172621.4528,0.0197840473702543
10409,21723.926816,2,59172641.3696,0.0283360993300141
10410,21723.946816,1,59172661.4144,0.0197031163562604
10411,21723.966816,2,59172681.3568,0.0282838527260434
10412,21723.986816,1,59172701.3888,0.0197389718687893
10413,21724.006848,2,59172721.408,0.0283033171471305
10414,21724.026848,1,59172741.4016,0.0197860962566845
10415,21724.046848,2,59172761.4592,0.0282008728256193
10416,21724.066848,1,59172781.4272,0.0198199028827832
10417,21724.086848,2,59172801.3568,0.0281394062327125
10418,21724.106848,1,59172821.504,0.0197533140738009
10419,21724.126848,2,59172841.4208,0.0280881840719569
10420,21724.146848,1,59172861.4144,0.0197307763230684
10421,21724.166848,2,59172881.5232,0.0281906283934681
10422,21724.186848,1,59172901.4784,0.0197041407994755
10423,21724.206848,2,59172921.4464,0.0282684860778167
10424,21724.226848,1,59172941.4656,0.0196805786055279
10425,21724.246848,2,59172961.408,0.0281496506648636
10426,21724.266848,1,59172981.4528,0.0197143852316266
10427,21724.286848,2,59173001.536,0.0280861351855267
10428,21724.306848,1,59173021.4272,0.0197471674145102
10429,21724.326848,2,59173041.4464,0.028034913024771
10430,21724.346848,1,59173061.4784,0.0197379474255742
10431,21724.366848,2,59173081.4976,0.0280656463212244
10432,21724.386848,1,59173101.5168,0.0197809740406089
10433,21724.406848,2,59173121.5744,0.0281875550638228
10434,21724.426848,1,59173141.44,0.0197758518245334
10435,21724.446848,2,59173161.4336,0.0282449238838691
10436,21724.466848,1,59173181.4272,0.0198024873481263
10437,21724.486848,2,59173201.4464,0.0280093019443932
10438,21724.506848,1,59173221.44,0.0196703341733768
10439,21724.526848,2,59173241.4592,0.0279560308972074
10440,21724.546848,1,59173261.4528,0.0197512651873707
10441,21724.566848,2,59173281.4976,0.028016473046899
10442,21724.586848,1,59173301.4528,0.0197236052205626
10443,21724.606848,2,59173321.4464,0.0281455528920032
10444,21724.626848,1,59173341.5168,0.0197328252094986
10445,21724.646848,2,59173361.4208,0.0283893703772
10446,21724.666848,1,59173381.504,0.0196600897412256
10447,21724.686848,2,59173401.4592,0.0286792878070769
10448,21724.706848,1,59173421.4784,0.0196662364005163
10449,21724.726848,2,59173441.4592,0.0289292519515643
10450,21724.746848,1,59173461.4912,0.0197492163009404
10451,21724.766848,2,59173481.5104,0.0292048271764296
10452,21724.786848,1,59173501.4784,0.0196600897412256
10453,21724.806848,2,59173521.4848,0.0290378429323663
10454,21724.826848,1,59173541.5296,0.0197031163562604
10455,21724.846848,2,59173561.4208,0.0287561210482103
10456,21724.866848,1,59173581.4528,0.0197379474255742
10457,21724.886848,2,59173601.5232,0.0286024545659434
10458,21724.906848,1,59173621.5296,0.0197574118466613
10459,21724.926848,2,59173641.5872,0.0283658081832524
10460,21724.946848,1,59173661.5424,0.0197225807773475
10461,21724.966848,2,59173681.4848,0.0282459483270842
10462,21724.986848,1,59173701.568,0.019763558505952
10463,21725.006848,2,59173721.4976,0.0279847153072305
10464,21725.026848,1,59173741.4784,0.0197369229823591
10465,21725.046848,2,59173761.5616,0.0280226197061897
10466,21725.066848,1,59173781.5552,0.0197082385723359
10467,21725.086848,2,59173801.6512,0.0279683242157887
10468,21725.106848,1,59173821.5936,0.0197174585612719
10469,21725.126848,2,59173841.4976,0.0278945643043006
10470,21725.146848,1,59173861.4784,0.0197133607884115
10471,21725.166848,2,59173881.472,0.0278781732128588
10472,21725.186848,1,59173901.504,0.0197020919130453
10473,21725.206848,2,59173921.5104,0.0278750998832135
10474,21725.226848,1,59173941.504,0.0196897985944639
10475,21725.246848,2,59173961.4976,0.0278064621878009
10476,21725.266848,1,59173981.5424,0.0196775052758826
10477,21725.286848,2,59174001.536,0.0277439711516791
10478,21725.306848,1,59174021.5168,0.0197686807220276
10479,21725.326848,2,59174041.6128,0.0278423177003299
10480,21725.346848,1,59174061.5296,0.019644723092999
10481,21725.366848,2,59174081.5104,0.0279048087364517
10482,21725.386848,1,59174101.5936,0.0196969696969697
10483,21725.406848,2,59174121.5232,0.0280338885815559
10484,21725.426848,1,59174141.5168,0.0196805786055279
10485,21725.446848,2,59174161.5616,0.0282551683160202
10486,21725.466848,1,59174181.5168,0.0197205318909173
10487,21725.486848,2,59174201.5104,0.0283473682053804
10488,21725.506848,1,59174221.568,0.0196785297190977
10489,21725.526848,2,59174241.5744,0.0285010346876473
10490,21725.546848,1,59174261.5808,0.0197297518798533
10491,21725.566848,2,59174281.5488,0.028644456737763
10492,21725.586848,1,59174301.5296,0.0197102874587662
10493,21725.606848,2,59174321.5616,0.0286680189317106
10494,21725.626848,1,59174341.5936,0.0196570164115803
10495,21725.646848,2,59174361.5488,0.0288298809596984
10496,21725.666848,1,59174381.6064,0.0196918474808941
10497,21725.686848,2,59174401.5616,0.0289548630319421
10498,21725.706848,1,59174421.568,0.0197041407994755
10499,21725.726848,2,59174441.6128,0.0290962361956277
10500,21725.746848,1,59174461.5296,0.0196764808326674
10501,21725.766848,2,59174481.5616,0.0293144426004467
10502,21725.786848,1,59174501.6576,0.0197184830044871
10503,21725.806848,2,59174521.6,0.0297211465568464
10504,21725.826848,1,59174541.6192,0.0197102874587662
10505,21725.846848,2,59174561.5744,0.0299506218370316
10506,21725.866848,1,59174581.568,0.0196293564447723
10507,21725.886848,2,59174601.6128,0.0300305284078104
10508,21725.906848,1,59174621.5936,0.0196703341733768
10509,21725.926848,2,59174641.5872,0.0296391910996373
10510,21725.946848,1,59174661.6192,0.0197236052205626
10511,21725.966848,2,59174681.5872,0.0294322535701846
10512,21725.986848,1,59174701.5552,0.0196928719241092
10513,21726.006848,2,59174721.6,0.0293830802958592
10514,21726.026848,1,59174741.5936,0.0196795541623128
10515,21726.046848,2,59174761.5488,0.0294353268998299
10516,21726.066848,1,59174781.6064,0.0196846763783883
10517,21726.086848,2,59174801.5872,0.0294199602516033
10518,21726.106848,1,59174821.6192,0.0196857008216035
10519,21726.126848,2,59174841.6384,0.0295224045731145
10520,21726.146848,1,59174861.5936,0.0197133607884115
10521,21726.166848,2,59174881.6256,0.0294875735038007
10522,21726.186848,1,59174901.632,0.019644723092999
10523,21726.206848,2,59174921.6128,0.0296924621468232
10524,21726.226848,1,59174941.7984,0.0197164341180568
10525,21726.246848,2,59174961.664,0.0295889933820968
10526,21726.266848,1,59174981.696,0.0197645829491671
10527,21726.286848,2,59175001.7664,0.0292273649271621
10528,21726.306848,1,59175021.7088,0.0196744319462372
10529,21726.326848,2,59175041.6768,0.0290153051816338
10530,21726.346848,1,59175061.696,0.0197297518798533
10531,21726.366848,2,59175081.7024,0.0289569119183724
10532,21726.386848,1,59175101.6704,0.0196396008769234
10533,21726.406848,2,59175121.664,0.0288841764500994
10534,21726.426848,1,59175141.632,0.01974511852808
10535,21726.446848,2,59175161.6896,0.0287868543446637
10536,21726.466848,1,59175181.6448,0.0197277029934231
10537,21726.486848,2,59175201.8048,0.0288032454361055
10538,21726.506848,1,59175221.632,0.0197860962566845
10539,21726.526848,2,59175241.6896,0.0287038744442396
10540,21726.546848,1,59175261.6576,0.0197676562788125
10541,21726.566848,2,59175281.6768,0.0287028500010244
10542,21726.586848,1,59175301.6576,0.0197533140738009
10543,21726.606848,2,59175321.7024,0.0286792878070769
10544,21726.626848,1,59175341.696,0.019781998483824
10545,21726.646848,2,59175361.6512,0.0285368902001762
10546,21726.666848,1,59175381.6832,0.0197830229270392
10547,21726.686848,2,59175401.9456,0.0283791259450489
10548,21726.706848,1,59175421.6832,0.0197113119019813
10549,21726.726848,2,59175441.6896,0.0282940971581945
10550,21726.746848,1,59175461.6576,0.0197277029934231
10551,21726.766848,2,59175481.664,0.0282141905874157
10552,21726.786848,1,59175501.8112,0.0198055606777716
10553,21726.806848,2,59175521.6896,0.0280748663101604
10554,21726.826848,1,59175541.7216,0.0197625340627369
10555,21726.846848,2,59175561.6896,0.0280707685373
10556,21726.866848,1,59175581.696,0.0197830229270392
10557,21726.886848,2,59175601.728,0.0279734464318643
10558,21726.906848,1,59175621.7216,0.0198403917470855
10559,21726.926848,2,59175641.6896,0.0279242731575389
10560,21726.946848,1,59175661.9008,0.0197563874034462
10561,21726.966848,2,59175681.7024,0.0279570553404225
10562,21726.986848,1,59175701.7216,0.0197051652426906
10563,21727.006848,2,59175721.7024,0.0280379863544164
10564,21727.026848,1,59175741.7472,0.0197656073923822
10565,21727.046848,2,59175761.8304,0.0282326305652878
10566,21727.066848,1,59175781.7216,0.0198209273259983
10567,21727.086848,2,59175801.728,0.0280492552297826
10568,21727.106848,1,59175822.528,0.0197164341180568
10569,21727.126848,2,59175841.7408,0.0279672997725736
10570,21727.146848,1,59175861.7216,0.0197522896305858
10571,21727.166848,2,59175881.7664,0.0278587087917717
10572,21727.186848,1,59175901.8624,0.0197492163009404
10573,21727.206848,2,59175921.8432,0.0277470444813244
10574,21727.226848,1,59175941.7472,0.0197184830044871
10575,21727.246848,2,59175961.7536,0.0276476734894585
10576,21727.266848,1,59175981.7344,0.0198117073370623
10577,21727.286848,2,59176001.8816,0.0275278136332903
10578,21727.306848,1,59176021.7344,0.0197789251541787
10579,21727.326848,2,59176041.7664,0.0273782449238839
10580,21727.346848,1,59176061.7728,0.0197871206998996
10581,21727.366848,2,59176081.7408,0.0274448337328662
10582,21727.386848,1,59176101.7344,0.0197236052205626
10583,21727.406848,2,59176121.8432,0.0273321449792038
10584,21727.426848,1,59176141.7472,0.0198004384616961
10585,21727.446848,2,59176161.9328,0.0273485360706456
10586,21727.466848,1,59176181.7856,0.0198158051099228
10587,21727.486848,2,59176201.8048,0.0273649271620874
10588,21727.506848,1,59176221.7856,0.0197922429159752
10589,21727.526848,2,59176241.7664,0.0273987337881861
10590,21727.546848,1,59176261.76,0.0198414161903006
10591,21727.566848,2,59176281.7536,0.0274653225971684
10592,21727.586848,1,59176301.8368,0.0197686807220276
10593,21727.606848,2,59176321.792,0.0274755670293196
10594,21727.626848,1,59176341.7984,0.0198045362345565
10595,21727.646848,2,59176361.7792,0.027597475771918
10596,21727.666848,1,59176381.8624,0.0198065851209867
10597,21727.686848,2,59176401.792,0.0278443665867601
10598,21727.706848,1,59176421.8112,0.0198260495420739
10599,21727.726848,2,59176441.856,0.0281219906980556
10600,21727.746848,1,59176461.8112,0.0197830229270392
10601,21727.766848,2,59176481.8048,0.028089208515172
10602,21727.786848,1,59176501.9776,0.0197461429712951
10603,21727.806848,2,59176521.792,0.0278535865756961
10604,21727.826848,1,59176541.824,0.0196979941401848
10605,21727.846848,2,59176561.8176,0.0278289999385334
10606,21727.866848,1,59176581.7984,0.0197420451984347
10607,21727.886848,2,59176601.8432,0.0279140287253878
10608,21727.906848,1,59176621.8112,0.0196795541623128
10609,21727.926848,2,59176641.8176,0.0278658798942775
10610,21727.946848,1,59176661.9136,0.0198045362345565
10611,21727.966848,2,59176681.8048,0.0278023644149405
10612,21727.986848,1,59176701.8368,0.0196826274919581
10613,21728.006848,2,59176721.8432,0.0277562644702604
10614,21728.026848,1,59176741.8368,0.0197072141291208
10615,21728.046848,2,59176761.9968,0.0278843198721495
10616,21728.066848,1,59176781.8368,0.0196826274919581
10617,21728.086848,2,59176801.8432,0.0277531911406151
10618,21728.106848,1,59176821.8752,0.01974511852808
10619,21728.126848,2,59176841.856,0.0278740754399984
10620,21728.146848,1,59176861.8368,0.0197830229270392
10621,21728.166848,2,59176881.984,0.0278382199274694
10622,21728.186848,1,59176901.8496,0.0197830229270392
10623,21728.206848,2,59176921.8816,0.0277572889134755
10624,21728.226848,1,59176941.8752,0.0197522896305858
10625,21728.246848,2,59176961.8688,0.0279130042821726
10626,21728.266848,1,59176981.8752,0.0197512651873707
10627,21728.286848,2,59177001.8816,0.0279293953736144
10628,21728.306848,1,59177021.8624,0.0197604851763067
10629,21728.326848,2,59177041.8688,0.0279406642489807
10630,21728.346848,1,59177061.8752,0.0198147806667076
10631,21728.366848,2,59177081.856,0.0279652508861434
10632,21728.386848,1,59177101.8752,0.0197430696416498
10633,21728.406848,2,59177122.0608,0.0279734464318643
10634,21728.426848,1,59177141.8624,0.0197574118466613
10635,21728.446848,2,59177162.0736,0.0280338885815559
10636,21728.466848,1,59177181.9776,0.0197379474255742
10637,21728.486848,2,59177201.8816,0.028361710410392
10638,21728.506848,1,59177221.9136,0.0198240006556437
10639,21728.526848,2,59177241.8944,0.0285614768373389
10640,21728.546848,1,59177261.888,0.0197420451984347
10641,21728.566848,2,59177282.048,0.0286116745548794
10642,21728.586848,1,59177301.9776,0.0197860962566845
10643,21728.606848,2,59177321.9328,0.0285430368594669
10644,21728.626848,1,59177341.9392,0.0197533140738009
10645,21728.646848,2,59177361.8944,0.0283914192636302
10646,21728.666848,1,59177381.952,0.0197656073923822
10647,21728.686848,2,59177401.92,0.0284610814022579
10648,21728.706848,1,59177421.9264,0.0197574118466613
10649,21728.726848,2,59177441.92,0.0286874833527978
10650,21728.746848,1,59177461.9264,0.0197133607884115
10651,21728.766848,2,59177481.9328,0.0286219189870306
10652,21728.786848,1,59177501.9392,0.0197287274366382
10653,21728.806848,2,59177521.92,0.0284282992193743
10654,21728.826848,1,59177541.9264,0.0197471674145102
10655,21728.846848,2,59177562.112,0.0283053660335608
10656,21728.866848,1,59177581.9264,0.0197615096195218
10657,21728.886848,2,59177602.0224,0.0281988239391891
10658,21728.906848,1,59177621.9392,0.0197574118466613
10659,21728.926848,2,59177641.9712,0.0280420841272768
10660,21728.946848,1,59177661.9264,0.0198127317802774
10661,21728.966848,2,59177681.9584,0.0281291618005614
10662,21728.986848,1,59177702.0544,0.0197522896305858
10663,21729.006848,2,59177721.9584,0.0280605241051489
10664,21729.026848,1,59177741.9392,0.0197369229823591
10665,21729.046848,2,59177761.9456,0.0280369619112013
10666,21729.066848,1,59177781.9648,0.0197522896305858
10667,21729.086848,2,59177801.9456,0.0280666707644395
10668,21729.106848,1,59177822.08,0.019763558505952
10669,21729.126848,2,59177841.9584,0.0279929108529514
10670,21729.146848,1,59177861.952,0.0198004384616961
10671,21729.166848,2,59177881.9968,0.0279744708750794
10672,21729.186848,1,59177901.9648,0.0197440940848649
10673,21729.206848,2,59177922.0608,0.0278812465425042
10674,21729.226848,1,59177941.9904,0.0197830229270392
10675,21729.246848,2,59177962.0096,0.0276568934783945
10676,21729.266848,1,59177982.0288,0.0197676562788125
10677,21729.286848,2,59178001.9968,0.0276876267748479
10678,21729.306848,1,59178021.9648,0.0197184830044871
10679,21729.326848,2,59178042.0352,0.0276630401376852
10680,21729.346848,1,59178061.9904,0.0197215563341324
10681,21729.366848,2,59178081.984,0.0279078820660971
10682,21729.386848,1,59178102.0032,0.019690823037679
10683,21729.406848,2,59178122.0352,0.0278822709857193
10684,21729.426848,1,59178142.0032,0.0197584362898765
10685,21729.446848,2,59178162.1248,0.0278187555063823
10686,21729.466848,1,59178181.9904,0.0197594607330916
10687,21729.486848,2,59178202.048,0.027725531173807
10688,21729.506848,1,59178222.016,0.0197748273813183
10689,21729.526848,2,59178242.0352,0.027761386686336
10690,21729.546848,1,59178262.0544,0.0198035117913414
10691,21729.566848,2,59178282.0352,0.0278289999385334
10692,21729.586848,1,59178302.0672,0.0197738029381031
10693,21729.606848,2,59178322.0224,0.0277931444260045
10694,21729.626848,1,59178342.0288,0.0198209273259983
10695,21729.646848,2,59178361.984,0.0277183600713012
10696,21729.666848,1,59178382.0032,0.0198240006556437
10697,21729.686848,2,59178402.176,0.0278576843485566
10698,21729.706848,1,59178422.016,0.0198199028827832
10699,21729.726848,2,59178441.9968,0.0278955887475157
10700,21729.746848,1,59178462.0544,0.0198219517692134
10701,21729.766848,2,59178482.0864,0.0280410596840617
10702,21729.786848,1,59178502.0416,0.0198567828385273
10703,21729.806848,2,59178522.0608,0.0283371237732293
10704,21729.826848,1,59178542.08,0.0198557583953122
10705,21729.846848,2,59178562.0608,0.0286659700452804
10706,21729.866848,1,59178582.0672,0.0197830229270392
10707,21729.886848,2,59178602.368,0.0288073432089659
10708,21729.906848,1,59178622.0544,0.0197871206998996
10709,21729.926848,2,59178642.048,0.0288472964943553
10710,21729.946848,1,59178662.0928,0.0197779007109636
10711,21729.966848,2,59178682.048,0.0290757473313254
10712,21729.986848,1,59178702.0416,0.0197891695863298
10713,21730.006848,2,59178722.0992,0.029090089536337
10714,21730.026848,1,59178742.0544,0.0197973651320507
10715,21730.046848,2,59178762.0736,0.0291228717192206
10716,21730.066848,1,59178782.0928,0.0197471674145102
10717,21730.086848,2,59178802.0736,0.0290593562398836
10718,21730.106848,1,59178822.08,0.0197963406888356
10719,21730.126848,2,59178842.0992,0.0290603806830987
10720,21730.146848,1,59178862.0672,0.0197553629602311
10721,21730.166848,2,59178882.112,0.0291464339131682
10722,21730.186848,1,59178902.0928,0.0197983895752658
10723,21730.206848,2,59178922.1504,0.029153605015674
10724,21730.226848,1,59178942.1312,0.01974511852808
10725,21730.246848,2,59178962.0864,0.0289384719405003
10726,21730.266848,1,59178982.1184,0.0198199028827832
10727,21730.286848,2,59179002.2144,0.0288544675968611
10728,21730.306848,1,59179022.1056,0.0198393673038703
10729,21730.326848,2,59179042.2144,0.0286649456020653
10730,21730.346848,1,59179062.1056,0.0197563874034462
10731,21730.366848,2,59179082.1248,0.0286188456573852
10732,21730.386848,1,59179102.1056,0.0197973651320507
10733,21730.406848,2,59179122.112,0.0284549347429672
10734,21730.426848,1,59179142.1056,0.0197666318355974
10735,21730.446848,2,59179162.2016,0.0282131661442006
10736,21730.466848,1,59179182.144,0.0198301473149343
10737,21730.486848,2,59179202.2016,0.0281127707091196
10738,21730.506848,1,59179222.1184,0.0198168295531379
10739,21730.526848,2,59179242.1248,0.0279775442047247
10740,21730.546848,1,59179262.1184,0.0198424406335157
10741,21730.566848,2,59179282.1504,0.0279242731575389
10742,21730.586848,1,59179302.1312,0.0198014629049112
10743,21730.606848,2,59179322.1632,0.0278382199274694
10744,21730.626848,1,59179342.1568,0.0198475628495912
10745,21730.646848,2,59179362.1504,0.0277040178662897
10746,21730.666848,1,59179382.1696,0.0197953162456205
10747,21730.686848,2,59179402.1632,0.0276671379105456
10748,21730.706848,1,59179422.1312,0.0198188784395681
10749,21730.726848,2,59179442.1504,0.0275267891900752
10750,21730.746848,1,59179462.1824,0.0198465384063761
10751,21730.766848,2,59179482.1504,0.0274991292232672
10752,21730.786848,1,59179502.2592,0.0198342450877948
10753,21730.806848,2,59179522.1504,0.0273639027188723
10754,21730.826848,1,59179542.4128,0.0198393673038703
10755,21730.846848,2,59179562.2144,0.0274837625750405
10756,21730.866848,1,59179582.1696,0.019836293974225
10757,21730.886848,2,59179602.2656,0.0274550781650173
10758,21730.906848,1,59179622.1696,0.0198895650214109
10759,21730.926848,2,59179642.1632,0.0274018071178315
10760,21730.946848,1,59179662.1952,0.0198383428606552
10761,21730.966848,2,59179682.1632,0.0273925871288954
10762,21730.986848,1,59179702.1824,0.0198127317802774
10763,21731.006848,2,59179722.2016,0.0273178027741922
10764,21731.026848,1,59179742.1824,0.0198250250988588
10765,21731.046848,2,59179762.1888,0.027406929333907
10766,21731.066848,1,59179782.208,0.0198526850656668
10767,21731.086848,2,59179802.176,0.0273669760485176
10768,21731.106848,1,59179822.2592,0.0198321962013646
10769,21731.126848,2,59179842.2016,0.0273393160817096
10770,21731.146848,1,59179862.208,0.0197942918024054
10771,21731.166848,2,59179882.2784,0.0272921916938144
10772,21731.186848,1,59179902.336,0.0198096584506321
10773,21731.206848,2,59179922.3424,0.0273178027741922
10774,21731.226848,1,59179942.2208,0.0198158051099228
10775,21731.246848,2,59179962.2144,0.0272553117380704
10776,21731.266848,1,59179982.2208,0.0198967361239166
10777,21731.286848,2,59180002.24,0.0272297006576925
10778,21731.306848,1,59180022.2208,0.0198649783842482
10779,21731.326848,2,59180042.2272,0.0272266273280472
10780,21731.346848,1,59180062.2464,0.0198280984285041
10781,21731.366848,2,59180082.304,0.0272225295551868
10782,21731.386848,1,59180102.3616,0.0197850718134694
10783,21731.406848,2,59180122.304,0.0272440428627041
10784,21731.426848,1,59180142.2592,0.0198342450877948
10785,21731.446848,2,59180162.2784,0.0271364763251173
10786,21731.466848,1,59180182.2976,0.0197697051652427
10787,21731.486848,2,59180202.2272,0.0273229249902678
10788,21731.506848,1,59180222.2592,0.0198158051099228
10789,21731.526848,2,59180242.3296,0.027334193865634
10790,21731.546848,1,59180262.3104,0.0197707296084578
10791,21731.566848,2,59180282.2528,0.0273987337881861
10792,21731.586848,1,59180302.3104,0.0198045362345565
10793,21731.606848,2,59180322.304,0.0274489315057266
10794,21731.626848,1,59180342.3616,0.0198168295531379
10795,21731.646848,2,59180362.2656,0.0274755670293196
10796,21731.666848,1,59180382.2592,0.0198526850656668
10797,21731.686848,2,59180402.3296,0.0274683959268138
10798,21731.706848,1,59180422.2976,0.0198854672485504
10799,21731.726848,2,59180442.2656,0.0274284426414244
10800,21731.746848,1,59180462.2848,0.0197891695863298
10801,21731.766848,2,59180482.2656,0.0273618538324421
10802,21731.786848,1,59180502.3744,0.0198957116807015
10803,21731.806848,2,59180522.2784,0.0274304915278546
10804,21731.826848,1,59180542.2976,0.0198147806667076
10805,21731.846848,2,59180562.304,0.0274356137439302
10806,21731.866848,1,59180582.2848,0.0197942918024054
10807,21731.886848,2,59180602.4832,0.0274141004364128
10808,21731.906848,1,59180622.3104,0.0198403917470855
10809,21731.926848,2,59180642.2784,0.0272932161370295
10810,21731.946848,1,59180662.2976,0.0198219517692134
10811,21731.966848,2,59180682.3296,0.0273188272174073
10812,21731.986848,1,59180702.3104,0.0198106828938472
10813,21732.006848,2,59180722.304,0.0273085827852562
10814,21732.026848,1,59180742.3104,0.0198485872928064
10815,21732.046848,2,59180762.368,0.0273044850123958
10816,21732.066848,1,59180782.3488,0.0198731739299691
10817,21732.086848,2,59180802.3168,0.0271846251562276
10818,21732.106848,1,59180822.3616,0.0198117073370623
10819,21732.126848,2,59180842.3552,0.027106767471879
10820,21732.146848,1,59180862.2976,0.0198188784395681
10821,21732.166848,2,59180882.3552,0.0271180363472453
10822,21732.186848,1,59180902.4128,0.0198209273259983
10823,21732.206848,2,59180922.3168,0.0270770586186408
10824,21732.226848,1,59180942.4256,0.0198240006556437
10825,21732.246848,2,59180962.3552,0.0270258364578851
10826,21732.266848,1,59180982.3232,0.019808634007417
10827,21732.286848,2,59181002.3296,0.0270032987071527
10828,21732.306848,1,59181022.336,0.0198660028274633
10829,21732.326848,2,59181042.3296,0.027079107505071
10830,21732.346848,1,59181062.3872,0.0197901940295449
10831,21732.366848,2,59181082.3552,0.0269899809453562
10832,21732.386848,1,59181102.3744,0.0198342450877948
10833,21732.406848,2,59181122.3808,0.0270289097875305
10834,21732.426848,1,59181142.3616,0.0197758518245334
10835,21732.446848,2,59181162.3552,0.0269541254328273
10836,21732.466848,1,59181182.3744,0.0198936627942713
10837,21732.486848,2,59181202.368,0.0270176409121642
10838,21732.506848,1,59181222.3872,0.0198680517138935
10839,21732.526848,2,59181242.3808,0.0271016452558035
10840,21732.546848,1,59181262.3872,0.0199008338967771
10841,21732.566848,2,59181282.4064,0.027142622984408
10842,21732.586848,1,59181302.3616,0.0198772717028295
10843,21732.606848,2,59181322.4064,0.0271436474276231
10844,21732.626848,1,59181342.528,0.0198741983731842
10845,21732.646848,2,59181362.368,0.0271661851783556
10846,21732.666848,1,59181382.5152,0.0198444895199459
10847,21732.686848,2,59181402.3808,0.0270780830618559
10848,21732.706848,1,59181422.4128,0.0199162005450038
10849,21732.726848,2,59181442.5088,0.02716106296228
10850,21732.746848,1,59181462.3872,0.0198598561681726
10851,21732.766848,2,59181482.3808,0.0270903763804372
10852,21732.786848,1,59181502.4256,0.0199172249882189
10853,21732.806848,2,59181522.3936,0.0270739852889954
10854,21732.826848,1,59181542.3744,0.0198741983731842
10855,21732.846848,2,59181562.4576,0.0271999918044543
10856,21732.866848,1,59181582.3872,0.0198670272706784
10857,21732.886848,2,59181602.4064,0.0273270227631282
10858,21732.906848,1,59181622.4,0.0198875161349806
10859,21732.926848,2,59181642.4192,0.0273208761038376
10860,21732.946848,1,59181662.464,0.0198260495420739
10861,21732.966848,2,59181682.5344,0.0272788739320179
10862,21732.986848,1,59181702.5664,0.01992746942037
10863,21733.006848,2,59181722.56,0.0273516094002909
10864,21733.026848,1,59181742.4128,0.0198393673038703
10865,21733.046848,2,59181762.4448,0.0274130759931977
10866,21733.066848,1,59181782.7712,0.0198209273259983
10867,21733.086848,2,59181802.4192,0.0273567316163665
10868,21733.106848,1,59181822.4512,0.0198158051099228
10869,21733.126848,2,59181842.4576,0.0272860450345237
10870,21733.146848,1,59181862.4384,0.0198475628495912
10871,21733.166848,2,59181882.4704,0.027252238408425
10872,21733.186848,1,59181902.4384,0.0198690761571086
10873,21733.206848,2,59181922.4576,0.0271917962587334
10874,21733.226848,1,59181942.4512,0.01988136947569
10875,21733.246848,2,59181962.432,0.0272020406908845
10876,21733.266848,1,59181982.4896,0.0198444895199459
10877,21733.286848,2,59182002.4576,0.0272409695330588
10878,21733.306848,1,59182022.4512,0.0198649783842482
10879,21733.326848,2,59182042.56,0.0272563361812855
10880,21733.346848,1,59182062.4896,0.0198301473149343
10881,21733.366848,2,59182082.4576,0.0272594095109308
10882,21733.386848,1,59182102.8096,0.0198731739299691
10883,21733.406848,2,59182122.496,0.0272809228184482
10884,21733.426848,1,59182142.4768,0.0198690761571086
10885,21733.446848,2,59182162.496,0.0272491650787797
10886,21733.466848,1,59182182.4896,0.0198578072817424
10887,21733.486848,2,59182202.5728,0.027151842973344
10888,21733.506848,1,59182222.4896,0.019808634007417
10889,21733.526848,2,59182242.4832,0.0271446718708382
10890,21733.546848,1,59182262.4768,0.0198598561681726
10891,21733.566848,2,59182282.496,0.0272583850677157
10892,21733.586848,1,59182302.4384,0.019918249431434
10893,21733.606848,2,59182322.5088,0.0273188272174073
10894,21733.626848,1,59182342.5024,0.0198854672485504
10895,21733.646848,2,59182362.4832,0.0274970803368369
10896,21733.666848,1,59182382.5024,0.0198598561681726
10897,21733.686848,2,59182402.688,0.0276743090130514
10898,21733.706848,1,59182422.5024,0.0198496117360215
10899,21733.726848,2,59182442.5344,0.0277347511627431
10900,21733.746848,1,59182462.5152,0.0198434650767308
10901,21733.766848,2,59182482.5216,0.028016473046899
10902,21733.786848,1,59182502.7712,0.0198680517138935
10903,21733.806848,2,59182522.5088,0.0279939352961665
10904,21733.826848,1,59182542.5024,0.0197881451431147
10905,21733.846848,2,59182562.5472,0.0278863687585797
10906,21733.866848,1,59182582.5024,0.0198045362345565
10907,21733.886848,2,59182602.5472,0.0280789640830209
10908,21733.906848,1,59182622.6048,0.0198106828938472
10909,21733.926848,2,59182642.5728,0.0279109553957424
10910,21733.946848,1,59182663.0016,0.0198321962013646
10911,21733.966848,2,59182682.9056,0.0278146577335218
10912,21733.986848,1,59182702.592,0.0198619050546028
10913,21734.006848,2,59182722.56,0.0279211998278935
10914,21734.026848,1,59182742.6048,0.0198352695310099
10915,21734.046848,2,59182762.7904,0.0281045751633987
10916,21734.066848,1,59182783.232,0.0197973651320507
10917,21734.086848,2,59182802.5472,0.0281332595734218
10918,21734.106848,1,59182822.592,0.0198291228717192
10919,21734.126848,2,59182842.56,0.0281824328477472
10920,21734.146848,1,59182862.5536,0.0198895650214109
10921,21734.166848,2,59182882.5216,0.028007253057963
10922,21734.186848,1,59182903.5264,0.0198803450324748
10923,21734.206848,2,59182922.5472,0.0279867641936607
10924,21734.226848,1,59182942.6432,0.0198752228163993
10925,21734.246848,2,59182962.56,0.0277716311184871
10926,21734.266848,1,59182982.592,0.019854733952097
10927,21734.286848,2,59183002.6112,0.0277542155838302
10928,21734.306848,1,59183022.6944,0.0198065851209867
10929,21734.326848,2,59183042.5856,0.0276609912512549
10930,21734.346848,1,59183063.4752,0.0198199028827832
10931,21734.366848,2,59183082.9312,0.0275032269961276
10932,21734.386848,1,59183102.848,0.0197881451431147
10933,21734.406848,2,59183122.6624,0.0275144958714938
10934,21734.426848,1,59183142.6176,0.0198434650767308
10935,21734.446848,2,59183162.7136,0.027725531173807
10936,21734.466848,1,59183182.6816,0.0198055606777716
10937,21734.486848,2,59183202.9952,0.0284303481058045
10938,21734.506848,1,59183222.6816,0.0197912184727601
10939,21734.526848,2,59183242.8288,0.0292867826336386
10940,21734.546848,1,59183262.6304,0.0197840473702543
10941,21734.566848,2,59183282.7008,0.0297733931608171
10942,21734.586848,1,59183302.656,0.0197768762677485
10943,21734.606848,2,59183322.816,0.0295828467228062
10944,21734.626848,1,59183342.656,0.0198065851209867
10945,21734.646848,2,59183362.6624,0.0292396582457434
10946,21734.666848,1,59183382.7072,0.0197707296084578
10947,21734.686848,2,59183402.6752,0.0288452476079251
10948,21734.706848,1,59183422.8224,0.0198117073370623
10949,21734.726848,2,59183442.6752,0.0285071813469379
10950,21734.746848,1,59183462.7072,0.0198280984285041
10951,21734.766848,2,59183483.3536,0.028489765812281
10952,21734.786848,1,59183503.04,0.0198291228717192
10953,21734.806848,2,59183522.7264,0.0283330260003688
10954,21734.826848,1,59183542.912,0.0198701006003237
10955,21734.846848,2,59183563.52,0.0282551683160202
10956,21734.866848,1,59183582.72,0.019781998483824
10957,21734.886848,2,59183603.0976,0.0287796832421579
10958,21734.906848,1,59183622.6816,0.0198537095088819
10959,21734.926848,2,59183642.6368,0.0298235908783576
10960,21734.946848,1,59183662.8096,0.0198158051099228
10961,21734.966848,2,59183682.8288,0.0305304566967853
10962,21734.986848,1,59183702.72,0.0197522896305858
10963,21735.006848,2,59183722.7648,0.0310693138279345
10964,21735.026848,1,59183743.5008,0.0197953162456205
10965,21735.046848,2,59183762.6752,0.0310754604872252
10966,21735.066848,1,59183782.9376,0.0197615096195218
10967,21735.086848,2,59183803.072,0.0308111541377261
10968,21735.106848,1,59183823.2832,0.0198024873481263
10969,21735.126848,2,59183843.0336,0.0303624480095068
10970,21735.146848,1,59183862.7456,0.0198106828938472
10971,21735.166848,2,59183882.7136,0.0302241481754666
10972,21735.186848,1,59183902.7328,0.0197615096195218
10973,21735.206848,2,59183922.9184,0.0297990042411949
10974,21735.226848,1,59183942.8096,0.0197912184727601
10975,21735.246848,2,59183962.7776,0.0293236625893827
10976,21735.266848,1,59183982.6816,0.0198393673038703
10977,21735.286848,2,59184002.7776,0.0290952117524126
10978,21735.306848,1,59184022.6944,0.0197809740406089
10979,21735.326848,2,59184043.6352,0.0289056897576167
10980,21735.346848,1,59184063.488,0.0198383428606552
10981,21735.366848,2,59184082.7904,0.0287632921507161
10982,21735.386848,1,59184103.0144,0.0197584362898765
10983,21735.406848,2,59184122.9184,0.0287643165939312
10984,21735.426848,1,59184142.7968,0.0197942918024054
10985,21735.446848,2,59184162.7136,0.028553281291618
10986,21735.466848,1,59184182.72,0.0198117073370623
10987,21735.486848,2,59184202.7136,0.0284119081279325
10988,21735.506848,1,59184222.7456,0.0197901940295449
10989,21735.526848,2,59184243.8656,0.028417030344008
10990,21735.546848,1,59184262.7712,0.0197697051652427
10991,21735.566848,2,59184282.7264,0.0285358657569611
10992,21735.586848,1,59184302.7328,0.0197072141291208
10993,21735.606848,2,59184323.0976,0.0289087630872621
10994,21735.626848,1,59184342.7328,0.019735898539144
10995,21735.646848,2,59184363.6736,0.0292857581904235
10996,21735.666848,1,59184382.9376,0.0197430696416498
10997,21735.686848,2,59184402.752,0.0294845001741553
10998,21735.706848,1,59184422.7328,0.0197779007109636
10999,21735.726848,2,59184442.752,0.0294496691048415
11000,21735.746848,1,59184462.7328,0.0197512651873707
11001,21735.766848,2,59184482.7392,0.0294619624234229
11002,21735.786848,1,59184502.7712,0.0197563874034462
11003,21735.806848,2,59184522.752,0.0293595181019116
11004,21735.826848,1,59184542.784,0.0197348740959289
11005,21735.846848,2,59184562.7648,0.0294465957751962
11006,21735.866848,1,59184582.7456,0.0197891695863298
11007,21735.886848,2,59184602.752,0.0295510889831377
11008,21735.906848,1,59184622.7712,0.0197656073923822
11009,21735.926848,2,59184642.752,0.0294967934927367
11010,21735.946848,1,59184663.1808,0.0197440940848649
11011,21735.966848,2,59184682.7648,0.0296514844182187
11012,21735.986848,1,59184702.7712,0.0197471674145102
11013,21736.006848,2,59184722.7904,0.0298010531276251
11014,21736.026848,1,59184742.7968,0.0197707296084578
11015,21736.046848,2,59184762.7904,0.0299147663245026
11016,21736.066848,1,59184782.7968,0.0197512651873707
11017,21736.086848,2,59184802.752,0.0300551150449731
11018,21736.106848,1,59184822.7968,0.0197113119019813
11019,21736.126848,2,59184842.7904,0.0297344643186428
11020,21736.146848,1,59184862.7712,0.0196682852869465
11021,21736.166848,2,59184883.2512,0.0295715778474399
11022,21736.186848,1,59184902.7968,0.0197082385723359
11023,21736.206848,2,59184922.8288,0.0293584936586965
11024,21736.226848,1,59184942.8096,0.0197215563341324
11025,21736.246848,2,59184963.4304,0.0293134181572315
11026,21736.266848,1,59184982.8096,0.0197758518245334
11027,21736.286848,2,59185002.816,0.0292744893150573
11028,21736.306848,1,59185022.8096,0.0197430696416498
11029,21736.326848,2,59185042.8416,0.0291802405392669
11030,21736.346848,1,59185062.8224,0.0197143852316266
11031,21736.366848,2,59185082.816,0.0291566783453193
11032,21736.386848,1,59185102.8224,0.0197461429712951
11033,21736.406848,2,59185122.816,0.0289948163173315
11034,21736.426848,1,59185142.8096,0.0197563874034462
11035,21736.446848,2,59185162.8288,0.0289835474419653
11036,21736.466848,1,59185182.8352,0.0198168295531379
11037,21736.486848,2,59185202.8416,0.0287827565718032
11038,21736.506848,1,59185222.848,0.0198301473149343
11039,21736.526848,2,59185243.4688,0.0287366566271232
11040,21736.546848,1,59185263.1808,0.019763558505952
11041,21736.566848,2,59185282.88,0.0286577744995595
11042,21736.586848,1,59185302.848,0.0197215563341324
11043,21736.606848,2,59185322.8672,0.0284764480504846
11044,21736.626848,1,59185342.8992,0.0197051652426906
11045,21736.646848,2,59185362.8288,0.0283699059561128
11046,21736.666848,1,59185382.8608,0.0197061896859057
11047,21736.686848,2,59185402.8416,0.0282848771692585
11048,21736.706848,1,59185422.8736,0.0197738029381031
11049,21736.726848,2,59185442.88,0.0282039461552646
11050,21736.746848,1,59185462.8608,0.0197461429712951
11051,21736.766848,2,59185482.9568,0.0281742373020263
11052,21736.786848,1,59185502.8992,0.0197461429712951
11053,21736.806848,2,59185522.8544,0.0282305816788575
11054,21736.826848,1,59185543.0912,0.0196611141844408
11055,21736.846848,2,59185563.264,0.0281824328477472
11056,21736.866848,1,59185582.8608,0.0197379474255742
11057,21736.886848,2,59185602.8928,0.0281732128588112
11058,21736.906848,1,59185622.8992,0.0198168295531379
11059,21736.926848,2,59185642.88,0.0280133997172537
11060,21736.946848,1,59185662.8864,0.019827073985289
11061,21736.966848,2,59185682.8928,0.0280492552297826
11062,21736.986848,1,59185702.8992,0.0197338496527138
11063,21737.006848,2,59185722.9056,0.028007253057963
11064,21737.026848,1,59185742.912,0.0197184830044871
11065,21737.046848,2,59185762.8928,0.028061548548364
11066,21737.066848,1,59185782.9248,0.0197533140738009
11067,21737.086848,2,59185802.88,0.0280308152519106
11068,21737.106848,1,59185823.3984,0.0197676562788125
11069,21737.126848,2,59185842.8672,0.0278628065646321
11070,21737.146848,1,59185863.1936,0.0197840473702543
11071,21737.166848,2,59185883.84,0.0276999200934292
11072,21737.186848,1,59185902.8992,0.0197809740406089
11073,21737.206848,2,59185922.9312,0.0276855778884176
11074,21737.226848,1,59185942.9504,0.0197522896305858
11075,21737.246848,2,59185962.9056,0.0276517712623189
11076,21737.266848,1,59185983.7696,0.0198076095642019
11077,21737.286848,2,59186002.9184,0.0276364046140922
11078,21737.306848,1,59186022.9376,0.0198024873481263
11079,21737.326848,2,59186042.9696,0.0276579179216096
11080,21737.346848,1,59186062.9248,0.0197512651873707
11081,21737.366848,2,59186083.6608,0.0277040178662897
11082,21737.386848,1,59186103.2448,0.0197645829491671
11083,21737.406848,2,59186122.9568,0.0276876267748479
11084,21737.426848,1,59186142.9248,0.0198055606777716
11085,21737.446848,2,59186162.9312,0.0278474399164054
11086,21737.466848,1,59186183.232,0.0197656073923822
11087,21737.486848,2,59186202.944,0.0279539820107771
11088,21737.506848,1,59186222.9632,0.0197983895752658
11089,21737.526848,2,59186242.9568,0.0279242731575389
11090,21737.546848,1,59186263.36,0.0197953162456205
11091,21737.566848,2,59186283.0976,0.0278535865756961
11092,21737.586848,1,59186303.0272,0.0197850718134694
11093,21737.606848,2,59186322.9696,0.0278853443153646
11094,21737.626848,1,59186343.7696,0.0199069805560678
11095,21737.646848,2,59186363.136,0.0280093019443932
11096,21737.666848,1,59186383.0144,0.0197399963120044
11097,21737.686848,2,59186402.9824,0.0278556354621263
11098,21737.706848,1,59186422.9888,0.019854733952097
11099,21737.726848,2,59186442.9824,0.0277111889687955
11100,21737.746848,1,59186462.9504,0.0197809740406089
11101,21737.766848,2,59186483.0208,0.0276784067859119
11102,21737.786848,1,59186503.0528,0.0198219517692134
11103,21737.806848,2,59186523.0592,0.027570840248325
11104,21737.826848,1,59186543.0656,0.0198301473149343
11105,21737.846848,2,59186563.0208,0.0275636691458192
11106,21737.866848,1,59186583.872,0.0197809740406089
11107,21737.886848,2,59186604.0576,0.0276825045587723
11108,21737.906848,1,59186623.4752,0.0198465384063761
11109,21737.926848,2,59186643.4816,0.0276476734894585
11110,21737.946848,1,59186663.488,0.0197492163009404
11111,21737.966848,2,59186683.008,0.0276466490462434
11112,21737.986848,1,59186703.4624,0.019808634007417
11113,21738.006848,2,59186723.9552,0.0278320732681787
11114,21738.026848,1,59186743.744,0.0197717540516729
11115,21738.046848,2,59186762.9952,0.0278914909746553
11116,21738.066848,1,59186782.976,0.0198106828938472
11117,21738.086848,2,59186803.5328,0.0280584752187186
11118,21738.106848,1,59186823.1424,0.0197850718134694
11119,21738.126848,2,59186843.5456,0.028143504005573
11120,21738.146848,1,59186863.0144,0.0197963406888356
11121,21738.166848,2,59186883.0592,0.0281609195402299
11122,21738.186848,1,59186903.04,0.0197492163009404
11123,21738.206848,2,59186923.6352,0.0282695105210318
11124,21738.226848,1,59186943.5264,0.0197328252094986
11125,21738.246848,2,59186964.1216,0.0284498125268916
11126,21738.266848,1,59186983.0528,0.0198147806667076
11127,21738.286848,2,59187003.0464,0.0285368902001762
11128,21738.306848,1,59187023.0272,0.0197768762677485
11129,21738.326848,2,59187043.8272,0.0283791259450489
11130,21738.346848,1,59187063.488,0.0197809740406089
11131,21738.366848,2,59187083.0336,0.0283094638064212
11132,21738.386848,1,59187103.0656,0.0197973651320507
11133,21738.406848,2,59187123.8784,0.0282490216567296
11134,21738.426848,1,59187143.4752,0.0197686807220276
11135,21738.446848,2,59187163.0592,0.0281701395291659
11136,21738.466848,1,59187183.0656,0.0198024873481263
11137,21738.486848,2,59187203.456,0.0282275083492122
11138,21738.506848,1,59187223.9744,0.0197891695863298
11139,21738.526848,2,59187243.5456,0.0281691150859508
11140,21738.546848,1,59187263.6672,0.0198065851209867
11141,21738.566848,2,59187283.1104,0.0283186837953572
11142,21738.586848,1,59187303.9872,0.0198383428606552
11143,21738.606848,2,59187323.6096,0.0282295572356424
11144,21738.626848,1,59187343.1296,0.0198373184174401
11145,21738.646848,2,59187363.072,0.0281414551191427
11146,21738.666848,1,59187383.9616,0.0198158051099228
11147,21738.686848,2,59187403.3792,0.0279990575122421
11148,21738.706848,1,59187423.1168,0.0197850718134694
11149,21738.726848,2,59187443.0976,0.0278730509967832
11150,21738.746848,1,59187463.0912,0.0198321962013646
11151,21738.766848,2,59187483.4688,0.0277767533345627
11152,21738.786848,1,59187503.1168,0.0197932673591903
11153,21738.806848,2,59187523.6864,0.0277152867416559
11154,21738.826848,1,59187543.936,0.019827073985289
11155,21738.846848,2,59187563.1104,0.0276825045587723
11156,21738.866848,1,59187583.1168,0.0197338496527138
11157,21738.886848,2,59187603.1616,0.0276486979326736
11158,21738.906848,1,59187623.1168,0.019817853996353
11159,21738.926848,2,59187643.2896,0.0275564980433135
11160,21738.946848,1,59187663.5648,0.0198147806667076
11161,21738.966848,2,59187683.0848,0.0275933779990575
11162,21738.986848,1,59187703.1168,0.0197881451431147
11163,21739.006848,2,59187723.776,0.0276077202040691
11164,21739.026848,1,59187743.2192,0.0197912184727601
11165,21739.046848,2,59187763.3024,0.0276415268301678
11166,21739.066848,1,59187783.1424,0.0197512651873707
11167,21739.086848,2,59187803.136,0.0278484643596205
11168,21739.106848,1,59187823.2192,0.019827073985289
11169,21739.126848,2,59187843.6992,0.0279713975454341
11170,21739.146848,1,59187863.3344,0.0197932673591903
11171,21739.166848,2,59187883.2,0.0279099309525273
11172,21739.186848,1,59187904.1664,0.0198024873481263
11173,21739.206848,2,59187923.0976,0.0281271129141312
11174,21739.226848,1,59187943.1936,0.0198240006556437
11175,21739.246848,2,59187963.3024,0.0285491835187576
11176,21739.266848,1,59187983.5264,0.0197686807220276
11177,21739.286848,2,59188003.1872,0.0287325588542627
11178,21739.306848,1,59188023.168,0.0197492163009404
11179,21739.326848,2,59188043.2128,0.0287704632532219
11180,21739.346848,1,59188063.1808,0.0197912184727601
11181,21739.366848,2,59188083.7248,0.0288954453254656
11182,21739.386848,1,59188103.2064,0.019781998483824
11183,21739.406848,2,59188123.2,0.028944618599791
11184,21739.426848,1,59188143.872,0.0197686807220276
11185,21739.446848,2,59188163.6736,0.0290132562952036
11186,21739.466848,1,59188183.2064,0.0197338496527138
11187,21739.486848,2,59188203.264,0.0289272030651341
11188,21739.506848,1,59188223.232,0.0196836519351732
11189,21739.526848,2,59188243.4816,0.0286526522834839
11190,21739.546848,1,59188263.232,0.0197461429712951
11191,21739.566848,2,59188283.2,0.0286967033417338
11192,21739.586848,1,59188303.6928,0.0197492163009404
11193,21739.606848,2,59188324.224,0.0287346077406929
11194,21739.626848,1,59188343.232,0.0197697051652427
11195,21739.646848,2,59188363.2,0.0285932345770074
11196,21739.666848,1,59188383.2192,0.0197492163009404
11197,21739.686848,2,59188403.6736,0.0285911856905772
11198,21739.706848,1,59188423.2192,0.019772778494888
11199,21739.726848,2,59188443.2256,0.0285071813469379
11200,21739.746848,1,59188463.2192,0.0197440940848649
11201,21739.766848,2,59188483.1872,0.0283965414797058
11202,21739.786848,1,59188503.232,0.0197389718687893
11203,21739.806848,2,59188523.2256,0.0282141905874157
11204,21739.826848,1,59188543.808,0.0197399963120044
11205,21739.846848,2,59188563.2256,0.028089208515172
11206,21739.866848,1,59188583.5008,0.01974511852808
11207,21739.886848,2,59188603.6224,0.0279611531132829
11208,21739.906848,1,59188623.232,0.0196979941401848
11209,21739.926848,2,59188644.0192,0.0276876267748479
11210,21739.946848,1,59188663.6288,0.0197666318355974
11211,21739.966848,2,59188684.1088,0.0276476734894585
11212,21739.986848,1,59188703.6544,0.0197348740959289
11213,21740.006848,2,59188723.2384,0.0275278136332903
11214,21740.026848,1,59188743.2576,0.0197502407441556
11215,21740.046848,2,59188763.2256,0.0275503513840228
11216,21740.066848,1,59188783.2576,0.019754338517016
11217,21740.086848,2,59188803.264,0.0275052758825578
11218,21740.106848,1,59188823.2832,0.019754338517016
11219,21740.126848,2,59188844.3904,0.0275698158051099
11220,21740.146848,1,59188863.2448,0.0197738029381031
11221,21740.166848,2,59188883.3152,0.0275657180322495
11222,21740.186848,1,59188903.2704,0.0197563874034462
11223,21740.206848,2,59188923.3024,0.0276855778884176
11224,21740.226848,1,59188944.0256,0.0197338496527138
11225,21740.246848,2,59188963.2768,0.0277316778330977
11226,21740.266848,1,59188983.36,0.0198219517692134
11227,21740.286848,2,59189003.3152,0.027779826664208
11228,21740.306848,1,59189024.6656,0.019781998483824
11229,21740.326848,2,59189043.3664,0.0277726555617022
11230,21740.346848,1,59189063.4112,0.0197256541069929
11231,21740.366848,2,59189083.2768,0.0277736800049173
11232,21740.386848,1,59189103.2832,0.0197307763230684
11233,21740.406848,2,59189123.392,0.0277009445366443
11234,21740.426848,1,59189143.296,0.0197502407441556
11235,21740.446848,2,59189163.328,0.0275646935890344
11236,21740.466848,1,59189183.3344,0.0197594607330916
11237,21740.486848,2,59189203.2896,0.0274817136886102
11238,21740.506848,1,59189223.36,0.0197277029934231
11239,21740.526848,2,59189243.2896,0.0274089782203372
11240,21740.546848,1,59189263.36,0.0197307763230684
11241,21740.566848,2,59189283.2896,0.0273659516053025
11242,21740.586848,1,59189303.3088,0.0197830229270392
11243,21740.606848,2,59189323.328,0.0274837625750405
11244,21740.626848,1,59189343.3472,0.0198158051099228
11245,21740.646848,2,59189363.9424,0.0275042514393427
11246,21740.666848,1,59189383.3216,0.0198414161903006
11247,21740.686848,2,59189403.328,0.0275022025529125
11248,21740.706848,1,59189423.3088,0.0198117073370623
11249,21740.726848,2,59189443.3408,0.0275698158051099
11250,21740.746848,1,59189463.3344,0.0197768762677485
11251,21740.766848,2,59189483.3408,0.0276937734341385
11252,21740.786848,1,59189503.3472,0.0198567828385273
11253,21740.806848,2,59189523.968,0.0278208043928125
11254,21740.826848,1,59189543.3984,0.0197440940848649
11255,21740.846848,2,59189563.3664,0.0278699776671379
11256,21740.866848,1,59189583.5136,0.0197625340627369
11257,21740.886848,2,59189604.0064,0.0280605241051489
11258,21740.906848,1,59189623.3856,0.0197338496527138
11259,21740.926848,2,59189643.3664,0.0280574507755035
11260,21740.946848,1,59189664.0768,0.0197738029381031
11261,21740.966848,2,59189683.328,0.0279140287253878
11262,21740.986848,1,59189703.36,0.0197758518245334
11263,21741.006848,2,59189723.6992,0.0277234822873768
11264,21741.026848,1,59189743.3856,0.019681603048743
11265,21741.046848,2,59189763.3536,0.0275483024975926
11266,21741.066848,1,59189783.424,0.019754338517016
11267,21741.086848,2,59189803.4304,0.0274858114614707
11268,21741.106848,1,59189823.4368,0.0198168295531379
11269,21741.126848,2,59189843.3536,0.0274345893007151
11270,21741.146848,1,59189863.4112,0.0198106828938472
11271,21741.166848,2,59189883.4304,0.0273843915831745
11272,21741.186848,1,59189903.7056,0.0197891695863298
11273,21741.206848,2,59189923.3408,0.0273577560595816
11274,21741.226848,1,59189944,0.0197789251541787
11275,21741.246848,2,59189963.4176,0.027261458397361
11276,21741.266848,1,59189983.3856,0.0197379474255742
11277,21741.286848,2,59190003.4304,0.0273075583420411
11278,21741.306848,1,59190023.936,0.019799414018481
11279,21741.326848,2,59190043.4944,0.0272993627963202
11280,21741.346848,1,59190063.4112,0.0197522896305858
11281,21741.366848,2,59190083.4048,0.0273096072284713
11282,21741.386848,1,59190103.7312,0.0197594607330916
11283,21741.406848,2,59190123.6864,0.0274458581760813
11284,21741.426848,1,59190143.4368,0.0197666318355974
11285,21741.446848,2,59190163.8912,0.0274806892453951
11286,21741.466848,1,59190183.424,0.0197799495973938
11287,21741.486848,2,59190203.4304,0.0276446001598131
11288,21741.506848,1,59190223.4624,0.0198209273259983
11289,21741.526848,2,59190243.4432,0.0277111889687955
11290,21741.546848,1,59190263.4624,0.0197779007109636
11291,21741.566848,2,59190283.4688,0.0277695822320569
11292,21741.586848,1,59190303.424,0.0197707296084578
11293,21741.606848,2,59190323.7504,0.0277183600713012
11294,21741.626848,1,59190343.4368,0.0197399963120044
11295,21741.646848,2,59190363.4304,0.0275308869629356
11296,21741.666848,1,59190383.4752,0.019799414018481
11297,21741.686848,2,59190403.4688,0.0275442047247321
11298,21741.706848,1,59190424.9088,0.0197410207552195
11299,21741.726848,2,59190443.456,0.0276087446472842
11300,21741.746848,1,59190463.4368,0.0197594607330916
11301,21741.766848,2,59190483.4304,0.027852562132481
11302,21741.786848,1,59190503.5008,0.0197809740406089
11303,21741.806848,2,59190523.4688,0.027670211240191
11304,21741.826848,1,59190543.5392,0.0197461429712951
11305,21741.846848,2,59190563.4816,0.0275841580101215
11306,21741.866848,1,59190583.488,0.0198024873481263
11307,21741.886848,2,59190603.8272,0.0276671379105456
11308,21741.906848,1,59190623.488,0.0198209273259983
11309,21741.926848,2,59190643.4688,0.0277327022763128
11310,21741.946848,1,59190663.4752,0.019845513963161
11311,21741.966848,2,59190683.4944,0.0276661134673305
11312,21741.986848,1,59190703.424,0.0197799495973938
11313,21742.006848,2,59190723.8912,0.0277675333456267
11314,21742.026848,1,59190743.488,0.0197707296084578
11315,21742.046848,2,59190763.4816,0.0280113508308234
11316,21742.066848,1,59190784.3456,0.0197645829491671
11317,21742.086848,2,59190803.904,0.028016473046899
11318,21742.106848,1,59190823.5008,0.0197983895752658
11319,21742.126848,2,59190843.5328,0.0280482307865675
11320,21742.146848,1,59190863.7824,0.0197686807220276
11321,21742.166848,2,59190883.5456,0.0280728174237302
11322,21742.186848,1,59190904.2816,0.0197574118466613
11323,21742.206848,2,59190923.52,0.0279683242157887
11324,21742.226848,1,59190943.5264,0.0197656073923822
11325,21742.246848,2,59190963.6224,0.0277572889134755
11326,21742.266848,1,59190983.5008,0.0197799495973938
11327,21742.286848,2,59191003.5328,0.0276148913065749
11328,21742.306848,1,59191023.6288,0.0197492163009404
11329,21742.326848,2,59191043.5456,0.0275503513840228
11330,21742.346848,1,59191063.5264,0.0197789251541787
11331,21742.366848,2,59191083.52,0.0275298625197205
11332,21742.386848,1,59191104.0384,0.0198168295531379
11333,21742.406848,2,59191123.5712,0.0275923535558424
11334,21742.426848,1,59191143.5648,0.0198158051099228
11335,21742.446848,2,59191163.5328,0.0275933779990575
11336,21742.466848,1,59191183.5392,0.0197830229270392
11337,21742.486848,2,59191203.968,0.0276210379658656
11338,21742.506848,1,59191223.5392,0.0198199028827832
11339,21742.526848,2,59191243.4944,0.0275944024422726
11340,21742.546848,1,59191263.6288,0.0197932673591903
11341,21742.566848,2,59191283.5456,0.0274950314504067
11342,21742.586848,1,59191303.9104,0.0198301473149343
11343,21742.606848,2,59191323.584,0.0275749380211855
11344,21742.626848,1,59191343.68,0.0197983895752658
11345,21742.646848,2,59191363.5328,0.0276241112955109
11346,21742.666848,1,59191383.5648,0.0197871206998996
11347,21742.686848,2,59191403.6608,0.0276784067859119
11348,21742.706848,1,59191423.5904,0.0197901940295449
11349,21742.726848,2,59191443.6096,0.0277665089024115
11350,21742.746848,1,59191463.5776,0.0198403917470855
11351,21742.766848,2,59191483.6224,0.0277337267195279
11352,21742.786848,1,59191503.5904,0.0197912184727601
11353,21742.806848,2,59191523.584,0.0278453910299752
11354,21742.826848,1,59191545.2672,0.01974511852808
11355,21742.846848,2,59191563.584,0.0280287663654804
11356,21742.866848,1,59191583.5776,0.0198168295531379
11357,21742.886848,2,59191603.5968,0.028344294875735
11358,21742.906848,1,59191623.6928,0.0197973651320507
11359,21742.926848,2,59191643.968,0.0282008728256193
11360,21742.946848,1,59191663.5904,0.0197779007109636
11361,21742.966848,2,59191684.0704,0.0282336550085029
11362,21742.986848,1,59191703.6288,0.0197717540516729
11363,21743.006848,2,59191723.6096,0.0282244350195669
11364,21743.026848,1,59191743.616,0.0198127317802774
11365,21743.046848,2,59191763.7632,0.0283514659782408
11366,21743.066848,1,59191783.6032,0.0197738029381031
11367,21743.086848,2,59191804.0064,0.028370930399328
11368,21743.106848,1,59191823.6416,0.0198004384616961
11369,21743.126848,2,59191844.1088,0.0283740037289733
11370,21743.146848,1,59191863.9232,0.0198096584506321
11371,21743.166848,2,59191883.6352,0.0283176593521421
11372,21743.186848,1,59191903.6416,0.019754338517016
11373,21743.206848,2,59191923.6096,0.0281547728809392
11374,21743.226848,1,59191943.6416,0.0198209273259983
11375,21743.246848,2,59191965.1072,0.0279744708750794
11376,21743.266848,1,59191984.1792,0.0197963406888356
11377,21743.286848,2,59192003.5968,0.0278955887475157
11378,21743.306848,1,59192023.68,0.019836293974225
11379,21743.326848,2,59192043.6352,0.0277234822873768
11380,21743.346848,1,59192063.6416,0.019854733952097
11381,21743.366848,2,59192083.8528,0.0277050423095048
11382,21743.386848,1,59192103.68,0.0198127317802774
11383,21743.406848,2,59192123.6608,0.0277060667527199
11384,21743.426848,1,59192143.6544,0.0198383428606552
11385,21743.446848,2,59192163.6608,0.0276476734894585
11386,21743.466848,1,59192183.6544,0.019808634007417
11387,21743.486848,2,59192203.6864,0.0275933779990575
11388,21743.506848,1,59192223.8592,0.0198465384063761
11389,21743.526848,2,59192243.648,0.0276333312844469
11390,21743.546848,1,59192264.1792,0.0198291228717192
11391,21743.566848,2,59192283.6864,0.0275093736554183
11392,21743.586848,1,59192304.3072,0.0198895650214109
11393,21743.606848,2,59192323.9936,0.0275626447026041
11394,21743.626848,1,59192343.6928,0.019872149486754
11395,21743.646848,2,59192363.6608,0.027524740303645
11396,21743.666848,1,59192383.7184,0.0198393673038703
11397,21743.686848,2,59192404.7232,0.0277275800602373
11398,21743.706848,1,59192423.744,0.019836293974225
11399,21743.726848,2,59192443.6992,0.0281199418116254
11400,21743.746848,1,59192464.3968,0.0198752228163993
11401,21743.766848,2,59192483.6992,0.0282930727149794
11402,21743.786848,1,59192504.2176,0.0198250250988588
11403,21743.806848,2,59192523.6864,0.0282428749974389
11404,21743.826848,1,59192543.6928,0.0198199028827832
11405,21743.846848,2,59192563.6992,0.028143504005573
11406,21743.866848,1,59192583.7312,0.0198127317802774
11407,21743.886848,2,59192604.1344,0.028044133013707
11408,21743.906848,1,59192623.7312,0.0197891695863298
11409,21743.926848,2,59192643.712,0.027979593091155
11410,21743.946848,1,59192664.64,0.0197594607330916
11411,21743.966848,2,59192683.6992,0.0280656463212244
11412,21743.986848,1,59192703.744,0.0198076095642019
11413,21744.006848,2,59192724.5696,0.0281066240498289
11414,21744.026848,1,59192744.4608,0.0197850718134694
11415,21744.046848,2,59192763.7632,0.0280133997172537
11416,21744.066848,1,59192784.1664,0.0198752228163993
11417,21744.086848,2,59192803.7248,0.0280390107976315
11418,21744.106848,1,59192823.7568,0.0198004384616961
11419,21744.126848,2,59192843.7504,0.0280031552851025
11420,21744.146848,1,59192863.7312,0.0198332206445797
11421,21744.166848,2,59192883.7248,0.0278382199274694
11422,21744.186848,1,59192903.6928,0.0198127317802774
11423,21744.206848,2,59192923.7376,0.0277316778330977
11424,21744.226848,1,59192943.808,0.0198403917470855
11425,21744.246848,2,59192964.8,0.0277747044481324
11426,21744.266848,1,59192983.7312,0.0198403917470855
11427,21744.286848,2,59193003.7504,0.0277419222652488
11428,21744.306848,1,59193025.7536,0.0198137562234925
11429,21744.326848,2,59193044.3904,0.0275421558383019
11430,21744.346848,1,59193063.7696,0.0197563874034462
11431,21744.366848,2,59193083.7632,0.0275687913618948
11432,21744.386848,1,59193103.7696,0.0197676562788125
11433,21744.406848,2,59193123.8016,0.0275657180322495
11434,21744.426848,1,59193144.2688,0.0197871206998996
11435,21744.446848,2,59193164.032,0.0275759624644006
11436,21744.466848,1,59193183.7824,0.0198014629049112
11437,21744.486848,2,59193203.776,0.0275411313950868
11438,21744.506848,1,59193223.7696,0.0197912184727601
11439,21744.526848,2,59193243.7504,0.0276456246030283
11440,21744.546848,1,59193263.7696,0.0198004384616961
11441,21744.566848,2,59193283.8272,0.0276148913065749
11442,21744.586848,1,59193303.7952,0.0197666318355974
11443,21744.606848,2,59193324.224,0.0276568934783945
11444,21744.626848,1,59193344,0.0197901940295449
11445,21744.646848,2,59193363.8016,0.0276753334562665
11446,21744.666848,1,59193383.8208,0.019772778494888
11447,21744.686848,2,59193403.8016,0.0277111889687955
11448,21744.706848,1,59193424.9344,0.0198424406335157
11449,21744.726848,2,59193443.8016,0.0275421558383019
11450,21744.746848,1,59193463.7952,0.0197891695863298
11451,21744.766848,2,59193483.84,0.0275442047247321
11452,21744.786848,1,59193503.8464,0.0197481918577253
11453,21744.806848,2,59193523.8272,0.0274632737107382
11454,21744.826848,1,59193543.8208,0.0197430696416498
11455,21744.846848,2,59193563.8272,0.0274837625750405
11456,21744.866848,1,59193583.808,0.0197615096195218
11457,21744.886848,2,59193603.8528,0.0275226914172147
11458,21744.906848,1,59193623.8592,0.0197492163009404
11459,21744.926848,2,59193644.1088,0.0275954268854877
11460,21744.946848,1,59193664.4352,0.0197789251541787
11461,21744.966848,2,59193683.84,0.0276650890241154
11462,21744.986848,1,59193704,0.0197697051652427
11463,21745.006848,2,59193723.84,0.0277132378552257
11464,21745.026848,1,59193743.8848,0.0197481918577253
11465,21745.046848,2,59193763.8144,0.0276517712623189
11466,21745.066848,1,59193784.1664,0.0197748273813183
11467,21745.086848,2,59193804.288,0.0276712356834061
11468,21745.106848,1,59193823.808,0.0197912184727601
11469,21745.126848,2,59193843.8528,0.0277962177556498
11470,21745.146848,1,59193863.7952,0.019735898539144
11471,21745.166848,2,59193884.7232,0.0278105599606614
11472,21745.186848,1,59193904,0.0197195074477022
11473,21745.206848,2,59193923.8528,0.0276814801155572
11474,21745.226848,1,59193943.872,0.0197338496527138
11475,21745.246848,2,59193963.8656,0.0277306533898826
11476,21745.266848,1,59193983.8464,0.0197953162456205
11477,21745.286848,2,59194003.8784,0.0277296289466675
11478,21745.306848,1,59194023.8976,0.0197963406888356
11479,21745.326848,2,59194043.84,0.0278085110742312
11480,21745.346848,1,59194063.8976,0.0197697051652427
11481,21745.366848,2,59194085.8112,0.0281004773905382
11482,21745.386848,1,59194103.8848,0.0197318007662835
11483,21745.406848,2,59194123.9168,0.028152723994509
11484,21745.426848,1,59194143.8336,0.0198199028827832
11485,21745.446848,2,59194163.8912,0.0281137951523347
11486,21745.466848,1,59194183.9232,0.0197779007109636
11487,21745.486848,2,59194203.8784,0.0280810129694511
11488,21745.506848,1,59194224.4736,0.0198076095642019
11489,21745.526848,2,59194243.8912,0.0283401971028746
11490,21745.546848,1,59194265.1264,0.0198096584506321
11491,21745.566848,2,59194283.904,0.0284498125268916
11492,21745.586848,1,59194303.8976,0.0197645829491671
11493,21745.606848,2,59194324.16,0.0284508369701067
11494,21745.626848,1,59194343.9104,0.0197983895752658
11495,21745.646848,2,59194363.904,0.0284836191529904
11496,21745.666848,1,59194384,0.0197399963120044
11497,21745.686848,2,59194403.9424,0.0283637592968222
11498,21745.706848,1,59194423.9232,0.0198117073370623
11499,21745.726848,2,59194443.9168,0.0283914192636302
11500,21745.746848,1,59194463.936,0.0197840473702543
11501,21745.766848,2,59194483.9424,0.0283483926485955
11502,21745.786848,1,59194503.8976,0.0197277029934231
11503,21745.806848,2,59194524.5696,0.0283494170918106
11504,21745.826848,1,59194544.2304,0.0198250250988588
11505,21745.846848,2,59194563.968,0.0283186837953572
11506,21745.866848,1,59194583.9488,0.0197912184727601
11507,21745.886848,2,59194604.8256,0.0283381482164444
11508,21745.906848,1,59194624.6784,0.0197881451431147
11509,21745.926848,2,59194643.9296,0.0285000102444322
11510,21745.946848,1,59194663.9488,0.0197697051652427
11511,21745.966848,2,59194683.9424,0.0285379146433913
11512,21745.986848,1,59194703.9872,0.019799414018481
11513,21746.006848,2,59194724.224,0.0286321634191817
11514,21746.026848,1,59194743.9616,0.0197768762677485
11515,21746.046848,2,59194763.968,0.0286137234413096
11516,21746.066848,1,59194783.9488,0.0197645829491671
11517,21746.086848,2,59194803.9424,0.0285317679841006
11518,21746.106848,1,59194823.9872,0.0197625340627369
11519,21746.126848,2,59194843.9808,0.0285881123609318
11520,21746.146848,1,59194863.9488,0.0197379474255742
11521,21746.166848,2,59194883.9808,0.0286618722724199
11522,21746.186848,1,59194904.3968,0.019763558505952
11523,21746.206848,2,59194924.0064,0.0287243633085418
11524,21746.226848,1,59194943.9872,0.0197420451984347
11525,21746.246848,2,59194963.9808,0.0286485545106235
11526,21746.266848,1,59194984.3456,0.0197912184727601
11527,21746.286848,2,59195004.0064,0.0285799168152109
11528,21746.306848,1,59195024.6784,0.0197471674145102
11529,21746.326848,2,59195044.1856,0.028471325834409
11530,21746.346848,1,59195064.0128,0.0198117073370623
11531,21746.366848,2,59195084.864,0.0283606859671768
11532,21746.386848,1,59195103.9488,0.0198567828385273
11533,21746.406848,2,59195124.0064,0.0282582416456656
11534,21746.426848,1,59195143.9616,0.0198096584506321
11535,21746.446848,2,59195164.0064,0.0282971704878399
11536,21746.466848,1,59195184.0384,0.0197676562788125
11537,21746.486848,2,59195204.0064,0.0281363329030672
11538,21746.506848,1,59195224.0512,0.0198076095642019
11539,21746.526848,2,59195244.0192,0.0281219906980556
11540,21746.546848,1,59195264.192,0.0197840473702543
11541,21746.566848,2,59195284.0576,0.0282059950416948
11542,21746.586848,1,59195304.0256,0.0198240006556437
11543,21746.606848,2,59195324.096,0.0281025262769685
11544,21746.626848,1,59195344.0384,0.0198403917470855
11545,21746.646848,2,59195364.0192,0.0281178929251952
11546,21746.666848,1,59195384.0256,0.0198250250988588
11547,21746.686848,2,59195404.6336,0.0279591042268527
11548,21746.706848,1,59195426.0992,0.0197871206998996
11549,21746.726848,2,59195444.0448,0.0278177310631672
11550,21746.746848,1,59195464,0.0198516606224517
11551,21746.766848,2,59195483.9936,0.0276517712623189
11552,21746.786848,1,59195504.064,0.0198414161903006
11553,21746.806848,2,59195525.184,0.0275144958714938
11554,21746.826848,1,59195544.0768,0.0198065851209867
11555,21746.846848,2,59195566.1056,0.027461224824308
11556,21746.866848,1,59195584.0768,0.0198168295531379
11557,21746.886848,2,59195604.0832,0.0274294670846395
11558,21746.906848,1,59195624.1024,0.0198199028827832
11559,21746.926848,2,59195644.0832,0.0273587805027967
11560,21746.946848,1,59195665.8944,0.0198024873481263
11561,21746.966848,2,59195684.0704,0.0273413649681398
11562,21746.986848,1,59195704.064,0.0198209273259983
11563,21747.006848,2,59195724.1088,0.0273905382424652
11564,21747.026848,1,59195744.7424,0.0198383428606552
11565,21747.046848,2,59195764.032,0.0273475116274305
11566,21747.066848,1,59195784.0384,0.0198065851209867
11567,21747.086848,2,59195806.0928,0.0273188272174073
11568,21747.106848,1,59195824.5888,0.0198342450877948
11569,21747.126848,2,59195844.1088,0.02729731390989
11570,21747.146848,1,59195864.0512,0.0198516606224517
11571,21747.166848,2,59195884.1472,0.0272921916938144
11572,21747.186848,1,59195904.6144,0.0198578072817424
11573,21747.206848,2,59195924.1088,0.0273598049460118
11574,21747.226848,1,59195944.7424,0.0198608806113877
11575,21747.246848,2,59195966.2976,0.0271907718155183
11576,21747.266848,1,59195984.0896,0.0198885405781957
11577,21747.286848,2,59196006.3488,0.0272266273280472
11578,21747.306848,1,59196025.9328,0.0198782961460446
11579,21747.326848,2,59196044.096,0.0272368717601983
11580,21747.346848,1,59196064.256,0.0198537095088819
11581,21747.366848,2,59196084.096,0.0271948695883787
11582,21747.386848,1,59196104.1536,0.0198711250435388
11583,21747.406848,2,59196124.1344,0.0271672096215707
11584,21747.426848,1,59196145.92,0.0198434650767308
11585,21747.446848,2,59196164.3264,0.0272235539984019
11586,21747.466848,1,59196184.4992,0.0198260495420739
11587,21747.486848,2,59196204.1728,0.0271743807240765
11588,21747.506848,1,59196224.1536,0.0199028827832073
11589,21747.526848,2,59196244.1472,0.0271641362919253
11590,21747.546848,1,59196264.1792,0.0197963406888356
11591,21747.566848,2,59196284.1088,0.0271579896326347
11592,21747.586848,1,59196304.128,0.0197953162456205
11593,21747.606848,2,59196324.9152,0.0271467207572684
11594,21747.626848,1,59196344.1536,0.019854733952097
11595,21747.646848,2,59196364.1984,0.0270873030507919
11596,21747.666848,1,59196384.1152,0.0197758518245334
11597,21747.686848,2,59196404.16,0.0269684676378388
11598,21747.706848,1,59196424.1408,0.0198762472596144
11599,21747.726848,2,59196444.1728,0.0269039277152867
11600,21747.746848,1,59196464.6784,0.0198690761571086
11601,21747.766848,2,59196484.1472,0.0269623209785482
11602,21747.786848,1,59196504.9472,0.0198168295531379
11603,21747.806848,2,59196524.1856,0.0269807609564202
11604,21747.826848,1,59196544.192,0.0198383428606552
11605,21747.846848,2,59196564.1728,0.0269828098428504
11606,21747.866848,1,59196584.1664,0.0199172249882189
11607,21747.886848,2,59196604.1856,0.0269080254881472
11608,21747.906848,1,59196626.176,0.0198444895199459
11609,21747.926848,2,59196644.1984,0.0268875366238449
11610,21747.946848,1,59196665.92,0.0198352695310099
11611,21747.966848,2,59196684.2112,0.0269623209785482
11612,21747.986848,1,59196704.6656,0.0198567828385273
11613,21748.006848,2,59196724.3008,0.0269725654106993
11614,21748.026848,1,59196744.3456,0.0198434650767308
11615,21748.046848,2,59196764.2624,0.0269397832278157
11616,21748.066848,1,59196784.192,0.019872149486754
11617,21748.086848,2,59196804.6208,0.0270094453664433
11618,21748.106848,1,59196824.2432,0.0198854672485504
11619,21748.126848,2,59196844.2624,0.0270596430839839
11620,21748.146848,1,59196864.8064,0.0198383428606552
11621,21748.166848,2,59196884.2496,0.0270709119593501
11622,21748.186848,1,59196904.3072,0.0198424406335157
11623,21748.206848,2,59196924.16,0.0269992009342922
11624,21748.226848,1,59196944.2176,0.0198158051099228
11625,21748.246848,2,59196964.2624,0.0270555453111234
11626,21748.266848,1,59196984.2176,0.0197512651873707
11627,21748.286848,2,59197004.6208,0.0270330075603909
11628,21748.306848,1,59197024.2688,0.0198598561681726
11629,21748.326848,2,59197044.2368,0.0269653943081935
11630,21748.346848,1,59197064.2432,0.0198660028274633
11631,21748.366848,2,59197084.2368,0.0270186653553794
11632,21748.386848,1,59197104.2432,0.019836293974225
11633,21748.406848,2,59197124.2496,0.0269961276046469
11634,21748.426848,1,59197144.6272,0.019854733952097
11635,21748.446848,2,59197164.6848,0.0271836007130125
11636,21748.466848,1,59197184.2688,0.019890589464626
11637,21748.486848,2,59197204.2624,0.0273854160263897
11638,21748.506848,1,59197224.2944,0.0197123363451964
11639,21748.526848,2,59197244.3776,0.0274315159710697
11640,21748.546848,1,59197264.2432,0.0197891695863298
11641,21748.566848,2,59197284.2752,0.0275103980986334
11642,21748.586848,1,59197306.4064,0.0197779007109636
11643,21748.606848,2,59197324.288,0.0275821091236913
11644,21748.626848,1,59197344.3072,0.0197656073923822
11645,21748.646848,2,59197364.2496,0.0277859733234987
11646,21748.666848,1,59197384.9344,0.0197809740406089
11647,21748.686848,2,59197404.2624,0.0279119798389575
11648,21748.706848,1,59197424.2688,0.0197881451431147
11649,21748.726848,2,59197444.288,0.028171163972381
11650,21748.746848,1,59197464.64,0.0197143852316266
11651,21748.766848,2,59197484.3264,0.0283535148646711
11652,21748.786848,1,59197504.2816,0.0197973651320507
11653,21748.806848,2,59197524.3008,0.0283596615239617
11654,21748.826848,1,59197544.4096,0.0197840473702543
11655,21748.846848,2,59197564.288,0.0284231770032987
11656,21748.866848,1,59197584.32,0.0197604851763067
11657,21748.886848,2,59197604.3136,0.0284242014465138
11658,21748.906848,1,59197624.32,0.0197307763230684
11659,21748.926848,2,59197644.3008,0.0283944925932756
11660,21748.946848,1,59197664.512,0.0198403917470855
11661,21748.966848,2,59197684.3136,0.0281701395291659
11662,21748.986848,1,59197704.2944,0.0197338496527138
11663,21749.006848,2,59197724.288,0.0280922818448173
11664,21749.026848,1,59197744.3456,0.0197953162456205
11665,21749.046848,2,59197764.3264,0.0280871596287418
11666,21749.066848,1,59197784.3072,0.0197399963120044
11667,21749.086848,2,59197804.3008,0.0279857397504456
11668,21749.106848,1,59197824.3072,0.0197563874034462
11669,21749.126848,2,59197844.3392,0.0280513041162128
11670,21749.146848,1,59197864.32,0.0198260495420739
11671,21749.166848,2,59197884.3648,0.0278822709857193
11672,21749.186848,1,59197904.3584,0.0197789251541787
11673,21749.206848,2,59197924.4928,0.0279334931464749
11674,21749.226848,1,59197944.3712,0.0197225807773475
11675,21749.246848,2,59197964.3648,0.0278628065646321
11676,21749.266848,1,59197984.3584,0.0198188784395681
11677,21749.286848,2,59198004.3648,0.0278761243264286
11678,21749.306848,1,59198024.3456,0.0197256541069929
11679,21749.326848,2,59198044.3648,0.0279130042821726
11680,21749.346848,1,59198064.384,0.0197768762677485
11681,21749.366848,2,59198084.3904,0.0279550064539923
11682,21749.386848,1,59198104.3584,0.0197205318909173
11683,21749.406848,2,59198124.416,0.0278494888028357
11684,21749.426848,1,59198144.3584,0.0197738029381031
11685,21749.446848,2,59198164.3904,0.0277962177556498
11686,21749.466848,1,59198184.384,0.0197246296637777
11687,21749.486848,2,59198204.3648,0.0277788022209929
11688,21749.506848,1,59198224.4096,0.0197133607884115
11689,21749.526848,2,59198244.3776,0.0279324687032598
11690,21749.546848,1,59198264.4352,0.0197471674145102
11691,21749.566848,2,59198284.4032,0.0280820374126662
11692,21749.586848,1,59198304.384,0.0197113119019813
11693,21749.606848,2,59198324.3776,0.0282387772245784
11694,21749.626848,1,59198344.9472,0.019799414018481
11695,21749.646848,2,59198364.3648,0.0281783350748868
11696,21749.666848,1,59198384.3968,0.0197932673591903
11697,21749.686848,2,59198404.4032,0.0280328641383408
11698,21749.706848,1,59198424.3968,0.0197461429712951
11699,21749.726848,2,59198444.4032,0.0280625729915791
11700,21749.746848,1,59198465.1776,0.0197625340627369
11701,21749.766848,2,59198484.4032,0.0281322351302067
11702,21749.786848,1,59198504.4096,0.019735898539144
11703,21749.806848,2,59198524.8256,0.0281189173684103
11704,21749.826848,1,59198544.4608,0.0197553629602311
11705,21749.846848,2,59198564.992,0.0281230151412707
11706,21749.866848,1,59198584.4224,0.0197799495973938
11707,21749.886848,2,59198604.4416,0.0280154486036839
11708,21749.906848,1,59198626.432,0.0198117073370623
11709,21749.926848,2,59198644.3648,0.0277921199827894
11710,21749.946848,1,59198664.448,0.0197932673591903
11711,21749.966848,2,59198684.4416,0.0277480689245395
11712,21749.986848,1,59198704.4736,0.0198035117913414
11713,21750.006848,2,59198724.4288,0.0277214334009466
11714,21750.026848,1,59198745.2928,0.0197953162456205
11715,21750.046848,2,59198764.4416,0.0276712356834061
11716,21750.066848,1,59198784.4608,0.0197779007109636
11717,21750.086848,2,59198806.6816,0.0277788022209929
11718,21750.106848,1,59198824.4864,0.0197901940295449
11719,21750.126848,2,59198844.48,0.0278494888028357
11720,21750.146848,1,59198864.5504,0.0196693097301617
11721,21750.166848,2,59198884.5056,0.0278556354621263
11722,21750.186848,1,59198904.4992,0.0197768762677485
11723,21750.206848,2,59198924.7872,0.0279836908640154
11724,21750.226848,1,59198944.5248,0.0197164341180568
11725,21750.246848,2,59198964.4544,0.0279427131354109
11726,21750.266848,1,59198984.5504,0.0197348740959289
11727,21750.286848,2,59199004.4672,0.0278494888028357
11728,21750.306848,1,59199024.4864,0.0198065851209867
11729,21750.326848,2,59199044.4544,0.0278832954289344
11730,21750.346848,1,59199064.4736,0.0197963406888356
11731,21750.366848,2,59199084.4672,0.0279078820660971
11732,21750.386848,1,59199104.512,0.0197840473702543
11733,21750.406848,2,59199126.6048,0.0279007109635913
11734,21750.426848,1,59199144.4864,0.0198240006556437
11735,21750.446848,2,59199164.48,0.0279427131354109
11736,21750.466848,1,59199184.4736,0.0198240006556437
11737,21750.486848,2,59199204.5824,0.0281045751633987
11738,21750.506848,1,59199224.4864,0.0198424406335157
11739,21750.526848,2,59199244.4928,0.0283699059561128
11740,21750.546848,1,59199264.4864,0.0197051652426906
11741,21750.566848,2,59199284.5056,0.0283473682053804
11742,21750.586848,1,59199304.4864,0.0197225807773475
11743,21750.606848,2,59199324.5312,0.0283996148093511
11744,21750.626848,1,59199344.4608,0.019672383059807
11745,21750.646848,2,59199364.544,0.0285614768373389
11746,21750.666848,1,59199384.5376,0.0197154096748417
11747,21750.686848,2,59199404.5056,0.0286045034523736
11748,21750.706848,1,59199426.2016,0.0196979941401848
11749,21750.726848,2,59199444.5312,0.0285942590202225
11750,21750.746848,1,59199464.8704,0.0197369229823591
11751,21750.766848,2,59199484.5056,0.028498985801217
11752,21750.786848,1,59199504.96,0.0196734075030221
11753,21750.806848,2,59199526.9632,0.0283576126375315
11754,21750.826848,1,59199544.5376,0.0197697051652427
11755,21750.846848,2,59199567.232,0.0284539102997521
11756,21750.866848,1,59199584.5248,0.0197983895752658
11757,21750.886848,2,59199604.6464,0.0284129325711476
11758,21750.906848,1,59199624.5632,0.0197625340627369
11759,21750.926848,2,59199644.5312,0.0283944925932756
11760,21750.946848,1,59199664.5888,0.0197830229270392
11761,21750.966848,2,59199684.5952,0.0282910238285492
11762,21750.986848,1,59199704.5376,0.0197481918577253
11763,21751.006848,2,59199724.6336,0.0282592660888807
11764,21751.026848,1,59199744.5376,0.0197430696416498
11765,21751.046848,2,59199764.6208,0.0281609195402299
11766,21751.066848,1,59199784.5632,0.0197983895752658
11767,21751.086848,2,59199804.5696,0.028044133013707
11768,21751.106848,1,59199824.5632,0.0198014629049112
11769,21751.126848,2,59199844.6464,0.0280974040608929
11770,21751.146848,1,59199864.576,0.0197061896859057
11771,21751.166848,2,59199884.5824,0.0280472063433524
11772,21751.186848,1,59199904.5632,0.0197256541069929
11773,21751.206848,2,59199924.5824,0.0280594996619337
11774,21751.226848,1,59199944.576,0.0197082385723359
11775,21751.246848,2,59199964.5696,0.0279181264982482
11776,21751.266848,1,59199984.512,0.0197717540516729
11777,21751.286848,2,59200004.5952,0.0278832954289344
11778,21751.306848,1,59200025.2544,0.0197533140738009
11779,21751.326848,2,59200044.5952,0.0278146577335218
11780,21751.346848,1,59200064.64,0.0197297518798533
11781,21751.366848,2,59200084.5824,0.0277531911406151
11782,21751.386848,1,59200105.2416,0.019754338517016
11783,21751.406848,2,59200124.5952,0.027807486631016
11784,21751.426848,1,59200145.3056,0.0197963406888356
11785,21751.446848,2,59200165.7856,0.0277634355727662
11786,21751.466848,1,59200184.896,0.0197041407994755
11787,21751.486848,2,59200204.5824,0.0277337267195279
11788,21751.506848,1,59200224.6784,0.0197143852316266
11789,21751.526848,2,59200244.6592,0.0278044133013707
11790,21751.546848,1,59200264.6272,0.0197512651873707
11791,21751.566848,2,59200284.608,0.0278064621878009
11792,21751.586848,1,59200306.1248,0.0196641875140861
11793,21751.606848,2,59200324.6336,0.0278156821767369
11794,21751.626848,1,59200344.6144,0.0197338496527138
11795,21751.646848,2,59200364.608,0.0279037842932366
11796,21751.666848,1,59200384.6528,0.0197942918024054
11797,21751.686848,2,59200404.6208,0.0281814084045321
11798,21751.706848,1,59200425.3824,0.0198045362345565
11799,21751.726848,2,59200444.6336,0.028471325834409
11800,21751.746848,1,59200464.64,0.0197779007109636
11801,21751.766848,2,59200485.7472,0.0285952834634376
11802,21751.786848,1,59200504.64,0.0196744319462372
11803,21751.806848,2,59200524.6592,0.028698752228164
11804,21751.826848,1,59200545.1264,0.0197922429159752
11805,21751.846848,2,59200564.6592,0.0288216854139775
11806,21751.866848,1,59200584.832,0.0197205318909173
11807,21751.886848,2,59200604.672,0.0289220808490585
11808,21751.906848,1,59200624.6656,0.0197174585612719
11809,21751.926848,2,59200644.6592,0.0289497408158666
11810,21751.946848,1,59200664.6656,0.0197625340627369
11811,21751.966848,2,59200684.6848,0.0290962361956277
11812,21751.986848,1,59200704.6656,0.0197195074477022
11813,21752.00688,2,59200725.4272,0.0293933247280103
11814,21752.02688,1,59200745.9584,0.0197307763230684
11815,21752.04688,2,59200764.7488,0.0297395865347184
11816,21752.06688,1,59200786.0224,0.0196959452537546
11817,21752.08688,2,59200804.672,0.0300110639867232
11818,21752.10688,1,59200824.6656,0.0197174585612719
11819,21752.12688,2,59200845.9008,0.0302323437211875
11820,21752.14688,1,59200865.3056,0.0197430696416498
11821,21752.16688,2,59200885.5808,0.0301309238428914
11822,21752.18688,1,59200904.6528,0.0196979941401848
11823,21752.20688,2,59200924.6848,0.0302774192226525
11824,21752.22688,1,59200944.7168,0.0196764808326674
11825,21752.24688,2,59200964.7104,0.0302722970065769
11826,21752.26688,1,59200984.8192,0.0197328252094986
11827,21752.28688,2,59201004.6848,0.0301206794107403
11828,21752.30688,1,59201024.6912,0.019700043026615
11829,21752.32688,2,59201044.736,0.029990575122421
11830,21752.34688,1,59201064.7424,0.0197604851763067
11831,21752.36688,2,59201084.736,0.0297047554654046
11832,21752.38688,1,59201104.7168,0.0196979941401848
11833,21752.40688,2,59201124.7232,0.0293134181572315
11834,21752.42688,1,59201144.9728,0.019709263015551
11835,21752.44688,2,59201164.7616,0.0290368184891511
11836,21752.46688,1,59201184.7424,0.0197113119019813
11837,21752.48688,2,59201204.7104,0.0288165631979019
11838,21752.50688,1,59201224.704,0.0196826274919581
11839,21752.52688,2,59201244.7488,0.0286577744995595
11840,21752.54688,1,59201264.7808,0.0196990185833999
11841,21752.56688,2,59201284.7872,0.0289364230540701
11842,21752.58688,1,59201307.5072,0.0197051652426906
11843,21752.60688,2,59201324.7232,0.0291658983342553
11844,21752.62688,1,59201344.7808,0.0197430696416498
11845,21752.64688,2,59201364.7232,0.0294056180465917
11846,21752.66688,1,59201384.9856,0.0197133607884115
11847,21752.68688,2,59201404.7488,0.0295316245620505
11848,21752.70688,1,59201424.768,0.0197195074477022
11849,21752.72688,2,59201445.7344,0.0294455713319811
11850,21752.74688,1,59201464.7296,0.0196887741512488
11851,21752.76688,2,59201486.208,0.0292642448829061
11852,21752.78688,1,59201505.2288,0.0196621386276559
11853,21752.80688,2,59201524.7616,0.0292908804064991
11854,21752.82688,1,59201544.7552,0.0197031163562604
11855,21752.84688,2,59201566.0032,0.029190484971418
11856,21752.86688,1,59201584.7552,0.0196764808326674
11857,21752.88688,2,59201604.7744,0.0291464339131682
11858,21752.90688,1,59201624.8064,0.0197645829491671
11859,21752.92688,2,59201644.7744,0.0291228717192206
11860,21752.94688,1,59201664.7808,0.0196652119573012
11861,21752.96688,2,59201685.376,0.0290429651484418
11862,21752.98688,1,59201704.8064,0.0196887741512488
11863,21753.00688,2,59201725.568,0.0288882742229598
11864,21753.02688,1,59201744.7936,0.0197328252094986
11865,21753.04688,2,59201764.7872,0.0287509988321347
11866,21753.06688,1,59201784.832,0.0197563874034462
11867,21753.08688,2,59201805.0304,0.0287848054582335
11868,21753.10688,1,59201824.7936,0.0197010674698301
11869,21753.12688,2,59201844.8128,0.0286342123056119
11870,21753.14688,1,59201864.7808,0.0197020919130453
11871,21753.16688,2,59201884.9024,0.0285010346876473
11872,21753.18688,1,59201904.8064,0.0197061896859057
11873,21753.20688,2,59201924.7872,0.0283022927039154
11874,21753.22688,1,59201944.832,0.019709263015551
11875,21753.24688,2,59201964.8128,0.0281680906427357
11876,21753.26688,1,59201984.8448,0.0197389718687893
11877,21753.28688,2,59202004.8128,0.0279509086811318
11878,21753.30688,1,59202024.8192,0.0197420451984347
11879,21753.32688,2,59202044.8256,0.0279488597947016
11880,21753.34688,1,59202064.832,0.0197748273813183
11881,21753.36688,2,59202085.0176,0.0278935398610855
11882,21753.38688,1,59202105.8432,0.0198137562234925
11883,21753.40688,2,59202124.8512,0.0278392443706845
11884,21753.42688,1,59202144.8448,0.0197574118466613
11885,21753.44688,2,59202164.8384,0.0277193845145164
11886,21753.46688,1,59202186.1248,0.0197697051652427
11887,21753.48688,2,59202204.928,0.0276743090130514
11888,21753.50688,1,59202224.8576,0.01974511852808
11889,21753.52688,2,59202244.8768,0.0277111889687955
11890,21753.54688,1,59202264.832,0.0197512651873707
11891,21753.56688,2,59202284.9152,0.0277388489356035
11892,21753.58688,1,59202304.8448,0.0197328252094986
11893,21753.60688,2,59202324.8512,0.0276261601819411
11894,21753.62688,1,59202345.4336,0.01974511852808
11895,21753.64688,2,59202364.8384,0.0275831335669064
11896,21753.66688,1,59202384.8832,0.0198280984285041
11897,21753.68688,2,59202404.864,0.0275657180322495
11898,21753.70688,1,59202424.8576,0.0197154096748417
11899,21753.72688,2,59202444.9024,0.02761591574979
11900,21753.74688,1,59202465.8304,0.0197277029934231
11901,21753.76688,2,59202486.7712,0.0275103980986334
11902,21753.78688,1,59202504.8832,0.0197420451984347
11903,21753.80688,2,59202524.928,0.0275042514393427
11904,21753.82688,1,59202544.8832,0.0197922429159752
11905,21753.84688,2,59202564.8512,0.0274325404142848
11906,21753.86688,1,59202584.8704,0.0197942918024054
11907,21753.88688,2,59202604.8896,0.0274345893007151
11908,21753.90688,1,59202624.9216,0.0197912184727601
11909,21753.92688,2,59202645.5936,0.0274263937549942
11910,21753.94688,1,59202664.9088,0.019726678550208
11911,21753.96688,2,59202686.0928,0.027315753887762
11912,21753.98688,1,59202708.224,0.0197676562788125
11913,21754.00688,2,59202724.9408,0.0273567316163665
11914,21754.02688,1,59202744.896,0.0197738029381031
11915,21754.04688,2,59202765.6832,0.0273915626856803
11916,21754.06688,1,59202786.0992,0.0197830229270392
11917,21754.08688,2,59202805.76,0.0273188272174073
11918,21754.10688,1,59202824.9728,0.0197123363451964
11919,21754.12688,2,59202846.976,0.0273751715942385
11920,21754.14688,1,59202865.1136,0.0197574118466613
11921,21754.16688,2,59202884.928,0.0273362427520643
11922,21754.18688,1,59202904.9216,0.0197789251541787
11923,21754.20688,2,59202924.9024,0.0274458581760813
11924,21754.22688,1,59202944.896,0.0197645829491671
11925,21754.24688,2,59202964.9152,0.0275196180875694
11926,21754.26688,1,59202985.0112,0.0197512651873707
11927,21754.28688,2,59203004.928,0.0275585469297437
11928,21754.30688,1,59203024.9344,0.0197215563341324
11929,21754.32688,2,59203044.9408,0.0274550781650173
11930,21754.34688,1,59203065.792,0.0197410207552195
11931,21754.36688,2,59203085.0432,0.027524740303645
11932,21754.38688,1,59203104.9472,0.0197697051652427
11933,21754.40688,2,59203125.2352,0.0274335648574999
11934,21754.42688,1,59203144.9344,0.0197338496527138
11935,21754.44688,2,59203164.9536,0.0272952650234597
11936,21754.46688,1,59203184.9856,0.0197615096195218
11937,21754.48688,2,59203204.9408,0.0273126805581167
11938,21754.50688,1,59203224.9856,0.0197891695863298
11939,21754.52688,2,59203245.0176,0.0271836007130125
11940,21754.54688,1,59203264.9856,0.0197256541069929
11941,21754.56688,2,59203285.0048,0.0272655561702215
11942,21754.58688,1,59203304.96,0.01974511852808
11943,21754.60688,2,59203325.0176,0.0274171737660581
11944,21754.62688,1,59203344.9728,0.0197154096748417
11945,21754.64688,2,59203364.9664,0.027524740303645
11946,21754.66688,1,59203385.344,0.0197338496527138
11947,21754.68688,2,59203404.9408,0.0275175692011392
11948,21754.70688,1,59203425.4208,0.0197297518798533
11949,21754.72688,2,59203445.0176,0.0275360091790112
11950,21754.74688,1,59203464.9856,0.0197830229270392
11951,21754.76688,2,59203484.992,0.0274294670846395
11952,21754.78688,1,59203504.9856,0.0197307763230684
11953,21754.80688,2,59203524.992,0.0274386870735755
11954,21754.82688,1,59203545.5872,0.0197738029381031
11955,21754.84688,2,59203564.992,0.0273710738213781
11956,21754.86688,1,59203584.9856,0.0197174585612719
11957,21754.88688,2,59203605.0176,0.0272573606245006
11958,21754.90688,1,59203626.2912,0.0197133607884115
11959,21754.92688,2,59203645.0048,0.0271508185301289
11960,21754.94688,1,59203665.0368,0.0197860962566845
11961,21754.96688,2,59203685.0176,0.0271036941422337
11962,21754.98688,1,59203705.0496,0.0197830229270392
11963,21755.00688,2,59203725.6576,0.0270330075603909
11964,21755.02688,1,59203745.024,0.0197686807220276
11965,21755.04688,2,59203766.6944,0.0269725654106993
11966,21755.06688,1,59203785.1264,0.0197912184727601
11967,21755.08688,2,59203805.056,0.026933636568525
11968,21755.10688,1,59203825.1008,0.0197328252094986
11969,21755.12688,2,59203845.0432,0.0269674431946237
11970,21755.14688,1,59203865.0624,0.0197871206998996
11971,21755.16688,2,59203885.0688,0.0270770586186408
11972,21755.18688,1,59203905.5232,0.0198690761571086
11973,21755.20688,2,59203926.5152,0.0269561743192575
11974,21755.22688,1,59203945.152,0.019763558505952
11975,21755.24688,2,59203965.056,0.0269274899092343
11976,21755.26688,1,59203985.0496,0.0198117073370623
11977,21755.28688,2,59204005.056,0.0270022742639375
11978,21755.30688,1,59204025.1136,0.0197410207552195
11979,21755.32688,2,59204045.0816,0.0269582232056877
11980,21755.34688,1,59204065.0624,0.0197420451984347
11981,21755.36688,2,59204085.0816,0.0270032987071527
11982,21755.38688,1,59204105.7664,0.0197901940295449
11983,21755.40688,2,59204125.2736,0.0269602720921179
11984,21755.42688,1,59204145.1264,0.0198168295531379
11985,21755.44688,2,59204165.6448,0.0269162210338681
11986,21755.46688,1,59204186.0224,0.0197891695863298
11987,21755.48688,2,59204205.0688,0.0269664187514086
11988,21755.50688,1,59204225.088,0.0197963406888356
11989,21755.52688,2,59204245.0944,0.0270709119593501
11990,21755.54688,1,59204265.8176,0.0198260495420739
11991,21755.56688,2,59204285.12,0.0270073964800131
11992,21755.58688,1,59204305.088,0.0197379474255742
11993,21755.60688,2,59204325.12,0.0269889565021411
11994,21755.62688,1,59204347.2896,0.0197707296084578
11995,21755.64688,2,59204365.0944,0.0269233921363739
11996,21755.66688,1,59204386.6624,0.0197686807220276
11997,21755.68688,2,59204405.0944,0.0270432519925421
11998,21755.70688,1,59204425.1264,0.0198127317802774
11999,21755.72688,2,59204445.1072,0.026933636568525
12000,21755.74688,1,59204465.088,0.0197738029381031
12001,21755.76688,2,59204485.2352,0.0269735898539144
12002,21755.78688,1,59204505.0624,0.0197912184727601
12003,21755.80688,2,59204525.1072,0.026987932058926
12004,21755.82688,1,59204545.1264,0.0197604851763067
12005,21755.84688,2,59204565.0816,0.0271467207572684
12006,21755.86688,1,59204585.1392,0.0197574118466613
12007,21755.88688,2,59204605.0944,0.0271682340647858
12008,21755.90688,1,59204625.1392,0.0197697051652427
12009,21755.92688,2,59204645.0944,0.0273526338435061
12010,21755.94688,1,59204665.1008,0.0198117073370623
12011,21755.96688,2,59204685.1328,0.0272194562255414
12012,21755.98688,1,59204705.1136,0.0197123363451964
12013,21756.00688,2,59204725.12,0.0272635072837913
12014,21756.02688,1,59204745.1136,0.0197768762677485
12015,21756.04688,2,59204765.0688,0.0271774540537218
12016,21756.06688,1,59204785.1264,0.0197184830044871
12017,21756.08688,2,59204805.0944,0.0271958940315938
12018,21756.10688,1,59204825.1008,0.019663163070871
12019,21756.12688,2,59204845.2352,0.0271969184748089
12020,21756.14688,1,59204865.1264,0.0196990185833999
12021,21756.16688,2,59204885.2608,0.0274653225971684
12022,21756.18688,1,59204905.3568,0.0197195074477022
12023,21756.20688,2,59204925.4784,0.0274345893007151
12024,21756.22688,1,59204945.4976,0.019726678550208
12025,21756.24688,2,59204965.1328,0.0273915626856803
12026,21756.26688,1,59204985.3696,0.0197420451984347
12027,21756.28688,2,59205005.1328,0.0273259983199131
12028,21756.30688,1,59205025.1264,0.0197164341180568
12029,21756.32688,2,59205045.1328,0.02729731390989
12030,21756.34688,1,59205065.5744,0.0197656073923822
12031,21756.36688,2,59205085.3632,0.0271538918597742
12032,21756.38688,1,59205106.9568,0.0197399963120044
12033,21756.40688,2,59205125.1456,0.0270914008236523
12034,21756.42688,1,59205145.1136,0.0197143852316266
12035,21756.44688,2,59205167.0144,0.0270360808900363
12036,21756.46688,1,59205185.4464,0.0197287274366382
12037,21756.48688,2,59205205.1968,0.0270657897432745
12038,21756.50688,1,59205225.1904,0.0196938963673244
12039,21756.52688,2,59205247.4752,0.0271016452558035
12040,21756.54688,1,59205265.1392,0.019709263015551
12041,21756.56688,2,59205285.2352,0.027115987460815
12042,21756.58688,1,59205305.3824,0.0197010674698301
12043,21756.60688,2,59205325.504,0.0271098408015244
12044,21756.62688,1,59205345.344,0.0197574118466613
12045,21756.64688,2,59205365.1584,0.0272194562255414
12046,21756.66688,1,59205385.1776,0.0196949208105395
12047,21756.68688,2,59205405.1328,0.0272911672505993
12048,21756.70688,1,59205425.1648,0.0197676562788125
12049,21756.72688,2,59205445.184,0.0273567316163665
12050,21756.74688,1,59205465.1776,0.0197860962566845
12051,21756.76688,2,59205485.1712,0.0274950314504067
12052,21756.78688,1,59205505.1904,0.0197061896859057
12053,21756.80688,2,59205525.4656,0.0275954268854877
12054,21756.82688,1,59205545.2288,0.0196754563894523
12055,21756.84688,2,59205565.2736,0.0276230868522958
12056,21756.86688,1,59205585.1648,0.0197625340627369
12057,21756.88688,2,59205605.2224,0.0276282090683713
12058,21756.90688,1,59205625.2544,0.0197830229270392
12059,21756.92688,2,59205645.1712,0.0277142622984408
12060,21756.94688,1,59205665.2032,0.0197461429712951
12061,21756.96688,2,59205685.4784,0.0277460200381093
12062,21756.98688,1,59205705.3184,0.0197707296084578
12063,21757.00688,2,59205725.3888,0.0277111889687955
12064,21757.02688,1,59205745.2544,0.0197666318355974
12065,21757.04688,2,59205765.1712,0.0276835290019874
12066,21757.06688,1,59205787.1104,0.0197584362898765
12067,21757.08688,2,59205805.2224,0.0275380580654414
12068,21757.10688,1,59205825.2928,0.01974511852808
12069,21757.12688,2,59205845.248,0.0274755670293196
12070,21757.14688,1,59205865.216,0.0197399963120044
12071,21757.16688,2,59205885.7728,0.0273423894113549
12072,21757.18688,1,59205905.2032,0.0197522896305858
12073,21757.20688,2,59205925.5552,0.0272727272727273
12074,21757.22688,1,59205945.2544,0.0197697051652427
12075,21757.24688,2,59205965.4528,0.027315753887762
12076,21757.26688,1,59205985.2288,0.019781998483824
12077,21757.28688,2,59206005.312,0.0273516094002909
12078,21757.30688,1,59206025.2416,0.019781998483824
12079,21757.32688,2,59206045.248,0.0273843915831745
12080,21757.34688,1,59206065.5488,0.019799414018481
12081,21757.36688,2,59206085.568,0.027515520314709
12082,21757.38688,1,59206105.2672,0.0197594607330916
12083,21757.40688,2,59206125.2608,0.027606695760854
12084,21757.42688,1,59206145.3056,0.0197389718687893
12085,21757.44688,2,59206165.2608,0.0277286045034524
12086,21757.46688,1,59206187.1104,0.0196979941401848
12087,21757.48688,2,59206205.248,0.0277603622431209
12088,21757.50688,1,59206225.2672,0.0197369229823591
12089,21757.52688,2,59206245.2864,0.0279570553404225
12090,21757.54688,1,59206265.2672,0.0197051652426906
12091,21757.56688,2,59206285.3632,0.0283770770586186
12092,21757.58688,1,59206305.3824,0.019763558505952
12093,21757.60688,2,59206325.5936,0.028616796770955
12094,21757.62688,1,59206345.3184,0.0197471674145102
12095,21757.64688,2,59206365.2864,0.0290040363062675
12096,21757.66688,1,59206385.3056,0.0197512651873707
12097,21757.68688,2,59206405.7856,0.0290327207162907
12098,21757.70688,1,59206425.28,0.0196785297190977
12099,21757.72688,2,59206445.3504,0.0289487163726515
12100,21757.74688,1,59206465.2928,0.0196928719241092
12101,21757.76688,2,59206485.9264,0.0289087630872621
12102,21757.78688,1,59206505.5232,0.0196836519351732
12103,21757.80688,2,59206525.312,0.0288872497797447
12104,21757.82688,1,59206545.5488,0.0197041407994755
12105,21757.84688,2,59206565.3248,0.0287755854692974
12106,21757.86688,1,59206585.2928,0.0197184830044871
12107,21757.88688,2,59206605.3376,0.0286024545659434
12108,21757.90688,1,59206625.3312,0.0197522896305858
12109,21757.92688,2,59206645.3888,0.0285461101891122
12110,21757.94688,1,59206665.664,0.0196672608437314
12111,21757.96688,2,59206687.6928,0.0285850390312865
12112,21757.98688,1,59206705.2672,0.0198158051099228
12113,21758.00688,2,59206725.3888,0.0284231770032987
12114,21758.02688,1,59206745.3568,0.0196928719241092
12115,21758.04688,2,59206765.6064,0.0283360993300141
12116,21758.06688,1,59206785.3312,0.0196590652980105
12117,21758.08688,2,59206806.9504,0.0282285327924273
12118,21758.10688,1,59206825.3312,0.0197225807773475
12119,21758.12688,2,59206845.376,0.0280758907533755
12120,21758.14688,1,59206865.728,0.0197102874587662
12121,21758.16688,2,59206885.5424,0.027943737578626
12122,21758.18688,1,59206905.4592,0.0196949208105395
12123,21758.20688,2,59206925.3504,0.0279713975454341
12124,21758.22688,1,59206945.3952,0.0197584362898765
12125,21758.24688,2,59206965.3504,0.0279089065093122
12126,21758.26688,1,59206985.3824,0.0197512651873707
12127,21758.28688,2,59207005.5424,0.0277788022209929
12128,21758.30688,1,59207025.4208,0.0197379474255742
12129,21758.32688,2,59207045.4016,0.0277378244923884
12130,21758.34688,1,59207065.3312,0.0197031163562604
12131,21758.36688,2,59207085.3632,0.0277357756059582
12132,21758.38688,1,59207105.3568,0.0197768762677485
12133,21758.40688,2,59207125.4144,0.0277644600159813
12134,21758.42688,1,59207145.3696,0.0198383428606552
12135,21758.44688,2,59207165.376,0.0277449955948942
12136,21758.46688,1,59207185.3824,0.0197133607884115
12137,21758.48688,2,59207205.8752,0.0276722601266212
12138,21758.50688,1,59207225.3952,0.0196979941401848
12139,21758.52688,2,59207245.3888,0.0275564980433135
12140,21758.54688,1,59207265.5616,0.0197297518798533
12141,21758.56688,2,59207285.4272,0.027570840248325
12142,21758.58688,1,59207305.8688,0.0196949208105395
12143,21758.60688,2,59207325.4016,0.0275739135779704
12144,21758.62688,1,59207345.4336,0.0197236052205626
12145,21758.64688,2,59207365.3888,0.0275278136332903
12146,21758.66688,1,59207385.4592,0.0197492163009404
12147,21758.68688,2,59207405.4144,0.0277337267195279
12148,21758.70688,1,59207425.5232,0.0196713586165919
12149,21758.72688,2,59207445.4912,0.0279211998278935
12150,21758.74688,1,59207465.6896,0.0197399963120044
12151,21758.76688,2,59207485.44,0.0279959841825968
12152,21758.78688,1,59207505.4592,0.0197225807773475
12153,21758.80688,2,59207525.4272,0.0280502796729977
12154,21758.82688,1,59207545.4464,0.019709263015551
12155,21758.84688,2,59207565.4272,0.0280410596840617
12156,21758.86688,1,59207585.4464,0.0197481918577253
12157,21758.88688,2,59207605.4656,0.0281107218226894
12158,21758.90688,1,59207625.4464,0.0196734075030221
12159,21758.92688,2,59207645.4272,0.0281486262216485
12160,21758.94688,1,59207665.4336,0.019763558505952
12161,21758.96688,2,59207685.7728,0.0282203372467064
12162,21758.98688,1,59207706.6624,0.0197195074477022
12163,21759.00688,2,59207725.44,0.0281916528366833
12164,21759.02688,1,59207745.4848,0.0197010674698301
12165,21759.04688,2,59207765.44,0.0281004773905382
12166,21759.06688,1,59207785.4464,0.0197164341180568
12167,21759.08688,2,59207806.0032,0.0279478353514865
12168,21759.10688,1,59207825.472,0.0196775052758826
12169,21759.12688,2,59207845.5168,0.0281219906980556
12170,21759.14688,1,59207865.8816,0.0197297518798533
12171,21759.16688,2,59207888.1408,0.028189603950253
12172,21759.18688,1,59207905.4976,0.0197287274366382
12173,21759.20688,2,59207925.4528,0.0282479972135145
12174,21759.22688,1,59207945.472,0.0197625340627369
12175,21759.24688,2,59207965.4912,0.0282008728256193
12176,21759.26688,1,59207985.4464,0.0197840473702543
12177,21759.28688,2,59208005.76,0.0281547728809392
12178,21759.30688,1,59208025.5232,0.019700043026615
12179,21759.32688,2,59208045.4656,0.0280912574016022
12180,21759.34688,1,59208065.5104,0.019735898539144
12181,21759.36688,2,59208085.9008,0.028025693035835
12182,21759.38688,1,59208105.4976,0.0197215563341324
12183,21759.40688,2,59208128.2816,0.0280994529473231
12184,21759.42688,1,59208145.4976,0.0197656073923822
12185,21759.44688,2,59208165.6448,0.0280420841272768
12186,21759.46688,1,59208187.3024,0.0197399963120044
12187,21759.48688,2,59208205.6064,0.0280103263876083
12188,21759.50688,1,59208225.6,0.0197430696416498
12189,21759.52688,2,59208245.5168,0.0278535865756961
12190,21759.54688,1,59208265.8048,0.019827073985289
12191,21759.56688,2,59208285.504,0.0277910955395742
12192,21759.58688,1,59208306.048,0.0198024873481263
12193,21759.60688,2,59208325.5808,0.0276220624090807
12194,21759.62688,1,59208345.4848,0.0197809740406089
12195,21759.64688,2,59208365.5296,0.0276855778884176
12196,21759.66688,1,59208385.5872,0.0197297518798533
12197,21759.68688,2,59208405.5296,0.0277265556170221
12198,21759.70688,1,59208425.5104,0.0198117073370623
12199,21759.72688,2,59208445.5424,0.027716311184871
12200,21759.74688,1,59208465.536,0.0197615096195218
12201,21759.76688,2,59208485.9136,0.0276261601819411
12202,21759.78688,1,59208505.7536,0.0197840473702543
12203,21759.80688,2,59208525.5936,0.0274765914725347
12204,21759.82688,1,59208545.5616,0.0197983895752658
12205,21759.84688,2,59208565.6448,0.027470444813244
12206,21759.86688,1,59208585.5488,0.0197481918577253
12207,21759.88688,2,59208605.6192,0.0273843915831745
12208,21759.90688,1,59208625.664,0.0197830229270392
12209,21759.92688,2,59208645.5424,0.0273874649128199
12210,21759.94688,1,59208665.5744,0.0197512651873707
12211,21759.96688,2,59208687.68,0.0274048804474768
12212,21759.98688,1,59208705.5616,0.019772778494888
12213,21760.00688,2,59208728.3584,0.0273690249349479
12214,21760.02688,1,59208745.5744,0.0198004384616961
12215,21760.04688,2,59208766.1824,0.0273485360706456
12216,21760.06688,1,59208788.4544,0.0197615096195218
12217,21760.08688,2,59208805.568,0.0273751715942385
12218,21760.10688,1,59208825.5744,0.0198895650214109
12219,21760.12688,2,59208845.6064,0.0273075583420411
12220,21760.14688,1,59208865.9456,0.019836293974225
12221,21760.16688,2,59208885.7216,0.0272993627963202
12222,21760.18688,1,59208905.6256,0.0198260495420739
12223,21760.20688,2,59208925.568,0.0273557071731514
12224,21760.22688,1,59208945.6256,0.0198485872928064
12225,21760.24688,2,59208965.6832,0.0273178027741922
12226,21760.26688,1,59208985.5872,0.0198024873481263
12227,21760.28688,2,59209005.8496,0.0274110271067675
12228,21760.30688,1,59209025.6,0.0197656073923822
12229,21760.32688,2,59209045.5808,0.0273505849570758
12230,21760.34688,1,59209065.6512,0.0198311717581494
12231,21760.36688,2,59209085.6064,0.0273198516606225
12232,21760.38688,1,59209105.6384,0.0198024873481263
12233,21760.40688,2,59209125.7088,0.0272768250455877
12234,21760.42688,1,59209145.6256,0.0198147806667076
12235,21760.44688,2,59209165.7216,0.0270873030507919
12236,21760.46688,1,59209185.664,0.0198055606777716
12237,21760.48688,2,59209205.6192,0.0272122851230356
12238,21760.50688,1,59209225.7408,0.0197973651320507
12239,21760.52688,2,59209245.6448,0.0270770586186408
12240,21760.54688,1,59209265.6512,0.0197768762677485
12241,21760.56688,2,59209285.6576,0.0270944741532977
12242,21760.58688,1,59209305.6256,0.0198158051099228
12243,21760.60688,2,59209325.6448,0.0270903763804372
12244,21760.62688,1,59209347.456,0.0197901940295449
12245,21760.64688,2,59209365.632,0.0271897473723032
12246,21760.66688,1,59209385.7408,0.0197963406888356
12247,21760.68688,2,59209405.6576,0.0273331694224189
12248,21760.70688,1,59209425.6256,0.0197779007109636
12249,21760.72688,2,59209445.6704,0.0273946360153257
12250,21760.74688,1,59209465.6768,0.0197686807220276
12251,21760.76688,2,59209485.7984,0.0273618538324421
12252,21760.78688,1,59209505.6512,0.0198045362345565
12253,21760.80688,2,59209525.6576,0.027252238408425
12254,21760.82688,1,59209545.6896,0.0198147806667076
12255,21760.84688,2,59209565.6448,0.0272993627963202
12256,21760.86688,1,59209585.6512,0.0197707296084578
12257,21760.88688,2,59209605.6704,0.0273167783309771
12258,21760.90688,1,59209625.7664,0.01974511852808
12259,21760.92688,2,59209645.632,0.0271661851783556
12260,21760.94688,1,59209665.6896,0.0198158051099228
12261,21760.96688,2,59209685.6832,0.0272553117380704
12262,21760.98688,1,59209706.0224,0.0198393673038703
12263,21761.00688,2,59209725.8624,0.0272174073391112
12264,21761.02688,1,59209745.7024,0.0197830229270392
12265,21761.04688,2,59209765.7472,0.0272020406908845
12266,21761.06688,1,59209786.048,0.019781998483824
12267,21761.08688,2,59209805.6832,0.0271559407462044
12268,21761.10688,1,59209825.728,0.0197584362898765
12269,21761.12688,2,59209845.7088,0.0271590140758498
12270,21761.14688,1,59209865.6896,0.0197656073923822
12271,21761.16688,2,59209885.9392,0.0271999918044543
12272,21761.18688,1,59209908.7744,0.019781998483824
12273,21761.20688,2,59209925.824,0.027170282951216
12274,21761.22688,1,59209945.7152,0.0197164341180568
12275,21761.24688,2,59209965.7088,0.0273075583420411
12276,21761.26688,1,59209986.432,0.0198024873481263
12277,21761.28688,2,59210005.7728,0.0274202470957035
12278,21761.30688,1,59210025.792,0.0197901940295449
12279,21761.32688,2,59210045.7344,0.0274776159157498
12280,21761.34688,1,59210065.7408,0.0198014629049112
12281,21761.36688,2,59210085.9136,0.0275575224865286
12282,21761.38688,1,59210105.7152,0.0197686807220276
12283,21761.40688,2,59210125.7728,0.027716311184871
12284,21761.42688,1,59210145.7536,0.019781998483824
12285,21761.44688,2,59210165.76,0.0279099309525273
12286,21761.46688,1,59210188.5696,0.0197594607330916
12287,21761.48688,2,59210206.2464,0.0278761243264286
12288,21761.50688,1,59210225.8176,0.0198311717581494
12289,21761.52688,2,59210245.7728,0.0278351465978241
12290,21761.54688,1,59210265.9328,0.019754338517016
12291,21761.56688,2,59210285.7472,0.0278515376892659
12292,21761.58688,1,59210305.7536,0.019772778494888
12293,21761.60688,2,59210325.952,0.0278156821767369
12294,21761.62688,1,59210345.7536,0.0197676562788125
12295,21761.64688,2,59210367.616,0.0278576843485566
12296,21761.66688,1,59210385.7664,0.0197379474255742
12297,21761.68688,2,59210406.4256,0.0278873932017948
12298,21761.70688,1,59210425.7664,0.0197430696416498
12299,21761.72688,2,59210445.9264,0.0280953551744627
12300,21761.74688,1,59210467.392,0.0197164341180568
12301,21761.76688,2,59210485.7856,0.0281855061773926
12302,21761.78688,1,59210505.8816,0.0197471674145102
12303,21761.80688,2,59210525.824,0.0282500460999447
12304,21761.82688,1,59210545.8304,0.0197768762677485
12305,21761.84688,2,59210565.824,0.0281926772798984
12306,21761.86688,1,59210585.8304,0.0198096584506321
12307,21761.88688,2,59210605.8112,0.0280820374126662
12308,21761.90688,1,59210625.8304,0.0197676562788125
12309,21761.92688,2,59210645.7856,0.0280420841272768
12310,21761.94688,1,59210665.8048,0.0198496117360215
12311,21761.96688,2,59210685.824,0.028044133013707
12312,21761.98688,1,59210705.792,0.0197492163009404
12313,21762.00688,2,59210725.824,0.0280820374126662
12314,21762.02688,1,59210745.8304,0.0197522896305858
12315,21762.04688,2,59210765.824,0.0280308152519106
12316,21762.06688,1,59210785.8176,0.0197553629602311
12317,21762.08688,2,59210805.8496,0.0278720265535681
12318,21762.10688,1,59210825.8304,0.019836293974225
12319,21762.12688,2,59210845.824,0.0278515376892659
12320,21762.14688,1,59210867.3664,0.0197891695863298
12321,21762.16688,2,59210885.824,0.027852562132481
12322,21762.18688,1,59210905.8304,0.019836293974225
12323,21762.20688,2,59210926.6816,0.0277029934230746
12324,21762.22688,1,59210945.8304,0.0198424406335157
12325,21762.24688,2,59210965.8496,0.027533960292581
12326,21762.26688,1,59210985.8816,0.0198567828385273
12327,21762.28688,2,59211005.8496,0.0274878603479009
12328,21762.30688,1,59211026.5216,0.0198219517692134
12329,21762.32688,2,59211045.8368,0.0274141004364128
12330,21762.34688,1,59211065.8432,0.019827073985289
12331,21762.36688,2,59211085.8496,0.0273505849570758
12332,21762.38688,1,59211105.9456,0.0198301473149343
12333,21762.40688,2,59211125.8624,0.0273475116274305
12334,21762.42688,1,59211145.8688,0.0197041407994755
12335,21762.44688,2,59211165.9008,0.0273085827852562
12336,21762.46688,1,59211185.8688,0.0197625340627369
12337,21762.48688,2,59211206.5152,0.0272399450898437
12338,21762.50688,1,59211225.92,0.0197328252094986
12339,21762.52688,2,59211245.888,0.0272112606798205
12340,21762.54688,1,59211265.92,0.01974511852808
12341,21762.56688,2,59211285.8752,0.0273188272174073
12342,21762.58688,1,59211305.8816,0.0197174585612719
12343,21762.60688,2,59211325.888,0.0273813182535292
12344,21762.62688,1,59211346.1248,0.0197574118466613
12345,21762.64688,2,59211365.8752,0.0275226914172147
12346,21762.66688,1,59211385.8944,0.0197574118466613
12347,21762.68688,2,59211405.9648,0.0276958223205688
12348,21762.70688,1,59211432.512,0.0197686807220276
12349,21762.72688,2,59211445.9264,0.0277101645255803
12350,21762.74688,1,59211465.8944,0.0198229762124285
12351,21762.76688,2,59211485.9648,0.0275677669186797
12352,21762.78688,1,59211505.8944,0.0197338496527138
12353,21762.80688,2,59211525.9392,0.0276364046140922
12354,21762.82688,1,59211545.9328,0.0197779007109636
12355,21762.84688,2,59211565.9136,0.0278402688138996
12356,21762.86688,1,59211585.9328,0.0197297518798533
12357,21762.88688,2,59211605.9008,0.0279488597947016
12358,21762.90688,1,59211625.9456,0.0197584362898765
12359,21762.92688,2,59211646.016,0.0279150531686029
12360,21762.94688,1,59211665.9456,0.0197604851763067
12361,21762.96688,2,59211685.9392,0.0279099309525273
12362,21762.98688,1,59211706.0608,0.0197184830044871
12363,21763.00688,2,59211727.2576,0.0279181264982482
12364,21763.02688,1,59211745.9712,0.0197860962566845
12365,21763.04688,2,59211766.5152,0.0278392443706845
12366,21763.06688,1,59211787.9168,0.0197318007662835
12367,21763.08688,2,59211806.0416,0.0277224578441617
12368,21763.10688,1,59211825.9456,0.0197563874034462
12369,21763.12688,2,59211845.9648,0.0276671379105456
12370,21763.14688,1,59211866.0224,0.019781998483824
12371,21763.16688,2,59211885.952,0.0275411313950868
12372,21763.18688,1,59211905.9328,0.0197901940295449
12373,21763.20688,2,59211926.0544,0.0274274181982093
12374,21763.22688,1,59211945.9712,0.0198014629049112
12375,21763.24688,2,59211966.0288,0.0273321449792038
12376,21763.26688,1,59211985.9584,0.0198608806113877
12377,21763.28688,2,59212005.9648,0.0273167783309771
12378,21763.30688,1,59212026.0992,0.019808634007417
12379,21763.32688,2,59212045.9776,0.0272819472616633
12380,21763.34688,1,59212066.0736,0.0198526850656668
12381,21763.36688,2,59212085.9904,0.0273300960927736
12382,21763.38688,1,59212105.9712,0.019817853996353
12383,21763.40688,2,59212126.1312,0.027252238408425
12384,21763.42688,1,59212145.984,0.019836293974225
12385,21763.44688,2,59212166.016,0.0272993627963202
12386,21763.46688,1,59212185.984,0.0198352695310099
12387,21763.48688,2,59212206.912,0.0273772204806688
12388,21763.50688,1,59212226.0736,0.0198014629049112
12389,21763.52688,2,59212246.016,0.0274100026635524
12390,21763.54688,1,59212265.9968,0.0197891695863298
12391,21763.56688,2,59212286.1184,0.0275011781096974
12392,21763.58688,1,59212305.984,0.019845513963161
12393,21763.60688,2,59212326.0288,0.0275144958714938
12394,21763.62688,1,59212346.4064,0.0198373184174401
12395,21763.64688,2,59212366.0032,0.0274899092343311
12396,21763.66688,1,59212385.9712,0.0198557583953122
12397,21763.68688,2,59212406.2208,0.0274048804474768
12398,21763.70688,1,59212426.0608,0.0198321962013646
12399,21763.72688,2,59212446.3744,0.0274509803921569
12400,21763.74688,1,59212466.0096,0.0198209273259983
12401,21763.76688,2,59212486.0032,0.0274694203700289
12402,21763.78688,1,59212506.176,0.0198209273259983
12403,21763.80688,2,59212526.0672,0.0274940070071916
12404,21763.82688,1,59212546.3552,0.0198516606224517
12405,21763.84688,2,59212566.0416,0.0274919581207614
12406,21763.86688,1,59212586.048,0.0198414161903006
12407,21763.88688,2,59212606.0544,0.0274038560042617
12408,21763.90688,1,59212626.1376,0.0198588317249575
12409,21763.92688,2,59212646.0416,0.027243018419489
12410,21763.94688,1,59212666.944,0.0198537095088819
12411,21763.96688,2,59212686.0416,0.0272194562255414
12412,21763.98688,1,59212706.0608,0.0197420451984347
12413,21764.00688,2,59212726.208,0.0271754051672916
12414,21764.02688,1,59212746.2656,0.019845513963161
12415,21764.04688,2,59212766.08,0.0272450673059192
12416,21764.06688,1,59212786.0224,0.0197481918577253
12417,21764.08688,2,59212806.1184,0.0273259983199131
12418,21764.10688,1,59212826.2016,0.0198137562234925
12419,21764.12688,2,59212846.1312,0.0273454627410003
12420,21764.14688,1,59212866.1888,0.0198219517692134
12421,21764.16688,2,59212886.0672,0.0273106316716864
12422,21764.18688,1,59212906.0864,0.019817853996353
12423,21764.20688,2,59212926.0928,0.0273055094556109
12424,21764.22688,1,59212946.0864,0.0198280984285041
12425,21764.24688,2,59212966.0928,0.027315753887762
12426,21764.26688,1,59212986.0864,0.0198342450877948
12427,21764.28688,2,59213006.0928,0.0273761960374536
12428,21764.30688,1,59213026.2912,0.0198424406335157
12429,21764.32688,2,59213046.1824,0.0275728891347553
12430,21764.34688,1,59213066.1632,0.0198619050546028
12431,21764.36688,2,59213086.1056,0.0276517712623189
12432,21764.38688,1,59213106.1248,0.019799414018481
12433,21764.40688,2,59213126.4128,0.027597475771918
12434,21764.42688,1,59213146.3552,0.0198219517692134
12435,21764.44688,2,59213166.2592,0.0278269510521032
12436,21764.46688,1,59213186.0992,0.0198301473149343
12437,21764.48688,2,59213206.1568,0.0279201753846784
12438,21764.50688,1,59213226.304,0.0198393673038703
12439,21764.52688,2,59213246.144,0.0279816419775852
12440,21764.54688,1,59213266.2784,0.0198024873481263
12441,21764.56688,2,59213286.2464,0.0281066240498289
12442,21764.58688,1,59213306.1376,0.0198526850656668
12443,21764.60688,2,59213326.3232,0.0281260884709161
12444,21764.62688,1,59213346.176,0.0198649783842482
12445,21764.64688,2,59213366.4256,0.0280625729915791
12446,21764.66688,1,59213386.2144,0.0198649783842482
12447,21764.68688,2,59213406.2592,0.0280011063986723
12448,21764.70688,1,59213426.2784,0.0198731739299691
12449,21764.72688,2,59213446.3232,0.0278914909746553
12450,21764.74688,1,59213466.2912,0.0198496117360215
12451,21764.76688,2,59213486.1568,0.0278925154178704
12452,21764.78688,1,59213506.1888,0.019890589464626
12453,21764.80688,2,59213526.208,0.0277736800049173
12454,21764.82688,1,59213546.1632,0.0198301473149343
12455,21764.84688,2,59213566.3104,0.0277173356280861
12456,21764.86688,1,59213586.1888,0.019808634007417
12457,21764.88688,2,59213606.1696,0.0277951933124347
12458,21764.90688,1,59213626.3552,0.0198055606777716
12459,21764.92688,2,59213646.1184,0.0277224578441617
12460,21764.94688,1,59213666.3168,0.0198373184174401
12461,21764.96688,2,59213686.3104,0.027697871206999
12462,21764.98688,1,59213706.3424,0.0198608806113877
12463,21765.00688,2,59213726.1952,0.0276907001044932
12464,21765.02688,1,59213746.432,0.0198383428606552
12465,21765.04688,2,59213766.2464,0.027597475771918
12466,21765.06688,1,59213786.3552,0.0198424406335157
12467,21765.08688,2,59213806.208,0.0276323068412318
12468,21765.10688,1,59213826.4192,0.0198680517138935
12469,21765.12688,2,59213846.208,0.0276671379105456
12470,21765.14688,1,59213866.3168,0.0198496117360215
12471,21765.16688,2,59213886.2592,0.0275944024422726
12472,21765.18688,1,59213906.2144,0.0198741983731842
12473,21765.20688,2,59213926.2592,0.0276425512733829
12474,21765.22688,1,59213946.4704,0.0198823939189051
12475,21765.24688,2,59213966.2208,0.0275564980433135
12476,21765.26688,1,59213986.3552,0.0199151761017887
12477,21765.28688,2,59214006.2848,0.0274755670293196
12478,21765.30688,1,59214026.2144,0.0199039072264224
12479,21765.32688,2,59214046.4256,0.027416149322843
12480,21765.34688,1,59214066.2144,0.0198045362345565
12481,21765.36688,2,59214086.2976,0.0273516094002909
12482,21765.38688,1,59214106.2272,0.0198465384063761
12483,21765.40688,2,59214126.2464,0.0273731227078083
12484,21765.42688,1,59214146.3552,0.0198588317249575
12485,21765.44688,2,59214166.2336,0.0273925871288954
12486,21765.46688,1,59214186.3168,0.0199213227610794
12487,21765.48688,2,59214206.4,0.027397709344971
12488,21765.50688,1,59214226.2656,0.0198660028274633
12489,21765.52688,2,59214246.4512,0.0273956604585408
12490,21765.54688,1,59214266.4576,0.0197912184727601
12491,21765.56688,2,59214286.2848,0.0274806892453951
12492,21765.58688,1,59214306.304,0.0197799495973938
12493,21765.60688,2,59214326.2592,0.0274970803368369
12494,21765.62688,1,59214346.3936,0.0198465384063761
12495,21765.64688,2,59214366.2208,0.0275011781096974
12496,21765.66688,1,59214386.3552,0.0198485872928064
12497,21765.68688,2,59214406.4128,0.0275575224865286
12498,21765.70688,1,59214426.2784,0.0197789251541787
12499,21765.72688,2,59214446.272,0.0274561026082324
12500,21765.74688,1,59214466.3552,0.0198844428053353
12501,21765.76688,2,59214486.4384,0.0274448337328662
12502,21765.78688,1,59214506.496,0.0197922429159752
12503,21765.80688,2,59214526.2976,0.0274581514946627
12504,21765.82688,1,59214546.3552,0.0198065851209867
12505,21765.84688,2,59214566.3232,0.0273854160263897
12506,21765.86688,1,59214586.432,0.0197645829491671
12507,21765.88688,2,59214606.3488,0.0275114225418485
12508,21765.90688,1,59214626.5216,0.019799414018481
12509,21765.92688,2,59214646.3104,0.0274683959268138
12510,21765.94688,1,59214666.4576,0.0198311717581494
12511,21765.96688,2,59214686.4512,0.0274171737660581
12512,21765.98688,1,59214706.432,0.0197922429159752
12513,21766.00688,2,59214726.5792,0.0275093736554183
12514,21766.02688,1,59214746.2912,0.019827073985289
12515,21766.04688,2,59214766.5024,0.0276241112955109
12516,21766.06688,1,59214786.5344,0.0198199028827832
12517,21766.08688,2,59214806.2976,0.0276763578994816
12518,21766.10688,1,59214826.5088,0.0198291228717192
12519,21766.12688,2,59214846.3104,0.0276230868522958
12520,21766.14688,1,59214866.3168,0.0198055606777716
12521,21766.16688,2,59214886.4384,0.0277552400270453
12522,21766.18688,1,59214906.5856,0.0198004384616961
12523,21766.20688,2,59214926.2976,0.0276056713176389
12524,21766.22688,1,59214946.496,0.0197912184727601
12525,21766.24688,2,59214966.3232,0.027597475771918
12526,21766.26688,1,59214986.3168,0.0197512651873707
12527,21766.28688,2,59215006.5024,0.0276271846251562
12528,21766.30688,1,59215026.368,0.0198301473149343
12529,21766.32688,2,59215046.5024,0.0275278136332903
12530,21766.34688,1,59215066.3168,0.019845513963161
12531,21766.36688,2,59215086.3744,0.0273720982645932
12532,21766.38688,1,59215106.4192,0.019772778494888
12533,21766.40688,2,59215126.3872,0.0273096072284713
12534,21766.42688,1,59215146.3552,0.0197440940848649
12535,21766.44688,2,59215166.3744,0.0272911672505993
12536,21766.46688,1,59215186.4832,0.0198055606777716
12537,21766.48688,2,59215206.656,0.0272798983752331
12538,21766.50688,1,59215226.3424,0.0197871206998996
12539,21766.52688,2,59215246.6304,0.0272081873501752
12540,21766.54688,1,59215266.3552,0.0198168295531379
12541,21766.56688,2,59215286.3872,0.0272317495441228
12542,21766.58688,1,59215306.6624,0.0198127317802774
12543,21766.60688,2,59215326.3232,0.0271303296658266
12544,21766.62688,1,59215346.624,0.019772778494888
12545,21766.64688,2,59215366.3872,0.0271764296105067
12546,21766.66688,1,59215386.5728,0.0197246296637777
12547,21766.68688,2,59215406.6304,0.027097547482943
12548,21766.70688,1,59215426.3424,0.0198045362345565
12549,21766.72688,2,59215446.6688,0.0271036941422337
12550,21766.74688,1,59215466.4064,0.0198690761571086
12551,21766.76688,2,59215486.6816,0.0271661851783556
12552,21766.78688,1,59215506.5344,0.0198311717581494
12553,21766.80688,2,59215526.3488,0.0270954985965128
12554,21766.82688,1,59215546.4064,0.0197901940295449
12555,21766.84688,2,59215566.4256,0.0270586186407687
12556,21766.86688,1,59215586.6496,0.019836293974225
12557,21766.88688,2,59215606.6304,0.0271200852336755
12558,21766.90688,1,59215626.4064,0.0198147806667076
12559,21766.92688,2,59215646.528,0.027088327494007
12560,21766.94688,1,59215666.6368,0.0197154096748417
12561,21766.96688,2,59215686.4896,0.0271149630175999
12562,21766.98688,1,59215706.4448,0.0197563874034462
12563,21767.00688,2,59215726.4,0.0271108652447395
12564,21767.02688,1,59215746.432,0.0197789251541787
12565,21767.04688,2,59215766.6304,0.0273219005470527
12566,21767.06688,1,59215786.4448,0.0197860962566845
12567,21767.08688,2,59215806.4256,0.0274048804474768
12568,21767.10688,1,59215826.3808,0.0197860962566845
12569,21767.12688,2,59215846.4512,0.0274571270514475
12570,21767.14688,1,59215866.4192,0.019836293974225
12571,21767.16688,2,59215886.5664,0.0275903046694122
12572,21767.18688,1,59215906.4192,0.0198393673038703
12573,21767.20688,2,59215926.4384,0.0274858114614707
12574,21767.22688,1,59215946.4576,0.019845513963161
12575,21767.24688,2,59215966.656,0.0274366381871453
12576,21767.26688,1,59215986.4448,0.0198280984285041
12577,21767.28688,2,59216006.5024,0.0273649271620874
12578,21767.30688,1,59216026.4704,0.019808634007417
12579,21767.32688,2,59216046.464,0.027360829389227
12580,21767.34688,1,59216066.4704,0.0197850718134694
12581,21767.36688,2,59216086.4384,0.0274386870735755
12582,21767.38688,1,59216106.5088,0.0198762472596144
12583,21767.40688,2,59216126.4512,0.0273987337881861
12584,21767.42688,1,59216146.4576,0.0198280984285041
12585,21767.44688,2,59216166.5024,0.0274714692564591
12586,21767.46688,1,59216186.4448,0.0197789251541787
12587,21767.48688,2,59216206.464,0.0275401069518717
12588,21767.50688,1,59216226.624,0.0198199028827832
12589,21767.52688,2,59216246.4256,0.0274100026635524
12590,21767.54688,1,59216266.4704,0.0198321962013646
12591,21767.56688,2,59216286.4768,0.0273352183088491
12592,21767.58688,1,59216306.4704,0.0198916139078411
12593,21767.60688,2,59216326.4768,0.0272819472616633
12594,21767.62688,1,59216346.5216,0.0197430696416498
12595,21767.64688,2,59216366.4768,0.0273126805581167
12596,21767.66688,1,59216386.4832,0.0198321962013646
12597,21767.68688,2,59216406.656,0.0273413649681398
12598,21767.70688,1,59216426.496,0.0197973651320507
12599,21767.72688,2,59216446.5024,0.0274438092896511
12600,21767.74688,1,59216466.496,0.0198280984285041
12601,21767.76688,2,59216486.4896,0.0273874649128199
12602,21767.78688,1,59216506.5472,0.0198434650767308
12603,21767.80688,2,59216526.4768,0.0274827381318254
12604,21767.82688,1,59216546.5472,0.0197492163009404
12605,21767.84688,2,59216566.528,0.0274724936996742
12606,21767.86688,1,59216586.4704,0.0197758518245334
12607,21767.88688,2,59216606.4768,0.0275370336222263
12608,21767.90688,1,59216626.5088,0.0198035117913414
12609,21767.92688,2,59216646.5152,0.0276097690904993
12610,21767.94688,1,59216666.5472,0.0197901940295449
12611,21767.96688,2,59216686.5664,0.0274868359046858
12612,21767.98688,1,59216706.5216,0.0198127317802774
12613,21768.00688,2,59216726.5152,0.0274735181428893
12614,21768.02688,1,59216746.5728,0.0197133607884115
12615,21768.04688,2,59216766.528,0.0275657180322495
12616,21768.06688,1,59216786.5344,0.0197840473702543
12617,21768.08688,2,59216806.5536,0.0275175692011392
12618,21768.10688,1,59216826.5216,0.0197768762677485
12619,21768.12688,2,59216846.5664,0.0276230868522958
12620,21768.14688,1,59216866.5472,0.0197430696416498
12621,21768.16688,2,59216886.5792,0.0276446001598131
12622,21768.18688,1,59216906.5856,0.0197789251541787
12623,21768.20688,2,59216926.528,0.0276599668080398
12624,21768.22688,1,59216946.5984,0.0198127317802774
12625,21768.24688,2,59216966.5664,0.0276148913065749
12626,21768.26688,1,59216986.5728,0.0198291228717192
12627,21768.28688,2,59217006.592,0.0275769869076157
12628,21768.30688,1,59217026.5344,0.0197779007109636
12629,21768.32688,2,59217046.5536,0.0275032269961276
12630,21768.34688,1,59217066.7392,0.0197574118466613
12631,21768.36688,2,59217086.5792,0.0275851824533366
12632,21768.38688,1,59217106.5984,0.0197522896305858
12633,21768.40688,2,59217126.5536,0.0275165447579241
12634,21768.42688,1,59217146.5728,0.0197625340627369
12635,21768.44688,2,59217166.6048,0.0275134714282787
12636,21768.46688,1,59217186.5856,0.0197901940295449
12637,21768.48688,2,59217206.5408,0.0275462536111623
12638,21768.50688,1,59217226.624,0.01974511852808
12639,21768.52688,2,59217246.6048,0.0274089782203372
12640,21768.54688,1,59217266.6112,0.0197440940848649
12641,21768.56688,2,59217286.5792,0.027397709344971
12642,21768.58688,1,59217306.5984,0.0197891695863298
12643,21768.60688,2,59217326.592,0.0273628782756572
12644,21768.62688,1,59217346.624,0.0198045362345565
12645,21768.64688,2,59217366.6048,0.0274263937549942
12646,21768.66688,1,59217386.6368,0.0197707296084578
12647,21768.68688,2,59217406.6048,0.0274315159710697
12648,21768.70688,1,59217426.6112,0.0197604851763067
12649,21768.72688,2,59217446.6304,0.0274110271067675
12650,21768.74688,1,59217466.624,0.0198199028827832
12651,21768.76688,2,59217486.6304,0.0274130759931977
12652,21768.78688,1,59217506.6368,0.0197809740406089
12653,21768.80688,2,59217526.6048,0.0274141004364128
12654,21768.82688,1,59217546.6752,0.0197932673591903
12655,21768.84688,2,59217566.6176,0.0274417604032209
12656,21768.86688,1,59217586.624,0.0197533140738009
12657,21768.88688,2,59217606.656,0.0276015735447784
12658,21768.90688,1,59217626.6496,0.0198096584506321
12659,21768.92688,2,59217646.6304,0.0275882557829819
12660,21768.94688,1,59217666.6368,0.0198424406335157
12661,21768.96688,2,59217686.656,0.0275667424754646
12662,21768.98688,1,59217706.6496,0.0198414161903006
12663,21769.00688,2,59217726.656,0.0274509803921569
12664,21769.02688,1,59217746.624,0.0198393673038703
12665,21769.04688,2,59217766.6816,0.0274878603479009
12666,21769.06688,1,59217786.6624,0.0198516606224517
12667,21769.08688,2,59217806.6432,0.0275165447579241
12668,21769.10688,1,59217826.7008,0.0198537095088819
12669,21769.12688,2,59217846.6432,0.0274724936996742
12670,21769.14688,1,59217866.6368,0.0197738029381031
12671,21769.16688,2,59217886.656,0.0275144958714938
12672,21769.18688,1,59217906.6624,0.019854733952097
12673,21769.20688,2,59217926.6688,0.0274755670293196
12674,21769.22688,1,59217946.6624,0.0198526850656668
12675,21769.24688,2,59217966.6816,0.027570840248325
12676,21769.26688,1,59217986.6624,0.0198383428606552
12677,21769.28688,2,59218006.6944,0.0274602003810929
12678,21769.30688,1,59218026.6624,0.0198619050546028
12679,21769.32688,2,59218046.6944,0.0274397115167906
12680,21769.34688,1,59218066.7008,0.0197973651320507
12681,21769.36688,2,59218086.6944,0.027425369311779
12682,21769.38688,1,59218106.7136,0.0198772717028295
12683,21769.40688,2,59218126.6688,0.0273321449792038
12684,21769.42688,1,59218146.6752,0.0198240006556437
12685,21769.44688,2,59218166.7072,0.0272409695330588
12686,21769.46688,1,59218186.7136,0.0198117073370623
12687,21769.48688,2,59218206.7072,0.0272676050566517
12688,21769.50688,1,59218226.752,0.0197338496527138
12689,21769.52688,2,59218246.7072,0.0273085827852562
12690,21769.54688,1,59218266.7008,0.0197830229270392
12691,21769.56688,2,59218286.6944,0.0274376626303604
12692,21769.58688,1,59218306.7264,0.0197789251541787
12693,21769.60688,2,59218326.7072,0.0275401069518717
12694,21769.62688,1,59218346.7392,0.019808634007417
12695,21769.64688,2,59218366.72,0.0276589423648247
12696,21769.66688,1,59218386.752,0.0198311717581494
12697,21769.68688,2,59218406.72,0.0277818755506382
12698,21769.70688,1,59218426.752,0.0198229762124285
12699,21769.72688,2,59218446.7328,0.0278187555063823
12700,21769.74688,1,59218466.7264,0.0198516606224517
12701,21769.76688,2,59218486.7584,0.0278136332903067
12702,21769.78688,1,59218506.7904,0.0198291228717192
12703,21769.80688,2,59218526.7328,0.0278023644149405
12704,21769.82688,1,59218546.7648,0.0198485872928064
12705,21769.84688,2,59218566.784,0.027880222099289
12706,21769.86688,1,59218586.7264,0.0198045362345565
12707,21769.88688,2,59218606.7968,0.0280133997172537
12708,21769.90688,1,59218626.7776,0.0198393673038703
12709,21769.92688,2,59218646.7584,0.0279949597393816
12710,21769.94688,1,59218666.7776,0.0197338496527138
12711,21769.96688,2,59218686.7584,0.0279457864650562
12712,21769.98688,1,59218706.7264,0.019799414018481
12713,21770.00688,2,59218726.7968,0.0278812465425042
12714,21770.02688,1,59218746.7904,0.0198291228717192
12715,21770.04688,2,59218766.7328,0.0277214334009466
12716,21770.06688,1,59218786.8288,0.0198629294978179
12717,21770.08688,2,59218806.7456,0.0276302579548016
12718,21770.10688,1,59218826.752,0.0198557583953122
12719,21770.12688,2,59218846.7712,0.0276353801708771
12720,21770.14688,1,59218866.7648,0.0198055606777716
12721,21770.16688,2,59218886.7584,0.0276364046140922
12722,21770.18688,1,59218906.7776,0.0197912184727601
12723,21770.20688,2,59218926.8352,0.0276609912512549
12724,21770.22688,1,59218946.7776,0.0197707296084578
12725,21770.24688,2,59218966.8096,0.0277818755506382
12726,21770.26688,1,59218986.8288,0.0198250250988588
12727,21770.28688,2,59219006.8096,0.0279150531686029
12728,21770.30688,1,59219026.8416,0.0197932673591903
12729,21770.32688,2,59219046.784,0.0279857397504456
12730,21770.34688,1,59219066.8544,0.0197799495973938
12731,21770.36688,2,59219086.7456,0.0280338885815559
12732,21770.38688,1,59219106.7776,0.0197574118466613
12733,21770.40688,2,59219126.8736,0.0278904665314402
12734,21770.42688,1,59219146.7776,0.019827073985289
12735,21770.44688,2,59219166.8224,0.0277296289466675
12736,21770.46688,1,59219186.7904,0.0197789251541787
12737,21770.48688,2,59219206.784,0.0275360091790112
12738,21770.50688,1,59219226.8928,0.0197922429159752
12739,21770.52688,2,59219246.848,0.0274243448685639
12740,21770.54688,1,59219266.8544,0.0198373184174401
12741,21770.56688,2,59219286.7968,0.0273331694224189
12742,21770.58688,1,59219306.8288,0.0197625340627369
12743,21770.60688,2,59219326.8736,0.0272962894666749
12744,21770.62688,1,59219346.816,0.0198004384616961
12745,21770.64688,2,59219366.8096,0.0272758006023726
12746,21770.66688,1,59219386.8288,0.0197686807220276
12747,21770.68688,2,59219406.8224,0.0272327739873379
12748,21770.70688,1,59219427.008,0.0197297518798533
12749,21770.72688,2,59219446.8608,0.027233798430553
12750,21770.74688,1,59219466.816,0.0197932673591903
12751,21770.76688,2,59219487.04,0.027224578441617
12752,21770.78688,1,59219506.88,0.019772778494888
12753,21770.80688,2,59219526.912,0.0270401786628967
12754,21770.82688,1,59219546.8288,0.0198065851209867
12755,21770.84688,2,59219566.8736,0.0271200852336755
12756,21770.86688,1,59219586.8288,0.0198291228717192
12757,21770.88688,2,59219606.8736,0.0271508185301289
12758,21770.90688,1,59219626.9056,0.0198680517138935
12759,21770.92688,2,59219646.848,0.0272184317823263
12760,21770.94688,1,59219666.8544,0.0197697051652427
12761,21770.96688,2,59219686.848,0.027370049378163
12762,21770.98688,1,59219706.9952,0.019845513963161
12763,21771.00688,2,59219726.8608,0.0275698158051099
12764,21771.02688,1,59219746.8672,0.0198352695310099
12765,21771.04688,2,59219767.168,0.0276784067859119
12766,21771.06688,1,59219786.9056,0.0198014629049112
12767,21771.08688,2,59219806.9888,0.0277275800602373
12768,21771.10688,1,59219826.88,0.019827073985289
12769,21771.12688,2,59219846.8864,0.0277183600713012
12770,21771.14688,1,59219866.88,0.0199100538857131
12771,21771.16688,2,59219886.8736,0.0278054377445858
12772,21771.18688,1,59219906.8672,0.0197779007109636
12773,21771.20688,2,59219927.0272,0.0277767533345627
12774,21771.22688,1,59219946.88,0.0198383428606552
12775,21771.24688,2,59219966.8864,0.0277009445366443
12776,21771.26688,1,59219986.8928,0.0198741983731842
12777,21771.28688,2,59220006.8992,0.0277050423095048
12778,21771.30688,1,59220026.9824,0.0197922429159752
12779,21771.32688,2,59220046.8992,0.0276425512733829
12780,21771.34688,1,59220066.9952,0.0198004384616961
12781,21771.36688,2,59220086.8992,0.027461224824308
12782,21771.38688,1,59220106.9056,0.0198219517692134
12783,21771.40688,2,59220127.0656,0.0274530292785871
12784,21771.42688,1,59220146.8928,0.0197922429159752
12785,21771.44688,2,59220166.912,0.0274407359600057
12786,21771.46688,1,59220186.9184,0.0198240006556437
12787,21771.48688,2,59220206.9248,0.0274509803921569
12788,21771.50688,1,59220227.0848,0.0198475628495912
12789,21771.52688,2,59220246.9376,0.0273833671399594
12790,21771.54688,1,59220266.9184,0.0197318007662835
12791,21771.56688,2,59220286.9376,0.0273761960374536
12792,21771.58688,1,59220306.9184,0.0197963406888356
12793,21771.60688,2,59220326.976,0.0274356137439302
12794,21771.62688,1,59220347.0208,0.0197338496527138
12795,21771.64688,2,59220366.9376,0.0274110271067675
12796,21771.66688,1,59220386.9696,0.0197799495973938
12797,21771.68688,2,59220406.976,0.027561620259389
12798,21771.70688,1,59220427.0464,0.0198065851209867
12799,21771.72688,2,59220447.04,0.0274509803921569
12800,21771.74688,1,59220466.944,0.0197369229823591
12801,21771.76688,2,59220486.9504,0.0273116561149016
12802,21771.78688,1,59220506.9824,0.019827073985289
12803,21771.80688,2,59220527.104,0.0272952650234597
12804,21771.82688,1,59220547.1872,0.0197399963120044
12805,21771.84688,2,59220566.9632,0.0272829717048784
12806,21771.86688,1,59220586.9568,0.0197328252094986
12807,21771.88688,2,59220607.04,0.0272030651340996
12808,21771.90688,1,59220627.0464,0.0197717540516729
12809,21771.92688,2,59220647.0144,0.0273003872395353
12810,21771.94688,1,59220666.9696,0.0197901940295449
12811,21771.96688,2,59220686.9632,0.0272952650234597
12812,21771.98688,1,59220706.9952,0.0197860962566845
12813,21772.00688,2,59220727.0144,0.0273178027741922
12814,21772.02688,1,59220747.008,0.0197082385723359
12815,21772.04688,2,59220766.976,0.0272286762144774
12816,21772.06688,1,59220786.9952,0.019754338517016
12817,21772.08688,2,59220807.0656,0.0272676050566517
12818,21772.10688,1,59220826.9824,0.0197717540516729
12819,21772.12688,2,59220847.0016,0.0271026696990186
12820,21772.14688,1,59220867.0976,0.0197871206998996
12821,21772.16688,2,59220887.0144,0.027261458397361
12822,21772.18688,1,59220906.9952,0.0197051652426906
12823,21772.20688,2,59220927.1936,0.0273495605138607
12824,21772.22688,1,59220947.008,0.0198106828938472
12825,21772.24688,2,59220967.0272,0.0273239494334829
12826,21772.26688,1,59220987.1104,0.0197983895752658
12827,21772.28688,2,59221007.0144,0.0273403405249247
12828,21772.30688,1,59221027.1616,0.0197471674145102
12829,21772.32688,2,59221047.04,0.0273055094556109
12830,21772.34688,1,59221067.2,0.0197748273813183
12831,21772.36688,2,59221087.0144,0.0271907718155183
12832,21772.38688,1,59221107.0208,0.01974511852808
12833,21772.40688,2,59221127.1424,0.027215358452681
12834,21772.42688,1,59221147.008,0.0197973651320507
12835,21772.44688,2,59221167.0912,0.0271375007683324
12836,21772.46688,1,59221187.0464,0.0198475628495912
12837,21772.48688,2,59221207.0144,0.0271590140758498
12838,21772.50688,1,59221227.2,0.0197604851763067
12839,21772.52688,2,59221247.04,0.0271436474276231
12840,21772.54688,1,59221267.0848,0.0198649783842482
12841,21772.56688,2,59221287.0528,0.0271057430286639
12842,21772.58688,1,59221307.1232,0.0198332206445797
12843,21772.60688,2,59221327.0784,0.0270596430839839
12844,21772.62688,1,59221347.0464,0.0198045362345565
12845,21772.64688,2,59221367.104,0.0270565697543385
12846,21772.66688,1,59221387.1232,0.0198496117360215
12847,21772.68688,2,59221407.0528,0.0270401786628967
12848,21772.70688,1,59221427.0848,0.0198598561681726
12849,21772.72688,2,59221447.0784,0.0270750097322105
12850,21772.74688,1,59221467.0976,0.0198280984285041
12851,21772.76688,2,59221487.0912,0.0272174073391112
12852,21772.78688,1,59221507.136,0.019890589464626
12853,21772.80688,2,59221527.1168,0.0272215051119716
12854,21772.82688,1,59221547.0848,0.0197809740406089
12855,21772.84688,2,59221567.2704,0.0273813182535292
12856,21772.86688,1,59221587.072,0.0198608806113877
12857,21772.88688,2,59221607.0912,0.0274171737660581
12858,21772.90688,1,59221627.264,0.0198598561681726
12859,21772.92688,2,59221647.104,0.0275687913618948
12860,21772.94688,1,59221667.0976,0.0198311717581494
12861,21772.96688,2,59221687.232,0.0274714692564591
12862,21772.98688,1,59221707.0976,0.0198875161349806
12863,21773.00688,2,59221727.3216,0.027406929333907
12864,21773.02688,1,59221747.136,0.019836293974225
12865,21773.04688,2,59221767.104,0.0272901428073842
12866,21773.06688,1,59221787.1616,0.0198199028827832
12867,21773.08688,2,59221807.0912,0.0272737517159424
12868,21773.10688,1,59221827.4304,0.019817853996353
12869,21773.12688,2,59221847.1296,0.0271948695883787
12870,21773.14688,1,59221867.1872,0.0197738029381031
12871,21773.16688,2,59221887.1808,0.0271743807240765
12872,21773.18688,1,59221907.1104,0.0198065851209867
12873,21773.20688,2,59221927.2704,0.0271969184748089
12874,21773.22688,1,59221947.1488,0.0198209273259983
12875,21773.24688,2,59221967.1424,0.0271631118487102
12876,21773.26688,1,59221987.1104,0.0198117073370623
12877,21773.28688,2,59222007.1296,0.027115987460815
12878,21773.30688,1,59222027.1872,0.0198045362345565
12879,21773.32688,2,59222047.3728,0.027270678386297
12880,21773.34688,1,59222067.2512,0.0197942918024054
12881,21773.36688,2,59222087.1808,0.0271938451451636
12882,21773.38688,1,59222107.1616,0.0198096584506321
12883,21773.40688,2,59222127.2576,0.0272583850677157
12884,21773.42688,1,59222147.2256,0.0198383428606552
12885,21773.44688,2,59222167.2192,0.0272235539984019
12886,21773.46688,1,59222187.2512,0.0198117073370623
12887,21773.48688,2,59222207.1936,0.0272942405802446
12888,21773.50688,1,59222227.2256,0.0197881451431147
12889,21773.52688,2,59222247.2064,0.0272768250455877
12890,21773.54688,1,59222267.2,0.0197912184727601
12891,21773.56688,2,59222287.2576,0.0274089782203372
12892,21773.58688,1,59222307.1616,0.0198373184174401
12893,21773.60688,2,59222327.2064,0.0276364046140922
12894,21773.62688,1,59222347.2,0.0199039072264224
12895,21773.64688,2,59222367.232,0.027688651218063
12896,21773.66688,1,59222387.1872,0.0198137562234925
12897,21773.68688,2,59222407.296,0.0276107935337144
12898,21773.70688,1,59222427.2,0.0198280984285041
12899,21773.72688,2,59222447.4496,0.0276148913065749
12900,21773.74688,1,59222467.2128,0.019763558505952
12901,21773.76688,2,59222487.1936,0.0276538201487492
12902,21773.78688,1,59222507.2768,0.0198229762124285
12903,21773.80688,2,59222527.424,0.0277306533898826
12904,21773.82688,1,59222547.264,0.0197625340627369
12905,21773.84688,2,59222567.1936,0.027807486631016
12906,21773.86688,1,59222587.456,0.0197625340627369
12907,21773.88688,2,59222607.3472,0.0279488597947016
12908,21773.90688,1,59222627.2768,0.0197860962566845
12909,21773.92688,2,59222647.2448,0.0279396398057656
12910,21773.94688,1,59222667.264,0.0197471674145102
12911,21773.96688,2,59222687.36,0.0281086729362591
12912,21773.98688,1,59222707.2768,0.0197942918024054
12913,21774.00688,2,59222727.232,0.0281086729362591
12914,21774.02688,1,59222747.3152,0.0197707296084578
12915,21774.04688,2,59222767.3216,0.0280810129694511
12916,21774.06688,1,59222787.3024,0.0197912184727601
12917,21774.08688,2,59222807.2576,0.028016473046899
12918,21774.10688,1,59222827.264,0.0197871206998996
12919,21774.12688,2,59222847.3728,0.0280123752740386
12920,21774.14688,1,59222867.4816,0.0197850718134694
12921,21774.16688,2,59222887.3216,0.028107648493044
12922,21774.18688,1,59222907.2768,0.0197594607330916
12923,21774.20688,2,59222927.3216,0.0280277419222652
12924,21774.22688,1,59222947.2768,0.0197379474255742
12925,21774.24688,2,59222967.2192,0.0281015018337534
12926,21774.26688,1,59222987.3152,0.019754338517016
12927,21774.28688,2,59223007.296,0.0279724219886492
12928,21774.30688,1,59223027.4304,0.0197686807220276
12929,21774.32688,2,59223047.4496,0.0280093019443932
12930,21774.34688,1,59223067.3152,0.0198106828938472
12931,21774.36688,2,59223087.3216,0.0280410596840617
12932,21774.38688,1,59223107.3536,0.0198321962013646
12933,21774.40688,2,59223127.4112,0.0278597332349868
12934,21774.42688,1,59223147.3792,0.0197697051652427
12935,21774.44688,2,59223167.3856,0.0278740754399984
12936,21774.46688,1,59223187.3024,0.019781998483824
12937,21774.48688,2,59223207.5136,0.0276988956502141
12938,21774.50688,1,59223227.4176,0.0197645829491671
12939,21774.52688,2,59223247.4624,0.0276558690351794
12940,21774.54688,1,59223267.328,0.0198106828938472
12941,21774.56688,2,59223287.424,0.0276087446472842
12942,21774.58688,1,59223307.3152,0.019808634007417
12943,21774.60688,2,59223327.4752,0.0276230868522958
12944,21774.62688,1,59223347.392,0.0198321962013646
12945,21774.64688,2,59223367.3344,0.0276261601819411
12946,21774.66688,1,59223387.3024,0.0198168295531379
12947,21774.68688,2,59223407.552,0.0277654844591964
12948,21774.70688,1,59223427.392,0.0198188784395681
12949,21774.72688,2,59223447.3344,0.0279048087364517
12950,21774.74688,1,59223467.52,0.0198117073370623
12951,21774.76688,2,59223487.3344,0.0279375909193353
12952,21774.78688,1,59223507.3024,0.0198690761571086
12953,21774.80688,2,59223527.5008,0.0279703731022189
12954,21774.82688,1,59223547.3792,0.0198424406335157
12955,21774.84688,2,59223567.2832,0.0279580797836376
12956,21774.86688,1,59223587.4432,0.0198598561681726
12957,21774.88688,2,59223607.3344,0.0278453910299752
12958,21774.90688,1,59223627.5072,0.019899809453562
12959,21774.92688,2,59223647.3856,0.027770606675272
12960,21774.94688,1,59223667.4432,0.019817853996353
12961,21774.96688,2,59223687.3728,0.0276630401376852
12962,21774.98688,1,59223707.5328,0.0198475628495912
12963,21775.00688,2,59223727.4624,0.0277368000491733
12964,21775.02688,1,59223747.4944,0.0198711250435388
12965,21775.04688,2,59223767.3472,0.027679431229127
12966,21775.06688,1,59223787.5072,0.0197697051652427
12967,21775.08688,2,59223807.4752,0.0277193845145164
12968,21775.10688,1,59223827.3792,0.0197779007109636
12969,21775.12688,2,59223847.4624,0.0276046468744237
12970,21775.14688,1,59223867.4304,0.0198117073370623
12971,21775.16688,2,59223887.4112,0.0277296289466675
12972,21775.18688,1,59223907.392,0.0198588317249575
12973,21775.20688,2,59223927.4368,0.0278126088470916
12974,21775.22688,1,59223947.4176,0.0198045362345565
12975,21775.24688,2,59223967.4752,0.0278689532239228
12976,21775.26688,1,59223987.4176,0.019836293974225
12977,21775.28688,2,59224007.488,0.0278986620771611
12978,21775.30688,1,59224027.5712,0.0198619050546028
12979,21775.32688,2,59224047.4112,0.0278494888028357
12980,21775.34688,1,59224067.5456,0.019854733952097
12981,21775.36688,2,59224087.4368,0.0277972421988649
12982,21775.38688,1,59224107.4048,0.0198496117360215
12983,21775.40688,2,59224127.5008,0.0279037842932366
12984,21775.42688,1,59224147.4688,0.0198250250988588
12985,21775.44688,2,59224167.8976,0.0278423177003299
12986,21775.46688,1,59224187.5072,0.0198096584506321
12987,21775.48688,2,59224207.4752,0.0278935398610855
12988,21775.50688,1,59224227.4816,0.0198291228717192
12989,21775.52688,2,59224247.424,0.027807486631016
12990,21775.54688,1,59224267.52,0.019827073985289
12991,21775.56688,2,59224287.5008,0.0278033888581556
12992,21775.58688,1,59224307.4048,0.0197850718134694
12993,21775.60688,2,59224327.488,0.0277091400823652
12994,21775.62688,1,59224347.4816,0.01988136947569
12995,21775.64688,2,59224367.4496,0.0277644600159813
12996,21775.66688,1,59224387.52,0.0198731739299691
12997,21775.68688,2,59224407.4496,0.0277306533898826
12998,21775.70688,1,59224427.52,0.0198035117913414
12999,21775.72688,2,59224447.5904,0.0276486979326736
13000,21775.74688,1,59224467.6352,0.0198250250988588
13001,21775.76688,2,59224487.4496,0.0277460200381093
13002,21775.78688,1,59224507.4688,0.0198885405781957
13003,21775.80688,2,59224527.5904,0.0279007109635913
13004,21775.82688,1,59224547.5584,0.0198619050546028
13005,21775.84688,2,59224567.488,0.0282695105210318
13006,21775.86688,1,59224587.5456,0.0198229762124285
13007,21775.88688,2,59224607.616,0.0285512324051878
13008,21775.90688,1,59224627.5712,0.0198373184174401
13009,21775.92688,2,59224647.5648,0.0286813366935071
13010,21775.94688,1,59224667.6608,0.0198168295531379
13011,21775.96688,2,59224687.6032,0.0288749564611634
13012,21775.98688,1,59224707.5584,0.0198024873481263
13013,21776.00688,2,59224727.5648,0.0288872497797447
13014,21776.02688,1,59224747.5968,0.0197932673591903
13015,21776.04688,2,59224767.488,0.0287438277296289
13016,21776.06688,1,59224787.4944,0.019836293974225
13017,21776.08688,2,59224807.6288,0.0283535148646711
13018,21776.10688,1,59224827.712,0.0198158051099228
13019,21776.12688,2,59224847.6288,0.0280953551744627
13020,21776.14688,1,59224867.6096,0.0198967361239166
13021,21776.16688,2,59224887.5648,0.0279693486590038
13022,21776.18688,1,59224907.648,0.01988136947569
13023,21776.20688,2,59224927.5648,0.0277583133566906
13024,21776.22688,1,59224947.5584,0.0198946872374864
13025,21776.24688,2,59224967.5904,0.027761386686336
13026,21776.26688,1,59224987.6096,0.0198065851209867
13027,21776.28688,2,59225007.7056,0.0277634355727662
13028,21776.30688,1,59225027.7504,0.0198096584506321
13029,21776.32688,2,59225047.6672,0.0277654844591964
13030,21776.34688,1,59225067.5072,0.0197953162456205
13031,21776.36688,2,59225087.552,0.0278238777224578
13032,21776.38688,1,59225107.5968,0.0198393673038703
13033,21776.40688,2,59225127.6032,0.0277316778330977
13034,21776.42688,1,59225147.6352,0.0198383428606552
13035,21776.44688,2,59225167.744,0.0276681623537607
13036,21776.46688,1,59225187.5072,0.019836293974225
13037,21776.48688,2,59225207.5264,0.0276220624090807
13038,21776.50688,1,59225227.7248,0.0198373184174401
13039,21776.52688,2,59225247.6416,0.0276025979879935
13040,21776.54688,1,59225267.5968,0.0198701006003237
13041,21776.56688,2,59225287.7568,0.0275483024975926
13042,21776.58688,1,59225307.584,0.0198772717028295
13043,21776.60688,2,59225327.5392,0.027498104780052
13044,21776.62688,1,59225347.6096,0.0198567828385273
13045,21776.64688,2,59225367.5264,0.0274345893007151
13046,21776.66688,1,59225387.6864,0.0199121027721433
13047,21776.68688,2,59225407.552,0.0274683959268138
13048,21776.70688,1,59225427.9424,0.0198414161903006
13049,21776.72688,2,59225447.68,0.0274602003810929
13050,21776.74688,1,59225467.6736,0.0198291228717192
13051,21776.76688,2,59225487.5648,0.0274602003810929
13052,21776.78688,1,59225507.584,0.0199254205339398
13053,21776.80688,2,59225527.7568,0.0276681623537607
13054,21776.82688,1,59225547.6864,0.0198393673038703
13055,21776.84688,2,59225567.744,0.0276743090130514
13056,21776.86688,1,59225587.648,0.0198598561681726
13057,21776.88688,2,59225607.6032,0.0276179646362202
13058,21776.90688,1,59225627.8656,0.0198342450877948
13059,21776.92688,2,59225647.616,0.0276947978773537
13060,21776.94688,1,59225667.6608,0.0198803450324748
13061,21776.96688,2,59225687.6672,0.0276845534452025
13062,21776.98688,1,59225707.6224,0.0198741983731842
13063,21777.00688,2,59225727.616,0.0276118179769295
13064,21777.02688,1,59225747.7248,0.0198741983731842
13065,21777.04688,2,59225767.6672,0.0275083492122032
13066,21777.06688,1,59225787.6096,0.0198619050546028
13067,21777.08688,2,59225807.68,0.0275329358493659
13068,21777.10688,1,59225827.6352,0.0198987850103469
13069,21777.12688,2,59225847.7312,0.0273833671399594
13070,21777.14688,1,59225867.5968,0.0198291228717192
13071,21777.16688,2,59225887.6544,0.0274653225971684
13072,21777.18688,1,59225907.7248,0.0198424406335157
13073,21777.20688,2,59225927.6416,0.0276210379658656
13074,21777.22688,1,59225947.6224,0.0198619050546028
13075,21777.24688,2,59225967.7312,0.0275841580101215
13076,21777.26688,1,59225987.6096,0.0198106828938472
13077,21777.28688,2,59226007.6288,0.0274591759378778
13078,21777.30688,1,59226027.84,0.0198465384063761
13079,21777.32688,2,59226047.9488,0.0276958223205688
13080,21777.34688,1,59226067.6224,0.0198506361792366
13081,21777.36688,2,59226087.6928,0.0277726555617022
13082,21777.38688,1,59226107.6224,0.0198229762124285
13083,21777.40688,2,59226127.8336,0.0277808511074231
13084,21777.42688,1,59226147.6864,0.0198035117913414
13085,21777.44688,2,59226167.616,0.0277101645255803
13086,21777.46688,1,59226187.7504,0.0198188784395681
13087,21777.48688,2,59226207.7184,0.0276323068412318
13088,21777.50688,1,59226227.7376,0.0198311717581494
13089,21777.52688,2,59226247.6544,0.0275698158051099
13090,21777.54688,1,59226267.648,0.0198045362345565
13091,21777.56688,2,59226287.7824,0.0274468826192964
13092,21777.58688,1,59226307.7888,0.0198496117360215
13093,21777.60688,2,59226327.7056,0.0275196180875694
13094,21777.62688,1,59226347.9296,0.01988136947569
13095,21777.64688,2,59226367.6416,0.0274714692564591
13096,21777.66688,1,59226387.6864,0.0198168295531379
13097,21777.68688,2,59226407.8464,0.0274018071178315
13098,21777.70688,1,59226427.6864,0.0197912184727601
13099,21777.72688,2,59226447.6928,0.0274028315610466
13100,21777.74688,1,59226467.8912,0.0197502407441556
13101,21777.76688,2,59226487.7184,0.0273587805027967
13102,21777.78688,1,59226507.7888,0.0198199028827832
13103,21777.80688,2,59226527.6928,0.0274386870735755
13104,21777.82688,1,59226547.712,0.0197318007662835
13105,21777.84688,2,59226567.7696,0.0277992910852951
13106,21777.86688,1,59226587.6736,0.0197973651320507
13107,21777.88688,2,59226607.7056,0.027679431229127
13108,21777.90688,1,59226627.8016,0.0197379474255742
13109,21777.92688,2,59226647.7184,0.0276937734341385
13110,21777.94688,1,59226667.7376,0.0197779007109636
13111,21777.96688,2,59226687.808,0.0276589423648247
13112,21777.98688,1,59226707.6992,0.01974511852808
13113,21778.00688,2,59226727.7952,0.0276681623537607
13114,21778.02688,1,59226747.8912,0.0197184830044871
13115,21778.04688,2,59226767.744,0.0275360091790112
13116,21778.06688,1,59226787.8144,0.0197492163009404
13117,21778.08688,2,59226807.808,0.0275196180875694
13118,21778.10688,1,59226827.7376,0.0196990185833999
13119,21778.12688,2,59226847.8592,0.0275165447579241
13120,21778.14688,1,59226867.712,0.0197348740959289
13121,21778.16688,2,59226887.7952,0.0276179646362202
13122,21778.18688,1,59226907.7632,0.0197461429712951
13123,21778.20688,2,59226927.7824,0.0275800602372611
13124,21778.22688,1,59226947.84,0.0197922429159752
13125,21778.24688,2,59226967.7312,0.0275841580101215
13126,21778.26688,1,59226987.7376,0.0197666318355974
13127,21778.28688,2,59227007.8592,0.0274315159710697
13128,21778.30688,1,59227027.776,0.0197901940295449
13129,21778.32688,2,59227047.7952,0.027498104780052
13130,21778.34688,1,59227067.904,0.01974511852808
13131,21778.36688,2,59227087.7824,0.0273147294445469
13132,21778.38688,1,59227107.8144,0.0197697051652427
13133,21778.40688,2,59227128.0768,0.0272368717601983
13134,21778.42688,1,59227147.8656,0.0197779007109636
13135,21778.44688,2,59227167.872,0.0271282807793964
13136,21778.46688,1,59227187.968,0.0197717540516729
13137,21778.48688,2,59227207.8208,0.0271303296658266
13138,21778.50688,1,59227227.8912,0.019817853996353
13139,21778.52688,2,59227247.808,0.0270565697543385
13140,21778.54688,1,59227267.8528,0.0197860962566845
13141,21778.56688,2,59227287.8976,0.0269858831724957
13142,21778.58688,1,59227307.7888,0.0198035117913414
13143,21778.60688,2,59227327.8208,0.0270176409121642
13144,21778.62688,1,59227347.9296,0.0198516606224517
13145,21778.64688,2,59227367.8336,0.0270022742639375
13146,21778.66688,1,59227387.8016,0.019781998483824
13147,21778.68688,2,59227407.8464,0.0268895855102752
13148,21778.70688,1,59227427.8016,0.0198076095642019
13149,21778.72688,2,59227447.8592,0.0269684676378388
13150,21778.74688,1,59227467.8144,0.0197891695863298
13151,21778.76688,2,59227487.8336,0.0268813899645543
13152,21778.78688,1,59227507.8912,0.019754338517016
13153,21778.80688,2,59227527.8336,0.0269008543856414
13154,21778.82688,1,59227547.8016,0.019836293974225
13155,21778.84688,2,59227567.8976,0.0269172454770832
13156,21778.86688,1,59227587.8016,0.0197707296084578
13157,21778.88688,2,59227607.8464,0.0269961276046469
13158,21778.90688,1,59227627.8912,0.0197871206998996
13159,21778.92688,2,59227647.808,0.0270750097322105
13160,21778.94688,1,59227667.9296,0.0197522896305858
13161,21778.96688,2,59227687.8336,0.0271026696990186
13162,21778.98688,1,59227707.8528,0.0198168295531379
13163,21779.006912,2,59227727.9232,0.0270412031061118
13164,21779.026912,1,59227747.84,0.0197389718687893
13165,21779.046912,2,59227767.9232,0.0271200852336755
13166,21779.066912,1,59227787.8784,0.0198209273259983
13167,21779.086912,2,59227807.8592,0.0270739852889954
13168,21779.106912,1,59227827.8784,0.0198803450324748
13169,21779.126912,2,59227847.8848,0.0271395496547626
13170,21779.146912,1,59227867.8016,0.0198014629049112
13171,21779.166912,2,59227887.8976,0.0269735898539144
13172,21779.186912,1,59227907.8784,0.0198035117913414
13173,21779.206912,2,59227927.9616,0.027069887516135
13174,21779.226912,1,59227947.9296,0.0198065851209867
13175,21779.246912,2,59227967.8464,0.0270903763804372
13176,21779.266912,1,59227987.904,0.0197113119019813
13177,21779.286912,2,59228007.8848,0.0270616919704141
13178,21779.306912,1,59228027.9552,0.0197369229823591
13179,21779.326912,2,59228047.9488,0.0270217386850247
13180,21779.346912,1,59228067.904,0.0197871206998996
13181,21779.366912,2,59228087.872,0.0270145675825189
13182,21779.386912,1,59228107.8784,0.0198332206445797
13183,21779.406912,2,59228128.128,0.0269664187514086
13184,21779.426912,1,59228147.8912,0.0198024873481263
13185,21779.446912,2,59228167.9232,0.0269715409674842
13186,21779.466912,1,59228187.8912,0.0197697051652427
13187,21779.486912,2,59228207.8592,0.0269992009342922
13188,21779.506912,1,59228227.904,0.0197789251541787
13189,21779.526912,2,59228247.9232,0.0269049521585019
13190,21779.546912,1,59228267.9296,0.019827073985289
13191,21779.566912,2,59228287.9744,0.0268352900198742
13192,21779.586912,1,59228307.9424,0.019836293974225
13193,21779.606912,2,59228328.0256,0.0267164546069211
13194,21779.626912,1,59228347.904,0.0198311717581494
13195,21779.646912,2,59228367.9104,0.0266570369004446
13196,21779.666912,1,59228387.968,0.0198383428606552
13197,21779.686912,2,59228407.936,0.0266170836150552
13198,21779.706912,1,59228428.1344,0.0198014629049112
13199,21779.726912,2,59228447.8976,0.0266406458090028
13200,21779.746912,1,59228467.9808,0.0198127317802774
13201,21779.766912,2,59228487.936,0.0266836724240375
13202,21779.786912,1,59228507.9552,0.0198496117360215
13203,21779.806912,2,59228527.9104,0.0266980146290491
13204,21779.826912,1,59228547.9552,0.0198240006556437
13205,21779.846912,2,59228567.9488,0.0266908435265433
13206,21779.866912,1,59228587.968,0.0198137562234925
13207,21779.886912,2,59228608.0384,0.026860901100252
13208,21779.906912,1,59228627.968,0.0197881451431147
13209,21779.926912,2,59228648,0.0269100743745774
13210,21779.946912,1,59228668.0064,0.0197953162456205
13211,21779.966912,2,59228687.9488,0.0268373389063044
13212,21779.986912,1,59228708.096,0.0197738029381031
13213,21780.006912,2,59228727.9872,0.026870121089188
13214,21780.026912,1,59228748.0832,0.0198639539410331
13215,21780.046912,2,59228767.9616,0.0267850923023337
13216,21780.066912,1,59228788.0064,0.0197809740406089
13217,21780.086912,2,59228808.448,0.0267553834490954
13218,21780.106912,1,59228827.968,0.019827073985289
13219,21780.126912,2,59228848,0.0267359190280083
13220,21780.146912,1,59228868.0704,0.019845513963161
13221,21780.166912,2,59228887.9232,0.0266232302743459
13222,21780.186912,1,59228908.032,0.0198168295531379
13223,21780.206912,2,59228928.0128,0.026678550207962
13224,21780.226912,1,59228948.1344,0.0198649783842482
13225,21780.246912,2,59228967.9744,0.0267502612330199
13226,21780.266912,1,59228987.9808,0.0198516606224517
13227,21780.286912,2,59229008.0384,0.0267338701415781
13228,21780.306912,1,59229028.0064,0.0198024873481263
13229,21780.326912,2,59229048.128,0.0267871411887639
13230,21780.346912,1,59229068.0192,0.0197963406888356
13231,21780.366912,2,59229087.9872,0.026851681111316
13232,21780.386912,1,59229108.0064,0.0198834183621202
13233,21780.406912,2,59229128.0128,0.0268762677484787
13234,21780.426912,1,59229148.1088,0.0198834183621202
13235,21780.446912,2,59229168.0256,0.0269172454770832
13236,21780.466912,1,59229187.9936,0.0198127317802774
13237,21780.486912,2,59229208.0256,0.0267830434159035
13238,21780.506912,1,59229228.032,0.0198772717028295
13239,21780.526912,2,59229248.0768,0.0270268609011003
13240,21780.546912,1,59229268.0192,0.0197420451984347
13241,21780.566912,2,59229288.0256,0.0269397832278157
13242,21780.586912,1,59229308.1216,0.019817853996353
13243,21780.606912,2,59229328,0.0269869076157109
13244,21780.626912,1,59229348.1344,0.0197697051652427
13245,21780.646912,2,59229368.0256,0.0269889565021411
13246,21780.666912,1,59229388.032,0.0198332206445797
13247,21780.686912,2,59229408.0512,0.0270299342307456
13248,21780.706912,1,59229428.032,0.0198383428606552
13249,21780.726912,2,59229448.064,0.0269131477042228
13250,21780.746912,1,59229468.0448,0.0198608806113877
13251,21780.766912,2,59229488.064,0.0269213432499437
13252,21780.786912,1,59229508.3392,0.0197615096195218
13253,21780.806912,2,59229528.0256,0.0269305632388797
13254,21780.826912,1,59229548.0576,0.0198291228717192
13255,21780.846912,2,59229568.0512,0.026915196590653
13256,21780.866912,1,59229588.032,0.0198332206445797
13257,21780.886912,2,59229608.0768,0.0268742188620485
13258,21780.906912,1,59229628.0832,0.0198465384063761
13259,21780.926912,2,59229648.0384,0.026769725654107
13260,21780.946912,1,59229668.0576,0.0198557583953122
13261,21780.966912,2,59229688.064,0.026778945643043
13262,21780.986912,1,59229708.096,0.0197891695863298
13263,21781.006912,2,59229728.1152,0.026833241133444
13264,21781.026912,1,59229748.16,0.0198055606777716
13265,21781.046912,2,59229768.128,0.0268117278259266
13266,21781.066912,1,59229788.0832,0.0198117073370623
13267,21781.086912,2,59229808.0896,0.0268445100088102
13268,21781.106912,1,59229828.096,0.0198803450324748
13269,21781.126912,2,59229848.2944,0.0267932878480546
13270,21781.146912,1,59229868.0832,0.0198895650214109
13271,21781.166912,2,59229888.3712,0.0268178744852173
13272,21781.186912,1,59229908.096,0.0198660028274633
13273,21781.206912,2,59229928.2944,0.0267574323355256
13274,21781.226912,1,59229948.1344,0.019909029442498
13275,21781.246912,2,59229968.0896,0.0267359190280083
13276,21781.266912,1,59229988.0704,0.0198485872928064
13277,21781.286912,2,59230008.1024,0.0268117278259266
13278,21781.306912,1,59230028.224,0.0198752228163993
13279,21781.326912,2,59230048.1664,0.0267850923023337
13280,21781.346912,1,59230068.1088,0.0198444895199459
13281,21781.366912,2,59230088.0896,0.0267471879033745
13282,21781.386912,1,59230108.1344,0.0198516606224517
13283,21781.406912,2,59230128.128,0.0266283524904215
13284,21781.426912,1,59230148.2624,0.019890589464626
13285,21781.446912,2,59230168.1152,0.0267051857315549
13286,21781.466912,1,59230188.1088,0.0198127317802774
13287,21781.486912,2,59230208.2304,0.0266826479808224
13288,21781.506912,1,59230228.1344,0.0198219517692134
13289,21781.526912,2,59230248.1792,0.026742065687299
13290,21781.546912,1,59230268.1088,0.0198321962013646
13291,21781.566912,2,59230288.3072,0.0268035322802057
13292,21781.586912,1,59230308.1088,0.0198342450877948
13293,21781.606912,2,59230328.1152,0.0267707500973221
13294,21781.626912,1,59230348.1856,0.0198414161903006
13295,21781.646912,2,59230368.1536,0.0267502612330199
13296,21781.666912,1,59230388.1984,0.0198158051099228
13297,21781.686912,2,59230408.1024,0.0267615301083861
13298,21781.706912,1,59230428.2112,0.0198311717581494
13299,21781.726912,2,59230448.1408,0.026824021144508
13300,21781.746912,1,59230468.1344,0.0198147806667076
13301,21781.766912,2,59230488.1792,0.0267174790501362
13302,21781.786912,1,59230508.1472,0.0197615096195218
13303,21781.806912,2,59230528.1792,0.0268619255434671
13304,21781.826912,1,59230548.16,0.0197973651320507
13305,21781.846912,2,59230568.1536,0.0267738234269674
13306,21781.866912,1,59230588.1472,0.0198076095642019
13307,21781.886912,2,59230608.2432,0.026924416579589
13308,21781.906912,1,59230628.1728,0.0198065851209867
13309,21781.926912,2,59230648.2816,0.0269766631835597
13310,21781.946912,1,59230668.1984,0.0197973651320507
13311,21781.966912,2,59230688.1536,0.0270483742086176
13312,21781.986912,1,59230708.3392,0.019799414018481
13313,21782.006912,2,59230728.2048,0.0269869076157109
13314,21782.026912,1,59230748.1728,0.0198014629049112
13315,21782.046912,2,59230768.2816,0.0269633454217633
13316,21782.066912,1,59230788.1984,0.0197942918024054
13317,21782.086912,2,59230808.3584,0.0270145675825189
13318,21782.106912,1,59230828.224,0.019772778494888
13319,21782.126912,2,59230848.32,0.0270432519925421
13320,21782.146912,1,59230868.1856,0.0198055606777716
13321,21782.166912,2,59230888.192,0.02697871206999
13322,21782.186912,1,59230908.2624,0.0197471674145102
13323,21782.206912,2,59230928.192,0.0269817853996353
13324,21782.226912,1,59230948.2752,0.0197758518245334
13325,21782.246912,2,59230968.2176,0.026933636568525
13326,21782.266912,1,59230988.2368,0.0198229762124285
13327,21782.286912,2,59231008.32,0.0270453008789723
13328,21782.306912,1,59231028.2112,0.0197553629602311
13329,21782.326912,2,59231048.2432,0.0269182699202983
13330,21782.346912,1,59231068.3008,0.0198209273259983
13331,21782.366912,2,59231088.2048,0.0268639744298973
13332,21782.386912,1,59231108.2496,0.01974511852808
13333,21782.406912,2,59231128.4224,0.0269203188067285
13334,21782.426912,1,59231148.2496,0.0198608806113877
13335,21782.446912,2,59231168.2432,0.0268588522138218
13336,21782.466912,1,59231188.3136,0.0198342450877948
13337,21782.486912,2,59231208.2176,0.0268291433605835
13338,21782.506912,1,59231228.4288,0.0198280984285041
13339,21782.526912,2,59231248.256,0.0268824144077694
13340,21782.546912,1,59231268.288,0.0198055606777716
13341,21782.566912,2,59231288.3328,0.0268731944188334
13342,21782.586912,1,59231308.2752,0.0198188784395681
13343,21782.606912,2,59231328.4096,0.0268906099534903
13344,21782.626912,1,59231348.288,0.0198895650214109
13345,21782.646912,2,59231368.256,0.0270084209232282
13346,21782.666912,1,59231388.4288,0.0197860962566845
13347,21782.686912,2,59231408.2816,0.0269121232610076
13348,21782.706912,1,59231428.5056,0.0198475628495912
13349,21782.726912,2,59231448.2944,0.0269735898539144
13350,21782.746912,1,59231468.288,0.0198280984285041
13351,21782.766912,2,59231488.32,0.0270647653000594
13352,21782.786912,1,59231508.3264,0.0198291228717192
13353,21782.806912,2,59231528.3072,0.0271446718708382
13354,21782.826912,1,59231548.3648,0.0198516606224517
13355,21782.846912,2,59231568.3072,0.0272512139652099
13356,21782.866912,1,59231588.2624,0.0198588317249575
13357,21782.886912,2,59231608.3584,0.027206138463745
13358,21782.906912,1,59231628.3136,0.0197850718134694
13359,21782.926912,2,59231648.3968,0.0274274181982093
13360,21782.946912,1,59231668.3008,0.0198383428606552
13361,21782.966912,2,59231688.32,0.0275349847357961
13362,21782.986912,1,59231708.4672,0.0199008338967771
13363,21783.006912,2,59231728.3328,0.0274479070625115
13364,21783.026912,1,59231748.3648,0.0197901940295449
13365,21783.046912,2,59231768.3072,0.0275093736554183
13366,21783.066912,1,59231788.3008,0.0198280984285041
13367,21783.086912,2,59231808.4608,0.0274141004364128
13368,21783.106912,1,59231828.3392,0.0199100538857131
13369,21783.126912,2,59231848.3968,0.0274028315610466
13370,21783.146912,1,59231868.2624,0.0198649783842482
13371,21783.166912,2,59231888.3328,0.0274919581207614
13372,21783.186912,1,59231908.352,0.0198321962013646
13373,21783.206912,2,59231928.32,0.0275185936443543
13374,21783.226912,1,59231948.3776,0.0198280984285041
13375,21783.246912,2,59231968.3072,0.0274919581207614
13376,21783.266912,1,59231988.3392,0.0197789251541787
13377,21783.286912,2,59232008.3584,0.0274059048906919
13378,21783.306912,1,59232028.3264,0.0198465384063761
13379,21783.326912,2,59232048.3968,0.0273936115721106
13380,21783.346912,1,59232068.3392,0.0197973651320507
13381,21783.366912,2,59232088.3072,0.0273854160263897
13382,21783.386912,1,59232108.3776,0.0198526850656668
13383,21783.406912,2,59232128.3328,0.0273372671952794
13384,21783.426912,1,59232148.4416,0.0198772717028295
13385,21783.446912,2,59232168.3456,0.0274304915278546
13386,21783.466912,1,59232188.3136,0.0198352695310099
13387,21783.486912,2,59232208.3328,0.0274386870735755
13388,21783.506912,1,59232228.4288,0.0198055606777716
13389,21783.526912,2,59232248.3968,0.027524740303645
13390,21783.546912,1,59232268.3264,0.0198496117360215
13391,21783.566912,2,59232288.3328,0.0275411313950868
13392,21783.586912,1,59232308.4032,0.0198055606777716
13393,21783.606912,2,59232328.4224,0.0275841580101215
13394,21783.626912,1,59232348.3904,0.0197656073923822
13395,21783.646912,2,59232368.3328,0.0276896756612781
13396,21783.666912,1,59232388.3648,0.0197584362898765
13397,21783.686912,2,59232408.3968,0.0278443665867601
13398,21783.706912,1,59232428.3392,0.0198168295531379
13399,21783.726912,2,59232448.4736,0.0278515376892659
13400,21783.746912,1,59232468.3904,0.0197738029381031
13401,21783.766912,2,59232488.448,0.0281445284487881
13402,21783.786912,1,59232508.416,0.019799414018481
13403,21783.806912,2,59232528.3584,0.0281650173130903
13404,21783.826912,1,59232548.3648,0.019754338517016
13405,21783.846912,2,59232568.3968,0.0281639928698752
13406,21783.866912,1,59232588.4032,0.0197840473702543
13407,21783.886912,2,59232608.4224,0.0282049705984797
13408,21783.906912,1,59232628.3776,0.0197942918024054
13409,21783.926912,2,59232648.384,0.0284375192083103
13410,21783.946912,1,59232668.48,0.0197522896305858
13411,21783.966912,2,59232688.4224,0.0283811748314791
13412,21783.986912,1,59232708.3776,0.0197123363451964
13413,21784.006912,2,59232728.384,0.0282510705431598
13414,21784.026912,1,59232748.3648,0.0197973651320507
13415,21784.046912,2,59232768.3712,0.0281814084045321
13416,21784.066912,1,59232788.4288,0.0197461429712951
13417,21784.086912,2,59232808.448,0.0284088347982871
13418,21784.106912,1,59232828.3776,0.0197481918577253
13419,21784.126912,2,59232848.448,0.0284242014465138
13420,21784.146912,1,59232868.3904,0.0197522896305858
13421,21784.166912,2,59232888.4608,0.0283012682607003
13422,21784.186912,1,59232908.48,0.0197522896305858
13423,21784.206912,2,59232928.4352,0.0281752617452415
13424,21784.226912,1,59232948.5696,0.0197318007662835
13425,21784.246912,2,59232968.4096,0.0281445284487881
13426,21784.266912,1,59232988.416,0.019726678550208
13427,21784.286912,2,59233008.4864,0.0280133997172537
13428,21784.306912,1,59233028.416,0.0197492163009404
13429,21784.326912,2,59233048.4352,0.0280646218780093
13430,21784.346912,1,59233068.4544,0.0198106828938472
13431,21784.366912,2,59233088.4096,0.0280226197061897
13432,21784.386912,1,59233108.4672,0.0198065851209867
13433,21784.406912,2,59233128.4352,0.0279898375233061
13434,21784.426912,1,59233148.4672,0.019799414018481
13435,21784.446912,2,59233168.4992,0.0281516995512939
13436,21784.466912,1,59233188.4288,0.0198250250988588
13437,21784.486912,2,59233208.4352,0.0281353084598521
13438,21784.506912,1,59233228.48,0.0198639539410331
13439,21784.526912,2,59233248.448,0.0280943307312476
13440,21784.546912,1,59233268.4288,0.0197912184727601
13441,21784.566912,2,59233288.512,0.0279601286700678
13442,21784.586912,1,59233308.4416,0.0198670272706784
13443,21784.606912,2,59233328.4736,0.0278730509967832
13444,21784.626912,1,59233348.4672,0.0197983895752658
13445,21784.646912,2,59233368.4992,0.0278238777224578
13446,21784.666912,1,59233388.6208,0.0198168295531379
13447,21784.686912,2,59233408.4096,0.0277931444260045
13448,21784.706912,1,59233428.4288,0.019827073985289
13449,21784.726912,2,59233448.4352,0.0277378244923884
13450,21784.746912,1,59233468.48,0.0197584362898765
13451,21784.766912,2,59233488.4864,0.0276835290019874
13452,21784.786912,1,59233508.5056,0.0197738029381031
13453,21784.806912,2,59233528.4864,0.0275831335669064
13454,21784.826912,1,59233548.4544,0.0198301473149343
13455,21784.846912,2,59233568.4864,0.0276538201487492
13456,21784.866912,1,59233588.4672,0.0197195074477022
13457,21784.886912,2,59233608.448,0.0275903046694122
13458,21784.906912,1,59233628.6976,0.0197492163009404
13459,21784.926912,2,59233648.4736,0.027606695760854
13460,21784.946912,1,59233668.5312,0.019772778494888
13461,21784.966912,2,59233688.512,0.0275677669186797
13462,21784.986912,1,59233708.5184,0.0197973651320507
13463,21785.006912,2,59233728.5888,0.0275554736000983
13464,21785.026912,1,59233748.48,0.019754338517016
13465,21785.046912,2,59233768.512,0.027416149322843
13466,21785.066912,1,59233788.608,0.0197522896305858
13467,21785.086912,2,59233808.4992,0.0273843915831745
13468,21785.106912,1,59233828.5184,0.0198065851209867
13469,21785.126912,2,59233848.576,0.0273239494334829
13470,21785.146912,1,59233868.6336,0.019763558505952
13471,21785.166912,2,59233888.5248,0.0273085827852562
13472,21785.186912,1,59233908.5056,0.0197860962566845
13473,21785.206912,2,59233928.6784,0.0272399450898437
13474,21785.226912,1,59233948.5824,0.0198209273259983
13475,21785.246912,2,59233968.5376,0.0273106316716864
13476,21785.266912,1,59233988.544,0.0198414161903006
13477,21785.286912,2,59234008.4864,0.0272758006023726
13478,21785.306912,1,59234028.544,0.0198762472596144
13479,21785.326912,2,59234048.5376,0.0272450673059192
13480,21785.346912,1,59234068.5696,0.0198803450324748
13481,21785.366912,2,59234088.5248,0.0272798983752331
13482,21785.386912,1,59234108.6208,0.0198260495420739
13483,21785.406912,2,59234128.5632,0.0272604339541459
13484,21785.426912,1,59234148.5952,0.0198291228717192
13485,21785.446912,2,59234168.5888,0.0272635072837913
13486,21785.466912,1,59234188.6336,0.0198885405781957
13487,21785.486912,2,59234208.5504,0.0273905382424652
13488,21785.506912,1,59234228.5696,0.0198373184174401
13489,21785.526912,2,59234248.6016,0.0274151248796279
13490,21785.546912,1,59234268.5952,0.0198260495420739
13491,21785.566912,2,59234288.6144,0.0274837625750405
13492,21785.586912,1,59234308.5824,0.0198240006556437
13493,21785.606912,2,59234328.5888,0.0276292335115864
13494,21785.626912,1,59234348.7232,0.0198219517692134
13495,21785.646912,2,59234368.5504,0.0276866023316328
13496,21785.666912,1,59234388.5824,0.0197318007662835
13497,21785.686912,2,59234408.6144,0.0277306533898826
13498,21785.706912,1,59234428.5952,0.0197953162456205
13499,21785.726912,2,59234448.5888,0.0276148913065749
13500,21785.746912,1,59234468.6848,0.0198424406335157
13501,21785.766912,2,59234488.576,0.0276681623537607
13502,21785.786912,1,59234508.6592,0.0197963406888356
13503,21785.806912,2,59234528.6272,0.0277941688692196
13504,21785.826912,1,59234548.6592,0.0198321962013646
13505,21785.846912,2,59234568.6272,0.0279847153072305
13506,21785.866912,1,59234588.7104,0.0197502407441556
13507,21785.886912,2,59234608.6912,0.0281096973794743
13508,21785.906912,1,59234628.6208,0.0198332206445797
13509,21785.926912,2,59234648.6144,0.0282326305652878
13510,21785.946912,1,59234668.6592,0.0198588317249575
13511,21785.966912,2,59234688.576,0.028271559407462
13512,21785.986912,1,59234708.7616,0.0197440940848649
13513,21786.006912,2,59234728.5888,0.0281363329030672
13514,21786.026912,1,59234748.6464,0.0197768762677485
13515,21786.046912,2,59234768.64,0.0280400352408466
13516,21786.066912,1,59234788.6336,0.0198629294978179
13517,21786.086912,2,59234808.6656,0.0279519331243469
13518,21786.106912,1,59234828.6592,0.0198014629049112
13519,21786.126912,2,59234848.64,0.0278628065646321
13520,21786.146912,1,59234868.672,0.0198168295531379
13521,21786.166912,2,59234888.6528,0.0276732845698363
13522,21786.186912,1,59234908.6208,0.0198373184174401
13523,21786.206912,2,59234928.7296,0.027543180281517
13524,21786.226912,1,59234948.6464,0.0198660028274633
13525,21786.246912,2,59234968.64,0.0275698158051099
13526,21786.266912,1,59234988.6464,0.0197891695863298
13527,21786.286912,2,59235008.6784,0.027533960292581
13528,21786.306912,1,59235028.7488,0.0198137562234925
13529,21786.326912,2,59235048.6656,0.0275319114061508
13530,21786.346912,1,59235068.6976,0.0198516606224517
13531,21786.366912,2,59235088.8064,0.0274673714835987
13532,21786.386912,1,59235108.6976,0.0198137562234925
13533,21786.406912,2,59235128.6912,0.0273372671952794
13534,21786.426912,1,59235148.7616,0.0198024873481263
13535,21786.446912,2,59235168.704,0.0273270227631282
13536,21786.466912,1,59235188.672,0.0198414161903006
13537,21786.486912,2,59235208.7296,0.0273208761038376
13538,21786.506912,1,59235228.736,0.0198229762124285
13539,21786.526912,2,59235248.7296,0.02734341385457
13540,21786.546912,1,59235268.7104,0.0198557583953122
13541,21786.566912,2,59235288.6912,0.0275626447026041
13542,21786.586912,1,59235308.7104,0.0198168295531379
13543,21786.606912,2,59235328.6912,0.0276804556723421
13544,21786.626912,1,59235348.6976,0.0198567828385273
13545,21786.646912,2,59235368.7424,0.0275585469297437
13546,21786.666912,1,59235388.7232,0.0198537095088819
13547,21786.686912,2,59235408.6912,0.0274479070625115
13548,21786.706912,1,59235428.736,0.0198516606224517
13549,21786.726912,2,59235448.7424,0.0273495605138607
13550,21786.746912,1,59235468.8128,0.0198209273259983
13551,21786.766912,2,59235488.7424,0.0273598049460118
13552,21786.786912,1,59235508.7232,0.0198967361239166
13553,21786.806912,2,59235528.704,0.0273075583420411
13554,21786.826912,1,59235548.7232,0.0198403917470855
13555,21786.846912,2,59235568.7424,0.0273259983199131
13556,21786.866912,1,59235588.8128,0.0198465384063761
13557,21786.886912,2,59235608.9856,0.0271928207019485
13558,21786.906912,1,59235628.8,0.0198076095642019
13559,21786.926912,2,59235648.7424,0.0272256028848321
13560,21786.946912,1,59235668.7744,0.0197738029381031
13561,21786.966912,2,59235688.7168,0.0272491650787797
13562,21786.986912,1,59235708.7488,0.0197502407441556
13563,21787.006912,2,59235728.7424,0.0271989673612392
13564,21787.026912,1,59235748.7744,0.0197932673591903
13565,21787.046912,2,59235768.6912,0.0272737517159424
13566,21787.066912,1,59235788.7744,0.0198055606777716
13567,21787.086912,2,59235808.7424,0.0274007826746163
13568,21787.106912,1,59235828.7616,0.0198321962013646
13569,21787.126912,2,59235848.7552,0.0273526338435061
13570,21787.146912,1,59235868.8384,0.0198588317249575
13571,21787.166912,2,59235888.7552,0.0273393160817096
13572,21787.186912,1,59235908.864,0.0198516606224517
13573,21787.206912,2,59235928.768,0.0271969184748089
13574,21787.226912,1,59235948.7872,0.0198496117360215
13575,21787.246912,2,59235968.7552,0.0271641362919253
13576,21787.266912,1,59235988.7616,0.0198629294978179
13577,21787.286912,2,59236008.7936,0.0271375007683324
13578,21787.306912,1,59236028.7616,0.0198782961460446
13579,21787.326912,2,59236048.7808,0.0272297006576925
13580,21787.346912,1,59236068.7872,0.0198403917470855
13581,21787.366912,2,59236088.7936,0.02734341385457
13582,21787.386912,1,59236108.7872,0.0198260495420739
13583,21787.406912,2,59236128.9344,0.0274110271067675
13584,21787.426912,1,59236148.7744,0.0198864916917655
13585,21787.446912,2,59236168.8832,0.0273905382424652
13586,21787.466912,1,59236188.8,0.0199059561128527
13587,21787.486912,2,59236208.7808,0.0272993627963202
13588,21787.506912,1,59236228.8128,0.0198475628495912
13589,21787.526912,2,59236248.8064,0.0272768250455877
13590,21787.546912,1,59236268.8,0.0198342450877948
13591,21787.566912,2,59236288.896,0.0272778494888028
13592,21787.586912,1,59236308.8,0.0197656073923822
13593,21787.606912,2,59236328.8704,0.0272696539430819
13594,21787.626912,1,59236348.8128,0.019763558505952
13595,21787.646912,2,59236368.8064,0.0272563361812855
13596,21787.666912,1,59236388.9024,0.0197738029381031
13597,21787.686912,2,59236408.8064,0.0272286762144774
13598,21787.706912,1,59236428.864,0.0198209273259983
13599,21787.726912,2,59236448.832,0.0272696539430819
13600,21787.746912,1,59236468.8128,0.0197553629602311
13601,21787.766912,2,59236488.832,0.0272829717048784
13602,21787.786912,1,59236508.8384,0.0198690761571086
13603,21787.806912,2,59236528.9088,0.0273587805027967
13604,21787.826912,1,59236548.8512,0.019772778494888
13605,21787.846912,2,59236568.8704,0.0275933779990575
13606,21787.866912,1,59236588.9024,0.0197645829491671
13607,21787.886912,2,59236608.8448,0.0277849488802836
13608,21787.906912,1,59236628.9792,0.0197758518245334
13609,21787.926912,2,59236648.8576,0.0277665089024115
13610,21787.946912,1,59236668.8512,0.0197471674145102
13611,21787.966912,2,59236688.9856,0.0277818755506382
13612,21787.986912,1,59236708.928,0.0197871206998996
13613,21788.006912,2,59236728.9216,0.0276579179216096
13614,21788.026912,1,59236748.8768,0.0196969696969697
13615,21788.046912,2,59236768.9088,0.0276415268301678
13616,21788.066912,1,59236788.8896,0.019845513963161
13617,21788.086912,2,59236808.8832,0.027716311184871
13618,21788.106912,1,59236828.8768,0.0197809740406089
13619,21788.126912,2,59236848.8704,0.0278013399717254
13620,21788.146912,1,59236868.864,0.0197318007662835
13621,21788.166912,2,59236889.0112,0.0279304198168296
13622,21788.186912,1,59236908.8896,0.019808634007417
13623,21788.206912,2,59236928.9856,0.027852562132481
13624,21788.226912,1,59236949.0048,0.0198403917470855
13625,21788.246912,2,59236968.9344,0.0277572889134755
13626,21788.266912,1,59236989.0048,0.0197768762677485
13627,21788.286912,2,59237008.896,0.0278658798942775
13628,21788.306912,1,59237028.8768,0.0197953162456205
13629,21788.326912,2,59237049.0752,0.0278351465978241
13630,21788.346912,1,59237068.864,0.0197256541069929
13631,21788.366912,2,59237088.896,0.0279181264982482
13632,21788.386912,1,59237108.8896,0.0197563874034462
13633,21788.406912,2,59237128.9984,0.0279457864650562
13634,21788.426912,1,59237148.928,0.0197717540516729
13635,21788.446912,2,59237168.9088,0.0277542155838302
13636,21788.466912,1,59237189.0432,0.0198485872928064
13637,21788.486912,2,59237208.9088,0.027515520314709
13638,21788.506912,1,59237228.992,0.0197215563341324
13639,21788.526912,2,59237248.9088,0.0274950314504067
13640,21788.546912,1,59237268.928,0.0197389718687893
13641,21788.566912,2,59237288.9344,0.0273270227631282
13642,21788.586912,1,59237308.9792,0.0197594607330916
13643,21788.606912,2,59237328.9344,0.0272778494888028
13644,21788.626912,1,59237348.9536,0.0197830229270392
13645,21788.646912,2,59237368.9088,0.0271590140758498
13646,21788.666912,1,59237388.9024,0.0197645829491671
13647,21788.686912,2,59237408.9472,0.0271856495994427
13648,21788.706912,1,59237428.9536,0.0197809740406089
13649,21788.726912,2,59237448.9472,0.0272532628516401
13650,21788.746912,1,59237468.9536,0.0198393673038703
13651,21788.766912,2,59237488.96,0.0272870694777388
13652,21788.786912,1,59237508.9792,0.0197604851763067
13653,21788.806912,2,59237528.9472,0.0272163828958961
13654,21788.826912,1,59237548.9536,0.0197133607884115
13655,21788.846912,2,59237568.9728,0.0273137050013318
13656,21788.866912,1,59237588.9536,0.0198004384616961
13657,21788.886912,2,59237608.9728,0.0272655561702215
13658,21788.906912,1,59237628.992,0.0196949208105395
13659,21788.926912,2,59237649.0496,0.0272409695330588
13660,21788.946912,1,59237668.9664,0.0198496117360215
13661,21788.966912,2,59237688.9856,0.0273331694224189
13662,21788.986912,1,59237709.0048,0.0197901940295449
13663,21789.006912,2,59237729.024,0.0272788739320179
13664,21789.026912,1,59237749.0688,0.0197533140738009
13665,21789.046912,2,59237768.9984,0.0272604339541459
13666,21789.066912,1,59237789.0048,0.0197717540516729
13667,21789.086912,2,59237808.9856,0.0272583850677157
13668,21789.106912,1,59237828.9792,0.0198332206445797
13669,21789.126912,2,59237849.0112,0.027151842973344
13670,21789.146912,1,59237869.0048,0.019817853996353
13671,21789.166912,2,59237889.024,0.0272358473169832
13672,21789.186912,1,59237909.0176,0.0197481918577253
13673,21789.206912,2,59237928.9984,0.0272307251009077
13674,21789.226912,1,59237948.992,0.0197430696416498
13675,21789.246912,2,59237969.0112,0.0275442047247321
13676,21789.266912,1,59237988.992,0.0198106828938472
13677,21789.286912,2,59238009.0496,0.0277234822873768
13678,21789.306912,1,59238029.0176,0.0197287274366382
13679,21789.326912,2,59238049.0496,0.0278474399164054
13680,21789.346912,1,59238069.0176,0.019781998483824
13681,21789.366912,2,59238088.96,0.0279806175343701
13682,21789.386912,1,59238109.0432,0.0197297518798533
13683,21789.406912,2,59238129.0368,0.0280338885815559
13684,21789.426912,1,59238149.0048,0.019700043026615
13685,21789.446912,2,59238169.0496,0.0280687196508698
13686,21789.466912,1,59238189.0176,0.0197953162456205
13687,21789.486912,2,59238209.024,0.0281721884155961
13688,21789.506912,1,59238229.0816,0.0197789251541787
13689,21789.526912,2,59238249.088,0.028089208515172
13690,21789.546912,1,59238269.0304,0.0198127317802774
13691,21789.566912,2,59238289.0624,0.0279949597393816
13692,21789.586912,1,59238309.056,0.0198127317802774
13693,21789.606912,2,59238329.0624,0.0279314442600447
13694,21789.626912,1,59238349.0816,0.0197850718134694
13695,21789.646912,2,59238369.2032,0.0278371954842543
13696,21789.666912,1,59238389.0432,0.0198147806667076
13697,21789.686912,2,59238409.3184,0.0278402688138996
13698,21789.706912,1,59238429.0944,0.0198147806667076
13699,21789.726912,2,59238449.0368,0.0277808511074231
13700,21789.746912,1,59238469.0688,0.0198219517692134
13701,21789.766912,2,59238489.0752,0.0278228532792427
13702,21789.786912,1,59238509.1456,0.0197850718134694
13703,21789.806912,2,59238529.0752,0.0277716311184871
13704,21789.826912,1,59238549.0688,0.0197963406888356
13705,21789.846912,2,59238569.0624,0.027643575716598
13706,21789.866912,1,59238589.0688,0.0197410207552195
13707,21789.886912,2,59238609.088,0.02761591574979
13708,21789.906912,1,59238629.4528,0.0198680517138935
13709,21789.926912,2,59238649.0752,0.0276118179769295
13710,21789.946912,1,59238669.12,0.0198076095642019
13711,21789.966912,2,59238689.088,0.027543180281517
13712,21789.986912,1,59238709.0944,0.0197860962566845
13713,21790.006912,2,59238729.1904,0.0275421558383019
13714,21790.026912,1,59238749.0816,0.0197594607330916
13715,21790.046912,2,59238769.1008,0.0275831335669064
13716,21790.066912,1,59238789.12,0.0196969696969697
13717,21790.086912,2,59238809.1136,0.0274847870182556
13718,21790.106912,1,59238829.2864,0.0198158051099228
13719,21790.126912,2,59238849.152,0.02747966480218
13720,21790.146912,1,59238869.1712,0.0198127317802774
13721,21790.166912,2,59238889.1264,0.0274089782203372
13722,21790.186912,1,59238909.1968,0.019799414018481
13723,21790.206912,2,59238929.1776,0.0273516094002909
13724,21790.226912,1,59238949.12,0.019763558505952
13725,21790.246912,2,59238969.344,0.0273720982645932
13726,21790.266912,1,59238989.1328,0.0197656073923822
13727,21790.286912,2,59239009.152,0.0273352183088491
13728,21790.306912,1,59239029.12,0.0198014629049112
13729,21790.326912,2,59239049.088,0.0273270227631282
13730,21790.346912,1,59239069.1968,0.0197871206998996
13731,21790.366912,2,59239089.1392,0.0272378962034134
13732,21790.386912,1,59239109.248,0.0197881451431147
13733,21790.406912,2,59239129.1264,0.0271047185854488
13734,21790.426912,1,59239149.12,0.0197625340627369
13735,21790.446912,2,59239169.2928,0.0271282807793964
13736,21790.466912,1,59239189.184,0.0197492163009404
13737,21790.486912,2,59239209.2672,0.0271938451451636
13738,21790.506912,1,59239229.1584,0.0198065851209867
13739,21790.526912,2,59239249.1648,0.027133402995472
13740,21790.546912,1,59239269.1968,0.0198117073370623
13741,21790.566912,2,59239289.1648,0.0271774540537218
13742,21790.586912,1,59239309.2096,0.019808634007417
13743,21790.606912,2,59239329.1648,0.0271467207572684
13744,21790.626912,1,59239349.1584,0.0198321962013646
13745,21790.646912,2,59239369.2416,0.0271774540537218
13746,21790.666912,1,59239389.1968,0.019781998483824
13747,21790.686912,2,59239409.2416,0.0270176409121642
13748,21790.706912,1,59239429.1968,0.0198229762124285
13749,21790.726912,2,59239449.2032,0.0270135431393038
13750,21790.746912,1,59239469.1968,0.0197379474255742
13751,21790.766912,2,59239489.1648,0.0270463253221874
13752,21790.786912,1,59239509.2352,0.0197942918024054
13753,21790.806912,2,59239529.2032,0.0268445100088102
13754,21790.826912,1,59239549.184,0.0198280984285041
13755,21790.846912,2,59239569.216,0.0269571987624726
13756,21790.866912,1,59239589.1328,0.0198035117913414
13757,21790.886912,2,59239609.216,0.0269643698649784
13758,21790.906912,1,59239629.1968,0.0198608806113877
13759,21790.926912,2,59239649.216,0.0270289097875305
13760,21790.946912,1,59239669.2608,0.0198260495420739
13761,21790.966912,2,59239689.2032,0.0270237875714549
13762,21790.986912,1,59239709.2736,0.0198496117360215
13763,21791.006912,2,59239729.216,0.0269920298317864
13764,21791.026912,1,59239749.2608,0.019817853996353
13765,21791.046912,2,59239769.28,0.0272092117933903
13766,21791.066912,1,59239789.184,0.0197983895752658
13767,21791.086912,2,59239809.5488,0.0274110271067675
13768,21791.106912,1,59239829.3248,0.0198598561681726
13769,21791.126912,2,59239849.2288,0.0274325404142848
13770,21791.146912,1,59239869.2608,0.0198127317802774
13771,21791.166912,2,59239889.2416,0.0272901428073842
13772,21791.186912,1,59239909.248,0.0197922429159752
13773,21791.206912,2,59239929.4464,0.0274233204253488
13774,21791.226912,1,59239949.2352,0.0198229762124285
13775,21791.246912,2,59239969.2544,0.0274970803368369
13776,21791.266912,1,59239989.248,0.0197850718134694
13777,21791.286912,2,59240009.2544,0.0275267891900752
13778,21791.306912,1,59240029.2352,0.0197748273813183
13779,21791.326912,2,59240049.4208,0.0275216669739996
13780,21791.346912,1,59240069.2992,0.019836293974225
13781,21791.366912,2,59240089.2032,0.02747966480218
13782,21791.386912,1,59240109.3376,0.0197860962566845
13783,21791.406912,2,59240129.3312,0.0274960558936218
13784,21791.426912,1,59240149.2736,0.0197707296084578
13785,21791.446912,2,59240169.2672,0.0276107935337144
13786,21791.466912,1,59240189.312,0.0198188784395681
13787,21791.486912,2,59240209.2928,0.0275810846804762
13788,21791.506912,1,59240229.2864,0.0197584362898765
13789,21791.526912,2,59240249.3056,0.0274950314504067
13790,21791.546912,1,59240269.2992,0.0197379474255742
13791,21791.566912,2,59240289.3952,0.0275698158051099
13792,21791.586912,1,59240309.3376,0.0198506361792366
13793,21791.606912,2,59240329.3312,0.0275872313397668
13794,21791.626912,1,59240349.3632,0.0198496117360215
13795,21791.646912,2,59240369.3184,0.0274847870182556
13796,21791.666912,1,59240389.376,0.0198619050546028
13797,21791.686912,2,59240409.2928,0.0275206425307845
13798,21791.706912,1,59240429.6192,0.0198035117913414
13799,21791.726912,2,59240449.3056,0.0275698158051099
13800,21791.746912,1,59240469.2736,0.0198639539410331
13801,21791.766912,2,59240489.408,0.0276220624090807
13802,21791.786912,1,59240509.2992,0.0198352695310099
13803,21791.806912,2,59240529.472,0.0276138668633598
13804,21791.826912,1,59240549.3504,0.0198106828938472
13805,21791.846912,2,59240569.3056,0.0275698158051099
13806,21791.866912,1,59240589.4272,0.0198209273259983
13807,21791.886912,2,59240609.344,0.027324973876698
13808,21791.906912,1,59240629.4272,0.0198537095088819
13809,21791.926912,2,59240649.3312,0.0273055094556109
13810,21791.946912,1,59240669.3248,0.0198158051099228
13811,21791.966912,2,59240689.3952,0.027370049378163
13812,21791.986912,1,59240709.3504,0.0197922429159752
13813,21792.006912,2,59240729.3312,0.0273198516606225
13814,21792.026912,1,59240749.312,0.0198127317802774
13815,21792.046912,2,59240769.3952,0.0273413649681398
13816,21792.066912,1,59240789.3632,0.0198219517692134
13817,21792.086912,2,59240809.344,0.0275308869629356
13818,21792.106912,1,59240829.44,0.0198291228717192
13819,21792.126912,2,59240849.3568,0.0275831335669064
13820,21792.146912,1,59240869.4144,0.0198117073370623
13821,21792.166912,2,59240889.3824,0.0276640645809003
13822,21792.186912,1,59240909.4272,0.019836293974225
13823,21792.206912,2,59240929.3696,0.0276466490462434
13824,21792.226912,1,59240949.376,0.0197328252094986
13825,21792.246912,2,59240969.5104,0.027643575716598
13826,21792.266912,1,59240989.5168,0.0198823939189051
13827,21792.286912,2,59241009.5744,0.0277675333456267
13828,21792.306912,1,59241029.3888,0.0197328252094986
13829,21792.326912,2,59241049.3952,0.0278126088470916
13830,21792.346912,1,59241069.4272,0.0198608806113877
13831,21792.366912,2,59241089.344,0.0277747044481324
13832,21792.386912,1,59241109.4016,0.0197799495973938
13833,21792.406912,2,59241129.408,0.0276876267748479
13834,21792.426912,1,59241149.3632,0.0197389718687893
13835,21792.446912,2,59241169.408,0.027716311184871
13836,21792.466912,1,59241189.3888,0.0197738029381031
13837,21792.486912,2,59241209.4464,0.027779826664208
13838,21792.506912,1,59241229.4912,0.0198209273259983
13839,21792.526912,2,59241249.3952,0.0278126088470916
13840,21792.546912,1,59241269.44,0.0197533140738009
13841,21792.566912,2,59241289.4464,0.0279017354068064
13842,21792.586912,1,59241309.4016,0.0197881451431147
13843,21792.606912,2,59241329.4208,0.0278884176450099
13844,21792.626912,1,59241349.4528,0.0197666318355974
13845,21792.646912,2,59241369.4336,0.0279293953736144
13846,21792.666912,1,59241389.504,0.019709263015551
13847,21792.686912,2,59241409.408,0.0279232487143238
13848,21792.706912,1,59241429.6192,0.0197584362898765
13849,21792.726912,2,59241449.4208,0.0279744708750794
13850,21792.746912,1,59241469.4016,0.0197297518798533
13851,21792.766912,2,59241489.5488,0.0278126088470916
13852,21792.786912,1,59241509.5168,0.019772778494888
13853,21792.806912,2,59241529.6,0.0277183600713012
13854,21792.826912,1,59241549.4656,0.0197512651873707
13855,21792.846912,2,59241569.4464,0.0275636691458192
13856,21792.866912,1,59241589.504,0.0197584362898765
13857,21792.886912,2,59241609.472,0.0274991292232672
13858,21792.906912,1,59241629.5168,0.019808634007417
13859,21792.926912,2,59241649.4336,0.0275626447026041
13860,21792.946912,1,59241669.504,0.0197440940848649
13861,21792.966912,2,59241689.536,0.0275544491568832
13862,21792.986912,1,59241709.4272,0.0197697051652427
13863,21793.006912,2,59241729.536,0.0274120515499826
13864,21793.026912,1,59241749.4528,0.0197697051652427
13865,21793.046912,2,59241769.5104,0.0273526338435061
13866,21793.066912,1,59241789.4656,0.0197625340627369
13867,21793.086912,2,59241809.4336,0.027252238408425
13868,21793.106912,1,59241829.5808,0.0197850718134694
13869,21793.126912,2,59241849.536,0.0271948695883787
13870,21793.146912,1,59241869.4528,0.0197707296084578
13871,21793.166912,2,59241889.7408,0.0271713073944311
13872,21793.186912,1,59241909.4912,0.0198055606777716
13873,21793.206912,2,59241929.6128,0.0271231585633208
13874,21793.226912,1,59241949.504,0.0198014629049112
13875,21793.246912,2,59241969.4976,0.0271241830065359
13876,21793.266912,1,59241989.5296,0.0197881451431147
13877,21793.286912,2,59242009.5232,0.027215358452681
13878,21793.306912,1,59242029.6192,0.0198209273259983
13879,21793.326912,2,59242049.5616,0.0271897473723032
13880,21793.346912,1,59242069.4912,0.0198373184174401
13881,21793.366912,2,59242089.4976,0.0272952650234597
13882,21793.386912,1,59242109.504,0.0197440940848649
13883,21793.406912,2,59242129.6768,0.027388489356035
13884,21793.426912,1,59242149.5552,0.0197809740406089
13885,21793.446912,2,59242169.536,0.0273874649128199
13886,21793.466912,1,59242189.7728,0.0197502407441556
13887,21793.486912,2,59242209.728,0.0273946360153257
13888,21793.506912,1,59242229.6448,0.0198414161903006
13889,21793.526912,2,59242249.6256,0.0273198516606225
13890,21793.546912,1,59242269.6192,0.0197779007109636
13891,21793.566912,2,59242289.6,0.0272143340094659
13892,21793.586912,1,59242309.5296,0.0198147806667076
13893,21793.606912,2,59242329.7664,0.0273526338435061
13894,21793.626912,1,59242349.5296,0.0197789251541787
13895,21793.646912,2,59242369.5104,0.0273137050013318
13896,21793.666912,1,59242389.5552,0.019827073985289
13897,21793.686912,2,59242409.536,0.0272901428073842
13898,21793.706912,1,59242429.5168,0.0197942918024054
13899,21793.726912,2,59242449.536,0.0273024361259655
13900,21793.746912,1,59242469.5424,0.0197717540516729
13901,21793.766912,2,59242489.5488,0.0272051140205298
13902,21793.786912,1,59242509.568,0.0197881451431147
13903,21793.806912,2,59242529.6128,0.0271313541090417
13904,21793.826912,1,59242549.5808,0.0197922429159752
13905,21793.846912,2,59242569.5488,0.0271405740979777
13906,21793.866912,1,59242589.6448,0.0198106828938472
13907,21793.886912,2,59242609.5872,0.0271477452004835
13908,21793.906912,1,59242629.7472,0.019799414018481
13909,21793.926912,2,59242649.5872,0.0272020406908845
13910,21793.946912,1,59242669.568,0.0197717540516729
13911,21793.966912,2,59242689.6,0.0271907718155183
13912,21793.986912,1,59242709.5936,0.0198537095088819
13913,21794.006912,2,59242729.536,0.0271907718155183
13914,21794.026912,1,59242749.6064,0.0198485872928064
13915,21794.046912,2,59242769.5744,0.0272358473169832
13916,21794.066912,1,59242789.5936,0.0198076095642019
13917,21794.086912,2,59242809.6128,0.0272286762144774
13918,21794.106912,1,59242829.7856,0.0198024873481263
13919,21794.126912,2,59242849.5872,0.0273403405249247
13920,21794.146912,1,59242869.6192,0.0198352695310099
13921,21794.166912,2,59242889.5872,0.0272911672505993
13922,21794.186912,1,59242909.6192,0.0198209273259983
13923,21794.206912,2,59242929.5616,0.0272040895773147
13924,21794.226912,1,59242949.696,0.0198383428606552
13925,21794.246912,2,59242969.5872,0.0272030651340996
13926,21794.266912,1,59242989.6064,0.0199387382957363
13927,21794.286912,2,59243009.6,0.0272839961480935
13928,21794.306912,1,59243029.7088,0.019799414018481
13929,21794.326912,2,59243049.6256,0.0272471161923495
13930,21794.346912,1,59243069.632,0.0198957116807015
13931,21794.366912,2,59243089.6,0.0272747761591575
13932,21794.386912,1,59243109.632,0.0198741983731842
13933,21794.406912,2,59243129.6768,0.0272112606798205
13934,21794.426912,1,59243149.6192,0.01992746942037
13935,21794.446912,2,59243169.6256,0.027188722929088
13936,21794.466912,1,59243189.6192,0.0199018583399922
13937,21794.486912,2,59243209.6128,0.0272184317823263
13938,21794.506912,1,59243229.7088,0.0199069805560678
13939,21794.526912,2,59243249.6128,0.0272532628516401
13940,21794.546912,1,59243269.632,0.0198885405781957
13941,21794.566912,2,59243289.664,0.0272471161923495
13942,21794.586912,1,59243309.6448,0.0198158051099228
13943,21794.606912,2,59243329.664,0.0272440428627041
13944,21794.626912,1,59243349.6576,0.0199141516585736
13945,21794.646912,2,59243369.6768,0.0273936115721106
13946,21794.666912,1,59243389.7344,0.0198957116807015
13947,21794.686912,2,59243409.6896,0.0275544491568832
13948,21794.706912,1,59243429.696,0.0198219517692134
13949,21794.726912,2,59243449.6256,0.0278187555063823
13950,21794.746912,1,59243469.6448,0.0197942918024054
13951,21794.766912,2,59243489.664,0.0279662753293585
13952,21794.786912,1,59243509.696,0.0197594607330916
13953,21794.806912,2,59243529.792,0.0282428749974389
13954,21794.826912,1,59243549.7216,0.0198424406335157
13955,21794.846912,2,59243569.664,0.0282920482717643
13956,21794.866912,1,59243589.7088,0.0197574118466613
13957,21794.886912,2,59243609.6768,0.028180383961317
13958,21794.906912,1,59243629.8112,0.0197799495973938
13959,21794.926912,2,59243649.7408,0.0280646218780093
13960,21794.946912,1,59243669.6832,0.0197830229270392
13961,21794.966912,2,59243689.6768,0.0279058331796669
13962,21794.986912,1,59243709.696,0.0197953162456205
13963,21795.006912,2,59243729.7536,0.0277337267195279
13964,21795.026912,1,59243749.7088,0.0198055606777716
13965,21795.046912,2,59243769.7024,0.027697871206999
13966,21795.066912,1,59243789.7216,0.0197953162456205
13967,21795.086912,2,59243809.7408,0.0277531911406151
13968,21795.106912,1,59243829.7856,0.0197912184727601
13969,21795.126912,2,59243849.7024,0.0277685577888418
13970,21795.146912,1,59243869.7344,0.0198526850656668
13971,21795.166912,2,59243889.7536,0.0277828999938533
13972,21795.186912,1,59243909.7472,0.0197738029381031
13973,21795.206912,2,59243929.792,0.0276866023316328
13974,21795.226912,1,59243949.7984,0.0198537095088819
13975,21795.246912,2,59243969.728,0.0275677669186797
13976,21795.266912,1,59243989.696,0.019808634007417
13977,21795.286912,2,59244009.792,0.0275380580654414
13978,21795.306912,1,59244029.7728,0.0198342450877948
13979,21795.326912,2,59244049.8432,0.027561620259389
13980,21795.346912,1,59244069.7344,0.0198434650767308
13981,21795.366912,2,59244089.7792,0.0276077202040691
13982,21795.386912,1,59244109.8496,0.0197932673591903
13983,21795.406912,2,59244129.8048,0.0276128424201447
13984,21795.426912,1,59244149.6832,0.0197594607330916
13985,21795.446912,2,59244169.8944,0.0275810846804762
13986,21795.466912,1,59244189.7344,0.0198393673038703
13987,21795.486912,2,59244209.7536,0.0276077202040691
13988,21795.506912,1,59244229.76,0.0198147806667076
13989,21795.526912,2,59244249.7536,0.0278453910299752
13990,21795.546912,1,59244269.7856,0.0197809740406089
13991,21795.566912,2,59244289.8048,0.0279765197615096
13992,21795.586912,1,59244309.7088,0.0197871206998996
13993,21795.606912,2,59244329.8816,0.0280574507755035
13994,21795.626912,1,59244349.7728,0.0198342450877948
13995,21795.646912,2,59244369.7792,0.0280195463765444
13996,21795.666912,1,59244389.824,0.0198229762124285
13997,21795.686912,2,59244409.792,0.02793451758969
13998,21795.706912,1,59244429.888,0.0198424406335157
13999,21795.726912,2,59244449.7792,0.027979593091155
14000,21795.746912,1,59244469.696,0.019854733952097
14001,21795.766912,2,59244489.728,0.0278320732681787
14002,21795.786912,1,59244509.7728,0.019845513963161
14003,21795.806912,2,59244529.8816,0.0278576843485566
14004,21795.826912,1,59244549.696,0.0198506361792366
14005,21795.846912,2,59244569.7152,0.0278658798942775
14006,21795.866912,1,59244589.7472,0.0198280984285041
14007,21795.886912,2,59244609.7664,0.028044133013707
14008,21795.906912,1,59244629.76,0.0198035117913414
14009,21795.926912,2,59244649.7536,0.0283289282275083
14010,21795.946912,1,59244669.7216,0.0198854672485504
14011,21795.966912,2,59244689.7152,0.0286024545659434
14012,21795.986912,1,59244709.8112,0.0197840473702543
14013,21796.006944,2,59244729.8048,0.0286587989427746
14014,21796.026944,1,59244749.7216,0.0198342450877948
14015,21796.046944,2,59244769.8304,0.0287489499457045
14016,21796.066944,1,59244789.9008,0.0198219517692134
14017,21796.086944,2,59244809.8432,0.0284006392525662
14018,21796.106944,1,59244829.7984,0.0197533140738009
14019,21796.126944,2,59244849.8176,0.028325854897863
14020,21796.146944,1,59244869.7728,0.0197973651320507
14021,21796.166944,2,59244889.8048,0.0282746327371074
14022,21796.186944,1,59244909.76,0.0198342450877948
14023,21796.206944,2,59244929.7792,0.0281209662548405
14024,21796.226944,1,59244949.824,0.019799414018481
14025,21796.246944,2,59244969.7792,0.0279857397504456
14026,21796.266944,1,59244989.7728,0.0197410207552195
14027,21796.286944,2,59245009.8304,0.0278996865203762
14028,21796.306944,1,59245029.8368,0.0198209273259983
14029,21796.326944,2,59245049.7792,0.0278218288360276
14030,21796.346944,1,59245069.9136,0.0197912184727601
14031,21796.366944,2,59245089.8304,0.0280728174237302
14032,21796.386944,1,59245110.0288,0.0198219517692134
14033,21796.406944,2,59245129.9072,0.0280533530026431
14034,21796.426944,1,59245149.7856,0.0197871206998996
14035,21796.446944,2,59245169.8176,0.0282182883602762
14036,21796.466944,1,59245189.888,0.0198127317802774
14037,21796.486944,2,59245209.8048,0.0284108836847174
14038,21796.506944,1,59245229.952,0.019808634007417
14039,21796.526944,2,59245249.8304,0.0284344458786649
14040,21796.546944,1,59245269.8624,0.0197891695863298
14041,21796.566944,2,59245289.9072,0.0283145860224968
14042,21796.586944,1,59245309.8624,0.019872149486754
14043,21796.606944,2,59245329.8432,0.0283022927039154
14044,21796.626944,1,59245349.8496,0.0197953162456205
14045,21796.646944,2,59245369.8688,0.0280513041162128
14046,21796.666944,1,59245389.8496,0.0198967361239166
14047,21796.686944,2,59245409.8688,0.0280461819001373
14048,21796.706944,1,59245429.9392,0.0198035117913414
14049,21796.726944,2,59245449.9712,0.0280482307865675
14050,21796.746944,1,59245469.888,0.0198311717581494
14051,21796.766944,2,59245489.8304,0.0280174974901141
14052,21796.786944,1,59245509.8368,0.0198690761571086
14053,21796.806944,2,59245529.8688,0.0279672997725736
14054,21796.826944,1,59245549.824,0.0197666318355974
14055,21796.846944,2,59245569.8304,0.027962177556498
14056,21796.866944,1,59245589.8752,0.0198260495420739
14057,21796.886944,2,59245609.8944,0.0279119798389575
14058,21796.906944,1,59245629.8624,0.0198127317802774
14059,21796.926944,2,59245649.8432,0.0277900710963591
14060,21796.946944,1,59245669.9136,0.0198106828938472
14061,21796.966944,2,59245689.8432,0.0276866023316328
14062,21796.986944,1,59245709.9008,0.0197922429159752
14063,21797.006944,2,59245729.92,0.0276087446472842
14064,21797.026944,1,59245749.9904,0.0198434650767308
14065,21797.046944,2,59245770.0224,0.02761591574979
14066,21797.066944,1,59245789.952,0.0197973651320507
14067,21797.086944,2,59245809.8816,0.027543180281517
14068,21797.106944,1,59245830.016,0.0198188784395681
14069,21797.126944,2,59245849.8688,0.0275114225418485
14070,21797.146944,1,59245869.9264,0.0198485872928064
14071,21797.166944,2,59245889.8816,0.0274878603479009
14072,21797.186944,1,59245909.9136,0.0197922429159752
14073,21797.206944,2,59245930.0736,0.0275257647468601
14074,21797.226944,1,59245949.9264,0.0197963406888356
14075,21797.246944,2,59245969.8816,0.0274171737660581
14076,21797.266944,1,59245990.0032,0.019845513963161
14077,21797.286944,2,59246009.92,0.0274970803368369
14078,21797.306944,1,59246030.0032,0.0198639539410331
14079,21797.326944,2,59246049.9072,0.0274714692564591
14080,21797.346944,1,59246069.9008,0.0198209273259983
14081,21797.366944,2,59246089.9328,0.0274868359046858
14082,21797.386944,1,59246109.9904,0.0198506361792366
14083,21797.406944,2,59246129.9968,0.0275605958161739
14084,21797.426944,1,59246149.9008,0.019836293974225
14085,21797.446944,2,59246170.0352,0.0275011781096974
14086,21797.466944,1,59246189.9264,0.0197840473702543
14087,21797.486944,2,59246209.9072,0.027533960292581
14088,21797.506944,1,59246229.9264,0.0197748273813183
14089,21797.526944,2,59246249.9328,0.0275483024975926
14090,21797.546944,1,59246269.9264,0.0198260495420739
14091,21797.566944,2,59246289.984,0.027679431229127
14092,21797.586944,1,59246310.0032,0.0198424406335157
14093,21797.606944,2,59246329.9328,0.0278310488249636
14094,21797.626944,1,59246349.952,0.0198332206445797
14095,21797.646944,2,59246369.9456,0.0278740754399984
14096,21797.666944,1,59246390.0032,0.019799414018481
14097,21797.686944,2,59246410.0096,0.0278330977113939
14098,21797.706944,1,59246430.0544,0.0198209273259983
14099,21797.726944,2,59246449.984,0.0279488597947016
14100,21797.746944,1,59246470.0032,0.0198055606777716
14101,21797.766944,2,59246489.984,0.0278996865203762
14102,21797.786944,1,59246510.0288,0.0198526850656668
14103,21797.806944,2,59246530.0608,0.0278966131907308
14104,21797.826944,1,59246549.9776,0.0197768762677485
14105,21797.846944,2,59246569.984,0.0278535865756961
14106,21797.866944,1,59246589.9776,0.0198147806667076
14107,21797.886944,2,59246609.9712,0.0279591042268527
14108,21797.906944,1,59246630.016,0.0198280984285041
14109,21797.926944,2,59246650.0992,0.0280052041715328
14110,21797.946944,1,59246669.9904,0.0198260495420739
14111,21797.966944,2,59246690.0096,0.0280451574569222
14112,21797.986944,1,59246710.1056,0.0198342450877948
14113,21798.006944,2,59246729.9968,0.0280513041162128
14114,21798.026944,1,59246749.9776,0.0198004384616961
14115,21798.046944,2,59246769.984,0.0279181264982482
14116,21798.066944,1,59246790.0416,0.0198311717581494
14117,21798.086944,2,59246809.9968,0.0277552400270453
14118,21798.106944,1,59246830.0672,0.0198137562234925
14119,21798.126944,2,59246850.048,0.0278126088470916
14120,21798.146944,1,59246870.0672,0.0198004384616961
14121,21798.166944,2,59246890.0992,0.0278085110742312
14122,21798.186944,1,59246910.0544,0.0198332206445797
14123,21798.206944,2,59246930.0992,0.0277572889134755
14124,21798.226944,1,59246950.1184,0.0198332206445797
14125,21798.246944,2,59246970.0224,0.0278054377445858
14126,21798.266944,1,59246990.0288,0.0197533140738009
14127,21798.286944,2,59247010.0864,0.0278013399717254
14128,21798.306944,1,59247030.0928,0.019845513963161
14129,21798.326944,2,59247050.0224,0.0276292335115864
14130,21798.346944,1,59247070.0288,0.0198076095642019
14131,21798.366944,2,59247090.0224,0.0276784067859119
14132,21798.386944,1,59247110.08,0.0198373184174401
14133,21798.406944,2,59247130.112,0.0275124469850636
14134,21798.426944,1,59247150.1184,0.019817853996353
14135,21798.446944,2,59247170.0352,0.0275011781096974
14136,21798.466944,1,59247190.2336,0.0198526850656668
14137,21798.486944,2,59247210.048,0.0275810846804762
14138,21798.506944,1,59247230.2848,0.0198701006003237
14139,21798.526944,2,59247250.1248,0.0275134714282787
14140,21798.546944,1,59247270.1312,0.0197809740406089
14141,21798.566944,2,59247290.0736,0.0275636691458192
14142,21798.586944,1,59247310.0544,0.019817853996353
14143,21798.606944,2,59247330.0864,0.0275687913618948
14144,21798.626944,1,59247350.144,0.0197912184727601
14145,21798.646944,2,59247370.0736,0.0277050423095048
14146,21798.666944,1,59247390.1312,0.0198117073370623
14147,21798.686944,2,59247410.112,0.0276937734341385
14148,21798.706944,1,59247430.1696,0.0197860962566845
14149,21798.726944,2,59247450.0736,0.0276292335115864
14150,21798.746944,1,59247470.0672,0.0197502407441556
14151,21798.766944,2,59247490.112,0.0277050423095048
14152,21798.786944,1,59247510.1056,0.0197983895752658
14153,21798.806944,2,59247530.1248,0.0277050423095048
14154,21798.826944,1,59247550.1312,0.0197840473702543
14155,21798.846944,2,59247570.0992,0.0276548445919643
14156,21798.866944,1,59247590.4512,0.0198332206445797
14157,21798.886944,2,59247610.0864,0.027524740303645
14158,21798.906944,1,59247630.208,0.0198147806667076
14159,21798.926944,2,59247650.112,0.02747966480218
14160,21798.946944,1,59247670.144,0.0198793205892597
14161,21798.966944,2,59247690.1376,0.0274642981539533
14162,21798.986944,1,59247710.1184,0.0198506361792366
14163,21799.006944,2,59247730.2784,0.0274827381318254
14164,21799.026944,1,59247750.144,0.0198260495420739
14165,21799.046944,2,59247770.1248,0.0275063003257729
14166,21799.066944,1,59247790.1568,0.019781998483824
14167,21799.086944,2,59247810.1632,0.0274171737660581
14168,21799.106944,1,59247830.336,0.0197676562788125
14169,21799.126944,2,59247850.2528,0.0273393160817096
14170,21799.146944,1,59247870.4384,0.0198629294978179
14171,21799.166944,2,59247890.2016,0.0274489315057266
14172,21799.186944,1,59247910.1312,0.0198434650767308
14173,21799.206944,2,59247930.2016,0.0274868359046858
14174,21799.226944,1,59247950.2336,0.0199202983178642
14175,21799.246944,2,59247970.1376,0.0275370336222263
14176,21799.266944,1,59247990.1696,0.0199039072264224
14177,21799.286944,2,59248010.176,0.0275298625197205
14178,21799.306944,1,59248030.3616,0.0199243960907247
14179,21799.326944,2,59248050.2784,0.0276046468744237
14180,21799.346944,1,59248070.1952,0.0198782961460446
14181,21799.366944,2,59248090.2272,0.0276230868522958
14182,21799.386944,1,59248110.1952,0.0198250250988588
14183,21799.406944,2,59248130.2272,0.0277193845145164
14184,21799.426944,1,59248150.2464,0.0199172249882189
14185,21799.446944,2,59248170.2784,0.027688651218063
14186,21799.466944,1,59248190.1952,0.0199254205339398
14187,21799.486944,2,59248210.2144,0.027716311184871
14188,21799.506944,1,59248230.1824,0.0198578072817424
14189,21799.526944,2,59248250.176,0.0277675333456267
14190,21799.546944,1,59248270.208,0.0198834183621202
14191,21799.566944,2,59248290.24,0.0277224578441617
14192,21799.586944,1,59248310.2208,0.0198240006556437
14193,21799.606944,2,59248330.2272,0.027834122154609
14194,21799.626944,1,59248350.1824,0.0198526850656668
14195,21799.646944,2,59248370.24,0.0278033888581556
14196,21799.666944,1,59248390.4384,0.019845513963161
14197,21799.686944,2,59248410.2272,0.0277347511627431
14198,21799.706944,1,59248430.1696,0.0198403917470855
14199,21799.726944,2,59248450.24,0.027716311184871
14200,21799.746944,1,59248470.2976,0.0197912184727601
14201,21799.766944,2,59248490.2656,0.0276210379658656
14202,21799.786944,1,59248510.2464,0.0198127317802774
14203,21799.806944,2,59248530.2144,0.0275308869629356
14204,21799.826944,1,59248550.2464,0.0197912184727601
14205,21799.846944,2,59248570.496,0.0275278136332903
14206,21799.866944,1,59248590.2336,0.0198444895199459
14207,21799.886944,2,59248610.2272,0.027452004835372
14208,21799.906944,1,59248630.3232,0.0198332206445797
14209,21799.926944,2,59248650.2912,0.0275585469297437
14210,21799.946944,1,59248670.2208,0.0198844428053353
14211,21799.966944,2,59248690.2016,0.0275903046694122
14212,21799.986944,1,59248710.3616,0.0199151761017887
14213,21800.006944,2,59248730.2912,0.0276292335115864
14214,21800.026944,1,59248750.2592,0.0198619050546028
14215,21800.046944,2,59248770.3936,0.0276671379105456
14216,21800.066944,1,59248790.272,0.0198741983731842
14217,21800.086944,2,59248810.2912,0.0277992910852951
14218,21800.106944,1,59248830.3616,0.0198199028827832
14219,21800.126944,2,59248850.3552,0.0277931444260045
14220,21800.146944,1,59248870.272,0.0198793205892597
14221,21800.166944,2,59248890.3424,0.0278289999385334
14222,21800.186944,1,59248910.2592,0.0197901940295449
14223,21800.206944,2,59248930.3168,0.0279949597393816
14224,21800.226944,1,59248950.3104,0.0197850718134694
14225,21800.246944,2,59248970.3168,0.0279089065093122
14226,21800.266944,1,59248990.3104,0.0198076095642019
14227,21800.286944,2,59249010.2656,0.0279201753846784
14228,21800.306944,1,59249030.3616,0.0199100538857131
14229,21800.326944,2,59249050.3424,0.0280226197061897
14230,21800.346944,1,59249070.2592,0.0198516606224517
14231,21800.366944,2,59249090.2656,0.0280769151965907
14232,21800.386944,1,59249110.2976,0.0198690761571086
14233,21800.406944,2,59249130.3296,0.0280041797283177
14234,21800.426944,1,59249150.272,0.0197666318355974
14235,21800.446944,2,59249170.2912,0.0279826664208003
14236,21800.466944,1,59249190.3616,0.0198229762124285
14237,21800.486944,2,59249210.2784,0.0279181264982482
14238,21800.506944,1,59249230.3488,0.019899809453562
14239,21800.526944,2,59249250.2912,0.0281025262769685
14240,21800.546944,1,59249270.3104,0.0198127317802774
14241,21800.566944,2,59249290.3424,0.0283156104657119
14242,21800.586944,1,59249310.2592,0.0199110783289282
14243,21800.606944,2,59249330.3552,0.0282777060667527
14244,21800.626944,1,59249350.4256,0.0198608806113877
14245,21800.646944,2,59249370.3936,0.0282459483270842
14246,21800.666944,1,59249390.3616,0.0198240006556437
14247,21800.686944,2,59249410.368,0.0281465773352183
14248,21800.706944,1,59249430.4768,0.0198014629049112
14249,21800.726944,2,59249450.368,0.0279652508861434
14250,21800.746944,1,59249470.3744,0.019872149486754
14251,21800.766944,2,59249490.3424,0.0280082775011781
14252,21800.786944,1,59249510.3488,0.019854733952097
14253,21800.806944,2,59249530.3168,0.0280359374679861
14254,21800.826944,1,59249550.3104,0.0198014629049112
14255,21800.846944,2,59249570.3808,0.0281055996066138
14256,21800.866944,1,59249590.3872,0.0198158051099228
14257,21800.886944,2,59249610.368,0.0281394062327125
14258,21800.906944,1,59249630.3872,0.0198373184174401
14259,21800.926944,2,59249650.368,0.0281476017784334
14260,21800.946944,1,59249670.3616,0.0198526850656668
14261,21800.966944,2,59249690.3552,0.0282541438728051
14262,21800.986944,1,59249710.3744,0.019827073985289
14263,21801.006944,2,59249730.4448,0.028243899440654
14264,21801.026944,1,59249750.4128,0.0197860962566845
14265,21801.046944,2,59249770.4448,0.0281496506648636
14266,21801.066944,1,59249790.4,0.0197656073923822
14267,21801.086944,2,59249810.368,0.0280410596840617
14268,21801.106944,1,59249830.4128,0.0197574118466613
14269,21801.126944,2,59249850.4448,0.0280656463212244
14270,21801.146944,1,59249870.3616,0.0197973651320507
14271,21801.166944,2,59249890.432,0.0278464154731903
14272,21801.186944,1,59249910.3616,0.0197686807220276
14273,21801.206944,2,59249930.3296,0.0278494888028357
14274,21801.226944,1,59249950.4128,0.0197645829491671
14275,21801.246944,2,59249970.3808,0.0277286045034524
14276,21801.266944,1,59249990.464,0.0198127317802774
14277,21801.286944,2,59250010.5344,0.0275698158051099
14278,21801.306944,1,59250030.3744,0.0198608806113877
14279,21801.326944,2,59250050.3808,0.0274919581207614
14280,21801.346944,1,59250070.5152,0.0197953162456205
14281,21801.366944,2,59250090.4064,0.0275841580101215
14282,21801.386944,1,59250110.4128,0.0198291228717192
14283,21801.406944,2,59250130.4448,0.0274735181428893
14284,21801.426944,1,59250150.3872,0.0198209273259983
14285,21801.446944,2,59250170.432,0.027533960292581
14286,21801.466944,1,59250190.3872,0.0198444895199459
14287,21801.486944,2,59250210.4448,0.027515520314709
14288,21801.506944,1,59250230.4384,0.0198711250435388
14289,21801.526944,2,59250250.4576,0.0276200135226504
14290,21801.546944,1,59250270.4256,0.0198619050546028
14291,21801.566944,2,59250290.4832,0.0275554736000983
14292,21801.586944,1,59250310.3872,0.0199059561128527
14293,21801.606944,2,59250330.4064,0.0276333312844469
14294,21801.626944,1,59250350.528,0.0198741983731842
14295,21801.646944,2,59250370.4576,0.0276282090683713
14296,21801.666944,1,59250390.4512,0.0198373184174401
14297,21801.686944,2,59250410.5088,0.0277296289466675
14298,21801.706944,1,59250430.4256,0.0198639539410331
14299,21801.726944,2,59250450.4448,0.0278669043374926
14300,21801.746944,1,59250470.4256,0.0198434650767308
14301,21801.766944,2,59250490.496,0.027916077611818
14302,21801.786944,1,59250510.4512,0.0198393673038703
14303,21801.806944,2,59250530.4448,0.0279754953182945
14304,21801.826944,1,59250550.4512,0.0198916139078411
14305,21801.846944,2,59250570.4576,0.0279089065093122
14306,21801.866944,1,59250590.4256,0.0198598561681726
14307,21801.886944,2,59250610.6752,0.0277275800602373
14308,21801.906944,1,59250630.4512,0.019890589464626
14309,21801.926944,2,59250650.5216,0.0276179646362202
14310,21801.946944,1,59250670.5024,0.0198844428053353
14311,21801.966944,2,59250690.5088,0.0274991292232672
14312,21801.986944,1,59250710.5152,0.0198926383510562
14313,21802.006944,2,59250730.5344,0.0274602003810929
14314,21802.026944,1,59250750.4512,0.0198137562234925
14315,21802.046944,2,59250770.56,0.0274663470403836
14316,21802.066944,1,59250790.4512,0.019890589464626
14317,21802.086944,2,59250810.4576,0.0275564980433135
14318,21802.106944,1,59250830.5024,0.0198752228163993
14319,21802.126944,2,59250850.5344,0.0275585469297437
14320,21802.146944,1,59250870.4896,0.0198926383510562
14321,21802.166944,2,59250890.5088,0.0275657180322495
14322,21802.186944,1,59250910.5152,0.0198834183621202
14323,21802.206944,2,59250930.496,0.0276456246030283
14324,21802.226944,1,59250950.5408,0.0198475628495912
14325,21802.246944,2,59250970.5088,0.0276661134673305
14326,21802.266944,1,59250990.5536,0.0198516606224517
14327,21802.286944,2,59251010.5216,0.0276722601266212
14328,21802.306944,1,59251030.4768,0.0197881451431147
14329,21802.326944,2,59251050.56,0.0276466490462434
14330,21802.346944,1,59251070.5792,0.0198465384063761
14331,21802.366944,2,59251090.4832,0.0276548445919643
14332,21802.386944,1,59251110.5408,0.019808634007417
14333,21802.406944,2,59251130.5216,0.027552400270453
14334,21802.426944,1,59251150.5664,0.0198373184174401
14335,21802.446944,2,59251170.56,0.0276148913065749
14336,21802.466944,1,59251190.592,0.0198321962013646
14337,21802.486944,2,59251210.5472,0.0275298625197205
14338,21802.506944,1,59251230.5536,0.0197799495973938
14339,21802.526944,2,59251250.56,0.027397709344971
14340,21802.546944,1,59251270.6176,0.0198076095642019
14341,21802.566944,2,59251290.56,0.0273772204806688
14342,21802.586944,1,59251310.528,0.0198045362345565
14343,21802.606944,2,59251330.5216,0.0272891183641691
14344,21802.626944,1,59251350.528,0.0198280984285041
14345,21802.646944,2,59251370.5344,0.0273116561149016
14346,21802.666944,1,59251390.5792,0.0197768762677485
14347,21802.686944,2,59251410.5216,0.0273413649681398
14348,21802.706944,1,59251430.5536,0.0198526850656668
14349,21802.726944,2,59251450.5856,0.027215358452681
14350,21802.746944,1,59251470.592,0.0198670272706784
14351,21802.766944,2,59251490.624,0.0272604339541459
14352,21802.786944,1,59251510.592,0.0197901940295449
14353,21802.806944,2,59251530.56,0.0273290716495585
14354,21802.826944,1,59251550.6048,0.0198403917470855
14355,21802.846944,2,59251570.5984,0.02729731390989
14356,21802.866944,1,59251590.5792,0.0198506361792366
14357,21802.886944,2,59251610.624,0.027288093920954
14358,21802.906944,1,59251630.5792,0.0198403917470855
14359,21802.926944,2,59251650.5728,0.0272317495441228
14360,21802.946944,1,59251670.6432,0.0197830229270392
14361,21802.966944,2,59251690.624,0.0272440428627041
14362,21802.986944,1,59251710.6304,0.0198168295531379
14363,21803.006944,2,59251730.5984,0.0271713073944311
14364,21803.026944,1,59251750.6048,0.019827073985289
14365,21803.046944,2,59251770.6624,0.0272112606798205
14366,21803.066944,1,59251790.6048,0.0198301473149343
14367,21803.086944,2,59251810.5984,0.0272727272727273
14368,21803.106944,1,59251830.592,0.0198844428053353
14369,21803.126944,2,59251850.624,0.0272378962034134
14370,21803.146944,1,59251870.6816,0.0198936627942713
14371,21803.166944,2,59251890.6368,0.0272297006576925
14372,21803.186944,1,59251910.592,0.0198660028274633
14373,21803.206944,2,59251930.624,0.0271733562808614
14374,21803.226944,1,59251950.6432,0.0199049316696376
14375,21803.246944,2,59251970.5984,0.0274192226524884
14376,21803.266944,1,59251990.6944,0.0198916139078411
14377,21803.286944,2,59252010.88,0.0273669760485176
14378,21803.306944,1,59252030.6432,0.0198414161903006
14379,21803.326944,2,59252050.6752,0.0273024361259655
14380,21803.346944,1,59252070.6432,0.0197881451431147
14381,21803.366944,2,59252090.6368,0.0274397115167906
14382,21803.386944,1,59252110.6048,0.0198557583953122
14383,21803.406944,2,59252130.6624,0.0276087446472842
14384,21803.426944,1,59252150.6176,0.0198168295531379
14385,21803.446944,2,59252170.6752,0.0276671379105456
14386,21803.466944,1,59252190.6304,0.0198301473149343
14387,21803.486944,2,59252210.624,0.0275903046694122
14388,21803.506944,1,59252230.6688,0.0198485872928064
14389,21803.526944,2,59252250.6752,0.0276558690351794
14390,21803.546944,1,59252270.7456,0.019845513963161
14391,21803.566944,2,59252290.6496,0.0275442047247321
14392,21803.586944,1,59252310.656,0.0198588317249575
14393,21803.606944,2,59252330.7008,0.0274540537218022
14394,21803.626944,1,59252350.6688,0.0198014629049112
14395,21803.646944,2,59252370.6368,0.0275831335669064
14396,21803.666944,1,59252390.6688,0.019827073985289
14397,21803.686944,2,59252410.8416,0.027843342143545
14398,21803.706944,1,59252430.6816,0.0197574118466613
14399,21803.726944,2,59252450.6624,0.0280287663654804
14400,21803.746944,1,59252470.7072,0.019763558505952
14401,21803.766944,2,59252490.6624,0.0279765197615096
14402,21803.786944,1,59252510.6816,0.0198219517692134
14403,21803.806944,2,59252530.7008,0.0280154486036839
14404,21803.826944,1,59252550.7584,0.019799414018481
14405,21803.846944,2,59252570.7008,0.0280287663654804
14406,21803.866944,1,59252590.6944,0.0198465384063761
14407,21803.886944,2,59252610.7008,0.0280000819554572
14408,21803.906944,1,59252630.7072,0.0198567828385273
14409,21803.926944,2,59252650.7264,0.0279242731575389
14410,21803.946944,1,59252670.784,0.0197799495973938
14411,21803.966944,2,59252690.7648,0.0278259266088881
14412,21803.986944,1,59252710.6816,0.0198014629049112
14413,21804.006944,2,59252730.7136,0.0277224578441617
14414,21804.026944,1,59252750.72,0.0198188784395681
14415,21804.046944,2,59252770.7008,0.027597475771918
14416,21804.066944,1,59252790.6944,0.019817853996353
14417,21804.086944,2,59252810.7264,0.0275749380211855
14418,21804.106944,1,59252830.7072,0.0198393673038703
14419,21804.126944,2,59252850.7264,0.0274735181428893
14420,21804.146944,1,59252870.72,0.0198158051099228
14421,21804.166944,2,59252890.7776,0.027388489356035
14422,21804.186944,1,59252910.7328,0.0198280984285041
14423,21804.206944,2,59252930.7136,0.0273618538324421
14424,21804.226944,1,59252950.7072,0.01988136947569
14425,21804.246944,2,59252970.7136,0.0273966849017559
14426,21804.266944,1,59252990.6944,0.0198741983731842
14427,21804.286944,2,59253010.7264,0.0274079537771221
14428,21804.306944,1,59253030.784,0.0197983895752658
14429,21804.326944,2,59253050.7136,0.0273505849570758
14430,21804.346944,1,59253070.8224,0.019899809453562
14431,21804.366944,2,59253090.7648,0.0273137050013318
14432,21804.386944,1,59253110.7584,0.0198291228717192
14433,21804.406944,2,59253130.8928,0.0272911672505993
14434,21804.426944,1,59253150.784,0.0198209273259983
14435,21804.446944,2,59253170.8288,0.0271805273833671
14436,21804.466944,1,59253190.7968,0.0198946872374864
14437,21804.486944,2,59253210.7904,0.0271989673612392
14438,21804.506944,1,59253230.8352,0.019799414018481
14439,21804.526944,2,59253250.8416,0.0272071629069601
14440,21804.546944,1,59253270.784,0.0198065851209867
14441,21804.566944,2,59253290.7392,0.0270821808347163
14442,21804.586944,1,59253310.7968,0.0198670272706784
14443,21804.606944,2,59253330.8544,0.0270914008236523
14444,21804.626944,1,59253350.8096,0.0198352695310099
14445,21804.646944,2,59253370.7776,0.0271303296658266
14446,21804.666944,1,59253390.8224,0.0198250250988588
14447,21804.686944,2,59253410.816,0.0270934497100826
14448,21804.706944,1,59253430.8864,0.0198158051099228
14449,21804.726944,2,59253450.8288,0.0271938451451636
14450,21804.746944,1,59253470.8096,0.0198045362345565
14451,21804.766944,2,59253490.9056,0.0272081873501752
14452,21804.786944,1,59253510.8096,0.0198526850656668
14453,21804.806944,2,59253530.8672,0.0272819472616633
14454,21804.826944,1,59253550.9248,0.0198424406335157
14455,21804.846944,2,59253570.8928,0.027270678386297
14456,21804.866944,1,59253590.7712,0.0197553629602311
14457,21804.886944,2,59253610.8928,0.0273280472063434
14458,21804.906944,1,59253630.7968,0.0198250250988588
14459,21804.926944,2,59253650.9312,0.0272717028295122
14460,21804.946944,1,59253670.8224,0.0197973651320507
14461,21804.966944,2,59253690.8544,0.0271713073944311
14462,21804.986944,1,59253710.8992,0.0198557583953122
14463,21805.006944,2,59253730.8672,0.0271436474276231
14464,21805.026944,1,59253750.848,0.0197410207552195
14465,21805.046944,2,59253770.8672,0.0271641362919253
14466,21805.066944,1,59253790.8352,0.0198045362345565
14467,21805.086944,2,59253810.816,0.027270678386297
14468,21805.106944,1,59253830.8224,0.0198291228717192
14469,21805.126944,2,59253850.8416,0.0273680004917327
14470,21805.146944,1,59253870.8608,0.019817853996353
14471,21805.166944,2,59253890.8672,0.0274151248796279
14472,21805.186944,1,59253910.9248,0.0198772717028295
14473,21805.206944,2,59253930.8928,0.0274192226524884
14474,21805.226944,1,59253950.8736,0.019872149486754
14475,21805.246944,2,59253970.88,0.0272850205913086
14476,21805.266944,1,59253990.8864,0.0198639539410331
14477,21805.286944,2,59254010.8672,0.0273044850123958
14478,21805.306944,1,59254030.8992,0.0198690761571086
14479,21805.326944,2,59254050.8928,0.0273055094556109
14480,21805.346944,1,59254070.8992,0.0198752228163993
14481,21805.366944,2,59254090.8416,0.0272819472616633
14482,21805.386944,1,59254111.0656,0.0198782961460446
14483,21805.406944,2,59254130.9056,0.0272768250455877
14484,21805.426944,1,59254150.8992,0.0199018583399922
14485,21805.446944,2,59254171.008,0.0273423894113549
14486,21805.466944,1,59254190.8864,0.0198485872928064
14487,21805.486944,2,59254210.9568,0.027224578441617
14488,21805.506944,1,59254230.8992,0.0199653738193292
14489,21805.526944,2,59254250.8544,0.0272604339541459
14490,21805.546944,1,59254270.8608,0.0198393673038703
14491,21805.566944,2,59254290.9056,0.0272635072837913
14492,21805.586944,1,59254310.8736,0.019909029442498
14493,21805.606944,2,59254330.88,0.0273966849017559
14494,21805.626944,1,59254350.8864,0.0198670272706784
14495,21805.646944,2,59254370.8672,0.0274509803921569
14496,21805.666944,1,59254390.8992,0.0199356649660909
14497,21805.686944,2,59254410.8672,0.027416149322843
14498,21805.706944,1,59254430.8608,0.0198772717028295
14499,21805.726944,2,59254450.9184,0.0274304915278546
14500,21805.746944,1,59254470.9248,0.0198793205892597
14501,21805.766944,2,59254490.8928,0.0273864404696048
14502,21805.786944,1,59254510.8992,0.0198660028274633
14503,21805.806944,2,59254530.9056,0.0274673714835987
14504,21805.826944,1,59254550.976,0.0198711250435388
14505,21805.846944,2,59254570.944,0.0274059048906919
14506,21805.866944,1,59254590.8608,0.0198946872374864
14507,21805.886944,2,59254610.944,0.0273003872395353
14508,21805.906944,1,59254630.9504,0.0198864916917655
14509,21805.926944,2,59254650.9184,0.0273772204806688
14510,21805.946944,1,59254670.9504,0.019817853996353
14511,21805.966944,2,59254690.8928,0.0273639027188723
14512,21805.986944,1,59254710.9632,0.0198147806667076
14513,21806.006944,2,59254730.9056,0.0273352183088491
14514,21806.026944,1,59254750.9376,0.0198588317249575
14515,21806.046944,2,59254770.9568,0.0272542872948552
14516,21806.066944,1,59254790.9248,0.0198670272706784
14517,21806.086944,2,59254810.9184,0.027206138463745
14518,21806.106944,1,59254830.8992,0.0198229762124285
14519,21806.126944,2,59254850.9184,0.0271528674165591
14520,21806.146944,1,59254870.9248,0.0198588317249575
14521,21806.166944,2,59254890.944,0.0273178027741922
14522,21806.186944,1,59254910.8992,0.0199223472042945
14523,21806.206944,2,59254930.9312,0.0273362427520643
14524,21806.226944,1,59254950.9376,0.019918249431434
14525,21806.246944,2,59254971.0208,0.0273987337881861
14526,21806.266944,1,59254990.9632,0.0198977605671318
14527,21806.286944,2,59255010.9696,0.0275175692011392
14528,21806.306944,1,59255030.9632,0.0198875161349806
14529,21806.326944,2,59255050.9952,0.0276230868522958
14530,21806.346944,1,59255070.9888,0.0198629294978179
14531,21806.366944,2,59255090.9824,0.0276353801708771
14532,21806.386944,1,59255111.04,0.0198045362345565
14533,21806.406944,2,59255130.9824,0.0276292335115864
14534,21806.426944,1,59255150.976,0.0198629294978179
14535,21806.446944,2,59255170.9696,0.0278187555063823
14536,21806.466944,1,59255190.9504,0.0197686807220276
14537,21806.486944,2,59255210.9824,0.0282008728256193
14538,21806.506944,1,59255231.0016,0.0198762472596144
14539,21806.526944,2,59255250.9824,0.02884422316471
14540,21806.546944,1,59255270.976,0.019827073985289
14541,21806.566944,2,59255291.008,0.0291341405945868
14542,21806.586944,1,59255311.0144,0.0198434650767308
14543,21806.606944,2,59255331.008,0.0293482492265454
14544,21806.626944,1,59255351.0144,0.0197625340627369
14545,21806.646944,2,59255370.9952,0.0292867826336386
14546,21806.666944,1,59255391.04,0.0198444895199459
14547,21806.686944,2,59255411.008,0.0293595181019116
14548,21806.706944,1,59255431.168,0.0197707296084578
14549,21806.726944,2,59255451.0336,0.0292970270657897
14550,21806.746944,1,59255471.04,0.019781998483824
14551,21806.766944,2,59255490.9952,0.0291730694367611
14552,21806.786944,1,59255511.0528,0.0198106828938472
14553,21806.806944,2,59255531.072,0.0294045936033766
14554,21806.826944,1,59255551.0656,0.0198127317802774
14555,21806.846944,2,59255571.0208,0.0293963980576557
14556,21806.866944,1,59255590.9888,0.0197338496527138
14557,21806.886944,2,59255611.1104,0.0294035691601615
14558,21806.906944,1,59255631.0784,0.0198280984285041
14559,21806.926944,2,59255651.0464,0.0293892269551499
14560,21806.946944,1,59255671.0528,0.0197604851763067
14561,21806.966944,2,59255691.0464,0.029317515930092
14562,21806.986944,1,59255711.1424,0.0198024873481263
14563,21807.006944,2,59255731.0336,0.0292826848607782
14564,21807.026944,1,59255751.04,0.0197850718134694
14565,21807.046944,2,59255771.0336,0.02916282500461
14566,21807.066944,1,59255791.1168,0.0198260495420739
14567,21807.086944,2,59255811.0336,0.0291116028438544
14568,21807.106944,1,59255831.0784,0.019735898539144
14569,21807.126944,2,59255851.0848,0.0289497408158666
14570,21807.146944,1,59255871.0784,0.0197850718134694
14571,21807.166944,2,59255891.2,0.0288247587436228
14572,21807.186944,1,59255911.0784,0.0198291228717192
14573,21807.206944,2,59255931.072,0.0290030118630524
14574,21807.226944,1,59255951.0784,0.0197973651320507
14575,21807.246944,2,59255971.1744,0.0290214518409245
14576,21807.266944,1,59255991.0528,0.0198045362345565
14577,21807.286944,2,59256011.0976,0.028907738644047
14578,21807.306944,1,59256031.0784,0.0197758518245334
14579,21807.326944,2,59256051.0848,0.0289149097465527
14580,21807.346944,1,59256071.0656,0.0197420451984347
14581,21807.366944,2,59256091.0848,0.0288268076300531
14582,21807.386944,1,59256111.0784,0.0197840473702543
14583,21807.406944,2,59256131.0976,0.0286372856352572
14584,21807.426944,1,59256151.0912,0.0198035117913414
14585,21807.446944,2,59256171.0848,0.0284508369701067
14586,21807.466944,1,59256191.0528,0.0197533140738009
14587,21807.486944,2,59256211.0848,0.0284405925379556
14588,21807.506944,1,59256231.0912,0.0197748273813183
14589,21807.526944,2,59256251.136,0.0285665990534145
14590,21807.546944,1,59256271.1168,0.0197369229823591
14591,21807.566944,2,59256291.0976,0.028553281291618
14592,21807.586944,1,59256311.104,0.019827073985289
14593,21807.606944,2,59256331.3152,0.0286680189317106
14594,21807.626944,1,59256351.104,0.019817853996353
14595,21807.646944,2,59256371.0848,0.0285747945991354
14596,21807.666944,1,59256391.1296,0.0197666318355974
14597,21807.686944,2,59256411.0976,0.0285153768926588
14598,21807.706944,1,59256431.1168,0.0197522896305858
14599,21807.726944,2,59256451.0976,0.0284784969369148
14600,21807.746944,1,59256471.0912,0.0198506361792366
14601,21807.766944,2,59256491.1488,0.0287130944331756
14602,21807.786944,1,59256511.1168,0.0197758518245334
14603,21807.806944,2,59256531.1488,0.0288401253918495
14604,21807.826944,1,59256551.1424,0.0198260495420739
14605,21807.846944,2,59256571.1488,0.028616796770955
14606,21807.866944,1,59256591.1168,0.0198076095642019
14607,21807.886944,2,59256611.1232,0.0286311389759666
14608,21807.906944,1,59256631.1424,0.0197307763230684
14609,21807.926944,2,59256651.1232,0.0288606142561518
14610,21807.946944,1,59256671.168,0.019754338517016
14611,21807.966944,2,59256691.1488,0.0291915094146331
14612,21807.986944,1,59256711.1296,0.0197789251541787
14613,21808.006944,2,59256731.2128,0.0292181449382261
14614,21808.026944,1,59256751.168,0.0197553629602311
14615,21808.046944,2,59256771.1872,0.0291915094146331
14616,21808.066944,1,59256791.1936,0.0197461429712951
14617,21808.086944,2,59256811.136,0.0291730694367611
14618,21808.106944,1,59256831.1808,0.0197973651320507
14619,21808.126944,2,59256851.1488,0.0290470629213023
14620,21808.146944,1,59256871.1552,0.0197512651873707
14621,21808.166944,2,59256891.2512,0.0289200319626283
14622,21808.186944,1,59256911.2064,0.0197563874034462
14623,21808.206944,2,59256931.264,0.0286649456020653
14624,21808.226944,1,59256951.1936,0.0197522896305858
14625,21808.246944,2,59256971.264,0.0287930010039544
14626,21808.266944,1,59256991.1552,0.0197020919130453
14627,21808.286944,2,59257011.2256,0.0287223144221116
14628,21808.306944,1,59257031.1808,0.0197010674698301
14629,21808.326944,2,59257051.2128,0.0285635257237691
14630,21808.346944,1,59257071.2064,0.0197973651320507
14631,21808.366944,2,59257091.1872,0.0285860634745016
14632,21808.386944,1,59257111.2192,0.0197953162456205
14633,21808.406944,2,59257131.2512,0.0285461101891122
14634,21808.426944,1,59257151.168,0.0197399963120044
14635,21808.446944,2,59257171.2256,0.028562501280554
14636,21808.466944,1,59257191.232,0.0197748273813183
14637,21808.486944,2,59257211.2768,0.0288862253365296
14638,21808.506944,1,59257231.2704,0.0197164341180568
14639,21808.526944,2,59257251.2256,0.0290644784559592
14640,21808.546944,1,59257271.2704,0.0197983895752658
14641,21808.566944,2,59257291.3024,0.0293513225561907
14642,21808.586944,1,59257311.2064,0.0196785297190977
14643,21808.606944,2,59257331.264,0.0293687380908476
14644,21808.626944,1,59257351.2576,0.0198280984285041
14645,21808.646944,2,59257371.2512,0.0294988423791669
14646,21808.666944,1,59257391.2576,0.0197717540516729
14647,21808.686944,2,59257411.2256,0.0298399819697994
14648,21808.706944,1,59257431.424,0.019763558505952
14649,21808.726944,2,59257451.2512,0.0298522752883808
14650,21808.746944,1,59257471.2576,0.0197113119019813
14651,21808.766944,2,59257491.2384,0.0299803306902698
14652,21808.786944,1,59257511.2448,0.0197318007662835
14653,21808.806944,2,59257531.3024,0.0298307619808634
14654,21808.826944,1,59257551.3344,0.0197389718687893
14655,21808.846944,2,59257571.2896,0.0296924621468232
14656,21808.866944,1,59257591.2576,0.0197932673591903
14657,21808.886944,2,59257611.264,0.0297283176593521
14658,21808.906944,1,59257631.4752,0.0197840473702543
14659,21808.926944,2,59257651.2384,0.0297068043518348
14660,21808.946944,1,59257671.296,0.0198240006556437
14661,21808.966944,2,59257691.2768,0.0297068043518348
14662,21808.986944,1,59257711.2704,0.0198014629049112
14663,21809.006944,2,59257731.3152,0.0295131845841785
14664,21809.026944,1,59257751.3088,0.0198332206445797
14665,21809.046944,2,59257771.2896,0.0294988423791669
14666,21809.066944,1,59257791.3344,0.0198649783842482
14667,21809.086944,2,59257811.3664,0.0295019157088123
14668,21809.106944,1,59257831.2832,0.0197983895752658
14669,21809.126944,2,59257851.3664,0.0291761427664065
14670,21809.146944,1,59257871.2704,0.0198393673038703
14671,21809.166944,2,59257891.3024,0.0289374474972852
14672,21809.186944,1,59257911.2832,0.0198496117360215
14673,21809.206944,2,59257931.2896,0.0288759809043785
14674,21809.226944,1,59257951.3088,0.0198444895199459
14675,21809.246944,2,59257971.2768,0.0288380765054193
14676,21809.266944,1,59257991.3344,0.0198403917470855
14677,21809.286944,2,59258011.3664,0.0287735365828672
14678,21809.306944,1,59258031.3856,0.0197594607330916
14679,21809.326944,2,59258051.328,0.028780707685373
14680,21809.346944,1,59258071.3472,0.0197881451431147
14681,21809.366944,2,59258091.3408,0.0286731411477862
14682,21809.386944,1,59258111.3984,0.0198301473149343
14683,21809.406944,2,59258131.3152,0.028516401335874
14684,21809.426944,1,59258151.4496,0.0198701006003237
14685,21809.446944,2,59258171.3408,0.0284733747208392
14686,21809.466944,1,59258191.3472,0.0197983895752658
14687,21809.486944,2,59258211.4176,0.028271559407462
14688,21809.506944,1,59258231.3472,0.0198014629049112
14689,21809.526944,2,59258251.3152,0.0281670661995206
14690,21809.546944,1,59258271.3728,0.0198752228163993
14691,21809.566944,2,59258291.3536,0.0280461819001373
14692,21809.586944,1,59258311.3344,0.0198485872928064
14693,21809.606944,2,59258331.3536,0.0279642264429283
14694,21809.626944,1,59258351.3984,0.0198045362345565
14695,21809.646944,2,59258371.3536,0.0278791976560739
14696,21809.666944,1,59258391.4112,0.0198219517692134
14697,21809.686944,2,59258411.3792,0.0278126088470916
14698,21809.706944,1,59258431.4496,0.0197860962566845
14699,21809.726944,2,59258451.3792,0.0277828999938533
14700,21809.746944,1,59258471.4752,0.0198690761571086
14701,21809.766944,2,59258491.3536,0.0276148913065749
14702,21809.786944,1,59258511.4496,0.0198752228163993
14703,21809.806944,2,59258531.392,0.0276118179769295
14704,21809.826944,1,59258551.3984,0.0198280984285041
14705,21809.846944,2,59258571.4176,0.0275257647468601
14706,21809.866944,1,59258591.3856,0.0197922429159752
14707,21809.886944,2,59258611.4432,0.0275360091790112
14708,21809.906944,1,59258631.3856,0.0198506361792366
14709,21809.926944,2,59258651.392,0.0275083492122032
14710,21809.946944,1,59258671.424,0.0198506361792366
14711,21809.966944,2,59258691.392,0.0274663470403836
14712,21809.986944,1,59258711.4752,0.0197768762677485
14713,21810.006944,2,59258731.4048,0.0273936115721106
14714,21810.026944,1,59258751.3856,0.0198475628495912
14715,21810.046944,2,59258771.5072,0.0274745425861045
14716,21810.066944,1,59258791.3984,0.0198567828385273
14717,21810.086944,2,59258811.3792,0.0273516094002909
14718,21810.106944,1,59258831.3984,0.0197850718134694
14719,21810.126944,2,59258851.4304,0.0273680004917327
14720,21810.146944,1,59258871.4112,0.0198127317802774
14721,21810.166944,2,59258891.4432,0.0272839961480935
14722,21810.186944,1,59258911.424,0.0198291228717192
14723,21810.206944,2,59258931.6096,0.0273966849017559
14724,21810.226944,1,59258951.4496,0.0198465384063761
14725,21810.246944,2,59258971.4688,0.0273731227078083
14726,21810.266944,1,59258991.5392,0.0198096584506321
14727,21810.286944,2,59259011.4688,0.0274304915278546
14728,21810.306944,1,59259031.4112,0.0198240006556437
14729,21810.326944,2,59259051.4176,0.0273219005470527
14730,21810.346944,1,59259071.4624,0.0198332206445797
14731,21810.366944,2,59259091.4176,0.0273331694224189
14732,21810.386944,1,59259111.4496,0.0198741983731842
14733,21810.406944,2,59259131.4688,0.0272983383531051
14734,21810.426944,1,59259151.4368,0.0198383428606552
14735,21810.446944,2,59259171.4816,0.0272696539430819
14736,21810.466944,1,59259191.4496,0.0198076095642019
14737,21810.486944,2,59259211.4432,0.0272635072837913
14738,21810.506944,1,59259231.5008,0.0198321962013646
14739,21810.526944,2,59259251.5712,0.0272081873501752
14740,21810.546944,1,59259271.4624,0.0198875161349806
14741,21810.566944,2,59259291.4304,0.0272276517712623
14742,21810.586944,1,59259311.4496,0.0198332206445797
14743,21810.606944,2,59259331.4816,0.0271846251562276
14744,21810.626944,1,59259351.4752,0.0198168295531379
14745,21810.646944,2,59259371.4816,0.0271569651894195
14746,21810.666944,1,59259391.5008,0.0198291228717192
14747,21810.686944,2,59259411.8912,0.0272307251009077
14748,21810.706944,1,59259431.4624,0.0197912184727601
14749,21810.726944,2,59259451.5456,0.0273044850123958
14750,21810.746944,1,59259471.4752,0.0198332206445797
14751,21810.766944,2,59259491.6096,0.0272501895219948
14752,21810.786944,1,59259511.488,0.019772778494888
14753,21810.806944,2,59259531.456,0.0272542872948552
14754,21810.826944,1,59259551.488,0.0198014629049112
14755,21810.846944,2,59259571.4816,0.0273393160817096
14756,21810.866944,1,59259591.488,0.019772778494888
14757,21810.886944,2,59259611.4944,0.0272942405802446
14758,21810.906944,1,59259631.5136,0.0198106828938472
14759,21810.926944,2,59259651.5072,0.0273055094556109
14760,21810.946944,1,59259671.5136,0.019808634007417
14761,21810.966944,2,59259691.4816,0.0272932161370295
14762,21810.986944,1,59259711.4752,0.0198240006556437
14763,21811.006944,2,59259731.5072,0.0273587805027967
14764,21811.026944,1,59259751.488,0.0197912184727601
14765,21811.046944,2,59259771.5456,0.0273843915831745
14766,21811.066944,1,59259791.5264,0.0197789251541787
14767,21811.086944,2,59259811.5072,0.0273997582314012
14768,21811.106944,1,59259831.5264,0.0197830229270392
14769,21811.126944,2,59259851.5328,0.0274141004364128
14770,21811.146944,1,59259871.5008,0.0198229762124285
14771,21811.166944,2,59259891.6224,0.027270678386297
14772,21811.186944,1,59259911.5136,0.0197983895752658
14773,21811.206944,2,59259931.584,0.0273393160817096
14774,21811.226944,1,59259951.5264,0.0198035117913414
14775,21811.246944,2,59259971.5072,0.0274366381871453
14776,21811.266944,1,59259991.5648,0.0198158051099228
14777,21811.286944,2,59260011.5456,0.0275042514393427
14778,21811.306944,1,59260031.552,0.0198137562234925
14779,21811.326944,2,59260051.584,0.0274356137439302
14780,21811.346944,1,59260071.5392,0.0198168295531379
14781,21811.366944,2,59260091.52,0.0274550781650173
14782,21811.386944,1,59260111.5392,0.0197707296084578
14783,21811.406944,2,59260131.5968,0.0274100026635524
14784,21811.426944,1,59260151.5392,0.0198127317802774
14785,21811.446944,2,59260171.5968,0.0273116561149016
14786,21811.466944,1,59260191.5648,0.0197748273813183
14787,21811.486944,2,59260211.5712,0.0273628782756572
14788,21811.506944,1,59260231.6544,0.0198506361792366
14789,21811.526944,2,59260251.5712,0.0273495605138607
14790,21811.546944,1,59260271.6032,0.0198854672485504
14791,21811.566944,2,59260291.5712,0.0273280472063434
14792,21811.586944,1,59260311.552,0.019808634007417
14793,21811.606944,2,59260331.584,0.0272624828405761
14794,21811.626944,1,59260351.5904,0.0198936627942713
14795,21811.646944,2,59260371.5584,0.0271825762697974
14796,21811.666944,1,59260391.5648,0.0198004384616961
14797,21811.686944,2,59260411.5712,0.0271415985411929
14798,21811.706944,1,59260431.5648,0.0198045362345565
14799,21811.726944,2,59260451.6224,0.0271805273833671
14800,21811.746944,1,59260471.5776,0.0198649783842482
14801,21811.766944,2,59260491.6352,0.0272778494888028
14802,21811.786944,1,59260511.616,0.0197942918024054
14803,21811.806944,2,59260531.584,0.027224578441617
14804,21811.826944,1,59260551.6032,0.0199049316696376
14805,21811.846944,2,59260571.8912,0.0272102362366054
14806,21811.866944,1,59260591.6544,0.0198240006556437
14807,21811.886944,2,59260611.5968,0.0271579896326347
14808,21811.906944,1,59260631.6416,0.0198670272706784
14809,21811.926944,2,59260651.6352,0.0271631118487102
14810,21811.946944,1,59260671.616,0.0198127317802774
14811,21811.966944,2,59260692.0448,0.0274561026082324
14812,21811.986944,1,59260711.7184,0.0197973651320507
14813,21812.006944,2,59260731.648,0.0274714692564591
14814,21812.026944,1,59260751.6416,0.0198045362345565
14815,21812.046944,2,59260771.6224,0.0274038560042617
14816,21812.066944,1,59260791.7312,0.0198035117913414
14817,21812.086944,2,59260811.6736,0.0273823426967443
14818,21812.106944,1,59260831.6544,0.0198557583953122
14819,21812.126944,2,59260851.6864,0.0273526338435061
14820,21812.146944,1,59260871.616,0.0198424406335157
14821,21812.166944,2,59260891.6608,0.0273505849570758
14822,21812.186944,1,59260911.6288,0.0198619050546028
14823,21812.206944,2,59260931.6352,0.0272235539984019
14824,21812.226944,1,59260951.6928,0.0197901940295449
14825,21812.246944,2,59260971.648,0.027170282951216
14826,21812.266944,1,59260991.7312,0.0198240006556437
14827,21812.286944,2,59261011.6736,0.0271497940869138
14828,21812.306944,1,59261031.6544,0.0197881451431147
14829,21812.326944,2,59261051.6864,0.0271077919150941
14830,21812.346944,1,59261071.808,0.019817853996353
14831,21812.366944,2,59261091.6736,0.0271077919150941
14832,21812.386944,1,59261111.7184,0.0198127317802774
14833,21812.406944,2,59261131.9808,0.0270473497654025
14834,21812.426944,1,59261151.6544,0.0198567828385273
14835,21812.446944,2,59261171.7248,0.027151842973344
14836,21812.466944,1,59261191.68,0.0197850718134694
14837,21812.486944,2,59261211.6864,0.0271846251562276
14838,21812.506944,1,59261231.6928,0.0197604851763067
14839,21812.526944,2,59261251.6864,0.027142622984408
14840,21812.546944,1,59261271.7184,0.0197840473702543
14841,21812.566944,2,59261291.7632,0.0271293052226115
14842,21812.586944,1,59261311.7056,0.0198485872928064
14843,21812.606944,2,59261331.8272,0.0270914008236523
14844,21812.626944,1,59261351.7184,0.0197625340627369
14845,21812.646944,2,59261371.6864,0.0272020406908845
14846,21812.666944,1,59261391.7312,0.019854733952097
14847,21812.686944,2,59261411.7248,0.0272655561702215
14848,21812.706944,1,59261431.7184,0.0198578072817424
14849,21812.726944,2,59261451.712,0.0271211096768906
14850,21812.746944,1,59261471.68,0.0198291228717192
14851,21812.766944,2,59261491.6992,0.0271098408015244
14852,21812.786944,1,59261511.744,0.0198004384616961
14853,21812.806944,2,59261531.7248,0.0269172454770832
14854,21812.826944,1,59261551.7568,0.0198496117360215
14855,21812.846944,2,59261571.7376,0.0268322166902289
14856,21812.866944,1,59261591.7824,0.0198619050546028
14857,21812.886944,2,59261611.7376,0.0267850923023337
14858,21812.906944,1,59261631.9488,0.0198393673038703
14859,21812.926944,2,59261651.7248,0.0267297723687176
14860,21812.946944,1,59261671.744,0.019827073985289
14861,21812.966944,2,59261691.7504,0.0268854877374147
14862,21812.986944,1,59261711.8336,0.0198526850656668
14863,21813.006944,2,59261731.7632,0.0268352900198742
14864,21813.026944,1,59261751.7312,0.0198557583953122
14865,21813.046944,2,59261771.7504,0.0268434855655951
14866,21813.066944,1,59261791.7824,0.0199018583399922
14867,21813.086944,2,59261811.7376,0.026851681111316
14868,21813.106944,1,59261831.8848,0.0198680517138935
14869,21813.126944,2,59261851.776,0.026788165631979
14870,21813.146944,1,59261872.1152,0.0198598561681726
14871,21813.166944,2,59261892.5184,0.0267922634048395
14872,21813.186944,1,59261911.7568,0.019827073985289
14873,21813.206944,2,59261931.7632,0.0269274899092343
14874,21813.226944,1,59261951.8464,0.0198690761571086
14875,21813.246944,2,59261971.776,0.0269725654106993
14876,21813.266944,1,59261991.7824,0.0198250250988588
14877,21813.286944,2,59262011.84,0.0270094453664433
14878,21813.306944,1,59262031.7696,0.0198403917470855
14879,21813.326944,2,59262051.776,0.0270504230950478
14880,21813.346944,1,59262072.4224,0.0198311717581494
14881,21813.366944,2,59262091.8016,0.0270760341754257
14882,21813.386944,1,59262111.7952,0.0198782961460446
14883,21813.406944,2,59262131.904,0.027051447538263
14884,21813.426944,1,59262151.7696,0.019890589464626
14885,21813.446944,2,59262171.8272,0.027179502940152
14886,21813.466944,1,59262191.7952,0.019899809453562
14887,21813.486944,2,59262211.904,0.0271928207019485
14888,21813.506944,1,59262231.808,0.0199110783289282
14889,21813.526944,2,59262251.8272,0.0271969184748089
14890,21813.546944,1,59262271.872,0.0198373184174401
14891,21813.566944,2,59262292.0704,0.0271876984858729
14892,21813.586944,1,59262311.872,0.0198209273259983
14893,21813.606944,2,59262331.8272,0.0272594095109308
14894,21813.626944,1,59262351.872,0.0197860962566845
14895,21813.646944,2,59262371.9296,0.0272839961480935
14896,21813.666944,1,59262391.9744,0.0198209273259983
14897,21813.686944,2,59262411.9808,0.0274212715389186
14898,21813.706944,1,59262431.8208,0.0198516606224517
14899,21813.726944,2,59262451.84,0.0273987337881861
14900,21813.746944,1,59262472.2304,0.0197891695863298
14901,21813.766944,2,59262492.16,0.0273598049460118
14902,21813.786944,1,59262511.8592,0.0197697051652427
14903,21813.806944,2,59262531.8912,0.027243018419489
14904,21813.826944,1,59262551.9232,0.0197420451984347
14905,21813.846944,2,59262571.8784,0.027324973876698
14906,21813.866944,1,59262592.1408,0.0197338496527138
14907,21813.886944,2,59262611.904,0.0271672096215707
14908,21813.906944,1,59262631.9744,0.0198383428606552
14909,21813.926944,2,59262651.904,0.027133402995472
14910,21813.946944,1,59262672.192,0.0197471674145102
14911,21813.966944,2,59262691.8784,0.0270852541643617
14912,21813.986944,1,59262711.9104,0.0197133607884115
14913,21814.006944,2,59262732.096,0.0271456963140533
14914,21814.026944,1,59262751.8464,0.0197553629602311
14915,21814.046944,2,59262771.8784,0.0272911672505993
14916,21814.066944,1,59262791.872,0.0198055606777716
14917,21814.086944,2,59262811.8656,0.0273198516606225
14918,21814.106944,1,59262831.9232,0.0197604851763067
14919,21814.126944,2,59262851.8784,0.0272471161923495
14920,21814.146944,1,59262871.9104,0.0197789251541787
14921,21814.166944,2,59262892.4288,0.0272993627963202
14922,21814.186944,1,59262911.9104,0.0197348740959289
14923,21814.206944,2,59262931.9424,0.0272993627963202
14924,21814.226944,1,59262951.9232,0.019845513963161
14925,21814.246944,2,59262972.416,0.0272512139652099
14926,21814.266944,1,59262991.872,0.0197901940295449
14927,21814.286944,2,59263012.096,0.0272542872948552
14928,21814.306944,1,59263031.936,0.0198393673038703
14929,21814.326944,2,59263051.9552,0.0273096072284713
14930,21814.346944,1,59263071.9232,0.0198147806667076
14931,21814.366944,2,59263091.9168,0.0272635072837913
14932,21814.386944,1,59263111.936,0.0197983895752658
14933,21814.406944,2,59263131.9168,0.0271815518265823
14934,21814.426944,1,59263151.936,0.0198188784395681
14935,21814.446944,2,59263171.9808,0.0271139385743848
14936,21814.466944,1,59263191.9232,0.0198250250988588
14937,21814.486944,2,59263211.9296,0.0272071629069601
14938,21814.506944,1,59263231.936,0.0198649783842482
14939,21814.526944,2,59263251.9552,0.0271569651894195
14940,21814.546944,1,59263271.9488,0.0199100538857131
14941,21814.566944,2,59263292.0064,0.0272686294998668
14942,21814.586944,1,59263311.9488,0.0198301473149343
14943,21814.606944,2,59263331.968,0.027233798430553
14944,21814.626944,1,59263351.9488,0.0198373184174401
14945,21814.646944,2,59263372.0064,0.027324973876698
14946,21814.666944,1,59263391.9744,0.0198291228717192
14947,21814.686944,2,59263411.9424,0.0273362427520643
14948,21814.706944,1,59263432.3712,0.0198352695310099
14949,21814.726944,2,59263451.9296,0.0273075583420411
14950,21814.746944,1,59263471.9616,0.0198280984285041
14951,21814.766944,2,59263492.3392,0.0272542872948552
14952,21814.786944,1,59263511.9744,0.0198526850656668
14953,21814.806944,2,59263531.9936,0.0272860450345237
14954,21814.826944,1,59263552.0128,0.0197666318355974
14955,21814.846944,2,59263571.9808,0.0272583850677157
14956,21814.866944,1,59263591.9744,0.0198301473149343
14957,21814.886944,2,59263611.9808,0.0273188272174073
14958,21814.906944,1,59263631.9872,0.0197430696416498
14959,21814.926944,2,59263651.9552,0.0272737517159424
14960,21814.946944,1,59263671.9872,0.0197287274366382
14961,21814.966944,2,59263691.968,0.0273137050013318
14962,21814.986944,1,59263711.9744,0.0198014629049112
14963,21815.006944,2,59263732.16,0.0273833671399594
14964,21815.026944,1,59263752,0.019754338517016
14965,21815.046944,2,59263772.3136,0.0272962894666749
14966,21815.066944,1,59263792.2048,0.0197983895752658
14967,21815.086944,2,59263812.1088,0.0272286762144774
14968,21815.106944,1,59263832.2432,0.0197082385723359
14969,21815.126944,2,59263852.0448,0.0275288380765054
14970,21815.146944,1,59263872.0256,0.0198045362345565
14971,21815.166944,2,59263892.288,0.0277767533345627
14972,21815.186944,1,59263912,0.0197666318355974
14973,21815.206944,2,59263932.032,0.0278884176450099
14974,21815.226944,1,59263951.9872,0.0198434650767308
14975,21815.246944,2,59263972.0832,0.0276497223758887
14976,21815.266944,1,59263992.1024,0.0197389718687893
14977,21815.286944,2,59264012.0704,0.0276312823980167
14978,21815.306944,1,59264032.4608,0.0197461429712951
14979,21815.326944,2,59264052.1856,0.0275298625197205
14980,21815.346944,1,59264072.0512,0.0197307763230684
14981,21815.366944,2,59264092.5824,0.0275472780543774
14982,21815.386944,1,59264112.0128,0.019772778494888
14983,21815.406944,2,59264132.0704,0.0274151248796279
14984,21815.426944,1,59264152.0256,0.0197645829491671
14985,21815.446944,2,59264172.3648,0.0273382916384945
14986,21815.466944,1,59264192.8576,0.0198127317802774
14987,21815.486944,2,59264212.032,0.0273321449792038
14988,21815.506944,1,59264232.0896,0.0197318007662835
14989,21815.526944,2,59264252.0576,0.0271866740426578
14990,21815.546944,1,59264272.0768,0.0197666318355974
14991,21815.566944,2,59264292.0576,0.027142622984408
14992,21815.586944,1,59264312.0896,0.0197604851763067
14993,21815.606944,2,59264332.1472,0.027079107505071
14994,21815.626944,1,59264352.1024,0.0198055606777716
14995,21815.646944,2,59264372.0832,0.0270534964246932
14996,21815.666944,1,59264392.7296,0.0198014629049112
14997,21815.686944,2,59264412.096,0.0271170119040302
14998,21815.706944,1,59264432.3584,0.0197901940295449
14999,21815.726944,2,59264452.0832,0.0270493986518327
15000,21815.746944,1,59264472.064,0.0198199028827832
15001,21815.766944,2,59264492.1088,0.0269797365132051
15002,21815.786944,1,59264512.1024,0.0198403917470855
15003,21815.806944,2,59264532.1984,0.0269848587292806
15004,21815.826944,1,59264552.6784,0.0198608806113877
15005,21815.846944,2,59264572.096,0.0270709119593501
15006,21815.866944,1,59264592.0768,0.0197768762677485
15007,21815.886944,2,59264612.1344,0.0271958940315938
15008,21815.906944,1,59264632.4736,0.0198526850656668
15009,21815.926944,2,59264652.096,0.0271958940315938
15010,21815.946944,1,59264672.4352,0.0197942918024054
15011,21815.966944,2,59264692.1472,0.0271713073944311
15012,21815.986944,1,59264712.4736,0.0198619050546028
15013,21816.006944,2,59264733.0816,0.0272419939762739
15014,21816.026944,1,59264752.576,0.0197461429712951
15015,21816.046944,2,59264772.9024,0.027170282951216
15016,21816.066944,1,59264792.6656,0.0198485872928064
15017,21816.086944,2,59264812.096,0.0271139385743848
15018,21816.106944,1,59264832.7168,0.0198311717581494
15019,21816.126944,2,59264852.16,0.0270545208679083
15020,21816.146944,1,59264872.1408,0.01988136947569
15021,21816.166944,2,59264892.1728,0.0270832052779314
15022,21816.186944,1,59264912.1664,0.0197656073923822
15023,21816.206944,2,59264933.0688,0.0270473497654025
15024,21816.226944,1,59264952.7424,0.0198444895199459
15025,21816.246944,2,59264972.1472,0.0271036941422337
15026,21816.266944,1,59264992.8064,0.0199080049992829
15027,21816.286944,2,59265012.5952,0.0271047185854488
15028,21816.306944,1,59265032.2176,0.0197901940295449
15029,21816.326944,2,59265052.1344,0.0273587805027967
15030,21816.346944,1,59265072.5376,0.0198444895199459
15031,21816.366944,2,59265092.3136,0.0275124469850636
15032,21816.386944,1,59265112.1792,0.0198414161903006
15033,21816.406944,2,59265132.3136,0.0278167066199521
15034,21816.426944,1,59265152.64,0.0198117073370623
15035,21816.446944,2,59265172.6336,0.0280000819554572
15036,21816.466944,1,59265192.3712,0.0198506361792366
15037,21816.486944,2,59265212.224,0.0281732128588112
15038,21816.506944,1,59265232.8704,0.0197973651320507
15039,21816.526944,2,59265252.5184,0.0281394062327125
15040,21816.546944,1,59265272.1792,0.0198065851209867
15041,21816.566944,2,59265292.1728,0.0281199418116254
15042,21816.586944,1,59265312.3712,0.019781998483824
15043,21816.606944,2,59265332.1984,0.028098428504108
15044,21816.626944,1,59265352.192,0.0198240006556437
15045,21816.646944,2,59265373.2224,0.028143504005573
15046,21816.666944,1,59265392.3072,0.019808634007417
15047,21816.686944,2,59265412.1856,0.0282131661442006
15048,21816.706944,1,59265432.1792,0.019836293974225
15049,21816.726944,2,59265453.12,0.0279713975454341
15050,21816.746944,1,59265472.1792,0.0197912184727601
15051,21816.766944,2,59265492.2496,0.0278320732681787
15052,21816.786944,1,59265512.2048,0.0197707296084578
15053,21816.806944,2,59265532.2496,0.027843342143545
15054,21816.826944,1,59265553.024,0.0197748273813183
15055,21816.846944,2,59265573.0688,0.0279765197615096
15056,21816.866944,1,59265592.2304,0.0198014629049112
15057,21816.886944,2,59265612.2368,0.0279785686479398
15058,21816.906944,1,59265632.4352,0.019781998483824
15059,21816.926944,2,59265652.224,0.0279519331243469
15060,21816.946944,1,59265672.256,0.0198403917470855
15061,21816.966944,2,59265692.2368,0.0279242731575389
15062,21816.986944,1,59265712.2432,0.0198291228717192
15063,21817.006944,2,59265732.9664,0.0280052041715328
15064,21817.026944,1,59265752.256,0.0198916139078411
15065,21817.046944,2,59265772.4288,0.027952957567562
15066,21817.066944,1,59265793.1008,0.0198321962013646
15067,21817.086944,2,59265813.2224,0.0279703731022189
15068,21817.106944,1,59265833.1264,0.0198096584506321
15069,21817.126944,2,59265852.3264,0.0279457864650562
15070,21817.146944,1,59265872.3968,0.0198158051099228
15071,21817.166944,2,59265892.3136,0.0279058331796669
15072,21817.186944,1,59265912.256,0.0198076095642019
15073,21817.206944,2,59265932.3264,0.0277419222652488
15074,21817.226944,1,59265952.3968,0.0198414161903006
15075,21817.246944,2,59265972.5824,0.0278392443706845
15076,21817.266944,1,59265992.2816,0.0198065851209867
15077,21817.286944,2,59266012.3008,0.0278484643596205
15078,21817.306944,1,59266032.2944,0.0198875161349806
15079,21817.326944,2,59266052.3008,0.02793451758969
15080,21817.346944,1,59266072.2944,0.0198608806113877
15081,21817.366944,2,59266092.3648,0.0280994529473231
15082,21817.386944,1,59266112.2944,0.0198506361792366
15083,21817.406944,2,59266132.3136,0.0282264839059971
15084,21817.426944,1,59266152.256,0.0198393673038703
15085,21817.446944,2,59266172.3008,0.0283596615239617
15086,21817.466944,1,59266192.2816,0.0198106828938472
15087,21817.486944,2,59266212.2752,0.0284067859118569
15088,21817.506944,1,59266232.2944,0.0198311717581494
15089,21817.526944,2,59266252.3008,0.0283125371360665
15090,21817.546944,1,59266272.6528,0.0198762472596144
15091,21817.566944,2,59266292.3648,0.0282992193742701
15092,21817.586944,1,59266312.2944,0.0198096584506321
15093,21817.606944,2,59266332.3136,0.0281568217673694
15094,21817.626944,1,59266352.4864,0.0198823939189051
15095,21817.646944,2,59266372.288,0.028079988526236
15096,21817.666944,1,59266392.3328,0.0198076095642019
15097,21817.686944,2,59266412.3264,0.0281096973794743
15098,21817.706944,1,59266433.3696,0.0198024873481263
15099,21817.726944,2,59266453.184,0.0281998483824042
15100,21817.746944,1,59266472.32,0.0197983895752658
15101,21817.766944,2,59266492.3264,0.0282838527260434
15102,21817.786944,1,59266512.3584,0.01988136947569
15103,21817.806944,2,59266532.352,0.0281588706537997
15104,21817.826944,1,59266552.3584,0.0197748273813183
15105,21817.846944,2,59266572.352,0.0280267174790501
15106,21817.866944,1,59266592.32,0.019763558505952
15107,21817.886944,2,59266612.3392,0.027843342143545
15108,21817.906944,1,59266632.3584,0.0198250250988588
15109,21817.926944,2,59266652.5312,0.0277634355727662
15110,21817.946944,1,59266672.3712,0.0198106828938472
15111,21817.966944,2,59266692.3392,0.0276077202040691
15112,21817.986944,1,59266712.3584,0.019799414018481
15113,21818.006944,2,59266733.12,0.027643575716598
15114,21818.026944,1,59266752.9344,0.0198014629049112
15115,21818.046944,2,59266772.48,0.0274878603479009
15116,21818.066944,1,59266792.3712,0.0198485872928064
15117,21818.086944,2,59266812.3648,0.027470444813244
15118,21818.106944,1,59266832.3584,0.019817853996353
15119,21818.126944,2,59266852.4032,0.0274397115167906
15120,21818.146944,1,59266872.3456,0.0198444895199459
15121,21818.166944,2,59266892.4544,0.0274970803368369
15122,21818.186944,1,59266912.3712,0.0199059561128527
15123,21818.206944,2,59266932.4288,0.0275319114061508
15124,21818.226944,1,59266952.384,0.0198004384616961
15125,21818.246944,2,59266972.3648,0.0274622492675231
15126,21818.266944,1,59266992.384,0.0199202983178642
15127,21818.286944,2,59267013.184,0.0274847870182556
15128,21818.306944,1,59267032.4352,0.0198332206445797
15129,21818.326944,2,59267052.4416,0.0275226914172147
15130,21818.346944,1,59267072.4736,0.019799414018481
15131,21818.366944,2,59267092.672,0.0276282090683713
15132,21818.386944,1,59267113.344,0.0198229762124285
15133,21818.406944,2,59267132.5312,0.0277624111295511
15134,21818.426944,1,59267152.8704,0.0198209273259983
15135,21818.446944,2,59267172.4416,0.0277757288913476
15136,21818.466944,1,59267192.448,0.0198311717581494
15137,21818.486944,2,59267212.4288,0.0276568934783945
15138,21818.506944,1,59267232.384,0.0197738029381031
15139,21818.526944,2,59267252.7232,0.0277398733788186
15140,21818.546944,1,59267272.448,0.0198916139078411
15141,21818.566944,2,59267292.9792,0.0277572889134755
15142,21818.586944,1,59267312.6144,0.0198055606777716
15143,21818.606944,2,59267332.4544,0.0277378244923884
15144,21818.626944,1,59267352.4608,0.0198199028827832
15145,21818.646944,2,59267372.4544,0.0277808511074231
15146,21818.666944,1,59267392.448,0.0198444895199459
15147,21818.686944,2,59267412.6336,0.0277675333456267
15148,21818.706944,1,59267432.4352,0.0198250250988588
15149,21818.726944,2,59267452.48,0.0277142622984408
15150,21818.746944,1,59267472.4352,0.0199039072264224
15151,21818.766944,2,59267492.4672,0.0276825045587723
15152,21818.786944,1,59267512.448,0.0198127317802774
15153,21818.806944,2,59267532.4416,0.0276835290019874
15154,21818.826944,1,59267552.4736,0.0198065851209867
15155,21818.846944,2,59267573.0944,0.0277245067305919
15156,21818.866944,1,59267592.4736,0.0198670272706784
15157,21818.886944,2,59267612.48,0.0277941688692196
15158,21818.906944,1,59267632.5376,0.0198701006003237
15159,21818.926944,2,59267652.4672,0.027824902165673
15160,21818.946944,1,59267672.5248,0.0198106828938472
15161,21818.966944,2,59267692.5312,0.027889442088225
15162,21818.986944,1,59267713.3312,0.0198280984285041
15163,21819.006944,2,59267732.9408,0.0278720265535681
15164,21819.026944,1,59267753.3312,0.0198004384616961
15165,21819.046944,2,59267772.4928,0.0277951933124347
15166,21819.066944,1,59267792.512,0.0198014629049112
15167,21819.086944,2,59267812.4672,0.0277736800049173
15168,21819.106944,1,59267832.512,0.0198106828938472
15169,21819.126944,2,59267852.544,0.0279591042268527
15170,21819.146944,1,59267872.4992,0.0197912184727601
15171,21819.166944,2,59267892.4928,0.0279283709303993
15172,21819.186944,1,59267912.4864,0.0198537095088819
15173,21819.206944,2,59267932.4928,0.027852562132481
15174,21819.226944,1,59267952.5888,0.0197502407441556
15175,21819.246944,2,59267972.5312,0.0278996865203762
15176,21819.266944,1,59267992.5248,0.0198629294978179
15177,21819.286944,2,59268012.5184,0.0278505132460508
15178,21819.306944,1,59268032.4992,0.0198168295531379
15179,21819.326944,2,59268052.6464,0.0278085110742312
15180,21819.346944,1,59268072.5504,0.0197973651320507
15181,21819.366944,2,59268092.5056,0.0276661134673305
15182,21819.386944,1,59268112.5632,0.019808634007417
15183,21819.406944,2,59268132.5952,0.0276394779437376
15184,21819.426944,1,59268152.512,0.0198782961460446
15185,21819.446944,2,59268172.544,0.0275462536111623
15186,21819.466944,1,59268192.5504,0.0198516606224517
15187,21819.486944,2,59268212.5696,0.0276558690351794
15188,21819.506944,1,59268232.5632,0.019899809453562
15189,21819.526944,2,59268252.7488,0.0276486979326736
15190,21819.546944,1,59268272.5376,0.0199131272153584
15191,21819.566944,2,59268292.5568,0.027561620259389
15192,21819.586944,1,59268312.5376,0.0199080049992829
15193,21819.606944,2,59268332.544,0.0275022025529125
15194,21819.626944,1,59268352.6016,0.0199448849550269
15195,21819.646944,2,59268372.5056,0.0275042514393427
15196,21819.666944,1,59268392.5888,0.01992746942037
15197,21819.686944,2,59268412.544,0.0275728891347553
15198,21819.706944,1,59268432.5632,0.019890589464626
15199,21819.726944,2,59268452.5696,0.027533960292581
15200,21819.746944,1,59268472.5888,0.0198823939189051
15201,21819.766944,2,59268492.5568,0.0275032269961276
15202,21819.786944,1,59268512.6016,0.0198834183621202
15203,21819.806944,2,59268532.5568,0.0275698158051099
15204,21819.826944,1,59268552.5632,0.0199131272153584
15205,21819.846944,2,59268572.5696,0.0275667424754646
15206,21819.866944,1,59268592.5888,0.0198280984285041
15207,21819.886944,2,59268612.5952,0.0275995246583482
15208,21819.906944,1,59268632.6144,0.0199284938635851
15209,21819.926944,2,59268652.5568,0.0276486979326736
15210,21819.946944,1,59268672.6016,0.0199325916364456
15211,21819.966944,2,59268692.608,0.027634355727662
15212,21819.986944,1,59268712.576,0.0199100538857131
15213,21820.006976,2,59268733.568,0.0277306533898826
15214,21820.026976,1,59268752.6784,0.0198578072817424
15215,21820.046976,2,59268772.6848,0.0278669043374926
15216,21820.066976,1,59268792.576,0.0198936627942713
15217,21820.086976,2,59268812.5824,0.0279089065093122
15218,21820.106976,1,59268832.5632,0.0199192738746491
15219,21820.126976,2,59268852.5952,0.0280215952629746
15220,21820.146976,1,59268872.5888,0.0198680517138935
15221,21820.166976,2,59268892.6464,0.0281260884709161
15222,21820.186976,1,59268912.576,0.0198731739299691
15223,21820.206976,2,59268932.6848,0.0279990575122421
15224,21820.226976,1,59268952.6144,0.0198516606224517
15225,21820.246976,2,59268972.5952,0.0279324687032598
15226,21820.266976,1,59268992.768,0.0198782961460446
15227,21820.286976,2,59269013.0432,0.0279560308972074
15228,21820.306976,1,59269032.6144,0.0198578072817424
15229,21820.326976,2,59269053.1968,0.0279232487143238
15230,21820.346976,1,59269072.6784,0.0198844428053353
15231,21820.366976,2,59269092.6336,0.0279150531686029
15232,21820.386976,1,59269112.7296,0.019817853996353
15233,21820.406976,2,59269132.992,0.0278361710410392
15234,21820.426976,1,59269153.088,0.0198229762124285
15235,21820.446976,2,59269173.0688,0.0278628065646321
15236,21820.466976,1,59269192.64,0.0198834183621202
15237,21820.486976,2,59269212.5952,0.0278289999385334
15238,21820.506976,1,59269232.6528,0.0198373184174401
15239,21820.526976,2,59269252.6208,0.0278628065646321
15240,21820.546976,1,59269272.6272,0.0199530805007478
15241,21820.566976,2,59269293.0688,0.0278279754953183
15242,21820.586976,1,59269312.9216,0.0198403917470855
15243,21820.606976,2,59269332.7872,0.0275964513287029
15244,21820.626976,1,59269352.64,0.0198506361792366
15245,21820.646976,2,59269372.6464,0.0274673714835987
15246,21820.666976,1,59269392.8448,0.0198752228163993
15247,21820.686976,2,59269412.6464,0.0273997582314012
15248,21820.706976,1,59269432.8064,0.0198875161349806
15249,21820.726976,2,59269452.992,0.0273833671399594
15250,21820.746976,1,59269472.704,0.0198701006003237
15251,21820.766976,2,59269492.7232,0.027233798430553
15252,21820.786976,1,59269512.6528,0.0197983895752658
15253,21820.806976,2,59269532.672,0.0273055094556109
15254,21820.826976,1,59269552.64,0.0198803450324748
15255,21820.846976,2,59269572.7616,0.0273290716495585
15256,21820.866976,1,59269592.6784,0.0197891695863298
15257,21820.886976,2,59269612.9664,0.027416149322843
15258,21820.906976,1,59269632.7552,0.0198240006556437
15259,21820.926976,2,59269652.6848,0.0274130759931977
15260,21820.946976,1,59269672.704,0.0198496117360215
15261,21820.966976,2,59269692.7104,0.0274806892453951
15262,21820.986976,1,59269712.7552,0.0198854672485504
15263,21821.006976,2,59269732.736,0.0274530292785871
15264,21821.026976,1,59269752.8192,0.0198782961460446
15265,21821.046976,2,59269772.7104,0.0275677669186797
15266,21821.066976,1,59269792.768,0.0198526850656668
15267,21821.086976,2,59269812.6848,0.0275534247136681
15268,21821.106976,1,59269832.7552,0.0198741983731842
15269,21821.126976,2,59269852.7744,0.0275267891900752
15270,21821.146976,1,59269872.7552,0.0199243960907247
15271,21821.166976,2,59269892.7488,0.0275114225418485
15272,21821.186976,1,59269912.7552,0.0198823939189051
15273,21821.206976,2,59269932.7232,0.0275175692011392
15274,21821.226976,1,59269952.8192,0.0198496117360215
15275,21821.246976,2,59269972.7104,0.0276005491015633
15276,21821.266976,1,59269992.768,0.019808634007417
15277,21821.286976,2,59270012.7488,0.0275903046694122
15278,21821.306976,1,59270032.768,0.0198485872928064
15279,21821.326976,2,59270052.7488,0.0274100026635524
15280,21821.346976,1,59270072.7296,0.0198516606224517
15281,21821.366976,2,59270092.7488,0.0275206425307845
15282,21821.386976,1,59270112.7424,0.0198762472596144
15283,21821.406976,2,59270132.7872,0.0274366381871453
15284,21821.426976,1,59270152.7168,0.0198055606777716
15285,21821.446976,2,59270172.7872,0.0275411313950868
15286,21821.466976,1,59270192.768,0.0198096584506321
15287,21821.486976,2,59270212.7104,0.0275585469297437
15288,21821.506976,1,59270232.8192,0.0199223472042945
15289,21821.526976,2,59270252.8,0.0276015735447784
15290,21821.546976,1,59270272.896,0.0197871206998996
15291,21821.566976,2,59270293.4016,0.0276241112955109
15292,21821.586976,1,59270312.8064,0.0198639539410331
15293,21821.606976,2,59270332.8,0.0276548445919643
15294,21821.626976,1,59270353.6768,0.019845513963161
15295,21821.646976,2,59270372.7872,0.0277552400270453
15296,21821.666976,1,59270392.8192,0.0198260495420739
15297,21821.686976,2,59270412.8,0.0275739135779704
15298,21821.706976,1,59270432.7936,0.0197830229270392
15299,21821.726976,2,59270452.992,0.0276189890794353
15300,21821.746976,1,59270472.8192,0.0198916139078411
15301,21821.766976,2,59270492.9408,0.0275800602372611
15302,21821.786976,1,59270512.832,0.0198434650767308
15303,21821.806976,2,59270532.8,0.0275073247689881
15304,21821.826976,1,59270552.832,0.0199325916364456
15305,21821.846976,2,59270572.8,0.0275401069518717
15306,21821.866976,1,59270593.28,0.0198772717028295
15307,21821.886976,2,59270613.5424,0.0275575224865286
15308,21821.906976,1,59270632.8064,0.0197963406888356
15309,21821.926976,2,59270652.8128,0.0274991292232672
15310,21821.946976,1,59270672.832,0.0198557583953122
15311,21821.966976,2,59270692.8384,0.0275790357940459
15312,21821.986976,1,59270712.8832,0.0198424406335157
15313,21822.006976,2,59270732.8768,0.0274724936996742
15314,21822.026976,1,59270752.8064,0.0198280984285041
15315,21822.046976,2,59270772.7744,0.0274212715389186
15316,21822.066976,1,59270792.8576,0.0198117073370623
15317,21822.086976,2,59270813.4528,0.0274765914725347
15318,21822.106976,1,59270832.8192,0.0198024873481263
15319,21822.126976,2,59270852.8768,0.0274479070625115
15320,21822.146976,1,59270872.8064,0.0198055606777716
15321,21822.166976,2,59270892.8384,0.0276169401930051
15322,21822.186976,1,59270912.8192,0.0198137562234925
15323,21822.206976,2,59270932.8256,0.0276077202040691
15324,21822.226976,1,59270952.8832,0.0198557583953122
15325,21822.246976,2,59270972.8384,0.0274571270514475
15326,21822.266976,1,59270992.8576,0.0198260495420739
15327,21822.286976,2,59271012.864,0.0274868359046858
15328,21822.306976,1,59271032.9088,0.0197707296084578
15329,21822.326976,2,59271053.1968,0.027397709344971
15330,21822.346976,1,59271072.9216,0.0198711250435388
15331,21822.366976,2,59271092.864,0.0273475116274305
15332,21822.386976,1,59271112.9088,0.019845513963161
15333,21822.406976,2,59271132.928,0.0272102362366054
15334,21822.426976,1,59271152.832,0.0198741983731842
15335,21822.446976,2,59271174.3488,0.027334193865634
15336,21822.466976,1,59271192.8576,0.0198424406335157
15337,21822.486976,2,59271212.8768,0.0272327739873379
15338,21822.506976,1,59271232.8576,0.0198496117360215
15339,21822.526976,2,59271252.9024,0.0272071629069601
15340,21822.546976,1,59271272.8704,0.0198875161349806
15341,21822.566976,2,59271292.9024,0.0272450673059192
15342,21822.586976,1,59271312.9088,0.019890589464626
15343,21822.606976,2,59271332.9024,0.0273475116274305
15344,21822.626976,1,59271352.9088,0.0198526850656668
15345,21822.646976,2,59271372.8768,0.027379269367099
15346,21822.666976,1,59271394.048,0.0198537095088819
15347,21822.686976,2,59271412.9536,0.0274530292785871
15348,21822.706976,1,59271432.96,0.0198496117360215
15349,21822.726976,2,59271452.9408,0.0275114225418485
15350,21822.746976,1,59271472.8704,0.0199305427500154
15351,21822.766976,2,59271492.8768,0.0275022025529125
15352,21822.786976,1,59271512.9472,0.0198782961460446
15353,21822.806976,2,59271532.9024,0.027488884791116
15354,21822.826976,1,59271552.9344,0.0198834183621202
15355,21822.846976,2,59271573.44,0.0272891183641691
15356,21822.866976,1,59271592.9088,0.0199397627389514
15357,21822.886976,2,59271612.9408,0.0272399450898437
15358,21822.906976,1,59271633.3952,0.0198823939189051
15359,21822.926976,2,59271652.9408,0.027079107505071
15360,21822.946976,1,59271672.9984,0.0198926383510562
15361,21822.966976,2,59271693.2992,0.0271600385190649
15362,21822.986976,1,59271712.9088,0.0198619050546028
15363,21823.006976,2,59271732.9408,0.0272450673059192
15364,21823.026976,1,59271752.9344,0.0199243960907247
15365,21823.046976,2,59271772.9792,0.0271262318929662
15366,21823.066976,1,59271792.9728,0.0198485872928064
15367,21823.086976,2,59271813.0048,0.0271979429180241
15368,21823.106976,1,59271832.9728,0.0199028827832073
15369,21823.126976,2,59271852.9536,0.0273372671952794
15370,21823.146976,1,59271872.9216,0.0198137562234925
15371,21823.166976,2,59271892.9536,0.0273731227078083
15372,21823.186976,1,59271912.9472,0.0198864916917655
15373,21823.206976,2,59271933.0048,0.0275401069518717
15374,21823.226976,1,59271953.0496,0.019827073985289
15375,21823.246976,2,59271972.9664,0.0275769869076157
15376,21823.266976,1,59271992.9728,0.0199069805560678
15377,21823.286976,2,59272012.9536,0.0274397115167906
15378,21823.306976,1,59272033.088,0.0198711250435388
15379,21823.326976,2,59272052.992,0.027442784846436
15380,21823.346976,1,59272072.9728,0.019836293974225
15381,21823.366976,2,59272092.9792,0.0272717028295122
15382,21823.386976,1,59272112.9984,0.0199295183068003
15383,21823.406976,2,59272133.0176,0.0272696539430819
15384,21823.426976,1,59272153.1008,0.0198741983731842
15385,21823.446976,2,59272173.0304,0.0272696539430819
15386,21823.466976,1,59272192.9856,0.0198772717028295
15387,21823.486976,2,59272213.0176,0.0272460917491343
15388,21823.506976,1,59272233.0368,0.019854733952097
15389,21823.526976,2,59272252.992,0.0272860450345237
15390,21823.546976,1,59272273.1136,0.0198772717028295
15391,21823.566976,2,59272292.9792,0.0272215051119716
15392,21823.586976,1,59272313.3952,0.0198895650214109
15393,21823.606976,2,59272332.992,0.0271866740426578
15394,21823.626976,1,59272352.9984,0.0198916139078411
15395,21823.646976,2,59272373.0048,0.0270319831171758
15396,21823.666976,1,59272392.9984,0.0199213227610794
15397,21823.686976,2,59272413.0048,0.0270924252668675
15398,21823.706976,1,59272433.024,0.0198916139078411
15399,21823.726976,2,59272453.0176,0.0270043231503678
15400,21823.746976,1,59272472.9984,0.019845513963161
15401,21823.766976,2,59272493.0304,0.0270750097322105
15402,21823.786976,1,59272513.0368,0.0198414161903006
15403,21823.806976,2,59272533.0176,0.0269776876267748
15404,21823.826976,1,59272553.0496,0.0198608806113877
15405,21823.846976,2,59272573.0688,0.027034032003606
15406,21823.866976,1,59272593.0112,0.0198916139078411
15407,21823.886976,2,59272613.0816,0.0269490032167517
15408,21823.906976,1,59272633.024,0.0198526850656668
15409,21823.926976,2,59272653.0432,0.0271323785522569
15410,21823.946976,1,59272673.0496,0.0198465384063761
15411,21823.966976,2,59272693.0304,0.0272286762144774
15412,21823.986976,1,59272713.0624,0.0198516606224517
15413,21824.006976,2,59272733.0688,0.0273044850123958
15414,21824.026976,1,59272753.0624,0.0198393673038703
15415,21824.046976,2,59272774.8608,0.0274878603479009
15416,21824.066976,1,59272793.3824,0.0198229762124285
15417,21824.086976,2,59272813.0432,0.0275831335669064
15418,21824.106976,1,59272833.152,0.019799414018481
15419,21824.126976,2,59272853.0944,0.0275544491568832
15420,21824.146976,1,59272873.024,0.0198403917470855
15421,21824.166976,2,59272893.0816,0.0275493269408077
15422,21824.186976,1,59272913.0624,0.0198823939189051
15423,21824.206976,2,59272933.1584,0.0276681623537607
15424,21824.226976,1,59272953.088,0.0198588317249575
15425,21824.246976,2,59272973.056,0.0276548445919643
15426,21824.266976,1,59272993.0624,0.0199110783289282
15427,21824.286976,2,59273013.0944,0.0276845534452025
15428,21824.306976,1,59273033.088,0.0198465384063761
15429,21824.326976,2,59273053.0816,0.0276097690904993
15430,21824.346976,1,59273073.2416,0.0198188784395681
15431,21824.366976,2,59273093.0944,0.0277040178662897
15432,21824.386976,1,59273113.0752,0.0197881451431147
15433,21824.406976,2,59273133.1328,0.0276640645809003
15434,21824.426976,1,59273153.2672,0.0198516606224517
15435,21824.446976,2,59273173.12,0.0275851824533366
15436,21824.466976,1,59273193.1008,0.0198209273259983
15437,21824.486976,2,59273213.4528,0.0274438092896511
15438,21824.506976,1,59273233.2416,0.0198557583953122
15439,21824.526976,2,59273253.12,0.0274694203700289
15440,21824.546976,1,59273273.1648,0.0198199028827832
15441,21824.566976,2,59273293.7216,0.0273997582314012
15442,21824.586976,1,59273313.1264,0.0197932673591903
15443,21824.606976,2,59273333.0944,0.0271907718155183
15444,21824.626976,1,59273353.1136,0.0198240006556437
15445,21824.646976,2,59273373.1328,0.0272501895219948
15446,21824.666976,1,59273393.6128,0.0198219517692134
15447,21824.686976,2,59273413.1968,0.0272758006023726
15448,21824.706976,1,59273433.1392,0.0198240006556437
15449,21824.726976,2,59273453.1712,0.0271620874054951
15450,21824.746976,1,59273473.2672,0.0198158051099228
15451,21824.766976,2,59273493.12,0.0271733562808614
15452,21824.786976,1,59273516.352,0.0198444895199459
15453,21824.806976,2,59273533.1584,0.0271129141311697
15454,21824.826976,1,59273553.1392,0.0197840473702543
15455,21824.846976,2,59273573.7856,0.0272635072837913
15456,21824.866976,1,59273595.2384,0.0198024873481263
15457,21824.886976,2,59273613.504,0.0271661851783556
15458,21824.906976,1,59273633.2032,0.0197922429159752
15459,21824.926976,2,59273653.1712,0.0271252074497511
15460,21824.946976,1,59273673.216,0.0197953162456205
15461,21824.966976,2,59273693.1584,0.0271262318929662
15462,21824.986976,1,59273713.1648,0.0198014629049112
15463,21825.006976,2,59273733.2096,0.0271805273833671
15464,21825.026976,1,59273754.9184,0.0198557583953122
15465,21825.046976,2,59273773.2224,0.0272583850677157
15466,21825.066976,1,59273793.1776,0.0198045362345565
15467,21825.086976,2,59273813.1328,0.0271600385190649
15468,21825.106976,1,59273833.856,0.0198352695310099
15469,21825.126976,2,59273853.2096,0.0272921916938144
15470,21825.146976,1,59273873.1648,0.0198219517692134
15471,21825.166976,2,59273893.2096,0.0272399450898437
15472,21825.186976,1,59273913.2032,0.0197840473702543
15473,21825.206976,2,59273933.1712,0.0272071629069601
15474,21825.226976,1,59273953.6512,0.0198444895199459
15475,21825.246976,2,59273974.2464,0.0272051140205298
15476,21825.266976,1,59273993.1904,0.0198803450324748
15477,21825.286976,2,59274015.4112,0.02716106296228
15478,21825.306976,1,59274033.792,0.0197779007109636
15479,21825.326976,2,59274053.1968,0.0270483742086176
15480,21825.346976,1,59274073.2288,0.0198260495420739
15481,21825.366976,2,59274093.4912,0.0270965230397279
15482,21825.386976,1,59274114.3936,0.0197973651320507
15483,21825.406976,2,59274133.376,0.0270750097322105
15484,21825.426976,1,59274153.1904,0.0198137562234925
15485,21825.446976,2,59274173.2736,0.0270002253775073
15486,21825.466976,1,59274193.2544,0.0198373184174401
15487,21825.486976,2,59274213.2352,0.0270760341754257
15488,21825.506976,1,59274234.9312,0.0197768762677485
15489,21825.526976,2,59274255.3856,0.0270166164689491
15490,21825.546976,1,59274273.3056,0.0198158051099228
15491,21825.566976,2,59274293.2736,0.0269674431946237
15492,21825.586976,1,59274315.4176,0.0197973651320507
15493,21825.606976,2,59274334.016,0.0270237875714549
15494,21825.626976,1,59274353.4336,0.0197615096195218
15495,21825.646976,2,59274373.5552,0.0270401786628967
15496,21825.666976,1,59274395.1232,0.0197461429712951
15497,21825.686976,2,59274413.2992,0.0271375007683324
15498,21825.706976,1,59274434.7648,0.0197830229270392
15499,21825.726976,2,59274453.2736,0.0272676050566517
15500,21825.746976,1,59274473.2672,0.0197850718134694
15501,21825.766976,2,59274493.2736,0.0277009445366443
15502,21825.786976,1,59274513.2672,0.0198014629049112
15503,21825.806976,2,59274535.0016,0.0277757288913476
15504,21825.826976,1,59274553.2928,0.0198076095642019
15505,21825.846976,2,59274573.2864,0.0278884176450099
15506,21825.866976,1,59274593.3056,0.0197748273813183
15507,21825.886976,2,59274613.2864,0.0280431085704919
15508,21825.906976,1,59274633.28,0.0197758518245334
15509,21825.926976,2,59274653.2608,0.0281353084598521
15510,21825.946976,1,59274673.3056,0.0197932673591903
15511,21825.966976,2,59274693.2992,0.0280308152519106
15512,21825.986976,1,59274713.28,0.0197615096195218
15513,21826.006976,2,59274733.2992,0.027889442088225
15514,21826.026976,1,59274753.2928,0.019754338517016
15515,21826.046976,2,59274773.312,0.0279365664761202
15516,21826.066976,1,59274793.3184,0.0198014629049112
15517,21826.086976,2,59274813.3248,0.0278361710410392
15518,21826.106976,1,59274833.3056,0.0197645829491671
15519,21826.126976,2,59274853.3248,0.0277900710963591
15520,21826.146976,1,59274873.2928,0.0196938963673244
15521,21826.166976,2,59274893.2992,0.0276855778884176
15522,21826.186976,1,59274914.4192,0.0197533140738009
15523,21826.206976,2,59274934.3488,0.0276107935337144
15524,21826.226976,1,59274955.2896,0.0198065851209867
15525,21826.246976,2,59274973.504,0.0275769869076157
15526,21826.266976,1,59274993.3056,0.0198301473149343
15527,21826.286976,2,59275013.3248,0.0275728891347553
15528,21826.306976,1,59275033.3184,0.0198885405781957
15529,21826.326976,2,59275053.3504,0.0275042514393427
15530,21826.346976,1,59275073.3312,0.0198731739299691
15531,21826.366976,2,59275093.3504,0.0274151248796279
15532,21826.386976,1,59275113.344,0.0198537095088819
15533,21826.406976,2,59275133.4272,0.0273577560595816
15534,21826.426976,1,59275153.3184,0.0198957116807015
15535,21826.446976,2,59275173.5424,0.0272317495441228
15536,21826.466976,1,59275193.5232,0.0198004384616961
15537,21826.486976,2,59275213.3504,0.0273331694224189
15538,21826.506976,1,59275233.3696,0.0198219517692134
15539,21826.526976,2,59275253.3504,0.0273669760485176
15540,21826.546976,1,59275273.3056,0.0198250250988588
15541,21826.566976,2,59275293.376,0.0273208761038376
15542,21826.586976,1,59275313.3568,0.0198711250435388
15543,21826.606976,2,59275334.0672,0.0272604339541459
15544,21826.626976,1,59275353.3696,0.0198475628495912
15545,21826.646976,2,59275373.3504,0.0271385252115475
15546,21826.666976,1,59275393.4336,0.0198004384616961
15547,21826.686976,2,59275413.3888,0.027252238408425
15548,21826.706976,1,59275433.4336,0.0198608806113877
15549,21826.726976,2,59275453.3504,0.027270678386297
15550,21826.746976,1,59275473.3952,0.0198608806113877
15551,21826.766976,2,59275493.376,0.0272102362366054
15552,21826.786976,1,59275513.408,0.0199356649660909
15553,21826.806976,2,59275535.5776,0.0272911672505993
15554,21826.826976,1,59275553.6512,0.0198793205892597
15555,21826.846976,2,59275573.4016,0.0271723318376462
15556,21826.866976,1,59275593.6128,0.0199049316696376
15557,21826.886976,2,59275613.4272,0.0272747761591575
15558,21826.906976,1,59275633.4592,0.0199356649660909
15559,21826.926976,2,59275653.376,0.0271805273833671
15560,21826.946976,1,59275673.4592,0.019872149486754
15561,21826.966976,2,59275693.4016,0.027324973876698
15562,21826.986976,1,59275714.0736,0.0199612760464687
15563,21827.006976,2,59275733.4272,0.0272778494888028
15564,21827.026976,1,59275753.5232,0.0199202983178642
15565,21827.046976,2,59275773.5168,0.0272932161370295
15566,21827.066976,1,59275793.3952,0.0199059561128527
15567,21827.086976,2,59275813.4144,0.0274048804474768
15568,21827.106976,1,59275833.3952,0.0198526850656668
15569,21827.126976,2,59275853.4144,0.0272911672505993
15570,21827.146976,1,59275873.4336,0.0198946872374864
15571,21827.166976,2,59275893.4272,0.0273003872395353
15572,21827.186976,1,59275915.5712,0.0199080049992829
15573,21827.206976,2,59275933.4528,0.0270780830618559
15574,21827.226976,1,59275953.472,0.0198926383510562
15575,21827.246976,2,59275974.6048,0.0270995963693732
15576,21827.266976,1,59275993.5488,0.0199039072264224
15577,21827.286976,2,59276013.4528,0.0271344274386871
15578,21827.306976,1,59276033.5104,0.0198280984285041
15579,21827.326976,2,59276053.4912,0.0272256028848321
15580,21827.346976,1,59276073.4848,0.0199059561128527
15581,21827.366976,2,59276093.4144,0.0272512139652099
15582,21827.386976,1,59276113.5104,0.0198772717028295
15583,21827.406976,2,59276133.5168,0.0271743807240765
15584,21827.426976,1,59276155.5456,0.0198629294978179
15585,21827.446976,2,59276175.616,0.0272901428073842
15586,21827.466976,1,59276195.5072,0.0198393673038703
15587,21827.486976,2,59276213.4144,0.0273813182535292
15588,21827.506976,1,59276233.4848,0.0199069805560678
15589,21827.526976,2,59276253.4656,0.0275605958161739
15590,21827.546976,1,59276273.5232,0.0198516606224517
15591,21827.566976,2,59276295.6416,0.0276538201487492
15592,21827.586976,1,59276313.472,0.0199028827832073
15593,21827.606976,2,59276333.5296,0.0277091400823652
15594,21827.626976,1,59276353.4848,0.0198629294978179
15595,21827.646976,2,59276373.5936,0.0278003155285103
15596,21827.666976,1,59276393.4848,0.0198701006003237
15597,21827.686976,2,59276413.4912,0.0276804556723421
15598,21827.706976,1,59276435.9552,0.0198280984285041
15599,21827.726976,2,59276455.6928,0.0275923535558424
15600,21827.746976,1,59276474.4704,0.0197942918024054
15601,21827.766976,2,59276493.696,0.0275790357940459
15602,21827.786976,1,59276515.52,0.0198434650767308
15603,21827.806976,2,59276533.5168,0.0274304915278546
15604,21827.826976,1,59276553.4848,0.019799414018481
15605,21827.846976,2,59276573.4912,0.0274827381318254
15606,21827.866976,1,59276593.6,0.0198055606777716
15607,21827.886976,2,59276613.504,0.0273936115721106
15608,21827.906976,1,59276636.1216,0.0197850718134694
15609,21827.926976,2,59276655.6416,0.0272850205913086
15610,21827.946976,1,59276673.5488,0.0197983895752658
15611,21827.966976,2,59276695.8848,0.0273413649681398
15612,21827.986976,1,59276714.2656,0.0198260495420739
15613,21828.006976,2,59276733.6192,0.0273116561149016
15614,21828.026976,1,59276753.5104,0.0198229762124285
15615,21828.046976,2,59276773.824,0.0274059048906919
15616,21828.066976,1,59276795.7504,0.0197615096195218
15617,21828.086976,2,59276813.4912,0.0273403405249247
15618,21828.106976,1,59276835.7632,0.0198055606777716
15619,21828.126976,2,59276855.6416,0.0272471161923495
15620,21828.146976,1,59276873.5232,0.0197953162456205
15621,21828.166976,2,59276893.6192,0.0271764296105067
15622,21828.186976,1,59276913.5488,0.0197789251541787
15623,21828.206976,2,59276934.6816,0.0271385252115475
15624,21828.226976,1,59276954.112,0.0197901940295449
15625,21828.246976,2,59276973.5552,0.0271733562808614
15626,21828.266976,1,59276993.5488,0.0198229762124285
15627,21828.286976,2,59277013.5424,0.0272809228184482
15628,21828.306976,1,59277033.5616,0.0197830229270392
15629,21828.326976,2,59277053.7984,0.0276394779437376
15630,21828.346976,1,59277073.5744,0.019763558505952
15631,21828.366976,2,59277093.568,0.0283186837953572
15632,21828.386976,1,59277113.5616,0.0197123363451964
15633,21828.406976,2,59277133.5808,0.0286086012252341
15634,21828.426976,1,59277153.5744,0.0197553629602311
15635,21828.446976,2,59277173.568,0.0285235724383797
15636,21828.466976,1,59277194.688,0.019754338517016
15637,21828.486976,2,59277213.568,0.0284037125822116
15638,21828.506976,1,59277233.7536,0.0197983895752658
15639,21828.526976,2,59277254.1568,0.028316634908927
15640,21828.546976,1,59277273.5616,0.0198055606777716
15641,21828.566976,2,59277293.6192,0.0281158440387649
15642,21828.586976,1,59277313.6896,0.0198680517138935
15643,21828.606976,2,59277333.6576,0.0280297908086955
15644,21828.626976,1,59277353.6128,0.0198219517692134
15645,21828.646976,2,59277373.9264,0.0279037842932366
15646,21828.666976,1,59277395.5968,0.01988136947569
15647,21828.686976,2,59277413.5808,0.027707091195935
15648,21828.706976,1,59277433.728,0.0198117073370623
15649,21828.726976,2,59277453.6448,0.0275380580654414
15650,21828.746976,1,59277473.6768,0.0198639539410331
15651,21828.766976,2,59277493.6832,0.0275933779990575
15652,21828.786976,1,59277513.664,0.0198076095642019
15653,21828.806976,2,59277533.6576,0.027861782121417
15654,21828.826976,1,59277553.664,0.0198024873481263
15655,21828.846976,2,59277573.6064,0.0279119798389575
15656,21828.866976,1,59277594.1376,0.0198342450877948
15657,21828.886976,2,59277613.632,0.0280656463212244
15658,21828.906976,1,59277633.6896,0.0197901940295449
15659,21828.926976,2,59277654.0288,0.0281383817894974
15660,21828.946976,1,59277673.6256,0.019827073985289
15661,21828.966976,2,59277693.6448,0.028007253057963
15662,21828.986976,1,59277714.2272,0.0198557583953122
15663,21829.006976,2,59277733.952,0.027962177556498
15664,21829.026976,1,59277753.6128,0.0197738029381031
15665,21829.046976,2,59277773.6576,0.0277111889687955
15666,21829.066976,1,59277793.6256,0.0198526850656668
15667,21829.086976,2,59277813.6576,0.0276087446472842
15668,21829.106976,1,59277834.176,0.0198332206445797
15669,21829.126976,2,59277853.6832,0.0275308869629356
15670,21829.146976,1,59277873.6384,0.019909029442498
15671,21829.166976,2,59277893.6576,0.0274315159710697
15672,21829.186976,1,59277913.984,0.0198762472596144
15673,21829.206976,2,59277933.696,0.0274110271067675
15674,21829.226976,1,59277953.7152,0.0198670272706784
15675,21829.246976,2,59277973.6448,0.0273874649128199
15676,21829.266976,1,59277993.7792,0.0198209273259983
15677,21829.286976,2,59278013.6832,0.0272952650234597
15678,21829.306976,1,59278033.664,0.0198977605671318
15679,21829.326976,2,59278053.76,0.0273075583420411
15680,21829.346976,1,59278073.6896,0.0198291228717192
15681,21829.366976,2,59278093.6704,0.0271620874054951
15682,21829.386976,1,59278113.8688,0.0198926383510562
15683,21829.406976,2,59278133.7088,0.0271907718155183
15684,21829.426976,1,59278153.6768,0.0198649783842482
15685,21829.446976,2,59278173.6832,0.0271948695883787
15686,21829.466976,1,59278193.6896,0.0198250250988588
15687,21829.486976,2,59278213.824,0.0271549163029893
15688,21829.506976,1,59278233.728,0.0198701006003237
15689,21829.526976,2,59278253.7216,0.0271077919150941
15690,21829.546976,1,59278273.7152,0.0198864916917655
15691,21829.566976,2,59278293.7472,0.0270135431393038
15692,21829.586976,1,59278313.728,0.0198967361239166
15693,21829.606976,2,59278333.7088,0.0269233921363739
15694,21829.626976,1,59278353.7408,0.0198321962013646
15695,21829.646976,2,59278373.696,0.0270381297764665
15696,21829.666976,1,59278393.8048,0.0198731739299691
15697,21829.686976,2,59278413.7472,0.0269397832278157
15698,21829.706976,1,59278433.856,0.0199110783289282
15699,21829.726976,2,59278453.7216,0.026870121089188
15700,21829.746976,1,59278473.7408,0.0198055606777716
15701,21829.766976,2,59278493.7728,0.0271364763251173
15702,21829.786976,1,59278513.7152,0.0198567828385273
15703,21829.806976,2,59278534.0544,0.0273567316163665
15704,21829.826976,1,59278553.7408,0.0198311717581494
15705,21829.846976,2,59278573.888,0.0274858114614707
15706,21829.866976,1,59278593.7152,0.0198526850656668
15707,21829.886976,2,59278613.7728,0.027606695760854
15708,21829.906976,1,59278633.7536,0.0198639539410331
15709,21829.926976,2,59278653.7728,0.0278392443706845
15710,21829.946976,1,59278673.792,0.0198864916917655
15711,21829.966976,2,59278694.3872,0.0281219906980556
15712,21829.986976,1,59278713.8432,0.0198147806667076
15713,21830.006976,2,59278733.8112,0.028262339418526
15714,21830.026976,1,59278753.8048,0.0198444895199459
15715,21830.046976,2,59278773.7856,0.0282807793963981
15716,21830.066976,1,59278793.7792,0.0198137562234925
15717,21830.086976,2,59278813.9904,0.0283719548425431
15718,21830.106976,1,59278833.9584,0.019827073985289
15719,21830.126976,2,59278853.8112,0.0284057614686418
15720,21830.146976,1,59278873.792,0.0198465384063761
15721,21830.166976,2,59278893.824,0.0285584035076936
15722,21830.186976,1,59278913.8432,0.019817853996353
15723,21830.206976,2,59278933.9008,0.0285317679841006
15724,21830.226976,1,59278953.8048,0.0198414161903006
15725,21830.246976,2,59278973.8496,0.0286967033417338
15726,21830.266976,1,59278993.8944,0.0198199028827832
15727,21830.286976,2,59279013.7984,0.0288411498350646
15728,21830.306976,1,59279033.8176,0.0197604851763067
15729,21830.326976,2,59279053.8368,0.0287479255024894
15730,21830.346976,1,59279073.8304,0.0198147806667076
15731,21830.366976,2,59279094.592,0.0286495789538386
15732,21830.386976,1,59279115.6096,0.0198014629049112
15733,21830.406976,2,59279133.8368,0.0285778679287807
15734,21830.426976,1,59279153.9328,0.0197522896305858
15735,21830.446976,2,59279174.0288,0.0284948880283566
15736,21830.466976,1,59279193.8432,0.0198793205892597
15737,21830.486976,2,59279213.824,0.0285235724383797
15738,21830.506976,1,59279233.8176,0.0197707296084578
15739,21830.526976,2,59279254.9504,0.0285706968262749
15740,21830.546976,1,59279274.7136,0.0197840473702543
15741,21830.566976,2,59279293.888,0.0286157723277399
15742,21830.586976,1,59279313.8432,0.0198393673038703
15743,21830.606976,2,59279333.8496,0.0287130944331756
15744,21830.626976,1,59279353.8688,0.019754338517016
15745,21830.646976,2,59279373.8496,0.0284866924826357
15746,21830.666976,1,59279393.8304,0.0197656073923822
15747,21830.686976,2,59279413.9136,0.0285112791197984
15748,21830.706976,1,59279434.4192,0.0197738029381031
15749,21830.726976,2,59279453.8624,0.0285768434855656
15750,21830.746976,1,59279473.8304,0.0198117073370623
15751,21830.766976,2,59279493.8496,0.0288657364722273
15752,21830.786976,1,59279513.856,0.0198168295531379
15753,21830.806976,2,59279533.9264,0.0291013584117032
15754,21830.826976,1,59279553.8688,0.0197492163009404
15755,21830.846976,2,59279575.5904,0.0292867826336386
15756,21830.866976,1,59279593.856,0.0198188784395681
15757,21830.886976,2,59279613.888,0.0293759091933534
15758,21830.906976,1,59279634.816,0.0198096584506321
15759,21830.926976,2,59279653.8496,0.0293154670436618
15760,21830.946976,1,59279674.9056,0.0198383428606552
15761,21830.966976,2,59279693.888,0.029326735919028
15762,21830.986976,1,59279714.5728,0.0197481918577253
15763,21831.006976,2,59279733.9136,0.0293984469440859
15764,21831.026976,1,59279753.8816,0.0197143852316266
15765,21831.046976,2,59279773.8752,0.0294394246726904
15766,21831.066976,1,59279793.8816,0.0197656073923822
15767,21831.086976,2,59279813.8752,0.0292857581904235
15768,21831.106976,1,59279836.1984,0.0197502407441556
15769,21831.126976,2,59279853.9136,0.029135165037802
15770,21831.146976,1,59279875.0208,0.0197277029934231
15771,21831.166976,2,59279893.9136,0.0291515561292438
15772,21831.186976,1,59279913.8688,0.0197963406888356
15773,21831.206976,2,59279933.9392,0.0291607761181798
15774,21831.226976,1,59279953.9456,0.0197369229823591
15775,21831.246976,2,59279973.9392,0.0291044317413486
15776,21831.266976,1,59279993.9328,0.0197123363451964
15777,21831.286976,2,59280013.9648,0.0291228717192206
15778,21831.306976,1,59280034.1504,0.0197502407441556
15779,21831.326976,2,59280053.9264,0.0290675517856045
15780,21831.346976,1,59280073.9968,0.0197379474255742
15781,21831.366976,2,59280094.8608,0.0290583317966685
15782,21831.386976,1,59280114.048,0.0196949208105395
15783,21831.406976,2,59280133.9392,0.0291279939352962
15784,21831.426976,1,59280153.9584,0.019808634007417
15785,21831.446976,2,59280173.9776,0.0290603806830987
15786,21831.466976,1,59280193.9584,0.0197686807220276
15787,21831.486976,2,59280213.952,0.0291167250599299
15788,21831.506976,1,59280234.9568,0.0197963406888356
15789,21831.526976,2,59280254.7968,0.0291771672096216
15790,21831.546976,1,59280273.9968,0.0197379474255742
15791,21831.566976,2,59280293.952,0.0290655028991743
15792,21831.586976,1,59280314.2912,0.0198106828938472
15793,21831.606976,2,59280334.016,0.028771487696437
15794,21831.626976,1,59280354.112,0.01974511852808
15795,21831.646976,2,59280374.016,0.0288759809043785
15796,21831.666976,1,59280394.0224,0.0197758518245334
15797,21831.686976,2,59280413.9648,0.0289497408158666
15798,21831.706976,1,59280435.7632,0.0196877497080337
15799,21831.726976,2,59280454.3104,0.0291187739463602
15800,21831.746976,1,59280473.984,0.0197594607330916
15801,21831.766976,2,59280493.9904,0.0291064806277788
15802,21831.786976,1,59280513.984,0.0197963406888356
15803,21831.806976,2,59280534.0032,0.0289681807937386
15804,21831.826976,1,59280553.984,0.0197738029381031
15805,21831.846976,2,59280574.9376,0.0288698342450878
15806,21831.866976,1,59280593.984,0.0198035117913414
15807,21831.886976,2,59280614.0544,0.0287776343557277
15808,21831.906976,1,59280634.0352,0.0197901940295449
15809,21831.926976,2,59280653.9776,0.0286577744995595
15810,21831.946976,1,59280674.0096,0.019735898539144
15811,21831.966976,2,59280694.0032,0.0285286946544553
15812,21831.986976,1,59280713.984,0.0197205318909173
15813,21832.006976,2,59280734.0288,0.0284692769479788
15814,21832.026976,1,59280753.9968,0.0197410207552195
15815,21832.046976,2,59280773.9904,0.0283760526154035
15816,21832.066976,1,59280795.4432,0.0197574118466613
15817,21832.086976,2,59280814.0032,0.0283330260003688
15818,21832.106976,1,59280834.0096,0.0197471674145102
15819,21832.126976,2,59280854.0416,0.0283156104657119
15820,21832.146976,1,59280874.1376,0.0197748273813183
15821,21832.166976,2,59280895.296,0.028243899440654
15822,21832.186976,1,59280914.0224,0.0197942918024054
15823,21832.206976,2,59280934.0544,0.0282838527260434
15824,21832.226976,1,59280954.0608,0.0197697051652427
15825,21832.246976,2,59280973.9904,0.0282777060667527
15826,21832.266976,1,59280994.0096,0.0198055606777716
15827,21832.286976,2,59281014.08,0.0282049705984797
15828,21832.306976,1,59281034.0224,0.0198096584506321
15829,21832.326976,2,59281054.0544,0.028143504005573
15830,21832.346976,1,59281074.0352,0.0197881451431147
15831,21832.366976,2,59281094.0288,0.0281875550638228
15832,21832.386976,1,59281114.0608,0.0197871206998996
15833,21832.406976,2,59281134.1056,0.0283699059561128
15834,21832.426976,1,59281154.0736,0.0197697051652427
15835,21832.446976,2,59281174.0544,0.0284846435962055
15836,21832.466976,1,59281194.0608,0.0198004384616961
15837,21832.486976,2,59281214.0544,0.028689532239228
15838,21832.506976,1,59281234.0736,0.0197563874034462
15839,21832.526976,2,59281254.2464,0.0287469010592743
15840,21832.546976,1,59281274.0736,0.019827073985289
15841,21832.566976,2,59281294.0416,0.0288790542340238
15842,21832.586976,1,59281314.0992,0.0198680517138935
15843,21832.606976,2,59281334.1056,0.0288452476079251
15844,21832.626976,1,59281354.0608,0.0198332206445797
15845,21832.646976,2,59281374.08,0.0288298809596984
15846,21832.666976,1,59281394.2656,0.0197860962566845
15847,21832.686976,2,59281414.0544,0.0286751900342164
15848,21832.706976,1,59281434.1248,0.019808634007417
15849,21832.726976,2,59281454.0928,0.0286434322945479
15850,21832.746976,1,59281474.0864,0.0197481918577253
15851,21832.766976,2,59281494.1696,0.0286669944884955
15852,21832.786976,1,59281515.2896,0.0198301473149343
15853,21832.806976,2,59281535.2704,0.0285799168152109
15854,21832.826976,1,59281554.0736,0.0198045362345565
15855,21832.846976,2,59281574.1056,0.0285850390312865
15856,21832.866976,1,59281594.112,0.0197932673591903
15857,21832.886976,2,59281615.296,0.0285123035630135
15858,21832.906976,1,59281634.1376,0.0197779007109636
15859,21832.926976,2,59281654.0928,0.0283873214907698
15860,21832.946976,1,59281674.0736,0.0198373184174401
15861,21832.966976,2,59281694.1056,0.0281988239391891
15862,21832.986976,1,59281715.3536,0.0197932673591903
15863,21833.006976,2,59281734.1056,0.0281588706537997
15864,21833.026976,1,59281754.944,0.0197215563341324
15865,21833.046976,2,59281774.2592,0.0280400352408466
15866,21833.066976,1,59281794.1376,0.0197348740959289
15867,21833.086976,2,59281814.7328,0.0280482307865675
15868,21833.106976,1,59281834.1248,0.019754338517016
15869,21833.126976,2,59281854.4128,0.0280011063986723
15870,21833.146976,1,59281875.712,0.0198567828385273
15871,21833.166976,2,59281894.144,0.0281045751633987
15872,21833.186976,1,59281917.7344,0.0197830229270392
15873,21833.206976,2,59281934.0928,0.0282367283381482
15874,21833.226976,1,59281954.24,0.0197676562788125
15875,21833.246976,2,59281974.1056,0.0282336550085029
15876,21833.266976,1,59281994.1248,0.0197973651320507
15877,21833.286976,2,59282014.6944,0.0283811748314791
15878,21833.306976,1,59282034.2144,0.0197871206998996
15879,21833.326976,2,59282054.1568,0.0283740037289733
15880,21833.346976,1,59282074.1888,0.0197399963120044
15881,21833.366976,2,59282094.1184,0.0285184502223042
15882,21833.386976,1,59282114.2144,0.0197973651320507
15883,21833.406976,2,59282134.1824,0.0285379146433913
15884,21833.426976,1,59282154.112,0.0198403917470855
15885,21833.446976,2,59282174.1824,0.0283821992746942
15886,21833.466976,1,59282194.1376,0.0197471674145102
15887,21833.486976,2,59282215.0784,0.0284918146987112
15888,21833.506976,1,59282234.4448,0.0197707296084578
15889,21833.526976,2,59282254.1696,0.0290644784559592
15890,21833.546976,1,59282274.1248,0.0198045362345565
15891,21833.566976,2,59282294.1568,0.029636117769992
15892,21833.586976,1,59282314.176,0.0197666318355974
15893,21833.606976,2,59282334.3232,0.0300530661585428
15894,21833.626976,1,59282354.2016,0.0198065851209867
15895,21833.646976,2,59282374.2464,0.0302559059151351
15896,21833.666976,1,59282395.5456,0.0198035117913414
15897,21833.686976,2,59282414.1952,0.0299752084741943
15898,21833.706976,1,59282434.2144,0.0198250250988588
15899,21833.726976,2,59282454.2208,0.0298164197758518
15900,21833.746976,1,59282474.2016,0.0197912184727601
15901,21833.766976,2,59282494.272,0.0293974225008708
15902,21833.786976,1,59282514.2272,0.0198065851209867
15903,21833.806976,2,59282534.3104,0.0290911139795521
15904,21833.826976,1,59282554.176,0.019808634007417
15905,21833.846976,2,59282574.2592,0.0288237343004077
15906,21833.866976,1,59282594.304,0.0197973651320507
15907,21833.886976,2,59282614.2208,0.0284201036736534
15908,21833.906976,1,59282634.3424,0.0197410207552195
15909,21833.926976,2,59282654.208,0.028325854897863
15910,21833.946976,1,59282674.752,0.0198065851209867
15911,21833.966976,2,59282695.8464,0.0282387772245784
15912,21833.986976,1,59282714.2144,0.0198014629049112
15913,21834.006976,2,59282736.1152,0.02811686848198
15914,21834.026976,1,59282754.2272,0.0198393673038703
15915,21834.046976,2,59282774.2464,0.0279570553404225
15916,21834.066976,1,59282794.2272,0.0197850718134694
15917,21834.086976,2,59282814.2336,0.0277941688692196
15918,21834.106976,1,59282834.3296,0.0197901940295449
15919,21834.126976,2,59282854.2336,0.027843342143545
15920,21834.146976,1,59282874.2144,0.0197932673591903
15921,21834.166976,2,59282894.2336,0.0279099309525273
15922,21834.186976,1,59282914.2656,0.019726678550208
15923,21834.206976,2,59282934.2336,0.0280205708197595
15924,21834.226976,1,59282954.2528,0.0198035117913414
15925,21834.246976,2,59282974.2464,0.0279632019997132
15926,21834.266976,1,59282994.2528,0.0197645829491671
15927,21834.286976,2,59283015.5264,0.0278177310631672
15928,21834.306976,1,59283034.2528,0.0198475628495912
15929,21834.326976,2,59283055.3216,0.027852562132481
15930,21834.346976,1,59283074.7904,0.019763558505952
15931,21834.366976,2,59283094.3616,0.0278320732681787
15932,21834.386976,1,59283114.304,0.0198199028827832
15933,21834.406976,2,59283134.3488,0.0277357756059582
15934,21834.426976,1,59283154.2784,0.0199110783289282
15935,21834.446976,2,59283174.2848,0.0277337267195279
15936,21834.466976,1,59283194.2912,0.0198240006556437
15937,21834.486976,2,59283214.3232,0.0277695822320569
15938,21834.506976,1,59283236.5952,0.0197789251541787
15939,21834.526976,2,59283256.4864,0.0276876267748479
15940,21834.546976,1,59283274.2912,0.0197830229270392
15941,21834.566976,2,59283294.2848,0.0277183600713012
15942,21834.586976,1,59283314.3296,0.0198096584506321
15943,21834.606976,2,59283334.3744,0.0277634355727662
15944,21834.626976,1,59283354.368,0.0197963406888356
15945,21834.646976,2,59283374.272,0.0278484643596205
15946,21834.666976,1,59283394.3168,0.0197348740959289
15947,21834.686976,2,59283414.3104,0.0279816419775852
15948,21834.706976,1,59283434.368,0.0197830229270392
15949,21834.726976,2,59283454.3104,0.0278044133013707
15950,21834.746976,1,59283474.368,0.0197143852316266
15951,21834.766976,2,59283494.2976,0.0277818755506382
15952,21834.786976,1,59283514.3296,0.0197717540516729
15953,21834.806976,2,59283534.3232,0.02779826664208
15954,21834.826976,1,59283554.3424,0.0197440940848649
15955,21834.846976,2,59283574.3488,0.0278761243264286
15956,21834.866976,1,59283594.304,0.0196611141844408
15957,21834.886976,2,59283614.3488,0.0279171020550331
15958,21834.906976,1,59283634.3424,0.0197533140738009
15959,21834.926976,2,59283656.9344,0.0278935398610855
15960,21834.946976,1,59283675.904,0.0197922429159752
15961,21834.966976,2,59283694.3488,0.0278003155285103
15962,21834.986976,1,59283715.8016,0.0197809740406089
15963,21835.006976,2,59283734.3616,0.0277368000491733
15964,21835.026976,1,59283754.368,0.0197584362898765
15965,21835.046976,2,59283774.4384,0.0279734464318643
15966,21835.066976,1,59283794.3552,0.0197379474255742
15967,21835.086976,2,59283814.3744,0.0280851107423116
15968,21835.106976,1,59283836.0832,0.0197502407441556
15969,21835.126976,2,59283854.3872,0.028516401335874
15970,21835.146976,1,59283874.4448,0.0196857008216035
15971,21835.166976,2,59283894.4,0.028726412194972
15972,21835.186976,1,59283914.4576,0.0197666318355974
15973,21835.206976,2,59283934.3744,0.0286823611367222
15974,21835.226976,1,59283956.2112,0.0197430696416498
15975,21835.246976,2,59283974.3488,0.0285778679287807
15976,21835.266976,1,59283994.368,0.0198035117913414
15977,21835.286976,2,59284015.6544,0.0287632921507161
15978,21835.306976,1,59284035.0464,0.0197563874034462
15979,21835.326976,2,59284054.464,0.0287192410924662
15980,21835.346976,1,59284074.4064,0.0197051652426906
15981,21835.366976,2,59284094.4512,0.0287161677628209
15982,21835.386976,1,59284114.3936,0.0197615096195218
15983,21835.406976,2,59284134.976,0.0284457147540312
15984,21835.426976,1,59284154.5984,0.019690823037679
15985,21835.446976,2,59284175.1552,0.0284119081279325
15986,21835.466976,1,59284195.8272,0.0196805786055279
15987,21835.486976,2,59284214.4256,0.0285676234966296
15988,21835.506976,1,59284234.4704,0.0197307763230684
15989,21835.526976,2,59284254.4384,0.0286874833527978
15990,21835.546976,1,59284274.3936,0.0197307763230684
15991,21835.566976,2,59284294.4384,0.0288247587436228
15992,21835.586976,1,59284314.624,0.0197236052205626
15993,21835.606976,2,59284334.4256,0.029080869547401
15994,21835.626976,1,59284354.4448,0.0196795541623128
15995,21835.646976,2,59284374.4128,0.0290644784559592
15996,21835.666976,1,59284394.4576,0.0196949208105395
15997,21835.686976,2,59284414.528,0.0290378429323663
15998,21835.706976,1,59284434.6496,0.0196938963673244
15999,21835.726976,2,59284454.464,0.0290675517856045
16000,21835.746976,1,59284474.4448,0.0196979941401848
16001,21835.766976,2,59284494.3872,0.0295111356977483
16002,21835.786976,1,59284514.432,0.0197563874034462
16003,21835.806976,2,59284534.4,0.0300336017374557
16004,21835.826976,1,59284555.4688,0.0197963406888356
16005,21835.846976,2,59284574.4,0.0299106685516422
16006,21835.866976,1,59284594.432,0.0196877497080337
16007,21835.886976,2,59284614.4,0.0295562111992132
16008,21835.906976,1,59284634.4448,0.0197307763230684
16009,21835.926976,2,59284655.6928,0.029326735919028
16010,21835.946976,1,59284674.4192,0.0197123363451964
16011,21835.966976,2,59284694.4256,0.0289999385334071
16012,21835.986976,1,59284714.5216,0.0197707296084578
16013,21836.006976,2,59284734.5152,0.0286905566824431
16014,21836.026976,1,59284754.5728,0.0197307763230684
16015,21836.046976,2,59284774.4768,0.0284825947097752
16016,21836.066976,1,59284796.3392,0.0197102874587662
16017,21836.086976,2,59284814.4384,0.0281670661995206
16018,21836.106976,1,59284834.4576,0.0197830229270392
16019,21836.126976,2,59284854.4384,0.0281271129141312
16020,21836.146976,1,59284874.432,0.0197881451431147
16021,21836.166976,2,59284894.4384,0.0280820374126662
16022,21836.186976,1,59284914.4576,0.0198321962013646
16023,21836.206976,2,59284934.4,0.0279601286700678
16024,21836.226976,1,59284954.624,0.0197307763230684
16025,21836.246976,2,59284976.6912,0.0278146577335218
16026,21836.266976,1,59284996.3008,0.019772778494888
16027,21836.286976,2,59285014.4512,0.0276763578994816
16028,21836.306976,1,59285034.5344,0.0198229762124285
16029,21836.326976,2,59285054.8864,0.027652795705534
16030,21836.346976,1,59285076.2624,0.0198342450877948
16031,21836.366976,2,59285094.464,0.0275677669186797
16032,21836.386976,1,59285115.6864,0.0198188784395681
16033,21836.406976,2,59285134.5152,0.0275851824533366
16034,21836.426976,1,59285154.4576,0.0198475628495912
16035,21836.446976,2,59285174.5024,0.0275872313397668
16036,21836.466976,1,59285194.6496,0.0197850718134694
16037,21836.486976,2,59285214.5024,0.0277634355727662
16038,21836.506976,1,59285234.7264,0.0197440940848649
16039,21836.526976,2,59285254.8736,0.0277378244923884
16040,21836.546976,1,59285274.688,0.0197891695863298
16041,21836.566976,2,59285294.528,0.0279816419775852
16042,21836.586976,1,59285314.624,0.019827073985289
16043,21836.606976,2,59285334.5024,0.0279806175343701
16044,21836.626976,1,59285354.5216,0.0197799495973938
16045,21836.646976,2,59285374.5152,0.027952957567562
16046,21836.666976,1,59285394.5344,0.01988136947569
16047,21836.686976,2,59285414.528,0.0279089065093122
16048,21836.706976,1,59285434.56,0.0198506361792366
16049,21836.726976,2,59285454.5024,0.0277716311184871
16050,21836.746976,1,59285474.5088,0.0198240006556437
16051,21836.766976,2,59285494.528,0.0277490933677546
16052,21836.786976,1,59285514.5088,0.0198035117913414
16053,21836.806976,2,59285534.528,0.0276425512733829
16054,21836.826976,1,59285554.6112,0.0198045362345565
16055,21836.846976,2,59285574.7072,0.0276896756612781
16056,21836.866976,1,59285594.5216,0.0198424406335157
16057,21836.886976,2,59285615.0016,0.027725531173807
16058,21836.906976,1,59285634.7904,0.0198383428606552
16059,21836.926976,2,59285654.912,0.0277665089024115
16060,21836.946976,1,59285674.6368,0.019827073985289
16061,21836.966976,2,59285694.5408,0.0277419222652488
16062,21836.986976,1,59285714.8416,0.0198117073370623
16063,21837.006976,2,59285734.5408,0.0276732845698363
16064,21837.026976,1,59285757.3504,0.0198168295531379
16065,21837.046976,2,59285774.5536,0.0276712356834061
16066,21837.066976,1,59285794.5472,0.0198506361792366
16067,21837.086976,2,59285814.7712,0.0276333312844469
16068,21837.106976,1,59285834.5856,0.0198117073370623
16069,21837.126976,2,59285854.5664,0.0276292335115864
16070,21837.146976,1,59285874.5472,0.0197758518245334
16071,21837.166976,2,59285894.5792,0.027570840248325
16072,21837.186976,1,59285914.56,0.0198332206445797
16073,21837.206976,2,59285934.5664,0.0275349847357961
16074,21837.226976,1,59285954.5856,0.0197983895752658
16075,21837.246976,2,59285974.6048,0.0274038560042617
16076,21837.266976,1,59285994.5728,0.0197850718134694
16077,21837.286976,2,59286016.6528,0.0273239494334829
16078,21837.306976,1,59286034.6112,0.0197645829491671
16079,21837.326976,2,59286054.5792,0.0273147294445469
16080,21837.346976,1,59286074.624,0.0197522896305858
16081,21837.366976,2,59286094.5792,0.0273137050013318
16082,21837.386976,1,59286114.9312,0.0197020919130453
16083,21837.406976,2,59286134.6688,0.0272215051119716
16084,21837.426976,1,59286154.5856,0.0197369229823591
16085,21837.446976,2,59286174.6688,0.0272471161923495
16086,21837.466976,1,59286194.6112,0.0197738029381031
16087,21837.486976,2,59286214.6048,0.0273495605138607
16088,21837.506976,1,59286234.688,0.0197717540516729
16089,21837.526976,2,59286254.592,0.0274642981539533
16090,21837.546976,1,59286274.6368,0.0197328252094986
16091,21837.566976,2,59286294.656,0.0274806892453951
16092,21837.586976,1,59286314.5984,0.0197645829491671
16093,21837.606976,2,59286334.6048,0.0276609912512549
16094,21837.626976,1,59286354.6112,0.0197246296637777
16095,21837.646976,2,59286374.592,0.0277091400823652
16096,21837.666976,1,59286394.624,0.019690823037679
16097,21837.686976,2,59286414.912,0.0276937734341385
16098,21837.706976,1,59286434.688,0.0197195074477022
16099,21837.726976,2,59286454.6048,0.0276405023869527
16100,21837.746976,1,59286474.5728,0.0197440940848649
16101,21837.766976,2,59286494.6432,0.027524740303645
16102,21837.786976,1,59286514.88,0.0197256541069929
16103,21837.806976,2,59286534.6304,0.0273618538324421
16104,21837.826976,1,59286554.6368,0.0196693097301617
16105,21837.846976,2,59286575.168,0.0274827381318254
16106,21837.866976,1,59286594.6496,0.0197256541069929
16107,21837.886976,2,59286614.9504,0.0274315159710697
16108,21837.906976,1,59286634.624,0.0197379474255742
16109,21837.926976,2,59286654.6304,0.0275134714282787
16110,21837.946976,1,59286674.6368,0.0196949208105395
16111,21837.966976,2,59286694.6304,0.0274663470403836
16112,21837.986976,1,59286714.6112,0.0197563874034462
16113,21838.006976,2,59286734.6816,0.0274561026082324
16114,21838.026976,1,59286754.688,0.0197686807220276
16115,21838.046976,2,59286774.6304,0.0273741471510234
16116,21838.066976,1,59286794.6624,0.0197225807773475
16117,21838.086976,2,59286814.7712,0.02734341385457
16118,21838.106976,1,59286834.7264,0.0197492163009404
16119,21838.126976,2,59286854.7328,0.0272758006023726
16120,21838.146976,1,59286874.624,0.0197594607330916
16121,21838.166976,2,59286894.6688,0.0273280472063434
16122,21838.186976,1,59286914.8288,0.0197184830044871
16123,21838.206976,2,59286934.72,0.0272256028848321
16124,21838.226976,1,59286954.7904,0.0197287274366382
16125,21838.246976,2,59286974.656,0.027170282951216
16126,21838.266976,1,59286994.6496,0.0198076095642019
16127,21838.286976,2,59287014.9248,0.0270145675825189
16128,21838.306976,1,59287034.7392,0.019735898539144
16129,21838.326976,2,59287054.7712,0.0269715409674842
16130,21838.346976,1,59287074.7648,0.0197901940295449
16131,21838.366976,2,59287094.6944,0.0271313541090417
16132,21838.386976,1,59287117.4016,0.0196979941401848
16133,21838.406976,2,59287134.7328,0.0270422275493269
16134,21838.426976,1,59287154.7776,0.0197533140738009
16135,21838.446976,2,59287174.72,0.0271713073944311
16136,21838.466976,1,59287197.5552,0.0197901940295449
16137,21838.486976,2,59287214.8608,0.027233798430553
16138,21838.506976,1,59287234.7264,0.0197697051652427
16139,21838.526976,2,59287254.7328,0.0274950314504067
16140,21838.546976,1,59287274.7136,0.0197522896305858
16141,21838.566976,2,59287294.7456,0.027488884791116
16142,21838.586976,1,59287316.544,0.0197563874034462
16143,21838.606976,2,59287334.848,0.027470444813244
16144,21838.626976,1,59287354.7904,0.0198147806667076
16145,21838.646976,2,59287376.7168,0.0275472780543774
16146,21838.666976,1,59287397.8624,0.0198168295531379
16147,21838.686976,2,59287417.3056,0.0275595713729588
16148,21838.706976,1,59287435.0336,0.01974511852808
16149,21838.726976,2,59287454.8096,0.0275022025529125
16150,21838.746976,1,59287474.7264,0.0197758518245334
16151,21838.766976,2,59287494.7584,0.0278310488249636
16152,21838.786976,1,59287514.7776,0.0197645829491671
16153,21838.806976,2,59287534.7456,0.028134284016637
16154,21838.826976,1,59287554.7392,0.0197297518798533
16155,21838.846976,2,59287574.7584,0.0283504415350257
16156,21838.866976,1,59287594.7264,0.0197594607330916
16157,21838.886976,2,59287614.8096,0.0282828282828283
16158,21838.906976,1,59287634.8032,0.0197348740959289
16159,21838.926976,2,59287654.7968,0.0281353084598521
16160,21838.946976,1,59287674.7392,0.0197184830044871
16161,21838.966976,2,59287694.7456,0.0279130042821726
16162,21838.986976,1,59287714.7648,0.0197533140738009
16163,21839.006976,2,59287737.536,0.027725531173807
16164,21839.026976,1,59287754.7648,0.0197891695863298
16165,21839.046976,2,59287777.472,0.0277132378552257
16166,21839.066976,1,59287794.752,0.0197738029381031
16167,21839.086976,2,59287816,0.0276374290573074
16168,21839.106976,1,59287834.8416,0.0197369229823591
16169,21839.126976,2,59287854.784,0.0275401069518717
16170,21839.146976,1,59287876.0704,0.019799414018481
16171,21839.166976,2,59287895.2448,0.0276548445919643
16172,21839.186976,1,59287914.7904,0.0198260495420739
16173,21839.206976,2,59287934.8224,0.0275944024422726
16174,21839.226976,1,59287954.816,0.0198076095642019
16175,21839.246976,2,59287974.9504,0.0274438092896511
16176,21839.266976,1,59287994.9184,0.0198926383510562
16177,21839.286976,2,59288014.8736,0.0274192226524884
16178,21839.306976,1,59288034.88,0.0197860962566845
16179,21839.326976,2,59288054.8224,0.0274376626303604
16180,21839.346976,1,59288074.8672,0.0197850718134694
16181,21839.366976,2,59288094.784,0.0273423894113549
16182,21839.386976,1,59288114.8672,0.0197850718134694
16183,21839.406976,2,59288134.8096,0.0273075583420411
16184,21839.426976,1,59288154.816,0.0198127317802774
16185,21839.446976,2,59288174.848,0.0272297006576925
16186,21839.466976,1,59288194.816,0.0197625340627369
16187,21839.486976,2,59288214.8224,0.0272440428627041
16188,21839.506976,1,59288235.0208,0.019726678550208
16189,21839.526976,2,59288254.8224,0.0272143340094659
16190,21839.546976,1,59288274.8928,0.0197113119019813
16191,21839.566976,2,59288294.848,0.027215358452681
16192,21839.586976,1,59288314.816,0.0197533140738009
16193,21839.606976,2,59288334.8224,0.0271139385743848
16194,21839.626976,1,59288354.8288,0.0197871206998996
16195,21839.646976,2,59288374.848,0.0271549163029893
16196,21839.666976,1,59288394.8416,0.019836293974225
16197,21839.686976,2,59288414.8352,0.0271241830065359
16198,21839.706976,1,59288434.9568,0.0197615096195218
16199,21839.726976,2,59288454.8608,0.027088327494007
16200,21839.746976,1,59288474.88,0.0198076095642019
16201,21839.766976,2,59288494.976,0.02716106296228
16202,21839.786976,1,59288514.8672,0.0198004384616961
16203,21839.806976,2,59288535.0144,0.0271590140758498
16204,21839.826976,1,59288554.8928,0.0198342450877948
16205,21839.846976,2,59288574.848,0.0271272563361813
16206,21839.866976,1,59288594.9312,0.0197287274366382
16207,21839.886976,2,59288614.8736,0.0271405740979777
16208,21839.906976,1,59288634.944,0.0197973651320507
16209,21839.926976,2,59288654.9376,0.0271682340647858
16210,21839.946976,1,59288674.8672,0.0196877497080337
16211,21839.966976,2,59288694.8992,0.0272399450898437
16212,21839.986976,1,59288715.8144,0.0197666318355974
16213,21840.006976,2,59288735.1552,0.0271600385190649
16214,21840.026976,1,59288754.88,0.0198782961460446
16215,21840.046976,2,59288774.8992,0.0271528674165591
16216,21840.066976,1,59288794.944,0.0197963406888356
16217,21840.086976,2,59288814.9248,0.027170282951216
16218,21840.106976,1,59288835.0336,0.0198004384616961
16219,21840.126976,2,59288854.9248,0.027106767471879
16220,21840.146976,1,59288874.9696,0.0197379474255742
16221,21840.166976,2,59288894.9888,0.0271477452004835
16222,21840.186976,1,59288914.9568,0.0197768762677485
16223,21840.206976,2,59288935.0912,0.0272122851230356
16224,21840.226976,1,59288955.0208,0.019772778494888
16225,21840.246976,2,59288974.9504,0.0271999918044543
16226,21840.266976,1,59288995.0976,0.0198014629049112
16227,21840.286976,2,59289015.104,0.0271825762697974
16228,21840.306976,1,59289034.9696,0.0197840473702543
16229,21840.326976,2,59289054.976,0.0271784784969369
16230,21840.346976,1,59289074.9696,0.0197830229270392
16231,21840.366976,2,59289094.9888,0.0271651607351405
16232,21840.386976,1,59289114.9312,0.0198055606777716
16233,21840.406976,2,59289134.9504,0.0270944741532977
16234,21840.426976,1,59289154.944,0.0197871206998996
16235,21840.446976,2,59289174.9632,0.0270678386297048
16236,21840.466976,1,59289195.0848,0.0197318007662835
16237,21840.486976,2,59289215.0016,0.0271590140758498
16238,21840.506976,1,59289234.9824,0.0198065851209867
16239,21840.526976,2,59289255.0272,0.027079107505071
16240,21840.546976,1,59289274.9952,0.0197860962566845
16241,21840.566976,2,59289298.5216,0.0270186653553794
16242,21840.586976,1,59289314.9568,0.0197594607330916
16243,21840.606976,2,59289334.9888,0.0270391542196816
16244,21840.626976,1,59289355.0464,0.0197574118466613
16245,21840.646976,2,59289375.04,0.0269920298317864
16246,21840.666976,1,59289395.008,0.0197748273813183
16247,21840.686976,2,59289415.0144,0.0269274899092343
16248,21840.706976,1,59289435.0976,0.0197871206998996
16249,21840.726976,2,59289455.0144,0.0269541254328273
16250,21840.746976,1,59289474.9568,0.0197666318355974
16251,21840.766976,2,59289494.9888,0.0268598766570369
16252,21840.786976,1,59289515.0592,0.0197901940295449
16253,21840.806976,2,59289535.0912,0.0268742188620485
16254,21840.826976,1,59289554.9824,0.0197420451984347
16255,21840.846976,2,59289574.9888,0.026896756612781
16256,21840.866976,1,59289595.072,0.0197625340627369
16257,21840.886976,2,59289615.1936,0.0269387587846006
16258,21840.906976,1,59289635.0592,0.0197779007109636
16259,21840.926976,2,59289657.408,0.0269018788288565
16260,21840.946976,1,59289675.0848,0.0197584362898765
16261,21840.966976,2,59289695.04,0.0268690966459729
16262,21840.986976,1,59289714.9952,0.0197707296084578
16263,21841.006976,2,59289735.04,0.0268445100088102
16264,21841.026976,1,59289755.0464,0.0197922429159752
16265,21841.046976,2,59289775.0784,0.0268158255987871
16266,21841.066976,1,59289798.1952,0.0197666318355974
16267,21841.086976,2,59289816.4352,0.0267727989837523
16268,21841.106976,1,59289835.008,0.0197932673591903
16269,21841.126976,2,59289857.4208,0.0268434855655951
16270,21841.146976,1,59289875.1744,0.0197574118466613
16271,21841.166976,2,59289895.0784,0.026778945643043
16272,21841.186976,1,59289915.072,0.0198414161903006
16273,21841.206976,2,59289935.1936,0.0266980146290491
16274,21841.226976,1,59289955.0592,0.0197809740406089
16275,21841.246976,2,59289975.1296,0.0267727989837523
16276,21841.266976,1,59289995.0336,0.0197881451431147
16277,21841.286976,2,59290015.0528,0.0266754768783166
16278,21841.306976,1,59290035.0336,0.0197983895752658
16279,21841.326976,2,59290055.8592,0.0266836724240375
16280,21841.346976,1,59290075.1616,0.0197953162456205
16281,21841.366976,2,59290095.4368,0.0266170836150552
16282,21841.386976,1,59290115.1232,0.0197758518245334
16283,21841.406976,2,59290136.704,0.0266621591165202
16284,21841.426976,1,59290155.0848,0.0198444895199459
16285,21841.446976,2,59290176.9472,0.0266508902411539
16286,21841.466976,1,59290195.0592,0.0198342450877948
16287,21841.486976,2,59290215.04,0.0267943122912697
16288,21841.506976,1,59290235.0848,0.0198055606777716
16289,21841.526976,2,59290255.1808,0.0268168500420022
16290,21841.546976,1,59290275.0848,0.019817853996353
16291,21841.566976,2,59290296.4096,0.0269920298317864
16292,21841.586976,1,59290315.1872,0.0198741983731842
16293,21841.606976,2,59290335.1936,0.0271958940315938
16294,21841.626976,1,59290355.1872,0.0198403917470855
16295,21841.646976,2,59290375.616,0.0270985719261581
16296,21841.666976,1,59290395.1616,0.0198117073370623
16297,21841.686976,2,59290415.1424,0.0270985719261581
16298,21841.706976,1,59290435.136,0.0198557583953122
16299,21841.726976,2,59290455.36,0.0271221341201057
16300,21841.746976,1,59290475.1104,0.019827073985289
16301,21841.766976,2,59290495.168,0.0269500276599668
16302,21841.786976,1,59290515.3408,0.0198076095642019
16303,21841.806976,2,59290535.1296,0.0268813899645543
16304,21841.826976,1,59290555.1488,0.0197574118466613
16305,21841.846976,2,59290575.3856,0.0268301678037986
16306,21841.866976,1,59290595.1616,0.0197717540516729
16307,21841.886976,2,59290615.1936,0.0268906099534903
16308,21841.906976,1,59290635.2768,0.0197809740406089
16309,21841.926976,2,59290655.1936,0.0269940787182167
16310,21841.946976,1,59290675.1488,0.019845513963161
16311,21841.966976,2,59290695.3856,0.026915196590653
16312,21841.986976,1,59290715.136,0.0197983895752658
16313,21842.006976,2,59290735.1552,0.0269100743745774
16314,21842.026976,1,59290755.4048,0.0197963406888356
16315,21842.046976,2,59290775.1808,0.0268188989284324
16316,21842.066976,1,59290795.1872,0.0198291228717192
16317,21842.086976,2,59290815.1168,0.026760505665171
16318,21842.106976,1,59290835.2128,0.0197871206998996
16319,21842.126976,2,59290855.4368,0.0268035322802057
16320,21842.146976,1,59290875.1744,0.0198260495420739
16321,21842.166976,2,59290897.1264,0.0269490032167517
16322,21842.186976,1,59290915.4048,0.0197707296084578
16323,21842.206976,2,59290936.1536,0.0270176409121642
16324,21842.226976,1,59290955.2256,0.0198035117913414
16325,21842.246976,2,59290975.2576,0.0270565697543385
16326,21842.266976,1,59290995.1872,0.0198188784395681
16327,21842.286976,2,59291015.168,0.0271385252115475
16328,21842.306976,1,59291035.2256,0.0198383428606552
16329,21842.326976,2,59291055.2576,0.0271446718708382
16330,21842.346976,1,59291075.2,0.0197625340627369
16331,21842.366976,2,59291095.1552,0.0271354518819022
16332,21842.386976,1,59291115.2384,0.0198229762124285
16333,21842.406976,2,59291135.2448,0.0271784784969369
16334,21842.426976,1,59291155.392,0.0198250250988588
16335,21842.446976,2,59291175.168,0.0273475116274305
16336,21842.466976,1,59291195.1616,0.0197942918024054
16337,21842.486976,2,59291215.2064,0.0272686294998668
16338,21842.506976,1,59291235.264,0.0198158051099228
16339,21842.526976,2,59291255.2832,0.0272594095109308
16340,21842.546976,1,59291275.3792,0.0197830229270392
16341,21842.566976,2,59291295.2064,0.0273352183088491
16342,21842.586976,1,59291315.584,0.01974511852808
16343,21842.606976,2,59291336.1664,0.027461224824308
16344,21842.626976,1,59291355.2128,0.0198137562234925
16345,21842.646976,2,59291375.2704,0.0275216669739996
16346,21842.666976,1,59291395.264,0.0197912184727601
16347,21842.686976,2,59291415.232,0.0276282090683713
16348,21842.706976,1,59291435.4816,0.019781998483824
16349,21842.726976,2,59291455.232,0.0276005491015633
16350,21842.746976,1,59291475.3664,0.0197717540516729
16351,21842.766976,2,59291495.2704,0.0275411313950868
16352,21842.786976,1,59291515.2128,0.0197379474255742
16353,21842.806976,2,59291535.3728,0.0275308869629356
16354,21842.826976,1,59291555.2384,0.0197768762677485
16355,21842.846976,2,59291575.3088,0.0277173356280861
16356,21842.866976,1,59291595.2128,0.0198137562234925
16357,21842.886976,2,59291616.384,0.0276876267748479
16358,21842.906976,1,59291635.52,0.019772778494888
16359,21842.926976,2,59291655.3984,0.0276384535005225
16360,21842.946976,1,59291675.456,0.019909029442498
16361,21842.966976,2,59291695.2576,0.0275349847357961
16362,21842.986976,1,59291715.2384,0.019845513963161
16363,21843.006976,2,59291735.4112,0.027716311184871
16364,21843.026976,1,59291755.264,0.0198373184174401
16365,21843.046976,2,59291775.3984,0.0277869977667138
16366,21843.066976,1,59291795.3152,0.0198219517692134
16367,21843.086976,2,59291815.3088,0.0277788022209929
16368,21843.106976,1,59291835.4176,0.0198557583953122
16369,21843.126976,2,59291855.6544,0.0277449955948942
16370,21843.146976,1,59291875.264,0.0197912184727601
16371,21843.166976,2,59291895.3728,0.0278484643596205
16372,21843.186976,1,59291915.264,0.0198526850656668
16373,21843.206976,2,59291935.4624,0.0279211998278935
16374,21843.226976,1,59291955.2896,0.0198557583953122
16375,21843.246976,2,59291975.3088,0.0279550064539923
16376,21843.266976,1,59291995.3152,0.019735898539144
16377,21843.286976,2,59292015.3344,0.0280574507755035
16378,21843.306976,1,59292035.4176,0.0198117073370623
16379,21843.326976,2,59292055.5392,0.0281793595181019
16380,21843.346976,1,59292075.7504,0.0197871206998996
16381,21843.366976,2,59292095.3216,0.0282940971581945
16382,21843.386976,1,59292115.3536,0.019808634007417
16383,21843.406976,2,59292135.3472,0.0282818038396132
16384,21843.426976,1,59292155.52,0.019754338517016
16385,21843.446976,2,59292175.2832,0.028189603950253
16386,21843.466976,1,59292195.456,0.0197809740406089
16387,21843.486976,2,59292215.3088,0.0281137951523347
16388,21843.506976,1,59292235.3024,0.019690823037679
16389,21843.526976,2,59292255.5008,0.0280267174790501
16390,21843.546976,1,59292275.3152,0.0197625340627369
16391,21843.566976,2,59292295.5264,0.0279355420329051
16392,21843.586976,1,59292315.328,0.0198127317802774
16393,21843.606976,2,59292335.3344,0.0278494888028357
16394,21843.626976,1,59292355.5712,0.0198280984285041
16395,21843.646976,2,59292375.4496,0.0278095355174463
16396,21843.666976,1,59292395.3024,0.0197328252094986
16397,21843.686976,2,59292415.6032,0.0277665089024115
16398,21843.706976,1,59292435.5328,0.0197901940295449
16399,21843.726976,2,59292455.4752,0.0277716311184871
16400,21843.746976,1,59292475.3536,0.0197236052205626
16401,21843.766976,2,59292495.424,0.0276312823980167
16402,21843.786976,1,59292515.584,0.0197779007109636
16403,21843.806976,2,59292535.4368,0.0276425512733829
16404,21843.826976,1,59292555.392,0.0197676562788125
16405,21843.846976,2,59292575.424,0.027488884791116
16406,21843.866976,1,59292595.3792,0.0197942918024054
16407,21843.886976,2,59292615.552,0.0275196180875694
16408,21843.906976,1,59292635.5584,0.0198137562234925
16409,21843.926976,2,59292655.424,0.0274950314504067
16410,21843.946976,1,59292675.4688,0.0198321962013646
16411,21843.966976,2,59292695.5392,0.0275360091790112
16412,21843.986976,1,59292715.4176,0.0197840473702543
16413,21844.006976,2,59292735.5264,0.0275739135779704
16414,21844.026976,1,59292755.4304,0.0197932673591903
16415,21844.046976,2,59292775.5264,0.0274438092896511
16416,21844.066976,1,59292795.4688,0.0197850718134694
16417,21844.086976,2,59292815.5008,0.0274171737660581
16418,21844.106976,1,59292835.3792,0.0198096584506321
16419,21844.126976,2,59292855.5264,0.0273454627410003
16420,21844.146976,1,59292875.6864,0.0198219517692134
16421,21844.166976,2,59292895.4368,0.0272624828405761
16422,21844.186976,1,59292915.4816,0.0198188784395681
16423,21844.206976,2,59292935.4368,0.0272635072837913
16424,21844.226976,1,59292955.4432,0.0197809740406089
16425,21844.246976,2,59292975.4624,0.0272307251009077
16426,21844.266976,1,59292995.6096,0.0198465384063761
16427,21844.286976,2,59293015.5136,0.0272645317270064
16428,21844.306976,1,59293035.5072,0.0197522896305858
16429,21844.326976,2,59293055.424,0.0273382916384945
16430,21844.346976,1,59293075.4048,0.0198127317802774
16431,21844.366976,2,59293095.4368,0.0275052758825578
16432,21844.386976,1,59293115.4944,0.0198209273259983
16433,21844.406976,2,59293135.6032,0.0274786403589649
16434,21844.426976,1,59293155.392,0.0197963406888356
16435,21844.446976,2,59293175.5648,0.0276230868522958
16436,21844.466976,1,59293196.4928,0.0198188784395681
16437,21844.486976,2,59293215.3984,0.0276384535005225
16438,21844.506976,1,59293235.7376,0.0198045362345565
16439,21844.526976,2,59293255.5136,0.0276825045587723
16440,21844.546976,1,59293275.5328,0.0197953162456205
16441,21844.566976,2,59293295.5264,0.0278392443706845
16442,21844.586976,1,59293315.6608,0.0197860962566845
16443,21844.606976,2,59293335.616,0.0278832954289344
16444,21844.626976,1,59293355.6096,0.0198168295531379
16445,21844.646976,2,59293375.7696,0.027952957567562
16446,21844.666976,1,59293395.6864,0.0198035117913414
16447,21844.686976,2,59293415.4496,0.0278771487696437
16448,21844.706976,1,59293435.5072,0.0199172249882189
16449,21844.726976,2,59293455.7056,0.0277839244370685
16450,21844.746976,1,59293475.6096,0.0197625340627369
16451,21844.766976,2,59293495.488,0.0276620156944701
16452,21844.786976,1,59293515.776,0.0198260495420739
16453,21844.806976,2,59293535.5264,0.0275544491568832
16454,21844.826976,1,59293555.6096,0.0198414161903006
16455,21844.846976,2,59293575.5008,0.0275462536111623
16456,21844.866976,1,59293595.5456,0.0197881451431147
16457,21844.886976,2,59293615.5648,0.0275370336222263
16458,21844.906976,1,59293635.6864,0.0198465384063761
16459,21844.926976,2,59293655.5776,0.0275851824533366
16460,21844.946976,1,59293675.8656,0.0198311717581494
16461,21844.966976,2,59293695.5008,0.0275544491568832
16462,21844.986976,1,59293715.4816,0.0198444895199459
16463,21845.006976,2,59293735.5776,0.0275442047247321
16464,21845.026976,1,59293755.6608,0.0198782961460446
16465,21845.046976,2,59293775.6032,0.0275646935890344
16466,21845.066976,1,59293795.7504,0.0198014629049112
16467,21845.086976,2,59293815.6544,0.0275144958714938
16468,21845.106976,1,59293835.9296,0.0199049316696376
16469,21845.126976,2,59293855.7056,0.0273782449238839
16470,21845.146976,1,59293875.5072,0.0198229762124285
16471,21845.166976,2,59293895.6544,0.0273905382424652
16472,21845.186976,1,59293915.8016,0.0198137562234925
16473,21845.206976,2,59293935.68,0.0273034605691807
16474,21845.226976,1,59293955.84,0.0198332206445797
16475,21845.246976,2,59293975.744,0.0271600385190649
16476,21845.266976,1,59293995.7504,0.0198506361792366
16477,21845.286976,2,59294015.9232,0.0270586186407687
16478,21845.306976,1,59294035.6992,0.0197850718134694
16479,21845.326976,2,59294055.8464,0.0272327739873379
16480,21845.346976,1,59294075.6608,0.0198567828385273
16481,21845.366976,2,59294095.5904,0.0273536582867212
16482,21845.386976,1,59294115.5968,0.0198188784395681
16483,21845.406976,2,59294135.7312,0.0274376626303604
16484,21845.426976,1,59294155.6352,0.0198823939189051
16485,21845.446976,2,59294175.5648,0.0275257647468601
16486,21845.466976,1,59294195.7248,0.0198608806113877
16487,21845.486976,2,59294215.7312,0.0276107935337144
16488,21845.506976,1,59294235.7504,0.0198660028274633
16489,21845.526976,2,59294255.8848,0.0276497223758887
16490,21845.546976,1,59294275.6352,0.0198393673038703
16491,21845.566976,2,59294295.616,0.0275769869076157
16492,21845.586976,1,59294315.5584,0.0197922429159752
16493,21845.606976,2,59294335.6032,0.0276825045587723
16494,21845.626976,1,59294355.6352,0.0197369229823591
16495,21845.646976,2,59294375.5392,0.0277542155838302
16496,21845.666976,1,59294395.6992,0.0197502407441556
16497,21845.686976,2,59294415.9104,0.0279427131354109
16498,21845.706976,1,59294435.5712,0.0198301473149343
16499,21845.726976,2,59294455.8208,0.0279150531686029
16500,21845.746976,1,59294475.6864,0.0198762472596144
16501,21845.766976,2,59294495.8336,0.0278013399717254
16502,21845.786976,1,59294515.8784,0.0198649783842482
16503,21845.806976,2,59294535.6544,0.0277767533345627
16504,21845.826976,1,59294555.8016,0.0198250250988588
16505,21845.846976,2,59294575.9232,0.0277408978220337
16506,21845.866976,1,59294595.648,0.019918249431434
16507,21845.886976,2,59294615.9232,0.0277214334009466
16508,21845.906976,1,59294635.9808,0.0198854672485504
16509,21845.926976,2,59294655.6416,0.0276845534452025
16510,21845.946976,1,59294675.8784,0.0198188784395681
16511,21845.966976,2,59294695.9104,0.0278105599606614
16512,21845.986976,1,59294715.84,0.0198137562234925
16513,21846.006976,2,59294735.872,0.0278761243264286
16514,21846.026976,1,59294755.8656,0.0198188784395681
16515,21846.046976,2,59294775.6032,0.027725531173807
16516,21846.066976,1,59294795.8144,0.0197953162456205
16517,21846.086976,2,59294815.616,0.0277470444813244
16518,21846.106976,1,59294835.6736,0.0198424406335157
16519,21846.126976,2,59294855.9104,0.0277777777777778
16520,21846.146976,1,59294875.7376,0.0198403917470855
16521,21846.166976,2,59294895.7056,0.0278044133013707
16522,21846.186976,1,59294915.7248,0.0198035117913414
16523,21846.206976,2,59294935.6288,0.0279037842932366
16524,21846.226976,1,59294955.8784,0.0197881451431147
16525,21846.246976,2,59294975.744,0.0279642264429283
16526,21846.266976,1,59294995.6224,0.0198117073370623
16527,21846.286976,2,59295016.128,0.0278228532792427
16528,21846.306976,1,59295035.712,0.0198557583953122
16529,21846.326976,2,59295055.6416,0.0279048087364517
16530,21846.346976,1,59295075.6352,0.019817853996353
16531,21846.366976,2,59295096.128,0.0279632019997132
16532,21846.386976,1,59295116.0832,0.0198014629049112
16533,21846.406976,2,59295135.7056,0.0279232487143238
16534,21846.426976,1,59295156.0832,0.0197922429159752
16535,21846.446976,2,59295175.8976,0.0278402688138996
16536,21846.466976,1,59295195.9936,0.0198690761571086
16537,21846.486976,2,59295216.2304,0.027697871206999
16538,21846.506976,1,59295235.712,0.0197871206998996
16539,21846.526976,2,59295256.128,0.0276579179216096
16540,21846.546976,1,59295275.6992,0.019872149486754
16541,21846.566976,2,59295296.0128,0.0276230868522958
16542,21846.586976,1,59295316.1216,0.0197963406888356
16543,21846.606976,2,59295335.6928,0.0276896756612781
16544,21846.626976,1,59295356.2496,0.0197871206998996
16545,21846.646976,2,59295375.6928,0.0277111889687955
16546,21846.666976,1,59295396.1088,0.0198106828938472
16547,21846.686976,2,59295415.872,0.0277593377999058
16548,21846.706976,1,59295435.6992,0.0197932673591903
16549,21846.726976,2,59295455.872,0.0278740754399984
16550,21846.746976,1,59295475.648,0.0197522896305858
16551,21846.766976,2,59295495.8848,0.0277050423095048
16552,21846.786976,1,59295515.8528,0.0198280984285041
16553,21846.806976,2,59295535.8208,0.0278607576782019
16554,21846.826976,1,59295555.7248,0.0198352695310099
16555,21846.846976,2,59295575.744,0.0276712356834061
16556,21846.866976,1,59295595.712,0.0197717540516729
16557,21846.886976,2,59295615.6928,0.0276620156944701
16558,21846.906976,1,59295635.7632,0.0198106828938472
16559,21846.926976,2,59295655.7056,0.0277624111295511
16560,21846.946976,1,59295675.7248,0.0197430696416498
16561,21846.966976,2,59295695.9488,0.0277900710963591
16562,21846.986976,1,59295715.8272,0.0197717540516729
16563,21847.006976,2,59295735.7568,0.0278750998832135
16564,21847.026976,1,59295755.7376,0.0198188784395681
16565,21847.046976,2,59295775.6928,0.0279119798389575
16566,21847.066976,1,59295795.7376,0.0198342450877948
16567,21847.086976,2,59295815.7568,0.0279037842932366
16568,21847.106976,1,59295835.8144,0.0198158051099228
16569,21847.126976,2,59295855.744,0.027807486631016
16570,21847.146976,1,59295875.7504,0.0197953162456205
16571,21847.166976,2,59295895.7568,0.0276753334562665
16572,21847.186976,1,59295915.776,0.0197799495973938
16573,21847.206976,2,59295935.8208,0.0277439711516791
16574,21847.226976,1,59295955.7632,0.0198096584506321
16575,21847.246976,2,59295975.7312,0.0277009445366443
16576,21847.266976,1,59295995.7632,0.0197553629602311
16577,21847.286976,2,59296015.9872,0.0276425512733829
16578,21847.306976,1,59296035.7888,0.0197615096195218
16579,21847.326976,2,59296055.7824,0.0275636691458192
16580,21847.346976,1,59296076.1216,0.0197471674145102
16581,21847.366976,2,59296096.064,0.0273577560595816
16582,21847.386976,1,59296115.84,0.019772778494888
16583,21847.406976,2,59296135.8464,0.0273362427520643
16584,21847.426976,1,59296155.7504,0.019799414018481
16585,21847.446976,2,59296175.7952,0.0272460917491343
16586,21847.466976,1,59296196.352,0.0198199028827832
16587,21847.486976,2,59296216,0.0272184317823263
16588,21847.506976,1,59296235.8016,0.0197533140738009
16589,21847.526976,2,59296255.808,0.0271948695883787
16590,21847.546976,1,59296275.7504,0.0198096584506321
16591,21847.566976,2,59296295.8208,0.0272143340094659
16592,21847.586976,1,59296315.7888,0.0198004384616961
16593,21847.606976,2,59296335.8848,0.0272553117380704
16594,21847.626976,1,59296355.8016,0.019781998483824
16595,21847.646976,2,59296375.8208,0.0271170119040302
16596,21847.666976,1,59296395.8144,0.0198752228163993
16597,21847.686976,2,59296415.8208,0.0271815518265823
16598,21847.706976,1,59296435.7888,0.0198342450877948
16599,21847.726976,2,59296455.8208,0.027170282951216
16600,21847.746976,1,59296475.8272,0.0198588317249575
16601,21847.766976,2,59296495.8208,0.0272112606798205
16602,21847.786976,1,59296515.8656,0.0198875161349806
16603,21847.806976,2,59296535.8464,0.0272235539984019
16604,21847.826976,1,59296555.8912,0.019827073985289
16605,21847.846976,2,59296575.8592,0.0272143340094659
16606,21847.866976,1,59296595.84,0.0198383428606552
16607,21847.886976,2,59296615.872,0.0272850205913086
16608,21847.906976,1,59296635.8016,0.0197512651873707
16609,21847.926976,2,59296655.8336,0.0272409695330588
16610,21847.946976,1,59296675.8144,0.0198147806667076
16611,21847.966976,2,59296695.8464,0.0272798983752331
16612,21847.986976,1,59296715.84,0.0198158051099228
16613,21848.006976,2,59296735.9104,0.0274202470957035
16614,21848.026976,1,59296755.84,0.0197666318355974
16615,21848.046976,2,59296775.8592,0.0276968467637839
16616,21848.066976,1,59296795.8912,0.019808634007417
16617,21848.086976,2,59296815.8592,0.0278064621878009
16618,21848.106976,1,59296835.8272,0.0198352695310099
16619,21848.126976,2,59296855.8336,0.0278453910299752
16620,21848.146976,1,59296875.8528,0.0198168295531379
16621,21848.166976,2,59296895.9104,0.0275923535558424
16622,21848.186976,1,59296915.8528,0.0198465384063761
16623,21848.206976,2,59296935.9232,0.0275042514393427
16624,21848.226976,1,59296955.8912,0.0198147806667076
16625,21848.246976,2,59296975.872,0.0274274181982093
16626,21848.266976,1,59296995.904,0.0198158051099228
16627,21848.286976,2,59297015.8976,0.0274438092896511
16628,21848.306976,1,59297035.8784,0.019754338517016
16629,21848.326976,2,59297055.8592,0.0273577560595816
16630,21848.346976,1,59297075.9168,0.0197963406888356
16631,21848.366976,2,59297095.8336,0.027488884791116
16632,21848.386976,1,59297115.8784,0.0198475628495912
16633,21848.406976,2,59297135.9232,0.0274325404142848
16634,21848.426976,1,59297155.84,0.0197860962566845
16635,21848.446976,2,59297175.936,0.0272932161370295
16636,21848.466976,1,59297195.8656,0.0198629294978179
16637,21848.486976,2,59297215.8976,0.0272204806687565
16638,21848.506976,1,59297236.0576,0.0198496117360215
16639,21848.526976,2,59297255.9232,0.027188722929088
16640,21848.546976,1,59297275.9296,0.019808634007417
16641,21848.566976,2,59297295.9104,0.0271477452004835
16642,21848.586976,1,59297315.9296,0.0198055606777716
16643,21848.606976,2,59297336,0.0270493986518327
16644,21848.626976,1,59297355.8784,0.0197963406888356
16645,21848.646976,2,59297375.9744,0.0269992009342922
16646,21848.666976,1,59297395.8784,0.0198219517692134
16647,21848.686976,2,59297415.8976,0.0270637408568443
16648,21848.706976,1,59297435.9552,0.0198199028827832
16649,21848.726976,2,59297455.8976,0.0271395496547626
16650,21848.746976,1,59297475.9168,0.0198352695310099
16651,21848.766976,2,59297495.8848,0.027306533898826
16652,21848.786976,1,59297515.9424,0.0198117073370623
16653,21848.806976,2,59297535.9872,0.027597475771918
16654,21848.826976,1,59297555.9424,0.0197533140738009
16655,21848.846976,2,59297576,0.0277777777777778
16656,21848.866976,1,59297596.0576,0.0197512651873707
16657,21848.886976,2,59297616.0128,0.0279509086811318
16658,21848.906976,1,59297636.096,0.0197471674145102
16659,21848.926976,2,59297656.0128,0.0284375192083103
16660,21848.946976,1,59297675.9424,0.0197860962566845
16661,21848.966976,2,59297695.9744,0.0289845718851804
16662,21848.986976,1,59297715.9808,0.0197666318355974
16663,21849.006976,2,59297736.0128,0.0291382383674473
16664,21849.026976,1,59297755.9552,0.0196805786055279
16665,21849.046976,2,59297775.9616,0.0291034072981335
16666,21849.066976,1,59297796.0064,0.0197830229270392
16667,21849.086976,2,59297815.9488,0.0289763763394595
16668,21849.106976,1,59297835.9552,0.0197594607330916
16669,21849.126976,2,59297855.9616,0.0286239678734608
16670,21849.146976,1,59297875.968,0.0197246296637777
16671,21849.166976,2,59297896,0.0282869260556887
16672,21849.186976,1,59297916.0064,0.0197143852316266
16673,21849.206976,2,59297935.9744,0.0282500460999447
16674,21849.226976,1,59297956.0064,0.0197082385723359
16675,21849.246976,2,59297975.9488,0.028398590366136
16676,21849.266976,1,59297995.968,0.0197686807220276
16677,21849.286976,2,59298015.9872,0.0289087630872621
16678,21849.306976,1,59298036.096,0.0197625340627369
16679,21849.326976,2,59298055.9616,0.0295285512324052
16680,21849.346976,1,59298076.1344,0.01974511852808
16681,21849.366976,2,59298096,0.0297590509558055
16682,21849.386976,1,59298115.968,0.0197502407441556
16683,21849.406976,2,59298136.0896,0.0297354887618579
16684,21849.426976,1,59298156.0064,0.0197420451984347
16685,21849.446976,2,59298176.0256,0.029681193271457
16686,21849.466976,1,59298196.0064,0.0197307763230684
16687,21849.486976,2,59298216.0128,0.0293072714979409
16688,21849.506976,1,59298236.1344,0.0197225807773475
16689,21849.526976,2,59298255.9872,0.0289364230540701
16690,21849.546976,1,59298275.9936,0.0197113119019813
16691,21849.566976,2,59298296.0384,0.0288227098571926
16692,21849.586976,1,59298316.0192,0.0196744319462372
16693,21849.606976,2,59298336.1536,0.0288780297908087
16694,21849.626976,1,59298355.9936,0.0197430696416498
16695,21849.646976,2,59298376.0256,0.0287673899235765
16696,21849.666976,1,59298396.0576,0.019709263015551
16697,21849.686976,2,59298416,0.0286618722724199
16698,21849.706976,1,59298436.096,0.0197328252094986
16699,21849.726976,2,59298456.1408,0.0287919765607392
16700,21849.746976,1,59298476.0064,0.0196611141844408
16701,21849.766976,2,59298496.0512,0.0289231052922736
16702,21849.786976,1,59298516.032,0.019681603048743
16703,21849.806976,2,59298536.1408,0.0293431270104698
16704,21849.826976,1,59298556.0192,0.0197041407994755
16705,21849.846976,2,59298576.0256,0.0293759091933534
16706,21849.866976,1,59298596.0832,0.0196344786608478
16707,21849.886976,2,59298616.1152,0.0295582600856435
16708,21849.906976,1,59298636.224,0.0197246296637777
16709,21849.926976,2,59298656.0768,0.0296125555760444
16710,21849.946976,1,59298676.0576,0.0197051652426906
16711,21849.966976,2,59298696.0384,0.0292919048497142
16712,21849.986976,1,59298716.032,0.0197010674698301
16713,21850.006976,2,59298736.256,0.0289845718851804
16714,21850.026976,1,59298756.0832,0.0196529186387199
16715,21850.046976,2,59298776.1152,0.0288821275636691
16716,21850.066976,1,59298796.0448,0.0196734075030221
16717,21850.086976,2,59298816.0512,0.0286495789538386
16718,21850.106976,1,59298836.16,0.0196549675251501
16719,21850.126976,2,59298856.0768,0.0283658081832524
16720,21850.146976,1,59298876.1088,0.0197010674698301
16721,21850.166976,2,59298896.1152,0.0283268793410781
16722,21850.186976,1,59298916.096,0.019618087569406
16723,21850.206976,2,59298936.32,0.0281670661995206
16724,21850.226976,1,59298956.1088,0.0197738029381031
16725,21850.246976,2,59298976.1536,0.0281322351302067
16726,21850.266976,1,59298996.096,0.0196867252648186
16727,21850.286976,2,59299016.128,0.0281230151412707
16728,21850.306976,1,59299036.2112,0.0196559919683652
16729,21850.326976,2,59299056.1152,0.0282141905874157
16730,21850.346976,1,59299076.16,0.0197031163562604
16731,21850.366976,2,59299096.0896,0.0283104882496363
16732,21850.386976,1,59299116.1472,0.0197379474255742
16733,21850.406976,2,59299136.5376,0.0283401971028746
16734,21850.426976,1,59299156.0832,0.0196498453090745
16735,21850.446976,2,59299176.1024,0.0283996148093511
16736,21850.466976,1,59299196.1856,0.019690823037679
16737,21850.486976,2,59299216.2304,0.0284344458786649
16738,21850.506976,1,59299236.1856,0.01974511852808
16739,21850.526976,2,59299256.1664,0.028607576782019
16740,21850.546976,1,59299276.1472,0.0198024873481263
16741,21850.566976,2,59299296.1152,0.0288011965496753
16742,21850.586976,1,59299316.1088,0.0196949208105395
16743,21850.606976,2,59299336.2048,0.0290849673202614
16744,21850.626976,1,59299356.1344,0.0197154096748417
16745,21850.646976,2,59299376.1152,0.029272440428627
16746,21850.666976,1,59299396.1472,0.0197461429712951
16747,21850.686976,2,59299416.128,0.0296156289056898
16748,21850.706976,1,59299436.3648,0.0197061896859057
16749,21850.726976,2,59299456.1408,0.0299014485627062
16750,21850.746976,1,59299476.16,0.0197010674698301
16751,21850.766976,2,59299496.1152,0.0299342307455898
16752,21850.786976,1,59299516.1344,0.0197164341180568
16753,21850.806976,2,59299536.4096,0.0300848238982113
16754,21850.826976,1,59299556.2112,0.0197410207552195
16755,21850.846976,2,59299576.2432,0.0298379330833692
16756,21850.866976,1,59299596.1344,0.0197615096195218
16757,21850.886976,2,59299616.192,0.0296986088061139
16758,21850.906976,1,59299636.2496,0.0197891695863298
16759,21850.926976,2,59299656.1408,0.0294711824123589
16760,21850.946976,1,59299676.2112,0.0197072141291208
16761,21850.966976,2,59299696.1536,0.0292591226668306
16762,21850.986976,1,59299716.1984,0.0196826274919581
16763,21851.006976,2,59299736.3584,0.0291105784006393
16764,21851.026976,1,59299756.2112,0.0197113119019813
16765,21851.046976,2,59299776.3968,0.0290388673755814
16766,21851.066976,1,59299796.1856,0.0197225807773475
16767,21851.086976,2,59299816.1792,0.0290655028991743
16768,21851.106976,1,59299836.48,0.0196877497080337
16769,21851.126976,2,59299856.2432,0.0289866207716106
16770,21851.146976,1,59299876.3008,0.0196897985944639
16771,21851.166976,2,59299896.1792,0.029062429569529
16772,21851.186976,1,59299916.1984,0.0197389718687893
16773,21851.206976,2,59299936.2816,0.0291822894256971
16774,21851.226976,1,59299956.2112,0.0196662364005163
16775,21851.246976,2,59299976.192,0.0293164914868769
16776,21851.266976,1,59299996.2624,0.0196754563894523
16777,21851.286976,2,59300016.2176,0.0295367467781261
16778,21851.306976,1,59300036.2624,0.0196744319462372
16779,21851.326976,2,59300056.32,0.0294527424344869
16780,21851.346976,1,59300076.2112,0.019681603048743
16781,21851.366976,2,59300096.2816,0.0296248488946258
16782,21851.386976,1,59300116.224,0.0197236052205626
16783,21851.406976,2,59300136.2816,0.0296412399860676
16784,21851.426976,1,59300156.288,0.0197113119019813
16785,21851.446976,2,59300176.2432,0.0296309955539164
16786,21851.466976,1,59300196.2496,0.0197154096748417
16787,21851.486976,2,59300216.2688,0.0294496691048415
16788,21851.506976,1,59300236.3392,0.019726678550208
16789,21851.526976,2,59300256.3328,0.0294804024012949
16790,21851.546976,1,59300276.2368,0.0196641875140861
16791,21851.566976,2,59300296.2816,0.0294045936033766
16792,21851.586976,1,59300316.352,0.0196600897412256
16793,21851.606976,2,59300336.512,0.0292878070768537
16794,21851.626976,1,59300356.4544,0.019700043026615
16795,21851.646976,2,59300376.2688,0.0292109738357203
16796,21851.666976,1,59300396.2752,0.0197061896859057
16797,21851.686976,2,59300416.3584,0.029254000450755
16798,21851.706976,1,59300436.416,0.0197041407994755
16799,21851.726976,2,59300456.256,0.0295889933820968
16800,21851.746976,1,59300476.5696,0.0196365275472781
16801,21851.766976,2,59300496.256,0.0300858483414264
16802,21851.786976,1,59300516.352,0.0197225807773475
16803,21851.806976,2,59300536.3968,0.0307353453398078
16804,21851.826976,1,59300556.4416,0.0196293564447723
16805,21851.846976,2,59300576.2944,0.0309064273567316
16806,21851.866976,1,59300596.2752,0.0196518941955047
16807,21851.886976,2,59300616.3072,0.0307322720101625
16808,21851.906976,1,59300636.4544,0.0196693097301617
16809,21851.926976,2,59300656.5376,0.0306749031901162
16810,21851.946976,1,59300676.3136,0.0197246296637777
16811,21851.966976,2,59300696.2944,0.0304720634335239
16812,21851.986976,1,59300716.352,0.0197051652426906
16813,21852.006976,2,59300736.448,0.0300797016821358
16814,21852.026976,1,59300756.5184,0.0197143852316266
16815,21852.046976,2,59300776.3712,0.0298973507898457
16816,21852.066976,1,59300796.288,0.019672383059807
16817,21852.086976,2,59300816.384,0.029490646833446
16818,21852.106976,1,59300836.5952,0.0196580408547954
16819,21852.126976,2,59300856.448,0.0293482492265454
16820,21852.146976,1,59300876.352,0.0196969696969697
16821,21852.166976,2,59300896.3328,0.0292099493925052
16822,21852.186976,1,59300916.3264,0.0196969696969697
16823,21852.206976,2,59300936.3968,0.0290101829655582
16824,21852.226976,1,59300956.3648,0.0196682852869465
16825,21852.246976,2,59300976.3584,0.0290245251705698
16826,21852.266976,1,59300996.3136,0.0196641875140861
16827,21852.286976,2,59301016.3456,0.0289507652590817
16828,21852.306976,1,59301036.4416,0.0196436986497838
16829,21852.326976,2,59301056.5504,0.0288647120290122
16830,21852.346976,1,59301076.3776,0.0196754563894523
16831,21852.366976,2,59301096.832,0.0288196365275473
16832,21852.386976,1,59301116.3648,0.019709263015551
16833,21852.406976,2,59301136.4608,0.0285747945991354
16834,21852.426976,1,59301156.3392,0.0196918474808941
16835,21852.446976,2,59301176.3712,0.0283750281721884
16836,21852.466976,1,59301196.3392,0.0196805786055279
16837,21852.486976,2,59301216.32,0.0282797549531829
16838,21852.506976,1,59301236.4544,0.019726678550208
16839,21852.526976,2,59301256.4224,0.0282111172577704
16840,21852.546976,1,59301276.5184,0.0196918474808941
16841,21852.566976,2,59301296.576,0.0281250640277009
16842,21852.586976,1,59301316.352,0.0196621386276559
16843,21852.606976,2,59301336.3712,0.0280195463765444
16844,21852.626976,1,59301356.4416,0.0197143852316266
16845,21852.646976,2,59301376.4096,0.0278607576782019
16846,21852.666976,1,59301396.4416,0.0196969696969697
16847,21852.686976,2,59301416.3328,0.0278085110742312
16848,21852.706976,1,59301436.352,0.0196621386276559
16849,21852.726976,2,59301456.4352,0.0278443665867601
16850,21852.746976,1,59301476.416,0.0197133607884115
16851,21852.766976,2,59301496.6272,0.0278494888028357
16852,21852.786976,1,59301516.4416,0.0196621386276559
16853,21852.806976,2,59301536.4096,0.0279970086258119
16854,21852.826976,1,59301556.5056,0.0197174585612719
16855,21852.846976,2,59301576.4864,0.0281557973241543
16856,21852.866976,1,59301596.3776,0.0196887741512488
16857,21852.886976,2,59301616.4352,0.0282787305099678
16858,21852.906976,1,59301636.4672,0.0196713586165919
16859,21852.926976,2,59301656.6144,0.0283412215460897
16860,21852.946976,1,59301676.4032,0.0196867252648186
16861,21852.966976,2,59301696.3968,0.0283668326264675
16862,21852.986976,1,59301716.48,0.0196703341733768
16863,21853.006976,2,59301736.448,0.0282408261110087
16864,21853.026976,1,59301756.3776,0.019663163070871
16865,21853.046976,2,59301776.384,0.0281834572909624
16866,21853.066976,1,59301796.3776,0.0196621386276559
16867,21853.086976,2,59301816.3712,0.0283043415903456
16868,21853.106976,1,59301836.4672,0.0197195074477022
16869,21853.126976,2,59301856.4224,0.0284426414243858
16870,21853.146976,1,59301876.4288,0.0197328252094986
16871,21853.166976,2,59301896.6784,0.0288309054029135
16872,21853.186976,1,59301916.5056,0.019772778494888
16873,21853.206976,2,59301936.5248,0.0291525805724589
16874,21853.226976,1,59301956.4544,0.0196918474808941
16875,21853.246976,2,59301976.4352,0.029199704960354
16876,21853.266976,1,59301996.416,0.0196570164115803
16877,21853.286976,2,59302016.6016,0.0294527424344869
16878,21853.306976,1,59302036.4544,0.0196621386276559
16879,21853.326976,2,59302056.6016,0.029509086811318
16880,21853.346976,1,59302076.6208,0.0196764808326674
16881,21853.366976,2,59302096.5248,0.0295439178806319
16882,21853.386976,1,59302116.6208,0.0196150142397607
16883,21853.406976,2,59302136.4736,0.0293103448275862
16884,21853.426976,1,59302156.5056,0.0197020919130453
16885,21853.446976,2,59302176.4864,0.0290736984448952
16886,21853.466976,1,59302196.544,0.0196693097301617
16887,21853.486976,2,59302216.4736,0.0288462720511402
16888,21853.506976,1,59302236.48,0.0197205318909173
16889,21853.526976,2,59302256.4736,0.0287294855246174
16890,21853.546976,1,59302276.4672,0.01960886758047
16891,21853.566976,2,59302296.4736,0.028598356793083
16892,21853.586976,1,59302316.48,0.0196887741512488
16893,21853.606976,2,59302336.4736,0.0286977277849489
16894,21853.626976,1,59302356.4928,0.0196877497080337
16895,21853.646976,2,59302376.448,0.0287458766160592
16896,21853.666976,1,59302396.5056,0.0196867252648186
16897,21853.686976,2,59302416.4608,0.0288667609154425
16898,21853.706976,1,59302436.48,0.0196201364558363
16899,21853.726976,2,59302456.4864,0.0290030118630524
16900,21853.746976,1,59302476.48,0.0196734075030221
16901,21853.766976,2,59302496.512,0.0290655028991743
16902,21853.786976,1,59302516.4928,0.0196641875140861
16903,21853.806976,2,59302536.4992,0.0290511606941627
16904,21853.826976,1,59302556.5184,0.0196436986497838
16905,21853.846976,2,59302576.5632,0.0289138853033376
16906,21853.866976,1,59302596.4416,0.019644723092999
16907,21853.886976,2,59302616.5504,0.0287561210482103
16908,21853.906976,1,59302636.5824,0.0196375519904932
16909,21853.926976,2,59302656.4992,0.0285850390312865
16910,21853.946976,1,59302676.6464,0.0196641875140861
16911,21853.966976,2,59302696.64,0.0285461101891122
16912,21853.986976,1,59302716.5184,0.0196324297744176
16913,21854.006976,2,59302736.5888,0.028544061302682
16914,21854.026976,1,59302756.5056,0.0196426742065687
16915,21854.046976,2,59302776.5248,0.0284938635851415
16916,21854.066976,1,59302796.4544,0.0196416497633536
16917,21854.086976,2,59302816.4992,0.028417030344008
16918,21854.106976,1,59302836.7232,0.0196887741512488
16919,21854.126976,2,59302856.6656,0.0284405925379556
16920,21854.146976,1,59302876.6976,0.0197133607884115
16921,21854.166976,2,59302896.7296,0.0283893703772
16922,21854.186976,1,59302916.7104,0.0196600897412256
16923,21854.206976,2,59302936.6144,0.0283555637511013
16924,21854.226976,1,59302956.5696,0.0196703341733768
16925,21854.246976,2,59302976.576,0.0281394062327125
16926,21854.266976,1,59302996.7488,0.0196365275472781
16927,21854.286976,2,59303016.6272,0.0280963796176778
16928,21854.306976,1,59303036.544,0.0196652119573012
16929,21854.326976,2,59303056.6016,0.0279078820660971
16930,21854.346976,1,59303076.5824,0.0196549675251501
16931,21854.366976,2,59303096.512,0.027916077611818
16932,21854.386976,1,59303116.8512,0.0196990185833999
16933,21854.406976,2,59303136.5888,0.0280840862990964
16934,21854.426976,1,59303156.5824,0.0196170631261909
16935,21854.446976,2,59303176.704,0.0280789640830209
16936,21854.466976,1,59303196.5696,0.0196652119573012
16937,21854.486976,2,59303216.4992,0.0281137951523347
16938,21854.506976,1,59303236.6464,0.019590427602598
16939,21854.526976,2,59303256.576,0.0279918864097363
16940,21854.546976,1,59303276.6976,0.019644723092999
16941,21854.566976,2,59303296.6784,0.0279580797836376
16942,21854.586976,1,59303316.5568,0.0196150142397607
16943,21854.606976,2,59303336.64,0.0279089065093122
16944,21854.626976,1,59303356.6464,0.0196508697522896
16945,21854.646976,2,59303376.6912,0.0278228532792427
16946,21854.666976,1,59303396.7488,0.0196867252648186
16947,21854.686976,2,59303416.6528,0.0277624111295511
16948,21854.706976,1,59303436.6592,0.0196467719794292
16949,21854.726976,2,59303456.7808,0.0276476734894585
16950,21854.746976,1,59303476.608,0.0196969696969697
16951,21854.766976,2,59303496.512,0.0277101645255803
16952,21854.786976,1,59303516.6464,0.0197318007662835
16953,21854.806976,2,59303536.832,0.0277378244923884
16954,21854.826976,1,59303556.736,0.0196918474808941
16955,21854.846976,2,59303576.64,0.0277091400823652
16956,21854.866976,1,59303596.608,0.0197041407994755
16957,21854.886976,2,59303616.6528,0.0279150531686029
16958,21854.906976,1,59303636.736,0.0196703341733768
16959,21854.926976,2,59303656.5632,0.028171163972381
16960,21854.946976,1,59303676.608,0.0196846763783883
16961,21854.966976,2,59303696.6656,0.028462105845473
16962,21854.986976,1,59303716.6464,0.0196518941955047
16963,21855.006976,2,59303736.7424,0.0287848054582335
16964,21855.026976,1,59303756.608,0.0196949208105395
16965,21855.046976,2,59303776.5888,0.0289425697133608
16966,21855.066976,1,59303796.672,0.0197195074477022
16967,21855.086976,2,59303816.6656,0.0289015919847563
16968,21855.106976,1,59303836.7488,0.019672383059807
16969,21855.126976,2,59303856.6784,0.0287018255578093
16970,21855.146976,1,59303876.6208,0.019754338517016
16971,21855.166976,2,59303896.8704,0.028616796770955
16972,21855.186976,1,59303916.6592,0.0197072141291208
16973,21855.206976,2,59303936.6528,0.0286311389759666
16974,21855.226976,1,59303956.5952,0.0196498453090745
16975,21855.246976,2,59303976.64,0.028726412194972
16976,21855.266976,1,59303996.7488,0.0197020919130453
16977,21855.286976,2,59304016.7552,0.028835003175774
16978,21855.306976,1,59304036.672,0.0196600897412256
16979,21855.326976,2,59304056.6656,0.0288022209928904
16980,21855.346976,1,59304076.7104,0.0197031163562604
16981,21855.366976,2,59304096.6144,0.0285727457127051
16982,21855.386976,1,59304116.6464,0.0196775052758826
16983,21855.406976,2,59304136.64,0.0284416169811707
16984,21855.426976,1,59304156.6208,0.0196764808326674
16985,21855.446976,2,59304176.6784,0.0282633638617411
16986,21855.466976,1,59304196.6336,0.0196959452537546
16987,21855.486976,2,59304216.7168,0.0281199418116254
16988,21855.506976,1,59304236.7872,0.0196897985944639
16989,21855.526976,2,59304256.7296,0.0280605241051489
16990,21855.546976,1,59304276.8384,0.0196928719241092
16991,21855.566976,2,59304296.768,0.027988813080091
16992,21855.586976,1,59304316.7232,0.0196303808879874
16993,21855.606976,2,59304336.896,0.0281015018337534
16994,21855.626976,1,59304356.6464,0.019599647591534
16995,21855.646976,2,59304376.6912,0.028298194931055
16996,21855.666976,1,59304396.7616,0.0195955498186736
16997,21855.686976,2,59304416.704,0.0285747945991354
16998,21855.706976,1,59304436.6592,0.0196570164115803
16999,21855.726976,2,59304456.704,0.0287684143667917
17000,21855.746976,1,59304476.7104,0.0197102874587662
17001,21855.766976,2,59304496.832,0.0289405208269306
17002,21855.786976,1,59304516.9152,0.0196232097854816
17003,21855.806976,2,59304536.7296,0.0290163296248489
17004,21855.826976,1,59304556.7488,0.0196693097301617
17005,21855.846976,2,59304576.6912,0.0289026164279714
17006,21855.866976,1,59304596.7104,0.0196467719794292
17007,21855.886976,2,59304616.7808,0.0285952834634376
17008,21855.906976,1,59304636.7616,0.0196457475362141
17009,21855.926976,2,59304656.8192,0.0285153768926588
17010,21855.946976,1,59304676.8128,0.0196559919683652
17011,21855.966976,2,59304696.704,0.0284774724936997
17012,21855.986976,1,59304716.6976,0.0196652119573012
17013,21856.006976,2,59304736.7168,0.0285010346876473
17014,21856.026976,1,59304756.7488,0.0196201364558363
17015,21856.046976,2,59304777.2288,0.0284743991640543
17016,21856.066976,1,59304796.8512,0.0196416497633536
17017,21856.086976,2,59304816.7552,0.0285409879730367
17018,21856.106976,1,59304836.7616,0.0196119409101154
17019,21856.126976,2,59304856.7936,0.0285563546212633
17020,21856.146976,1,59304876.7488,0.0195555965332842
17021,21856.166976,2,59304896.7552,0.0286280656463212
17022,21856.186976,1,59304916.8128,0.0196805786055279
17023,21856.206976,2,59304936.896,0.0286465056241933
17024,21856.226976,1,59304957.4912,0.019653943081935
17025,21856.246976,2,59304976.7936,0.0287305099678325
17026,21856.266976,1,59304996.7616,0.019663163070871
17027,21856.286976,2,59305016.7808,0.0286751900342164
17028,21856.306976,1,59305036.7872,0.0195975987051038
17029,21856.326976,2,59305056.7296,0.0286383100784724
17030,21856.346976,1,59305076.736,0.0196508697522896
17031,21856.366976,2,59305096.768,0.0285942590202225
17032,21856.386976,1,59305116.736,0.019618087569406
17033,21856.406976,2,59305136.768,0.0287284610814023
17034,21856.426976,1,59305156.7744,0.0195740365111562
17035,21856.446976,2,59305176.8576,0.0285614768373389
17036,21856.466976,1,59305196.8,0.0196600897412256
17037,21856.486976,2,59305216.7936,0.0285850390312865
17038,21856.506976,1,59305236.8768,0.0196375519904932
17039,21856.526976,2,59305257.088,0.0284866924826357
17040,21856.546976,1,59305276.864,0.0196641875140861
17041,21856.566976,2,59305297.5488,0.0284221525600836
17042,21856.586976,1,59305316.8896,0.0196191120126211
17043,21856.606976,2,59305337.0496,0.0283658081832524
17044,21856.626976,1,59305357.4016,0.0196498453090745
17045,21856.646976,2,59305376.9344,0.0284293236625894
17046,21856.666976,1,59305396.9408,0.0196477964226443
17047,21856.686976,2,59305416.96,0.0282520949863749
17048,21856.706976,1,59305436.8512,0.0196529186387199
17049,21856.726976,2,59305457.216,0.0281383817894974
17050,21856.746976,1,59305476.8768,0.019690823037679
17051,21856.766976,2,59305496.8448,0.0279591042268527
17052,21856.786976,1,59305516.928,0.0196457475362141
17053,21856.806976,2,59305536.9216,0.0277675333456267
17054,21856.826976,1,59305557.1584,0.0196570164115803
17055,21856.846976,2,59305576.9088,0.027679431229127
17056,21856.866976,1,59305596.9536,0.0197051652426906
17057,21856.886976,2,59305616.9216,0.0276200135226504
17058,21856.906976,1,59305637.0432,0.0196775052758826
17059,21856.926976,2,59305656.9472,0.027597475771918
17060,21856.946976,1,59305677.2096,0.019726678550208
17061,21856.966976,2,59305698.0736,0.0275790357940459
17062,21856.986976,1,59305717.3376,0.0196877497080337
17063,21857.006976,2,59305738.0096,0.0274489315057266
17064,21857.026976,1,59305757.3504,0.0196754563894523
17065,21857.046976,2,59305778.8416,0.027379269367099
17066,21857.066976,1,59305798.1568,0.0196775052758826
17067,21857.086976,2,59305816.9088,0.0274571270514475
17068,21857.106976,1,59305838.4768,0.0196508697522896
17069,21857.126976,2,59305856.9216,0.0275380580654414
17070,21857.146976,1,59305876.8896,0.0196836519351732
17071,21857.166976,2,59305898.8416,0.0275001536664823
17072,21857.186976,1,59305918.4,0.019700043026615
17073,21857.206976,2,59305936.9088,0.0275032269961276
17074,21857.226976,1,59305956.9792,0.0196252586719118
17075,21857.246976,2,59305977.5744,0.0275114225418485
17076,21857.266976,1,59305998.6432,0.0196846763783883
17077,21857.286976,2,59306018.2656,0.0275267891900752
17078,21857.306976,1,59306036.928,0.0197738029381031
17079,21857.326976,2,59306057.4976,0.027533960292581
17080,21857.346976,1,59306076.9664,0.0197338496527138
17081,21857.366976,2,59306096.96,0.0276302579548016
17082,21857.386976,1,59306118.1312,0.0197072141291208
17083,21857.406976,2,59306137.0368,0.0276743090130514
17084,21857.426976,1,59306158.6304,0.0196641875140861
17085,21857.446976,2,59306177.024,0.0277368000491733
17086,21857.466976,1,59306197.0048,0.0196641875140861
17087,21857.486976,2,59306217.6896,0.0276896756612781
17088,21857.506976,1,59306237.0688,0.0196897985944639
17089,21857.526976,2,59306257.1136,0.0278310488249636
17090,21857.546976,1,59306277.0176,0.0197399963120044
17091,21857.566976,2,59306297.2672,0.0278382199274694
17092,21857.586976,1,59306318.4,0.0196570164115803
17093,21857.606976,2,59306338.5472,0.0278392443706845
17094,21857.626976,1,59306357.0304,0.0196938963673244
17095,21857.646976,2,59306377.6128,0.0281824328477472
17096,21857.666976,1,59306397.0176,0.0196713586165919
17097,21857.686976,2,59306417.3696,0.0283320015571537
17098,21857.706976,1,59306437.056,0.0197277029934231
17099,21857.726976,2,59306457.1136,0.0283104882496363
17100,21857.746976,1,59306476.992,0.0196744319462372
17101,21857.766976,2,59306498.8288,0.0283524904214559
17102,21857.786976,1,59306517.0048,0.019726678550208
17103,21857.806976,2,59306537.024,0.0285102546765833
17104,21857.826976,1,59306557.0048,0.0196918474808941
17105,21857.846976,2,59306577.664,0.0284487880836765
17106,21857.866976,1,59306596.992,0.0197420451984347
17107,21857.886976,2,59306617.0112,0.0283514659782408
17108,21857.906976,1,59306637.0048,0.0197338496527138
17109,21857.926976,2,59306659.072,0.0282213616899215
17110,21857.946976,1,59306678.3488,0.0197123363451964
17111,21857.966976,2,59306696.9984,0.0280943307312476
17112,21857.986976,1,59306716.9792,0.0196775052758826
17113,21858.006976,2,59306737.0496,0.027988813080091
17114,21858.026976,1,59306757.0432,0.0197502407441556
17115,21858.046976,2,59306776.9984,0.0280328641383408
17116,21858.066976,1,59306797.0688,0.0196795541623128
17117,21858.086976,2,59306817.088,0.0279396398057656
17118,21858.106976,1,59306837.312,0.0197133607884115
17119,21858.126976,2,59306857.0496,0.0280410596840617
17120,21858.146976,1,59306877.0432,0.0196969696969697
17121,21858.166976,2,59306897.1008,0.0282100928145553
17122,21858.186976,1,59306917.0688,0.0196262831151269
17123,21858.206976,2,59306937.0624,0.0281906283934681
