FrameCounter,SystemTimestamp,LedState,ComputerTimestamp,G0
0,7043.33056,7,59431660.224,0.00392156862745098
1,7043.350528,2,59431680.0512,0.0434824922654537
2,7043.370528,1,59431700.032,0.0355092507222325
3,7043.390528,2,59431720.0256,0.0432735058495708
4,7043.410528,1,59431740.032,0.0354651996639826
5,7043.430528,2,59431760,0.0431495482205421
6,7043.450528,1,59431780.0064,0.0353268998299424
7,7043.470528,2,59431800.0512,0.0430081750568566
8,7043.490528,1,59431820.032,0.0351967955416231
9,7043.510528,2,59431840.1408,0.0429006085192698
10,7043.530528,1,59431860.0576,0.0350933267768968
11,7043.550528,2,59431880.0512,0.0431249615833794
12,7043.570528,1,59431900.0448,0.0349796135800193
13,7043.590528,2,59431920.064,0.0433237035671113
14,7043.610528,1,59431940.0704,0.034931464748909
15,7043.630528,2,59431960.1536,0.0433790235007274
16,7043.650528,1,59431980.0192,0.0348740959288627
17,7043.670528,2,59432000.0768,0.0429149507242814
18,7043.690528,1,59432020.0704,0.0347655049480607
19,7043.710528,2,59432040.1024,0.0425174667568177
20,7043.730528,1,59432060.1088,0.0346784272747762
21,7043.750528,2,59432080.064,0.042274673714836
22,7043.770528,1,59432100.0704,0.0346333517733112
23,7043.790528,2,59432120.0768,0.0420370028889299
24,7043.810528,1,59432140.096,0.0344663675292479
25,7043.830528,2,59432160.0768,0.0417327432540414
26,7043.850528,1,59432180.0704,0.0344725141885385
27,7043.870528,2,59432200.0768,0.0414305325055832
28,7043.890528,1,59432220.096,0.0343690454238122
29,7043.910528,2,59432240.1408,0.0412963304444035
30,7043.930528,1,59432260.0576,0.0342686499887311
31,7043.950528,2,59432280.1024,0.0410453418567009
32,7043.970528,1,59432300.1472,0.0343710943102424
33,7043.990528,2,59432320.064,0.0409172864548118
34,7044.010528,1,59432340.0704,0.0342450877947835
35,7044.030528,2,59432360.1152,0.0408978220337247
36,7044.050528,1,59432380.0832,0.0342082078390395
37,7044.070528,2,59432400.0896,0.0407431311082427
38,7044.090528,1,59432420.096,0.0342071833958244
39,7044.110528,2,59432440.064,0.0406335156842256
40,7044.130528,1,59432460.1088,0.0340022947528019
41,7044.150528,2,59432480.1024,0.0405146802712726
42,7044.170528,1,59432500.1216,0.0340094658553076
43,7044.190528,2,59432520.1408,0.0402329583871166
44,7044.210528,1,59432540.096,0.0340432724814064
45,7044.230528,2,59432560.1792,0.0401059274284426
46,7044.250528,1,59432580.1216,0.0339838547749298
47,7044.270528,2,59432600.1408,0.0401008052123671
48,7044.290528,1,59432620.1984,0.0339316081709591
49,7044.310528,2,59432640.128,0.0400792919048497
50,7044.330528,1,59432660.2624,0.0339572192513369
51,7044.350528,2,59432680.128,0.0400137275390825
52,7044.370528,1,59432700.1216,0.0339500481488311
53,7044.390528,2,59432720.1152,0.0399215276497224
54,7044.410528,1,59432740.1344,0.0338301882926629
55,7044.430528,2,59432760.1536,0.0396889790398918
56,7044.450528,1,59432780.1728,0.0338957526584301
57,7044.470528,2,59432800.1408,0.0396182924580491
58,7044.490528,1,59432820.1728,0.0338148216444362
59,7044.510528,2,59432840.1536,0.0394625770893519
60,7044.530528,1,59432860.1472,0.0338383838383838
61,7044.550528,2,59432880.1408,0.0394717970782879
62,7044.570528,1,59432900.1856,0.0337830639047678
63,7044.590528,2,59432920.1792,0.0393232528120966
64,7044.610528,1,59432940.1472,0.0338076505419305
65,7044.630528,2,59432960.1664,0.0394513082139857
66,7044.650528,1,59432980.1856,0.0337779416886922
67,7044.670528,2,59433000.192,0.0394492593275555
68,7044.690528,1,59433020.2112,0.033721597311861
69,7044.710528,2,59433040.2176,0.0393488638924744
70,7044.730528,1,59433060.2624,0.0336437396275124
71,7044.750528,2,59433080.1792,0.0392955928452886
72,7044.770528,1,59433100.1984,0.0336478374003729
73,7044.790528,2,59433120.2688,0.0392853484131375
74,7044.810528,1,59433140.1856,0.0335996885692626
75,7044.830528,2,59433160.1792,0.0392679328784805
76,7044.850528,1,59433180.2112,0.0336447640707276
77,7044.870528,2,59433200.2816,0.0391941729669924
78,7044.890528,1,59433220.1728,0.0336949617882681
79,7044.910528,2,59433240.2304,0.0393078861638699
80,7044.930528,1,59433260.1984,0.0336160796607044
81,7044.950528,2,59433280.2176,0.0393570594381953
82,7044.970528,1,59433300.2112,0.0336365685250067
83,7044.990528,2,59433320.192,0.0393027639477944
84,7045.010528,1,59433340.2624,0.0335986641260475
85,7045.030528,2,59433360.256,0.0393703771999918
86,7045.050528,1,59433380.288,0.0336099330014137
87,7045.070528,2,59433400.2176,0.0394308193496834
88,7045.090528,1,59433420.224,0.0337011084475588
89,7045.110528,2,59433440.2048,0.0392320773659516
90,7045.130528,1,59433460.3008,0.0336314463089311
91,7045.150528,2,59433480.2432,0.0390968508615567
92,7045.170528,1,59433500.224,0.0336068596717684
93,7045.190528,2,59433520.2688,0.0389267932878481
94,7045.210528,1,59433540.224,0.0336140307742742
95,7045.230528,2,59433560.8704,0.0388540578195751
96,7045.250528,1,59433580.2624,0.0335699797160243
97,7045.270528,2,59433600.2176,0.0386481447333374
98,7045.290528,1,59433620.2496,0.0336037863421231
99,7045.310528,2,59433640.256,0.0386133136640236
100,7045.330528,1,59433660.4032,0.0336509107300182
101,7045.350528,2,59433680.256,0.0386051181183027
102,7045.370528,1,59433700.3008,0.0335802241481755
103,7045.390528,2,59433720.256,0.0387516134980638
104,7045.410528,1,59433740.3136,0.0335505152949372
105,7045.430528,2,59433760.2432,0.0385948736861516
106,7045.450528,1,59433780.5184,0.0335935419099719
107,7045.470528,2,59433800.2944,0.0387567357141394
108,7045.490528,1,59433820.3136,0.0335617841703034
109,7045.510528,2,59433840.2304,0.038726002417686
110,7045.530528,1,59433860.3136,0.0335710041592395
111,7045.550528,2,59433880.3328,0.0387813223513021
112,7045.570528,1,59433900.2752,0.033576126375315
113,7045.590528,2,59433920.2816,0.0388253734095519
114,7045.610528,1,59433940.2752,0.0335587108406581
115,7045.630528,2,59433960.2944,0.0390763619972545
116,7045.650528,1,59433980.2624,0.0335259286577745
117,7045.670528,2,59434000.2944,0.0392648595488352
118,7045.690528,1,59434020.3008,0.033475730940234
119,7045.710528,2,59434040.2944,0.0394830659536542
120,7045.730528,1,59434060.3008,0.0335064642366874
121,7045.750528,2,59434080.2944,0.0396705390620198
122,7045.770528,1,59434100.3008,0.0334490954166411
123,7045.790528,2,59434120.384,0.0397033212449034
124,7045.810528,1,59434140.3136,0.033521830884914
125,7045.830528,2,59434160.3328,0.0395414592169156
126,7045.850528,1,59434180.3264,0.0334982686909665
127,7045.870528,2,59434200.4224,0.0393468150060442
128,7045.890528,1,59434220.3648,0.0334736820538038
129,7045.910528,2,59434240.384,0.0390712397811789
130,7045.930528,1,59434260.3264,0.0334716331673735
131,7045.950528,2,59434280.3584,0.0387762001352265
132,7045.970528,1,59434300.3264,0.033521830884914
133,7045.990528,2,59434320.3328,0.038817177863831
134,7046.010528,1,59434340.3648,0.0334419243141353
135,7046.030528,2,59434360.3584,0.0389022066506854
136,7046.050528,1,59434380.3776,0.0334644620648678
137,7046.070528,2,59434400.3328,0.039089679759051
138,7046.090528,1,59434420.3392,0.0333917265965947
139,7046.110528,2,59434440.3968,0.0389247444014178
140,7046.130528,1,59434460.3776,0.0335167086688385
141,7046.150528,2,59434480.3584,0.0390907042022661
142,7046.170528,1,59434500.352,0.0334613887352224
143,7046.190528,2,59434520.4224,0.0388581555924355
144,7046.210528,1,59434540.3392,0.0335105620095478
145,7046.230528,2,59434560.4224,0.0387014157805233
146,7046.250528,1,59434580.3648,0.0334726576105886
147,7046.270528,2,59434600.4608,0.0386522425061979
148,7046.290528,1,59434620.3648,0.0334337287684144
149,7046.310528,2,59434640.3584,0.0384371094310242
150,7046.330528,1,59434660.48,0.0334388509844899
151,7046.350528,2,59434680.3584,0.0384586227385416
152,7046.370528,1,59434700.3776,0.0334337287684144
153,7046.390528,2,59434720.3584,0.0385508226279017
154,7046.410528,1,59434740.3776,0.0334111910176819
155,7046.430528,2,59434760.4608,0.038526235990739
156,7046.450528,1,59434780.3648,0.0334480709734259
157,7046.470528,2,59434800.4224,0.0385006249103612
158,7046.490528,1,59434820.3904,0.0333415288790542
159,7046.510528,2,59434840.3968,0.0386481447333374
160,7046.530528,1,59434860.4288,0.0334081176880366
161,7046.550528,2,59434880.4096,0.0386040936750876
162,7046.570528,1,59434900.4288,0.0334265576659086
163,7046.590528,2,59434920.4352,0.0384852582621345
164,7046.610528,1,59434940.3904,0.0334480709734259
165,7046.630528,2,59434960.4608,0.0383121273587805
166,7046.650528,1,59434980.4288,0.033503390907042
167,7046.670528,2,59435000.4352,0.0383551539738152
168,7046.690528,1,59435020.4288,0.0334111910176819
169,7046.710528,2,59435040.3968,0.0381287520232753
170,7046.730528,1,59435060.4032,0.0333947999262401
171,7046.750528,2,59435080.4352,0.0379443522445551
172,7046.770528,1,59435100.4032,0.0334173376769726
173,7046.790528,2,59435120.4224,0.0378880078677239
174,7046.810528,1,59435140.4416,0.0334501198598562
175,7046.830528,2,59435160.512,0.037961767779212
176,7046.850528,1,59435180.3904,0.0333548466408507
177,7046.870528,2,59435200.4352,0.0379382055852644
178,7046.890528,1,59435220.4032,0.033421435449833
179,7046.910528,2,59435240.4736,0.0379330833691888
180,7046.930528,1,59435260.5056,0.0333241133443973
181,7046.950528,2,59435280.448,0.0379464011309853
182,7046.970528,1,59435300.48,0.0333722621755076
183,7046.990528,2,59435320.5376,0.0380816276353802
184,7047.010528,1,59435340.4416,0.0333978732558854
185,7047.030528,2,59435360.4864,0.0382547585387342
186,7047.050528,1,59435380.4544,0.033339479992624
187,7047.070528,2,59435400.4608,0.038371545065257
188,7047.090528,1,59435420.48,0.0333784088347983
189,7047.110528,2,59435440.4864,0.0383070051427049
190,7047.130528,1,59435460.4544,0.0333333333333333
191,7047.150528,2,59435480.4992,0.038198414161903
192,7047.170528,1,59435500.4672,0.033375335505153
193,7047.190528,2,59435520.4992,0.0380775298625197
194,7047.210528,1,59435540.4672,0.0333671399594321
195,7047.230528,2,59435560.4736,0.0380560165550024
196,7047.250528,1,59435580.48,0.0332913311615137
197,7047.270528,2,59435600.4736,0.0380058188374618
198,7047.290528,1,59435620.5056,0.0334224598930481
199,7047.310528,2,59435640.4864,0.0379914766324503
200,7047.330528,1,59435660.48,0.0334040199151761
201,7047.350528,2,59435680.4992,0.0378654701169914
202,7047.370528,1,59435700.48,0.0333497244247751
203,7047.390528,2,59435720.512,0.0378593234577007
204,7047.410528,1,59435740.5312,0.0334419243141353
205,7047.430528,2,59435760.512,0.0378941545270146
206,7047.450528,1,59435780.48,0.033412215460897
207,7047.470528,2,59435800.512,0.0378357612637532
208,7047.490528,1,59435820.5312,0.0334009465855308
209,7047.510528,2,59435840.5376,0.0377599524658348
210,7047.530528,1,59435860.5696,0.0333435777654845
211,7047.550528,2,59435880.5376,0.0376554592578933
212,7047.570528,1,59435900.5312,0.0333282111172578
213,7047.590528,2,59435920.4864,0.0376493125986027
214,7047.610528,1,59435940.544,0.0333691888458623
215,7047.630528,2,59435960.512,0.0375366238449403
216,7047.650528,1,59435980.5824,0.0333814821644436
217,7047.670528,2,59436000.4864,0.0376738992357654
218,7047.690528,1,59436020.5696,0.0333743110619378
219,7047.710528,2,59436040.5248,0.0377384391583175
220,7047.730528,1,59436060.5312,0.0333650910730018
221,7047.750528,2,59436080.5504,0.0377507324768988
222,7047.770528,1,59436100.5952,0.0333784088347983
223,7047.790528,2,59436120.5632,0.037861372344131
224,7047.810528,1,59436140.5824,0.0333456266519147
225,7047.830528,2,59436160.576,0.0380191365992583
226,7047.850528,1,59436180.864,0.0334388509844899
227,7047.870528,2,59436200.5504,0.0380662609871535
228,7047.890528,1,59436220.5568,0.0333568955272809
229,7047.910528,2,59436240.576,0.0380047943942467
230,7047.930528,1,59436260.6464,0.0333497244247751
231,7047.950528,2,59436280.5504,0.0379863544163747
232,7047.970528,1,59436300.6336,0.0333538221976356
233,7047.990528,2,59436320.6144,0.0379177167209622
234,7048.010528,1,59436340.5824,0.033311820025816
235,7048.030528,2,59436360.64,0.0378091257401602
236,7048.050528,1,59436380.5952,0.0334204110066179
237,7048.070528,2,59436400.5632,0.0377312680558117
238,7048.090528,1,59436420.5696,0.0333650910730018
239,7048.110528,2,59436440.5888,0.0377322924990268
240,7048.130528,1,59436460.5824,0.0333323088901182
241,7048.150528,2,59436480.6272,0.0377107791915094
242,7048.170528,1,59436500.6208,0.0333671399594321
243,7048.190528,2,59436520.6528,0.0377517569201139
244,7048.210528,1,59436540.6208,0.0333917265965947
245,7048.230528,2,59436560.6912,0.0378593234577007
246,7048.250528,1,59436580.6592,0.0333538221976356
247,7048.270528,2,59436600.576,0.0379996721781712
248,7048.290528,1,59436620.6208,0.0333046489233102
249,7048.310528,2,59436640.6144,0.0380806031921651
250,7048.330528,1,59436660.6464,0.0333200155715369
251,7048.350528,2,59436680.6016,0.0380191365992583
252,7048.370528,1,59436700.6592,0.0334040199151761
253,7048.390528,2,59436720.64,0.0378880078677239
254,7048.410528,1,59436740.672,0.0334255332226935
255,7048.430528,2,59436760.6784,0.0378234679451718
256,7048.450528,1,59436780.6592,0.0334132399041121
257,7048.470528,2,59436800.6656,0.037762001352265
258,7048.490528,1,59436820.672,0.0333691888458623
259,7048.510528,2,59436840.768,0.0377312680558117
260,7048.530528,1,59436860.6848,0.033421435449833
261,7048.550528,2,59436880.6528,0.0376964369864978
262,7048.570528,1,59436900.6336,0.0333691888458623
263,7048.590528,2,59436920.6528,0.0376667281332596
264,7048.610528,1,59436940.6464,0.0334060688016063
265,7048.630528,2,59436960.7168,0.0376810703382711
266,7048.650528,1,59436980.6848,0.0333589444137112
267,7048.670528,2,59437000.6912,0.0377640502386953
268,7048.690528,1,59437020.6464,0.0334204110066179
269,7048.710528,2,59437040.6656,0.0378408834798287
270,7048.730528,1,59437060.8128,0.0334050443583912
271,7048.750528,2,59437080.7168,0.0379453766877702
272,7048.770528,1,59437100.6464,0.0334142643473272
273,7048.790528,2,59437120.6528,0.0379945499620956
274,7048.810528,1,59437140.6976,0.0334091421312517
275,7048.830528,2,59437160.7808,0.0380724076464442
276,7048.850528,1,59437180.672,0.033330260003688
277,7048.870528,2,59437200.7168,0.038134898682566
278,7048.890528,1,59437220.6848,0.0333282111172578
279,7048.910528,2,59437240.8064,0.0381748519679554
280,7048.930528,1,59437260.7232,0.033439875427705
281,7048.950528,2,59437280.7168,0.0380478210092815
282,7048.970528,1,59437300.7744,0.0333917265965947
283,7048.990528,2,59437320.704,0.0380314299178397
284,7049.010528,1,59437340.7104,0.0334275821091237
285,7049.030528,2,59437360.7296,0.0379289855963284
286,7049.050528,1,59437380.6976,0.0333650910730018
287,7049.070528,2,59437400.6912,0.0378572745712705
288,7049.090528,1,59437420.672,0.0333978732558854
289,7049.110528,2,59437440.7168,0.03794332780134
290,7049.130528,1,59437460.7232,0.033412215460897
291,7049.150528,2,59437480.7552,0.0380662609871535
292,7049.170528,1,59437500.7744,0.0333353822197636
293,7049.190528,2,59437520.6784,0.0380478210092815
294,7049.210528,1,59437540.7616,0.0334081176880366
295,7049.230528,2,59437560.7552,0.0380990431700371
296,7049.250528,1,59437580.7488,0.0333589444137112
297,7049.270528,2,59437600.7808,0.0381451431147171
298,7049.290528,1,59437620.7616,0.0333896777101645
299,7049.310528,2,59437640.768,0.0380365521339152
300,7049.330528,1,59437660.7616,0.033321040014752
301,7049.350528,2,59437680.768,0.0377650746819104
302,7049.370528,1,59437700.7616,0.0333200155715369
303,7049.390528,2,59437720.6912,0.0379095211752413
304,7049.410528,1,59437740.7744,0.0334449976437806
305,7049.430528,2,59437760.7936,0.0379996721781712
306,7049.450528,1,59437780.736,0.0333743110619378
307,7049.470528,2,59437800.768,0.038116458704694
308,7049.490528,1,59437820.736,0.0333794332780134
309,7049.510528,2,59437840.8064,0.0382916384944783
310,7049.530528,1,59437860.7616,0.0333712377322925
311,7049.550528,2,59437880.768,0.0384330116581638
312,7049.570528,1,59437900.8,0.0334460220869957
313,7049.590528,2,59437920.704,0.0383735939516873
314,7049.610528,1,59437940.7872,0.0333988976991005
315,7049.630528,2,59437960.8192,0.0381789497408159
316,7049.650528,1,59437980.8128,0.033375335505153
317,7049.670528,2,59438000.7808,0.0380416743499908
318,7049.690528,1,59438020.8,0.0333384555494089
319,7049.710528,2,59438040.7552,0.0380969942836069
320,7049.730528,1,59438060.8256,0.0334419243141353
321,7049.750528,2,59438080.8064,0.0380826520785953
322,7049.770528,1,59438100.7744,0.0333343577765484
323,7049.790528,2,59438120.8064,0.0379638166656422
324,7049.810528,1,59438140.8128,0.0334286065523388
325,7049.830528,2,59438160.7936,0.037825516831602
326,7049.850528,1,59438180.8256,0.0333446022086996
327,7049.870528,2,59438200.768,0.0378009301944393
328,7049.890528,1,59438220.736,0.0334193865634028
329,7049.910528,2,59438240.8576,0.037816296842666
330,7049.930528,1,59438260.8128,0.0334480709734259
331,7049.950528,2,59438280.7808,0.0378316634908927
332,7049.970528,1,59438300.8128,0.0333999221423157
333,7049.990528,2,59438320.8448,0.037879812322003
334,7050.010528,1,59438340.7872,0.03334869998156
335,7050.030528,2,59438360.832,0.038170754195095
336,7050.050528,1,59438380.7744,0.0333087466961706
337,7050.070528,2,59438400.8704,0.0382455385497982
338,7050.090528,1,59438420.7744,0.0333241133443973
339,7050.110528,2,59438440.7808,0.0382148052533448
340,7050.130528,1,59438460.864,0.0333609933001414
341,7050.150528,2,59438480.8448,0.0381512897740078
342,7050.170528,1,59438500.9024,0.0333866043805192
343,7050.190528,2,59438520.8576,0.038252709652304
344,7050.210528,1,59438540.8768,0.0333374311061938
345,7050.230528,2,59438560.8448,0.0382742229598213
346,7050.250528,1,59438580.864,0.0333056733665253
347,7050.270528,2,59438600.8576,0.0382219763558506
348,7050.290528,1,59438620.8256,0.0333599688569263
349,7050.310528,2,59438640.8832,0.0382189030262053
350,7050.330528,1,59438660.864,0.0333097711393857
351,7050.350528,2,59438680.8832,0.0383131518019956
352,7050.370528,1,59438700.8384,0.033321040014752
353,7050.390528,2,59438720.8192,0.0382342696744319
354,7050.410528,1,59438740.8896,0.0334070932448214
355,7050.430528,2,59438760.8704,0.0381420697850718
356,7050.450528,1,59438780.9024,0.0333517733112054
357,7050.470528,2,59438800.9088,0.037980207757084
358,7050.490528,1,59438820.864,0.0333743110619378
359,7050.510528,2,59438840.9216,0.0379484500174155
360,7050.530528,1,59438860.928,0.0333425533222693
361,7050.550528,2,59438880.8704,0.0381154342614789
362,7050.570528,1,59438900.9152,0.0334111910176819
363,7050.590528,2,59438920.9088,0.0382793451758969
364,7050.610528,1,59438940.9152,0.0333999221423157
365,7050.630528,2,59438960.9216,0.0383776917245477
366,7050.650528,1,59438980.9024,0.0334224598930481
367,7050.670528,2,59439000.9088,0.038435060544594
368,7050.690528,1,59439020.9024,0.0333640666297867
369,7050.710528,2,59439040.8832,0.0384268649988731
370,7050.730528,1,59439060.9792,0.0333876288237343
371,7050.750528,2,59439080.9216,0.0385395537525355
372,7050.770528,1,59439100.9408,0.0333589444137112
373,7050.790528,2,59439120.9856,0.0385364804228902
374,7050.810528,1,59439140.9024,0.033357919970496
375,7050.830528,2,59439160.9216,0.0385754092650644
376,7050.850528,1,59439180.9408,0.0333507488679902
377,7050.870528,2,59439200.9344,0.0383940828159895
378,7050.890528,1,59439220.8512,0.03334869998156
379,7050.910528,2,59439240.96,0.0383285184502223
380,7050.930528,1,59439260.8896,0.0333527977544205
381,7050.950528,2,59439280.9216,0.0381543631036532
382,7050.970528,1,59439300.928,0.0333343577765484
383,7050.990528,2,59439320.9216,0.0379545966767062
384,7051.010528,1,59439340.9408,0.0333917265965947
385,7051.030528,2,59439360.9856,0.0379320589259737
386,7051.050528,1,59439380.9152,0.0333200155715369
387,7051.070528,2,59439400.9344,0.0378152723994509
388,7051.090528,1,59439420.9664,0.0333917265965947
389,7051.110528,2,59439440.9216,0.0378111746265904
390,7051.130528,1,59439460.992,0.0334173376769726
391,7051.150528,2,59439480.9728,0.0377118036347245
392,7051.170528,1,59439500.9152,0.0334081176880366
393,7051.190528,2,59439520.9344,0.0375745282438994
394,7051.210528,1,59439540.9408,0.0333220644579671
395,7051.230528,2,59439560.9472,0.0375120372077776
396,7051.250528,1,59439580.928,0.0334050443583912
397,7051.270528,2,59439600.9856,0.0373870551355338
398,7051.290528,1,59439620.9408,0.0333384555494089
399,7051.310528,2,59439640.9984,0.0375120372077776
400,7051.330528,1,59439660.9536,0.0333917265965947
401,7051.350528,2,59439680.96,0.037607310426783
402,7051.370528,1,59439700.9536,0.0333148933554613
403,7051.390528,2,59439720.9344,0.0377404880447477
404,7051.410528,1,59439740.992,0.03330260003688
405,7051.430528,2,59439760.9984,0.0376554592578933
406,7051.450528,1,59439780.9792,0.033339479992624
407,7051.470528,2,59439801.0112,0.037706681418649
408,7051.490528,1,59439820.9664,0.0333589444137112
409,7051.510528,2,59439840.9984,0.03767082590612
410,7051.530528,1,59439860.992,0.0334173376769726
411,7051.550528,2,59439881.0496,0.0377302436125966
412,7051.570528,1,59439901.12,0.0333886532669494
413,7051.590528,2,59439921.0112,0.037861372344131
414,7051.610528,1,59439940.9664,0.0333835310508738
415,7051.630528,2,59439961.0368,0.0377865879894278
416,7051.650528,1,59439981.0176,0.0333763599483681
417,7051.670528,2,59440001.0624,0.0379259122666831
418,7051.690528,1,59440020.9792,0.0333251377876124
419,7051.710528,2,59440040.9984,0.0377988813080091
420,7051.730528,1,59440061.0176,0.0333568955272809
421,7051.750528,2,59440081.0368,0.0379115700616715
422,7051.770528,1,59440101.1328,0.033375335505153
423,7051.790528,2,59440121.024,0.0379003011863052
424,7051.810528,1,59440141.0176,0.0333978732558854
425,7051.830528,2,59440161.0368,0.0378101501833753
426,7051.850528,1,59440181.0688,0.0333200155715369
427,7051.870528,2,59440201.0624,0.0379003011863052
428,7051.890528,1,59440221.0304,0.0333630421865716
429,7051.910528,2,59440241.024,0.0378029790808695
430,7051.930528,1,59440261.12,0.0333589444137112
431,7051.950528,2,59440281.0368,0.0376954125432827
432,7051.970528,1,59440301.1072,0.0333425533222693
433,7051.990528,2,59440320.9856,0.0376298481775155
434,7052.010528,1,59440341.0688,0.0333343577765484
435,7052.030528,2,59440361.088,0.0376564837011084
436,7052.050528,1,59440381.0176,0.0333230889011822
437,7052.070528,2,59440401.024,0.0377845391029975
438,7052.090528,1,59440421.0304,0.0333814821644436
439,7052.110528,2,59440441.024,0.0379863544163747
440,7052.130528,1,59440461.0944,0.0332995267072346
441,7052.150528,2,59440481.0496,0.0381369475689962
442,7052.170528,1,59440501.0432,0.0333384555494089
443,7052.190528,2,59440521.0368,0.0382762718462516
444,7052.210528,1,59440541.0048,0.0333282111172578
445,7052.230528,2,59440561.0624,0.0383746183949024
446,7052.250528,1,59440581.0944,0.0333558710840658
447,7052.270528,2,59440601.0496,0.0384606716249718
448,7052.290528,1,59440621.0304,0.0333917265965947
449,7052.310528,2,59440641.1008,0.038425840555658
450,7052.330528,1,59440661.0688,0.0333169422418915
451,7052.350528,2,59440681.0496,0.0383971561456348
452,7052.370528,1,59440701.0816,0.0333661155162169
453,7052.390528,2,59440721.0496,0.0383541295306001
454,7052.410528,1,59440741.12,0.033330260003688
455,7052.430528,2,59440761.2032,0.0382148052533448
456,7052.450528,1,59440781.1328,0.0332995267072346
457,7052.470528,2,59440801.088,0.0382240252422808
458,7052.490528,1,59440821.0816,0.0332841600590079
459,7052.510528,2,59440841.1264,0.0382209519126355
460,7052.530528,1,59440861.1328,0.033339479992624
461,7052.550528,2,59440881.1008,0.0380539676685721
462,7052.570528,1,59440901.0688,0.0333333333333333
463,7052.590528,2,59440921.088,0.0380375765771303
464,7052.610528,1,59440941.0688,0.0333128444690311
465,7052.630528,2,59440961.2544,0.0380283565881943
466,7052.650528,1,59440981.1328,0.0333036244800951
467,7052.670528,2,59441001.2288,0.0379474255742004
468,7052.690528,1,59441021.1072,0.0333722621755076
469,7052.710528,2,59441041.0496,0.0378398590366136
470,7052.730528,1,59441061.1328,0.0332401090007581
471,7052.750528,2,59441081.1264,0.0378224435019567
472,7052.770528,1,59441101.1072,0.0332339623414674
473,7052.790528,2,59441121.1136,0.0377742946708464
474,7052.810528,1,59441141.12,0.0332862089454381
475,7052.830528,2,59441161.1264,0.0375847726760506
476,7052.850528,1,59441181.1584,0.0332933800479439
477,7052.870528,2,59441201.1264,0.0376288237343004
478,7052.890528,1,59441221.0944,0.0333251377876124
479,7052.910528,2,59441241.1392,0.0377077058618641
480,7052.930528,1,59441261.1328,0.0332831356157928
481,7052.950528,2,59441281.152,0.0376359948368062
482,7052.970528,1,59441301.1456,0.0333466510951298
483,7052.990528,2,59441321.1264,0.0377548302497593
484,7053.010528,1,59441341.1712,0.0333773843915832
485,7053.030528,2,59441361.2032,0.0377281947261663
486,7053.050528,1,59441381.1584,0.0333323088901182
487,7053.070528,2,59441401.152,0.0377671235683406
488,7053.090528,1,59441421.1456,0.03334869998156
489,7053.110528,2,59441441.1648,0.0376698014629049
490,7053.130528,1,59441461.1456,0.0333271866740427
491,7053.150528,2,59441481.1776,0.0375386727313705
492,7053.170528,1,59441501.1456,0.0333107955826009
493,7053.190528,2,59441521.2032,0.0373880795787489
494,7053.210528,1,59441541.1712,0.0332841600590079
495,7053.230528,2,59441561.152,0.0373542729526502
496,7053.250528,1,59441581.1456,0.0333312844469031
497,7053.270528,2,59441601.152,0.037270268609011
498,7053.290528,1,59441621.1584,0.0333661155162169
499,7053.310528,2,59441641.1264,0.0372354375396972
500,7053.330528,1,59441661.1584,0.0333609933001414
501,7053.350528,2,59441681.216,0.0371032843649476
502,7053.370528,1,59441701.2352,0.0333292355604729
503,7053.390528,2,59441721.1648,0.037087917716721
504,7053.410528,1,59441741.2096,0.033375335505153
505,7053.430528,2,59441761.1776,0.037087917716721
506,7053.450528,1,59441781.1968,0.0334183621201877
507,7053.470528,2,59441801.2032,0.0370377199991804
508,7053.490528,1,59441821.184,0.0333466510951298
509,7053.510528,2,59441841.1776,0.0372221197779007
510,7053.530528,1,59441861.2608,0.0333661155162169
511,7053.550528,2,59441881.1904,0.0373235396561969
512,7053.570528,1,59441901.2224,0.0333343577765484
513,7053.590528,2,59441921.2032,0.0374188128752023
514,7053.610528,1,59441941.1968,0.0333527977544205
515,7053.630528,2,59441961.216,0.0373061241215399
516,7053.650528,1,59441981.2224,0.0333732866187227
517,7053.670528,2,59442001.216,0.0374044706701908
518,7053.690528,1,59442021.2096,0.0333005511504497
519,7053.710528,2,59442041.2416,0.0373296863154875
520,7053.730528,1,59442061.2864,0.0333466510951298
521,7053.750528,2,59442081.2544,0.0374106173294814
522,7053.770528,1,59442101.248,0.0334081176880366
523,7053.790528,2,59442121.2288,0.0375550638228123
524,7053.810528,1,59442141.2224,0.0332554756489848
525,7053.830528,2,59442161.2288,0.0377773680004917
526,7053.850528,1,59442181.2352,0.0333036244800951
527,7053.870528,2,59442201.2416,0.0377722457844162
528,7053.890528,1,59442221.2224,0.0333476755383449
529,7053.910528,2,59442241.2416,0.0377701968979859
530,7053.930528,1,59442261.2608,0.0333732866187227
531,7053.950528,2,59442281.2288,0.0376083348699982
532,7053.970528,1,59442301.248,0.0333876288237343
533,7053.990528,2,59442321.344,0.0374423750691499
534,7054.010528,1,59442341.2608,0.0333702132890774
535,7054.030528,2,59442361.2672,0.0374454483987953
536,7054.050528,1,59442381.248,0.0334070932448214
537,7054.070528,2,59442401.2544,0.0374003728973303
538,7054.090528,1,59442421.2736,0.0333476755383449
539,7054.110528,2,59442441.2288,0.0372835863708075
540,7054.130528,1,59442461.312,0.0333189911283218
541,7054.150528,2,59442481.28,0.0373061241215399
542,7054.170528,1,59442501.248,0.0333650910730018
543,7054.190528,2,59442521.344,0.0373030507918946
544,7054.210528,1,59442541.248,0.0333364066629787
545,7054.230528,2,59442561.28,0.0374024217837605
546,7054.250528,1,59442581.3248,0.0333671399594321
547,7054.270528,2,59442601.2544,0.0374813039113242
548,7054.290528,1,59442621.2864,0.0332360112278976
549,7054.310528,2,59442641.2544,0.0375028172188416
550,7054.330528,1,59442661.3248,0.0333005511504497
551,7054.350528,2,59442681.3056,0.0375499416067367
552,7054.370528,1,59442701.2608,0.0333425533222693
553,7054.390528,2,59442721.3824,0.0375181838670682
554,7054.410528,1,59442741.3248,0.0333589444137112
555,7054.430528,2,59442761.28,0.0375355994017252
556,7054.450528,1,59442781.2608,0.0334460220869957
557,7054.470528,2,59442801.3184,0.0376093593132133
558,7054.490528,1,59442821.312,0.0333712377322925
559,7054.510528,2,59442841.2928,0.0375335505152949
560,7054.530528,1,59442861.312,0.0333691888458623
561,7054.550528,2,59442881.3056,0.0374772061384637
562,7054.570528,1,59442901.2992,0.0333743110619378
563,7054.590528,2,59442921.2928,0.037561210482103
564,7054.610528,1,59442941.312,0.0334316798819841
565,7054.630528,2,59442961.3696,0.0375694060278239
566,7054.650528,1,59442981.3248,0.0333282111172578
567,7054.670528,2,59443001.3312,0.0376216526317946
568,7054.690528,1,59443021.3376,0.0333333333333333
569,7054.710528,2,59443041.3312,0.0376861925543467
570,7054.730528,1,59443061.3888,0.0333292355604729
571,7054.750528,2,59443081.3568,0.0377865879894278
572,7054.770528,1,59443101.3248,0.0333568955272809
573,7054.790528,2,59443121.344,0.0378859589812937
574,7054.810528,1,59443141.376,0.0332964533775893
575,7054.830528,2,59443161.3184,0.0378972278566599
576,7054.850528,1,59443181.3632,0.03330260003688
577,7054.870528,2,59443201.3952,0.0378040035240847
578,7054.890528,1,59443221.3248,0.0333148933554613
579,7054.910528,2,59443241.344,0.0377056569754338
580,7054.930528,1,59443261.3888,0.0333691888458623
581,7054.950528,2,59443281.3568,0.0374966705595509
582,7054.970528,1,59443301.4912,0.0333446022086996
583,7054.990528,2,59443321.344,0.0374751572520335
584,7055.010528,1,59443341.3504,0.0332565000921999
585,7055.030528,2,59443361.4208,0.0374013973405454
586,7055.050528,1,59443381.3632,0.0333527977544205
587,7055.070528,2,59443401.344,0.0375816993464052
588,7055.090528,1,59443421.3888,0.0333732866187227
589,7055.110528,2,59443441.3952,0.0378040035240847
590,7055.130528,1,59443461.3632,0.0332718667404266
591,7055.150528,2,59443481.4464,0.0376165304157191
592,7055.170528,1,59443501.3376,0.0333159177986764
593,7055.190528,2,59443521.3952,0.0376544348146782
594,7055.210528,1,59443541.376,0.0333743110619378
595,7055.230528,2,59443561.4592,0.0377558546929744
596,7055.250528,1,59443581.4144,0.0333323088901182
597,7055.270528,2,59443601.4208,0.0377650746819104
598,7055.290528,1,59443621.3888,0.0332493289896941
599,7055.310528,2,59443641.3952,0.0376052615403528
600,7055.330528,1,59443661.3632,0.0333794332780134
601,7055.350528,2,59443681.4208,0.0375304771856496
602,7055.370528,1,59443701.4144,0.0333384555494089
603,7055.390528,2,59443721.4208,0.0375970659946319
604,7055.410528,1,59443741.4016,0.0333364066629787
605,7055.430528,2,59443761.4208,0.0375745282438994
606,7055.450528,1,59443781.4144,0.0334531931895015
607,7055.470528,2,59443801.4336,0.0375028172188416
608,7055.490528,1,59443821.4016,0.033393775483025
609,7055.510528,2,59443841.472,0.0375089638781322
610,7055.530528,1,59443861.44,0.0333374311061938
611,7055.550528,2,59443881.4464,0.0373645173848014
612,7055.570528,1,59443901.44,0.0334204110066179
613,7055.590528,2,59443921.472,0.0375335505152949
614,7055.610528,1,59443941.4144,0.0333138689122462
615,7055.630528,2,59443961.5616,0.0376216526317946
616,7055.650528,1,59443981.5296,0.0333097711393857
617,7055.670528,2,59444001.4592,0.0376626303603991
618,7055.690528,1,59444021.4784,0.0333691888458623
619,7055.710528,2,59444041.408,0.0376134570860737
620,7055.730528,1,59444061.4656,0.0333087466961706
621,7055.750528,2,59444081.5104,0.037788636875858
622,7055.770528,1,59444101.4784,0.0333712377322925
623,7055.790528,2,59444121.4336,0.0376698014629049
624,7055.810528,1,59444141.4528,0.0333261622308275
625,7055.830528,2,59444161.4592,0.0374843772409695
626,7055.850528,1,59444181.4272,0.0333599688569263
627,7055.870528,2,59444201.5872,0.0374741328088184
628,7055.890528,1,59444221.5168,0.0332636711947057
629,7055.910528,2,59444241.4848,0.0375007683324113
630,7055.930528,1,59444261.5168,0.0333066978097404
631,7055.950528,2,59444281.4976,0.0374352039666441
632,7055.970528,1,59444301.4528,0.0333773843915832
633,7055.990528,2,59444321.4848,0.0375181838670682
634,7056.010528,1,59444341.44,0.0333384555494089
635,7056.030528,2,59444361.6256,0.0373645173848014
636,7056.050528,1,59444381.4656,0.0333732866187227
637,7056.070528,2,59444401.472,0.0375694060278239
638,7056.090528,1,59444421.5424,0.0333230889011822
639,7056.110528,2,59444441.536,0.037734341385457
640,7056.130528,1,59444461.504,0.0334316798819841
641,7056.150528,2,59444481.4976,0.0379207900506075
642,7056.170528,1,59444501.5424,0.0332944044911591
643,7056.190528,2,59444521.5232,0.0379105456184564
644,7056.210528,1,59444541.5168,0.033357919970496
645,7056.230528,2,59444561.5872,0.037816296842666
646,7056.250528,1,59444581.5296,0.0333497244247751
647,7056.270528,2,59444601.5232,0.0377107791915094
648,7056.290528,1,59444621.504,0.0333015755936648
649,7056.310528,2,59444641.5488,0.0377548302497593
650,7056.330528,1,59444661.6448,0.0333333333333333
651,7056.350528,2,59444681.5488,0.0377712213412011
652,7056.370528,1,59444701.4912,0.0333179666851066
653,7056.390528,2,59444721.4848,0.0380304054746245
654,7056.410528,1,59444741.5424,0.0332175712500256
655,7056.430528,2,59444761.6256,0.038098018726822
656,7056.450528,1,59444781.5296,0.0332739156268568
657,7056.470528,2,59444801.5616,0.038425840555658
658,7056.490528,1,59444821.5296,0.0333148933554613
659,7056.510528,2,59444841.5104,0.0384145716802918
660,7056.530528,1,59444861.6064,0.0333835310508738
661,7056.550528,2,59444881.4976,0.038380765054193
662,7056.570528,1,59444901.5424,0.0333015755936648
663,7056.590528,2,59444921.5616,0.0382762718462516
664,7056.610528,1,59444941.5552,0.0332360112278976
665,7056.630528,2,59444961.5616,0.0382496363226586
666,7056.650528,1,59444981.5808,0.0332544512057697
667,7056.670528,2,59445001.5616,0.038271149630176
668,7056.690528,1,59445021.5424,0.0332749400700719
669,7056.710528,2,59445041.5616,0.0382516852090889
670,7056.730528,1,59445061.568,0.0332472801032639
671,7056.750528,2,59445081.6,0.0384043272481406
672,7056.770528,1,59445101.5552,0.0333282111172578
673,7056.790528,2,59445121.5616,0.0384852582621345
674,7056.810528,1,59445141.5552,0.033266744524351
675,7056.830528,2,59445161.6,0.0385856536972156
676,7056.850528,1,59445181.5936,0.0332585489786301
677,7056.870528,2,59445201.5872,0.0384862827053496
678,7056.890528,1,59445221.7216,0.0332421578871883
679,7056.910528,2,59445241.6,0.0386235580961747
680,7056.930528,1,59445261.632,0.0331602024299793
681,7056.950528,2,59445281.5872,0.0387762001352265
682,7056.970528,1,59445301.632,0.0332083512610896
683,7056.990528,2,59445321.5872,0.0387731268055812
684,7057.010528,1,59445341.5808,0.0332401090007581
685,7057.030528,2,59445361.6768,0.0389288421742783
686,7057.050528,1,59445381.5808,0.0332360112278976
687,7057.070528,2,59445401.5744,0.0391593418976786
688,7057.090528,1,59445421.6064,0.0332739156268568
689,7057.110528,2,59445441.5616,0.0391839285348413
690,7057.130528,1,59445461.6832,0.033239084557543
691,7057.150528,2,59445481.6256,0.0389646976868072
692,7057.170528,1,59445501.6704,0.0332360112278976
693,7057.190528,2,59445521.6256,0.0389462577089352
694,7057.210528,1,59445541.6064,0.0332083512610896
695,7057.230528,2,59445561.6512,0.0389001577642551
696,7057.250528,1,59445581.7216,0.0332104001475198
697,7057.270528,2,59445601.6256,0.0388571311492204
698,7057.290528,1,59445621.632,0.0332431823304034
699,7057.310528,2,59445641.6512,0.0387096113262442
700,7057.330528,1,59445661.6448,0.0332718667404266
701,7057.350528,2,59445681.8048,0.0386921957915873
702,7057.370528,1,59445701.6448,0.0331970823857234
703,7057.390528,2,59445721.6384,0.038735222406622
704,7057.410528,1,59445741.7088,0.0331960579425082
705,7057.430528,2,59445761.664,0.038644046960477
706,7057.450528,1,59445781.7088,0.0332585489786301
707,7057.470528,2,59445801.6384,0.0384319872149487
708,7057.490528,1,59445821.6448,0.0332964533775893
709,7057.510528,2,59445841.6512,0.0383285184502223
710,7057.530528,1,59445861.7856,0.0332104001475198
711,7057.550528,2,59445881.6768,0.0382445141065831
712,7057.570528,1,59445901.6448,0.0332554756489848
713,7057.590528,2,59445921.6896,0.0382916384944783
714,7057.610528,1,59445941.696,0.0332687934107812
715,7057.630528,2,59445961.6768,0.0382096830372692
716,7057.650528,1,59445981.6832,0.0332370356711127
717,7057.670528,2,59446001.664,0.0381861208433217
718,7057.690528,1,59446021.6832,0.0332237179093163
719,7057.710528,2,59446041.6896,0.0381902186161821
720,7057.730528,1,59446061.7088,0.0332237179093163
721,7057.750528,2,59446081.664,0.0383776917245477
722,7057.770528,1,59446101.6832,0.0332144979203803
723,7057.790528,2,59446121.6768,0.0384053516913557
724,7057.810528,1,59446141.696,0.0331489335546131
725,7057.830528,2,59446161.7024,0.0383397873255885
726,7057.850528,1,59446181.7216,0.0331991312721536
727,7057.870528,2,59446201.6896,0.0382977851537689
728,7057.890528,1,59446221.7088,0.033220644579671
729,7057.910528,2,59446241.7152,0.038144118671502
730,7057.930528,1,59446261.7344,0.0332144979203803
731,7057.950528,2,59446281.728,0.0381021164996824
732,7057.970528,1,59446301.7344,0.0332319134550372
733,7057.990528,2,59446321.7152,0.0380170877128281
734,7058.010528,1,59446341.7216,0.0331683979757002
735,7058.030528,2,59446361.792,0.0381113364886184
736,7058.050528,1,59446381.7216,0.033184789067142
737,7058.070528,2,59446401.7664,0.0383192984612863
738,7058.090528,1,59446421.7472,0.0331878623967873
739,7058.110528,2,59446441.7152,0.0383817894974082
740,7058.130528,1,59446461.7728,0.0331643002028398
741,7058.150528,2,59446481.7408,0.0384401827606696
742,7058.170528,1,59446501.7344,0.0332196201364558
743,7058.190528,2,59446521.7408,0.0383295428934374
744,7058.210528,1,59446541.7728,0.0331858135103571
745,7058.230528,2,59446561.7792,0.0382947118241236
746,7058.250528,1,59446581.7984,0.0331520068842584
747,7058.270528,2,59446601.7536,0.0382680763005307
748,7058.290528,1,59446621.7856,0.0332831356157928
749,7058.310528,2,59446641.7792,0.0381666564222345
750,7058.330528,1,59446661.7984,0.033239084557543
751,7058.350528,2,59446681.7408,0.0381594853197287
752,7058.370528,1,59446701.7728,0.0332524023193394
753,7058.390528,2,59446721.728,0.0381553875468683
754,7058.410528,1,59446741.7344,0.0332646956379208
755,7058.430528,2,59446761.7792,0.038179974184031
756,7058.450528,1,59446781.7472,0.0331622513164095
757,7058.470528,2,59446801.7792,0.0381912430593972
758,7058.490528,1,59446821.8752,0.0331765935214211
759,7058.510528,2,59446841.8048,0.0382547585387342
760,7058.530528,1,59446861.7472,0.0331950334992931
761,7058.550528,2,59446881.7536,0.0382731985166062
762,7058.570528,1,59446901.7856,0.033203229045014
763,7058.590528,2,59446921.856,0.0384022783617104
764,7058.610528,1,59446941.7984,0.0332349867846825
765,7058.630528,2,59446961.8048,0.0382209519126355
766,7058.650528,1,59446981.8496,0.0331919601696478
767,7058.670528,2,59447001.8048,0.0382793451758969
768,7058.690528,1,59447021.8368,0.0332001557153687
769,7058.710528,2,59447041.792,0.0382281230151413
770,7058.730528,1,59447061.7984,0.0332985022640195
771,7058.750528,2,59447081.7792,0.03798942774602
772,7058.770528,1,59447101.8112,0.0332380601143279
773,7058.790528,2,59447121.8176,0.037961767779212
774,7058.810528,1,59447141.8112,0.0332769889565021
775,7058.830528,2,59447161.8432,0.0378511279119798
776,7058.850528,1,59447181.824,0.0332083512610896
777,7058.870528,2,59447201.8432,0.0379392300284795
778,7058.890528,1,59447221.8368,0.0331858135103571
779,7058.910528,2,59447241.8688,0.0380857254082406
780,7058.930528,1,59447261.8496,0.0332237179093163
781,7058.950528,2,59447281.8176,0.0381850964001065
782,7058.970528,1,59447301.8752,0.033239084557543
783,7058.990528,2,59447321.856,0.0381994386051181
784,7059.010528,1,59447341.8112,0.0331970823857234
785,7059.030528,2,59447361.8688,0.0381328497961358
786,7059.050528,1,59447381.8496,0.0332155223635954
787,7059.070528,2,59447401.8688,0.0380488454524966
788,7059.090528,1,59447421.8752,0.0331632757596246
789,7059.110528,2,59447441.856,0.0380560165550024
790,7059.130528,1,59447461.8752,0.0331376646792468
791,7059.150528,2,59447481.8688,0.0381092876021882
792,7059.170528,1,59447501.888,0.033184789067142
793,7059.190528,2,59447521.8816,0.038052943225357
794,7059.210528,1,59447541.888,0.0332442067736185
795,7059.230528,2,59447561.9328,0.0381430942282869
796,7059.250528,1,59447581.8624,0.0333066978097404
797,7059.270528,2,59447601.8688,0.0381594853197287
798,7059.290528,1,59447621.9008,0.0332042534882291
799,7059.310528,2,59447641.8944,0.038025283258549
800,7059.330528,1,59447661.9008,0.0332452312168336
801,7059.350528,2,59447681.856,0.0379136189481017
802,7059.370528,1,59447701.8624,0.0332646956379208
803,7059.390528,2,59447721.92,0.0378716167762821
804,7059.410528,1,59447741.9008,0.03330260003688
805,7059.430528,2,59447761.9328,0.0379269367098982
806,7059.450528,1,59447781.9264,0.0333107955826009
807,7059.470528,2,59447801.9584,0.03798942774602
808,7059.490528,1,59447821.9264,0.0332431823304034
809,7059.510528,2,59447841.92,0.0380631876575082
810,7059.530528,1,59447861.9264,0.0333333333333333
811,7059.550528,2,59447881.8944,0.0381246542504149
812,7059.570528,1,59447901.8752,0.033220644579671
813,7059.590528,2,59447921.9328,0.0380498698957117
814,7059.610528,1,59447941.8752,0.0332308890118221
815,7059.630528,2,59447961.92,0.0381502653307927
816,7059.650528,1,59447981.9136,0.0332267912389616
817,7059.670528,2,59448001.9072,0.0383725695084721
818,7059.690528,1,59448021.9264,0.0332595734218452
819,7059.710528,2,59448041.9072,0.0383879361566988
820,7059.730528,1,59448061.9136,0.0331632757596246
821,7059.750528,2,59448081.9328,0.0382854918351876
822,7059.770528,1,59448102.08,0.0331509824410433
823,7059.790528,2,59448121.9456,0.0383479828713094
824,7059.810528,1,59448141.9392,0.0332185956932407
825,7059.830528,2,59448161.9328,0.0384780871596287
826,7059.850528,1,59448181.9392,0.0331981068289385
827,7059.870528,2,59448202.048,0.0383971561456348
828,7059.890528,1,59448221.9392,0.0332544512057697
829,7059.910528,2,59448241.9456,0.0382568074251644
830,7059.930528,1,59448262.0032,0.0331970823857234
831,7059.950528,2,59448281.9328,0.0381697297518798
832,7059.970528,1,59448302.0928,0.0331776179646362
833,7059.990528,2,59448321.9712,0.0380703587600139
834,7060.010528,1,59448341.9392,0.0332339623414674
835,7060.030528,2,59448361.9712,0.0379689388817178
836,7060.050528,1,59448382.0544,0.033194009056078
837,7060.070528,2,59448401.984,0.0379986477349561
838,7060.090528,1,59448421.9904,0.0332052779314443
839,7060.110528,2,59448441.9712,0.0379740610977934
840,7060.130528,1,59448461.9776,0.0332360112278976
841,7060.150528,2,59448481.9456,0.0379535722334911
842,7060.170528,1,59448502.0544,0.0332780133997173
843,7060.190528,2,59448521.984,0.0380734320896593
844,7060.210528,1,59448542.0416,0.033130493576741
845,7060.230528,2,59448562.0224,0.0381103120454033
846,7060.250528,1,59448582.016,0.0332063023746594
847,7060.270528,2,59448601.9712,0.0381553875468683
848,7060.290528,1,59448621.9904,0.0332196201364558
849,7060.310528,2,59448642.0096,0.038207634150839
850,7060.330528,1,59448661.9904,0.0332216690228861
851,7060.350528,2,59448682.048,0.03807957874895
852,7060.370528,1,59448702.0416,0.0332339623414674
853,7060.390528,2,59448721.9968,0.0379310344827586
854,7060.410528,1,59448742.0288,0.0331458602249677
855,7060.430528,2,59448762.1504,0.0379812322002991
856,7060.450528,1,59448781.9904,0.0332073268178745
857,7060.470528,2,59448802.048,0.0378408834798287
858,7060.490528,1,59448821.9648,0.0332442067736185
859,7060.510528,2,59448841.984,0.0376380437232364
860,7060.530528,1,59448862.016,0.0331192247013748
861,7060.550528,2,59448882.0992,0.037643165939312
862,7060.570528,1,59448902.208,0.0331909357264327
863,7060.590528,2,59448922.0224,0.0376042370971377
864,7060.610528,1,59448942.1824,0.0331509824410433
865,7060.630528,2,59448962.0352,0.037715901407585
866,7060.650528,1,59448982.0544,0.0332052779314443
867,7060.670528,2,59449002.0352,0.0378654701169914
868,7060.690528,1,59449022.1184,0.0331182002581597
869,7060.710528,2,59449042.0096,0.0379730366545782
870,7060.730528,1,59449062.0416,0.0332022046017989
871,7060.750528,2,59449082.0736,0.0380078677238921
872,7060.770528,1,59449102.0928,0.0331479091113979
873,7060.790528,2,59449122.2016,0.0379791833138689
874,7060.810528,1,59449142.144,0.0331786424078513
875,7060.830528,2,59449162.1376,0.0381676808654496
876,7060.850528,1,59449182.0544,0.0331550802139037
877,7060.870528,2,59449202.048,0.0383582273034606
878,7060.890528,1,59449222.1568,0.0331950334992931
879,7060.910528,2,59449242.0608,0.0385436515253959
880,7060.930528,1,59449262.1696,0.0331714713053455
881,7060.950528,2,59449282.0864,0.038480136046059
882,7060.970528,1,59449302.0416,0.0332134734771652
883,7060.990528,2,59449322.1888,0.0383674472923966
884,7061.010528,1,59449342.0672,0.0331735201917758
885,7061.030528,2,59449362.048,0.0382148052533448
886,7061.050528,1,59449382.1696,0.0331704468621304
887,7061.070528,2,59449402.2144,0.0380006966213863
888,7061.090528,1,59449422.1824,0.0331694224189153
889,7061.110528,2,59449442.0864,0.0377845391029975
890,7061.130528,1,59449462.1056,0.033157129100334
891,7061.150528,2,59449482.112,0.0376277992910853
892,7061.170528,1,59449502.272,0.0331745446349909
893,7061.190528,2,59449522.0864,0.0375960415514168
894,7061.210528,1,59449542.0928,0.0332267912389616
895,7061.230528,2,59449562.2272,0.0374218862048477
896,7061.250528,1,59449582.1312,0.0332472801032639
897,7061.270528,2,59449602.9056,0.0373163685536911
898,7061.290528,1,59449622.1824,0.0332011801585838
899,7061.310528,2,59449642.176,0.0373296863154875
900,7061.330528,1,59449662.1696,0.0332380601143279
901,7061.350528,2,59449682.2272,0.0372559264039994
902,7061.370528,1,59449702.08,0.0331550802139037
903,7061.390528,2,59449722.1248,0.0373348085315631
904,7061.410528,1,59449742.1696,0.0332411334439732
905,7061.430528,2,59449762.0992,0.0373819329194583
906,7061.450528,1,59449782.1312,0.0331919601696478
907,7061.470528,2,59449802.112,0.0374679861495277
908,7061.490528,1,59449822.2592,0.0332636711947057
909,7061.510528,2,59449842.2272,0.0373901284651792
910,7061.530528,1,59449862.2464,0.0331786424078513
911,7061.550528,2,59449882.1888,0.0373307107587026
912,7061.570528,1,59449902.1184,0.0332626467514906
913,7061.590528,2,59449922.2272,0.0374587661605917
914,7061.610528,1,59449942.1312,0.0332349867846825
915,7061.630528,2,59449962.2144,0.0373399307476387
916,7061.650528,1,59449982.2336,0.0332431823304034
917,7061.670528,2,59450002.1632,0.0373716884873071
918,7061.690528,1,59450022.2336,0.0332677689675661
919,7061.710528,2,59450042.2144,0.0373634929415862
920,7061.730528,1,59450062.144,0.0332821111725777
921,7061.750528,2,59450082.2784,0.037452619501301
922,7061.770528,1,59450102.208,0.033203229045014
923,7061.790528,2,59450122.2016,0.0376452148257422
924,7061.810528,1,59450142.1312,0.0332442067736185
925,7061.830528,2,59450162.2784,0.0377077058618641
926,7061.850528,1,59450182.1824,0.0333261622308275
927,7061.870528,2,59450202.2144,0.0377568791361895
928,7061.890528,1,59450222.1952,0.0332503534329092
929,7061.910528,2,59450242.2144,0.0376441903825271
930,7061.930528,1,59450262.3232,0.0332923556047288
931,7061.950528,2,59450282.3424,0.0375560882660274
932,7061.970528,1,59450302.272,0.033266744524351
933,7061.990528,2,59450322.2144,0.0374270084209232
934,7062.010528,1,59450342.3744,0.0332226934661012
935,7062.030528,2,59450362.3808,0.0371309443317557
936,7062.050528,1,59450382.2208,0.0331724957485607
937,7062.070528,2,59450402.2016,0.0372128997889647
938,7062.090528,1,59450422.1696,0.0332534267625545
939,7062.110528,2,59450442.2784,0.0371125043538837
940,7062.130528,1,59450462.2592,0.0332011801585838
941,7062.150528,2,59450482.2656,0.0372006064703833
942,7062.170528,1,59450502.3872,0.0332165468068105
943,7062.190528,2,59450522.2656,0.0371350421046161
944,7062.210528,1,59450542.1952,0.0332616223082755
945,7062.230528,2,59450562.368,0.0371893375950171
946,7062.250528,1,59450582.2592,0.0332995267072346
947,7062.270528,2,59450602.2144,0.0371555309689184
948,7062.290528,1,59450622.2208,0.0332237179093163
949,7062.310528,2,59450642.2528,0.0371442620935522
950,7062.330528,1,59450662.2464,0.0332022046017989
951,7062.350528,2,59450682.24,0.0371043088081628
952,7062.370528,1,59450702.3488,0.0332165468068105
953,7062.390528,2,59450722.3424,0.0370715266252792
954,7062.410528,1,59450742.3104,0.0332349867846825
955,7062.430528,2,59450762.3552,0.0370592333066978
956,7062.450528,1,59450782.4128,0.0332063023746594
957,7062.470528,2,59450802.3424,0.0369045423812158
958,7062.490528,1,59450822.3104,0.0332339623414674
959,7062.510528,2,59450842.5728,0.0369250312455181
960,7062.530528,1,59450862.3488,0.0332421578871883
961,7062.550528,2,59450882.3552,0.0368686868686869
962,7062.570528,1,59450902.3232,0.0331868379535722
963,7062.590528,2,59450922.2784,0.0369444956666052
964,7062.610528,1,59450942.2592,0.0332011801585838
965,7062.630528,2,59450962.3168,0.0369567889851866
966,7062.650528,1,59450982.2848,0.0332944044911591
967,7062.670528,2,59451002.2656,0.0368809801872682
968,7062.690528,1,59451022.2592,0.0332472801032639
969,7062.710528,2,59451042.2912,0.0367949269571988
970,7062.730528,1,59451062.4768,0.0332349867846825
971,7062.750528,2,59451082.3424,0.0368184891511463
972,7062.770528,1,59451102.2592,0.0333251377876124
973,7062.790528,2,59451122.5856,0.0367980002868441
974,7062.810528,1,59451142.2592,0.0332739156268568
975,7062.830528,2,59451162.4192,0.0369629356444772
976,7062.850528,1,59451182.336,0.0333200155715369
977,7062.870528,2,59451202.4448,0.0369967422705759
978,7062.890528,1,59451222.464,0.0332995267072346
979,7062.910528,2,59451242.3296,0.0370582088634827
980,7062.930528,1,59451262.4896,0.0332360112278976
981,7062.950528,2,59451282.4192,0.0370807466142152
982,7062.970528,1,59451302.4128,0.0332247423525314
983,7062.990528,2,59451322.5344,0.0372313397668367
984,7063.010528,1,59451342.3104,0.0332657200811359
985,7063.030528,2,59451362.4448,0.0373542729526502
986,7063.050528,1,59451382.3488,0.0332687934107812
987,7063.070528,2,59451402.4192,0.0374669617063126
988,7063.090528,1,59451422.464,0.0332011801585838
989,7063.110528,2,59451442.2912,0.0375622349253181
990,7063.130528,1,59451462.3872,0.0332011801585838
991,7063.150528,2,59451482.4192,0.0376093593132133
992,7063.170528,1,59451502.3488,0.0332319134550372
993,7063.190528,2,59451522.3552,0.0376216526317946
994,7063.210528,1,59451542.3616,0.0332155223635954
995,7063.230528,2,59451562.4576,0.0374894994570451
996,7063.250528,1,59451582.336,0.0332923556047288
997,7063.270528,2,59451602.5472,0.0373501751797898
998,7063.290528,1,59451622.7456,0.0332144979203803
999,7063.310528,2,59451642.3808,0.0372108509025345
1000,7063.330528,1,59451662.5792,0.0332339623414674
1001,7063.350528,2,59451682.3936,0.0371729465035753
1002,7063.370528,1,59451702.3488,0.0332360112278976
1003,7063.390528,2,59451722.4704,0.0371749953900055
1004,7063.410528,1,59451742.3232,0.0332985022640195
1005,7063.430528,2,59451762.4832,0.0369813756223493
1006,7063.450528,1,59451782.6432,0.0332985022640195
1007,7063.470528,2,59451802.368,0.0371473354231975
1008,7063.490528,1,59451822.3488,0.0333169422418915
1009,7063.510528,2,59451842.5856,0.0370664044092036
1010,7063.530528,1,59451862.4128,0.0332554756489848
1011,7063.550528,2,59451882.7904,0.0371329932181859
1012,7063.570528,1,59451902.4512,0.0331735201917758
1013,7063.590528,2,59451922.4704,0.0371657754010695
1014,7063.610528,1,59451942.3872,0.0332349867846825
1015,7063.630528,2,59451962.368,0.0372651463929354
1016,7063.650528,1,59451982.3616,0.0332278156821767
1017,7063.670528,2,59452002.5472,0.0372190464482554
1018,7063.690528,1,59452022.4,0.0332493289896941
1019,7063.710528,2,59452042.4448,0.0371647509578544
1020,7063.730528,1,59452062.5152,0.03321244903395
1021,7063.750528,2,59452082.4448,0.0371596287417788
1022,7063.770528,1,59452102.5408,0.0332646956379208
1023,7063.790528,2,59452122.4192,0.0373378818612084
1024,7063.810528,1,59452142.4768,0.0332431823304034
1025,7063.830528,2,59452162.5216,0.0372446575286332
1026,7063.850528,1,59452182.4,0.0332431823304034
1027,7063.870528,2,59452202.432,0.0371145532403139
1028,7063.890528,1,59452222.5408,0.0333036244800951
1029,7063.910528,2,59452242.4448,0.0370366955559653
1030,7063.930528,1,59452262.4256,0.0332411334439732
1031,7063.950528,2,59452282.496,0.0371360665478313
1032,7063.970528,1,59452302.5664,0.0332339623414674
1033,7063.990528,2,59452322.4576,0.0370448911016862
1034,7064.010528,1,59452342.4512,0.0331991312721536
1035,7064.030528,2,59452362.5472,0.0371084065810232
1036,7064.050528,1,59452382.528,0.0331714713053455
1037,7064.070528,2,59452402.4064,0.0372057286864589
1038,7064.090528,1,59452422.528,0.0332278156821767
1039,7064.110528,2,59452442.6112,0.0371022599217325
1040,7064.130528,1,59452462.5792,0.0332237179093163
1041,7064.150528,2,59452482.4448,0.0371084065810232
1042,7064.170528,1,59452502.5792,0.033157129100334
1043,7064.190528,2,59452522.4448,0.0370233777941689
1044,7064.210528,1,59452542.6048,0.0332165468068105
1045,7064.230528,2,59452562.624,0.0369895711680702
1046,7064.250528,1,59452582.4256,0.0331806912942816
1047,7064.270528,2,59452602.688,0.0369680578605528
1048,7064.290528,1,59452622.4768,0.0332821111725777
1049,7064.310528,2,59452642.496,0.036979326735919
1050,7064.330528,1,59452662.4768,0.03316634908927
1051,7064.350528,2,59452682.4448,0.0370233777941689
1052,7064.370528,1,59452702.4768,0.0332114245907349
1053,7064.390528,2,59452723.3408,0.0371319687749708
1054,7064.410528,1,59452742.4512,0.0332995267072346
1055,7064.430528,2,59452762.6368,0.0373102218944004
1056,7064.450528,1,59452782.5536,0.0332524023193394
1057,7064.470528,2,59452802.688,0.0372866597004528
1058,7064.490528,1,59452822.7328,0.033239084557543
1059,7064.510528,2,59452842.7136,0.0371893375950171
1060,7064.530528,1,59452862.5408,0.0332739156268568
1061,7064.550528,2,59452882.7008,0.0370909910463663
1062,7064.570528,1,59452902.6304,0.0332503534329092
1063,7064.590528,2,59452922.496,0.037042842215256
1064,7064.610528,1,59452942.4512,0.0332544512057697
1065,7064.630528,2,59452962.4832,0.0370203044645235
1066,7064.650528,1,59452982.4896,0.0332657200811359
1067,7064.670528,2,59453002.5472,0.0371084065810232
1068,7064.690528,1,59453022.5664,0.0332503534329092
1069,7064.710528,2,59453042.5088,0.0370039133730817
1070,7064.730528,1,59453062.4896,0.0332063023746594
1071,7064.750528,2,59453082.624,0.0370838199438605
1072,7064.770528,1,59453102.5792,0.0332882578318684
1073,7064.790528,2,59453122.5088,0.0370182555780933
1074,7064.810528,1,59453142.6048,0.033266744524351
1075,7064.830528,2,59453162.5856,0.0371422132071219
1076,7064.850528,1,59453182.7328,0.0332831356157928
1077,7064.870528,2,59453202.5984,0.0371657754010695
1078,7064.890528,1,59453222.4768,0.0331735201917758
1079,7064.910528,2,59453242.5216,0.037124797672465
1080,7064.930528,1,59453262.5152,0.0332349867846825
1081,7064.950528,2,59453282.6112,0.037324564099412
1082,7064.970528,1,59453302.6816,0.0332267912389616
1083,7064.990528,2,59453322.5344,0.0374874505706149
1084,7065.010528,1,59453342.5536,0.0331796668510664
1085,7065.030528,2,59453362.5856,0.0376237015182248
1086,7065.050528,1,59453383.36,0.0332554756489848
1087,7065.070528,2,59453402.6368,0.037643165939312
1088,7065.090528,1,59453422.528,0.0332329378982523
1089,7065.110528,2,59453442.624,0.0376544348146782
1090,7065.130528,1,59453462.5536,0.0332196201364558
1091,7065.150528,2,59453482.7648,0.0376226770750097
1092,7065.170528,1,59453502.656,0.0332462556600488
1093,7065.190528,2,59453522.5856,0.0373932017948245
1094,7065.210528,1,59453542.7072,0.0332226934661012
1095,7065.230528,2,59453562.5472,0.0373276374290573
1096,7065.250528,1,59453582.6304,0.0332165468068105
1097,7065.270528,2,59453602.88,0.0372508041879239
1098,7065.290528,1,59453622.8864,0.033229864568607
1099,7065.310528,2,59453642.88,0.0372333886532669
1100,7065.330528,1,59453662.656,0.0332063023746594
1101,7065.350528,2,59453682.624,0.0372098264593194
1102,7065.370528,1,59453702.592,0.0331858135103571
1103,7065.390528,2,59453722.7776,0.0371575798553486
1104,7065.410528,1,59453742.5664,0.0332595734218452
1105,7065.430528,2,59453762.5984,0.0372661708361506
1106,7065.450528,1,59453782.592,0.0331960579425082
1107,7065.470528,2,59453802.7648,0.0376462392689573
1108,7065.490528,1,59453822.5792,0.0332196201364558
1109,7065.510528,2,59453842.9568,0.0377640502386953
1110,7065.530528,1,59453862.6176,0.0331919601696478
1111,7065.550528,2,59453882.7648,0.0380304054746245
1112,7065.570528,1,59453902.7712,0.033194009056078
1113,7065.590528,2,59453922.5856,0.0381840719568914
1114,7065.610528,1,59453942.7456,0.0330823447456308
1115,7065.630528,2,59453962.6752,0.0381748519679554
1116,7065.650528,1,59453982.8352,0.0331561046571189
1117,7065.670528,2,59454002.752,0.0381953408322577
1118,7065.690528,1,59454022.6688,0.0331653246460549
1119,7065.710528,2,59454042.7904,0.0380508943389268
1120,7065.730528,1,59454062.6048,0.0332247423525314
1121,7065.750528,2,59454082.7776,0.0380293810314094
1122,7065.770528,1,59454102.72,0.0331683979757002
1123,7065.790528,2,59454122.7648,0.0379863544163747
1124,7065.810528,1,59454142.8736,0.0331950334992931
1125,7065.830528,2,59454162.7648,0.0379043989591657
1126,7065.850528,1,59454182.8096,0.0332073268178745
1127,7065.870528,2,59454202.8416,0.0377466347040384
1128,7065.890528,1,59454222.8608,0.0332185956932407
1129,7065.910528,2,59454242.7136,0.0375355994017252
1130,7065.930528,1,59454262.848,0.0332226934661012
1131,7065.950528,2,59454282.752,0.0374720839223882
1132,7065.970528,1,59454302.7712,0.0332646956379208
1133,7065.990528,2,59454322.8288,0.0374546683877313
1134,7066.010528,1,59454342.6432,0.0332063023746594
1135,7066.030528,2,59454362.7136,0.0374813039113242
1136,7066.050528,1,59454382.7072,0.0332462556600488
1137,7066.070528,2,59454402.7264,0.0377814657733522
1138,7066.090528,1,59454422.7456,0.0332605978650603
1139,7066.110528,2,59454442.9312,0.0377128280779396
1140,7066.130528,1,59454462.848,0.0331827401807118
1141,7066.150528,2,59454482.7648,0.0377118036347245
1142,7066.170528,1,59454502.8736,0.033239084557543
1143,7066.190528,2,59454522.6624,0.0378316634908927
1144,7066.210528,1,59454542.8736,0.0332995267072346
1145,7066.230528,2,59454562.8288,0.0376872169975618
1146,7066.250528,1,59454582.7968,0.0332339623414674
1147,7066.270528,2,59454603.008,0.0376933636568525
1148,7066.290528,1,59454622.6816,0.033220644579671
1149,7066.310528,2,59454642.8416,0.0376595570307538
1150,7066.330528,1,59454662.7072,0.0331837646239269
1151,7066.350528,2,59454682.7392,0.0375653082549634
1152,7066.370528,1,59454702.848,0.0332995267072346
1153,7066.390528,2,59454722.8928,0.0374925727866904
1154,7066.410528,1,59454742.6816,0.0332114245907349
1155,7066.430528,2,59454762.7008,0.0374608150470219
1156,7066.450528,1,59454783.2064,0.0332780133997173
1157,7066.470528,2,59454802.944,0.0374741328088184
1158,7066.490528,1,59454823.104,0.0332534267625545
1159,7066.510528,2,59454842.7648,0.0375837482328355
1160,7066.530528,1,59454862.7584,0.033203229045014
1161,7066.550528,2,59454882.7264,0.0375243305263589
1162,7066.570528,1,59454902.9376,0.0331817157374967
1163,7066.590528,2,59454922.7776,0.0374864261273998
1164,7066.610528,1,59454942.9248,0.0331827401807118
1165,7066.630528,2,59454962.8032,0.037551990493167
1166,7066.650528,1,59454983.1424,0.0332431823304034
1167,7066.670528,2,59455002.8416,0.0373983240109001
1168,7066.690528,1,59455023.0144,0.033248304546479
1169,7066.710528,2,59455042.7904,0.0373235396561969
1170,7066.730528,1,59455062.976,0.0332780133997173
1171,7066.750528,2,59455082.8544,0.0372467064150634
1172,7066.770528,1,59455102.8992,0.0333087466961706
1173,7066.790528,2,59455122.8928,0.0370274755670293
1174,7066.810528,1,59455142.848,0.0332636711947057
1175,7066.830528,2,59455162.816,0.0370039133730817
1176,7066.850528,1,59455182.9248,0.0331837646239269
1177,7066.870528,2,59455202.88,0.0370715266252792
1178,7066.890528,1,59455222.912,0.0331929846128629
1179,7066.910528,2,59455242.9184,0.0371288954453255
1180,7066.930528,1,59455263.0784,0.0332452312168336
1181,7066.950528,2,59455282.8672,0.0369957178273608
1182,7066.970528,1,59455302.976,0.0332175712500256
1183,7066.990528,2,59455323.008,0.03716987317393
1184,7067.010528,1,59455343.0656,0.0332790378429324
1185,7067.030528,2,59455362.8672,0.037242608642203
1186,7067.050528,1,59455382.8096,0.0332923556047288
1187,7067.070528,2,59455403.008,0.0372671952793657
1188,7067.090528,1,59455422.976,0.0331991312721536
1189,7067.110528,2,59455442.8416,0.037242608642203
1190,7067.130528,1,59455462.9632,0.0331960579425082
1191,7067.150528,2,59455483.0208,0.0373184174401213
1192,7067.170528,1,59455503.168,0.0333015755936648
1193,7067.190528,2,59455522.9568,0.0374034462269756
1194,7067.210528,1,59455542.784,0.0331950334992931
1195,7067.230528,2,59455563.0208,0.0374311061937837
1196,7067.250528,1,59455582.8352,0.0332144979203803
1197,7067.270528,2,59455603.2256,0.0375806749031901
1198,7067.290528,1,59455622.9248,0.03334869998156
1199,7067.310528,2,59455642.816,0.037706681418649
1200,7067.330528,1,59455663.104,0.0332493289896941
1201,7067.350528,2,59455683.1616,0.0378685434466368
1202,7067.370528,1,59455703.0016,0.0332442067736185
1203,7067.390528,2,59455722.9568,0.037934107812404
1204,7067.410528,1,59455743.0656,0.0331909357264327
1205,7067.430528,2,59455763.1104,0.038006843280677
1206,7067.450528,1,59455783.0272,0.0332677689675661
1207,7067.470528,2,59455803.1872,0.0378501034687647
1208,7067.490528,1,59455823.0016,0.0332985022640195
1209,7067.510528,2,59455843.0592,0.0377824902165673
1210,7067.530528,1,59455863.1168,0.0332903067182986
1211,7067.550528,2,59455883.0208,0.037779416886922
1212,7067.570528,1,59455902.976,0.0332185956932407
1213,7067.590528,2,59455922.944,0.0376052615403528
1214,7067.610528,1,59455943.3728,0.0333077222529555
1215,7067.630528,2,59455963.0464,0.0376390681664515
1216,7067.650528,1,59455983.0272,0.0332462556600488
1217,7067.670528,2,59456002.88,0.0377742946708464
1218,7067.690528,1,59456022.848,0.0332605978650603
1219,7067.710528,2,59456042.88,0.037725121396521
1220,7067.730528,1,59456062.8736,0.0332237179093163
1221,7067.750528,2,59456082.9696,0.0377169258508001
1222,7067.770528,1,59456103.04,0.0332237179093163
1223,7067.790528,2,59456122.9696,0.0377199991804454
1224,7067.810528,1,59456143.0656,0.033248304546479
1225,7067.830528,2,59456162.9696,0.0378009301944393
1226,7067.850528,1,59456182.9248,0.0333261622308275
1227,7067.870528,2,59456202.944,0.0377609769090499
1228,7067.890528,1,59456223.2448,0.033220644579671
1229,7067.910528,2,59456242.944,0.0377384391583175
1230,7067.930528,1,59456263.0912,0.0332708422972115
1231,7067.950528,2,59456283.4688,0.0379423033581249
1232,7067.970528,1,59456302.9888,0.0331233224742353
1233,7067.990528,2,59456322.8928,0.0377568791361895
1234,7068.010528,1,59456343.1808,0.0332810867293626
1235,7068.030528,2,59456363.072,0.0377630257954802
1236,7068.050528,1,59456382.9248,0.0331888868400025
1237,7068.070528,2,59456403.2,0.0377538058065441
1238,7068.090528,1,59456423.0144,0.0332605978650603
1239,7068.110528,2,59456442.9568,0.0377835146597824
1240,7068.130528,1,59456462.9504,0.0332073268178745
1241,7068.150528,2,59456482.9312,0.0378019546376544
1242,7068.170528,1,59456503.0912,0.0331438113385375
1243,7068.190528,2,59456522.944,0.037834736820538
1244,7068.210528,1,59456543.1552,0.0332226934661012
1245,7068.230528,2,59456563.0848,0.0377824902165673
1246,7068.250528,1,59456583.1296,0.0332083512610896
1247,7068.270528,2,59456603.2768,0.0378050279672998
1248,7068.290528,1,59456623.0272,0.0331970823857234
1249,7068.310528,2,59456643.0848,0.0378244923883869
1250,7068.330528,1,59456663.3472,0.0331909357264327
1251,7068.350528,2,59456682.9696,0.037689265883992
1252,7068.370528,1,59456702.976,0.0331776179646362
1253,7068.390528,2,59456722.9568,0.0378121990698056
1254,7068.410528,1,59456742.9632,0.0331397135656771
1255,7068.430528,2,59456762.9568,0.0377384391583175
1256,7068.450528,1,59456783.808,0.0331858135103571
1257,7068.470528,2,59456802.9696,0.0376534103714631
1258,7068.490528,1,59456822.9632,0.0330987358370725
1259,7068.510528,2,59456842.9696,0.0378326879341078
1260,7068.530528,1,59456863.0144,0.033257524535415
1261,7068.550528,2,59456882.9312,0.0377937590919335
1262,7068.570528,1,59456903.232,0.0332513778761243
1263,7068.590528,2,59456922.9696,0.0376042370971377
1264,7068.610528,1,59456942.9632,0.0332349867846825
1265,7068.630528,2,59456962.9696,0.0375110127645625
1266,7068.650528,1,59456982.9632,0.0332657200811359
1267,7068.670528,2,59457002.9696,0.0375776015735448
1268,7068.690528,1,59457022.9888,0.0331950334992931
1269,7068.710528,2,59457042.9696,0.0374925727866904
1270,7068.730528,1,59457062.9888,0.0332964533775893
1271,7068.750528,2,59457082.9824,0.0374956461163358
1272,7068.770528,1,59457102.9888,0.0332524023193394
1273,7068.790528,2,59457122.9952,0.0375315016288647
1274,7068.810528,1,59457142.9888,0.0332216690228861
1275,7068.830528,2,59457163.0592,0.0373901284651792
1276,7068.850528,1,59457183.04,0.0332360112278976
1277,7068.870528,2,59457203.0208,0.0373143196672608
1278,7068.890528,1,59457223.0016,0.0332144979203803
1279,7068.910528,2,59457243.0208,0.0373010019054644
1280,7068.930528,1,59457263.1296,0.0332626467514906
1281,7068.950528,2,59457283.0208,0.0371596287417788
1282,7068.970528,1,59457303.0144,0.0333189911283218
1283,7068.990528,2,59457323.072,0.0371688487307149
1284,7069.010528,1,59457343.0656,0.0332954289343742
1285,7069.030528,2,59457363.0464,0.0371206998996046
1286,7069.050528,1,59457383.0144,0.0333015755936648
1287,7069.070528,2,59457403.008,0.0369547400987563
1288,7069.090528,1,59457423.0272,0.0333087466961706
1289,7069.110528,2,59457443.008,0.0369414223369599
1290,7069.130528,1,59457463.0528,0.0332821111725777
1291,7069.150528,2,59457483.6608,0.0369199090294425
1292,7069.170528,1,59457503.0912,0.0332831356157928
1293,7069.190528,2,59457523.0464,0.0369987911570062
1294,7069.210528,1,59457543.0784,0.0333005511504497
1295,7069.230528,2,59457563.4944,0.0371452865367673
1296,7069.250528,1,59457583.808,0.033375335505153
1297,7069.270528,2,59457603.6608,0.0372108509025345
1298,7069.290528,1,59457623.0528,0.033257524535415
1299,7069.310528,2,59457643.5072,0.0373296863154875
1300,7069.330528,1,59457663.104,0.0332790378429324
1301,7069.350528,2,59457683.0848,0.0376462392689573
1302,7069.370528,1,59457703.0912,0.0332923556047288
1303,7069.390528,2,59457723.0976,0.0377835146597824
1304,7069.410528,1,59457743.0656,0.0333282111172578
1305,7069.430528,2,59457763.1744,0.0379054234023808
1306,7069.450528,1,59457783.4368,0.03334869998156
1307,7069.470528,2,59457803.072,0.0377896613190731
1308,7069.490528,1,59457823.0656,0.033275964513287
1309,7069.510528,2,59457843.072,0.0381697297518798
1310,7069.530528,1,59457863.0656,0.0332687934107812
1311,7069.550528,2,59457883.0848,0.0382865162784027
1312,7069.570528,1,59457903.104,0.0332841600590079
1313,7069.590528,2,59457923.1104,0.0385108693425123
1314,7069.610528,1,59457943.1296,0.0332821111725777
1315,7069.630528,2,59457963.136,0.0390886553158358
1316,7069.650528,1,59457983.9488,0.0332493289896941
1317,7069.670528,2,59458003.1232,0.0391593418976786
1318,7069.690528,1,59458023.9744,0.0333107955826009
1319,7069.710528,2,59458043.0976,0.0391654885569693
1320,7069.730528,1,59458063.0912,0.0332431823304034
1321,7069.750528,2,59458083.5968,0.0390107976314873
1322,7069.770528,1,59458103.0912,0.0332698178539964
1323,7069.790528,2,59458124.0576,0.0389063044235458
1324,7069.810528,1,59458143.0912,0.0332185956932407
1325,7069.830528,2,59458163.0976,0.0387331735201918
1326,7069.850528,1,59458183.1168,0.0331776179646362
1327,7069.870528,2,59458203.1872,0.0386389247444014
1328,7069.890528,1,59458223.0784,0.0333056733665253
1329,7069.910528,2,59458243.1104,0.0384832093757043
1330,7069.930528,1,59458263.104,0.0332605978650603
1331,7069.950528,2,59458283.4432,0.0382752474030365
1332,7069.970528,1,59458303.1296,0.033311820025816
1333,7069.990528,2,59458323.4304,0.0380898231811011
1334,7070.010528,1,59458343.7312,0.0332780133997173
1335,7070.030528,2,59458363.1488,0.03794332780134
1336,7070.050528,1,59458383.1296,0.0332257667957465
1337,7070.070528,2,59458405.5168,0.0378265412748171
1338,7070.090528,1,59458423.1552,0.0332780133997173
1339,7070.110528,2,59458443.1488,0.0377087303050792
1340,7070.130528,1,59458463.1808,0.0332401090007581
1341,7070.150528,2,59458483.1488,0.0376032126539226
1342,7070.170528,1,59458503.1424,0.0333056733665253
1343,7070.190528,2,59458523.1104,0.037706681418649
1344,7070.210528,1,59458543.1936,0.0332175712500256
1345,7070.230528,2,59458563.2128,0.0377517569201139
1346,7070.250528,1,59458583.232,0.0332134734771652
1347,7070.270528,2,59458603.1744,0.0377671235683406
1348,7070.290528,1,59458623.1808,0.0332636711947057
1349,7070.310528,2,59458643.2,0.0376544348146782
1350,7070.330528,1,59458663.1552,0.0332708422972115
1351,7070.350528,2,59458683.2128,0.0375417460610158
1352,7070.370528,1,59458703.1936,0.0333107955826009
1353,7070.390528,2,59458723.2,0.0376359948368062
1354,7070.410528,1,59458743.168,0.0332974778208044
1355,7070.430528,2,59458763.1872,0.0375274038560043
1356,7070.450528,1,59458783.1808,0.0332903067182986
1357,7070.470528,2,59458803.2,0.0375560882660274
1358,7070.490528,1,59458823.168,0.0332493289896941
1359,7070.510528,2,59458843.1872,0.0375478927203065
1360,7070.530528,1,59458863.1936,0.0332278156821767
1361,7070.550528,2,59458883.1488,0.0375919437785564
1362,7070.570528,1,59458903.2448,0.0333241133443973
1363,7070.590528,2,59458923.2128,0.0376810703382711
1364,7070.610528,1,59458943.1936,0.0332349867846825
1365,7070.630528,2,59458963.2256,0.0376984858729281
1366,7070.650528,1,59458983.2064,0.033257524535415
1367,7070.670528,2,59459003.2384,0.037680045895056
1368,7070.690528,1,59459023.2576,0.0332954289343742
1369,7070.710528,2,59459043.5584,0.0375448193906612
1370,7070.730528,1,59459063.232,0.0333046489233102
1371,7070.750528,2,59459083.2128,0.0374382772962895
1372,7070.770528,1,59459103.6928,0.0332708422972115
1373,7070.790528,2,59459123.2384,0.0373983240109001
1374,7070.810528,1,59459143.2192,0.0332472801032639
1375,7070.830528,2,59459163.2384,0.037397299567685
1376,7070.850528,1,59459183.232,0.0332841600590079
1377,7070.870528,2,59459205.248,0.0374229106480628
1378,7070.890528,1,59459223.2704,0.033229864568607
1379,7070.910528,2,59459243.264,0.0371596287417788
1380,7070.930528,1,59459263.2576,0.0332862089454381
1381,7070.950528,2,59459284.4416,0.0372651463929354
1382,7070.970528,1,59459303.2448,0.0332565000921999
1383,7070.990528,2,59459323.2512,0.0372835863708075
1384,7071.010496,1,59459343.2832,0.0332841600590079
1385,7071.030496,2,59459363.264,0.0372036798000287
1386,7071.050496,1,59459383.2832,0.033275964513287
1387,7071.070496,2,59459403.2896,0.0371934353678776
1388,7071.090496,1,59459423.2832,0.0332585489786301
1389,7071.110496,2,59459443.264,0.0371903620382322
1390,7071.130496,1,59459463.2704,0.03334869998156
1391,7071.150496,2,59459483.264,0.0371995820271682
1392,7071.170496,1,59459503.3728,0.03330260003688
1393,7071.190496,2,59459523.2896,0.0372743663818714
1394,7071.210496,1,59459543.296,0.0332687934107812
1395,7071.230496,2,59459563.3664,0.0374864261273998
1396,7071.250496,1,59459583.2832,0.0332800622861475
1397,7071.270496,2,59459603.2768,0.0375274038560043
1398,7071.290496,1,59459623.2832,0.0332769889565021
1399,7071.310496,2,59459643.2896,0.0374567172741615
1400,7071.330496,1,59459663.3216,0.0333138689122462
1401,7071.350496,2,59459683.2896,0.0374362284098592
1402,7071.370496,1,59459703.296,0.0332657200811359
1403,7071.390496,2,59459723.3024,0.0374997438891962
1404,7071.410496,1,59459743.8976,0.0332872333886533
1405,7071.430496,2,59459763.392,0.0374546683877313
1406,7071.450496,1,59459783.2448,0.0333200155715369
1407,7071.470496,2,59459803.3024,0.0373983240109001
1408,7071.490496,1,59459823.296,0.0332903067182986
1409,7071.510496,2,59459843.3024,0.0373460774069293
1410,7071.530496,1,59459863.4112,0.0333640666297867
1411,7071.550496,2,59459883.3152,0.0372928063597435
1412,7071.570496,1,59459903.3216,0.0332974778208044
1413,7071.590496,2,59459923.3152,0.037370664044092
1414,7071.610496,1,59459943.3472,0.0333691888458623
1415,7071.630496,2,59459963.328,0.0373727129305223
1416,7071.650496,1,59459983.3344,0.0333097711393857
1417,7071.670496,2,59460003.3152,0.0374843772409695
1418,7071.690496,1,59460023.3216,0.0333927510398099
1419,7071.710496,2,59460043.3792,0.0375694060278239
1420,7071.730496,1,59460063.3472,0.0333036244800951
1421,7071.750496,2,59460083.3664,0.0376872169975618
1422,7071.770496,1,59460103.3344,0.0333558710840658
1423,7071.790496,2,59460123.8272,0.0378921056405843
1424,7071.810496,1,59460143.3472,0.0332995267072346
1425,7071.830496,2,59460163.3536,0.0379566455631364
1426,7071.850496,1,59460183.5136,0.033375335505153
1427,7071.870496,2,59460203.3664,0.0379279611531133
1428,7071.890496,1,59460223.6672,0.0332892822750835
1429,7071.910496,2,59460243.3792,0.0380129899399676
1430,7071.930496,1,59460263.4112,0.0332882578318684
1431,7071.950496,2,59460283.3536,0.0381092876021882
1432,7071.970496,1,59460303.36,0.033311820025816
1433,7071.990496,2,59460324.0064,0.037970987768148
1434,7072.010496,1,59460343.3856,0.0332862089454381
1435,7072.030496,2,59460363.3792,0.0380017210646014
1436,7072.050496,1,59460384.0512,0.0332687934107812
1437,7072.070496,2,59460405.3504,0.0379720122113631
1438,7072.090496,1,59460423.3856,0.0332831356157928
1439,7072.110496,2,59460443.456,0.0379945499620956
1440,7072.130496,1,59460463.3728,0.0333107955826009
1441,7072.150496,2,59460485.376,0.0381369475689962
1442,7072.170496,1,59460503.3728,0.0332472801032639
1443,7072.190496,2,59460523.6608,0.0381318253529207
1444,7072.210496,1,59460543.8848,0.033194009056078
1445,7072.230496,2,59460563.4048,0.0382721740733911
1446,7072.250496,1,59460583.424,0.0332380601143279
1447,7072.270496,2,59460603.4176,0.0381963652754728
1448,7072.290496,1,59460623.424,0.0332585489786301
1449,7072.310496,2,59460643.4176,0.038243489663368
1450,7072.330496,1,59460663.4624,0.0332657200811359
1451,7072.350496,2,59460683.5584,0.0381728030815252
1452,7072.370496,1,59460703.3984,0.0333241133443973
1453,7072.390496,2,59460723.3408,0.0383244206773619
1454,7072.410496,1,59460744.0512,0.0332821111725777
1455,7072.430496,2,59460763.4176,0.0381922675026123
1456,7072.450496,1,59460783.3856,0.0332636711947057
1457,7072.470496,2,59460803.4176,0.0381666564222345
1458,7072.490496,1,59460823.4112,0.033321040014752
1459,7072.510496,2,59460843.52,0.0381369475689962
1460,7072.530496,1,59460863.4496,0.0333179666851066
1461,7072.550496,2,59460883.4432,0.0382014874915483
1462,7072.570496,1,59460903.4368,0.0332954289343742
1463,7072.590496,2,59460923.4944,0.0382209519126355
1464,7072.610496,1,59460943.4496,0.0332821111725777
1465,7072.630496,2,59460963.904,0.0381779252976008
1466,7072.650496,1,59460983.4368,0.0332810867293626
1467,7072.670496,2,59461003.456,0.0384145716802918
1468,7072.690496,1,59461023.488,0.0332903067182986
1469,7072.710496,2,59461043.4432,0.0387126846558895
1470,7072.730496,1,59461063.5264,0.0332749400700719
1471,7072.750496,2,59461083.456,0.0389882598807548
1472,7072.770496,1,59461103.4368,0.0332974778208044
1473,7072.790496,2,59461123.4432,0.0391593418976786
1474,7072.810496,1,59461143.4752,0.0332657200811359
1475,7072.830496,2,59461163.8528,0.0392597373327596
1476,7072.850496,1,59461183.488,0.0332329378982523
1477,7072.870496,2,59461203.4816,0.0392894461859979
1478,7072.890496,1,59461223.4624,0.0332718667404266
1479,7072.910496,2,59461243.5072,0.039499457045096
1480,7072.930496,1,59461263.5776,0.0332749400700719
1481,7072.950496,2,59461283.456,0.0395752658430143
1482,7072.970496,1,59461303.5008,0.033257524535415
1483,7072.990496,2,59461323.4944,0.0397299567684963
1484,7073.010496,1,59461343.4752,0.0332657200811359
1485,7073.030496,2,59461363.4816,0.0397258589956359
1486,7073.050496,1,59461383.5008,0.0332329378982523
1487,7073.070496,2,59461403.456,0.0397770811563915
1488,7073.090496,1,59461423.488,0.0332052779314443
1489,7073.110496,2,59461443.4944,0.0395639969676481
1490,7073.130496,1,59461463.488,0.0332728911836417
1491,7073.150496,2,59461483.4944,0.0391982707398529
1492,7073.170496,1,59461503.744,0.0333138689122462
1493,7073.190496,2,59461523.5328,0.0386256069826049
1494,7073.210496,1,59461545.3056,0.0333056733665253
1495,7073.230496,2,59461563.4944,0.0386163869936689
1496,7073.250496,1,59461583.936,0.033257524535415
1497,7073.270496,2,59461605.5936,0.0384237916692278
1498,7073.290496,1,59461623.5008,0.0332810867293626
1499,7073.310496,2,59461643.584,0.0383572028602455
1500,7073.330496,1,59461665.2544,0.0332503534329092
1501,7073.350496,2,59461683.648,0.0383213473477165
1502,7073.370496,1,59461703.5264,0.0332687934107812
1503,7073.390496,2,59461723.4816,0.0382547585387342
1504,7073.410496,1,59461743.5392,0.0332995267072346
1505,7073.430496,2,59461763.5584,0.0379730366545782
1506,7073.450496,1,59461783.8208,0.0332421578871883
1507,7073.470496,2,59461803.6608,0.0378449812526892
1508,7073.490496,1,59461823.5648,0.0332933800479439
1509,7073.510496,2,59461843.5328,0.0377538058065441
1510,7073.530496,1,59461863.5776,0.0332882578318684
1511,7073.550496,2,59461883.5712,0.0376841436679165
1512,7073.570496,1,59461903.552,0.0333866043805192
1513,7073.590496,2,59461923.5456,0.037762001352265
1514,7073.610496,1,59461943.5392,0.0332821111725777
1515,7073.630496,2,59461963.5712,0.0380857254082406
1516,7073.650496,1,59461983.5904,0.0332831356157928
1517,7073.670496,2,59462005.568,0.038453500522466
1518,7073.690496,1,59462024.128,0.03330260003688
1519,7073.710496,2,59462045.4784,0.0390589464625976
1520,7073.730496,1,59462063.5776,0.0332831356157928
1521,7073.750496,2,59462083.584,0.0392167107177249
1522,7073.770496,1,59462103.5776,0.0332216690228861
1523,7073.790496,2,59462123.584,0.0391490974655275
1524,7073.810496,1,59462143.6032,0.0331765935214211
1525,7073.830496,2,59462164.6464,0.0389646976868072
1526,7073.850496,1,59462183.5776,0.0332329378982523
1527,7073.870496,2,59462204.3136,0.0387454668387731
1528,7073.890496,1,59462223.5648,0.0332093757043047
1529,7073.910496,2,59462243.904,0.0386573647222734
1530,7073.930496,1,59462263.5648,0.0333077222529555
1531,7073.950496,2,59462283.584,0.0383930583727744
1532,7073.970496,1,59462303.5904,0.0332626467514906
1533,7073.990496,2,59462323.5968,0.0383469584280943
1534,7074.010496,1,59462343.5904,0.0332698178539964
1535,7074.030496,2,59462363.6864,0.0381932919458274
1536,7074.050496,1,59462383.616,0.033339479992624
1537,7074.070496,2,59462403.648,0.038116458704694
1538,7074.090496,1,59462423.616,0.033248304546479
1539,7074.110496,2,59462443.6352,0.0379873788595898
1540,7074.130496,1,59462463.68,0.0332585489786301
1541,7074.150496,2,59462483.6224,0.0377333169422419
1542,7074.170496,1,59462503.7568,0.0332421578871883
1543,7074.190496,2,59462525.5296,0.0375140860942078
1544,7074.210496,1,59462544.2304,0.0332595734218452
1545,7074.230496,2,59462564.032,0.0374772061384637
1546,7074.250496,1,59462583.6544,0.0333548466408507
1547,7074.270496,2,59462603.6224,0.0375396971745856
1548,7074.290496,1,59462623.6672,0.0332903067182986
1549,7074.310496,2,59462643.6224,0.0374751572520335
1550,7074.330496,1,59462663.6544,0.0333517733112054
1551,7074.350496,2,59462683.8784,0.0375212571967136
1552,7074.370496,1,59462703.6416,0.0332472801032639
1553,7074.390496,2,59462723.6352,0.037497695002766
1554,7074.410496,1,59462745.8048,0.0332769889565021
1555,7074.430496,2,59462763.6608,0.0374915483434753
1556,7074.450496,1,59462783.6288,0.0332534267625545
1557,7074.470496,2,59462803.6608,0.0373829573626734
1558,7074.490496,1,59462825.7664,0.033266744524351
1559,7074.510496,2,59462844.0832,0.0374259839777081
1560,7074.530496,1,59462863.8208,0.0332646956379208
1561,7074.550496,2,59462883.6736,0.0375345749585101
1562,7074.570496,1,59462903.6928,0.0332944044911591
1563,7074.590496,2,59462924.1216,0.0376165304157191
1564,7074.610496,1,59462943.68,0.0333312844469031
1565,7074.630496,2,59462964.032,0.0377220480668757
1566,7074.650496,1,59462983.6544,0.0332022046017989
1567,7074.670496,2,59463003.6608,0.0375857971192657
1568,7074.690496,1,59463023.6544,0.0332063023746594
1569,7074.710496,2,59463043.6992,0.0374597906038068
1570,7074.730496,1,59463063.744,0.0332534267625545
1571,7074.750496,2,59463084.0576,0.037516134980638
1572,7074.770496,1,59463103.6928,0.033330260003688
1573,7074.790496,2,59463125.8496,0.0375233060831438
1574,7074.810496,1,59463143.6672,0.0333241133443973
1575,7074.830496,2,59463164.3776,0.0375581371524576
1576,7074.850496,1,59463183.7184,0.0332739156268568
1577,7074.870496,2,59463203.6992,0.0378388345933985
1578,7074.890496,1,59463223.7056,0.0332605978650603
1579,7074.910496,2,59463243.7248,0.0378582990144856
1580,7074.930496,1,59463263.7952,0.0332821111725777
1581,7074.950496,2,59463283.712,0.0376943881000676
1582,7074.970496,1,59463304.0128,0.0332903067182986
1583,7074.990496,2,59463323.8656,0.0375642838117483
1584,7075.010496,1,59463343.7952,0.0333138689122462
1585,7075.030496,2,59463363.8656,0.0375263794127891
1586,7075.050496,1,59463384.6912,0.0332800622861475
1587,7075.070496,2,59463403.7248,0.0374003728973303
1588,7075.090496,1,59463423.8464,0.0332646956379208
1589,7075.110496,2,59463443.7632,0.0374024217837605
1590,7075.130496,1,59463463.7824,0.0332769889565021
1591,7075.150496,2,59463483.7504,0.0373184174401213
1592,7075.170496,1,59463504.8576,0.0332718667404266
1593,7075.190496,2,59463523.8144,0.0372999774622493
1594,7075.210496,1,59463546.3936,0.0332841600590079
1595,7075.230496,2,59463563.7888,0.037379884033028
1596,7075.250496,1,59463583.744,0.0333312844469031
1597,7075.270496,2,59463603.7504,0.0374485217284406
1598,7075.290496,1,59463623.7568,0.0332995267072346
1599,7075.310496,2,59463643.8016,0.0374147151023419
1600,7075.330496,1,59463663.7952,0.0333200155715369
1601,7075.350496,2,59463683.776,0.0376636548036142
1602,7075.370496,1,59463703.7696,0.0332933800479439
1603,7075.390496,2,59463723.8528,0.0376544348146782
1604,7075.410496,1,59463743.7952,0.0332769889565021
1605,7075.430496,2,59463766.016,0.037633945950376
1606,7075.450496,1,59463783.7952,0.033275964513287
1607,7075.470496,2,59463803.8144,0.037452619501301
1608,7075.490496,1,59463823.7568,0.0333405044358391
1609,7075.510496,2,59463843.7504,0.0374997438891962
1610,7075.530496,1,59463863.7824,0.0333005511504497
1611,7075.550496,2,59463883.8528,0.0374126662159117
1612,7075.570496,1,59463903.7696,0.0333794332780134
1613,7075.590496,2,59463923.7888,0.0372221197779007
1614,7075.610496,1,59463943.7696,0.0333128444690311
1615,7075.630496,2,59463963.7888,0.0371166021267441
1616,7075.650496,1,59463983.7952,0.0333691888458623
1617,7075.670496,2,59464003.776,0.0369721556334132
1618,7075.690496,1,59464024.1152,0.0332964533775893
1619,7075.710496,2,59464045.952,0.0369434712233901
1620,7075.730496,1,59464063.9872,0.0333978732558854
1621,7075.750496,2,59464083.8016,0.0369281045751634
1622,7075.770496,1,59464103.808,0.0332985022640195
1623,7075.790496,2,59464123.8144,0.0372077775728891
1624,7075.810496,1,59464143.808,0.0332472801032639
1625,7075.830496,2,59464163.968,0.0371811420492962
1626,7075.850496,1,59464186.432,0.0333241133443973
1627,7075.870496,2,59464203.84,0.0371370909910464
1628,7075.890496,1,59464224.1664,0.0332605978650603
1629,7075.910496,2,59464243.8144,0.0371043088081628
1630,7075.930496,1,59464263.8464,0.0333200155715369
1631,7075.950496,2,59464283.84,0.0371022599217325
1632,7075.970496,1,59464305.8304,0.0332626467514906
1633,7075.990496,2,59464323.84,0.0369219579158727
1634,7076.010496,1,59464343.8464,0.0332626467514906
1635,7076.030496,2,59464363.8272,0.0369250312455181
1636,7076.050496,1,59464384.7168,0.033266744524351
1637,7076.070496,2,59464404.288,0.0369680578605528
1638,7076.090496,1,59464424.1536,0.0333282111172578
1639,7076.110496,2,59464443.8272,0.0369045423812158
1640,7076.130496,1,59464463.8848,0.0333241133443973
1641,7076.150496,2,59464483.84,0.0370274755670293
1642,7076.170496,1,59464503.8464,0.0332954289343742
1643,7076.190496,2,59464523.8912,0.03716987317393
1644,7076.210496,1,59464543.8464,0.0333107955826009
1645,7076.230496,2,59464563.9552,0.0371965086975229
1646,7076.250496,1,59464583.872,0.0333097711393857
1647,7076.270496,2,59464603.8784,0.0371924109246624
1648,7076.290496,1,59464623.8464,0.0333456266519147
1649,7076.310496,2,59464643.8528,0.0372651463929354
1650,7076.330496,1,59464663.9744,0.0333251377876124
1651,7076.350496,2,59464683.8528,0.0373255885426271
1652,7076.370496,1,59464704.5376,0.033285184502223
1653,7076.390496,2,59464723.84,0.0374136906591268
1654,7076.410496,1,59464743.8592,0.0332339623414674
1655,7076.430496,2,59464765.9264,0.0373532485094351
1656,7076.450496,1,59464784.1408,0.0333189911283218
1657,7076.470496,2,59464803.904,0.037434179523429
1658,7076.490496,1,59464823.872,0.0332554756489848
1659,7076.510496,2,59464844.5952,0.03748847501383
1660,7076.530496,1,59464864.3328,0.0332524023193394
1661,7076.550496,2,59464883.904,0.0374515950580859
1662,7076.570496,1,59464903.9232,0.0333620177433565
1663,7076.590496,2,59464923.904,0.0374474972852255
1664,7076.610496,1,59464943.8976,0.0333466510951298
1665,7076.630496,2,59464963.968,0.0374761816952486
1666,7076.650496,1,59464983.9232,0.0333005511504497
1667,7076.670496,2,59465003.9296,0.0373983240109001
1668,7076.690496,1,59465023.9616,0.0333650910730018
1669,7076.710496,2,59465043.9296,0.0373050996783248
1670,7076.730496,1,59465063.9232,0.0333548466408507
1671,7076.750496,2,59465083.9936,0.0371924109246624
1672,7076.770496,1,59465103.9104,0.0332831356157928
1673,7076.790496,2,59465123.968,0.0372671952793657
1674,7076.810496,1,59465143.936,0.0332493289896941
1675,7076.830496,2,59465163.9936,0.0373696396008769
1676,7076.850496,1,59465183.9872,0.0333312844469031
1677,7076.870496,2,59465204.5952,0.0375140860942078
1678,7076.890496,1,59465223.9104,0.0332237179093163
1679,7076.910496,2,59465244.3776,0.0375458438338763
1680,7076.930496,1,59465264.6016,0.0333364066629787
1681,7076.950496,2,59465283.9168,0.0376308726207306
1682,7076.970496,1,59465303.9488,0.0332831356157928
1683,7076.990496,2,59465324.0192,0.0377917102055033
1684,7077.010496,1,59465343.9232,0.0333159177986764
1685,7077.030496,2,59465363.9424,0.0379474255742004
1686,7077.050496,1,59465384.0512,0.0332790378429324
1687,7077.070496,2,59465403.968,0.0378941545270146
1688,7077.090496,1,59465424.0768,0.0332831356157928
1689,7077.110496,2,59465443.968,0.037861372344131
1690,7077.130496,1,59465464.8704,0.0332646956379208
1691,7077.150496,2,59465483.9808,0.0379586944495667
1692,7077.170496,1,59465504.3712,0.033285184502223
1693,7077.190496,2,59465523.9936,0.0381226053639847
1694,7077.210496,1,59465543.9616,0.0333476755383449
1695,7077.230496,2,59465564.0448,0.0381185075911242
1696,7077.250496,1,59465583.9488,0.0333497244247751
1697,7077.270496,2,59465603.968,0.0379904521892352
1698,7077.290496,1,59465624,0.0332472801032639
1699,7077.310496,2,59465643.9808,0.037779416886922
1700,7077.330496,1,59465664.0512,0.0332749400700719
1701,7077.350496,2,59465683.9936,0.0377763435572766
1702,7077.370496,1,59465704,0.0333568955272809
1703,7077.390496,2,59465724.0448,0.0378296146044625
1704,7077.410496,1,59465744.0384,0.0332903067182986
1705,7077.430496,2,59465764.032,0.0378132235130207
1706,7077.450496,1,59465784,0.0333066978097404
1707,7077.470496,2,59465804.0576,0.0377558546929744
1708,7077.490496,1,59465825.3696,0.0332985022640195
1709,7077.510496,2,59465844.0192,0.0377456102608232
1710,7077.530496,1,59465864.9344,0.0333036244800951
1711,7077.550496,2,59465884.032,0.0377773680004917
1712,7077.570496,1,59465903.9872,0.0332626467514906
1713,7077.590496,2,59465924.0064,0.0374966705595509
1714,7077.610496,1,59465944.1152,0.0333712377322925
1715,7077.630496,2,59465964.0704,0.0374987194459811
1716,7077.650496,1,59465984.0128,0.0333415288790542
1717,7077.670496,2,59466004.0064,0.0374587661605917
1718,7077.690496,1,59466024.0256,0.0332810867293626
1719,7077.710496,2,59466044.1472,0.0375642838117483
1720,7077.730496,1,59466064.1664,0.0333773843915832
1721,7077.750496,2,59466084.0448,0.0374024217837605
1722,7077.770496,1,59466104.0512,0.0333804577212285
1723,7077.790496,2,59466124.0576,0.0375396971745856
1724,7077.810496,1,59466144.064,0.033257524535415
1725,7077.830496,2,59466164.0064,0.037379884033028
1726,7077.850496,1,59466184.064,0.0333128444690311
1727,7077.870496,2,59466204.0576,0.037406519556621
1728,7077.890496,1,59466224.0256,0.0333179666851066
1729,7077.910496,2,59466244.0576,0.0372077775728891
1730,7077.930496,1,59466264.4608,0.0332493289896941
1731,7077.950496,2,59466284.0448,0.0370653799659885
1732,7077.970496,1,59466304.3584,0.0333650910730018
1733,7077.990496,2,59466324.0448,0.0371729465035753
1734,7078.010496,1,59466344.1408,0.0332862089454381
1735,7078.030496,2,59466364.5696,0.0372149486753949
1736,7078.050496,1,59466384.1664,0.0332544512057697
1737,7078.070496,2,59466404.0576,0.0372712930522261
1738,7078.090496,1,59466425.0112,0.0332923556047288
1739,7078.110496,2,59466444.0704,0.0373655418280165
1740,7078.130496,1,59466464.1408,0.0333640666297867
1741,7078.150496,2,59466484.0448,0.0373071485647551
1742,7078.170496,1,59466504.064,0.0332831356157928
1743,7078.190496,2,59466524.0704,0.0373593951687258
1744,7078.210496,1,59466544.064,0.0332985022640195
1745,7078.230496,2,59466564.0832,0.0375304771856496
1746,7078.250496,1,59466584.064,0.033339479992624
1747,7078.270496,2,59466604.5696,0.0377333169422419
1748,7078.290496,1,59466624.128,0.0333282111172578
1749,7078.310496,2,59466644.1088,0.0379003011863052
1750,7078.330496,1,59466664.9728,0.0333077222529555
1751,7078.350496,2,59466684.16,0.038098018726822
1752,7078.370496,1,59466704.2688,0.0332534267625545
1753,7078.390496,2,59466724.1344,0.038088798737886
1754,7078.410496,1,59466744.128,0.0333538221976356
1755,7078.430496,2,59466764.3392,0.038006843280677
1756,7078.450496,1,59466784.2176,0.0333282111172578
1757,7078.470496,2,59466804.1472,0.0380939209539615
1758,7078.490496,1,59466824.2432,0.0333722621755076
1759,7078.510496,2,59466844.1472,0.038025283258549
1760,7078.530496,1,59466864.192,0.0333476755383449
1761,7078.550496,2,59466884.224,0.0378828856516483
1762,7078.570496,1,59466904.1536,0.03321244903395
1763,7078.590496,2,59466924.1472,0.0379003011863052
1764,7078.610496,1,59466944.256,0.0333794332780134
1765,7078.630496,2,59466964.1856,0.0377947835351487
1766,7078.650496,1,59466984.2048,0.033275964513287
1767,7078.670496,2,59467004.1472,0.0376575081443236
1768,7078.690496,1,59467024.1792,0.0332216690228861
1769,7078.710496,2,59467044.2752,0.0377322924990268
1770,7078.730496,1,59467064.3328,0.0332872333886533
1771,7078.750496,2,59467084.2112,0.0376513614850329
1772,7078.770496,1,59467104.3968,0.0333169422418915
1773,7078.790496,2,59467124.16,0.037734341385457
1774,7078.810496,1,59467144.3072,0.0333087466961706
1775,7078.830496,2,59467164.3008,0.0376687770196898
1776,7078.850496,1,59467184.2432,0.0333374311061938
1777,7078.870496,2,59467204.2496,0.0375673571413936
1778,7078.890496,1,59467224.1792,0.0332605978650603
1779,7078.910496,2,59467244.1856,0.0373860306923187
1780,7078.930496,1,59467264.3584,0.033239084557543
1781,7078.950496,2,59467284.1984,0.0372958796893888
1782,7078.970496,1,59467304.2944,0.0333517733112054
1783,7078.990496,2,59467324.1984,0.0372579752904297
1784,7079.010496,1,59467344.256,0.0332657200811359
1785,7079.030496,2,59467364.4416,0.0372948552461737
1786,7079.050496,1,59467384.2432,0.0332226934661012
1787,7079.070496,2,59467404.4672,0.0374126662159117
1788,7079.090496,1,59467424.2048,0.0332544512057697
1789,7079.110496,2,59467444.1984,0.037452619501301
1790,7079.130496,1,59467464.2432,0.0333251377876124
1791,7079.150496,2,59467484.224,0.0373552973958654
1792,7079.170496,1,59467504.3584,0.0333179666851066
1793,7079.190496,2,59467524.2368,0.0372620730632901
1794,7079.210496,1,59467544.3072,0.0333599688569263
1795,7079.230496,2,59467564.3392,0.0372528530743541
1796,7079.250496,1,59467584.256,0.0333282111172578
1797,7079.270496,2,59467604.3136,0.0371514331960579
1798,7079.290496,1,59467624.256,0.0333200155715369
1799,7079.310496,2,59467644.2752,0.0371391398774766
1800,7079.330496,1,59467664.32,0.0333620177433565
1801,7079.350496,2,59467684.2624,0.037197533140738
1802,7079.370496,1,59467704.3584,0.0333077222529555
1803,7079.390496,2,59467724.2624,0.0371852398221567
1804,7079.410496,1,59467744.2944,0.033321040014752
1805,7079.430496,2,59467764.416,0.0370940643760116
1806,7079.450496,1,59467784.2816,0.0333446022086996
1807,7079.470496,2,59467804.3264,0.0372282664371914
1808,7079.490496,1,59467824.2688,0.0333097711393857
1809,7079.510496,2,59467844.2752,0.0371852398221567
1810,7079.530496,1,59467864.3584,0.033357919970496
1811,7079.550496,2,59467884.2752,0.0371627020714242
1812,7079.570496,1,59467904.2944,0.0333189911283218
1813,7079.590496,2,59467924.288,0.0370868932735058
1814,7079.610496,1,59467944.256,0.0332831356157928
1815,7079.630496,2,59467964.416,0.0370387444423955
1816,7079.650496,1,59467984.2944,0.0333241133443973
1817,7079.670496,2,59468004.3648,0.036988546724855
1818,7079.690496,1,59468024.2944,0.033412215460897
1819,7079.710496,2,59468044.3136,0.0369629356444772
1820,7079.730496,1,59468064.4992,0.0333353822197636
1821,7079.750496,2,59468084.3776,0.0368820046304833
1822,7079.770496,1,59468104.2944,0.0333097711393857
1823,7079.790496,2,59468124.3136,0.0370182555780933
1824,7079.810496,1,59468144.384,0.0333292355604729
1825,7079.830496,2,59468164.3648,0.0369875222816399
1826,7079.850496,1,59468184.3456,0.0333589444137112
1827,7079.870496,2,59468204.3136,0.0370776732845698
1828,7079.890496,1,59468224.3072,0.0332831356157928
1829,7079.910496,2,59468244.3392,0.037134017661401
1830,7079.930496,1,59468264.4608,0.0333527977544205
1831,7079.950496,2,59468284.48,0.0371524576392731
1832,7079.970496,1,59468304.384,0.0332923556047288
1833,7079.990496,2,59468324.3776,0.0371043088081628
1834,7080.010496,1,59468344.32,0.0332995267072346
1835,7080.030496,2,59468364.5312,0.0370407933288258
1836,7080.050496,1,59468384.3584,0.0333743110619378
1837,7080.070496,2,59468404.352,0.0370213289077386
1838,7080.090496,1,59468424.3456,0.0333855799373041
1839,7080.110496,2,59468444.352,0.0369660089741226
1840,7080.130496,1,59468464.3456,0.0333855799373041
1841,7080.150496,2,59468484.352,0.0369322023480239
1842,7080.170496,1,59468504.3968,0.0333548466408507
1843,7080.190496,2,59468524.3776,0.0369209334726576
1844,7080.210496,1,59468544.3456,0.0333825066076587
1845,7080.230496,2,59468564.5568,0.0368891757329891
1846,7080.250496,1,59468584.5632,0.0332882578318684
1847,7080.270496,2,59468604.3776,0.0369567889851866
1848,7080.290496,1,59468624.4352,0.0332964533775893
1849,7080.310496,2,59468644.416,0.0370069867027271
1850,7080.330496,1,59468664.5248,0.0332646956379208
1851,7080.350496,2,59468684.5312,0.0371329932181859
1852,7080.370496,1,59468704.3712,0.0333497244247751
1853,7080.390496,2,59468724.352,0.0372282664371914
1854,7080.410496,1,59468744.4864,0.0333015755936648
1855,7080.430496,2,59468764.5824,0.037160653184994
1856,7080.450496,1,59468784.448,0.033285184502223
1857,7080.470496,2,59468804.3776,0.0373409551908538
1858,7080.490496,1,59468824.384,0.0332083512610896
1859,7080.510496,2,59468844.4288,0.0374300817505686
1860,7080.530496,1,59468864.576,0.0332001557153687
1861,7080.550496,2,59468884.3648,0.0377701968979859
1862,7080.570496,1,59468904.4736,0.0332196201364558
1863,7080.590496,2,59468924.4032,0.0377968324215789
1864,7080.610496,1,59468944.4864,0.0332605978650603
1865,7080.630496,2,59468964.4672,0.037715901407585
1866,7080.650496,1,59468984.512,0.0332257667957465
1867,7080.670496,2,59469004.5312,0.0376585325875387
1868,7080.690496,1,59469024.4608,0.0333405044358391
1869,7080.710496,2,59469044.48,0.0376103837564284
1870,7080.730496,1,59469064.4864,0.0332616223082755
1871,7080.750496,2,59469084.5056,0.0375058905484869
1872,7080.770496,1,59469104.5248,0.0332657200811359
1873,7080.790496,2,59469124.5184,0.0374679861495277
1874,7080.810496,1,59469144.4224,0.0332646956379208
1875,7080.830496,2,59469164.3904,0.0374075439998361
1876,7080.850496,1,59469184.4352,0.0333138689122462
1877,7080.870496,2,59469204.5312,0.037424959534493
1878,7080.890496,1,59469224.6016,0.0332626467514906
1879,7080.910496,2,59469244.4672,0.0374854016841846
1880,7080.930496,1,59469264.6272,0.0332985022640195
1881,7080.950496,2,59469284.4544,0.0376984858729281
1882,7080.970496,1,59469304.4352,0.0332728911836417
1883,7080.990496,2,59469324.416,0.0378880078677239
1884,7081.010496,1,59469344.5248,0.0332954289343742
1885,7081.030496,2,59469364.6464,0.0379361566988342
1886,7081.050496,1,59469384.6528,0.0332974778208044
1887,7081.070496,2,59469404.48,0.0381338742393509
1888,7081.090496,1,59469424.4736,0.0333702132890774
1889,7081.110496,2,59469444.5952,0.0382230007990657
1890,7081.130496,1,59469464.576,0.0332646956379208
1891,7081.150496,2,59469484.5568,0.0386655602679943
1892,7081.170496,1,59469504.512,0.0331233224742353
1893,7081.190496,2,59469524.4672,0.0389032310939005
1894,7081.210496,1,59469544.448,0.033239084557543
1895,7081.230496,2,59469564.7488,0.0394615526461368
1896,7081.250496,1,59469584.5504,0.0331868379535722
1897,7081.270496,2,59469604.4672,0.0402647161267851
1898,7081.290496,1,59469624.4992,0.0332042534882291
1899,7081.310496,2,59469644.4928,0.040846599872969
1900,7081.330496,1,59469664.6528,0.0332237179093163
1901,7081.350496,2,59469684.6976,0.0409971930255906
1902,7081.370496,1,59469704.512,0.0332196201364558
1903,7081.390496,2,59469724.6208,0.0410770995963694
1904,7081.410496,1,59469744.576,0.0332882578318684
1905,7081.430496,2,59469764.5568,0.0413844325609032
1906,7081.450496,1,59469784.7296,0.0331806912942816
1907,7081.470496,2,59469804.5056,0.0415596123506874
1908,7081.490496,1,59469824.5888,0.0331653246460549
1909,7081.510496,2,59469844.544,0.0417685987665704
1910,7081.530496,1,59469864.5504,0.0331899112832176
1911,7081.550496,2,59469884.5824,0.0418269920298318
1912,7081.570496,1,59469904.6656,0.0332319134550372
1913,7081.590496,2,59469924.4928,0.0418167475976807
1914,7081.610496,1,59469944.4992,0.033194009056078
1915,7081.630496,2,59469964.544,0.0415882967607106
1916,7081.650496,1,59469984.4992,0.033184789067142
1917,7081.670496,2,59470004.608,0.0414858524391993
1918,7081.690496,1,59470024.64,0.0331509824410433
1919,7081.710496,2,59470044.6208,0.0415411723728154
1920,7081.730496,1,59470064.64,0.0332134734771652
1921,7081.750496,2,59470084.608,0.0417132788329543
1922,7081.770496,1,59470104.5376,0.0332134734771652
1923,7081.790496,2,59470124.672,0.0415893212039257
1924,7081.810496,1,59470144.576,0.033175569078206
1925,7081.830496,2,59470164.5952,0.0410842706988752
1926,7081.850496,1,59470184.704,0.0331796668510664
1927,7081.870496,2,59470204.5696,0.0406796156289057
1928,7081.890496,1,59470224.704,0.0331786424078513
1929,7081.910496,2,59470244.736,0.0402319339439015
1930,7081.930496,1,59470264.8448,0.0331858135103571
1931,7081.950496,2,59470284.7616,0.0400096297662221
1932,7081.970496,1,59470304.6784,0.033184789067142
1933,7081.990496,2,59470324.6208,0.0398201077714262
1934,7082.010496,1,59470344.5888,0.0332442067736185
1935,7082.030496,2,59470364.608,0.0395588747515725
1936,7082.050496,1,59470384.6016,0.033194009056078
1937,7082.070496,2,59470404.736,0.039272030651341
1938,7082.090496,1,59470424.704,0.033184789067142
1939,7082.110496,2,59470444.9536,0.0389524043682259
1940,7082.130496,1,59470464.6912,0.0331776179646362
1941,7082.150496,2,59470484.6208,0.0388458622738542
1942,7082.170496,1,59470504.9088,0.033229864568607
1943,7082.190496,2,59470524.7744,0.038999528756121
1944,7082.210496,1,59470544.5632,0.0332370356711127
1945,7082.230496,2,59470564.8,0.0390087487450571
1946,7082.250496,1,59470584.768,0.0331765935214211
1947,7082.270496,2,59470604.6848,0.0389851865511095
1948,7082.290496,1,59470624.64,0.0332042534882291
1949,7082.310496,2,59470644.6976,0.0389944065400455
1950,7082.330496,1,59470664.6784,0.0331981068289385
1951,7082.350496,2,59470684.8256,0.0386225336529596
1952,7082.370496,1,59470704.6912,0.0332237179093163
1953,7082.390496,2,59470724.7872,0.0386020447886574
1954,7082.410496,1,59470744.8448,0.0331499579978282
1955,7082.430496,2,59470764.6464,0.0384729649435532
1956,7082.450496,1,59470784.6016,0.0331653246460549
1957,7082.470496,2,59470804.7488,0.0383572028602455
1958,7082.490496,1,59470824.64,0.0332063023746594
1959,7082.510496,2,59470844.8384,0.0383008584834143
1960,7082.530496,1,59470864.6144,0.0332083512610896
1961,7082.550496,2,59470884.7616,0.0383233962341467
1962,7082.570496,1,59470904.6272,0.0331509824410433
1963,7082.590496,2,59470924.7104,0.0382158296965599
1964,7082.610496,1,59470944.6528,0.0332503534329092
1965,7082.630496,2,59470964.8,0.0381400208986416
1966,7082.650496,1,59470984.6656,0.0332073268178745
1967,7082.670496,2,59471004.6208,0.0382199274694204
1968,7082.690496,1,59471024.6912,0.0332175712500256
1969,7082.710496,2,59471044.7616,0.0383602761898908
1970,7082.730496,1,59471064.7168,0.0331817157374967
1971,7082.750496,2,59471084.8512,0.0383008584834143
1972,7082.770496,1,59471104.8448,0.0331981068289385
1973,7082.790496,2,59471124.7872,0.0381492408875776
1974,7082.810496,1,59471144.6528,0.0332144979203803
1975,7082.830496,2,59471164.7488,0.0380539676685721
1976,7082.850496,1,59471184.8064,0.0331837646239269
1977,7082.870496,2,59471204.8,0.0378900567541541
1978,7082.890496,1,59471224.7552,0.0332196201364558
1979,7082.910496,2,59471244.864,0.0379248878234679
1980,7082.930496,1,59471264.7424,0.033184789067142
1981,7082.950496,2,59471284.8896,0.0380058188374618
1982,7082.970496,1,59471304.832,0.0332063023746594
1983,7082.990496,2,59471324.8,0.0381512897740078
1984,7083.010496,1,59471344.896,0.0332073268178745
1985,7083.030496,2,59471364.8,0.0381226053639847
1986,7083.050496,1,59471384.6912,0.0332831356157928
1987,7083.070496,2,59471404.992,0.038098018726822
1988,7083.090496,1,59471424.8064,0.0332042534882291
1989,7083.110496,2,59471444.864,0.037980207757084
1990,7083.130496,1,59471464.8576,0.0331745446349909
1991,7083.150496,2,59471484.6976,0.0379269367098982
1992,7083.170496,1,59471505.1136,0.0332974778208044
1993,7083.190496,2,59471524.8384,0.038006843280677
1994,7083.210496,1,59471544.704,0.0331253713606655
1995,7083.230496,2,59471564.672,0.0380806031921651
1996,7083.250496,1,59471584.704,0.0332144979203803
1997,7083.270496,2,59471604.9664,0.0380713832032291
1998,7083.290496,1,59471624.9856,0.0332810867293626
1999,7083.310496,2,59471644.6976,0.0379884033028049
2000,7083.330496,1,59471664.64,0.033229864568607
2001,7083.350496,2,59471684.8128,0.0380211854856885
2002,7083.370496,1,59471704.6656,0.033266744524351
2003,7083.390496,2,59471724.6464,0.0380806031921651
2004,7083.410496,1,59471744.8576,0.033194009056078
2005,7083.430496,2,59471764.7232,0.0382107074804844
2006,7083.450496,1,59471784.6656,0.0331458602249677
2007,7083.470496,2,59471804.7104,0.0380693343167988
2008,7083.490496,1,59471824.8832,0.0332308890118221
2009,7083.510496,2,59471844.6848,0.0380242588153339
2010,7083.530496,1,59471864.7296,0.0332196201364558
2011,7083.550496,2,59471884.672,0.0379423033581249
2012,7083.570496,1,59471904.6784,0.0331970823857234
2013,7083.590496,2,59471924.7616,0.0379658655520724
2014,7083.610496,1,59471944.6912,0.0332452312168336
2015,7083.630496,2,59471964.7104,0.0378480545823345
2016,7083.650496,1,59471984.704,0.0332073268178745
2017,7083.670496,2,59472004.6976,0.0378521523551949
2018,7083.690496,1,59472024.8576,0.0332401090007581
2019,7083.710496,2,59472044.8256,0.0377118036347245
2020,7083.730496,1,59472064.7296,0.0331786424078513
2021,7083.750496,2,59472084.9152,0.0378234679451718
2022,7083.770496,1,59472104.704,0.0331427868953224
2023,7083.790496,2,59472124.7232,0.0377404880447477
2024,7083.810496,1,59472144.7936,0.0332237179093163
2025,7083.830496,2,59472164.7744,0.0376667281332596
2026,7083.850496,1,59472184.6784,0.0331704468621304
2027,7083.870496,2,59472204.7488,0.037734341385457
2028,7083.890496,1,59472224.7936,0.0332093757043047
2029,7083.910496,2,59472244.7232,0.0377814657733522
2030,7083.930496,1,59472264.768,0.0332513778761243
2031,7083.950496,2,59472284.6976,0.0376810703382711
2032,7083.970496,1,59472304.7552,0.033203229045014
2033,7083.990496,2,59472324.7488,0.0375857971192657
2034,7084.010496,1,59472344.8704,0.0331858135103571
2035,7084.030496,2,59472364.736,0.0375315016288647
2036,7084.050496,1,59472384.7552,0.0332749400700719
2037,7084.070496,2,59472404.7616,0.0376032126539226
2038,7084.090496,1,59472424.8704,0.0332626467514906
2039,7084.110496,2,59472444.736,0.0374772061384637
2040,7084.130496,1,59472464.7424,0.0332605978650603
2041,7084.150496,2,59472484.7488,0.037497695002766
2042,7084.170496,1,59472504.7808,0.0332472801032639
2043,7084.190496,2,59472524.8896,0.0374352039666441
2044,7084.210496,1,59472544.7552,0.0332144979203803
2045,7084.230496,2,59472564.7616,0.0375663326981785
2046,7084.250496,1,59472584.7808,0.0333107955826009
2047,7084.270496,2,59472604.7744,0.0374608150470219
2048,7084.290496,1,59472624.768,0.0332657200811359
2049,7084.310496,2,59472644.7616,0.0374679861495277
2050,7084.330496,1,59472664.7424,0.0332339623414674
2051,7084.350496,2,59472684.8,0.0374085684430512
2052,7084.370496,1,59472704.7808,0.0332595734218452
2053,7084.390496,2,59472724.7488,0.0374802794681091
2054,7084.410496,1,59472744.7808,0.0332114245907349
2055,7084.430496,2,59472764.8384,0.0373880795787489
2056,7084.450496,1,59472784.768,0.0332862089454381
2057,7084.470496,2,59472804.7872,0.0373173929969062
2058,7084.490496,1,59472824.8192,0.0333046489233102
2059,7084.510496,2,59472844.8128,0.0372723174954412
2060,7084.530496,1,59472864.9472,0.0331858135103571
2061,7084.550496,2,59472884.7872,0.0373163685536911
2062,7084.570496,1,59472904.7936,0.0332442067736185
2063,7084.590496,2,59472924.8128,0.03721597311861
2064,7084.610496,1,59472944.7936,0.0332155223635954
2065,7084.630496,2,59472964.8768,0.0372016309135985
2066,7084.650496,1,59472984.8192,0.0332524023193394
2067,7084.670496,2,59473004.8,0.0371965086975229
2068,7084.690496,1,59473024.8192,0.0332616223082755
2069,7084.710496,2,59473044.8128,0.0373634929415862
2070,7084.730496,1,59473065.0752,0.0331673735324851
2071,7084.750496,2,59473084.8512,0.0373163685536911
2072,7084.770496,1,59473104.8192,0.0332595734218452
2073,7084.790496,2,59473124.8,0.0376687770196898
2074,7084.810496,1,59473144.8448,0.0332237179093163
2075,7084.830496,2,59473164.9408,0.0377302436125966
2076,7084.850496,1,59473184.8192,0.0332052779314443
2077,7084.870496,2,59473204.8128,0.0376144815292888
2078,7084.890496,1,59473224.832,0.0331694224189153
2079,7084.910496,2,59473244.8512,0.0374690105927428
2080,7084.930496,1,59473264.896,0.0332144979203803
2081,7084.950496,2,59473284.8512,0.0373501751797898
2082,7084.970496,1,59473304.8448,0.03316634908927
2083,7084.990496,2,59473324.864,0.0373409551908538
2084,7085.010496,1,59473344.8832,0.0332626467514906
2085,7085.030496,2,59473364.8512,0.0372128997889647
2086,7085.050496,1,59473384.9344,0.0332114245907349
2087,7085.070496,2,59473404.8256,0.0369998156002213
2088,7085.090496,1,59473424.8576,0.033229864568607
2089,7085.110496,2,59473444.8384,0.0369649845309075
2090,7085.130496,1,59473464.896,0.033203229045014
2091,7085.150496,2,59473484.8768,0.0369526912123261
2092,7085.170496,1,59473504.8576,0.0332462556600488
2093,7085.190496,2,59473524.8896,0.0368102936054254
2094,7085.210496,1,59473544.8704,0.0332513778761243
2095,7085.230496,2,59473564.8512,0.0366197471674145
2096,7085.250496,1,59473584.8832,0.0332073268178745
2097,7085.270496,2,59473604.8768,0.0366709693281701
2098,7085.290496,1,59473624.8832,0.03330260003688
2099,7085.310496,2,59473644.8896,0.0368994201651402
2100,7085.330496,1,59473664.9344,0.0332226934661012
2101,7085.350496,2,59473684.9024,0.0368481980043846
2102,7085.370496,1,59473704.9344,0.0331141024852992
2103,7085.390496,2,59473724.8768,0.0369342512344541
2104,7085.410496,1,59473744.9088,0.0332421578871883
2105,7085.430496,2,59473764.8896,0.03703362222632
2106,7085.450496,1,59473785.1904,0.0332421578871883
2107,7085.470496,2,59473804.928,0.0371565554121335
2108,7085.490496,1,59473824.9344,0.0332646956379208
2109,7085.510496,2,59473844.9024,0.0372620730632901
2110,7085.530496,1,59473865.024,0.0332995267072346
2111,7085.550496,2,59473884.928,0.0371493843096277
2112,7085.570496,1,59473904.9088,0.0332780133997173
2113,7085.590496,2,59473924.928,0.0370090355891573
2114,7085.610496,1,59473944.8832,0.0332155223635954
2115,7085.630496,2,59473964.928,0.0369383490073145
2116,7085.650496,1,59473984.9856,0.0331858135103571
2117,7085.670496,2,59474004.8896,0.036951666769111
2118,7085.690496,1,59474024.9344,0.033239084557543
2119,7085.710496,2,59474044.928,0.0368635646526113
2120,7085.730496,1,59474065.0624,0.0332165468068105
2121,7085.750496,2,59474085.0304,0.0368369291290184
2122,7085.770496,1,59474104.9344,0.0332698178539964
2123,7085.790496,2,59474124.9664,0.0366023316327576
2124,7085.810496,1,59474145.0624,0.0332565000921999
2125,7085.830496,2,59474164.9792,0.0366576515663737
2126,7085.850496,1,59474184.96,0.033257524535415
2127,7085.870496,2,59474204.928,0.0367539492285943
2128,7085.890496,1,59474225.2928,0.0332165468068105
2129,7085.910496,2,59474244.9792,0.0368143913782859
2130,7085.930496,1,59474265.088,0.0331786424078513
2131,7085.950496,2,59474284.9536,0.0368020980597045
2132,7085.970496,1,59474304.9472,0.0332288401253919
2133,7085.990496,2,59474324.9408,0.0368932735058496
2134,7086.010496,1,59474345.0112,0.0331776179646362
2135,7086.030496,2,59474365.0944,0.036733460364292
2136,7086.050496,1,59474384.9856,0.0331888868400025
2137,7086.070496,2,59474404.9408,0.0367416559100129
2138,7086.090496,1,59474424.9856,0.033203229045014
2139,7086.110496,2,59474444.9664,0.0367641936607454
2140,7086.130496,1,59474465.1264,0.0332493289896941
2141,7086.150496,2,59474484.9536,0.0368041469461348
2142,7086.170496,1,59474504.9856,0.0331591779867642
2143,7086.190496,2,59474525.0048,0.0367478025693036
2144,7086.210496,1,59474544.9728,0.0331929846128629
2145,7086.230496,2,59474565.0304,0.0366361382588563
2146,7086.250496,1,59474584.9728,0.0331714713053455
2147,7086.270496,2,59474604.9664,0.0363790030118631
2148,7086.290496,1,59474625.0368,0.0332247423525314
2149,7086.310496,2,59474645.0176,0.0364548118097814
2150,7086.330496,1,59474665.1008,0.0332636711947057
2151,7086.350496,2,59474685.0176,0.0364814473333743
2152,7086.370496,1,59474704.9856,0.0332278156821767
2153,7086.390496,2,59474725.0048,0.0364599340258569
2154,7086.410496,1,59474745.0112,0.0332001557153687
2155,7086.430496,2,59474765.0432,0.0365234495051939
2156,7086.450496,1,59474785.024,0.0332042534882291
2157,7086.470496,2,59474805.0304,0.0368594668797509
2158,7086.490496,1,59474825.0112,0.0332677689675661
2159,7086.510496,2,59474845.12,0.0369537156555412
2160,7086.530496,1,59474865.344,0.0331888868400025
2161,7086.550496,2,59474885.0944,0.0369762534062737
2162,7086.570496,1,59474905.088,0.0331878623967873
2163,7086.590496,2,59474925.0176,0.0369824000655644
2164,7086.610496,1,59474945.024,0.0331960579425082
2165,7086.630496,2,59474965.0432,0.0369199090294425
2166,7086.650496,1,59474985.0624,0.0332063023746594
2167,7086.670496,2,59475005.0688,0.0367232159321409
2168,7086.690496,1,59475025.0496,0.0332083512610896
2169,7086.710496,2,59475045.0432,0.0365849160981007
2170,7086.730496,1,59475065.4592,0.033239084557543
2171,7086.750496,2,59475085.056,0.0365326694941299
2172,7086.770496,1,59475105.0368,0.0332319134550372
2173,7086.790496,2,59475125.0944,0.0365050095273219
2174,7086.810496,1,59475145.0368,0.0331827401807118
2175,7086.830496,2,59475165.1712,0.0364773495605139
2176,7086.850496,1,59475185.1648,0.0331909357264327
2177,7086.870496,2,59475205.056,0.0366648226688795
2178,7086.890496,1,59475225.1264,0.0331653246460549
2179,7086.910496,2,59475245.0688,0.036705800397484
2180,7086.930496,1,59475265.1776,0.0331981068289385
2181,7086.950496,2,59475285.0944,0.0370469399881165
2182,7086.970496,1,59475305.0496,0.0332728911836417
2183,7086.990496,2,59475325.056,0.0370868932735058
2184,7087.010496,1,59475345.2032,0.0332892822750835
2185,7087.030496,2,59475365.4272,0.0371278710021104
2186,7087.050496,1,59475385.152,0.0331950334992931
2187,7087.070496,2,59475405.0944,0.0371411887639068
2188,7087.090496,1,59475425.0752,0.033257524535415
2189,7087.110496,2,59475445.1072,0.0372098264593194
2190,7087.130496,1,59475465.1776,0.0332052779314443
2191,7087.150496,2,59475485.1072,0.0371401643206917
2192,7087.170496,1,59475505.216,0.0332534267625545
2193,7087.190496,2,59475525.1072,0.0370725510684943
2194,7087.210496,1,59475545.1136,0.0332237179093163
2195,7087.230496,2,59475565.0944,0.0369537156555412
2196,7087.250496,1,59475585.1392,0.0331929846128629
2197,7087.270496,2,59475605.0816,0.0370541110906222
2198,7087.290496,1,59475625.2032,0.0332073268178745
2199,7087.310496,2,59475645.0816,0.0370715266252792
2200,7087.330496,1,59475665.1136,0.0333179666851066
2201,7087.350496,2,59475685.184,0.0372210953346856
2202,7087.370496,1,59475705.152,0.033220644579671
2203,7087.390496,2,59475725.248,0.0372620730632901
2204,7087.410496,1,59475745.1392,0.033229864568607
2205,7087.430496,2,59475765.2352,0.0372180220050403
2206,7087.450496,1,59475785.2416,0.0332052779314443
2207,7087.470496,2,59475805.2608,0.0372948552461737
2208,7087.490496,1,59475825.2288,0.0332104001475198
2209,7087.510496,2,59475845.3248,0.0373050996783248
2210,7087.530496,1,59475865.2416,0.033175569078206
2211,7087.550496,2,59475885.2096,0.0372508041879239
2212,7087.570496,1,59475905.3312,0.0332370356711127
2213,7087.590496,2,59475925.248,0.0372497797447087
2214,7087.610496,1,59475945.216,0.033157129100334
2215,7087.630496,2,59475965.1712,0.0371893375950171
2216,7087.650496,1,59475985.2544,0.0332493289896941
2217,7087.670496,2,59476005.1456,0.0371852398221567
2218,7087.690496,1,59476025.2416,0.0332739156268568
2219,7087.710496,2,59476045.248,0.037097137705657
2220,7087.730496,1,59476065.1776,0.0332001557153687
2221,7087.750496,2,59476085.2096,0.0371206998996046
2222,7087.770496,1,59476105.28,0.0332524023193394
2223,7087.790496,2,59476125.248,0.0371903620382322
2224,7087.810496,1,59476145.2032,0.0331858135103571
2225,7087.830496,2,59476165.2096,0.0371534820824882
2226,7087.850496,1,59476185.216,0.0332462556600488
2227,7087.870496,2,59476205.312,0.0371329932181859
2228,7087.890496,1,59476225.2544,0.0331602024299793
2229,7087.910496,2,59476245.2608,0.037143237650337
2230,7087.930496,1,59476265.3056,0.0332308890118221
2231,7087.950496,2,59476285.248,0.0369322023480239
2232,7087.970496,1,59476305.2416,0.0331888868400025
2233,7087.990496,2,59476325.2864,0.0370602577499129
2234,7088.010496,1,59476345.2672,0.0331981068289385
2235,7088.030496,2,59476365.3248,0.0370285000102444
2236,7088.050496,1,59476385.3312,0.0332011801585838
2237,7088.070496,2,59476405.2736,0.0370725510684943
2238,7088.090496,1,59476425.2928,0.0332052779314443
2239,7088.110496,2,59476445.2608,0.0370623066363431
2240,7088.130496,1,59476465.3568,0.0331868379535722
2241,7088.150496,2,59476485.3632,0.0370366955559653
2242,7088.170496,1,59476505.2928,0.0332687934107812
2243,7088.190496,2,59476525.312,0.0368902001762042
2244,7088.210496,1,59476545.2928,0.0331530313274735
2245,7088.230496,2,59476565.248,0.0368563935501055
2246,7088.250496,1,59476585.2928,0.0332257667957465
2247,7088.270496,2,59476605.2224,0.0367293625914316
2248,7088.290496,1,59476625.3312,0.0332185956932407
2249,7088.310496,2,59476645.2608,0.0367139959432049
2250,7088.330496,1,59476665.28,0.0332257667957465
2251,7088.350496,2,59476685.3504,0.0367529247853791
2252,7088.370496,1,59476705.28,0.0331632757596246
2253,7088.390496,2,59476725.312,0.0367652181039605
2254,7088.410496,1,59476745.3056,0.0332554756489848
2255,7088.430496,2,59476765.3888,0.0367478025693036
2256,7088.450496,1,59476785.2544,0.0331868379535722
2257,7088.470496,2,59476805.3376,0.0369199090294425
2258,7088.490496,1,59476825.3696,0.0331376646792468
2259,7088.510496,2,59476845.4656,0.0368871268465589
2260,7088.530496,1,59476865.3824,0.0332739156268568
2261,7088.550496,2,59476885.2608,0.0370694777388489
2262,7088.570496,1,59476905.3312,0.0332134734771652
2263,7088.590496,2,59476925.3376,0.0373020263486795
2264,7088.610496,1,59476945.3312,0.0331407380088922
2265,7088.630496,2,59476965.4144,0.0373050996783248
2266,7088.650496,1,59476985.3056,0.0331540557706886
2267,7088.670496,2,59477005.3504,0.037134017661401
2268,7088.690496,1,59477025.3312,0.0331458602249677
2269,7088.710496,2,59477045.376,0.0370981621488721
2270,7088.730496,1,59477065.344,0.0331868379535722
2271,7088.750496,2,59477085.3632,0.0371268465588952
2272,7088.770496,1,59477105.3568,0.0332544512057697
2273,7088.790496,2,59477125.2992,0.0371319687749708
2274,7088.810496,1,59477145.3824,0.033220644579671
2275,7088.830496,2,59477165.3504,0.0370203044645235
2276,7088.850496,1,59477185.3312,0.0332216690228861
2277,7088.870496,2,59477205.3888,0.0370233777941689
2278,7088.890496,1,59477225.3312,0.0331878623967873
2279,7088.910496,2,59477245.3376,0.0369526912123261
2280,7088.930496,1,59477265.3952,0.033157129100334
2281,7088.950496,2,59477285.4016,0.0368912246194193
2282,7088.970496,1,59477305.3952,0.0332339623414674
2283,7088.990496,2,59477325.3248,0.0369373245640994
2284,7089.010496,1,59477345.3952,0.0331427868953224
2285,7089.030496,2,59477365.4016,0.0367949269571988
2286,7089.050496,1,59477385.3568,0.033285184502223
2287,7089.070496,2,59477405.3888,0.0368942979490647
2288,7089.090496,1,59477425.3824,0.0332288401253919
2289,7089.110496,2,59477445.3504,0.0369434712233901
2290,7089.130496,1,59477465.4336,0.03321244903395
2291,7089.150496,2,59477485.376,0.0369987911570062
2292,7089.170496,1,59477505.4336,0.0331786424078513
2293,7089.190496,2,59477525.4016,0.0370131333620177
2294,7089.210496,1,59477545.3568,0.0332278156821767
2295,7089.230496,2,59477565.4656,0.0369895711680702
2296,7089.250496,1,59477585.408,0.0332001557153687
2297,7089.270496,2,59477605.3632,0.0368379535722335
2298,7089.290496,1,59477625.3696,0.0332626467514906
2299,7089.310496,2,59477645.4016,0.0369035179380007
2300,7089.330496,1,59477665.408,0.0332083512610896
2301,7089.350496,2,59477685.4272,0.0368195135943615
2302,7089.370496,1,59477705.3824,0.0333107955826009
2303,7089.390496,2,59477725.3888,0.0368379535722335
2304,7089.410496,1,59477745.4208,0.0331786424078513
2305,7089.430496,2,59477765.4656,0.0369311779048087
2306,7089.450496,1,59477785.472,0.0333353822197636
2307,7089.470496,2,59477805.4272,0.0368522957772451
2308,7089.490496,1,59477825.408,0.0332472801032639
2309,7089.510496,2,59477845.44,0.0369117134837216
2310,7089.530496,1,59477865.4592,0.0332964533775893
2311,7089.550496,2,59477885.4272,0.0370182555780933
2312,7089.570496,1,59477905.472,0.0333128444690311
2313,7089.590496,2,59477925.4656,0.0370377199991804
2314,7089.610496,1,59477945.4336,0.033330260003688
2315,7089.630496,2,59477965.504,0.036970106746983
2316,7089.650496,1,59477985.4976,0.0333374311061938
2317,7089.670496,2,59478005.4144,0.036988546724855
2318,7089.690496,1,59478025.472,0.0332821111725777
2319,7089.710496,2,59478045.4144,0.0370182555780933
2320,7089.730496,1,59478065.4848,0.0332247423525314
2321,7089.750496,2,59478085.4656,0.0371196754563895
2322,7089.770496,1,59478105.4336,0.0331817157374967
2323,7089.790496,2,59478125.4656,0.037225193107546
2324,7089.810496,1,59478145.5104,0.0332052779314443
2325,7089.830496,2,59478165.4656,0.0371596287417788
2326,7089.850496,1,59478185.472,0.0332329378982523
2327,7089.870496,2,59478205.4784,0.0372385108693425
2328,7089.890496,1,59478225.4848,0.0332411334439732
2329,7089.910496,2,59478245.5552,0.0371913864814473
2330,7089.930496,1,59478265.4976,0.0332216690228861
2331,7089.950496,2,59478285.4528,0.0371288954453255
2332,7089.970496,1,59478305.4848,0.0331509824410433
2333,7089.990496,2,59478325.4784,0.0371186510131743
2334,7090.010496,1,59478345.4976,0.0332185956932407
2335,7090.030496,2,59478365.4784,0.0371678242874997
2336,7090.050496,1,59478385.4976,0.0332042534882291
2337,7090.070496,2,59478405.4912,0.0370838199438605
2338,7090.090496,1,59478425.5104,0.0332616223082755
2339,7090.110496,2,59478445.4912,0.0369639600876923
2340,7090.130496,1,59478465.5104,0.0332636711947057
2341,7090.150496,2,59478485.5168,0.0370868932735058
2342,7090.170496,1,59478505.5616,0.0332718667404266
2343,7090.190496,2,59478525.504,0.0372006064703833
2344,7090.210496,1,59478545.4976,0.0331673735324851
2345,7090.230496,2,59478565.5552,0.0372344130964821
2346,7090.250496,1,59478585.5232,0.0331765935214211
2347,7090.270496,2,59478605.5168,0.0371647509578544
2348,7090.290496,1,59478625.536,0.0331858135103571
2349,7090.310496,2,59478645.6064,0.0371985575839531
2350,7090.330496,1,59478665.6384,0.0332042534882291
2351,7090.350496,2,59478685.5296,0.0371504087528428
2352,7090.370496,1,59478705.5232,0.0331294691335259
2353,7090.390496,2,59478725.5168,0.0373573462822956
2354,7090.410496,1,59478745.536,0.0331489335546131
2355,7090.430496,2,59478765.568,0.0373102218944004
2356,7090.450496,1,59478785.5488,0.0330731247566947
2357,7090.470496,2,59478805.5296,0.0373645173848014
2358,7090.490496,1,59478825.536,0.0331591779867642
2359,7090.510496,2,59478845.568,0.0374505706148708
2360,7090.530496,1,59478865.7024,0.0331724957485607
2361,7090.550496,2,59478885.5552,0.0374280328641383
2362,7090.570496,1,59478905.5488,0.0332503534329092
2363,7090.590496,2,59478925.5552,0.0375489171635216
2364,7090.610496,1,59478945.5232,0.0331704468621304
2365,7090.630496,2,59478965.5296,0.0376933636568525
2366,7090.650496,1,59478985.5616,0.0331683979757002
2367,7090.670496,2,59479005.5552,0.037779416886922
2368,7090.690496,1,59479025.5744,0.0331550802139037
2369,7090.710496,2,59479045.5424,0.0378726412194972
2370,7090.730496,1,59479065.536,0.0331858135103571
2371,7090.750496,2,59479085.632,0.0377466347040384
2372,7090.770496,1,59479105.5488,0.033157129100334
2373,7090.790496,2,59479125.632,0.0375694060278239
2374,7090.810496,1,59479145.5872,0.0332452312168336
2375,7090.830496,2,59479165.568,0.0375202327534985
2376,7090.850496,1,59479185.6,0.0332964533775893
2377,7090.870496,2,59479205.5936,0.0373932017948245
2378,7090.890496,1,59479225.5616,0.033257524535415
2379,7090.910496,2,59479245.5808,0.0370786977277849
2380,7090.930496,1,59479265.664,0.0332636711947057
2381,7090.950496,2,59479285.568,0.0371422132071219
2382,7090.970496,1,59479305.664,0.0332360112278976
2383,7090.990496,2,59479325.5936,0.0369977667137911
2384,7091.010496,1,59479345.6128,0.0333691888458623
2385,7091.030496,2,59479365.6192,0.0369383490073145
2386,7091.050496,1,59479385.6256,0.0332134734771652
2387,7091.070496,2,59479405.6192,0.0369731800766284
2388,7091.090496,1,59479425.6,0.0332800622861475
2389,7091.110496,2,59479445.5936,0.0371309443317557
2390,7091.130496,1,59479465.6256,0.0331704468621304
2391,7091.150496,2,59479485.6064,0.0371084065810232
2392,7091.170496,1,59479505.6,0.0332739156268568
2393,7091.190496,2,59479525.6064,0.0370141578052329
2394,7091.210496,1,59479545.6128,0.0332892822750835
2395,7091.230496,2,59479565.6192,0.0368522957772451
2396,7091.250496,1,59479585.6384,0.0332237179093163
2397,7091.270496,2,59479605.6448,0.0368830290736984
2398,7091.290496,1,59479625.6384,0.0332144979203803
2399,7091.310496,2,59479645.632,0.0368871268465589
2400,7091.330496,1,59479665.7024,0.033220644579671
2401,7091.350496,2,59479685.6704,0.036724240375356
2402,7091.370496,1,59479705.6256,0.0332585489786301
2403,7091.390496,2,59479725.5936,0.0367734136496814
2404,7091.410496,1,59479745.6384,0.0333056733665253
2405,7091.430496,2,59479765.6832,0.0367939025139836
2406,7091.450496,1,59479785.6128,0.0332903067182986
2407,7091.470496,2,59479805.6576,0.0368625402093962
2408,7091.490496,1,59479825.6256,0.0332257667957465
2409,7091.510496,2,59479845.6448,0.0370254266805991
2410,7091.530496,1,59479865.6512,0.033248304546479
2411,7091.550496,2,59479885.7088,0.0372026553568136
2412,7091.570496,1,59479905.6896,0.033220644579671
2413,7091.590496,2,59479925.7472,0.0373050996783248
2414,7091.610496,1,59479945.6384,0.0332226934661012
2415,7091.630496,2,59479965.6704,0.0373716884873071
2416,7091.650496,1,59479985.7024,0.0332452312168336
2417,7091.670496,2,59480005.6576,0.0373839818058885
2418,7091.690496,1,59480025.6896,0.0332462556600488
2419,7091.710496,2,59480045.6448,0.037297928575819
2420,7091.730496,1,59480065.664,0.0332544512057697
2421,7091.750496,2,59480085.696,0.0371524576392731
2422,7091.770496,1,59480105.6768,0.0332196201364558
2423,7091.790496,2,59480125.7088,0.0370981621488721
2424,7091.810496,1,59480145.6768,0.0332913311615137
2425,7091.830496,2,59480165.7856,0.0371555309689184
2426,7091.850496,1,59480185.7024,0.0332810867293626
2427,7091.870496,2,59480205.6704,0.0370418177720409
2428,7091.890496,1,59480225.6768,0.0332964533775893
2429,7091.910496,2,59480245.6704,0.03716987317393
2430,7091.930496,1,59480265.792,0.0332831356157928
2431,7091.950496,2,59480285.6832,0.0372026553568136
2432,7091.970496,1,59480305.7024,0.0332913311615137
2433,7091.990496,2,59480325.6704,0.0371043088081628
2434,7092.010496,1,59480345.6768,0.0332216690228861
2435,7092.030496,2,59480365.8368,0.0370264511238142
2436,7092.050496,1,59480385.6768,0.0332923556047288
2437,7092.070496,2,59480405.7472,0.0371206998996046
2438,7092.090496,1,59480425.6896,0.0333128444690311
2439,7092.110496,2,59480445.6704,0.0370500133177618
2440,7092.130496,1,59480465.7152,0.0333476755383449
2441,7092.150496,2,59480485.696,0.0368563935501055
2442,7092.170496,1,59480505.7024,0.0333200155715369
2443,7092.190496,2,59480526.8352,0.036769315876821
2444,7092.210496,1,59480545.6896,0.03330260003688
2445,7092.230496,2,59480565.7216,0.0368297580265126
2446,7092.250496,1,59480585.7152,0.0332267912389616
2447,7092.270496,2,59480605.696,0.0370981621488721
2448,7092.290496,1,59480625.7152,0.033266744524351
2449,7092.310496,2,59480645.7088,0.0371022599217325
2450,7092.330496,1,59480665.8432,0.0331827401807118
2451,7092.350496,2,59480685.7344,0.0372190464482554
2452,7092.370496,1,59480705.7024,0.0332462556600488
2453,7092.390496,2,59480725.7984,0.0371166021267441
2454,7092.410496,1,59480745.7152,0.0332421578871883
2455,7092.430496,2,59480765.7216,0.037015182248448
2456,7092.450496,1,59480785.7152,0.033257524535415
2457,7092.470496,2,59480805.7344,0.0369229823590878
2458,7092.490496,1,59480825.7664,0.0332810867293626
2459,7092.510496,2,59480845.7344,0.0369035179380007
2460,7092.530496,1,59480865.7664,0.0332565000921999
2461,7092.550496,2,59480885.7216,0.0368615157661811
2462,7092.570496,1,59480905.7408,0.0332401090007581
2463,7092.590496,2,59480925.76,0.0368850779601287
2464,7092.610496,1,59480945.7408,0.0332452312168336
2465,7092.630496,2,59480965.76,0.0370121089188026
2466,7092.650496,1,59480985.7664,0.0332995267072346
2467,7092.670496,2,59481005.7472,0.037070502182064
2468,7092.690496,1,59481025.7664,0.0332646956379208
2469,7092.710496,2,59481045.76,0.0371012354785174
2470,7092.730496,1,59481065.8816,0.0332800622861475
2471,7092.750496,2,59481085.824,0.0371545065257033
2472,7092.770496,1,59481105.7664,0.0332226934661012
2473,7092.790496,2,59481125.7856,0.0370131333620177
2474,7092.810496,1,59481145.8432,0.0332913311615137
2475,7092.830496,2,59481165.824,0.0370080111459422
2476,7092.850496,1,59481185.792,0.0332503534329092
2477,7092.870496,2,59481205.8112,0.0368522957772451
2478,7092.890496,1,59481225.8048,0.0332267912389616
2479,7092.910496,2,59481245.824,0.0368256602536521
2480,7092.930496,1,59481265.8176,0.0332134734771652
2481,7092.950496,2,59481285.7856,0.0368584424365357
2482,7092.970496,1,59481305.792,0.033203229045014
2483,7092.990496,2,59481325.8112,0.0366955559653328
2484,7093.010496,1,59481345.8432,0.0332800622861475
2485,7093.030496,2,59481365.7856,0.036824635810437
2486,7093.050496,1,59481385.8304,0.0332360112278976
2487,7093.070496,2,59481405.8368,0.0371463109799824
2488,7093.090496,1,59481425.8432,0.0332554756489848
2489,7093.110496,2,59481445.7984,0.0374813039113242
2490,7093.130496,1,59481465.8816,0.0332534267625545
2491,7093.150496,2,59481485.824,0.0380734320896593
2492,7093.170496,1,59481505.792,0.0332114245907349
2493,7093.190496,2,59481525.8496,0.0382598807548098
2494,7093.210496,1,59481545.8304,0.0332042534882291
2495,7093.230496,2,59481565.824,0.0380457721228512
2496,7093.250496,1,59481585.8176,0.0332022046017989
2497,7093.270496,2,59481605.8368,0.0379248878234679
2498,7093.290496,1,59481625.8688,0.0331878623967873
2499,7093.310496,2,59481645.8368,0.0378275657180323
2500,7093.330496,1,59481665.92,0.0332585489786301
2501,7093.350496,2,59481685.8624,0.0377374147151023
2502,7093.370496,1,59481705.8432,0.0332872333886533
2503,7093.390496,2,59481725.8368,0.0376021882107075
2504,7093.410496,1,59481745.8304,0.0333374311061938
2505,7093.430496,2,59481765.8368,0.037697461429713
2506,7093.450496,1,59481785.8688,0.033275964513287
2507,7093.470496,2,59481805.8368,0.0377958079783638
2508,7093.490496,1,59481825.9584,0.0332995267072346
2509,7093.510496,2,59481845.952,0.038034503247485
2510,7093.530496,1,59481865.9584,0.0332657200811359
2511,7093.550496,2,59481885.9008,0.0380088921671072
2512,7093.570496,1,59481905.8688,0.0332626467514906
2513,7093.590496,2,59481925.888,0.0379679144385027
2514,7093.610496,1,59481945.8432,0.0332862089454381
2515,7093.630496,2,59481965.8752,0.0378449812526892
2516,7093.650496,1,59481985.856,0.0332831356157928
2517,7093.670496,2,59482005.8368,0.0374393017395046
2518,7093.690496,1,59482025.8944,0.0332749400700719
2519,7093.710496,2,59482045.8624,0.0373276374290573
2520,7093.730496,1,59482065.9456,0.0332237179093163
2521,7093.750496,2,59482085.888,0.0371852398221567
2522,7093.770496,1,59482105.856,0.033285184502223
2523,7093.790496,2,59482125.8624,0.0371217243428197
2524,7093.810496,1,59482145.8816,0.0332534267625545
2525,7093.830496,2,59482165.8624,0.0371852398221567
2526,7093.850496,1,59482185.8944,0.0332565000921999
2527,7093.870496,2,59482205.8752,0.0370469399881165
2528,7093.890496,1,59482225.856,0.0332790378429324
2529,7093.910496,2,59482245.9008,0.0368942979490647
2530,7093.930496,1,59482265.92,0.0333640666297867
2531,7093.950496,2,59482285.9264,0.0369496178826808
2532,7093.970496,1,59482305.8944,0.0333497244247751
2533,7093.990496,2,59482325.9008,0.0369485934394657
2534,7094.010496,1,59482345.9072,0.0332974778208044
2535,7094.030496,2,59482365.9648,0.0368123424918557
2536,7094.050496,1,59482386.0224,0.0333046489233102
2537,7094.070496,2,59482405.9008,0.0368400024586637
2538,7094.090496,1,59482425.9072,0.0333476755383449
2539,7094.110496,2,59482446.0544,0.0368020980597045
2540,7094.130496,1,59482465.9328,0.0333364066629787
2541,7094.150496,2,59482485.9264,0.0368861024033438
2542,7094.170496,1,59482505.92,0.0333507488679902
2543,7094.190496,2,59482525.9392,0.0369875222816399
2544,7094.210496,1,59482546.0736,0.0333589444137112
2545,7094.230496,2,59482565.9136,0.037042842215256
2546,7094.250496,1,59482585.9328,0.033321040014752
2547,7094.270496,2,59482605.9264,0.036951666769111
2548,7094.290496,1,59482625.9456,0.03334869998156
2549,7094.310496,2,59482645.9904,0.0369270801319483
2550,7094.330496,1,59482665.9456,0.0333466510951298
2551,7094.350496,2,59482685.9648,0.0369864978384248
2552,7094.370496,1,59482705.9712,0.033311820025816
2553,7094.390496,2,59482725.9264,0.0370981621488721
2554,7094.410496,1,59482745.9584,0.0333261622308275
2555,7094.430496,2,59482766.0032,0.0371217243428197
2556,7094.450496,1,59482785.9584,0.0333189911283218
2557,7094.470496,2,59482805.952,0.0371729465035753
2558,7094.490496,1,59482825.9712,0.0333568955272809
2559,7094.510496,2,59482846.0288,0.037315344110476
2560,7094.530496,1,59482865.9968,0.033357919970496
2561,7094.550496,2,59482885.9904,0.0372948552461737
2562,7094.570496,1,59482905.9968,0.0332923556047288
2563,7094.590496,2,59482925.952,0.0372641219497203
2564,7094.610496,1,59482945.9712,0.0332565000921999
2565,7094.630496,2,59482965.9904,0.0370930399327965
2566,7094.650496,1,59482985.9968,0.0332380601143279
2567,7094.670496,2,59483006.016,0.0369864978384248
2568,7094.690496,1,59483026.0096,0.0333353822197636
2569,7094.710496,2,59483045.9904,0.03689737127871
2570,7094.730496,1,59483066.5088,0.0333620177433565
2571,7094.750496,2,59483086.0032,0.0370049378162968
2572,7094.770496,1,59483106.1376,0.0332810867293626
2573,7094.790496,2,59483126.016,0.0369578134284017
2574,7094.810496,1,59483146.0224,0.0333640666297867
2575,7094.830496,2,59483166.0544,0.0368727846415473
2576,7094.850496,1,59483185.9968,0.0333650910730018
2577,7094.870496,2,59483205.9776,0.0368645890958264
2578,7094.890496,1,59483226.0352,0.0333189911283218
2579,7094.910496,2,59483246.0416,0.036833855799373
2580,7094.930496,1,59483266.0608,0.0333261622308275
2581,7094.950496,2,59483286.0544,0.0368277091400824
2582,7094.970496,1,59483306.0224,0.0333732866187227
2583,7094.990496,2,59483326.0416,0.0368123424918557
2584,7095.010496,1,59483346.0096,0.0333825066076587
2585,7095.030496,2,59483366.0672,0.0367846825250476
2586,7095.050496,1,59483386.0096,0.0332431823304034
2587,7095.070496,2,59483406.0416,0.0367621447743152
2588,7095.090496,1,59483426.0736,0.0333312844469031
2589,7095.110496,2,59483446.0032,0.0367621447743152
2590,7095.130496,1,59483466.0352,0.0332810867293626
2591,7095.150496,2,59483486.08,0.0367129714999898
2592,7095.170496,1,59483505.9968,0.0332800622861475
2593,7095.190496,2,59483526.0928,0.0366863359763968
2594,7095.210496,1,59483546.0352,0.0332974778208044
2595,7095.230496,2,59483566.0544,0.0369680578605528
2596,7095.250496,1,59483586.0992,0.0333107955826009
2597,7095.270496,2,59483606.0288,0.0370039133730817
2598,7095.290496,1,59483626.0352,0.0332677689675661
2599,7095.310496,2,59483646.0416,0.0369670334173377
2600,7095.330496,1,59483666.0608,0.0332646956379208
2601,7095.350496,2,59483686.0544,0.036951666769111
2602,7095.370496,1,59483706.048,0.0333323088901182
2603,7095.390496,2,59483726.0544,0.0368871268465589
2604,7095.410496,1,59483746.0352,0.033285184502223
2605,7095.430496,2,59483766.0416,0.0369721556334132
2606,7095.450496,1,59483786.0352,0.0332903067182986
2607,7095.470496,2,59483806.0288,0.0369619112012621
2608,7095.490496,1,59483826.048,0.0332800622861475
2609,7095.510496,2,59483846.0416,0.0368820046304833
2610,7095.530496,1,59483866.048,0.0332995267072346
2611,7095.550496,2,59483886.0416,0.0367775114225419
2612,7095.570496,1,59483906.0864,0.0332718667404266
2613,7095.590496,2,59483926.0288,0.0367201426024955
2614,7095.610496,1,59483946.0352,0.0332862089454381
2615,7095.630496,2,59483966.0544,0.0366986292949782
2616,7095.650496,1,59483986.0992,0.0333200155715369
2617,7095.670496,2,59484006.0544,0.0367283381482165
2618,7095.690496,1,59484026.0608,0.0333425533222693
2619,7095.710496,2,59484046.0544,0.0366023316327576
2620,7095.730496,1,59484066.1376,0.0333046489233102
2621,7095.750496,2,59484086.0928,0.0365920872006065
2622,7095.770496,1,59484106.0224,0.0333159177986764
2623,7095.790496,2,59484126.0672,0.0365029606408917
2624,7095.810496,1,59484146.0736,0.0332872333886533
2625,7095.830496,2,59484166.1568,0.0365613539041531
2626,7095.850496,1,59484186.0864,0.0332862089454381
2627,7095.870496,2,59484206.0928,0.0366310160427807
2628,7095.890496,1,59484226.0608,0.033257524535415
2629,7095.910496,2,59484246.08,0.0366853115331817
2630,7095.930496,1,59484266.0736,0.0333128444690311
2631,7095.950496,2,59484286.08,0.0367396070235827
2632,7095.970496,1,59484306.0992,0.0332954289343742
2633,7095.990496,2,59484326.0928,0.0367375581371525
2634,7096.010464,1,59484346.0992,0.033275964513287
2635,7096.030464,2,59484366.1184,0.0368840535169136
2636,7096.050464,1,59484386.0864,0.0332339623414674
2637,7096.070464,2,59484406.144,0.0368820046304833
2638,7096.090464,1,59484426.0992,0.033330260003688
2639,7096.110464,2,59484446.1056,0.037024402237384
2640,7096.130464,1,59484466.1504,0.0332585489786301
2641,7096.150464,2,59484486.1184,0.037115577683529
2642,7096.170464,1,59484506.176,0.0332472801032639
2643,7096.190464,2,59484526.1312,0.037087917716721
2644,7096.210464,1,59484546.1376,0.0332360112278976
2645,7096.230464,2,59484566.1568,0.0371821664925113
2646,7096.250464,1,59484586.3296,0.0333046489233102
2647,7096.270464,2,59484606.1696,0.0370653799659885
2648,7096.290464,1,59484626.1888,0.0332739156268568
2649,7096.310464,2,59484646.1696,0.0371309443317557
2650,7096.330464,1,59484666.1376,0.0332524023193394
2651,7096.350464,2,59484686.1568,0.037106357694593
2652,7096.370464,1,59484706.176,0.0333702132890774
2653,7096.390464,2,59484726.1952,0.0371586042985637
2654,7096.410464,1,59484746.2016,0.0332708422972115
2655,7096.430464,2,59484766.144,0.037070502182064
2656,7096.450464,1,59484786.1504,0.0332636711947057
2657,7096.470464,2,59484806.1696,0.0371114799106686
2658,7096.490464,1,59484826.6496,0.0333261622308275
2659,7096.510464,2,59484846.1184,0.0369752289630586
2660,7096.530464,1,59484866.176,0.0333179666851066
2661,7096.550464,2,59484886.1568,0.0370162066916631
2662,7096.570464,1,59484906.24,0.0333241133443973
2663,7096.590464,2,59484926.1568,0.036979326735919
2664,7096.610464,1,59484946.1504,0.0332421578871883
2665,7096.630464,2,59484966.2336,0.0369824000655644
2666,7096.650464,1,59484986.1504,0.0333046489233102
2667,7096.670464,2,59485006.144,0.0369946933841457
2668,7096.690464,1,59485026.1632,0.0333097711393857
2669,7096.710464,2,59485046.1568,0.036951666769111
2670,7096.730464,1,59485066.2016,0.0333292355604729
2671,7096.750464,2,59485086.1696,0.0369721556334132
2672,7096.770464,1,59485106.176,0.033339479992624
2673,7096.790464,2,59485126.1824,0.0369383490073145
2674,7096.810464,1,59485146.1888,0.0333630421865716
2675,7096.830464,2,59485166.2464,0.0369649845309075
2676,7096.850464,1,59485186.1888,0.0333538221976356
2677,7096.870464,2,59485206.1952,0.037024402237384
2678,7096.890464,1,59485226.2016,0.0333446022086996
2679,7096.910464,2,59485246.1952,0.0369291290183785
2680,7096.930464,1,59485266.2016,0.0333446022086996
2681,7096.950464,2,59485286.2464,0.0370377199991804
2682,7096.970464,1,59485306.1632,0.0333200155715369
2683,7096.990464,2,59485326.1952,0.037197533140738
2684,7097.010464,1,59485346.24,0.0332974778208044
2685,7097.030464,2,59485366.2464,0.0369946933841457
2686,7097.050464,1,59485386.2784,0.0333282111172578
2687,7097.070464,2,59485406.2336,0.0369147868133669
2688,7097.090464,1,59485426.2272,0.0332657200811359
2689,7097.110464,2,59485446.1824,0.036915811256582
2690,7097.130464,1,59485466.304,0.0333333333333333
2691,7097.150464,2,59485486.2208,0.0368738090847624
2692,7097.170464,1,59485506.2272,0.033285184502223
2693,7097.190464,2,59485526.2464,0.0368820046304833
2694,7097.210464,1,59485546.24,0.0333527977544205
2695,7097.230464,2,59485566.2336,0.0367857069682627
2696,7097.250464,1,59485586.2528,0.0334142643473272
2697,7097.270464,2,59485606.2336,0.0368768824144078
2698,7097.290464,1,59485626.24,0.0333825066076587
2699,7097.310464,2,59485646.2336,0.0368492224475997
2700,7097.330464,1,59485666.24,0.03330260003688
2701,7097.350464,2,59485686.2464,0.0368563935501055
2702,7097.370464,1,59485706.2528,0.033321040014752
2703,7097.390464,2,59485726.272,0.0369086401540763
2704,7097.410464,1,59485746.2528,0.0333609933001414
2705,7097.430464,2,59485766.2592,0.0371954842543078
2706,7097.450464,1,59485786.3168,0.033330260003688
2707,7097.470464,2,59485806.272,0.0372958796893888
2708,7097.490464,1,59485826.2528,0.0333599688569263
2709,7097.510464,2,59485846.272,0.0373061241215399
2710,7097.530464,1,59485866.3296,0.0333292355604729
2711,7097.550464,2,59485886.2976,0.0372262175507612
2712,7097.570464,1,59485906.2912,0.0334327043251993
2713,7097.590464,2,59485926.2976,0.0371032843649476
2714,7097.610464,1,59485946.2784,0.0333866043805192
2715,7097.630464,2,59485966.272,0.0371309443317557
2716,7097.650464,1,59485986.3168,0.0333405044358391
2717,7097.670464,2,59486006.2976,0.0372313397668367
2718,7097.690464,1,59486026.2912,0.0333312844469031
2719,7097.710464,2,59486046.2592,0.037197533140738
2720,7097.730464,1,59486066.2912,0.0333927510398099
2721,7097.750464,2,59486086.3744,0.0372128997889647
2722,7097.770464,1,59486106.2912,0.0332841600590079
2723,7097.790464,2,59486126.3104,0.0372866597004528
2724,7097.810464,1,59486146.304,0.0333415288790542
2725,7097.830464,2,59486166.3104,0.0371032843649476
2726,7097.850464,1,59486186.3168,0.0332616223082755
2727,7097.870464,2,59486206.272,0.0371586042985637
2728,7097.890464,1,59486226.368,0.0332944044911591
2729,7097.910464,2,59486246.3232,0.0371934353678776
2730,7097.930464,1,59486266.3296,0.0333353822197636
2731,7097.950464,2,59486286.3232,0.0373716884873071
2732,7097.970464,1,59486306.3424,0.0333589444137112
2733,7097.990464,2,59486326.2976,0.0373747618169525
2734,7098.010464,1,59486346.368,0.0334070932448214
2735,7098.030464,2,59486366.336,0.0374987194459811
2736,7098.050464,1,59486386.3808,0.033393775483025
2737,7098.070464,2,59486406.3232,0.0376493125986027
2738,7098.090464,1,59486426.3296,0.0333261622308275
2739,7098.110464,2,59486446.3232,0.0375837482328355
2740,7098.130464,1,59486466.4832,0.0333353822197636
2741,7098.150464,2,59486486.336,0.037680045895056
2742,7098.170464,1,59486506.368,0.0333609933001414
2743,7098.190464,2,59486526.336,0.0377906857622882
2744,7098.210464,1,59486546.3424,0.0333876288237343
2745,7098.230464,2,59486566.3488,0.0377179502940152
2746,7098.250464,1,59486586.3552,0.0333148933554613
2747,7098.270464,2,59486606.3616,0.0375089638781322
2748,7098.290464,1,59486626.3424,0.0333640666297867
2749,7098.310464,2,59486646.3744,0.0374720839223882
2750,7098.330464,1,59486666.3936,0.033311820025816
2751,7098.350464,2,59486686.3488,0.0375468682770914
2752,7098.370464,1,59486706.368,0.0333435777654845
2753,7098.390464,2,59486726.4384,0.0375714549142541
2754,7098.410464,1,59486746.3808,0.0332903067182986
2755,7098.430464,2,59486766.3744,0.0376318970639457
2756,7098.450464,1,59486786.4192,0.0332636711947057
2757,7098.470464,2,59486806.3872,0.0377445858176081
2758,7098.490464,1,59486826.3552,0.0332605978650603
2759,7098.510464,2,59486846.3616,0.0377169258508001
2760,7098.530464,1,59486866.3936,0.0333814821644436
2761,7098.550464,2,59486886.3872,0.0376779970086258
2762,7098.570464,1,59486906.4064,0.0333087466961706
2763,7098.590464,2,59486926.3872,0.0376482881553876
2764,7098.610464,1,59486946.3936,0.033330260003688
2765,7098.630464,2,59486966.4128,0.0377271702829512
2766,7098.650464,1,59486986.4064,0.0333292355604729
2767,7098.670464,2,59487006.4,0.0377374147151023
2768,7098.690464,1,59487026.4064,0.033384555494089
2769,7098.710464,2,59487046.4,0.0375653082549634
2770,7098.730464,1,59487066.4192,0.0333261622308275
2771,7098.750464,2,59487086.4128,0.0374720839223882
2772,7098.770464,1,59487106.4064,0.0333312844469031
2773,7098.790464,2,59487126.4128,0.0373860306923187
2774,7098.810464,1,59487146.4064,0.0332821111725777
2775,7098.830464,2,59487166.9248,0.0373532485094351
2776,7098.850464,1,59487186.432,0.0333169422418915
2777,7098.870464,2,59487206.4256,0.0373050996783248
2778,7098.890464,1,59487226.3936,0.0332903067182986
2779,7098.910464,2,59487246.4384,0.0373563218390805
2780,7098.930464,1,59487266.4448,0.0333036244800951
2781,7098.950464,2,59487286.4256,0.0374843772409695
2782,7098.970464,1,59487306.4448,0.0332995267072346
2783,7098.990464,2,59487326.4256,0.0374546683877313
2784,7099.010464,1,59487346.4064,0.0332882578318684
2785,7099.030464,2,59487366.4896,0.0373747618169525
2786,7099.050464,1,59487386.4448,0.0333261622308275
2787,7099.070464,2,59487406.464,0.0373399307476387
2788,7099.090464,1,59487426.4448,0.0332954289343742
2789,7099.110464,2,59487446.4384,0.0372241686643309
2790,7099.130464,1,59487466.4576,0.0333343577765484
2791,7099.150464,2,59487486.4512,0.0371729465035753
2792,7099.170464,1,59487506.4704,0.0333661155162169
2793,7099.190464,2,59487526.464,0.0370643555227734
2794,7099.210464,1,59487546.4576,0.03334869998156
2795,7099.230464,2,59487566.6944,0.0371555309689184
2796,7099.250464,1,59487586.4832,0.0333282111172578
2797,7099.270464,2,59487606.4512,0.0371749953900055
2798,7099.290464,1,59487626.4832,0.0333148933554613
2799,7099.310464,2,59487646.464,0.037179093162866
2800,7099.330464,1,59487666.496,0.0333702132890774
2801,7099.350464,2,59487686.4896,0.0370602577499129
2802,7099.370464,1,59487706.4832,0.0333609933001414
2803,7099.390464,2,59487726.5024,0.0370684532956338
2804,7099.410464,1,59487746.4832,0.033375335505153
2805,7099.430464,2,59487766.5152,0.0370868932735058
2806,7099.450464,1,59487786.496,0.0333630421865716
2807,7099.470464,2,59487806.5024,0.037097137705657
2808,7099.490464,1,59487826.496,0.0333374311061938
2809,7099.510464,2,59487846.5152,0.0370930399327965
2810,7099.530464,1,59487866.5344,0.0333855799373041
2811,7099.550464,2,59487886.5024,0.0371534820824882
2812,7099.570464,1,59487906.5088,0.0333466510951298
2813,7099.590464,2,59487926.5024,0.0370479644313316
2814,7099.610464,1,59487946.5088,0.0332831356157928
2815,7099.630464,2,59487966.6432,0.0370100600323724
2816,7099.650464,1,59487986.5216,0.0333384555494089
2817,7099.670464,2,59488006.528,0.0370274755670293
2818,7099.690464,1,59488026.5344,0.0333784088347983
2819,7099.710464,2,59488046.5152,0.0369690823037679
2820,7099.730464,1,59488066.5088,0.0333097711393857
2821,7099.750464,2,59488086.5664,0.0369783022927039
2822,7099.770464,1,59488106.5216,0.0333548466408507
2823,7099.790464,2,59488126.6944,0.0369444956666052
2824,7099.810464,1,59488146.5344,0.0333282111172578
2825,7099.830464,2,59488166.592,0.0369721556334132
2826,7099.850464,1,59488186.5472,0.0333568955272809
2827,7099.870464,2,59488206.528,0.0368922490626345
2828,7099.890464,1,59488226.5472,0.0333128444690311
2829,7099.910464,2,59488246.5664,0.0368850779601287
2830,7099.930464,1,59488266.624,0.0332995267072346
2831,7099.950464,2,59488286.5408,0.037015182248448
2832,7099.970464,1,59488306.56,0.0333702132890774
2833,7099.990464,2,59488326.5408,0.0368912246194193
2834,7100.010464,1,59488346.56,0.0332718667404266
2835,7100.030464,2,59488366.7072,0.0370295244534595
2836,7100.050464,1,59488386.5472,0.0332841600590079
2837,7100.070464,2,59488406.5664,0.0369742045198435
2838,7100.090464,1,59488426.5728,0.0332790378429324
2839,7100.110464,2,59488446.5664,0.036988546724855
2840,7100.130464,1,59488466.6368,0.0332626467514906
2841,7100.150464,2,59488486.5792,0.0369895711680702
2842,7100.170464,1,59488506.5728,0.0332800622861475
2843,7100.190464,2,59488526.592,0.0371032843649476
2844,7100.210464,1,59488546.5728,0.0332462556600488
2845,7100.230464,2,59488566.6048,0.0372006064703833
2846,7100.250464,1,59488586.5856,0.0332821111725777
2847,7100.270464,2,59488606.6048,0.0373932017948245
2848,7100.290464,1,59488626.5984,0.0332657200811359
2849,7100.310464,2,59488646.656,0.0373993484541152
2850,7100.330464,1,59488666.5728,0.0332595734218452
2851,7100.350464,2,59488686.6048,0.037343004077284
2852,7100.370464,1,59488706.6112,0.0333097711393857
2853,7100.390464,2,59488726.592,0.0374239350912779
2854,7100.410464,1,59488746.5728,0.0333722621755076
2855,7100.430464,2,59488766.72,0.0375140860942078
2856,7100.450464,1,59488786.6112,0.0332790378429324
2857,7100.470464,2,59488806.6176,0.0377732702276313
2858,7100.490464,1,59488826.9696,0.0332985022640195
2859,7100.510464,2,59488846.6304,0.0377783924437068
2860,7100.530464,1,59488866.6496,0.033321040014752
2861,7100.550464,2,59488886.6304,0.0377855635462126
2862,7100.570464,1,59488906.5984,0.0333220644579671
2863,7100.590464,2,59488926.6176,0.0377497080336837
2864,7100.610464,1,59488946.688,0.0332267912389616
2865,7100.630464,2,59488966.6816,0.0376984858729281
2866,7100.650464,1,59488986.6368,0.033275964513287
2867,7100.670464,2,59489006.6432,0.0375724793574692
2868,7100.690464,1,59489026.6496,0.0333978732558854
2869,7100.710464,2,59489046.6304,0.0374761816952486
2870,7100.730464,1,59489066.7264,0.0333189911283218
2871,7100.750464,2,59489086.656,0.0374003728973303
2872,7100.770464,1,59489106.6368,0.0333241133443973
2873,7100.790464,2,59489126.6432,0.0373880795787489
2874,7100.810464,1,59489146.6368,0.0333138689122462
2875,7100.830464,2,59489166.6432,0.0370397688856107
2876,7100.850464,1,59489186.6752,0.0333558710840658
2877,7100.870464,2,59489206.6432,0.0370203044645235
2878,7100.890464,1,59489226.6368,0.0333999221423157
2879,7100.910464,2,59489246.7328,0.0368481980043846
2880,7100.930464,1,59489266.6624,0.0333107955826009
2881,7100.950464,2,59489286.6432,0.0368297580265126
2882,7100.970464,1,59489306.688,0.0334275821091237
2883,7100.990464,2,59489326.656,0.0368369291290184
2884,7101.010464,1,59489346.7008,0.0333374311061938
2885,7101.030464,2,59489366.656,0.0369168356997972
2886,7101.050464,1,59489386.7392,0.0333384555494089
2887,7101.070464,2,59489406.6944,0.0370459155449013
2888,7101.090464,1,59489426.688,0.0333364066629787
2889,7101.110464,2,59489446.6816,0.0371667998442846
2890,7101.130464,1,59489466.688,0.0332944044911591
2891,7101.150464,2,59489486.6816,0.0370920154895814
2892,7101.170464,1,59489506.7008,0.0332862089454381
2893,7101.190464,2,59489526.6944,0.036979326735919
2894,7101.210464,1,59489546.688,0.033393775483025
2895,7101.230464,2,59489566.7456,0.0369322023480239
2896,7101.250464,1,59489586.7008,0.0333876288237343
2897,7101.270464,2,59489606.6816,0.0368666379822566
2898,7101.290464,1,59489626.7264,0.033330260003688
2899,7101.310464,2,59489646.7072,0.0368051713893499
2900,7101.330464,1,59489666.8032,0.0333855799373041
2901,7101.350464,2,59489686.7328,0.0368512713340299
2902,7101.370464,1,59489706.7136,0.0333671399594321
2903,7101.390464,2,59489726.848,0.0369014690515705
2904,7101.410464,1,59489746.7264,0.0334101665744668
2905,7101.430464,2,59489766.7584,0.0369014690515705
2906,7101.450464,1,59489786.752,0.0334419243141353
2907,7101.470464,2,59489806.7328,0.0368779068576229
2908,7101.490464,1,59489826.7904,0.0333456266519147
2909,7101.510464,2,59489846.7712,0.0368727846415473
2910,7101.530464,1,59489866.7392,0.0333497244247751
2911,7101.550464,2,59489886.784,0.0368481980043846
2912,7101.570464,1,59489906.7392,0.0333917265965947
2913,7101.590464,2,59489926.7712,0.0367857069682627
2914,7101.610464,1,59489946.7392,0.033339479992624
2915,7101.630464,2,59489966.7584,0.0367672669903907
2916,7101.650464,1,59489986.7776,0.0333978732558854
2917,7101.670464,2,59490006.7456,0.0367887802979081
2918,7101.690464,1,59490026.7648,0.0333507488679902
2919,7101.710464,2,59490046.7584,0.0368184891511463
2920,7101.730464,1,59490066.7648,0.0333517733112054
2921,7101.750464,2,59490086.7968,0.0368143913782859
2922,7101.770464,1,59490106.752,0.0334378265412748
2923,7101.790464,2,59490126.7712,0.0367928780707685
2924,7101.810464,1,59490146.7648,0.0333784088347983
2925,7101.830464,2,59490166.7968,0.0367590714446698
2926,7101.850464,1,59490186.7648,0.0334081176880366
2927,7101.870464,2,59490206.7456,0.0368553691068904
2928,7101.890464,1,59490226.7776,0.0334173376769726
2929,7101.910464,2,59490246.7712,0.0368441002315242
2930,7101.930464,1,59490266.8416,0.0333353822197636
2931,7101.950464,2,59490286.848,0.0367498514557338
2932,7101.970464,1,59490306.8032,0.0333804577212285
2933,7101.990464,2,59490326.7456,0.0367324359210769
2934,7102.010464,1,59490346.816,0.0333732866187227
2935,7102.030464,2,59490367.0144,0.036806195832565
2936,7102.050464,1,59490386.8544,0.0333077222529555
2937,7102.070464,2,59490406.8736,0.0369076157108611
2938,7102.090464,1,59490426.8928,0.0332769889565021
2939,7102.110464,2,59490446.784,0.036951666769111
2940,7102.130464,1,59490466.816,0.0333159177986764
2941,7102.150464,2,59490486.8352,0.0370039133730817
2942,7102.170464,1,59490506.8416,0.033311820025816
2943,7102.190464,2,59490526.8096,0.0370018644866515
2944,7102.210464,1,59490546.8544,0.0333620177433565
2945,7102.230464,2,59490566.8352,0.0369045423812158
2946,7102.250464,1,59490586.8288,0.0333876288237343
2947,7102.270464,2,59490606.8096,0.036960886758047
2948,7102.290464,1,59490626.8288,0.033339479992624
2949,7102.310464,2,59490646.8352,0.0370920154895814
2950,7102.330464,1,59490666.816,0.0333384555494089
2951,7102.350464,2,59490686.8352,0.0371022599217325
2952,7102.370464,1,59490706.8288,0.0333804577212285
2953,7102.390464,2,59490726.8736,0.037070502182064
2954,7102.410464,1,59490746.8544,0.0333476755383449
2955,7102.430464,2,59490766.8352,0.0370121089188026
2956,7102.450464,1,59490786.8672,0.033330260003688
2957,7102.470464,2,59490806.9504,0.0370541110906222
2958,7102.490464,1,59490826.8416,0.0332964533775893
2959,7102.510464,2,59490846.8608,0.0370633310795583
2960,7102.530464,1,59490866.8544,0.0333476755383449
2961,7102.550464,2,59490886.8352,0.0371381154342615
2962,7102.570464,1,59490906.8544,0.033402995471961
2963,7102.590464,2,59490926.8736,0.0372169975618252
2964,7102.610464,1,59490946.8544,0.0333630421865716
2965,7102.630464,2,59490966.9632,0.0372292908804065
2966,7102.650464,1,59490986.8672,0.0332964533775893
2967,7102.670464,2,59491006.9888,0.0372733419386563
2968,7102.690464,1,59491026.88,0.0332524023193394
2969,7102.710464,2,59491046.9504,0.0372098264593194
2970,7102.730464,1,59491066.9056,0.0333148933554613
2971,7102.750464,2,59491086.9248,0.0373102218944004
2972,7102.770464,1,59491106.8672,0.0333005511504497
2973,7102.790464,2,59491126.848,0.0372928063597435
2974,7102.810464,1,59491146.9056,0.0333364066629787
2975,7102.830464,2,59491166.8864,0.0373921773516094
2976,7102.850464,1,59491186.9824,0.0333148933554613
2977,7102.870464,2,59491206.8992,0.0373788595898129
2978,7102.890464,1,59491226.8928,0.0333241133443973
2979,7102.910464,2,59491246.8992,0.0372835863708075
2980,7102.930464,1,59491266.9184,0.0333527977544205
2981,7102.950464,2,59491286.8992,0.0373368574179933
2982,7102.970464,1,59491306.9184,0.0332370356711127
2983,7102.990464,2,59491326.912,0.0374505706148708
2984,7103.010464,1,59491346.9184,0.0333261622308275
2985,7103.030464,2,59491366.9504,0.0374761816952486
2986,7103.050464,1,59491386.9184,0.0332790378429324
2987,7103.070464,2,59491406.9376,0.0375417460610158
2988,7103.090464,1,59491426.9056,0.0332646956379208
2989,7103.110464,2,59491447.0016,0.0374393017395046
2990,7103.130464,1,59491466.9312,0.0333087466961706
2991,7103.150464,2,59491486.9376,0.0374218862048477
2992,7103.170464,1,59491506.9312,0.0332616223082755
2993,7103.190464,2,59491526.9376,0.0373573462822956
2994,7103.210464,1,59491546.9184,0.033229864568607
2995,7103.230464,2,59491566.9376,0.0373860306923187
2996,7103.250464,1,59491586.944,0.0333005511504497
2997,7103.270464,2,59491606.9376,0.0372692441657959
2998,7103.290464,1,59491626.944,0.0332616223082755
2999,7103.310464,2,59491646.9504,0.03716987317393
3000,7103.330464,1,59491666.944,0.0332288401253919
3001,7103.350464,2,59491687.04,0.0371647509578544
3002,7103.370464,1,59491706.9568,0.0333507488679902
3003,7103.390464,2,59491727.0912,0.0370623066363431
3004,7103.410464,1,59491746.9568,0.0333312844469031
3005,7103.430464,2,59491767.0528,0.0371237732292499
3006,7103.450464,1,59491787.0336,0.0332616223082755
3007,7103.470464,2,59491806.9888,0.0371934353678776
3008,7103.490464,1,59491827.0336,0.033239084557543
3009,7103.510464,2,59491847.0144,0.0371760198332206
3010,7103.530464,1,59491867.0592,0.0333077222529555
3011,7103.550464,2,59491886.9632,0.0370664044092036
3012,7103.570464,1,59491906.9824,0.0333609933001414
3013,7103.590464,2,59491927.0016,0.0369998156002213
3014,7103.610464,1,59491946.9696,0.0332882578318684
3015,7103.630464,2,59491966.9888,0.0370961132624419
3016,7103.650464,1,59491987.0208,0.0332892822750835
3017,7103.670464,2,59492006.976,0.0371627020714242
3018,7103.690464,1,59492026.9952,0.0333251377876124
3019,7103.710464,2,59492047.0272,0.0373891040219641
3020,7103.730464,1,59492067.0336,0.0332872333886533
3021,7103.750464,2,59492087.0016,0.0374731083656033
3022,7103.770464,1,59492106.9696,0.0333169422418915
3023,7103.790464,2,59492127.0016,0.0374403261827197
3024,7103.810464,1,59492146.9952,0.0332892822750835
3025,7103.830464,2,59492167.0656,0.0374188128752023
3026,7103.850464,1,59492187.0208,0.0333364066629787
3027,7103.870464,2,59492207.0656,0.0373686151576618
3028,7103.890464,1,59492226.9952,0.0332513778761243
3029,7103.910464,2,59492247.1168,0.0375007683324113
3030,7103.930464,1,59492267.1232,0.0333855799373041
3031,7103.950464,2,59492287.8848,0.0376226770750097
3032,7103.970464,1,59492307.0208,0.0332472801032639
3033,7103.990464,2,59492327.0144,0.0376728747925502
3034,7104.010464,1,59492347.008,0.0332995267072346
3035,7104.030464,2,59492367.0912,0.0376749236789805
3036,7104.050464,1,59492387.0208,0.0333568955272809
3037,7104.070464,2,59492407.168,0.0377476591472535
3038,7104.090464,1,59492427.0208,0.0333640666297867
3039,7104.110464,2,59492447.0528,0.0377671235683406
3040,7104.130464,1,59492467.0592,0.0333804577212285
3041,7104.150464,2,59492487.04,0.037633945950376
3042,7104.170464,1,59492507.1232,0.0333046489233102
3043,7104.190464,2,59492527.0528,0.0375714549142541
3044,7104.210464,1,59492547.1104,0.0332677689675661
3045,7104.230464,2,59492567.0656,0.037579650459975
3046,7104.250464,1,59492587.1104,0.0333589444137112
3047,7104.270464,2,59492607.0528,0.03762472596144
3048,7104.290464,1,59492627.072,0.0332933800479439
3049,7104.310464,2,59492647.0784,0.0375857971192657
3050,7104.330464,1,59492667.0848,0.0333015755936648
3051,7104.350464,2,59492687.0784,0.0374085684430512
3052,7104.370464,1,59492707.072,0.0333036244800951
3053,7104.390464,2,59492727.0656,0.0375038416620567
3054,7104.410464,1,59492747.072,0.0332913311615137
3055,7104.430464,2,59492767.0912,0.0374987194459811
3056,7104.450464,1,59492787.0592,0.0332565000921999
3057,7104.470464,2,59492807.0784,0.037506914991702
3058,7104.490464,1,59492827.0848,0.0333005511504497
3059,7104.510464,2,59492847.104,0.0376954125432827
3060,7104.530464,1,59492867.1616,0.0332698178539964
3061,7104.550464,2,59492887.0912,0.0377855635462126
3062,7104.570464,1,59492907.0464,0.0332872333886533
3063,7104.590464,2,59492927.1424,0.0377650746819104
3064,7104.610464,1,59492947.0976,0.0332626467514906
3065,7104.630464,2,59492967.1552,0.0381420697850718
3066,7104.650464,1,59492987.1104,0.0332431823304034
3067,7104.670464,2,59493007.104,0.0383664228491815
3068,7104.690464,1,59493027.1488,0.0332503534329092
3069,7104.710464,2,59493047.104,0.0385159915585879
3070,7104.730464,1,59493067.1872,0.0332144979203803
3071,7104.750464,2,59493087.1296,0.0383111029155654
3072,7104.770464,1,59493107.1488,0.0332257667957465
3073,7104.790464,2,59493127.1168,0.0379668899952876
3074,7104.810464,1,59493147.1104,0.033275964513287
3075,7104.830464,2,59493167.2192,0.0377845391029975
3076,7104.850464,1,59493187.136,0.0332964533775893
3077,7104.870464,2,59493207.1296,0.037652385928248
3078,7104.890464,1,59493227.1232,0.0332001557153687
3079,7104.910464,2,59493247.1296,0.0375857971192657
3080,7104.930464,1,59493267.1488,0.0332687934107812
3081,7104.950464,2,59493287.1296,0.0375315016288647
3082,7104.970464,1,59493307.1488,0.03330260003688
3083,7104.990464,2,59493327.1808,0.0375560882660274
3084,7105.010464,1,59493347.1488,0.0332985022640195
3085,7105.030464,2,59493367.1936,0.0374905239002602
3086,7105.050464,1,59493387.1488,0.0332554756489848
3087,7105.070464,2,59493407.1552,0.0374751572520335
3088,7105.090464,1,59493427.1104,0.033157129100334
3089,7105.110464,2,59493447.1424,0.0373716884873071
3090,7105.130464,1,59493467.1488,0.0332042534882291
3091,7105.150464,2,59493487.1808,0.0373563218390805
3092,7105.170464,1,59493507.1488,0.0333056733665253
3093,7105.190464,2,59493527.232,0.0373450529637142
3094,7105.210464,1,59493547.1488,0.0332646956379208
3095,7105.230464,2,59493567.1424,0.0372897330300981
3096,7105.250464,1,59493587.1872,0.0332452312168336
3097,7105.270464,2,59493607.1936,0.0373511996230049
3098,7105.290464,1,59493627.1744,0.0333200155715369
3099,7105.310464,2,59493647.1808,0.0373040752351097
3100,7105.330464,1,59493667.1488,0.0332411334439732
3101,7105.350464,2,59493687.1808,0.0373829573626734
3102,7105.370464,1,59493707.1872,0.0332862089454381
3103,7105.390464,2,59493727.1808,0.037297928575819
3104,7105.410464,1,59493747.1872,0.0332411334439732
3105,7105.430464,2,59493767.3216,0.0372036798000287
3106,7105.450464,1,59493787.2256,0.0332708422972115
3107,7105.470464,2,59493807.296,0.0373061241215399
3108,7105.490464,1,59493827.2,0.0332237179093163
3109,7105.510464,2,59493847.4368,0.037179093162866
3110,7105.530464,1,59493867.2128,0.0332585489786301
3111,7105.550464,2,59493887.2064,0.0372559264039994
3112,7105.570464,1,59493907.2256,0.0332831356157928
3113,7105.590464,2,59493927.2064,0.0372026553568136
3114,7105.610464,1,59493947.2,0.0332565000921999
3115,7105.630464,2,59493967.232,0.0371616776282091
3116,7105.650464,1,59493987.2256,0.0332401090007581
3117,7105.670464,2,59494007.1808,0.0373132952240457
3118,7105.690464,1,59494027.2384,0.0332882578318684
3119,7105.710464,2,59494047.1808,0.0372805130411621
3120,7105.730464,1,59494067.3024,0.0333179666851066
3121,7105.750464,2,59494087.2448,0.037225193107546
3122,7105.770464,1,59494107.2256,0.0332708422972115
3123,7105.790464,2,59494127.1936,0.037324564099412
3124,7105.810464,1,59494147.2512,0.0332288401253919
3125,7105.830464,2,59494167.2576,0.0373132952240457
3126,7105.850464,1,59494187.264,0.0332144979203803
3127,7105.870464,2,59494207.2448,0.0372077775728891
3128,7105.890464,1,59494227.2384,0.0332257667957465
3129,7105.910464,2,59494247.2576,0.0371237732292499
3130,7105.930464,1,59494267.2384,0.0332308890118221
3131,7105.950464,2,59494287.3344,0.036933226791239
3132,7105.970464,1,59494307.264,0.0331888868400025
3133,7105.990464,2,59494327.2064,0.0369045423812158
3134,7106.010464,1,59494347.264,0.0332831356157928
3135,7106.030464,2,59494367.2832,0.0370039133730817
3136,7106.050464,1,59494387.2768,0.0332349867846825
3137,7106.070464,2,59494407.296,0.0368983957219251
3138,7106.090464,1,59494427.2768,0.0332196201364558
3139,7106.110464,2,59494447.296,0.0369957178273608
3140,7106.130464,1,59494467.2896,0.0332595734218452
3141,7106.150464,2,59494487.2704,0.0369762534062737
3142,7106.170464,1,59494507.2896,0.0332800622861475
3143,7106.190464,2,59494527.296,0.037087917716721
3144,7106.210464,1,59494547.2768,0.0333220644579671
3145,7106.230464,2,59494567.3472,0.0369619112012621
3146,7106.250464,1,59494587.3024,0.0333343577765484
3147,7106.270464,2,59494607.2832,0.0370745999549245
3148,7106.290464,1,59494627.2896,0.0332452312168336
3149,7106.310464,2,59494647.296,0.037160653184994
3150,7106.330464,1,59494667.3152,0.0332749400700719
3151,7106.350464,2,59494687.36,0.0371227487860348
3152,7106.370464,1,59494707.3024,0.0333097711393857
3153,7106.390464,2,59494727.3984,0.0371514331960579
3154,7106.410464,1,59494747.3152,0.0332964533775893
3155,7106.430464,2,59494767.296,0.0370131333620177
3156,7106.450464,1,59494787.3024,0.0333343577765484
3157,7106.470464,2,59494807.3344,0.0369772778494888
3158,7106.490464,1,59494827.3408,0.0333282111172578
3159,7106.510464,2,59494847.3728,0.0368492224475997
3160,7106.530464,1,59494867.3792,0.0332923556047288
3161,7106.550464,2,59494887.3216,0.0367846825250476
3162,7106.570464,1,59494907.3152,0.0332462556600488
3163,7106.590464,2,59494927.3216,0.036696580408548
3164,7106.610464,1,59494947.328,0.0333200155715369
3165,7106.630464,2,59494967.4112,0.036796975843629
3166,7106.650464,1,59494987.3408,0.0332565000921999
3167,7106.670464,2,59495007.3856,0.0368461491179544
3168,7106.690464,1,59495027.3536,0.0332739156268568
3169,7106.710464,2,59495047.3344,0.0369106890405065
3170,7106.730464,1,59495067.4432,0.0332022046017989
3171,7106.750464,2,59495087.3472,0.0368942979490647
3172,7106.770464,1,59495107.3408,0.0332708422972115
3173,7106.790464,2,59495127.3856,0.0368871268465589
3174,7106.810464,1,59495147.3664,0.0332821111725777
3175,7106.830464,2,59495167.3472,0.0367867314114779
3176,7106.850464,1,59495187.3792,0.0331960579425082
3177,7106.870464,2,59495207.36,0.0367180937160653
3178,7106.890464,1,59495227.3792,0.0332769889565021
3179,7106.910464,2,59495247.3856,0.0366586760095888
3180,7106.930464,1,59495267.4688,0.0332749400700719
3181,7106.950464,2,59495287.36,0.0366484315774377
3182,7106.970464,1,59495307.4432,0.0333066978097404
3183,7106.990464,2,59495327.424,0.0365992583031123
3184,7107.010464,1,59495347.4048,0.0331643002028398
3185,7107.030464,2,59495367.3856,0.0368748335279775
3186,7107.050464,1,59495387.3792,0.0332257667957465
3187,7107.070464,2,59495407.3984,0.0370776732845698
3188,7107.090464,1,59495427.4432,0.0332114245907349
3189,7107.110464,2,59495447.3856,0.0372948552461737
3190,7107.130464,1,59495467.4048,0.0332544512057697
3191,7107.150464,2,59495487.3984,0.0373716884873071
3192,7107.170464,1,59495507.4048,0.0331899112832176
3193,7107.190464,2,59495527.4624,0.0373440285204991
3194,7107.210464,1,59495547.4176,0.0331837646239269
3195,7107.230464,2,59495567.4368,0.037497695002766
3196,7107.250464,1,59495587.4048,0.0331878623967873
3197,7107.270464,2,59495607.4368,0.0376913147704223
3198,7107.290464,1,59495627.84,0.0332728911836417
3199,7107.310464,2,59495647.4112,0.037516134980638
3200,7107.330464,1,59495667.4816,0.0331284446903108
3201,7107.350464,2,59495687.5776,0.0372098264593194
3202,7107.370464,1,59495707.4176,0.0331888868400025
3203,7107.390464,2,59495727.4752,0.0370674288524187
3204,7107.410464,1,59495747.5072,0.0332155223635954
3205,7107.430464,2,59495767.5008,0.0369301534615936
3206,7107.450464,1,59495787.4432,0.0332698178539964
3207,7107.470464,2,59495807.4368,0.0368225869240068
3208,7107.490464,1,59495827.4304,0.0332237179093163
3209,7107.510464,2,59495847.4368,0.036942446780175
3210,7107.530464,1,59495867.4816,0.0332882578318684
3211,7107.550464,2,59495887.424,0.0368666379822566
3212,7107.570464,1,59495907.392,0.0332995267072346
3213,7107.590464,2,59495927.4624,0.0368830290736984
3214,7107.610464,1,59495947.4304,0.0332155223635954
3215,7107.630464,2,59495967.5264,0.0367795603089721
3216,7107.650464,1,59495987.4432,0.0332780133997173
3217,7107.670464,2,59496007.4624,0.0367631692175303
3218,7107.690464,1,59496027.5456,0.0331407380088922
3219,7107.710464,2,59496047.4496,0.0369106890405065
3220,7107.730464,1,59496067.5456,0.0332534267625545
3221,7107.750464,2,59496087.488,0.0370039133730817
3222,7107.770464,1,59496107.456,0.0331591779867642
3223,7107.790464,2,59496127.4752,0.036906591267646
3224,7107.810464,1,59496147.456,0.0331786424078513
3225,7107.830464,2,59496167.4624,0.0370192800213084
3226,7107.850464,1,59496187.4944,0.0332144979203803
3227,7107.870464,2,59496207.5008,0.0369229823590878
3228,7107.890464,1,59496227.4944,0.0332442067736185
3229,7107.910464,2,59496247.5008,0.0367816091954023
3230,7107.930464,1,59496267.5968,0.0331960579425082
3231,7107.950464,2,59496287.4752,0.0366883848628271
3232,7107.970464,1,59496307.5712,0.0332585489786301
3233,7107.990464,2,59496327.4752,0.0366771159874608
3234,7108.010464,1,59496347.4944,0.0331858135103571
3235,7108.030464,2,59496367.5392,0.0367129714999898
3236,7108.050464,1,59496387.456,0.0331602024299793
3237,7108.070464,2,59496407.5008,0.0368184891511463
3238,7108.090464,1,59496427.52,0.0331448357817526
3239,7108.110464,2,59496447.5008,0.0368748335279775
3240,7108.130464,1,59496467.52,0.0331919601696478
3241,7108.150464,2,59496487.5904,0.0369670334173377
3242,7108.170464,1,59496507.5072,0.0332728911836417
3243,7108.190464,2,59496527.5136,0.0368277091400824
3244,7108.210464,1,59496547.52,0.0331991312721536
3245,7108.230464,2,59496567.5136,0.0368133669350708
3246,7108.250464,1,59496587.52,0.0331919601696478
3247,7108.270464,2,59496607.5648,0.0368297580265126
3248,7108.290464,1,59496627.5328,0.0332165468068105
3249,7108.310464,2,59496647.6032,0.0368563935501055
3250,7108.330464,1,59496667.5584,0.0332790378429324
3251,7108.350464,2,59496687.5904,0.0368830290736984
3252,7108.370464,1,59496707.5968,0.0331858135103571
3253,7108.390464,2,59496727.5776,0.0367570225582396
3254,7108.410464,1,59496747.6096,0.0331714713053455
3255,7108.430464,2,59496767.5776,0.0367775114225419
3256,7108.450464,1,59496787.6224,0.0332288401253919
3257,7108.470464,2,59496807.552,0.0367652181039605
3258,7108.490464,1,59496827.5456,0.0332462556600488
3259,7108.510464,2,59496847.5904,0.0368922490626345
3260,7108.530464,1,59496867.6352,0.0333548466408507
3261,7108.550464,2,59496887.5392,0.0369311779048087
3262,7108.570464,1,59496907.5584,0.0332513778761243
3263,7108.590464,2,59496927.6672,0.036951666769111
3264,7108.610464,1,59496947.6096,0.0332503534329092
3265,7108.630464,2,59496967.5648,0.0370715266252792
3266,7108.650464,1,59496987.5968,0.0332595734218452
3267,7108.670464,2,59497007.6032,0.0371022599217325
3268,7108.690464,1,59497027.5712,0.0332401090007581
3269,7108.710464,2,59497047.616,0.0369506423258959
3270,7108.730464,1,59497067.584,0.0332595734218452
3271,7108.750464,2,59497087.5776,0.0368277091400824
3272,7108.770464,1,59497107.5712,0.0332144979203803
3273,7108.790464,2,59497127.5776,0.0368912246194193
3274,7108.810464,1,59497147.584,0.0332247423525314
3275,7108.830464,2,59497167.6928,0.0369403978937448
3276,7108.850464,1,59497187.6096,0.0332831356157928
3277,7108.870464,2,59497207.6416,0.0368994201651402
3278,7108.890464,1,59497227.584,0.0332442067736185
3279,7108.910464,2,59497247.5776,0.0369209334726576
3280,7108.930464,1,59497267.6096,0.0332411334439732
3281,7108.950464,2,59497287.5904,0.036988546724855
3282,7108.970464,1,59497307.6096,0.0332319134550372
3283,7108.990464,2,59497327.6032,0.037052062204192
3284,7109.010464,1,59497347.6992,0.0332257667957465
3285,7109.030464,2,59497367.6288,0.0371493843096277
3286,7109.050464,1,59497387.6096,0.0332329378982523
3287,7109.070464,2,59497407.616,0.0372323642100518
3288,7109.090464,1,59497427.648,0.0332011801585838
3289,7109.110464,2,59497447.616,0.0371770442764358
3290,7109.130464,1,59497467.6864,0.033220644579671
3291,7109.150464,2,59497487.6288,0.0370571844202676
3292,7109.170464,1,59497507.6864,0.0332196201364558
3293,7109.190464,2,59497527.6288,0.0369864978384248
3294,7109.210464,1,59497547.712,0.0332657200811359
3295,7109.230464,2,59497567.6288,0.03703362222632
3296,7109.250464,1,59497587.6352,0.0332011801585838
3297,7109.270464,2,59497607.6544,0.0369455201098203
3298,7109.290464,1,59497627.648,0.0332903067182986
3299,7109.310464,2,59497647.744,0.0368758579711927
3300,7109.330464,1,59497667.648,0.0332196201364558
3301,7109.350464,2,59497687.6672,0.0368051713893499
3302,7109.370464,1,59497707.6864,0.0332472801032639
3303,7109.390464,2,59497727.6416,0.036751900342164
3304,7109.410464,1,59497747.6736,0.0331827401807118
3305,7109.430464,2,59497767.6416,0.0367795603089721
3306,7109.450464,1,59497787.6352,0.0332196201364558
3307,7109.470464,2,59497807.6928,0.0369506423258959
3308,7109.490464,1,59497827.6352,0.0331991312721536
3309,7109.510464,2,59497847.6928,0.0370018644866515
3310,7109.530464,1,59497867.712,0.0332308890118221
3311,7109.550464,2,59497887.7184,0.0370387444423955
3312,7109.570464,1,59497907.6864,0.0331735201917758
3313,7109.590464,2,59497927.6928,0.0372487553014936
3314,7109.610464,1,59497947.6736,0.0332636711947057
3315,7109.630464,2,59497967.6928,0.0372641219497203
3316,7109.650464,1,59497987.712,0.0332216690228861
3317,7109.670464,2,59498007.68,0.0373235396561969
3318,7109.690464,1,59498027.712,0.0332155223635954
3319,7109.710464,2,59498047.6928,0.0372180220050403
3320,7109.730464,1,59498067.7632,0.0332144979203803
3321,7109.750464,2,59498087.7184,0.0373645173848014
3322,7109.770464,1,59498107.712,0.0332882578318684
3323,7109.790464,2,59498127.7056,0.0372385108693425
3324,7109.810464,1,59498147.6608,0.0332175712500256
3325,7109.830464,2,59498167.8464,0.0373358329747782
3326,7109.850464,1,59498187.7248,0.0332237179093163
3327,7109.870464,2,59498207.6928,0.0371842153789415
3328,7109.890464,1,59498227.712,0.0332319134550372
3329,7109.910464,2,59498247.7824,0.0371176265699592
3330,7109.930464,1,59498267.7632,0.0331909357264327
3331,7109.950464,2,59498287.7184,0.0369998156002213
3332,7109.970464,1,59498307.6992,0.0331858135103571
3333,7109.990464,2,59498327.7056,0.03703362222632
3334,7110.010464,1,59498347.8144,0.0332431823304034
3335,7110.030464,2,59498367.7312,0.0370305488966747
3336,7110.050464,1,59498387.6992,0.03330260003688
3337,7110.070464,2,59498407.7568,0.0370684532956338
3338,7110.090464,1,59498427.7376,0.0332605978650603
3339,7110.110464,2,59498447.7952,0.037225193107546
3340,7110.130464,1,59498467.776,0.0332769889565021
3341,7110.150464,2,59498487.7824,0.0372354375396972
3342,7110.170464,1,59498507.7504,0.0332769889565021
3343,7110.190464,2,59498527.744,0.0372487553014936
3344,7110.210464,1,59498547.8272,0.0332104001475198
3345,7110.230464,2,59498567.7568,0.0372210953346856
3346,7110.250464,1,59498587.776,0.0331950334992931
3347,7110.270464,2,59498607.808,0.037297928575819
3348,7110.290464,1,59498627.7504,0.0332308890118221
3349,7110.310464,2,59498647.7952,0.0371872887085869
3350,7110.330464,1,59498667.776,0.0331612268731944
3351,7110.350464,2,59498687.7824,0.0374259839777081
3352,7110.370464,1,59498707.776,0.0331899112832176
3353,7110.390464,2,59498727.7184,0.0376605814739689
3354,7110.410464,1,59498747.8144,0.0331827401807118
3355,7110.430464,2,59498767.872,0.0380386010203454
3356,7110.450464,1,59498787.8144,0.0331929846128629
3357,7110.470464,2,59498807.7824,0.0380652365439384
3358,7110.490464,1,59498827.7376,0.0331776179646362
3359,7110.510464,2,59498847.8976,0.0378726412194972
3360,7110.530464,1,59498867.8016,0.0332636711947057
3361,7110.550464,2,59498887.7824,0.0377353658286721
3362,7110.570464,1,59498907.8272,0.0331970823857234
3363,7110.590464,2,59498927.808,0.0375571127092425
3364,7110.610464,1,59498947.7632,0.0331827401807118
3365,7110.630464,2,59498967.8336,0.0373358329747782
3366,7110.650464,1,59498987.8144,0.0332073268178745
3367,7110.670464,2,59499007.808,0.0371196754563895
3368,7110.690464,1,59499027.84,0.0332216690228861
3369,7110.710464,2,59499047.808,0.0370325977831049
3370,7110.730464,1,59499067.8656,0.0331899112832176
3371,7110.750464,2,59499087.808,0.0370909910463663
3372,7110.770464,1,59499107.776,0.0332052779314443
3373,7110.790464,2,59499127.872,0.037188313151802
3374,7110.810464,1,59499147.8656,0.0331735201917758
3375,7110.830464,2,59499167.8976,0.037087917716721
3376,7110.850464,1,59499187.8272,0.0331960579425082
3377,7110.870464,2,59499207.8336,0.0370766488413547
3378,7110.890464,1,59499227.8144,0.0332380601143279
3379,7110.910464,2,59499247.936,0.0370725510684943
3380,7110.930464,1,59499267.8656,0.0332431823304034
3381,7110.950464,2,59499287.7824,0.0371637265146393
3382,7110.970464,1,59499307.8912,0.0332421578871883
3383,7110.990464,2,59499327.8336,0.0372825619275923
3384,7111.010464,1,59499347.8528,0.0332370356711127
3385,7111.030464,2,59499367.9104,0.0372630975065052
3386,7111.050464,1,59499387.84,0.0331878623967873
3387,7111.070464,2,59499407.8464,0.0371299198885406
3388,7111.090464,1,59499427.904,0.0332370356711127
3389,7111.110464,2,59499447.8848,0.0371053332513779
3390,7111.130464,1,59499467.8656,0.0332411334439732
3391,7111.150464,2,59499487.872,0.0371217243428197
3392,7111.170464,1,59499507.8656,0.0332319134550372
3393,7111.190464,2,59499527.872,0.0372047042432438
3394,7111.210464,1,59499547.8784,0.0332534267625545
3395,7111.230464,2,59499567.8848,0.0372938308029586
3396,7111.250464,1,59499587.8784,0.0333220644579671
3397,7111.270464,2,59499607.936,0.0373880795787489
3398,7111.290464,1,59499627.9296,0.0332093757043047
3399,7111.310464,2,59499647.9232,0.0373040752351097
3400,7111.330464,1,59499667.8912,0.033266744524351
3401,7111.350464,2,59499687.872,0.0371555309689184
3402,7111.370464,1,59499707.968,0.0333128444690311
3403,7111.390464,2,59499727.872,0.0370561599770525
3404,7111.410464,1,59499747.8912,0.0332810867293626
3405,7111.430464,2,59499767.9232,0.0369444956666052
3406,7111.450464,1,59499787.904,0.033321040014752
3407,7111.470464,2,59499807.9232,0.0368420513450939
3408,7111.490464,1,59499827.8912,0.033275964513287
3409,7111.510464,2,59499847.9488,0.0368287335832975
3410,7111.530464,1,59499867.9168,0.0333292355604729
3411,7111.550464,2,59499887.9488,0.0368707357551171
3412,7111.570464,1,59499907.9168,0.0332114245907349
3413,7111.590464,2,59499927.9232,0.0366883848628271
3414,7111.610464,1,59499947.968,0.0332226934661012
3415,7111.630464,2,59499967.9616,0.0366443338045772
3416,7111.650464,1,59499987.9808,0.0332657200811359
3417,7111.670464,2,59500007.936,0.0366781404306759
3418,7111.690464,1,59500028.0192,0.0331970823857234
3419,7111.710464,2,59500047.9488,0.0367098981703444
3420,7111.730464,1,59500068.1216,0.0332585489786301
3421,7111.750464,2,59500087.9488,0.0368840535169136
3422,7111.770464,1,59500108.0448,0.0332882578318684
3423,7111.790464,2,59500127.9872,0.0369352756776692
3424,7111.810464,1,59500147.9552,0.0333568955272809
3425,7111.830464,2,59500168.0256,0.0370377199991804
3426,7111.850464,1,59500187.9552,0.0332933800479439
3427,7111.870464,2,59500207.936,0.036888151289774
3428,7111.890464,1,59500227.9424,0.0333251377876124
3429,7111.910464,2,59500247.9872,0.0369567889851866
3430,7111.930464,1,59500268.1088,0.0332790378429324
3431,7111.950464,2,59500287.9744,0.0368236113672219
3432,7111.970464,1,59500307.968,0.0333097711393857
3433,7111.990464,2,59500328,0.0366863359763968
3434,7112.010464,1,59500347.968,0.0332985022640195
3435,7112.030464,2,59500368.0256,0.0366320404859959
3436,7112.050464,1,59500388.032,0.0332114245907349
3437,7112.070464,2,59500407.9744,0.0367006781814084
3438,7112.090464,1,59500427.9936,0.0333138689122462
3439,7112.110464,2,59500448.0512,0.036778535865757
3440,7112.130464,1,59500468.032,0.0332903067182986
3441,7112.150464,2,59500488.064,0.0367478025693036
3442,7112.170464,1,59500508.0192,0.0333036244800951
3443,7112.190464,2,59500528.0128,0.0367990247300592
3444,7112.210464,1,59500548.0192,0.0332237179093163
3445,7112.230464,2,59500568.192,0.0368922490626345
3446,7112.250464,1,59500587.9808,0.0332892822750835
3447,7112.270464,2,59500608.064,0.0369578134284017
3448,7112.290464,1,59500628.032,0.0332974778208044
3449,7112.310464,2,59500648.064,0.0368389780154486
3450,7112.330464,1,59500668.1344,0.0333384555494089
3451,7112.350464,2,59500688.0256,0.0369260556887332
3452,7112.370464,1,59500708.096,0.033239084557543
3453,7112.390464,2,59500728.128,0.0369619112012621
3454,7112.410464,1,59500748.032,0.0332175712500256
3455,7112.430464,2,59500768.128,0.0369998156002213
3456,7112.450464,1,59500788.0192,0.0332308890118221
3457,7112.470464,2,59500808.0768,0.0371565554121335
3458,7112.490464,1,59500827.9808,0.0332739156268568
3459,7112.510464,2,59500848.064,0.0372835863708075
3460,7112.530464,1,59500868.032,0.0332677689675661
3461,7112.550464,2,59500888.0512,0.0372374864261274
3462,7112.570464,1,59500908.0704,0.0332524023193394
3463,7112.590464,2,59500928.064,0.0371555309689184
3464,7112.610464,1,59500948.032,0.0332944044911591
3465,7112.630464,2,59500968.0896,0.0370254266805991
3466,7112.650464,1,59500988.0576,0.033184789067142
3467,7112.670464,2,59501008.0896,0.0370653799659885
3468,7112.690464,1,59501028.0704,0.0332308890118221
3469,7112.710464,2,59501048.128,0.0369619112012621
3470,7112.730464,1,59501068.1344,0.0332913311615137
3471,7112.750464,2,59501088.0768,0.0370018644866515
3472,7112.770464,1,59501108.096,0.0333148933554613
3473,7112.790464,2,59501128.192,0.0370633310795583
3474,7112.810464,1,59501148.0832,0.0332657200811359
3475,7112.830464,2,59501168.1152,0.0372866597004528
3476,7112.850464,1,59501188.16,0.0332083512610896
3477,7112.870464,2,59501208.1152,0.0373471018501444
3478,7112.890464,1,59501228.224,0.0332247423525314
3479,7112.910464,2,59501248.256,0.0372077775728891
3480,7112.930464,1,59501268.2624,0.033266744524351
3481,7112.950464,2,59501288.1408,0.0370889421599361
3482,7112.970464,1,59501308.1216,0.0333456266519147
3483,7112.990464,2,59501328.0896,0.0370469399881165
3484,7113.010464,1,59501348.1472,0.0332554756489848
3485,7113.030464,2,59501368.192,0.0369096645972914
3486,7113.050464,1,59501388.16,0.0332595734218452
3487,7113.070464,2,59501408.2176,0.036915811256582
3488,7113.090464,1,59501428.2368,0.0333159177986764
3489,7113.110464,2,59501448.1152,0.0369055668244309
3490,7113.130464,1,59501468.2752,0.0332247423525314
3491,7113.150464,2,59501488.0768,0.0369240068023029
3492,7113.170464,1,59501508.2624,0.0333189911283218
3493,7113.190464,2,59501528.128,0.0369496178826808
3494,7113.210464,1,59501548.16,0.0332944044911591
3495,7113.230464,2,59501568.2688,0.0371032843649476
3496,7113.250464,1,59501588.1728,0.033321040014752
3497,7113.270464,2,59501608.1536,0.0372569508472145
3498,7113.290464,1,59501628.16,0.033266744524351
3499,7113.310464,2,59501648.1536,0.0371913864814473
3500,7113.330464,1,59501668.2112,0.0332185956932407
3501,7113.350464,2,59501688.1664,0.0370909910463663
3502,7113.370464,1,59501708.3008,0.0332892822750835
3503,7113.390464,2,59501728.192,0.0370418177720409
3504,7113.410464,1,59501748.224,0.0333148933554613
3505,7113.430464,2,59501768.2176,0.0370090355891573
3506,7113.450464,1,59501788.3008,0.0332134734771652
3507,7113.470464,2,59501808.2432,0.0370786977277849
3508,7113.490464,1,59501828.16,0.0332790378429324
3509,7113.510464,2,59501848.256,0.0372333886532669
3510,7113.530464,1,59501868.1856,0.03330260003688
3511,7113.550464,2,59501888.2176,0.0372579752904297
3512,7113.570464,1,59501908.1728,0.0333046489233102
3513,7113.590464,2,59501928.1536,0.0371534820824882
3514,7113.610464,1,59501948.2496,0.033275964513287
3515,7113.630464,2,59501968.256,0.037052062204192
3516,7113.650464,1,59501988.2752,0.033275964513287
3517,7113.670464,2,59502008.1664,0.0368174647079312
3518,7113.690464,1,59502028.2624,0.0332646956379208
3519,7113.710464,2,59502048.2944,0.036724240375356
3520,7113.730464,1,59502068.3776,0.0332882578318684
3521,7113.750464,2,59502088.2048,0.0367160448296351
3522,7113.770464,1,59502108.224,0.0332708422972115
3523,7113.790464,2,59502128.2176,0.0367221914889258
3524,7113.810464,1,59502148.2624,0.0332421578871883
3525,7113.830464,2,59502168.2944,0.0369342512344541
3526,7113.850464,1,59502188.5312,0.0332636711947057
3527,7113.870464,2,59502208.32,0.036769315876821
3528,7113.890464,1,59502228.1472,0.0332380601143279
3529,7113.910464,2,59502248.256,0.0365541828016473
3530,7113.930464,1,59502268.224,0.0332001557153687
3531,7113.950464,2,59502288.2304,0.0366105271784785
3532,7113.970464,1,59502308.1984,0.0332749400700719
3533,7113.990464,2,59502328.2048,0.0365459872559264
3534,7114.010464,1,59502348.3776,0.0332585489786301
3535,7114.030464,2,59502368.3712,0.0366074538488332
3536,7114.050464,1,59502388.2368,0.0332821111725777
3537,7114.070464,2,59502408.2816,0.0367324359210769
3538,7114.090464,1,59502428.3136,0.0332687934107812
3539,7114.110464,2,59502448.2432,0.0367744380928965
3540,7114.130464,1,59502468.3648,0.0333036244800951
3541,7114.150464,2,59502488.32,0.0367396070235827
3542,7114.170464,1,59502508.3136,0.0332687934107812
3543,7114.190464,2,59502528.4352,0.0366392115885016
3544,7114.210464,1,59502550.6304,0.0332687934107812
3545,7114.230464,2,59502568.2816,0.0366084782920483
3546,7114.250464,1,59502588.3392,0.0332698178539964
3547,7114.270464,2,59502608.4096,0.0366822382035364
3548,7114.290464,1,59502628.352,0.0332114245907349
3549,7114.310464,2,59502648.3072,0.0368113180486406
3550,7114.330464,1,59502668.3008,0.0332216690228861
3551,7114.350464,2,59502688.2432,0.0369393734505296
3552,7114.370464,1,59502708.3008,0.0332083512610896
3553,7114.390464,2,59502728.32,0.0369147868133669
3554,7114.410464,1,59502748.224,0.0332421578871883
3555,7114.430464,2,59502768.3456,0.0368809801872682
3556,7114.450464,1,59502788.2752,0.0331817157374967
3557,7114.470464,2,59502808.2688,0.036806195832565
3558,7114.490464,1,59502828.2624,0.0332739156268568
3559,7114.510464,2,59502848.2816,0.0368010736164894
3560,7114.530464,1,59502868.3136,0.0332237179093163
3561,7114.550464,2,59502888.2688,0.0371739709467904
3562,7114.570464,1,59502908.352,0.0332042534882291
3563,7114.590464,2,59502928.3328,0.0373788595898129
3564,7114.610464,1,59502948.3264,0.0332370356711127
3565,7114.630464,2,59502968.32,0.0374925727866904
3566,7114.650464,1,59502988.288,0.0332626467514906
3567,7114.670464,2,59503008.2944,0.0375284282992194
3568,7114.690464,1,59503028.352,0.0332780133997173
3569,7114.710464,2,59503048.32,0.0376216526317946
3570,7114.730464,1,59503068.4288,0.033220644579671
3571,7114.750464,2,59503088.3584,0.0376134570860737
3572,7114.770464,1,59503108.3776,0.0332144979203803
3573,7114.790464,2,59503128.4608,0.0376964369864978
3574,7114.810464,1,59503148.3008,0.0332247423525314
3575,7114.830464,2,59503168.384,0.0374013973405454
3576,7114.850464,1,59503188.3264,0.0332093757043047
3577,7114.870464,2,59503208.3584,0.0372641219497203
3578,7114.890464,1,59503228.352,0.033175569078206
3579,7114.910464,2,59503248.3584,0.0371084065810232
3580,7114.930464,1,59503268.416,0.0332687934107812
3581,7114.950464,2,59503288.3712,0.0369864978384248
3582,7114.970464,1,59503308.4032,0.0332360112278976
3583,7114.990464,2,59503328.32,0.0370305488966747
3584,7115.010464,1,59503348.3904,0.0332769889565021
3585,7115.030464,2,59503368.4608,0.037042842215256
3586,7115.050464,1,59503388.3008,0.0332104001475198
3587,7115.070464,2,59503408.4096,0.0369188845862274
3588,7115.090464,1,59503428.352,0.0332267912389616
3589,7115.110464,2,59503448.4736,0.0369629356444772
3590,7115.130464,1,59503468.3904,0.0331950334992931
3591,7115.150464,2,59503488.384,0.036960886758047
3592,7115.170464,1,59503508.3264,0.0332144979203803
3593,7115.190464,2,59503528.3584,0.0368871268465589
3594,7115.210464,1,59503548.352,0.033229864568607
3595,7115.230464,2,59503568.4992,0.036860491322966
3596,7115.250464,1,59503588.3392,0.0332063023746594
3597,7115.270464,2,59503608.384,0.0368717601983322
3598,7115.290464,1,59503628.4672,0.0332237179093163
3599,7115.310464,2,59503648.3456,0.0368820046304833
3600,7115.330464,1,59503668.416,0.0332288401253919
3601,7115.350464,2,59503688.4352,0.0368748335279775
3602,7115.370464,1,59503708.3648,0.0332370356711127
3603,7115.390464,2,59503728.3584,0.0368041469461348
3604,7115.410464,1,59503748.4544,0.0332288401253919
3605,7115.430464,2,59503768.3456,0.0366730182146004
3606,7115.450464,1,59503788.3776,0.0332370356711127
3607,7115.470464,2,59503808.4608,0.0367078492839142
3608,7115.490464,1,59503828.3648,0.0332022046017989
3609,7115.510464,2,59503848.4736,0.036815415821501
3610,7115.530464,1,59503868.5056,0.0332401090007581
3611,7115.550464,2,59503888.3712,0.0368236113672219
3612,7115.570464,1,59503908.416,0.0332052779314443
3613,7115.590464,2,59503928.4608,0.0367437047964431
3614,7115.610464,1,59503948.4672,0.0332718667404266
3615,7115.630464,2,59503968.4992,0.0367119470567746
3616,7115.650464,1,59503988.3776,0.0332022046017989
3617,7115.670464,2,59504008.3968,0.0368256602536521
3618,7115.690464,1,59504028.416,0.0331786424078513
3619,7115.710464,2,59504048.4096,0.0369588378716168
3620,7115.730464,1,59504068.48,0.033220644579671
3621,7115.750464,2,59504088.448,0.0368799557440531
3622,7115.770464,1,59504108.4928,0.0333107955826009
3623,7115.790464,2,59504128.4608,0.0369875222816399
3624,7115.810464,1,59504148.4288,0.0333036244800951
3625,7115.830464,2,59504168.512,0.0368994201651402
3626,7115.850464,1,59504188.544,0.0332954289343742
3627,7115.870464,2,59504208.4224,0.0369752289630586
3628,7115.890464,1,59504228.5184,0.033220644579671
3629,7115.910464,2,59504248.4864,0.0370776732845698
3630,7115.930464,1,59504268.6592,0.0333589444137112
3631,7115.950464,2,59504288.512,0.0371114799106686
3632,7115.970464,1,59504308.48,0.0332646956379208
3633,7115.990464,2,59504328.4224,0.0373655418280165
3634,7116.010464,1,59504348.5056,0.0332319134550372
3635,7116.030464,2,59504368.4864,0.037261048620075
3636,7116.050464,1,59504388.4928,0.0332995267072346
3637,7116.070464,2,59504408.4608,0.0373471018501444
3638,7116.090464,1,59504428.48,0.033248304546479
3639,7116.110464,2,59504448.448,0.0376534103714631
3640,7116.130464,1,59504468.5184,0.0333087466961706
3641,7116.150464,2,59504488.4608,0.0375816993464052
3642,7116.170464,1,59504508.4928,0.0332308890118221
3643,7116.190464,2,59504528.4736,0.0372456819718483
3644,7116.210464,1,59504548.48,0.0332585489786301
3645,7116.230464,2,59504568.512,0.03703362222632
3646,7116.250464,1,59504588.5568,0.0332626467514906
3647,7116.270464,2,59504608.4864,0.0368277091400824
3648,7116.290464,1,59504628.4928,0.0333159177986764
3649,7116.310464,2,59504648.576,0.0367631692175303
3650,7116.330464,1,59504668.5952,0.0332513778761243
3651,7116.350464,2,59504688.5376,0.0365572561312926
3652,7116.370464,1,59504708.5568,0.0332421578871883
3653,7116.390464,2,59504728.4864,0.0366801893171062
3654,7116.410464,1,59504748.5312,0.0333066978097404
3655,7116.430464,2,59504768.4992,0.0368891757329891
3656,7116.450464,1,59504788.5312,0.033257524535415
3657,7116.470464,2,59504808.4736,0.0372098264593194
3658,7116.490464,1,59504828.5184,0.0333333333333333
3659,7116.510464,2,59504848.5504,0.0374556928309464
3660,7116.530464,1,59504868.6848,0.0333200155715369
3661,7116.550464,2,59504888.5504,0.0376759481221956
3662,7116.570464,1,59504908.544,0.0332810867293626
3663,7116.590464,2,59504928.64,0.0377701968979859
3664,7116.610464,1,59504948.544,0.033321040014752
3665,7116.630464,2,59504968.6016,0.0378029790808695
3666,7116.650464,1,59504988.5824,0.0332411334439732
3667,7116.670464,2,59505008.64,0.0378828856516483
3668,7116.690464,1,59505028.608,0.0332616223082755
3669,7116.710464,2,59505048.5504,0.0378777634355728
3670,7116.730464,1,59505068.5312,0.0332554756489848
3671,7116.750464,2,59505088.5632,0.0377835146597824
3672,7116.770464,1,59505108.5696,0.0332524023193394
3673,7116.790464,2,59505128.704,0.0377118036347245
3674,7116.810464,1,59505148.5056,0.0331878623967873
3675,7116.830464,2,59505168.5632,0.0378265412748171
3676,7116.850464,1,59505188.6848,0.0332319134550372
3677,7116.870464,2,59505208.576,0.037689265883992
3678,7116.890464,1,59505228.672,0.0331909357264327
3679,7116.910464,2,59505248.5888,0.037516134980638
3680,7116.930464,1,59505268.608,0.0332052779314443
3681,7116.950464,2,59505288.5504,0.0374095928862663
3682,7116.970464,1,59505308.5312,0.033311820025816
3683,7116.990464,2,59505328.5632,0.0372436330854181
3684,7117.010464,1,59505348.6336,0.0331673735324851
3685,7117.030464,2,59505368.6656,0.0370633310795583
3686,7117.050464,1,59505388.8256,0.0331919601696478
3687,7117.070464,2,59505408.6784,0.0369864978384248
3688,7117.090464,1,59505428.7104,0.0332216690228861
3689,7117.110464,2,59505448.6144,0.0370541110906222
3690,7117.130464,1,59505468.7232,0.0332288401253919
3691,7117.150464,2,59505488.5888,0.0369916200545004
3692,7117.170464,1,59505508.5568,0.0331274202470957
3693,7117.190464,2,59505528.6528,0.0370141578052329
3694,7117.210464,1,59505548.5824,0.0332329378982523
3695,7117.230464,2,59505568.64,0.0369824000655644
3696,7117.250464,1,59505588.6208,0.0331612268731944
3697,7117.270464,2,59505608.7424,0.0370551355338374
3698,7117.290464,1,59505628.6976,0.0332022046017989
3699,7117.310464,2,59505648.704,0.037124797672465
3700,7117.330464,1,59505668.8,0.033157129100334
3701,7117.350464,2,59505688.704,0.0370387444423955
3702,7117.370464,1,59505708.6208,0.0331888868400025
3703,7117.390464,2,59505728.6656,0.0370479644313316
3704,7117.410464,1,59505748.6976,0.0332063023746594
3705,7117.430464,2,59505768.6784,0.0369967422705759
3706,7117.450464,1,59505788.6208,0.0331745446349909
3707,7117.470464,2,59505808.5888,0.0368645890958264
3708,7117.490464,1,59505828.6592,0.0332646956379208
3709,7117.510464,2,59505848.704,0.0367641936607454
3710,7117.530464,1,59505868.672,0.0332196201364558
3711,7117.550464,2,59505888.6272,0.0366556026799435
3712,7117.570464,1,59505908.6464,0.0332442067736185
3713,7117.590464,2,59505928.6016,0.0366801893171062
3714,7117.610464,1,59505948.6464,0.0332349867846825
3715,7117.630464,2,59505968.6656,0.0368123424918557
3716,7117.650464,1,59505988.608,0.0332800622861475
3717,7117.670464,2,59506008.6016,0.0367467781260885
3718,7117.690464,1,59506028.6464,0.0333343577765484
3719,7117.710464,2,59506048.5888,0.0366258938267052
3720,7117.730464,1,59506068.7104,0.0332493289896941
3721,7117.750464,2,59506088.6784,0.0367508758989489
3722,7117.770464,1,59506108.6464,0.0333148933554613
3723,7117.790464,2,59506128.704,0.0366730182146004
3724,7117.810464,1,59506148.672,0.0332513778761243
3725,7117.830464,2,59506168.6784,0.0367314114778618
3726,7117.850464,1,59506188.7232,0.0332708422972115
3727,7117.870464,2,59506208.6784,0.0366637982256644
3728,7117.890464,1,59506228.6848,0.0333364066629787
3729,7117.910464,2,59506248.7296,0.0367846825250476
3730,7117.930464,1,59506268.7232,0.0332319134550372
3731,7117.950464,2,59506288.7424,0.0371872887085869
3732,7117.970464,1,59506308.7232,0.03330260003688
3733,7117.990464,2,59506328.6912,0.0370940643760116
3734,7118.010464,1,59506348.7616,0.0332698178539964
3735,7118.030464,2,59506368.7296,0.037024402237384
3736,7118.050464,1,59506388.6592,0.0332954289343742
3737,7118.070464,2,59506408.768,0.0369403978937448
3738,7118.090464,1,59506428.7104,0.033257524535415
3739,7118.110464,2,59506448.7424,0.0371125043538837
3740,7118.130464,1,59506468.736,0.0332749400700719
3741,7118.150464,2,59506488.704,0.0369414223369599
3742,7118.170464,1,59506508.6592,0.0333046489233102
3743,7118.190464,2,59506528.6656,0.0371329932181859
3744,7118.210464,1,59506548.7104,0.0332073268178745
3745,7118.230464,2,59506568.7552,0.0373440285204991
3746,7118.250464,1,59506588.7872,0.0332308890118221
3747,7118.270464,2,59506608.6912,0.0375099883213473
3748,7118.290464,1,59506628.7104,0.0332052779314443
3749,7118.310464,2,59506648.7808,0.0377281947261663
3750,7118.330464,1,59506668.6848,0.0332093757043047
3751,7118.350464,2,59506688.8448,0.0379535722334911
3752,7118.370464,1,59506708.8,0.0332011801585838
3753,7118.390464,2,59506728.768,0.0378623967873461
3754,7118.410464,1,59506748.736,0.0332636711947057
3755,7118.430464,2,59506768.704,0.0377824902165673
3756,7118.450464,1,59506788.736,0.0332175712500256
3757,7118.470464,2,59506808.7936,0.0377404880447477
3758,7118.490464,1,59506828.736,0.0332083512610896
3759,7118.510464,2,59506848.7808,0.0375222816399287
3760,7118.530464,1,59506868.8512,0.0331991312721536
3761,7118.550464,2,59506888.7168,0.0373942262380396
3762,7118.570464,1,59506908.8128,0.0331765935214211
3763,7118.590464,2,59506928.7424,0.0373983240109001
3764,7118.610464,1,59506948.7232,0.0332093757043047
3765,7118.630464,2,59506968.8064,0.0375601860388879
3766,7118.650464,1,59506988.7744,0.0331929846128629
3767,7118.670464,2,59507008.8448,0.0375827237896203
3768,7118.690464,1,59507028.8,0.0332616223082755
3769,7118.710464,2,59507048.7552,0.03762472596144
3770,7118.730464,1,59507068.9024,0.0331950334992931
3771,7118.750464,2,59507088.7552,0.0376441903825271
3772,7118.770464,1,59507108.7488,0.0331929846128629
3773,7118.790464,2,59507128.7552,0.0376226770750097
3774,7118.810464,1,59507148.8384,0.0331612268731944
3775,7118.830464,2,59507168.8448,0.0374372528530744
3776,7118.850464,1,59507188.8512,0.0331878623967873
3777,7118.870464,2,59507208.7936,0.0376155059725039
3778,7118.890464,1,59507228.8,0.0331837646239269
3779,7118.910464,2,59507248.832,0.037579650459975
3780,7118.930464,1,59507268.8128,0.0332144979203803
3781,7118.950464,2,59507288.7808,0.0375673571413936
3782,7118.970464,1,59507308.864,0.0331960579425082
3783,7118.990464,2,59507328.832,0.0376534103714631
3784,7119.010464,1,59507348.8256,0.0332042534882291
3785,7119.030464,2,59507368.96,0.0376277992910853
3786,7119.050464,1,59507388.7872,0.0332503534329092
3787,7119.070464,2,59507408.8704,0.0373511996230049
3788,7119.090464,1,59507428.8384,0.0332165468068105
3789,7119.110464,2,59507448.8704,0.0373071485647551
3790,7119.130464,1,59507468.8384,0.0332196201364558
3791,7119.150464,2,59507488.7552,0.0372190464482554
3792,7119.170464,1,59507508.8384,0.0332452312168336
3793,7119.190464,2,59507528.8192,0.037179093162866
3794,7119.210464,1,59507548.7744,0.0332841600590079
3795,7119.230464,2,59507568.8832,0.0370510377609769
3796,7119.250464,1,59507588.8512,0.0332565000921999
3797,7119.270464,2,59507608.8064,0.0370715266252792
3798,7119.290464,1,59507628.8512,0.0332503534329092
3799,7119.310464,2,59507648.832,0.0369895711680702
3800,7119.330464,1,59507668.8768,0.0332513778761243
3801,7119.350464,2,59507688.9344,0.0368031225029197
3802,7119.370464,1,59507708.864,0.0332985022640195
3803,7119.390464,2,59507728.832,0.0366832626467515
3804,7119.410464,1,59507748.8768,0.0331970823857234
3805,7119.430464,2,59507768.8448,0.0365265228348393
3806,7119.450464,1,59507788.9152,0.0332554756489848
3807,7119.470464,2,59507808.9472,0.0365162784026881
3808,7119.490464,1,59507828.8128,0.0332974778208044
3809,7119.510464,2,59507848.896,0.0366371627020714
3810,7119.530464,1,59507868.8896,0.0332780133997173
3811,7119.550464,2,59507888.8576,0.0366156493945541
3812,7119.570464,1,59507908.864,0.0332749400700719
3813,7119.590464,2,59507928.9344,0.0366381871452865
3814,7119.610464,1,59507948.8384,0.0332431823304034
3815,7119.630464,2,59507968.8576,0.0366525293502981
3816,7119.650464,1,59507988.8384,0.033220644579671
3817,7119.670464,2,59508008.8704,0.0367641936607454
3818,7119.690464,1,59508028.9024,0.0333056733665253
3819,7119.710464,2,59508048.8448,0.0367621447743152
3820,7119.730464,1,59508068.9024,0.0333230889011822
3821,7119.750464,2,59508088.8832,0.0368994201651402
3822,7119.770464,1,59508108.9024,0.0332616223082755
3823,7119.790464,2,59508128.8704,0.0370018644866515
3824,7119.810464,1,59508148.9664,0.0331786424078513
3825,7119.830464,2,59508169.0624,0.0371616776282091
3826,7119.850464,1,59508188.9408,0.0332780133997173
3827,7119.870464,2,59508209.0752,0.0372200708914705
3828,7119.890464,1,59508228.9408,0.0332810867293626
3829,7119.910464,2,59508248.9344,0.0372323642100518
3830,7119.930464,1,59508268.9536,0.0332503534329092
3831,7119.950464,2,59508288.9344,0.0373091974511853
3832,7119.970464,1,59508308.9536,0.0332892822750835
3833,7119.990464,2,59508328.8576,0.0372354375396972
3834,7120.010464,1,59508348.9152,0.0331643002028398
3835,7120.030464,2,59508369.0496,0.0373634929415862
3836,7120.050464,1,59508388.9152,0.0332226934661012
3837,7120.070464,2,59508408.9344,0.0371780687196509
3838,7120.090464,1,59508428.9536,0.0332329378982523
3839,7120.110464,2,59508448.9216,0.0371032843649476
3840,7120.130464,1,59508468.992,0.0332114245907349
3841,7120.150464,2,59508488.9344,0.0370930399327965
3842,7120.170464,1,59508508.8896,0.0333282111172578
3843,7120.190464,2,59508528.9088,0.0371995820271682
3844,7120.210464,1,59508548.928,0.0332411334439732
3845,7120.230464,2,59508569.1136,0.0371288954453255
3846,7120.250464,1,59508588.9536,0.0332226934661012
3847,7120.270464,2,59508608.9088,0.0370950888192267
3848,7120.290464,1,59508628.9792,0.0332718667404266
3849,7120.310464,2,59508648.9984,0.0370459155449013
3850,7120.330464,1,59508668.9536,0.0332821111725777
3851,7120.350464,2,59508689.0112,0.0370110844755875
3852,7120.370464,1,59508708.928,0.0332677689675661
3853,7120.390464,2,59508728.9088,0.0370366955559653
3854,7120.410464,1,59508748.992,0.0331929846128629
3855,7120.430464,2,59508769.1392,0.0371176265699592
3856,7120.450464,1,59508789.0048,0.0332954289343742
3857,7120.470464,2,59508809.024,0.0370049378162968
3858,7120.490464,1,59508828.928,0.033220644579671
3859,7120.510464,2,59508849.0112,0.0369731800766284
3860,7120.530464,1,59508869.0048,0.0332339623414674
3861,7120.550464,2,59508888.9984,0.0370264511238142
3862,7120.570464,1,59508909.0176,0.0332595734218452
3863,7120.590464,2,59508928.9728,0.0369731800766284
3864,7120.610464,1,59508948.9792,0.0332954289343742
3865,7120.630464,2,59508969.0112,0.0369957178273608
3866,7120.650464,1,59508989.0176,0.0331899112832176
3867,7120.670464,2,59509008.9472,0.0370090355891573
3868,7120.690464,1,59509028.9792,0.0331950334992931
3869,7120.710464,2,59509048.9856,0.0371002110353023
3870,7120.730464,1,59509069.0816,0.0332513778761243
3871,7120.750464,2,59509088.96,0.0369393734505296
3872,7120.770464,1,59509108.9792,0.0332841600590079
3873,7120.790464,2,59509129.024,0.0367836580818325
3874,7120.810464,1,59509149.0304,0.0332052779314443
3875,7120.830464,2,59509169.0112,0.0366043805191878
3876,7120.850464,1,59509189.0432,0.0332728911836417
3877,7120.870464,2,59509209.088,0.0365408650398508
3878,7120.890464,1,59509228.9664,0.0332288401253919
3879,7120.910464,2,59509249.0112,0.0365101317433975
3880,7120.930464,1,59509269.0176,0.0332052779314443
3881,7120.950464,2,59509289.0752,0.0365162784026881
3882,7120.970464,1,59509309.0304,0.0332964533775893
3883,7120.990464,2,59509328.9856,0.0367908291843383
3884,7121.010464,1,59509349.0304,0.0332944044911591
3885,7121.030464,2,59509369.0112,0.036843075788309
3886,7121.050464,1,59509389.0304,0.0332626467514906
3887,7121.070464,2,59509409.152,0.0367723892064663
3888,7121.090464,1,59509429.056,0.0332083512610896
3889,7121.110464,2,59509449.0752,0.036651504907083
3890,7121.130464,1,59509469.0304,0.0332964533775893
3891,7121.150464,2,59509489.024,0.0366924826356875
3892,7121.170464,1,59509508.992,0.0332810867293626
3893,7121.190464,2,59509529.1008,0.0366986292949782
3894,7121.210464,1,59509549.1072,0.0333343577765484
3895,7121.230464,2,59509569.1008,0.0367734136496814
3896,7121.250464,1,59509589.0688,0.0332554756489848
3897,7121.270464,2,59509609.0496,0.0366566271231586
3898,7121.290464,1,59509629.0688,0.0333599688569263
3899,7121.310464,2,59509649.1008,0.0367180937160653
3900,7121.330464,1,59509669.184,0.0332749400700719
3901,7121.350464,2,59509689.152,0.0366637982256644
3902,7121.370464,1,59509709.0688,0.033311820025816
3903,7121.390464,2,59509729.0496,0.0365664761202287
3904,7121.410464,1,59509749.056,0.0332657200811359
3905,7121.430464,2,59509769.1392,0.0365367672669904
3906,7121.450464,1,59509789.0688,0.0333620177433565
3907,7121.470464,2,59509809.0624,0.0366320404859959
3908,7121.490464,1,59509829.0432,0.0332944044911591
3909,7121.510464,2,59509849.0624,0.0367037515110537
3910,7121.530464,1,59509869.1072,0.0333384555494089
3911,7121.550464,2,59509889.0752,0.0367549736718094
3912,7121.570464,1,59509909.12,0.0333077222529555
3913,7121.590464,2,59509929.0752,0.0368758579711927
3914,7121.610464,1,59509949.0816,0.0333630421865716
3915,7121.630464,2,59509969.152,0.0368830290736984
3916,7121.650464,1,59509989.0944,0.0333609933001414
3917,7121.670464,2,59510009.0496,0.0367836580818325
3918,7121.690464,1,59510029.0816,0.03330260003688
3919,7121.710464,2,59510049.0752,0.0367273137050013
3920,7121.730464,1,59510069.1968,0.0333732866187227
3921,7121.750464,2,59510089.1264,0.0366658471120946
3922,7121.770464,1,59510109.0944,0.0332831356157928
3923,7121.790464,2,59510129.1392,0.0368594668797509
3924,7121.810464,1,59510149.1584,0.033321040014752
3925,7121.830464,2,59510169.1392,0.0369270801319483
3926,7121.850464,1,59510189.1456,0.0334449976437806
3927,7121.870464,2,59510209.1136,0.0368533202204602
3928,7121.890464,1,59510229.1328,0.0333548466408507
3929,7121.910464,2,59510249.1136,0.0367314114778618
3930,7121.930464,1,59510269.1968,0.03330260003688
3931,7121.950464,2,59510289.1264,0.0367652181039605
3932,7121.970464,1,59510309.1456,0.0333558710840658
3933,7121.990464,2,59510329.152,0.0368164402647161
3934,7122.010464,1,59510349.1712,0.0333446022086996
3935,7122.030464,2,59510369.2416,0.0367252648185711
3936,7122.050464,1,59510389.1328,0.0332472801032639
3937,7122.070464,2,59510409.1648,0.0367396070235827
3938,7122.090464,1,59510429.1584,0.0332974778208044
3939,7122.110464,2,59510449.1264,0.0367078492839142
3940,7122.130464,1,59510469.2096,0.0333169422418915
3941,7122.150464,2,59510489.216,0.0368102936054254
3942,7122.170464,1,59510509.184,0.0331837646239269
3943,7122.190464,2,59510529.152,0.0367570225582396
3944,7122.210464,1,59510549.1584,0.0332728911836417
3945,7122.230464,2,59510569.1648,0.0368000491732743
3946,7122.250464,1,59510589.12,0.033229864568607
3947,7122.270464,2,59510609.1392,0.0368686868686869
3948,7122.290464,1,59510629.1968,0.0333128444690311
3949,7122.310464,2,59510649.2288,0.03689737127871
3950,7122.330464,1,59510669.184,0.03330260003688
3951,7122.350464,2,59510689.2544,0.0371657754010695
3952,7122.370464,1,59510709.1584,0.0332134734771652
3953,7122.390464,2,59510729.152,0.037424959534493
3954,7122.410464,1,59510749.1712,0.0332841600590079
3955,7122.430464,2,59510769.2416,0.03735222406622
3956,7122.450464,1,59510789.2224,0.0332841600590079
3957,7122.470464,2,59510809.216,0.0374167639887721
3958,7122.490464,1,59510829.1712,0.0331673735324851
3959,7122.510464,2,59510849.1904,0.0373460774069293
3960,7122.530464,1,59510869.312,0.0332493289896941
3961,7122.550464,2,59510889.216,0.0373696396008769
3962,7122.570464,1,59510909.184,0.0331899112832176
3963,7122.590464,2,59510929.1904,0.0373624684983711
3964,7122.610464,1,59510949.184,0.0332677689675661
3965,7122.630464,2,59510969.1648,0.0371872887085869
3966,7122.650464,1,59510989.2352,0.0331991312721536
3967,7122.670464,2,59511009.1776,0.0370387444423955
3968,7122.690464,1,59511029.2224,0.0332524023193394
3969,7122.710464,2,59511049.1904,0.0369506423258959
3970,7122.730464,1,59511069.3376,0.0332882578318684
3971,7122.750464,2,59511089.2544,0.0367744380928965
3972,7122.770464,1,59511109.2224,0.0332001557153687
3973,7122.790464,2,59511129.1904,0.0367385825803676
3974,7122.810464,1,59511149.2096,0.0332616223082755
3975,7122.830464,2,59511169.1776,0.0366853115331817
3976,7122.850464,1,59511189.2864,0.0332810867293626
3977,7122.870464,2,59511209.2416,0.0367478025693036
3978,7122.890464,1,59511229.2352,0.0332442067736185
3979,7122.910464,2,59511249.2032,0.0366935070789026
3980,7122.930464,1,59511269.3248,0.0332841600590079
3981,7122.950464,2,59511289.216,0.0368051713893499
3982,7122.970464,1,59511309.2352,0.0332493289896941
3983,7122.990464,2,59511329.1904,0.0368492224475997
3984,7123.010464,1,59511349.248,0.0332472801032639
3985,7123.030464,2,59511369.3312,0.0369127379269367
3986,7123.050464,1,59511389.2352,0.0332903067182986
3987,7123.070464,2,59511409.2672,0.0369250312455181
3988,7123.090464,1,59511429.248,0.0332605978650603
3989,7123.110464,2,59511449.3184,0.0368840535169136
3990,7123.130464,1,59511469.4016,0.0332985022640195
3991,7123.150464,2,59511489.2544,0.0369004446083554
3992,7123.170464,1,59511509.2736,0.0333066978097404
3993,7123.190464,2,59511529.3696,0.0369567889851866
3994,7123.210464,1,59511549.248,0.033248304546479
3995,7123.230464,2,59511569.2672,0.0368236113672219
3996,7123.250464,1,59511589.2736,0.0332749400700719
3997,7123.270464,2,59511609.2672,0.0368195135943615
3998,7123.290464,1,59511629.4016,0.0332718667404266
3999,7123.310464,2,59511649.28,0.036951666769111
4000,7123.330464,1,59511669.2992,0.0332565000921999
4001,7123.350464,2,59511689.2416,0.0369649845309075
4002,7123.370464,1,59511709.2608,0.033330260003688
4003,7123.390464,2,59511729.2672,0.036915811256582
4004,7123.410464,1,59511749.248,0.033330260003688
4005,7123.430464,2,59511769.2672,0.036915811256582
4006,7123.450464,1,59511789.2864,0.0333599688569263
4007,7123.470464,2,59511809.2544,0.0368922490626345
4008,7123.490464,1,59511829.248,0.0333333333333333
4009,7123.510464,2,59511849.2416,0.0368922490626345
4010,7123.530464,1,59511869.2992,0.0332780133997173
4011,7123.550464,2,59511889.216,0.0368850779601287
4012,7123.570464,1,59511909.2608,0.0332923556047288
4013,7123.590464,2,59511929.2672,0.0368666379822566
4014,7123.610464,1,59511949.248,0.0333230889011822
4015,7123.630464,2,59511969.3056,0.0369465445530354
4016,7123.650464,1,59511989.2992,0.0332903067182986
4017,7123.670464,2,59512009.3312,0.0368543446636753
4018,7123.690464,1,59512029.2864,0.0332790378429324
4019,7123.710464,2,59512049.28,0.0368420513450939
4020,7123.730464,1,59512069.2992,0.0332657200811359
4021,7123.750464,2,59512089.344,0.0366576515663737
4022,7123.770464,1,59512109.312,0.0332114245907349
4023,7123.790464,2,59512129.3056,0.0366556026799435
4024,7123.810464,1,59512149.2992,0.033229864568607
4025,7123.830464,2,59512169.3184,0.0366812137603213
4026,7123.850464,1,59512189.44,0.0332411334439732
4027,7123.870464,2,59512209.3056,0.0367047759542689
4028,7123.890464,1,59512229.44,0.0332554756489848
4029,7123.910464,2,59512249.3056,0.0367539492285943
4030,7123.930464,1,59512269.312,0.03321244903395
4031,7123.950464,2,59512289.3056,0.0369455201098203
4032,7123.970464,1,59512309.312,0.0332052779314443
4033,7123.990464,2,59512329.3312,0.0368871268465589
4034,7124.010464,1,59512349.3248,0.0332083512610896
4035,7124.030464,2,59512369.3696,0.0369229823590878
4036,7124.050464,1,59512389.312,0.0332749400700719
4037,7124.070464,2,59512409.3312,0.0371104554674534
4038,7124.090464,1,59512429.3248,0.0332380601143279
4039,7124.110464,2,59512449.3184,0.0371370909910464
4040,7124.130464,1,59512469.3248,0.03321244903395
4041,7124.150464,2,59512489.3312,0.0374218862048477
4042,7124.170464,1,59512509.4272,0.0332677689675661
4043,7124.190464,2,59512529.3824,0.0377322924990268
4044,7124.210464,1,59512549.3248,0.0332022046017989
4045,7124.230464,2,59512569.3696,0.0378388345933985
4046,7124.250464,1,59512589.3504,0.0332452312168336
4047,7124.270464,2,59512609.344,0.0379146433913168
4048,7124.290464,1,59512629.3504,0.0332626467514906
4049,7124.310464,2,59512649.3824,0.0380508943389268
4050,7124.330464,1,59512669.3632,0.0331561046571189
4051,7124.350464,2,59512689.3696,0.0382742229598213
4052,7124.370464,1,59512709.3632,0.0332442067736185
4053,7124.390464,2,59512729.344,0.0383121273587805
4054,7124.410464,1,59512749.3888,0.0331786424078513
4055,7124.430464,2,59512769.3568,0.0380447476796361
4056,7124.450464,1,59512789.3632,0.0332974778208044
4057,7124.470464,2,59512809.408,0.0378183457290962
4058,7124.490464,1,59512829.3632,0.0331643002028398
4059,7124.510464,2,59512849.3696,0.0376042370971377
4060,7124.530464,1,59512869.4528,0.033194009056078
4061,7124.550464,2,59512889.3824,0.037397299567685
4062,7124.570464,1,59512909.3888,0.0332944044911591
4063,7124.590464,2,59512929.3824,0.037333784088348
4064,7124.610464,1,59512949.376,0.0332472801032639
4065,7124.630464,2,59512969.4848,0.0373348085315631
4066,7124.650464,1,59512989.44,0.0331960579425082
4067,7124.670464,2,59513009.4208,0.03716987317393
4068,7124.690464,1,59513029.4016,0.0332452312168336
4069,7124.710464,2,59513049.4336,0.0371237732292499
4070,7124.730464,1,59513069.4144,0.033203229045014
4071,7124.750464,2,59513089.3952,0.0371022599217325
4072,7124.770464,1,59513109.4144,0.0332288401253919
4073,7124.790464,2,59513129.4336,0.0370121089188026
4074,7124.810464,1,59513149.44,0.0332749400700719
4075,7124.830464,2,59513169.4208,0.0369834245087795
4076,7124.850464,1,59513189.4272,0.0332544512057697
4077,7124.870464,2,59513209.472,0.0368143913782859
4078,7124.890464,1,59513229.5424,0.0332513778761243
4079,7124.910464,2,59513249.4464,0.0368574179933206
4080,7124.930464,1,59513269.4144,0.033203229045014
4081,7124.950464,2,59513289.4464,0.0367764869793267
4082,7124.970464,1,59513309.504,0.0333159177986764
4083,7124.990464,2,59513329.4208,0.0367221914889258
4084,7125.010464,1,59513349.5296,0.0332903067182986
4085,7125.030464,2,59513369.4848,0.0370141578052329
4086,7125.050464,1,59513389.4272,0.0332780133997173
4087,7125.070464,2,59513409.4464,0.0372549019607843
4088,7125.090464,1,59513429.4528,0.0333200155715369
4089,7125.110464,2,59513449.4336,0.0373983240109001
4090,7125.130464,1,59513469.4528,0.0333251377876124
4091,7125.150464,2,59513489.472,0.0372385108693425
4092,7125.170464,1,59513509.4656,0.0332319134550372
4093,7125.190464,2,59513529.4592,0.0371483598664126
4094,7125.210464,1,59513549.504,0.0332503534329092
4095,7125.230464,2,59513569.472,0.0369895711680702
4096,7125.250464,1,59513589.4784,0.0332944044911591
4097,7125.270464,2,59513609.4848,0.0368666379822566
4098,7125.290464,1,59513629.4656,0.0332247423525314
4099,7125.310464,2,59513649.6,0.0368359046858033
4100,7125.330464,1,59513669.4656,0.0331643002028398
4101,7125.350464,2,59513689.5616,0.0368543446636753
4102,7125.370464,1,59513709.4784,0.0332462556600488
4103,7125.390464,2,59513729.4592,0.0367918536275534
4104,7125.410464,1,59513749.4784,0.0332349867846825
4105,7125.430464,2,59513769.5104,0.0367734136496814
4106,7125.450464,1,59513789.4656,0.0333107955826009
4107,7125.470464,2,59513809.5232,0.0368020980597045
4108,7125.490464,1,59513829.4912,0.0332431823304034
4109,7125.510464,2,59513849.5104,0.0366484315774377
4110,7125.530464,1,59513869.5168,0.0332636711947057
4111,7125.550464,2,59513889.5104,0.0367027270678386
4112,7125.570464,1,59513909.5296,0.0332636711947057
4113,7125.590464,2,59513929.5232,0.0368328313561579
4114,7125.610464,1,59513949.5424,0.033220644579671
4115,7125.630464,2,59513969.536,0.0369363001208843
4116,7125.650464,1,59513989.4912,0.0331991312721536
4117,7125.670464,2,59514009.4976,0.0370643555227734
4118,7125.690464,1,59514029.5808,0.033220644579671
4119,7125.710464,2,59514049.5232,0.0369987911570062
4120,7125.730464,1,59514069.5296,0.0333087466961706
4121,7125.750464,2,59514089.5616,0.0371043088081628
4122,7125.770464,1,59514109.504,0.0333159177986764
4123,7125.790464,2,59514129.5232,0.0369147868133669
4124,7125.810464,1,59514150.1696,0.0332698178539964
4125,7125.830464,2,59514169.5744,0.0369127379269367
4126,7125.850464,1,59514189.5936,0.0332903067182986
4127,7125.870464,2,59514209.536,0.0370131333620177
4128,7125.890464,1,59514229.5424,0.0332360112278976
4129,7125.910464,2,59514249.728,0.0368072202757801
4130,7125.930464,1,59514269.504,0.0332831356157928
4131,7125.950464,2,59514289.5232,0.036705800397484
4132,7125.970464,1,59514309.5552,0.0332964533775893
4133,7125.990464,2,59514329.5488,0.0366740426578155
4134,7126.010464,1,59514349.568,0.0333087466961706
4135,7126.030464,2,59514369.5232,0.0366176982809843
4136,7126.050464,1,59514389.5552,0.0332452312168336
4137,7126.070464,2,59514409.5744,0.0367119470567746
4138,7126.090464,1,59514429.5936,0.0332964533775893
4139,7126.110464,2,59514449.5744,0.0367119470567746
4140,7126.130464,1,59514469.5936,0.0333220644579671
4141,7126.150464,2,59514489.5616,0.0366863359763968
4142,7126.170464,1,59514509.6064,0.0332780133997173
4143,7126.190464,2,59514529.5872,0.0366740426578155
4144,7126.210464,1,59514549.5552,0.033239084557543
4145,7126.230464,2,59514569.6128,0.0366535537935132
4146,7126.250464,1,59514589.5936,0.0333189911283218
4147,7126.270464,2,59514609.5744,0.0365941360870367
4148,7126.290464,1,59514629.632,0.0333128444690311
4149,7126.310464,2,59514649.792,0.0367098981703444
4150,7126.330464,1,59514669.76,0.0332626467514906
4151,7126.350464,2,59514689.6384,0.0367959514004139
4152,7126.370464,1,59514709.7216,0.0333374311061938
4153,7126.390464,2,59514729.6256,0.0367508758989489
4154,7126.410464,1,59514749.6064,0.0332329378982523
4155,7126.430464,2,59514769.6512,0.0367826336386174
4156,7126.450464,1,59514789.5936,0.0333292355604729
4157,7126.470464,2,59514809.6128,0.0367682914336058
4158,7126.490464,1,59514829.6448,0.0332790378429324
4159,7126.510464,2,59514849.6,0.0367846825250476
4160,7126.530464,1,59514869.7088,0.0332052779314443
4161,7126.550464,2,59514889.6128,0.0366637982256644
4162,7126.570464,1,59514909.7216,0.0332923556047288
4163,7126.590464,2,59514929.6128,0.0364916917655254
4164,7126.610464,1,59514949.6064,0.0332964533775893
4165,7126.630464,2,59514969.6768,0.0364947650951708
4166,7126.650464,1,59514989.6192,0.0332646956379208
4167,7126.670464,2,59515009.664,0.0366945315221177
4168,7126.690464,1,59515029.632,0.0333456266519147
4169,7126.710464,2,59515049.6256,0.0367385825803676
4170,7126.730464,1,59515069.6448,0.0332493289896941
4171,7126.750464,2,59515089.728,0.036806195832565
4172,7126.770464,1,59515109.632,0.033266744524351
4173,7126.790464,2,59515129.728,0.0367252648185711
4174,7126.810464,1,59515149.696,0.0333384555494089
4175,7126.830464,2,59515169.664,0.0368738090847624
4176,7126.850464,1,59515189.696,0.0333896777101645
4177,7126.870464,2,59515209.6512,0.0368912246194193
4178,7126.890464,1,59515229.6448,0.0331909357264327
4179,7126.910464,2,59515249.6768,0.0368348802425882
4180,7126.930464,1,59515269.6704,0.0332964533775893
4181,7126.950464,2,59515289.6768,0.0368861024033438
4182,7126.970464,1,59515309.6576,0.0332267912389616
4183,7126.990464,2,59515329.6512,0.0370264511238142
4184,7127.010432,1,59515349.7984,0.0332677689675661
4185,7127.030432,2,59515369.6384,0.0369045423812158
4186,7127.050432,1,59515389.6832,0.0332585489786301
4187,7127.070432,2,59515409.7024,0.0369598623148319
4188,7127.090432,1,59515429.76,0.0332749400700719
4189,7127.110432,2,59515449.7152,0.0369629356444772
4190,7127.130432,1,59515469.696,0.0332472801032639
4191,7127.150432,2,59515489.7152,0.0367805847521872
4192,7127.170432,1,59515509.6704,0.0332995267072346
4193,7127.190432,2,59515529.6896,0.0366258938267052
4194,7127.210432,1,59515549.7216,0.0332503534329092
4195,7127.230432,2,59515569.7152,0.0366474071342225
4196,7127.250432,1,59515589.7216,0.03321244903395
4197,7127.270432,2,59515609.6896,0.0365521339152171
4198,7127.290432,1,59515629.7344,0.0332503534329092
4199,7127.310432,2,59515649.7024,0.0365582805745078
4200,7127.330432,1,59515669.8368,0.0332104001475198
4201,7127.350432,2,59515689.7408,0.0366474071342225
4202,7127.370432,1,59515709.7472,0.0332749400700719
4203,7127.390432,2,59515733.7216,0.036651504907083
4204,7127.410432,1,59515749.8112,0.0332216690228861
4205,7127.430432,2,59515769.728,0.0365091073001824
4206,7127.450432,1,59515789.7088,0.0332739156268568
4207,7127.470432,2,59515809.7152,0.0365214006187637
4208,7127.490432,1,59515829.7088,0.0332565000921999
4209,7127.510432,2,59515849.728,0.0366361382588563
4210,7127.530432,1,59515869.76,0.0332175712500256
4211,7127.550432,2,59515889.728,0.0365019361976766
4212,7127.570432,1,59515909.7344,0.03321244903395
4213,7127.590432,2,59515929.7408,0.0367098981703444
4214,7127.610432,1,59515949.7216,0.0332319134550372
4215,7127.630432,2,59515969.7792,0.0368072202757801
4216,7127.650432,1,59515989.7472,0.033257524535415
4217,7127.670432,2,59516009.728,0.0367713647632512
4218,7127.690432,1,59516029.7344,0.0332329378982523
4219,7127.710432,2,59516049.7536,0.0367754625361116
4220,7127.730432,1,59516069.7728,0.0333200155715369
4221,7127.750432,2,59516089.7664,0.0366996537381933
4222,7127.770432,1,59516109.7984,0.0333087466961706
4223,7127.790432,2,59516129.792,0.0367621447743152
4224,7127.810432,1,59516149.76,0.0332892822750835
4225,7127.830432,2,59516169.792,0.0368133669350708
4226,7127.850432,1,59516189.7728,0.0332380601143279
4227,7127.870432,2,59516209.7664,0.0369117134837216
4228,7127.890432,1,59516229.7856,0.033285184502223
4229,7127.910432,2,59516249.8432,0.0368000491732743
4230,7127.930432,1,59516269.7728,0.0332462556600488
4231,7127.950432,2,59516289.7792,0.0368922490626345
4232,7127.970432,1,59516309.7856,0.0333568955272809
4233,7127.990432,2,59516329.7664,0.0369147868133669
4234,7128.010432,1,59516349.7728,0.0333046489233102
4235,7128.030432,2,59516369.8432,0.0368891757329891
4236,7128.050432,1,59516389.7984,0.0332636711947057
4237,7128.070432,2,59516409.792,0.0369024934947856
4238,7128.090432,1,59516429.8112,0.0332380601143279
4239,7128.110432,2,59516449.7792,0.0370008400434364
4240,7128.130432,1,59516469.8624,0.0332862089454381
4241,7128.150432,2,59516489.8176,0.0370489888745467
4242,7128.170432,1,59516509.7984,0.0332749400700719
4243,7128.190432,2,59516529.792,0.0371422132071219
4244,7128.210432,1,59516549.8112,0.0332565000921999
4245,7128.230432,2,59516569.8816,0.0370285000102444
4246,7128.250432,1,59516589.8752,0.0332093757043047
4247,7128.270432,2,59516609.8048,0.0370674288524187
4248,7128.290432,1,59516629.8624,0.0332257667957465
4249,7128.310432,2,59516649.8176,0.0371022599217325
4250,7128.330432,1,59516669.8112,0.0331632757596246
4251,7128.350432,2,59516689.8176,0.037251828631139
4252,7128.370432,1,59516709.824,0.033257524535415
4253,7128.390432,2,59516729.8048,0.0372098264593194
4254,7128.410432,1,59516749.8752,0.0331520068842584
4255,7128.430432,2,59516769.8432,0.0371288954453255
4256,7128.450432,1,59516789.9008,0.0332882578318684
4257,7128.470432,2,59516809.8432,0.0371831909357264
4258,7128.490432,1,59516829.8624,0.0332452312168336
4259,7128.510432,2,59516849.8432,0.0370172311348782
4260,7128.530432,1,59516869.8752,0.0332042534882291
4261,7128.550432,2,59516889.8688,0.0371084065810232
4262,7128.570432,1,59516909.8368,0.033239084557543
4263,7128.590432,2,59516929.9072,0.0370377199991804
4264,7128.610432,1,59516949.8624,0.0332196201364558
4265,7128.630432,2,59516969.8816,0.0370418177720409
4266,7128.650432,1,59516989.9008,0.0332954289343742
4267,7128.670432,2,59517009.8432,0.0370028889298666
4268,7128.690432,1,59517029.824,0.0332042534882291
4269,7128.710432,2,59517049.856,0.0370776732845698
4270,7128.730432,1,59517069.8624,0.0332339623414674
4271,7128.750432,2,59517089.8688,0.0369557645419714
4272,7128.770432,1,59517109.8624,0.0333333333333333
4273,7128.790432,2,59517129.8816,0.0370090355891573
4274,7128.810432,1,59517149.8752,0.0333107955826009
4275,7128.830432,2,59517169.8944,0.037005962259512
4276,7128.850432,1,59517189.888,0.0332841600590079
4277,7128.870432,2,59517209.8816,0.0369465445530354
4278,7128.890432,1,59517230.4512,0.0332267912389616
4279,7128.910432,2,59517249.9072,0.0369137623701518
4280,7128.930432,1,59517269.9008,0.0332442067736185
4281,7128.950432,2,59517289.8944,0.0370131333620177
4282,7128.970432,1,59517309.9136,0.0333066978097404
4283,7128.990432,2,59517329.8816,0.0368850779601287
4284,7129.010432,1,59517349.9136,0.0333200155715369
4285,7129.030432,2,59517369.92,0.0367990247300592
4286,7129.050432,1,59517389.9264,0.0332728911836417
4287,7129.070432,2,59517409.9072,0.0368420513450939
4288,7129.090432,1,59517429.9008,0.0332739156268568
4289,7129.110432,2,59517449.92,0.0368553691068904
4290,7129.130432,1,59517469.9264,0.033266744524351
4291,7129.150432,2,59517489.92,0.0368481980043846
4292,7129.170432,1,59517509.9136,0.0333271866740427
4293,7129.190432,2,59517529.92,0.0368891757329891
4294,7129.210432,1,59517549.9136,0.0332565000921999
4295,7129.230432,2,59517569.92,0.0369690823037679
4296,7129.250432,1,59517589.9264,0.0333179666851066
4297,7129.270432,2,59517609.9072,0.0370674288524187
4298,7129.290432,1,59517629.9392,0.0333159177986764
4299,7129.310432,2,59517649.9328,0.0375233060831438
4300,7129.330432,1,59517669.9264,0.0332677689675661
4301,7129.350432,2,59517689.9584,0.0374894994570451
4302,7129.370432,1,59517709.9392,0.033248304546479
4303,7129.390432,2,59517729.9328,0.0373184174401213
4304,7129.410432,1,59517749.9392,0.0332739156268568
4305,7129.430432,2,59517770.1376,0.0373102218944004
4306,7129.450432,1,59517789.9392,0.0332821111725777
4307,7129.470432,2,59517809.9584,0.037270268609011
4308,7129.490432,1,59517829.9648,0.0333650910730018
4309,7129.510432,2,59517849.9712,0.0374802794681091
4310,7129.530432,1,59517869.9776,0.0332698178539964
4311,7129.550432,2,59517890.0608,0.0377128280779396
4312,7129.570432,1,59517909.9648,0.0332677689675661
4313,7129.590432,2,59517929.9584,0.0376196037453644
4314,7129.610432,1,59517949.952,0.0332821111725777
4315,7129.630432,2,59517970.0352,0.0378296146044625
4316,7129.650432,1,59517989.9648,0.0332677689675661
4317,7129.670432,2,59518009.9712,0.0378142479562358
4318,7129.690432,1,59518029.9776,0.0332155223635954
4319,7129.710432,2,59518049.984,0.0380334788042699
4320,7129.730432,1,59518070.0288,0.0332226934661012
4321,7129.750432,2,59518090.0224,0.0382055852644088
4322,7129.770432,1,59518109.9648,0.0333333333333333
4323,7129.790432,2,59518130.0736,0.0382936873809085
4324,7129.810432,1,59518150.016,0.0332524023193394
4325,7129.830432,2,59518169.984,0.0382393918905075
4326,7129.850432,1,59518190.016,0.0332964533775893
4327,7129.870432,2,59518210.0096,0.0381789497408159
4328,7129.890432,1,59518230.016,0.0332185956932407
4329,7129.910432,2,59518250.0096,0.0383397873255885
4330,7129.930432,1,59518270.0544,0.0332431823304034
4331,7129.950432,2,59518290.0736,0.0382977851537689
4332,7129.970432,1,59518310.016,0.0332360112278976
4333,7129.990432,2,59518329.9968,0.0382148052533448
4334,7130.010432,1,59518350.016,0.0332370356711127
4335,7130.030432,2,59518370.0352,0.0381963652754728
4336,7130.050432,1,59518390.208,0.0332493289896941
4337,7130.070432,2,59518410.048,0.0379259122666831
4338,7130.090432,1,59518430.0544,0.033220644579671
4339,7130.110432,2,59518450.3296,0.037934107812404
4340,7130.130432,1,59518470.272,0.0332923556047288
4341,7130.150432,2,59518490.0224,0.0378654701169914
4342,7130.170432,1,59518510.3616,0.0332616223082755
4343,7130.190432,2,59518530.048,0.0378941545270146
4344,7130.210432,1,59518550.016,0.0332022046017989
4345,7130.230432,2,59518570.0608,0.0378224435019567
4346,7130.250432,1,59518590.144,0.0332267912389616
4347,7130.270432,2,59518610.0608,0.0377937590919335
4348,7130.290432,1,59518630.0544,0.0332462556600488
4349,7130.310432,2,59518650.048,0.0377824902165673
4350,7130.330432,1,59518670.528,0.0332011801585838
4351,7130.350432,2,59518690.048,0.0379597188927818
4352,7130.370432,1,59518710.0544,0.0332411334439732
4353,7130.390432,2,59518730.0736,0.0379576700063515
4354,7130.410432,1,59518750.0672,0.0332144979203803
4355,7130.430432,2,59518770.1248,0.0377497080336837
4356,7130.450432,1,59518790.2336,0.0331970823857234
4357,7130.470432,2,59518810.0864,0.037661605917184
4358,7130.490432,1,59518830.3744,0.0331970823857234
4359,7130.510432,2,59518850.1888,0.0377353658286721
4360,7130.530432,1,59518870.2336,0.0332872333886533
4361,7130.550432,2,59518890.1632,0.0376370192800213
4362,7130.570432,1,59518910.08,0.0332503534329092
4363,7130.590432,2,59518930.0864,0.0376001393242773
4364,7130.610432,1,59518950.144,0.0332493289896941
4365,7130.630432,2,59518970.3424,0.0375898948921261
4366,7130.650432,1,59518990.0928,0.0331899112832176
4367,7130.670432,2,59519010.4064,0.0374003728973303
4368,7130.690432,1,59519030.1312,0.033229864568607
4369,7130.710432,2,59519050.0736,0.0374659372630975
4370,7130.730432,1,59519070.3616,0.0332728911836417
4371,7130.750432,2,59519090.112,0.0374147151023419
4372,7130.770432,1,59519110.3232,0.03321244903395
4373,7130.790432,2,59519130.9056,0.0373686151576618
4374,7130.810432,1,59519150.0928,0.0332903067182986
4375,7130.830432,2,59519170.624,0.0373235396561969
4376,7130.850432,1,59519190.144,0.0332267912389616
4377,7130.870432,2,59519210.1376,0.0373819329194583
4378,7130.890432,1,59519230.4128,0.0332923556047288
4379,7130.910432,2,59519250.1248,0.0373296863154875
4380,7130.930432,1,59519270.1312,0.0332636711947057
4381,7130.950432,2,59519290.1248,0.0374024217837605
4382,7130.970432,1,59519310.1824,0.0332554756489848
4383,7130.990432,2,59519330.112,0.0374106173294814
4384,7131.010432,1,59519350.1312,0.033239084557543
4385,7131.030432,2,59519370.304,0.0374003728973303
4386,7131.050432,1,59519390.9504,0.0332073268178745
4387,7131.070432,2,59519410.1376,0.0373020263486795
4388,7131.090432,1,59519430.144,0.0332155223635954
4389,7131.110432,2,59519450.1248,0.0374423750691499
4390,7131.130432,1,59519470.528,0.0332605978650603
4391,7131.150432,2,59519490.2144,0.037661605917184
4392,7131.170432,1,59519510.4512,0.0332718667404266
4393,7131.190432,2,59519530.1632,0.0377036080890036
4394,7131.210432,1,59519550.1568,0.0332605978650603
4395,7131.230432,2,59519570.1632,0.0377917102055033
4396,7131.250432,1,59519590.1568,0.033248304546479
4397,7131.270432,2,59519610.1632,0.0378931300837995
4398,7131.290432,1,59519630.5152,0.0332185956932407
4399,7131.310432,2,59519650.3168,0.0377814657733522
4400,7131.330432,1,59519670.144,0.03330260003688
4401,7131.350432,2,59519690.4832,0.0376196037453644
4402,7131.370432,1,59519710.4256,0.0332831356157928
4403,7131.390432,2,59519730.1632,0.0376329215071609
4404,7131.410432,1,59519750.4256,0.0332175712500256
4405,7131.430432,2,59519770.176,0.0377599524658348
4406,7131.450432,1,59519790.2848,0.0332769889565021
4407,7131.470432,2,59519810.1888,0.0377722457844162
4408,7131.490432,1,59519830.208,0.0333446022086996
4409,7131.510432,2,59519850.3168,0.0381809986272461
4410,7131.530432,1,59519870.2336,0.0331806912942816
4411,7131.550432,2,59519890.6752,0.0383920339295593
4412,7131.570432,1,59519910.528,0.0332544512057697
4413,7131.590432,2,59519930.2016,0.0384043272481406
4414,7131.610432,1,59519950.1824,0.0333251377876124
4415,7131.630432,2,59519970.2016,0.0383858872702686
4416,7131.650432,1,59519990.208,0.0332872333886533
4417,7131.670432,2,59520010.1632,0.0381687053086647
4418,7131.690432,1,59520030.4896,0.0332226934661012
4419,7131.710432,2,59520050.1888,0.038006843280677
4420,7131.730432,1,59520070.3488,0.0332267912389616
4421,7131.750432,2,59520090.688,0.0378101501833753
4422,7131.770432,1,59520110.2464,0.0333015755936648
4423,7131.790432,2,59520130.2272,0.0376759481221956
4424,7131.810432,1,59520150.3104,0.0333220644579671
4425,7131.830432,2,59520170.2656,0.0378726412194972
4426,7131.850432,1,59520190.4128,0.0332452312168336
4427,7131.870432,2,59520210.2528,0.0378019546376544
4428,7131.890432,1,59520230.272,0.0332728911836417
4429,7131.910432,2,59520250.2528,0.0377322924990268
4430,7131.930432,1,59520270.72,0.0332646956379208
4431,7131.950432,2,59520290.2528,0.0378019546376544
4432,7131.970432,1,59520310.2592,0.0332687934107812
4433,7131.990432,2,59520330.2656,0.0377999057512242
4434,7132.010432,1,59520350.5536,0.0332380601143279
4435,7132.030432,2,59520370.2912,0.0378091257401602
4436,7132.050432,1,59520390.2592,0.0332892822750835
4437,7132.070432,2,59520410.2528,0.0378951789702297
4438,7132.090432,1,59520430.272,0.0332380601143279
4439,7132.110432,2,59520450.7776,0.037889032310939
4440,7132.130432,1,59520470.272,0.033275964513287
4441,7132.150432,2,59520490.2656,0.037952547790276
4442,7132.170432,1,59520510.2464,0.0332216690228861
4443,7132.190432,2,59520530.2912,0.0379207900506075
4444,7132.210432,1,59520550.2208,0.0333087466961706
4445,7132.230432,2,59520570.3168,0.0377322924990268
4446,7132.250432,1,59520590.2976,0.0332052779314443
4447,7132.270432,2,59520610.2656,0.0376759481221956
4448,7132.290432,1,59520630.2976,0.0332749400700719
4449,7132.310432,2,59520650.4448,0.0379464011309853
4450,7132.330432,1,59520670.4,0.0331919601696478
4451,7132.350432,2,59520690.4832,0.0382731985166062
4452,7132.370432,1,59520710.2848,0.0332626467514906
4453,7132.390432,2,59520730.2784,0.0384955026942857
4454,7132.410432,1,59520750.2976,0.0332288401253919
4455,7132.430432,2,59520770.368,0.0387915667834532
4456,7132.450432,1,59520790.8352,0.0332923556047288
4457,7132.470432,2,59520810.304,0.0386665847112095
4458,7132.490432,1,59520830.2848,0.0332493289896941
4459,7132.510432,2,59520850.368,0.0383018829266294
4460,7132.530432,1,59520870.5536,0.0333159177986764
4461,7132.550432,2,59520890.3168,0.0380724076464442
4462,7132.570432,1,59520910.3104,0.0332052779314443
4463,7132.590432,2,59520930.304,0.0380488454524966
4464,7132.610432,1,59520950.3232,0.033184789067142
4465,7132.630432,2,59520970.6112,0.037870592333067
4466,7132.650432,1,59520990.3104,0.0332595734218452
4467,7132.670432,2,59521010.6496,0.0378285901612474
4468,7132.690432,1,59521030.336,0.0332616223082755
4469,7132.710432,2,59521050.3296,0.0379648411088573
4470,7132.730432,1,59521071.0016,0.0333148933554613
4471,7132.750432,2,59521090.8032,0.0380908476243162
4472,7132.770432,1,59521110.3488,0.0332308890118221
4473,7132.790432,2,59521130.3424,0.0381492408875776
4474,7132.810432,1,59521150.336,0.0332933800479439
4475,7132.830432,2,59521170.3424,0.0382680763005307
4476,7132.850432,1,59521190.3488,0.0332472801032639
4477,7132.870432,2,59521210.3424,0.0387669801462905
4478,7132.890432,1,59521230.3488,0.033239084557543
4479,7132.910432,2,59521250.368,0.038826397852767
4480,7132.930432,1,59521270.7328,0.033321040014752
4481,7132.950432,2,59521290.368,0.0388458622738542
4482,7132.970432,1,59521310.3744,0.0333312844469031
4483,7132.990432,2,59521330.3168,0.0387946401130985
4484,7133.010432,1,59521350.3872,0.0333107955826009
4485,7133.030432,2,59521370.7776,0.0387577601573545
4486,7133.050432,1,59521390.4,0.0333251377876124
4487,7133.070432,2,59521410.3808,0.0388765955703075
4488,7133.090432,1,59521430.3744,0.0332657200811359
4489,7133.110432,2,59521450.3552,0.03871678242875
4490,7133.130432,1,59521470.4256,0.0332616223082755
4491,7133.150432,2,59521490.6368,0.0386471202901223
4492,7133.170432,1,59521510.7072,0.0332308890118221
4493,7133.190432,2,59521530.4192,0.0387147335423197
4494,7133.210432,1,59521550.4768,0.0332155223635954
4495,7133.230432,2,59521570.5856,0.0387567357141394
4496,7133.250432,1,59521591.1168,0.033275964513287
4497,7133.270432,2,59521610.3936,0.0391122175097834
4498,7133.290432,1,59521630.4128,0.0332493289896941
4499,7133.310432,2,59521650.7008,0.0392669084352654
4500,7133.330432,1,59521670.8864,0.0332216690228861
4501,7133.350432,2,59521690.4064,0.0390466531440162
4502,7133.370432,1,59521710.4128,0.0332800622861475
4503,7133.390432,2,59521730.4064,0.0388981088778249
4504,7133.410432,1,59521750.3872,0.0332790378429324
4505,7133.430432,2,59521770.4192,0.0387341979634069
4506,7133.450432,1,59521790.4128,0.0332708422972115
4507,7133.470432,2,59521810.432,0.038735222406622
4508,7133.490432,1,59521830.4,0.0333077222529555
4509,7133.510432,2,59521850.5088,0.038690146905157
4510,7133.530432,1,59521870.4512,0.0332616223082755
4511,7133.550432,2,59521890.9568,0.0385477492982564
4512,7133.570432,1,59521910.4384,0.0332380601143279
4513,7133.590432,2,59521930.432,0.0385231626610937
4514,7133.610432,1,59521950.5664,0.0332226934661012
4515,7133.630432,2,59521970.432,0.0385047226832217
4516,7133.650432,1,59521990.4384,0.0331776179646362
4517,7133.670432,2,59522010.432,0.0383992050320651
4518,7133.690432,1,59522030.7072,0.0332646956379208
4519,7133.710432,2,59522050.6112,0.0383100784723503
4520,7133.730432,1,59522070.4896,0.0333015755936648
4521,7133.750432,2,59522090.4448,0.0382014874915483
4522,7133.770432,1,59522110.4128,0.0332247423525314
4523,7133.790432,2,59522130.6752,0.038062163214293
4524,7133.810432,1,59522150.7584,0.0332595734218452
4525,7133.830432,2,59522170.4704,0.0380857254082406
4526,7133.850432,1,59522190.464,0.0332595734218452
4527,7133.870432,2,59522210.4576,0.0379146433913168
4528,7133.890432,1,59522230.4896,0.0333046489233102
4529,7133.910432,2,59522250.4704,0.0378060524105149
4530,7133.930432,1,59522270.528,0.0332708422972115
4531,7133.950432,2,59522290.5216,0.0377568791361895
4532,7133.970432,1,59522310.5024,0.0332831356157928
4533,7133.990432,2,59522330.4704,0.0377415124879628
4534,7134.010432,1,59522350.4768,0.0333056733665253
4535,7134.030432,2,59522370.496,0.0375417460610158
4536,7134.050432,1,59522390.4768,0.033229864568607
4537,7134.070432,2,59522410.4832,0.0374894994570451
4538,7134.090432,1,59522430.4896,0.0332800622861475
4539,7134.110432,2,59522450.4704,0.0376370192800213
4540,7134.130432,1,59522470.5024,0.0332800622861475
4541,7134.150432,2,59522490.5088,0.0377097547482943
4542,7134.170432,1,59522510.7328,0.0332872333886533
4543,7134.190432,2,59522530.5088,0.0377486835904686
4544,7134.210432,1,59522550.5024,0.0332677689675661
4545,7134.230432,2,59522570.5728,0.037743561374393
4546,7134.250432,1,59522590.528,0.0332196201364558
4547,7134.270432,2,59522610.496,0.0377917102055033
4548,7134.290432,1,59522630.5152,0.0332954289343742
4549,7134.310432,2,59522650.6752,0.0378050279672998
4550,7134.330432,1,59522670.5152,0.0332165468068105
4551,7134.350432,2,59522690.5216,0.0378337123773229
4552,7134.370432,1,59522710.5152,0.0332554756489848
4553,7134.390432,2,59522730.7136,0.037889032310939
4554,7134.410432,1,59522750.5792,0.033285184502223
4555,7134.430432,2,59522770.5344,0.0378244923883869
4556,7134.450432,1,59522790.6688,0.0332493289896941
4557,7134.470432,2,59522811.1104,0.037743561374393
4558,7134.490432,1,59522830.592,0.0332657200811359
4559,7134.510432,2,59522850.5344,0.0379330833691888
4560,7134.530432,1,59522870.6816,0.033229864568607
4561,7134.550432,2,59522890.5344,0.0379484500174155
4562,7134.570432,1,59522910.7584,0.0332308890118221
4563,7134.590432,2,59522930.5088,0.0378757145491425
4564,7134.610432,1,59522950.6176,0.0332524023193394
4565,7134.630432,2,59522970.9568,0.0377476591472535
4566,7134.650432,1,59522990.6176,0.0332462556600488
4567,7134.670432,2,59523010.8032,0.0376657036900445
4568,7134.690432,1,59523030.5664,0.0332503534329092
4569,7134.710432,2,59523050.5472,0.0375355994017252
4570,7134.730432,1,59523070.5664,0.0332472801032639
4571,7134.750432,2,59523090.56,0.0376267748478702
4572,7134.770432,1,59523110.592,0.0332810867293626
4573,7134.790432,2,59523130.5984,0.0375878460056959
4574,7134.810432,1,59523150.592,0.0332698178539964
4575,7134.830432,2,59523170.5856,0.0375683815846088
4576,7134.850432,1,59523190.6432,0.0331929846128629
4577,7134.870432,2,59523210.752,0.037633945950376
4578,7134.890432,1,59523230.592,0.0332144979203803
4579,7134.910432,2,59523250.5984,0.0376206281885795
4580,7134.930432,1,59523270.7328,0.033239084557543
4581,7134.950432,2,59523290.5984,0.0376441903825271
4582,7134.970432,1,59523310.592,0.0332196201364558
4583,7134.990432,2,59523330.56,0.0374239350912779
4584,7135.010432,1,59523350.592,0.0332411334439732
4585,7135.030432,2,59523370.624,0.037479255024894
4586,7135.050432,1,59523390.5664,0.0333230889011822
4587,7135.070432,2,59523410.8416,0.0375581371524576
4588,7135.090432,1,59523430.592,0.0332718667404266
4589,7135.110432,2,59523450.8288,0.0375212571967136
4590,7135.130432,1,59523470.8352,0.0333323088901182
4591,7135.150432,2,59523490.6112,0.0374925727866904
4592,7135.170432,1,59523510.592,0.0332780133997173
4593,7135.190432,2,59523530.6112,0.0375386727313705
4594,7135.210432,1,59523550.6176,0.0331858135103571
4595,7135.230432,2,59523570.7776,0.0374454483987953
4596,7135.250432,1,59523590.6688,0.0332370356711127
4597,7135.270432,2,59523610.6368,0.0374311061937837
4598,7135.290432,1,59523630.656,0.0332780133997173
4599,7135.310432,2,59523650.624,0.0374915483434753
4600,7135.330432,1,59523670.6432,0.0332093757043047
4601,7135.350432,2,59523690.6368,0.0375099883213473
4602,7135.370432,1,59523710.9504,0.0333364066629787
4603,7135.390432,2,59523730.624,0.037680045895056
4604,7135.410432,1,59523750.6688,0.0332462556600488
4605,7135.430432,2,59523770.6496,0.0375776015735448
4606,7135.450432,1,59523790.6816,0.0332769889565021
4607,7135.470432,2,59523810.6624,0.0376575081443236
4608,7135.490432,1,59523830.7072,0.0332800622861475
4609,7135.510432,2,59523850.6496,0.0377589280226197
4610,7135.530432,1,59523870.8352,0.0332329378982523
4611,7135.550432,2,59523890.8544,0.0376790214518409
4612,7135.570432,1,59523910.6816,0.033339479992624
4613,7135.590432,2,59523930.688,0.0377568791361895
4614,7135.610432,1,59523950.6688,0.0332964533775893
4615,7135.630432,2,59523970.7136,0.0377548302497593
4616,7135.650432,1,59523990.848,0.0331950334992931
4617,7135.670432,2,59524010.7008,0.0377148769643699
4618,7135.690432,1,59524030.6944,0.0332677689675661
4619,7135.710432,2,59524050.8416,0.037661605917184
4620,7135.730432,1,59524070.8864,0.0333405044358391
4621,7135.750432,2,59524090.7392,0.0376913147704223
4622,7135.770432,1,59524110.6688,0.0332472801032639
4623,7135.790432,2,59524130.7264,0.0376575081443236
4624,7135.810432,1,59524150.7072,0.0332985022640195
4625,7135.830432,2,59524170.7136,0.0378593234577007
4626,7135.850432,1,59524190.7968,0.0332657200811359
4627,7135.870432,2,59524210.688,0.0379965988485258
4628,7135.890432,1,59524230.72,0.0332544512057697
4629,7135.910432,2,59524250.7008,0.0378439568094741
4630,7135.930432,1,59524270.7072,0.0332985022640195
4631,7135.950432,2,59524290.7136,0.0376790214518409
4632,7135.970432,1,59524310.72,0.0332698178539964
4633,7135.990432,2,59524330.6752,0.037588870448911
4634,7136.010432,1,59524350.7072,0.0332349867846825
4635,7136.030432,2,59524370.7264,0.0374597906038068
4636,7136.050432,1,59524390.6944,0.033275964513287
4637,7136.070432,2,59524410.752,0.0373788595898129
4638,7136.090432,1,59524430.72,0.033257524535415
4639,7136.110432,2,59524450.688,0.0376103837564284
4640,7136.130432,1,59524470.7712,0.033266744524351
4641,7136.150432,2,59524490.88,0.0376175548589342
4642,7136.170432,1,59524511.04,0.0332769889565021
4643,7136.190432,2,59524530.7392,0.0374352039666441
4644,7136.210432,1,59524550.7328,0.0333077222529555
4645,7136.230432,2,59524570.7776,0.0373102218944004
4646,7136.250432,1,59524590.7456,0.0332708422972115
4647,7136.270432,2,59524611.4176,0.037424959534493
4648,7136.290432,1,59524631.04,0.0332595734218452
4649,7136.310432,2,59524650.752,0.0373665662712316
4650,7136.330432,1,59524670.7072,0.0333005511504497
4651,7136.350432,2,59524690.8416,0.0374382772962895
4652,7136.370432,1,59524710.7584,0.0333425533222693
4653,7136.390432,2,59524730.7392,0.0374690105927428
4654,7136.410432,1,59524750.784,0.0333005511504497
4655,7136.430432,2,59524770.752,0.0374208617616326
4656,7136.450432,1,59524790.784,0.0332728911836417
4657,7136.470432,2,59524810.8288,0.0373542729526502
4658,7136.490432,1,59524830.784,0.0333517733112054
4659,7136.510432,2,59524850.9056,0.0373173929969062
4660,7136.530432,1,59524870.8352,0.0333835310508738
4661,7136.550432,2,59524890.752,0.0373317352019178
4662,7136.570432,1,59524910.7712,0.0333251377876124
4663,7136.590432,2,59524930.7776,0.0374618394902371
4664,7136.610432,1,59524950.7712,0.0333353822197636
4665,7136.630432,2,59524970.816,0.0375325260720798
4666,7136.650432,1,59524990.8096,0.0332718667404266
4667,7136.670432,2,59525010.8544,0.0375806749031901
4668,7136.690432,1,59525030.7968,0.0332892822750835
4669,7136.710432,2,59525050.8288,0.0376298481775155
4670,7136.730432,1,59525070.7584,0.0332677689675661
4671,7136.750432,2,59525090.8288,0.0376698014629049
4672,7136.770432,1,59525110.8096,0.0333241133443973
4673,7136.790432,2,59525130.8288,0.0375601860388879
4674,7136.810432,1,59525151.4752,0.033321040014752
4675,7136.830432,2,59525170.8032,0.0375192083102834
4676,7136.850432,1,59525190.8096,0.0333271866740427
4677,7136.870432,2,59525210.816,0.0376933636568525
4678,7136.890432,1,59525231.3088,0.03330260003688
4679,7136.910432,2,59525251.008,0.0376687770196898
4680,7136.930432,1,59525270.848,0.0332933800479439
4681,7136.950432,2,59525290.8544,0.0375304771856496
4682,7136.970432,1,59525310.9376,0.0332216690228861
4683,7136.990432,2,59525330.816,0.0374567172741615
4684,7137.010432,1,59525350.848,0.0333097711393857
4685,7137.030432,2,59525370.8416,0.0372620730632901
4686,7137.050432,1,59525390.784,0.0333046489233102
4687,7137.070432,2,59525410.8544,0.0373409551908538
4688,7137.090432,1,59525430.8224,0.0332872333886533
4689,7137.110432,2,59525455.936,0.0374761816952486
4690,7137.130432,1,59525471.104,0.0333097711393857
4691,7137.150432,2,59525490.8544,0.0376165304157191
4692,7137.170432,1,59525510.8352,0.0332431823304034
4693,7137.190432,2,59525530.8544,0.0377691724547708
4694,7137.210432,1,59525550.848,0.0332698178539964
4695,7137.230432,2,59525570.8928,0.0378572745712705
4696,7137.250432,1,59525590.8736,0.033229864568607
4697,7137.270432,2,59525610.8672,0.0381051898293278
4698,7137.290432,1,59525630.8864,0.0332790378429324
4699,7137.310432,2,59525650.88,0.0382742229598213
4700,7137.330432,1,59525670.8736,0.0332288401253919
4701,7137.350432,2,59525690.8672,0.038088798737886
4702,7137.370432,1,59525710.8352,0.03330260003688
4703,7137.390432,2,59525730.8672,0.0379955744053107
4704,7137.410432,1,59525750.912,0.03330260003688
4705,7137.430432,2,59525770.9056,0.0378378101501834
4706,7137.450432,1,59525790.8992,0.0334009465855308
4707,7137.470432,2,59525810.9184,0.037643165939312
4708,7137.490432,1,59525830.8864,0.0333200155715369
4709,7137.510432,2,59525850.8928,0.0375591615956728
4710,7137.530432,1,59525870.9376,0.0332513778761243
4711,7137.550432,2,59525890.88,0.0375694060278239
4712,7137.570432,1,59525910.8992,0.0332626467514906
4713,7137.590432,2,59525930.9056,0.0375663326981785
4714,7137.610432,1,59525950.8992,0.0331909357264327
4715,7137.630432,2,59525970.9312,0.0375110127645625
4716,7137.650432,1,59525990.9376,0.0332237179093163
4717,7137.670432,2,59526011.4944,0.0373778351465978
4718,7137.690432,1,59526030.912,0.0332565000921999
4719,7137.710432,2,59526050.9056,0.0373112463376155
4720,7137.730432,1,59526071.0144,0.0332022046017989
4721,7137.750432,2,59526090.944,0.0373225152129817
4722,7137.770432,1,59526110.9632,0.0332513778761243
4723,7137.790432,2,59526130.944,0.0372446575286332
4724,7137.810432,1,59526150.912,0.0332944044911591
4725,7137.830432,2,59526170.9824,0.0371596287417788
4726,7137.850432,1,59526190.9632,0.0332452312168336
4727,7137.870432,2,59526210.9568,0.0371094310242383
4728,7137.890432,1,59526230.8992,0.0332165468068105
4729,7137.910432,2,59526250.944,0.0370797221710001
4730,7137.930432,1,59526270.9632,0.0332329378982523
4731,7137.950432,2,59526290.9312,0.0374761816952486
4732,7137.970432,1,59526310.9504,0.0332790378429324
4733,7137.990432,2,59526330.9184,0.0376872169975618
4734,7138.010432,1,59526350.9504,0.0333497244247751
4735,7138.030432,2,59526370.9824,0.0378060524105149
4736,7138.050432,1,59526390.9504,0.0332780133997173
4737,7138.070432,2,59526410.9568,0.03798942774602
4738,7138.090432,1,59526430.9632,0.0332800622861475
4739,7138.110432,2,59526450.9312,0.0380908476243162
4740,7138.130432,1,59526470.9376,0.0332339623414674
4741,7138.150432,2,59526490.9696,0.0381809986272461
4742,7138.170432,1,59526510.976,0.0332944044911591
4743,7138.190432,2,59526530.9952,0.0382117319236995
4744,7138.210432,1,59526550.9632,0.0332862089454381
4745,7138.230432,2,59526571.0208,0.038271149630176
4746,7138.250432,1,59526590.9376,0.0333097711393857
4747,7138.270432,2,59526610.9568,0.0381871452865368
4748,7138.290432,1,59526631.0016,0.0332421578871883
4749,7138.310432,2,59526650.9952,0.0380519187821419
4750,7138.330432,1,59526671.0272,0.033339479992624
4751,7138.350432,2,59526691.008,0.0379228389370377
4752,7138.370432,1,59526710.9888,0.0332175712500256
4753,7138.390432,2,59526730.944,0.0379330833691888
4754,7138.410432,1,59526750.9632,0.0331960579425082
4755,7138.430432,2,59526770.9824,0.037898252299875
4756,7138.450432,1,59526791.04,0.0332339623414674
4757,7138.470432,2,59526810.9696,0.0379279611531133
4758,7138.490432,1,59526831.0016,0.0332401090007581
4759,7138.510432,2,59526851.008,0.0379638166656422
4760,7138.530432,1,59526871.04,0.0332677689675661
4761,7138.550432,2,59526891.264,0.038062163214293
4762,7138.570432,1,59526911.04,0.0332821111725777
4763,7138.590432,2,59526930.9952,0.038153338660438
4764,7138.610432,1,59526951.0016,0.0332247423525314
4765,7138.630432,2,59526971.0208,0.0381287520232753
4766,7138.650432,1,59526991.04,0.0332278156821767
4767,7138.670432,2,59527011.0208,0.0382230007990657
4768,7138.690432,1,59527031.0272,0.0332411334439732
4769,7138.710432,2,59527051.0208,0.0386040936750876
4770,7138.730432,1,59527071.1168,0.0333230889011822
4771,7138.750432,2,59527091.712,0.0386850246890815
4772,7138.770432,1,59527111.0144,0.0332933800479439
4773,7138.790432,2,59527131.0976,0.038917573298912
4774,7138.810432,1,59527151.04,0.0332011801585838
4775,7138.830432,2,59527170.9824,0.0391060708504928
4776,7138.850432,1,59527191.0272,0.0332308890118221
4777,7138.870432,2,59527211.0592,0.0394000860532301
4778,7138.890432,1,59527231.04,0.0331981068289385
4779,7138.910432,2,59527251.392,0.0398170344417809
4780,7138.930432,1,59527271.2704,0.0332954289343742
4781,7138.950432,2,59527291.072,0.0399389431843793
4782,7138.970432,1,59527311.0656,0.0332421578871883
4783,7138.990432,2,59527331.072,0.0398324010900076
4784,7139.010432,1,59527351.0912,0.0332360112278976
4785,7139.030432,2,59527371.2512,0.0398938676829143
4786,7139.050432,1,59527391.0784,0.0332185956932407
4787,7139.070432,2,59527411.0848,0.0401766140102854
4788,7139.090432,1,59527431.0656,0.0331540557706886
4789,7139.110432,2,59527451.0464,0.0403968693015346
4790,7139.130432,1,59527471.168,0.033239084557543
4791,7139.150432,2,59527491.0848,0.0403569160161452
4792,7139.170432,1,59527511.0912,0.0331806912942816
4793,7139.190432,2,59527531.0976,0.0404378470301391
4794,7139.210432,1,59527551.0528,0.0331776179646362
4795,7139.230432,2,59527571.0848,0.0403231093900465
4796,7139.250432,1,59527591.1168,0.0331817157374967
4797,7139.270432,2,59527611.648,0.0400301186305243
4798,7139.290432,1,59527631.5776,0.0331325424631713
4799,7139.310432,2,59527651.0848,0.0399666031511873
4800,7139.330432,1,59527671.0912,0.0331612268731944
4801,7139.350432,2,59527691.1104,0.0399420165140246
4802,7139.370432,1,59527711.1168,0.033112053598869
4803,7139.390432,2,59527731.8144,0.0400229475280185
4804,7139.410432,1,59527751.2576,0.0332257667957465
4805,7139.430432,2,59527771.1488,0.0400690474726986
4806,7139.450432,1,59527792.5248,0.0332185956932407
4807,7139.470432,2,59527811.52,0.0401264162927449
4808,7139.490432,1,59527831.616,0.0331929846128629
4809,7139.510432,2,59527851.4688,0.0400608519269777
4810,7139.530432,1,59527871.8976,0.0332657200811359
4811,7139.550432,2,59527891.1104,0.0400557297109021
4812,7139.570432,1,59527911.7056,0.0331981068289385
4813,7139.590432,2,59527931.1232,0.0396920523695371
4814,7139.610432,1,59527951.1296,0.0332401090007581
4815,7139.630432,2,59527971.2,0.0393867682914336
4816,7139.650432,1,59527991.1424,0.0332226934661012
4817,7139.670432,2,59528011.1232,0.0394953592722355
4818,7139.690432,1,59528031.2064,0.0331694224189153
4819,7139.710432,2,59528051.1488,0.0391531952383879
4820,7139.730432,1,59528071.7696,0.0331602024299793
4821,7139.750432,2,59528091.1616,0.0389708443460979
4822,7139.770432,1,59528111.7056,0.0332155223635954
4823,7139.790432,2,59528131.1744,0.0387526379412789
4824,7139.810432,1,59528151.1552,0.03321244903395
4825,7139.830432,2,59528171.2384,0.0385457004118262
4826,7139.850432,1,59528191.1808,0.033239084557543
4827,7139.870432,2,59528211.1744,0.0383592517466757
4828,7139.890432,1,59528231.1936,0.0332349867846825
4829,7139.910432,2,59528251.1744,0.0383213473477165
4830,7139.930432,1,59528271.1936,0.0332380601143279
4831,7139.950432,2,59528291.1744,0.0383582273034606
4832,7139.970432,1,59528311.1808,0.0332288401253919
4833,7139.990432,2,59528331.2128,0.0383049562562747
4834,7140.010432,1,59528351.2064,0.0332267912389616
4835,7140.030432,2,59528371.2,0.0381922675026123
4836,7140.050432,1,59528391.1808,0.0332134734771652
4837,7140.070432,2,59528411.2,0.0381400208986416
4838,7140.090432,1,59528431.1936,0.0331427868953224
4839,7140.110432,2,59528451.1744,0.0381236298071998
4840,7140.130432,1,59528471.1936,0.0332790378429324
4841,7140.150432,2,59528491.264,0.0381277275800602
4842,7140.170432,1,59528511.168,0.033229864568607
4843,7140.190432,2,59528531.5456,0.0382045608211937
4844,7140.210432,1,59528551.5648,0.0332339623414674
4845,7140.230432,2,59528571.2128,0.0382178785829901
4846,7140.250432,1,59528591.232,0.033220644579671
4847,7140.270432,2,59528611.1616,0.0383377384391583
4848,7140.290432,1,59528631.2448,0.0332687934107812
4849,7140.310432,2,59528651.1872,0.0383930583727744
4850,7140.330432,1,59528671.2192,0.033184789067142
4851,7140.350432,2,59528691.2,0.0384545249656812
4852,7140.370432,1,59528711.232,0.0332339623414674
4853,7140.390432,2,59528731.2384,0.0384606716249718
4854,7140.410432,1,59528751.2832,0.0332472801032639
4855,7140.430432,2,59528771.2256,0.0384207183395824
4856,7140.450432,1,59528791.2576,0.0332954289343742
4857,7140.470432,2,59528811.2256,0.0382588563115947
4858,7140.490432,1,59528831.2448,0.0332944044911591
4859,7140.510432,2,59528851.2384,0.0382301719015715
4860,7140.530432,1,59528871.2448,0.0331817157374967
4861,7140.550432,2,59528891.2768,0.0381359231257811
4862,7140.570432,1,59528911.3088,0.0332503534329092
4863,7140.590432,2,59528931.2128,0.0382301719015715
4864,7140.610432,1,59528951.232,0.0332657200811359
4865,7140.630432,2,59528971.2512,0.0382373430040773
4866,7140.650432,1,59528991.2448,0.0332155223635954
4867,7140.670432,2,59529011.648,0.0381676808654496
4868,7140.690432,1,59529031.2448,0.0332114245907349
4869,7140.710432,2,59529051.264,0.0380211854856885
4870,7140.730432,1,59529071.2832,0.033194009056078
4871,7140.750432,2,59529091.6224,0.0380724076464442
4872,7140.770432,1,59529111.2832,0.0332165468068105
4873,7140.790432,2,59529131.2768,0.0380580654414326
4874,7140.810432,1,59529151.3088,0.0333323088901182
4875,7140.830432,2,59529172.7744,0.0379125945048866
4876,7140.850432,1,59529191.3216,0.0332216690228861
4877,7140.870432,2,59529211.3152,0.037879812322003
4878,7140.890432,1,59529231.2832,0.0332636711947057
4879,7140.910432,2,59529251.3152,0.0377261458397361
4880,7140.930432,1,59529271.4112,0.0332257667957465
4881,7140.950432,2,59529291.3024,0.0376318970639457
4882,7140.970432,1,59529311.296,0.0332462556600488
4883,7140.990432,2,59529331.2768,0.0376124326428586
4884,7141.010432,1,59529351.3088,0.0332503534329092
4885,7141.030432,2,59529371.4944,0.0376718503493351
4886,7141.050432,1,59529391.7824,0.033257524535415
4887,7141.070432,2,59529411.328,0.0376820947814863
4888,7141.090432,1,59529431.3216,0.0332524023193394
4889,7141.110432,2,59529451.3024,0.0375950171082017
4890,7141.130432,1,59529471.5392,0.0333292355604729
4891,7141.150432,2,59529491.5584,0.0375950171082017
4892,7141.170432,1,59529511.5136,0.0332319134550372
4893,7141.190432,2,59529531.328,0.0375233060831438
4894,7141.210432,1,59529551.3472,0.0332442067736185
4895,7141.230432,2,59529571.4048,0.0374956461163358
4896,7141.250432,1,59529591.36,0.0332882578318684
4897,7141.270432,2,59529611.2768,0.0376534103714631
4898,7141.290432,1,59529631.8208,0.0332769889565021
4899,7141.310432,2,59529651.8656,0.0377374147151023
4900,7141.330432,1,59529671.5008,0.0332370356711127
4901,7141.350432,2,59529691.3408,0.0376237015182248
4902,7141.370432,1,59529711.3856,0.0331673735324851
4903,7141.390432,2,59529731.328,0.0375970659946319
4904,7141.410432,1,59529751.7312,0.0332882578318684
4905,7141.430432,2,59529772.0064,0.0376698014629049
4906,7141.450432,1,59529791.3472,0.0332718667404266
4907,7141.470432,2,59529811.3664,0.0378869834245088
4908,7141.490432,1,59529831.3472,0.0333077222529555
4909,7141.510432,2,59529851.5328,0.0379638166656422
4910,7141.530432,1,59529871.3344,0.0332718667404266
4911,7141.550432,2,59529891.4176,0.0380693343167988
4912,7141.570432,1,59529911.3728,0.0332513778761243
4913,7141.590432,2,59529931.3792,0.0381328497961358
4914,7141.610432,1,59529951.36,0.033203229045014
4915,7141.630432,2,59529971.4432,0.0381738275247403
4916,7141.650432,1,59529991.424,0.0332349867846825
4917,7141.670432,2,59530011.4304,0.0383725695084721
4918,7141.690432,1,59530031.7952,0.0332821111725777
4919,7141.710432,2,59530053.248,0.0384903804782101
4920,7141.730432,1,59530072.384,0.0332421578871883
4921,7141.750432,2,59530093.12,0.0385323826500297
4922,7141.770432,1,59530111.3728,0.0332442067736185
4923,7141.790432,2,59530133.4528,0.0384248161124429
4924,7141.810432,1,59530151.3984,0.0332513778761243
4925,7141.830432,2,59530173.4272,0.0381748519679554
4926,7141.850432,1,59530191.4112,0.0333169422418915
4927,7141.870432,2,59530211.4048,0.0379177167209622
4928,7141.890432,1,59530231.424,0.0332524023193394
4929,7141.910432,2,59530251.9296,0.0379146433913168
4930,7141.930432,1,59530271.424,0.0332513778761243
4931,7141.950432,2,59530291.4176,0.0377896613190731
4932,7141.970432,1,59530311.5008,0.0333128444690311
4933,7141.990432,2,59530331.4176,0.0378839100948634
4934,7142.010432,1,59530353.344,0.0332401090007581
4935,7142.030432,2,59530371.4816,0.0379084967320261
4936,7142.050432,1,59530391.4368,0.0332892822750835
4937,7142.070432,2,59530411.456,0.0378900567541541
4938,7142.090432,1,59530431.4368,0.0333097711393857
4939,7142.110432,2,59530451.4304,0.0378644456737763
4940,7142.130432,1,59530473.3696,0.0333066978097404
4941,7142.150432,2,59530491.4944,0.0377835146597824
4942,7142.170432,1,59530513.5232,0.0332913311615137
4943,7142.190432,2,59530532.0576,0.0378285901612474
4944,7142.210432,1,59530551.4368,0.0332657200811359
4945,7142.230432,2,59530571.4816,0.0378521523551949
4946,7142.250432,1,59530591.4496,0.0332616223082755
4947,7142.270432,2,59530611.9808,0.0379648411088573
4948,7142.290432,1,59530631.4624,0.0331786424078513
4949,7142.310432,2,59530651.4176,0.0379586944495667
4950,7142.330432,1,59530671.4496,0.0332534267625545
4951,7142.350432,2,59530692.2624,0.0378992767430901
4952,7142.370432,1,59530711.4496,0.0333159177986764
4953,7142.390432,2,59530731.4432,0.0379679144385027
4954,7142.410432,1,59530751.4624,0.0332452312168336
4955,7142.430432,2,59530771.4816,0.0380877742946708
4956,7142.450432,1,59530791.4496,0.0332739156268568
4957,7142.470432,2,59530811.4816,0.0380447476796361
4958,7142.490432,1,59530831.4752,0.0332739156268568
4959,7142.510432,2,59530851.584,0.0380898231811011
4960,7142.530432,1,59530871.488,0.0332698178539964
4961,7142.550432,2,59530891.4816,0.0380867498514557
4962,7142.570432,1,59530911.5008,0.0333251377876124
4963,7142.590432,2,59530931.5712,0.0380047943942467
4964,7142.610432,1,59530953.6256,0.0332462556600488
4965,7142.630432,2,59530972.0704,0.0379699633249329
4966,7142.650432,1,59530991.6416,0.0332565000921999
4967,7142.670432,2,59531011.5328,0.0380508943389268
4968,7142.690432,1,59531031.5008,0.0332493289896941
4969,7142.710432,2,59531051.4944,0.0380150388263979
4970,7142.730432,1,59531071.4496,0.0332319134550372
4971,7142.750432,2,59531091.9424,0.0381400208986416
4972,7142.770432,1,59531112.448,0.0332216690228861
4973,7142.790432,2,59531131.52,0.03807957874895
4974,7142.810432,1,59531151.5264,0.0332052779314443
4975,7142.830432,2,59531171.5456,0.0379699633249329
4976,7142.850432,1,59531191.552,0.0332810867293626
4977,7142.870432,2,59531211.6224,0.0378664945602065
4978,7142.890432,1,59531231.5776,0.0332237179093163
4979,7142.910432,2,59531251.5456,0.0378460056959043
4980,7142.930432,1,59531271.5008,0.0332513778761243
4981,7142.950432,2,59531291.5712,0.0378419079230438
4982,7142.970432,1,59531311.5392,0.0332134734771652
4983,7142.990432,2,59531331.52,0.0377712213412011
4984,7143.010432,1,59531351.5264,0.0332524023193394
4985,7143.030432,2,59531371.5456,0.037762001352265
4986,7143.050432,1,59531391.6544,0.0332739156268568
4987,7143.070432,2,59531411.6352,0.0375581371524576
4988,7143.090432,1,59531431.5392,0.0332708422972115
4989,7143.110432,2,59531451.6608,0.037652385928248
4990,7143.130432,1,59531471.5776,0.0331602024299793
4991,7143.150432,2,59531491.5456,0.0375222816399287
4992,7143.170432,1,59531511.5648,0.0332585489786301
4993,7143.190432,2,59531531.9296,0.0375243305263589
4994,7143.210432,1,59531551.5136,0.0332493289896941
4995,7143.230432,2,59531572.2752,0.0375048661052718
4996,7143.250432,1,59531591.5648,0.033330260003688
4997,7143.270432,2,59531611.5584,0.0374352039666441
4998,7143.290432,1,59531631.5904,0.0332831356157928
4999,7143.310432,2,59531651.648,0.037497695002766
5000,7143.330432,1,59531671.616,0.0332657200811359
5001,7143.350432,2,59531691.6096,0.0376237015182248
5002,7143.370432,1,59531711.5776,0.0332513778761243
5003,7143.390432,2,59531731.5328,0.0377240969533059
5004,7143.410432,1,59531751.5904,0.0332462556600488
5005,7143.430432,2,59531771.6096,0.0378726412194972
5006,7143.450432,1,59531791.5776,0.0332790378429324
5007,7143.470432,2,59531812.096,0.0379791833138689
5008,7143.490432,1,59531831.5904,0.0332257667957465
5009,7143.510432,2,59531851.6736,0.038062163214293
5010,7143.530432,1,59531871.7312,0.0332493289896941
5011,7143.550432,2,59531891.6096,0.0380129899399676
5012,7143.570432,1,59531911.6416,0.0332790378429324
5013,7143.590432,2,59531931.6096,0.0378019546376544
5014,7143.610432,1,59531951.6032,0.0333015755936648
5015,7143.630432,2,59531971.6608,0.0378060524105149
5016,7143.650432,1,59531991.8336,0.0332452312168336
5017,7143.670432,2,59532011.584,0.0377947835351487
5018,7143.690432,1,59532031.6032,0.0332974778208044
5019,7143.710432,2,59532051.6096,0.0377568791361895
5020,7143.730432,1,59532071.616,0.0332954289343742
5021,7143.750432,2,59532091.6224,0.0376001393242773
5022,7143.770432,1,59532111.8336,0.0333241133443973
5023,7143.790432,2,59532131.6224,0.0376462392689573
5024,7143.810432,1,59532151.9744,0.0333374311061938
5025,7143.830432,2,59532171.9552,0.0375243305263589
5026,7143.850432,1,59532191.9872,0.0332985022640195
5027,7143.870432,2,59532211.648,0.0375601860388879
5028,7143.890432,1,59532231.616,0.0333435777654845
5029,7143.910432,2,59532251.6608,0.0375909193353412
5030,7143.930432,1,59532271.7056,0.0333743110619378
5031,7143.950432,2,59532291.6992,0.0375171594238531
5032,7143.970432,1,59532311.6416,0.0332728911836417
5033,7143.990432,2,59532331.6608,0.0374618394902371
5034,7144.010432,1,59532351.6672,0.0332974778208044
5035,7144.030432,2,59532372.4288,0.0373317352019178
5036,7144.050432,1,59532391.68,0.0332903067182986
5037,7144.070432,2,59532412.0576,0.0373634929415862
5038,7144.090432,1,59532431.6928,0.0333548466408507
5039,7144.110432,2,59532451.6608,0.0373624684983711
5040,7144.130432,1,59532471.7824,0.0332995267072346
5041,7144.150432,2,59532491.6608,0.0373173929969062
5042,7144.170432,1,59532512.1024,0.0333056733665253
5043,7144.190432,2,59532531.8784,0.0372016309135985
5044,7144.210432,1,59532551.7056,0.033393775483025
5045,7144.230432,2,59532571.6992,0.0372016309135985
5046,7144.250432,1,59532591.7824,0.0333343577765484
5047,7144.270432,2,59532611.6992,0.0371329932181859
5048,7144.290432,1,59532631.7184,0.0333415288790542
5049,7144.310432,2,59532651.6992,0.0371965086975229
5050,7144.330432,1,59532671.808,0.0332790378429324
5051,7144.350432,2,59532691.7248,0.037251828631139
5052,7144.370432,1,59532711.7056,0.0332954289343742
5053,7144.390432,2,59532731.6864,0.0371586042985637
5054,7144.410432,1,59532751.7056,0.0332257667957465
5055,7144.430432,2,59532771.7376,0.0371022599217325
5056,7144.450432,1,59532791.7184,0.0332308890118221
5057,7144.470432,2,59532811.7248,0.0372364619829123
5058,7144.490432,1,59532831.7184,0.0333097711393857
5059,7144.510432,2,59532851.6992,0.0374874505706149
5060,7144.530432,1,59532871.7824,0.0332513778761243
5061,7144.550432,2,59532891.7248,0.0375765771303297
5062,7144.570432,1,59532911.7312,0.0332646956379208
5063,7144.590432,2,59532931.7376,0.0375857971192657
5064,7144.610432,1,59532951.6672,0.0332749400700719
5065,7144.630432,2,59532971.7888,0.0374229106480628
5066,7144.650432,1,59532991.7056,0.0333353822197636
5067,7144.670432,2,59533011.7504,0.0373399307476387
5068,7144.690432,1,59533031.7568,0.0332831356157928
5069,7144.710432,2,59533051.7888,0.037270268609011
5070,7144.730432,1,59533071.8208,0.0332165468068105
5071,7144.750432,2,59533091.8016,0.0373163685536911
5072,7144.770432,1,59533111.9872,0.0332903067182986
5073,7144.790432,2,59533131.7376,0.0374669617063126
5074,7144.810432,1,59533151.7696,0.0333230889011822
5075,7144.830432,2,59533171.7376,0.0374925727866904
5076,7144.850432,1,59533191.7568,0.0332903067182986
5077,7144.870432,2,59533211.776,0.03762472596144
5078,7144.890432,1,59533231.744,0.0333046489233102
5079,7144.910432,2,59533251.8528,0.0378869834245088
5080,7144.930432,1,59533271.7824,0.0332278156821767
5081,7144.950432,2,59533291.776,0.0382199274694204
5082,7144.970432,1,59533311.9104,0.033285184502223
5083,7144.990432,2,59533331.8784,0.0384330116581638
5084,7145.010432,1,59533351.7696,0.0332093757043047
5085,7145.030432,2,59533371.8656,0.0382998340401992
5086,7145.050432,1,59533391.7952,0.0332749400700719
5087,7145.070432,2,59533411.776,0.0381369475689962
5088,7145.090432,1,59533432.0512,0.0332605978650603
5089,7145.110432,2,59533452.2368,0.038116458704694
5090,7145.130432,1,59533471.8336,0.0332595734218452
5091,7145.150432,2,59533491.7888,0.0379853299731596
5092,7145.170432,1,59533511.7952,0.0332800622861475
5093,7145.190432,2,59533531.8016,0.0378132235130207
5094,7145.210432,1,59533551.7952,0.0333169422418915
5095,7145.230432,2,59533572.6336,0.037652385928248
5096,7145.250432,1,59533591.936,0.0332267912389616
5097,7145.270432,2,59533611.8016,0.0374997438891962
5098,7145.290432,1,59533631.8208,0.0332749400700719
5099,7145.310432,2,59533652.1856,0.0374515950580859
5100,7145.330432,1,59533672.3584,0.0332257667957465
5101,7145.350432,2,59533692.6208,0.0372241686643309
5102,7145.370432,1,59533712.6272,0.0332554756489848
5103,7145.390432,2,59533731.7888,0.0371739709467904
5104,7145.410432,1,59533751.8208,0.0332421578871883
5105,7145.430432,2,59533772.4288,0.0371401643206917
5106,7145.450432,1,59533792.5888,0.0332862089454381
5107,7145.470432,2,59533812.5952,0.0370827955006454
5108,7145.490432,1,59533832.6784,0.0331253713606655
5109,7145.510432,2,59533851.8144,0.0370131333620177
5110,7145.530432,1,59533872.2432,0.0332380601143279
5111,7145.550432,2,59533892.3776,0.0370080111459422
5112,7145.570432,1,59533911.8208,0.03321244903395
5113,7145.590432,2,59533931.8272,0.0370069867027271
5114,7145.610432,1,59533951.8208,0.0332063023746594
5115,7145.630432,2,59533971.84,0.0369998156002213
5116,7145.650432,1,59533992.576,0.0332605978650603
5117,7145.670432,2,59534011.8784,0.0370786977277849
5118,7145.690432,1,59534032.256,0.0332728911836417
5119,7145.710432,2,59534051.8528,0.0370377199991804
5120,7145.730432,1,59534071.8976,0.0332472801032639
5121,7145.750432,2,59534091.84,0.0370459155449013
5122,7145.770432,1,59534112.5504,0.0332810867293626
5123,7145.790432,2,59534132.9152,0.0370940643760116
5124,7145.810432,1,59534151.8464,0.0332718667404266
5125,7145.830432,2,59534171.8912,0.037106357694593
5126,7145.850432,1,59534191.8592,0.0332093757043047
5127,7145.870432,2,59534211.8912,0.0369957178273608
5128,7145.890432,1,59534231.8464,0.0332144979203803
5129,7145.910432,2,59534251.8656,0.0370868932735058
5130,7145.930432,1,59534271.9488,0.0333323088901182
5131,7145.950432,2,59534292.7104,0.0370858688302907
5132,7145.970432,1,59534312.0512,0.03330260003688
5133,7145.990432,2,59534332.4032,0.0370008400434364
5134,7146.010432,1,59534352.768,0.0332534267625545
5135,7146.030432,2,59534371.904,0.037052062204192
5136,7146.050432,1,59534391.8848,0.0332636711947057
5137,7146.070432,2,59534411.8912,0.0369485934394657
5138,7146.090432,1,59534431.8976,0.0332216690228861
5139,7146.110432,2,59534452.544,0.0372805130411621
5140,7146.130432,1,59534472.4992,0.0332226934661012
5141,7146.150432,2,59534491.904,0.0372866597004528
5142,7146.170432,1,59534512.1664,0.0332431823304034
5143,7146.190432,2,59534531.9168,0.0372958796893888
5144,7146.210432,1,59534551.936,0.0332636711947057
5145,7146.230432,2,59534571.9936,0.0372098264593194
5146,7146.250432,1,59534591.9232,0.0332380601143279
5147,7146.270432,2,59534611.904,0.0370469399881165
5148,7146.290432,1,59534631.936,0.0331981068289385
5149,7146.310432,2,59534651.9424,0.036979326735919
5150,7146.330432,1,59534672.2048,0.0332821111725777
5151,7146.350432,2,59534691.9296,0.0370223533509538
5152,7146.370432,1,59534711.9232,0.0332974778208044
5153,7146.390432,2,59534731.904,0.0370254266805991
5154,7146.410432,1,59534751.936,0.033239084557543
5155,7146.430432,2,59534771.9424,0.0370366955559653
5156,7146.450432,1,59534792.4736,0.0332718667404266
5157,7146.470432,2,59534811.9424,0.0371370909910464
5158,7146.490432,1,59534832.576,0.0332646956379208
5159,7146.510432,2,59534851.968,0.0372692441657959
5160,7146.530432,1,59534872.6144,0.0332329378982523
5161,7146.550432,2,59534891.9296,0.0371473354231975
5162,7146.570432,1,59534911.8976,0.0332892822750835
5163,7146.590432,2,59534931.9552,0.0371084065810232
5164,7146.610432,1,59534951.9232,0.0332022046017989
5165,7146.630432,2,59534972.0192,0.0371483598664126
5166,7146.650432,1,59534992.6528,0.0331909357264327
5167,7146.670432,2,59535011.9552,0.0370909910463663
5168,7146.690432,1,59535031.9616,0.0332073268178745
5169,7146.710432,2,59535051.968,0.0371678242874997
5170,7146.730432,1,59535072.7936,0.0332882578318684
5171,7146.750432,2,59535092.0448,0.0371012354785174
5172,7146.770432,1,59535112.7808,0.0332073268178745
5173,7146.790432,2,59535133.184,0.0370950888192267
5174,7146.810432,1,59535151.9872,0.0331919601696478
5175,7146.830432,2,59535172.0704,0.0370858688302907
5176,7146.850432,1,59535192.0512,0.0331499579978282
5177,7146.870432,2,59535212.0064,0.0372180220050403
5178,7146.890432,1,59535232.0128,0.0332083512610896
5179,7146.910432,2,59535252.1216,0.0374649128198824
5180,7146.930432,1,59535272.0896,0.0332411334439732
5181,7146.950432,2,59535292.0064,0.037497695002766
5182,7146.970432,1,59535312.5632,0.0331069313827934
5183,7146.990432,2,59535331.9808,0.0374085684430512
5184,7147.010432,1,59535352,0.0331786424078513
5185,7147.030432,2,59535373.0944,0.0374218862048477
5186,7147.050432,1,59535392.0128,0.0331704468621304
5187,7147.070432,2,59535412.032,0.0372579752904297
5188,7147.090432,1,59535432.0128,0.0331612268731944
5189,7147.110432,2,59535452.032,0.0373399307476387
5190,7147.130432,1,59535472.704,0.0332022046017989
5191,7147.150432,2,59535492.032,0.0374690105927428
5192,7147.170432,1,59535512.5376,0.0331724957485607
5193,7147.190432,2,59535532.7744,0.0374638883766673
5194,7147.210432,1,59535552.0256,0.0332155223635954
5195,7147.230432,2,59535572.0704,0.0374854016841846
5196,7147.250432,1,59535592.0256,0.0331540557706886
5197,7147.270432,2,59535612.6592,0.0374259839777081
5198,7147.290432,1,59535632.96,0.03316634908927
5199,7147.310432,2,59535652.5312,0.0376083348699982
5200,7147.330432,1,59535672.1152,0.0331622513164095
5201,7147.350432,2,59535692.0704,0.0375837482328355
5202,7147.370432,1,59535712.0384,0.0332001557153687
5203,7147.390432,2,59535732.0448,0.0378111746265904
5204,7147.410432,1,59535752.064,0.0332267912389616
5205,7147.430432,2,59535772.1728,0.0379443522445551
5206,7147.450432,1,59535792.192,0.0331919601696478
5207,7147.470432,2,59535812.1216,0.038134898682566
5208,7147.490432,1,59535832.0896,0.0331673735324851
5209,7147.510432,2,59535852.5696,0.0382025119347635
5210,7147.530432,1,59535872.1024,0.0332001557153687
5211,7147.550432,2,59535892.0704,0.0380826520785953
5212,7147.570432,1,59535913.2416,0.0332073268178745
5213,7147.590432,2,59535932.16,0.0381379720122114
5214,7147.610432,1,59535952.9856,0.0331878623967873
5215,7147.630432,2,59535972.1728,0.0382117319236995
5216,7147.650432,1,59535992.0768,0.033184789067142
5217,7147.670432,2,59536012.1216,0.038252709652304
5218,7147.690432,1,59536032.1024,0.0332165468068105
5219,7147.710432,2,59536052.0704,0.038216854139775
5220,7147.730432,1,59536072.0768,0.0332083512610896
5221,7147.750432,2,59536092.2496,0.0381502653307927
5222,7147.770432,1,59536112.1024,0.0331776179646362
5223,7147.790432,2,59536132.9792,0.0379679144385027
5224,7147.810432,1,59536152.1792,0.0331263958038806
5225,7147.830432,2,59536172.1344,0.0378972278566599
5226,7147.850432,1,59536192.1152,0.03321244903395
5227,7147.870432,2,59536212.5952,0.0377917102055033
5228,7147.890432,1,59536232.1152,0.0332472801032639
5229,7147.910432,2,59536252.1088,0.0376698014629049
5230,7147.930432,1,59536272.7296,0.0332605978650603
5231,7147.950432,2,59536292.096,0.0377712213412011
5232,7147.970432,1,59536312.1152,0.0332472801032639
5233,7147.990432,2,59536332.6848,0.0379627922224271
5234,7148.010432,1,59536352.7296,0.0331960579425082
5235,7148.030432,2,59536372.9408,0.0379412789149097
5236,7148.050432,1,59536392.256,0.0332011801585838
5237,7148.070432,2,59536412.1728,0.0379003011863052
5238,7148.090432,1,59536432.128,0.0331786424078513
5239,7148.110432,2,59536452.1088,0.0376851681111316
5240,7148.130432,1,59536472.1408,0.0332605978650603
5241,7148.150432,2,59536492.1344,0.037542770504231
5242,7148.170432,1,59536512.1152,0.0331294691335259
5243,7148.190432,2,59536532.1472,0.0374577417173766
5244,7148.210432,1,59536552.8064,0.0331581535435491
5245,7148.230432,2,59536572.2496,0.0374690105927428
5246,7148.250432,1,59536592.1664,0.0331765935214211
5247,7148.270432,2,59536612.1472,0.0375642838117483
5248,7148.290432,1,59536632.1536,0.0331643002028398
5249,7148.310432,2,59536652.1728,0.0377107791915094
5250,7148.330432,1,59536672.6656,0.0332800622861475
5251,7148.350432,2,59536692.16,0.0376226770750097
5252,7148.370432,1,59536712.1792,0.0332267912389616
5253,7148.390432,2,59536732.1984,0.0375079394349171
5254,7148.410432,1,59536752.1536,0.0332093757043047
5255,7148.430432,2,59536772.1728,0.0373778351465978
5256,7148.450432,1,59536792.1792,0.0331386891224619
5257,7148.470432,2,59536812.48,0.0372200708914705
5258,7148.490432,1,59536832.6912,0.0331745446349909
5259,7148.510432,2,59536852.1856,0.0373860306923187
5260,7148.530432,1,59536872.2048,0.0332093757043047
5261,7148.550432,2,59536892.2112,0.037424959534493
5262,7148.570432,1,59536912.3584,0.033184789067142
5263,7148.590432,2,59536932.2368,0.0372856352572377
5264,7148.610432,1,59536952.7424,0.0332247423525314
5265,7148.630432,2,59536972.1984,0.0373030507918946
5266,7148.650432,1,59536993.2672,0.0332267912389616
5267,7148.670432,2,59537012.3264,0.0370479644313316
5268,7148.690432,1,59537033.2288,0.033175569078206
5269,7148.710432,2,59537052.1856,0.0370049378162968
5270,7148.730432,1,59537072.832,0.0331786424078513
5271,7148.750432,2,59537092.2112,0.0369024934947856
5272,7148.770432,1,59537112.1792,0.0332001557153687
5273,7148.790432,2,59537132.288,0.0367949269571988
5274,7148.810432,1,59537152.7296,0.0331243469174504
5275,7148.830432,2,59537173.8624,0.0368481980043846
5276,7148.850432,1,59537192.7168,0.0331827401807118
5277,7148.870432,2,59537212.2112,0.0367139959432049
5278,7148.890432,1,59537232.2176,0.0331714713053455
5279,7148.910432,2,59537252.2112,0.0366822382035364
5280,7148.930432,1,59537272.9344,0.0332216690228861
5281,7148.950432,2,59537292.224,0.0366935070789026
5282,7148.970432,1,59537312.2176,0.0331263958038806
5283,7148.990432,2,59537332.352,0.0367211670457107
5284,7149.010432,1,59537352.6912,0.033175569078206
5285,7149.030432,2,59537372.2624,0.0366842870899666
5286,7149.050432,1,59537392.2176,0.0331786424078513
5287,7149.070432,2,59537413.056,0.0366842870899666
5288,7149.090432,1,59537432.8448,0.0331929846128629
5289,7149.110432,2,59537452.2624,0.0367580470014547
5290,7149.130432,1,59537472.3328,0.0331735201917758
5291,7149.150432,2,59537492.2496,0.036915811256582
5292,7149.170432,1,59537512.32,0.0332155223635954
5293,7149.190432,2,59537533.0176,0.037024402237384
5294,7149.210432,1,59537552.2816,0.0331929846128629
5295,7149.230432,2,59537572.288,0.0371565554121335
5296,7149.250432,1,59537592.256,0.033194009056078
5297,7149.270432,2,59537612.2496,0.0369834245087795
5298,7149.290432,1,59537632.9728,0.0331151269285144
5299,7149.310432,2,59537652.992,0.0369004446083554
5300,7149.330432,1,59537674.2656,0.033194009056078
5301,7149.350432,2,59537692.9664,0.0368533202204602
5302,7149.370432,1,59537712.384,0.0331858135103571
5303,7149.390432,2,59537732.2624,0.0366801893171062
5304,7149.410432,1,59537753.0112,0.033239084557543
5305,7149.430432,2,59537772.9664,0.0366740426578155
5306,7149.450432,1,59537792.7936,0.0331284446903108
5307,7149.470432,2,59537812.3136,0.0367529247853791
5308,7149.490432,1,59537832.9216,0.0331929846128629
5309,7149.510432,2,59537852.8512,0.0367600958878849
5310,7149.530432,1,59537873.5872,0.0331366402360317
5311,7149.550432,2,59537892.7744,0.0367939025139836
5312,7149.570432,1,59537913.8304,0.0331837646239269
5313,7149.590432,2,59537932.8384,0.0368983957219251
5314,7149.610432,1,59537953.088,0.0332267912389616
5315,7149.630432,2,59537972.3008,0.0370868932735058
5316,7149.650432,1,59537992.32,0.0332022046017989
5317,7149.670432,2,59538012.288,0.0372374864261274
5318,7149.690432,1,59538032.2688,0.0332196201364558
5319,7149.710432,2,59538052.9792,0.0372169975618252
5320,7149.730432,1,59538072.96,0.0332534267625545
5321,7149.750432,2,59538092.3264,0.0372487553014936
5322,7149.770432,1,59538112.3328,0.0332237179093163
5323,7149.790432,2,59538133.1328,0.0371924109246624
5324,7149.810432,1,59538152.32,0.0332524023193394
5325,7149.830432,2,59538172.3904,0.0369803511791341
5326,7149.850432,1,59538192.384,0.0332165468068105
5327,7149.870432,2,59538212.3264,0.0372139242321798
5328,7149.890432,1,59538233.3568,0.0331765935214211
5329,7149.910432,2,59538252.4288,0.0374474972852255
5330,7149.930432,1,59538273.5488,0.0332226934661012
5331,7149.950432,2,59538292.7488,0.03735222406622
5332,7149.970432,1,59538312.9856,0.0331448357817526
5333,7149.990432,2,59538332.6848,0.0373020263486795
5334,7150.010432,1,59538352.3584,0.0331694224189153
5335,7150.030432,2,59538372.3904,0.0372671952793657
5336,7150.050432,1,59538393.8944,0.0331899112832176
5337,7150.070432,2,59538412.352,0.037315344110476
5338,7150.090432,1,59538432.4224,0.0331366402360317
5339,7150.110432,2,59538452.352,0.0375304771856496
5340,7150.130432,1,59538472.3456,0.0332022046017989
5341,7150.150432,2,59538492.3648,0.0376667281332596
5342,7150.170432,1,59538512.3584,0.033175569078206
5343,7150.190432,2,59538532.3904,0.0374843772409695
5344,7150.210432,1,59538552.3712,0.0331632757596246
5345,7150.230432,2,59538572.352,0.0372651463929354
5346,7150.250432,1,59538592.3712,0.0331325424631713
5347,7150.270432,2,59538612.8512,0.0371114799106686
5348,7150.290432,1,59538632.4096,0.0332216690228861
5349,7150.310432,2,59538652.8896,0.0371104554674534
5350,7150.330432,1,59538672.4992,0.0331806912942816
5351,7150.350432,2,59538692.3776,0.0371637265146393
5352,7150.370432,1,59538712.4096,0.0331540557706886
5353,7150.390432,2,59538732.4032,0.036951666769111
5354,7150.410432,1,59538752.3968,0.0331591779867642
5355,7150.430432,2,59538772.6976,0.0368994201651402
5356,7150.450432,1,59538792.3968,0.0330741491999098
5357,7150.470432,2,59538813.9136,0.0369537156555412
5358,7150.490432,1,59538833.0624,0.0331673735324851
5359,7150.510432,2,59538856.9984,0.0368543446636753
5360,7150.530432,1,59538872.512,0.0332247423525314
5361,7150.550432,2,59538892.4032,0.036806195832565
5362,7150.570432,1,59538912.8192,0.0332288401253919
5363,7150.590432,2,59538932.4416,0.0368686868686869
5364,7150.610432,1,59538952.4224,0.0331561046571189
5365,7150.630432,2,59538972.9152,0.0370069867027271
5366,7150.650432,1,59538992.4224,0.0331981068289385
5367,7150.670432,2,59539013.0176,0.0370674288524187
5368,7150.690432,1,59539032.4224,0.0331950334992931
5369,7150.710432,2,59539052.4288,0.0370725510684943
5370,7150.730432,1,59539074.6752,0.0332257667957465
5371,7150.750432,2,59539092.9664,0.0370838199438605
5372,7150.770432,1,59539112.4224,0.0332216690228861
5373,7150.790432,2,59539132.4544,0.0368871268465589
5374,7150.810432,1,59539152.4608,0.033220644579671
5375,7150.830432,2,59539172.4416,0.036824635810437
5376,7150.850432,1,59539193.0368,0.0331796668510664
5377,7150.870432,2,59539212.4672,0.0367385825803676
5378,7150.890432,1,59539232.448,0.0332175712500256
5379,7150.910432,2,59539252.5824,0.0367457536828734
5380,7150.930432,1,59539272.4736,0.0331683979757002
5381,7150.950432,2,59539292.4544,0.0366484315774377
5382,7150.970432,1,59539312.4608,0.0332083512610896
5383,7150.990432,2,59539332.4928,0.0366935070789026
5384,7151.0104,1,59539352.4608,0.0331827401807118
5385,7151.0304,2,59539372.5056,0.036660724896019
5386,7151.0504,1,59539392.512,0.0332185956932407
5387,7151.0704,2,59539412.4672,0.0366463826910074
5388,7151.0904,1,59539432.4736,0.0331714713053455
5389,7151.1104,2,59539452.48,0.0366371627020714
5390,7151.1304,1,59539472.5632,0.0333107955826009
5391,7151.1504,2,59539493.1328,0.0364568606962116
5392,7151.1704,1,59539513.024,0.0332288401253919
5393,7151.1904,2,59539532.9152,0.0363226586350319
5394,7151.2104,1,59539554.2272,0.0332104001475198
5395,7151.2304,2,59539573.4272,0.0362222631999508
5396,7151.2504,1,59539594.6624,0.0332452312168336
5397,7151.2704,2,59539612.4928,0.0361290388673756
5398,7151.2904,1,59539632.4992,0.0332421578871883
5399,7151.3104,2,59539652.4928,0.0361659188231196
5400,7151.3304,1,59539672.5376,0.0332452312168336
5401,7151.3504,2,59539692.5056,0.0363103653164505
5402,7151.3704,1,59539712.512,0.0332462556600488
5403,7151.3904,2,59539732.5056,0.0364353473886942
5404,7151.4104,1,59539752.512,0.0332288401253919
5405,7151.4304,2,59539772.736,0.0366054049624029
5406,7151.4504,1,59539792.6528,0.0332144979203803
5407,7151.4704,2,59539812.608,0.036587989427746
5408,7151.4904,1,59539832.6016,0.0332052779314443
5409,7151.5104,2,59539852.544,0.0365838916548856
5410,7151.5304,1,59539873.1392,0.0332985022640195
5411,7151.5504,2,59539892.5312,0.0365593050177229
5412,7151.5704,1,59539912.5376,0.0332605978650603
5413,7151.5904,2,59539933.12,0.0366484315774377
5414,7151.6104,1,59539952.5376,0.0332646956379208
5415,7151.6304,2,59539972.5952,0.0366187227241994
5416,7151.6504,1,59539992.5376,0.0332155223635954
5417,7151.6704,2,59540012.5312,0.0368133669350708
5418,7151.6904,1,59540032.576,0.0332001557153687
5419,7151.7104,2,59540052.9152,0.036815415821501
5420,7151.7304,1,59540073.1136,0.0332493289896941
5421,7151.7504,2,59540093.1072,0.0367621447743152
5422,7151.7704,1,59540112.5632,0.0332616223082755
5423,7151.7904,2,59540133.0944,0.0369813756223493
5424,7151.8104,1,59540153.3056,0.0332319134550372
5425,7151.8304,2,59540172.6592,0.0369291290183785
5426,7151.8504,1,59540192.6016,0.0331950334992931
5427,7151.8704,2,59540212.5696,0.0370182555780933
5428,7151.8904,1,59540232.5504,0.0332841600590079
5429,7151.9104,2,59540252.5696,0.037061282193128
5430,7151.9304,1,59540272.6144,0.0332421578871883
5431,7151.9504,2,59540293.0048,0.037361444055156
5432,7151.9704,1,59540313.0496,0.0331683979757002
5433,7151.9904,2,59540332.608,0.0373460774069293
5434,7152.0104,1,59540352.896,0.0331745446349909
5435,7152.0304,2,59540373.2096,0.037361444055156
5436,7152.0504,1,59540392.6016,0.0331981068289385
5437,7152.0704,2,59540412.608,0.0373214907697666
5438,7152.0904,1,59540432.6016,0.0331345913496015
5439,7152.1104,2,59540452.608,0.0372897330300981
5440,7152.1304,1,59540472.6656,0.0331714713053455
5441,7152.1504,2,59540492.608,0.0372620730632901
5442,7152.1704,1,59540512.6016,0.0332339623414674
5443,7152.1904,2,59540532.6208,0.0370397688856107
5444,7152.2104,1,59540553.2544,0.0332042534882291
5445,7152.2304,2,59540572.6848,0.0369936689409306
5446,7152.2504,1,59540595.0208,0.0331253713606655
5447,7152.2704,2,59540612.608,0.0368584424365357
5448,7152.2904,1,59540632.64,0.0331151269285144
5449,7152.3104,2,59540653.12,0.0368932735058496
5450,7152.3304,1,59540672.64,0.0331530313274735
5451,7152.3504,2,59540693.2224,0.0369465445530354
5452,7152.3704,1,59540713.3184,0.033194009056078
5453,7152.3904,2,59540733.4528,0.0368830290736984
5454,7152.4104,1,59540752.6272,0.0331427868953224
5455,7152.4304,2,59540772.6976,0.036915811256582
5456,7152.4504,1,59540792.64,0.0331438113385375
5457,7152.4704,2,59540813.3248,0.0367775114225419
5458,7152.4904,1,59540832.6656,0.0332063023746594
5459,7152.5104,2,59540852.7104,0.0367867314114779
5460,7152.5304,1,59540872.7296,0.0332595734218452
5461,7152.5504,2,59540892.9152,0.0368441002315242
5462,7152.5704,1,59540912.64,0.0331315180199562
5463,7152.5904,2,59540932.7488,0.0368717601983322
5464,7152.6104,1,59540952.64,0.0332104001475198
5465,7152.6304,2,59540972.7488,0.0369014690515705
5466,7152.6504,1,59540992.832,0.03316634908927
5467,7152.6704,2,59541012.7488,0.0368820046304833
5468,7152.6904,1,59541032.6784,0.0331038580531481
5469,7152.7104,2,59541052.6592,0.0369188845862274
5470,7152.7304,1,59541072.6784,0.0331468846681828
5471,7152.7504,2,59541092.6848,0.0367611203311001
5472,7152.7704,1,59541113.3824,0.0330864425184912
5473,7152.7904,2,59541133.312,0.036815415821501
5474,7152.8104,1,59541152.6784,0.0331776179646362
5475,7152.8304,2,59541172.7616,0.0368307824697277
5476,7152.8504,1,59541192.6784,0.0331253713606655
5477,7152.8704,2,59541213.3248,0.0368051713893499
5478,7152.8904,1,59541233.3568,0.0331858135103571
5479,7152.9104,2,59541252.6976,0.0368010736164894
5480,7152.9304,1,59541272.7168,0.0331007847235028
5481,7152.9504,2,59541293.248,0.0369813756223493
5482,7152.9704,1,59541312.704,0.0330884914049214
5483,7152.9904,2,59541332.6976,0.0371903620382322
5484,7153.0104,1,59541353.3952,0.0331069313827934
5485,7153.0304,2,59541373.3632,0.0374167639887721
5486,7153.0504,1,59541392.7424,0.0331263958038806
5487,7153.0704,2,59541413.2992,0.0376114081996435
5488,7153.0904,1,59541433.216,0.033130493576741
5489,7153.1104,2,59541452.736,0.0376728747925502
5490,7153.1304,1,59541472.7424,0.0330792714159854
5491,7153.1504,2,59541492.736,0.0376698014629049
5492,7153.1704,1,59541513.3056,0.0331735201917758
5493,7153.1904,2,59541532.7232,0.0375919437785564
5494,7153.2104,1,59541552.7168,0.0331151269285144
5495,7153.2304,2,59541572.8512,0.0375058905484869
5496,7153.2504,1,59541592.832,0.0331110291556539
5497,7153.2704,2,59541612.736,0.0375878460056959
5498,7153.2904,1,59541632.7424,0.0331704468621304
5499,7153.3104,2,59541654.7072,0.0376206281885795
5500,7153.3304,1,59541673.3312,0.0331561046571189
5501,7153.3504,2,59541692.7872,0.0375929682217715
5502,7153.3704,1,59541712.7552,0.0331417624521073
5503,7153.3904,2,59541733.5552,0.0376421414960969
5504,7153.4104,1,59541752.7552,0.0331888868400025
5505,7153.4304,2,59541772.7872,0.0374669617063126
5506,7153.4504,1,59541792.896,0.0330915647345668
5507,7153.4704,2,59541813.3632,0.0374659372630975
5508,7153.4904,1,59541832.7552,0.0331509824410433
5509,7153.5104,2,59541852.7616,0.0373481262933596
5510,7153.5304,1,59541872.8448,0.0331284446903108
5511,7153.5504,2,59541892.7744,0.0373880795787489
5512,7153.5704,1,59541912.768,0.0332001557153687
5513,7153.5904,2,59541935.2448,0.037361444055156
5514,7153.6104,1,59541952.768,0.033130493576741
5515,7153.6304,2,59541973.824,0.0374126662159117
5516,7153.6504,1,59541992.7936,0.0331253713606655
5517,7153.6704,2,59542013.312,0.0374823283545393
5518,7153.6904,1,59542033.4592,0.0331079558260086
5519,7153.7104,2,59542052.7872,0.0375509660499519
5520,7153.7304,1,59542073.2416,0.0331591779867642
5521,7153.7504,2,59542092.8,0.0379310344827586
5522,7153.7704,1,59542112.8064,0.0331530313274735
5523,7153.7904,2,59542133.4144,0.0382107074804844
5524,7153.8104,1,59542152.8064,0.0331202491445899
5525,7153.8304,2,59542173.5552,0.0383387628823734
5526,7153.8504,1,59542192.8576,0.0331345913496015
5527,7153.8704,2,59542212.8128,0.0386430225172619
5528,7153.8904,1,59542233.3824,0.0331479091113979
5529,7153.9104,2,59542252.8128,0.0388274222959821
5530,7153.9304,1,59542272.8704,0.0331233224742353
5531,7153.9504,2,59542292.8,0.0390077243018419
5532,7153.9704,1,59542313.5104,0.033093613620997
5533,7153.9904,2,59542333.4016,0.0390456287008011
5534,7154.0104,1,59542352.8192,0.0330608314381134
5535,7154.0304,2,59542372.9152,0.0392156862745098
5536,7154.0504,1,59542392.9344,0.0331438113385375
5537,7154.0704,2,59542412.864,0.0391972462966378
5538,7154.0904,1,59542432.8448,0.0331479091113979
5539,7154.1104,2,59542452.8512,0.0389913332104001
5540,7154.1304,1,59542472.896,0.0331448357817526
5541,7154.1504,2,59542492.8512,0.0386153625504538
5542,7154.1704,1,59542512.896,0.0332349867846825
5543,7154.1904,2,59542532.8512,0.0384196938963673
5544,7154.2104,1,59542553.6256,0.0331192247013748
5545,7154.2304,2,59542572.9152,0.0381820230704612
5546,7154.2504,1,59542592.8576,0.0332042534882291
5547,7154.2704,2,59542613.5424,0.0382783207326818
5548,7154.2904,1,59542633.4464,0.0332565000921999
5549,7154.3104,2,59542653.4272,0.0382936873809085
5550,7154.3304,1,59542673.8048,0.0332257667957465
5551,7154.3504,2,59542692.9152,0.0383602761898908
5552,7154.3704,1,59542712.896,0.0331253713606655
5553,7154.3904,2,59542732.8768,0.0384821849324892
5554,7154.4104,1,59542752.8704,0.0331694224189153
5555,7154.4304,2,59542773.0048,0.0383582273034606
5556,7154.4504,1,59542792.8704,0.0331786424078513
5557,7154.4704,2,59542812.9024,0.0382117319236995
5558,7154.4904,1,59542832.8704,0.0331376646792468
5559,7154.5104,2,59542852.8896,0.0380498698957117
5560,7154.5304,1,59542873.0368,0.0332513778761243
5561,7154.5504,2,59542892.928,0.037952547790276
5562,7154.5704,1,59542913.5104,0.0332411334439732
5563,7154.5904,2,59542932.9024,0.0378603479009159
5564,7154.6104,1,59542952.896,0.033220644579671
5565,7154.6304,2,59542975.6416,0.0376103837564284
5566,7154.6504,1,59542992.9088,0.0332185956932407
5567,7154.6704,2,59543012.928,0.0376390681664515
5568,7154.6904,1,59543032.9344,0.0332565000921999
5569,7154.7104,2,59543052.9536,0.03762472596144
5570,7154.7304,1,59543072.9088,0.033175569078206
5571,7154.7504,2,59543092.992,0.0375724793574692
5572,7154.7704,1,59543112.9088,0.0331724957485607
5573,7154.7904,2,59543133.0176,0.0374311061937837
5574,7154.8104,1,59543152.9216,0.0332022046017989
5575,7154.8304,2,59543173.1328,0.0373819329194583
5576,7154.8504,1,59543192.9344,0.0332431823304034
5577,7154.8704,2,59543212.9152,0.0373727129305223
5578,7154.8904,1,59543232.9216,0.0331960579425082
5579,7154.9104,2,59543253.504,0.0373573462822956
5580,7154.9304,1,59543273.0368,0.03316634908927
5581,7154.9504,2,59543292.9536,0.0372292908804065
5582,7154.9704,1,59543312.9472,0.0331602024299793
5583,7154.9904,2,59543332.928,0.0372395353125576
5584,7155.0104,1,59543352.9728,0.0331612268731944
5585,7155.0304,2,59543373.12,0.0370674288524187
5586,7155.0504,1,59543392.9472,0.0331960579425082
5587,7155.0704,2,59543412.9536,0.0370387444423955
5588,7155.0904,1,59543433.5872,0.033257524535415
5589,7155.1104,2,59543452.9536,0.0370745999549245
5590,7155.1304,1,59543473.0368,0.0332093757043047
5591,7155.1504,2,59543492.9664,0.0370397688856107
5592,7155.1704,1,59543512.9472,0.0332278156821767
5593,7155.1904,2,59543533.8112,0.0371442620935522
5594,7155.2104,1,59543552.9984,0.0332247423525314
5595,7155.2304,2,59543572.9792,0.0372733419386563
5596,7155.2504,1,59543592.9728,0.0331970823857234
5597,7155.2704,2,59543613.1072,0.0372774397115168
5598,7155.2904,1,59543632.96,0.0332431823304034
5599,7155.3104,2,59543652.9792,0.0373901284651792
5600,7155.3304,1,59543672.9856,0.0331878623967873
5601,7155.3504,2,59543693.0048,0.0374761816952486
5602,7155.3704,1,59543712.9728,0.0332104001475198
5603,7155.3904,2,59543732.9792,0.0375714549142541
5604,7155.4104,1,59543752.9856,0.0331550802139037
5605,7155.4304,2,59543773.0048,0.0376288237343004
5606,7155.4504,1,59543793.0624,0.0331345913496015
5607,7155.4704,2,59543813.5424,0.0376493125986027
5608,7155.4904,1,59543833.6384,0.0332063023746594
5609,7155.5104,2,59543852.992,0.037579650459975
5610,7155.5304,1,59543873.0496,0.0331970823857234
5611,7155.5504,2,59543893.0176,0.0375847726760506
5612,7155.5704,1,59543913.6256,0.0332093757043047
5613,7155.5904,2,59543933.0432,0.03748847501383
5614,7155.6104,1,59543952.9856,0.0332513778761243
5615,7155.6304,2,59543973.0304,0.0373173929969062
5616,7155.6504,1,59543992.9984,0.033248304546479
5617,7155.6704,2,59544013.6576,0.0372835863708075
5618,7155.6904,1,59544033.0112,0.0332544512057697
5619,7155.7104,2,59544054.0544,0.0372200708914705
5620,7155.7304,1,59544073.024,0.0332739156268568
5621,7155.7504,2,59544093.0432,0.0371688487307149
5622,7155.7704,1,59544113.024,0.0332349867846825
5623,7155.7904,2,59544133.568,0.037143237650337
5624,7155.8104,1,59544153.0496,0.0332554756489848
5625,7155.8304,2,59544173.184,0.0371227487860348
5626,7155.8504,1,59544193.0368,0.0331509824410433
5627,7155.8704,2,59544213.0688,0.0372149486753949
5628,7155.8904,1,59544233.1008,0.0332144979203803
5629,7155.9104,2,59544253.4784,0.0371504087528428
5630,7155.9304,1,59544273.0752,0.0332042534882291
5631,7155.9504,2,59544293.0688,0.0371166021267441
5632,7155.9704,1,59544313.0624,0.033220644579671
5633,7155.9904,2,59544333.6448,0.0372139242321798
5634,7156.0104,1,59544353.0752,0.0332339623414674
5635,7156.0304,2,59544373.9648,0.0373850062491036
5636,7156.0504,1,59544393.1008,0.0332196201364558
5637,7156.0704,2,59544413.1456,0.0375386727313705
5638,7156.0904,1,59544433.0752,0.0332503534329092
5639,7156.1104,2,59544453.0304,0.0374802794681091
5640,7156.1304,1,59544473.2672,0.0331878623967873
5641,7156.1504,2,59544493.1072,0.0374331550802139
5642,7156.1704,1,59544513.0624,0.033229864568607
5643,7156.1904,2,59544533.0816,0.0372528530743541
5644,7156.2104,1,59544553.088,0.033266744524351
5645,7156.2304,2,59544573.1328,0.0371022599217325
5646,7156.2504,1,59544593.1648,0.0332636711947057
5647,7156.2704,2,59544613.1968,0.0371114799106686
5648,7156.2904,1,59544633.1008,0.033275964513287
5649,7156.3104,2,59544653.6832,0.0369946933841457
5650,7156.3304,1,59544673.5232,0.0332913311615137
5651,7156.3504,2,59544693.0944,0.0370643555227734
5652,7156.3704,1,59544713.1008,0.0332247423525314
5653,7156.3904,2,59544733.12,0.0371575798553486
5654,7156.4104,1,59544753.1008,0.0332687934107812
5655,7156.4304,2,59544773.12,0.0372538775175692
5656,7156.4504,1,59544793.1392,0.0331837646239269
5657,7156.4704,2,59544813.12,0.0372477308582785
5658,7156.4904,1,59544833.1008,0.0332093757043047
5659,7156.5104,2,59544853.1456,0.037270268609011
5660,7156.5304,1,59544873.152,0.0332800622861475
5661,7156.5504,2,59544893.1968,0.0374720839223882
5662,7156.5704,1,59544913.152,0.0332339623414674
5663,7156.5904,2,59544933.1712,0.03767082590612
5664,7156.6104,1,59544953.1648,0.0332216690228861
5665,7156.6304,2,59544973.1712,0.0378101501833753
5666,7156.6504,1,59544993.152,0.033175569078206
5667,7156.6704,2,59545013.1456,0.0377404880447477
5668,7156.6904,1,59545033.1392,0.033175569078206
5669,7156.7104,2,59545053.1584,0.037579650459975
5670,7156.7304,1,59545073.152,0.033175569078206
5671,7156.7504,2,59545093.1584,0.0374854016841846
5672,7156.7704,1,59545113.1392,0.0332226934661012
5673,7156.7904,2,59545133.3376,0.0373286618722724
5674,7156.8104,1,59545153.152,0.0331243469174504
5675,7156.8304,2,59545173.2992,0.0372395353125576
5676,7156.8504,1,59545193.1776,0.0331366402360317
5677,7156.8704,2,59545213.1712,0.0372139242321798
5678,7156.8904,1,59545233.1648,0.0330966869506423
5679,7156.9104,2,59545253.1968,0.0371381154342615
5680,7156.9304,1,59545273.2672,0.0331581535435491
5681,7156.9504,2,59545293.184,0.037097137705657
5682,7156.9704,1,59545313.2032,0.0331602024299793
5683,7156.9904,2,59545333.1712,0.0370479644313316
5684,7157.0104,1,59545353.2032,0.0331868379535722
5685,7157.0304,2,59545374.1312,0.0370315733398898
5686,7157.0504,1,59545393.1776,0.0330987358370725
5687,7157.0704,2,59545413.1712,0.0369936689409306
5688,7157.0904,1,59545433.1904,0.0331100047124388
5689,7157.1104,2,59545453.184,0.0370684532956338
5690,7157.1304,1,59545473.28,0.0330874669617063
5691,7157.1504,2,59545493.1968,0.0370100600323724
5692,7157.1704,1,59545513.9456,0.0331284446903108
5693,7157.1904,2,59545533.2224,0.0369403978937448
5694,7157.2104,1,59545553.216,0.0331858135103571
5695,7157.2304,2,59545573.2096,0.0369096645972914
5696,7157.2504,1,59545593.2416,0.0331171758149446
5697,7157.2704,2,59545613.2224,0.0369526912123261
5698,7157.2904,1,59545633.216,0.0331714713053455
5699,7157.3104,2,59545653.2096,0.0369905956112853
5700,7157.3304,1,59545673.3184,0.0331540557706886
5701,7157.3504,2,59545693.312,0.0371411887639068
5702,7157.3704,1,59545713.216,0.0331643002028398
5703,7157.3904,2,59545733.2864,0.0371514331960579
5704,7157.4104,1,59545753.2672,0.0332104001475198
5705,7157.4304,2,59545773.3248,0.037197533140738
5706,7157.4504,1,59545793.2288,0.0331950334992931
5707,7157.4704,2,59545813.312,0.0372446575286332
5708,7157.4904,1,59545833.2416,0.0331561046571189
5709,7157.5104,2,59545853.2352,0.0372651463929354
5710,7157.5304,1,59545873.3056,0.0331868379535722
5711,7157.5504,2,59545893.2736,0.0372098264593194
5712,7157.5704,1,59545913.2928,0.0332196201364558
5713,7157.5904,2,59545933.2352,0.037379884033028
5714,7157.6104,1,59545953.3952,0.0330802958592005
5715,7157.6304,2,59545973.2992,0.0374577417173766
5716,7157.6504,1,59545993.28,0.0331858135103571
5717,7157.6704,2,59546013.2608,0.0374167639887721
5718,7157.6904,1,59546033.2416,0.0331376646792468
5719,7157.7104,2,59546053.2992,0.0373788595898129
5720,7157.7304,1,59546073.3056,0.033175569078206
5721,7157.7504,2,59546093.4784,0.0373532485094351
5722,7157.7704,1,59546113.2544,0.0331745446349909
5723,7157.7904,2,59546133.312,0.0375028172188416
5724,7157.8104,1,59546153.2544,0.0331468846681828
5725,7157.8304,2,59546173.376,0.0374372528530744
5726,7157.8504,1,59546193.2928,0.0330802958592005
5727,7157.8704,2,59546213.2736,0.0373389063044235
5728,7157.8904,1,59546233.3696,0.0331724957485607
5729,7157.9104,2,59546253.312,0.0371575798553486
5730,7157.9304,1,59546273.344,0.0332411334439732
5731,7157.9504,2,59546293.3248,0.036979326735919
5732,7157.9704,1,59546313.2928,0.0331315180199562
5733,7157.9904,2,59546333.2864,0.0369281045751634
5734,7158.0104,1,59546353.2928,0.0332104001475198
5735,7158.0304,2,59546373.3504,0.0370377199991804
5736,7158.0504,1,59546393.9072,0.0331878623967873
5737,7158.0704,2,59546413.3504,0.036906591267646
5738,7158.0904,1,59546433.3312,0.0331622513164095
5739,7158.1104,2,59546453.312,0.0368451246747393
5740,7158.1304,1,59546473.3312,0.033194009056078
5741,7158.1504,2,59546493.6832,0.0368420513450939
5742,7158.1704,1,59546513.4208,0.0332380601143279
5743,7158.1904,2,59546533.312,0.0367211670457107
5744,7158.2104,1,59546553.3696,0.0331837646239269
5745,7158.2304,2,59546573.3888,0.0368410269018788
5746,7158.2504,1,59546593.344,0.0331540557706886
5747,7158.2704,2,59546613.3376,0.0370141578052329
5748,7158.2904,1,59546633.3184,0.0331038580531481
5749,7158.3104,2,59546653.3632,0.0370510377609769
5750,7158.3304,1,59546673.4592,0.0331018091667179
5751,7158.3504,2,59546693.3632,0.036860491322966
5752,7158.3704,1,59546713.3696,0.0331602024299793
5753,7158.3904,2,59546733.3504,0.0367109226135595
5754,7158.4104,1,59546753.344,0.0331233224742353
5755,7158.4304,2,59546773.5168,0.0365101317433975
5756,7158.4504,1,59546793.3696,0.0331643002028398
5757,7158.4704,2,59546813.7728,0.0364906673223103
5758,7158.4904,1,59546833.408,0.0331868379535722
5759,7158.5104,2,59546853.4016,0.0365644272337984
5760,7158.5304,1,59546873.4976,0.0331632757596246
5761,7158.5504,2,59546893.3888,0.0367252648185711
5762,7158.5704,1,59546913.3824,0.0330946380642121
5763,7158.5904,2,59546933.4016,0.036733460364292
5764,7158.6104,1,59546953.5104,0.0331161513717295
5765,7158.6304,2,59546973.4272,0.0368441002315242
5766,7158.6504,1,59546993.4208,0.0331735201917758
5767,7158.6704,2,59547013.4144,0.0370356711127502
5768,7158.6904,1,59547033.3696,0.0331048824963632
5769,7158.7104,2,59547053.3504,0.0368133669350708
5770,7158.7304,1,59547073.6256,0.0331192247013748
5771,7158.7504,2,59547093.4016,0.0368369291290184
5772,7158.7704,1,59547113.4976,0.033130493576741
5773,7158.7904,2,59547134.2208,0.0368184891511463
5774,7158.8104,1,59547153.3824,0.0331683979757002
5775,7158.8304,2,59547173.7856,0.0370858688302907
5776,7158.8504,1,59547193.536,0.0331673735324851
5777,7158.8704,2,59547213.4016,0.0370745999549245
5778,7158.8904,1,59547233.3952,0.033184789067142
5779,7158.9104,2,59547253.4144,0.0370510377609769
5780,7158.9304,1,59547273.728,0.0330874669617063
5781,7158.9504,2,59547293.76,0.0372354375396972
5782,7158.9704,1,59547313.4592,0.0331325424631713
5783,7158.9904,2,59547333.4144,0.0375396971745856
5784,7159.0104,1,59547353.4464,0.0331581535435491
5785,7159.0304,2,59547373.5168,0.0377312680558117
5786,7159.0504,1,59547393.6,0.0331059069395783
5787,7159.0704,2,59547413.4272,0.0378849345380786
5788,7159.0904,1,59547433.5104,0.0331643002028398
5789,7159.1104,2,59547453.4656,0.0378398590366136
5790,7159.1304,1,59547473.472,0.0331366402360317
5791,7159.1504,2,59547493.504,0.0375878460056959
5792,7159.1704,1,59547513.4848,0.0330854180752761
5793,7159.1904,2,59547533.44,0.0373655418280165
5794,7159.2104,1,59547553.5104,0.0331499579978282
5795,7159.2304,2,59547573.6576,0.0371862642653718
5796,7159.2504,1,59547593.5104,0.0331007847235028
5797,7159.2704,2,59547613.504,0.0370950888192267
5798,7159.2904,1,59547633.4464,0.0331192247013748
5799,7159.3104,2,59547653.4528,0.0371995820271682
5800,7159.3304,1,59547673.6256,0.0331315180199562
5801,7159.3504,2,59547693.5552,0.037324564099412
5802,7159.3704,1,59547713.472,0.0330915647345668
5803,7159.3904,2,59547733.4528,0.0374669617063126
5804,7159.4104,1,59547753.6256,0.0331233224742353
5805,7159.4304,2,59547773.6192,0.0375110127645625
5806,7159.4504,1,59547793.7024,0.0332104001475198
5807,7159.4704,2,59547813.4912,0.0376349703935911
5808,7159.4904,1,59547833.4848,0.0331048824963632
5809,7159.5104,2,59547853.6576,0.0374925727866904
5810,7159.5304,1,59547873.6128,0.0330782469727703
5811,7159.5504,2,59547893.4912,0.0374854016841846
5812,7159.5704,1,59547913.4848,0.0330833691888459
5813,7159.5904,2,59547933.6064,0.0373942262380396
5814,7159.6104,1,59547953.4848,0.0330628803245436
5815,7159.6304,2,59547973.5424,0.0373716884873071
5816,7159.6504,1,59547993.7664,0.033084393632061
5817,7159.6704,2,59548013.4912,0.0375335505152949
5818,7159.6904,1,59548033.5104,0.0330710758702645
5819,7159.7104,2,59548053.6192,0.0374864261273998
5820,7159.7304,1,59548074.0608,0.0330977113938574
5821,7159.7504,2,59548093.5808,0.0373747618169525
5822,7159.7704,1,59548113.5872,0.0330608314381134
5823,7159.7904,2,59548133.6704,0.0373184174401213
5824,7159.8104,1,59548153.5744,0.0331489335546131
5825,7159.8304,2,59548173.6448,0.0372190464482554
5826,7159.8504,1,59548193.5872,0.0331089802692237
5827,7159.8704,2,59548213.5424,0.0372620730632901
5828,7159.8904,1,59548233.536,0.0331161513717295
5829,7159.9104,2,59548253.5168,0.0371288954453255
5830,7159.9304,1,59548273.664,0.033102833609933
5831,7159.9504,2,59548293.5936,0.0371616776282091
5832,7159.9704,1,59548313.5616,0.0330710758702645
5833,7159.9904,2,59548333.5424,0.0371473354231975
5834,7160.0104,1,59548353.5744,0.0331458602249677
5835,7160.0304,2,59548373.696,0.0373102218944004
5836,7160.0504,1,59548393.7024,0.0330516114491774
5837,7160.0704,2,59548413.5808,0.0373460774069293
5838,7160.0904,1,59548433.7792,0.0331110291556539
5839,7160.1104,2,59548453.5808,0.0374546683877313
5840,7160.1304,1,59548473.5872,0.0330659536541889
5841,7160.1504,2,59548493.76,0.0379003011863052
5842,7160.1704,1,59548513.9072,0.0330598069948983
5843,7160.1904,2,59548533.5552,0.0381687053086647
5844,7160.2104,1,59548553.6,0.0331243469174504
5845,7160.2304,2,59548573.6192,0.0383305673366525
5846,7160.2504,1,59548593.664,0.0331683979757002
5847,7160.2704,2,59548613.6704,0.0382609051980249
5848,7160.2904,1,59548633.5872,0.0331089802692237
5849,7160.3104,2,59548653.5808,0.0380447476796361
5850,7160.3304,1,59548673.9584,0.0331007847235028
5851,7160.3504,2,59548693.6448,0.0378746901059274
5852,7160.3704,1,59548713.6896,0.0331345913496015
5853,7160.3904,2,59548733.8112,0.0376411170528818
5854,7160.4104,1,59548753.6512,0.0331694224189153
5855,7160.4304,2,59548773.7216,0.0374034462269756
5856,7160.4504,1,59548794.0096,0.0330956625074272
5857,7160.4704,2,59548813.6192,0.0372528530743541
5858,7160.4904,1,59548833.6,0.0330495625627471
5859,7160.5104,2,59548853.6192,0.0370674288524187
5860,7160.5304,1,59548873.7664,0.0331899112832176
5861,7160.5504,2,59548893.6704,0.0369772778494888
5862,7160.5704,1,59548913.664,0.0331089802692237
5863,7160.5904,2,59548933.6832,0.0369649845309075
5864,7160.6104,1,59548953.7664,0.0331325424631713
5865,7160.6304,2,59548973.7344,0.0370325977831049
5866,7160.6504,1,59548993.664,0.0332001557153687
5867,7160.6704,2,59549013.6832,0.036951666769111
5868,7160.6904,1,59549033.6384,0.0330987358370725
5869,7160.7104,2,59549053.7216,0.0369219579158727
5870,7160.7304,1,59549074.0224,0.0332349867846825
5871,7160.7504,2,59549093.7344,0.0368686868686869
5872,7160.7704,1,59549113.728,0.0332001557153687
5873,7160.7904,2,59549133.6704,0.0369188845862274
5874,7160.8104,1,59549153.8816,0.0331929846128629
5875,7160.8304,2,59549173.8368,0.0368236113672219
5876,7160.8504,1,59549193.8304,0.0332083512610896
5877,7160.8704,2,59549213.8496,0.0367898047411232
5878,7160.8904,1,59549233.9968,0.0331018091667179
5879,7160.9104,2,59549253.824,0.0368686868686869
5880,7160.9304,1,59549273.8048,0.033121273587805
5881,7160.9504,2,59549293.8112,0.0368656135390415
5882,7160.9704,1,59549313.8688,0.0331530313274735
5883,7160.9904,2,59549333.7728,0.0370192800213084
5884,7161.0104,1,59549353.792,0.033157129100334
5885,7161.0304,2,59549373.8112,0.0369496178826808
5886,7161.0504,1,59549393.6512,0.0331581535435491
5887,7161.0704,2,59549413.8368,0.0367887802979081
5888,7161.0904,1,59549433.8176,0.0331345913496015
5889,7161.1104,2,59549453.7088,0.0368779068576229
5890,7161.1304,1,59549473.792,0.0332278156821767
5891,7161.1504,2,59549493.9136,0.0369742045198435
5892,7161.1704,1,59549513.856,0.0331151269285144
5893,7161.1904,2,59549533.824,0.0370295244534595
5894,7161.2104,1,59549553.728,0.033184789067142
5895,7161.2304,2,59549574.08,0.0370500133177618
5896,7161.2504,1,59549593.856,0.0331540557706886
5897,7161.2704,2,59549613.7216,0.0370745999549245
5898,7161.2904,1,59549633.7408,0.0332442067736185
5899,7161.3104,2,59549653.8624,0.0370285000102444
5900,7161.3304,1,59549673.7152,0.0332329378982523
5901,7161.3504,2,59549693.7088,0.0371719220603602
5902,7161.3704,1,59549713.92,0.0332585489786301
5903,7161.3904,2,59549733.7856,0.0373440285204991
5904,7161.4104,1,59549754.0352,0.033194009056078
5905,7161.4304,2,59549773.9904,0.0374177884319872
5906,7161.4504,1,59549793.7408,0.033203229045014
5907,7161.4704,2,59549813.8752,0.0376103837564284
5908,7161.4904,1,59549833.8688,0.0332073268178745
5909,7161.5104,2,59549853.9136,0.0376585325875387
5910,7161.5304,1,59549873.7792,0.0332114245907349
5911,7161.5504,2,59549893.696,0.037725121396521
5912,7161.5704,1,59549913.7024,0.0332114245907349
5913,7161.5904,2,59549933.9648,0.0376831192247014
5914,7161.6104,1,59549953.7792,0.0331796668510664
5915,7161.6304,2,59549973.9008,0.0375028172188416
5916,7161.6504,1,59549993.7664,0.0331407380088922
5917,7161.6704,2,59550014.0032,0.0373788595898129
5918,7161.6904,1,59550034.0864,0.0331407380088922
5919,7161.7104,2,59550053.952,0.0374311061937837
5920,7161.7304,1,59550073.8816,0.0331704468621304
5921,7161.7504,2,59550093.7728,0.0373921773516094
5922,7161.7704,1,59550113.8816,0.0331724957485607
5923,7161.7904,2,59550133.9264,0.0375222816399287
5924,7161.8104,1,59550153.7664,0.0331540557706886
5925,7161.8304,2,59550173.8368,0.0374280328641383
5926,7161.8504,1,59550193.8816,0.0331263958038806
5927,7161.8704,2,59550213.9264,0.0373132952240457
5928,7161.8904,1,59550233.7408,0.0331540557706886
5929,7161.9104,2,59550253.8368,0.0373552973958654
5930,7161.9304,1,59550273.8688,0.0331643002028398
5931,7161.9504,2,59550293.7728,0.0373604196119409
5932,7161.9704,1,59550313.9456,0.0331550802139037
5933,7161.9904,2,59550333.9392,0.0371913864814473
5934,7162.0104,1,59550354.0096,0.0331540557706886
5935,7162.0304,2,59550373.888,0.0372047042432438
5936,7162.0504,1,59550393.9456,0.0332493289896941
5937,7162.0704,2,59550414.0928,0.0372764152683017
5938,7162.0904,1,59550433.8176,0.0331438113385375
5939,7162.1104,2,59550453.7856,0.0374638883766673
5940,7162.1304,1,59550473.8432,0.033184789067142
5941,7162.1504,2,59550493.7728,0.0374905239002602
5942,7162.1704,1,59550513.8048,0.0331735201917758
5943,7162.1904,2,59550533.9008,0.0374054951134059
5944,7162.2104,1,59550553.7792,0.0331141024852992
5945,7162.2304,2,59550573.8624,0.0375571127092425
5946,7162.2504,1,59550593.8048,0.0331069313827934
5947,7162.2704,2,59550613.9264,0.0375038416620567
5948,7162.2904,1,59550633.984,0.0331509824410433
5949,7162.3104,2,59550653.8112,0.0374587661605917
5950,7162.3304,1,59550673.8816,0.0331397135656771
5951,7162.3504,2,59550693.8368,0.0373778351465978
5952,7162.3704,1,59550714.048,0.0331817157374967
5953,7162.3904,2,59550733.9136,0.0374167639887721
5954,7162.4104,1,59550753.8432,0.0332011801585838
5955,7162.4304,2,59550773.9904,0.0372292908804065
5956,7162.4504,1,59550794.0352,0.0331745446349909
5957,7162.4704,2,59550813.8752,0.0370582088634827
5958,7162.4904,1,59550834.0352,0.033175569078206
5959,7162.5104,2,59550853.8368,0.0370387444423955
5960,7162.5304,1,59550873.856,0.0332155223635954
5961,7162.5504,2,59550893.8496,0.0369434712233901
5962,7162.5704,1,59550913.8304,0.0331509824410433
5963,7162.5904,2,59550934.0288,0.0371422132071219
5964,7162.6104,1,59550953.8688,0.0331714713053455
5965,7162.6304,2,59550973.9008,0.0371780687196509
5966,7162.6504,1,59550993.856,0.0331714713053455
5967,7162.6704,2,59551013.9008,0.0373471018501444
5968,7162.6904,1,59551033.8688,0.0332226934661012
5969,7162.7104,2,59551054.0032,0.0373040752351097
5970,7162.7304,1,59551073.9328,0.0332073268178745
5971,7162.7504,2,59551094.016,0.0374321306369988
5972,7162.7704,1,59551113.8944,0.033203229045014
5973,7162.7904,2,59551133.8752,0.0375202327534985
5974,7162.8104,1,59551153.92,0.0331950334992931
5975,7162.8304,2,59551173.888,0.0377630257954802
5976,7162.8504,1,59551193.984,0.0332155223635954
5977,7162.8704,2,59551213.888,0.0377999057512242
5978,7162.8904,1,59551234.0224,0.0331356157928166
5979,7162.9104,2,59551253.9008,0.037952547790276
5980,7162.9304,1,59551273.8944,0.03321244903395
5981,7162.9504,2,59551293.8752,0.0381830475136763
5982,7162.9704,1,59551313.9072,0.0332769889565021
5983,7162.9904,2,59551333.9008,0.0382465629930133
5984,7163.0104,1,59551354.048,0.0332288401253919
5985,7163.0304,2,59551373.9776,0.0383869117134837
5986,7163.0504,1,59551394.2656,0.0331899112832176
5987,7163.0704,2,59551413.9648,0.0385508226279017
5988,7163.0904,1,59551433.92,0.033184789067142
5989,7163.1104,2,59551453.9008,0.0385733603786342
5990,7163.1304,1,59551473.92,0.033175569078206
5991,7163.1504,2,59551493.9136,0.0387557112709243
5992,7163.1704,1,59551513.984,0.0331714713053455
5993,7163.1904,2,59551533.9648,0.0385416026389657
5994,7163.2104,1,59551554.0992,0.0331038580531481
5995,7163.2304,2,59551573.9392,0.0381369475689962
5996,7163.2504,1,59551593.9456,0.0331048824963632
5997,7163.2704,2,59551613.952,0.0379699633249329
5998,7163.2904,1,59551633.9456,0.0331356157928166
5999,7163.3104,2,59551653.9392,0.0380908476243162
6000,7163.3304,1,59551673.92,0.0330761980863401
6001,7163.3504,2,59551693.888,0.0380416743499908
6002,7163.3704,1,59551713.8944,0.0331765935214211
6003,7163.3904,2,59551733.888,0.0380150388263979
6004,7163.4104,1,59551753.8944,0.0331694224189153
6005,7163.4304,2,59551773.888,0.0378859589812937
6006,7163.4504,1,59551793.8688,0.0331386891224619
6007,7163.4704,2,59551813.9136,0.0377538058065441
6008,7163.4904,1,59551833.8944,0.0331386891224619
6009,7163.5104,2,59551853.9264,0.037506914991702
6010,7163.5304,1,59551873.9584,0.0331059069395783
6011,7163.5504,2,59551893.9136,0.0373942262380396
6012,7163.5704,1,59551913.9072,0.0331591779867642
6013,7163.5904,2,59551933.9136,0.0373686151576618
6014,7163.6104,1,59551953.9072,0.0330956625074272
6015,7163.6304,2,59551973.952,0.0373737373737374
6016,7163.6504,1,59551993.92,0.0331489335546131
6017,7163.6704,2,59552013.9136,0.0373491507365747
6018,7163.6904,1,59552033.9072,0.0331878623967873
6019,7163.7104,2,59552053.9264,0.0375868215624808
6020,7163.7304,1,59552073.92,0.0331366402360317
6021,7163.7504,2,59552093.9776,0.0377937590919335
6022,7163.7704,1,59552113.92,0.0331397135656771
6023,7163.7904,2,59552133.9392,0.0381769008543856
6024,7163.8104,1,59552153.9328,0.0330813203024156
6025,7163.8304,2,59552173.9392,0.0385559448439773
6026,7163.8504,1,59552193.9328,0.033112053598869
6027,7163.8704,2,59552213.9392,0.0386163869936689
6028,7163.8904,1,59552233.9584,0.0331827401807118
6029,7163.9104,2,59552253.9392,0.0383479828713094
6030,7163.9304,1,59552273.984,0.033112053598869
6031,7163.9504,2,59552293.9392,0.0379248878234679
6032,7163.9704,1,59552313.9328,0.0331509824410433
6033,7163.9904,2,59552333.9648,0.037633945950376
6034,7164.0104,1,59552353.9456,0.0331561046571189
6035,7164.0304,2,59552373.952,0.0375017927756265
6036,7164.0504,1,59552393.9456,0.0331366402360317
6037,7164.0704,2,59552413.9648,0.0372784641547319
6038,7164.0904,1,59552433.9456,0.0331776179646362
6039,7164.1104,2,59552453.952,0.0373112463376155
6040,7164.1304,1,59552474.0096,0.0331386891224619
6041,7164.1504,2,59552493.9904,0.0373891040219641
6042,7164.1704,1,59552514.0224,0.0331878623967873
6043,7164.1904,2,59552533.9904,0.0373665662712316
6044,7164.2104,1,59552554.0096,0.0331550802139037
6045,7164.2304,2,59552573.9904,0.0374054951134059
6046,7164.2504,1,59552593.9712,0.0331366402360317
6047,7164.2704,2,59552613.9904,0.0372549019607843
6048,7164.2904,1,59552634.0096,0.0331786424078513
6049,7164.3104,2,59552654.0416,0.0369721556334132
6050,7164.3304,1,59552673.9456,0.0332114245907349
6051,7164.3504,2,59552694.0032,0.0368400024586637
6052,7164.3704,1,59552713.984,0.0332513778761243
6053,7164.3904,2,59552733.9904,0.0368010736164894
6054,7164.4104,1,59552753.9712,0.0332104001475198
6055,7164.4304,2,59552774.1952,0.0369291290183785
6056,7164.4504,1,59552794.0352,0.0332698178539964
6057,7164.4704,2,59552814.0288,0.0367826336386174
6058,7164.4904,1,59552834.0096,0.0331561046571189
6059,7164.5104,2,59552854.016,0.0367918536275534
6060,7164.5304,1,59552874.0736,0.0331407380088922
6061,7164.5504,2,59552894.016,0.0367826336386174
6062,7164.5704,1,59552914.0096,0.0331981068289385
6063,7164.5904,2,59552933.9904,0.0369281045751634
6064,7164.6104,1,59552953.9968,0.0331356157928166
6065,7164.6304,2,59552974.016,0.0371094310242383
6066,7164.6504,1,59552994.0096,0.0332554756489848
6067,7164.6704,2,59553014.0288,0.0370684532956338
6068,7164.6904,1,59553034.048,0.0331356157928166
6069,7164.7104,2,59553054.0544,0.0370653799659885
6070,7164.7304,1,59553074.0224,0.0331673735324851
6071,7164.7504,2,59553094.0672,0.0370684532956338
6072,7164.7704,1,59553114.1888,0.0331694224189153
6073,7164.7904,2,59553134.0928,0.037061282193128
6074,7164.8104,1,59553154.048,0.033194009056078
6075,7164.8304,2,59553174.2336,0.0370602577499129
6076,7164.8504,1,59553194.0992,0.0331427868953224
6077,7164.8704,2,59553214.0416,0.0369270801319483
6078,7164.8904,1,59553234.0864,0.0331479091113979
6079,7164.9104,2,59553254.08,0.0368563935501055
6080,7164.9304,1,59553274.2144,0.0331427868953224
6081,7164.9504,2,59553294.016,0.036796975843629
6082,7164.9704,1,59553314.048,0.0331345913496015
6083,7164.9904,2,59553334.0672,0.0367898047411232
6084,7165.0104,1,59553354.0736,0.0331038580531481
6085,7165.0304,2,59553374.2464,0.0368502468908148
6086,7165.0504,1,59553394.0608,0.0331868379535722
6087,7165.0704,2,59553414.0544,0.0369998156002213
6088,7165.0904,1,59553434.048,0.033121273587805
6089,7165.1104,2,59553454.016,0.0369526912123261
6090,7165.1304,1,59553474.2272,0.0331489335546131
6091,7165.1504,2,59553494.1184,0.0369403978937448
6092,7165.1704,1,59553514.1376,0.0331458602249677
6093,7165.1904,2,59553534.08,0.036815415821501
6094,7165.2104,1,59553554.0352,0.0331550802139037
6095,7165.2304,2,59553574.5664,0.036679164873891
6096,7165.2504,1,59553594.0992,0.0331038580531481
6097,7165.2704,2,59553614.0544,0.0366935070789026
6098,7165.2904,1,59553634.0736,0.0331417624521073
6099,7165.3104,2,59553654.0672,0.0366310160427807
6100,7165.3304,1,59553674.2912,0.0331981068289385
6101,7165.3504,2,59553694.144,0.0367232159321409
6102,7165.3704,1,59553714.1376,0.0331540557706886
6103,7165.3904,2,59553734.1056,0.0369035179380007
6104,7165.4104,1,59553754.0864,0.0331038580531481
6105,7165.4304,2,59553774.3872,0.0369137623701518
6106,7165.4504,1,59553794.0864,0.0331550802139037
6107,7165.4704,2,59553814.1568,0.036869711311902
6108,7165.4904,1,59553834.1376,0.0332022046017989
6109,7165.5104,2,59553854.208,0.0368830290736984
6110,7165.5304,1,59553874.1632,0.033130493576741
6111,7165.5504,2,59553894.4256,0.036843075788309
6112,7165.5704,1,59553914.1888,0.0331479091113979
6113,7165.5904,2,59553934.1056,0.0368543446636753
6114,7165.6104,1,59553954.1632,0.0331673735324851
6115,7165.6304,2,59553974.1696,0.0368717601983322
6116,7165.6504,1,59553994.112,0.0332001557153687
6117,7165.6704,2,59554014.3232,0.0368287335832975
6118,7165.6904,1,59554034.1376,0.0332022046017989
6119,7165.7104,2,59554054.1312,0.0369076157108611
6120,7165.7304,1,59554074.3552,0.0331612268731944
6121,7165.7504,2,59554094.1824,0.0370233777941689
6122,7165.7704,1,59554114.0992,0.0332626467514906
6123,7165.7904,2,59554134.1824,0.0371770442764358
6124,7165.8104,1,59554154.1632,0.0331950334992931
6125,7165.8304,2,59554174.4256,0.0371708976171451
6126,7165.8504,1,59554194.1888,0.0331673735324851
6127,7165.8704,2,59554214.1824,0.0373573462822956
6128,7165.8904,1,59554234.1632,0.033184789067142
6129,7165.9104,2,59554254.272,0.037424959534493
6130,7165.9304,1,59554274.2016,0.0332380601143279
6131,7165.9504,2,59554294.2336,0.0373829573626734
6132,7165.9704,1,59554314.2016,0.0331550802139037
6133,7165.9904,2,59554334.2464,0.0373932017948245
6134,7166.0104,1,59554354.2016,0.0330823447456308
6135,7166.0304,2,59554374.3104,0.0373409551908538
6136,7166.0504,1,59554394.2016,0.0331602024299793
6137,7166.0704,2,59554414.3104,0.0372405597557727
6138,7166.0904,1,59554434.2016,0.0331171758149446
6139,7166.1104,2,59554454.2848,0.0372385108693425
6140,7166.1304,1,59554474.3296,0.0331673735324851
6141,7166.1504,2,59554494.3232,0.0372620730632901
6142,7166.1704,1,59554514.2912,0.0330997602802877
6143,7166.1904,2,59554534.4128,0.0372477308582785
6144,7166.2104,1,59554554.2656,0.0331653246460549
6145,7166.2304,2,59554574.3232,0.0369936689409306
6146,7166.2504,1,59554594.4704,0.0331335669063864
6147,7166.2704,2,59554614.2976,0.0369629356444772
6148,7166.2904,1,59554634.2784,0.0331581535435491
6149,7166.3104,2,59554654.272,0.0369772778494888
6150,7166.3304,1,59554674.2784,0.0332821111725777
6151,7166.3504,2,59554694.3104,0.0369690823037679
6152,7166.3704,1,59554714.6112,0.0332288401253919
6153,7166.3904,2,59554734.208,0.0367887802979081
6154,7166.4104,1,59554754.3168,0.0331929846128629
6155,7166.4304,2,59554774.2976,0.0368717601983322
6156,7166.4504,1,59554794.2528,0.0331417624521073
6157,7166.4704,2,59554814.2848,0.0367109226135595
6158,7166.4904,1,59554834.2912,0.033248304546479
6159,7166.5104,2,59554854.336,0.0367949269571988
6160,7166.5304,1,59554874.3424,0.033257524535415
6161,7166.5504,2,59554894.3232,0.0367723892064663
6162,7166.5704,1,59554914.3296,0.0332216690228861
6163,7166.5904,2,59554934.3872,0.0369455201098203
6164,7166.6104,1,59554954.2528,0.0332278156821767
6165,7166.6304,2,59554974.3616,0.0373870551355338
6166,7166.6504,1,59554994.368,0.0332605978650603
6167,7166.6704,2,59555014.4,0.0373501751797898
6168,7166.6904,1,59555034.4832,0.0332728911836417
6169,7166.7104,2,59555054.336,0.0374095928862663
6170,7166.7304,1,59555074.3424,0.0332841600590079
6171,7166.7504,2,59555094.336,0.0374485217284406
6172,7166.7704,1,59555114.368,0.0332267912389616
6173,7166.7904,2,59555134.4,0.0372169975618252
6174,7166.8104,1,59555154.3808,0.0332565000921999
6175,7166.8304,2,59555174.4,0.037106357694593
6176,7166.8504,1,59555194.3424,0.0332237179093163
6177,7166.8704,2,59555214.336,0.03703362222632
6178,7166.8904,1,59555234.3296,0.033257524535415
6179,7166.9104,2,59555254.3232,0.036933226791239
6180,7166.9304,1,59555274.3808,0.0331724957485607
6181,7166.9504,2,59555294.336,0.0369598623148319
6182,7166.9704,1,59555314.4064,0.0331899112832176
6183,7166.9904,2,59555334.3104,0.0368574179933206
6184,7167.0104,1,59555354.368,0.0332513778761243
6185,7167.0304,2,59555374.4768,0.0369864978384248
6186,7167.0504,1,59555394.3552,0.0332052779314443
6187,7167.0704,2,59555414.3616,0.0370735755117094
6188,7167.0904,1,59555434.3808,0.0332339623414674
6189,7167.1104,2,59555454.336,0.0371053332513779
6190,7167.1304,1,59555474.3552,0.0331878623967873
6191,7167.1504,2,59555494.4,0.0371452865367673
6192,7167.1704,1,59555514.4192,0.0331520068842584
6193,7167.1904,2,59555534.5024,0.0371411887639068
6194,7167.2104,1,59555554.368,0.0331192247013748
6195,7167.2304,2,59555574.4256,0.0372374864261274
6196,7167.2504,1,59555594.3552,0.0331253713606655
6197,7167.2704,2,59555614.4256,0.0372108509025345
6198,7167.2904,1,59555634.4064,0.0331509824410433
6199,7167.3104,2,59555654.3872,0.0371575798553486
6200,7167.3304,1,59555674.4576,0.0331489335546131
6201,7167.3504,2,59555694.4128,0.037225193107546
6202,7167.3704,1,59555714.4576,0.0330659536541889
6203,7167.3904,2,59555734.3872,0.037197533140738
6204,7167.4104,1,59555754.4064,0.0330977113938574
6205,7167.4304,2,59555774.4256,0.037206753129674
6206,7167.4504,1,59555794.4576,0.0331827401807118
6207,7167.4704,2,59555814.4,0.037188313151802
6208,7167.4904,1,59555834.368,0.0330813203024156
6209,7167.5104,2,59555854.4384,0.0372180220050403
6210,7167.5304,1,59555874.4448,0.0332063023746594
6211,7167.5504,2,59555894.464,0.0371760198332206
6212,7167.5704,1,59555914.4448,0.0331171758149446
6213,7167.5904,2,59555934.3872,0.0372139242321798
6214,7167.6104,1,59555954.8288,0.0331704468621304
6215,7167.6304,2,59555974.4768,0.0373173929969062
6216,7167.6504,1,59555994.4448,0.0330977113938574
6217,7167.6704,2,59556014.4,0.0373870551355338
6218,7167.6904,1,59556034.3936,0.0330884914049214
6219,7167.7104,2,59556054.4384,0.0374577417173766
6220,7167.7304,1,59556074.4576,0.0330516114491774
6221,7167.7504,2,59556094.4512,0.0374167639887721
6222,7167.7704,1,59556114.432,0.03316634908927
6223,7167.7904,2,59556134.4512,0.0373317352019178
6224,7167.8104,1,59556154.4448,0.0331233224742353
6225,7167.8304,2,59556174.4896,0.0372600241768599
6226,7167.8504,1,59556194.4448,0.0331335669063864
6227,7167.8704,2,59556214.4896,0.0370909910463663
6228,7167.8904,1,59556234.432,0.0331499579978282
6229,7167.9104,2,59556254.4768,0.0368215624807917
6230,7167.9304,1,59556274.5216,0.0331827401807118
6231,7167.9504,2,59556294.4384,0.0367795603089721
6232,7167.9704,1,59556314.5216,0.0331509824410433
6233,7167.9904,2,59556334.4896,0.0365552072448624
6234,7168.0104,1,59556354.4448,0.0331581535435491
6235,7168.0304,2,59556374.464,0.0366156493945541
6236,7168.0504,1,59556394.4704,0.0331909357264327
6237,7168.0704,2,59556414.464,0.0367109226135595
6238,7168.0904,1,59556434.4832,0.033248304546479
6239,7168.1104,2,59556454.5024,0.0366801893171062
6240,7168.1304,1,59556474.56,0.0332319134550372
6241,7168.1504,2,59556494.4896,0.0366258938267052
6242,7168.1704,1,59556514.5216,0.0332370356711127
6243,7168.1904,2,59556534.5152,0.0365900383141762
6244,7168.2104,1,59556554.5088,0.0331776179646362
6245,7168.2304,2,59556574.4896,0.0365726227795193
6246,7168.2504,1,59556594.5344,0.033121273587805
6247,7168.2704,2,59556614.5152,0.0367262892617862
6248,7168.2904,1,59556634.5216,0.0331438113385375
6249,7168.3104,2,59556654.5024,0.0367068248406991
6250,7168.3304,1,59556674.56,0.033102833609933
6251,7168.3504,2,59556694.528,0.0367939025139836
6252,7168.3704,1,59556714.5216,0.0331489335546131
6253,7168.3904,2,59556734.5024,0.0370776732845698
6254,7168.4104,1,59556754.5216,0.0330997602802877
6255,7168.4304,2,59556774.5664,0.0372774397115168
6256,7168.4504,1,59556794.56,0.0331991312721536
6257,7168.4704,2,59556814.5152,0.0372661708361506
6258,7168.4904,1,59556834.5088,0.0331899112832176
6259,7168.5104,2,59556854.4768,0.037087917716721
6260,7168.5304,1,59556874.5856,0.0332636711947057
6261,7168.5504,2,59556894.528,0.0368328313561579
6262,7168.5704,1,59556914.56,0.033194009056078
6263,7168.5904,2,59556934.5408,0.0367805847521872
6264,7168.6104,1,59556954.496,0.0332114245907349
6265,7168.6304,2,59556974.5792,0.0366627737824492
6266,7168.6504,1,59556994.5728,0.0332585489786301
6267,7168.6704,2,59557014.5664,0.036787755854693
6268,7168.6904,1,59557034.56,0.0332063023746594
6269,7168.7104,2,59557054.5536,0.0369301534615936
6270,7168.7304,1,59557074.6112,0.0331530313274735
6271,7168.7504,2,59557094.5536,0.0369752289630586
6272,7168.7704,1,59557114.5984,0.0332011801585838
6273,7168.7904,2,59557134.5152,0.037197533140738
6274,7168.8104,1,59557154.5728,0.0332134734771652
6275,7168.8304,2,59557174.5536,0.0372630975065052
6276,7168.8504,1,59557194.5856,0.0332380601143279
6277,7168.8704,2,59557214.592,0.0371012354785174
6278,7168.8904,1,59557234.5472,0.0331243469174504
6279,7168.9104,2,59557254.592,0.0373184174401213
6280,7168.9304,1,59557274.624,0.0331683979757002
6281,7168.9504,2,59557294.5664,0.0373235396561969
6282,7168.9704,1,59557314.6112,0.0331509824410433
6283,7168.9904,2,59557334.5792,0.0374034462269756
6284,7169.0104,1,59557354.5856,0.0330884914049214
6285,7169.0304,2,59557374.656,0.0375028172188416
6286,7169.0504,1,59557394.5344,0.0331714713053455
6287,7169.0704,2,59557414.592,0.0373809084762432
6288,7169.0904,1,59557434.5984,0.0330987358370725
6289,7169.1104,2,59557454.5792,0.0372948552461737
6290,7169.1304,1,59557474.7264,0.0331356157928166
6291,7169.1504,2,59557494.592,0.0373552973958654
6292,7169.1704,1,59557514.6624,0.0331448357817526
6293,7169.1904,2,59557534.6304,0.0371227487860348
6294,7169.2104,1,59557554.5856,0.0332493289896941
6295,7169.2304,2,59557574.784,0.0370530866474071
6296,7169.2504,1,59557594.6112,0.0331878623967873
6297,7169.2704,2,59557614.6048,0.0369690823037679
6298,7169.2904,1,59557634.6112,0.0331130780420841
6299,7169.3104,2,59557654.5792,0.0371504087528428
6300,7169.3304,1,59557674.7008,0.0331222980310201
6301,7169.3504,2,59557694.6176,0.0372436330854181
6302,7169.3704,1,59557714.6112,0.0331069313827934
6303,7169.3904,2,59557734.6176,0.0373307107587026
6304,7169.4104,1,59557754.624,0.033121273587805
6305,7169.4304,2,59557774.6944,0.0374935972299055
6306,7169.4504,1,59557794.5984,0.0331427868953224
6307,7169.4704,2,59557814.5792,0.0375560882660274
6308,7169.4904,1,59557834.6112,0.0331222980310201
6309,7169.5104,2,59557854.656,0.0375202327534985
6310,7169.5304,1,59557874.6624,0.0331253713606655
6311,7169.5504,2,59557894.656,0.0376667281332596
6312,7169.5704,1,59557914.6624,0.0331458602249677
6313,7169.5904,2,59557934.6176,0.0376349703935911
6314,7169.6104,1,59557954.7008,0.0330905402913516
6315,7169.6304,2,59557974.7328,0.0376749236789805
6316,7169.6504,1,59557994.6624,0.0332155223635954
6317,7169.6704,2,59558014.6304,0.0376298481775155
6318,7169.6904,1,59558034.7136,0.0331786424078513
6319,7169.7104,2,59558054.656,0.0374669617063126
6320,7169.7304,1,59558074.6752,0.0331673735324851
6321,7169.7504,2,59558094.7072,0.0374874505706149
6322,7169.7704,1,59558114.7392,0.0332104001475198
6323,7169.7904,2,59558134.6432,0.0373102218944004
6324,7169.8104,1,59558154.7136,0.0332493289896941
6325,7169.8304,2,59558174.72,0.0372354375396972
6326,7169.8504,1,59558194.7008,0.033175569078206
6327,7169.8704,2,59558214.7072,0.0374485217284406
6328,7169.8904,1,59558234.6752,0.0331837646239269
6329,7169.9104,2,59558254.7072,0.0373942262380396
6330,7169.9304,1,59558274.7776,0.0332155223635954
6331,7169.9504,2,59558294.72,0.0375939926649866
6332,7169.9704,1,59558314.7136,0.0331202491445899
6333,7169.9904,2,59558334.7328,0.0376790214518409
6334,7170.0104,1,59558354.6368,0.0331550802139037
6335,7170.0304,2,59558374.7584,0.0375919437785564
6336,7170.0504,1,59558394.752,0.033121273587805
6337,7170.0704,2,59558414.72,0.0376882414407769
6338,7170.0904,1,59558434.7008,0.0332657200811359
6339,7170.1104,2,59558454.7072,0.0377271702829512
6340,7170.1304,1,59558474.7264,0.0331407380088922
6341,7170.1504,2,59558494.6688,0.0374454483987953
6342,7170.1704,1,59558514.688,0.0332605978650603
6343,7170.1904,2,59558534.7328,0.0373091974511853
6344,7170.2104,1,59558554.7264,0.0331735201917758
6345,7170.2304,2,59558574.8736,0.0372815374843772
6346,7170.2504,1,59558594.752,0.0332165468068105
6347,7170.2704,2,59558614.7712,0.0372210953346856
6348,7170.2904,1,59558634.7648,0.03321244903395
6349,7170.3104,2,59558654.7456,0.0372200708914705
6350,7170.3304,1,59558674.7648,0.0332073268178745
6351,7170.3504,2,59558694.7328,0.0371575798553486
6352,7170.3704,1,59558714.7136,0.0331878623967873
6353,7170.3904,2,59558734.6944,0.0372231442211158
6354,7170.4104,1,59558754.7392,0.0332841600590079
6355,7170.4304,2,59558774.7456,0.0371401643206917
6356,7170.4504,1,59558794.752,0.0332134734771652
6357,7170.4704,2,59558814.7712,0.0371739709467904
6358,7170.4904,1,59558834.7392,0.0332278156821767
6359,7170.5104,2,59558854.784,0.0370981621488721
6360,7170.5304,1,59558874.9184,0.0332185956932407
6361,7170.5504,2,59558894.72,0.0371985575839531
6362,7170.5704,1,59558914.7776,0.0331776179646362
6363,7170.5904,2,59558934.7584,0.0372805130411621
6364,7170.6104,1,59558954.7776,0.033194009056078
6365,7170.6304,2,59558974.848,0.0375591615956728
6366,7170.6504,1,59558994.7392,0.0331786424078513
6367,7170.6704,2,59559014.7456,0.0376605814739689
6368,7170.6904,1,59559034.7648,0.0331694224189153
6369,7170.7104,2,59559054.7456,0.0378121990698056
6370,7170.7304,1,59559074.816,0.0332903067182986
6371,7170.7504,2,59559094.7712,0.0379863544163747
6372,7170.7704,1,59559114.7648,0.0331950334992931
6373,7170.7904,2,59559134.7968,0.0378562501280554
6374,7170.8104,1,59559154.7392,0.0333814821644436
6375,7170.8304,2,59559174.8096,0.0376390681664515
6376,7170.8504,1,59559194.8416,0.0331591779867642
6377,7170.8704,2,59559214.784,0.0376134570860737
6378,7170.8904,1,59559234.7776,0.0332257667957465
6379,7170.9104,2,59559254.784,0.0376851681111316
6380,7170.9304,1,59559274.816,0.0332175712500256
6381,7170.9504,2,59559294.7584,0.0377783924437068
6382,7170.9704,1,59559314.7776,0.0332349867846825
6383,7170.9904,2,59559334.7712,0.0377025836457885
6384,7171.0104,1,59559354.7904,0.0332104001475198
6385,7171.0304,2,59559374.8224,0.0376185793021493
6386,7171.0504,1,59559394.7776,0.0332411334439732
6387,7171.0704,2,59559414.8096,0.0376769725654107
6388,7171.0904,1,59559434.7904,0.0332022046017989
6389,7171.1104,2,59559454.784,0.0375673571413936
6390,7171.1304,1,59559474.8416,0.0331673735324851
6391,7171.1504,2,59559494.8224,0.037361444055156
6392,7171.1704,1,59559514.7904,0.033229864568607
6393,7171.1904,2,59559534.8352,0.0373214907697666
6394,7171.2104,1,59559554.7904,0.0332636711947057
6395,7171.2304,2,59559574.8736,0.0372928063597435
6396,7171.2504,1,59559594.8544,0.0332421578871883
6397,7171.2704,2,59559614.8992,0.0371995820271682
6398,7171.2904,1,59559634.8672,0.0332769889565021
6399,7171.3104,2,59559654.848,0.0371032843649476
6400,7171.3304,1,59559674.8416,0.0332267912389616
6401,7171.3504,2,59559694.848,0.0370551355338374
6402,7171.3704,1,59559714.8416,0.0332349867846825
6403,7171.3904,2,59559734.8224,0.0369864978384248
6404,7171.4104,1,59559754.8544,0.0331591779867642
6405,7171.4304,2,59559774.8608,0.0369824000655644
6406,7171.4504,1,59559794.8416,0.0331899112832176
6407,7171.4704,2,59559814.8864,0.0370346466695351
6408,7171.4904,1,59559834.8032,0.0332585489786301
6409,7171.5104,2,59559854.8352,0.0370899666031512
6410,7171.5304,1,59559874.9056,0.0332677689675661
6411,7171.5504,2,59559894.8096,0.0371688487307149
6412,7171.5704,1,59559914.8928,0.0331817157374967
6413,7171.5904,2,59559934.8736,0.0371370909910464
6414,7171.6104,1,59559954.88,0.0333107955826009
6415,7171.6304,2,59559974.9504,0.0371555309689184
6416,7171.6504,1,59559994.8672,0.0332380601143279
6417,7171.6704,2,59560014.8736,0.037160653184994
6418,7171.6904,1,59560034.9056,0.0331171758149446
6419,7171.7104,2,59560054.9504,0.0372508041879239
6420,7171.7304,1,59560074.9056,0.0332677689675661
6421,7171.7504,2,59560094.9504,0.0372036798000287
6422,7171.7704,1,59560114.9184,0.0332585489786301
6423,7171.7904,2,59560134.8864,0.0372374864261274
6424,7171.8104,1,59560154.9056,0.0331735201917758
6425,7171.8304,2,59560174.9632,0.0372374864261274
6426,7171.8504,1,59560194.88,0.0332892822750835
6427,7171.8704,2,59560214.8608,0.0373358329747782
6428,7171.8904,1,59560234.944,0.0332749400700719
6429,7171.9104,2,59560254.8608,0.03735222406622
6430,7171.9304,1,59560274.9568,0.033194009056078
6431,7171.9504,2,59560294.9632,0.03735222406622
6432,7171.9704,1,59560315.008,0.0332226934661012
6433,7171.9904,2,59560334.8992,0.0373481262933596
6434,7172.0104,1,59560354.944,0.0332216690228861
6435,7172.0304,2,59560375.1168,0.0372467064150634
6436,7172.0504,1,59560394.88,0.0332349867846825
6437,7172.0704,2,59560414.9504,0.0372671952793657
6438,7172.0904,1,59560434.9056,0.0331991312721536
6439,7172.1104,2,59560454.8992,0.0371831909357264
6440,7172.1304,1,59560474.9824,0.0332155223635954
6441,7172.1504,2,59560494.9632,0.0371094310242383
6442,7172.1704,1,59560514.9568,0.0332769889565021
6443,7172.1904,2,59560535.0016,0.0371422132071219
6444,7172.2104,1,59560554.9696,0.0332944044911591
6445,7172.2304,2,59560574.976,0.0370469399881165
6446,7172.2504,1,59560595.0336,0.0332247423525314
6447,7172.2704,2,59560615.0144,0.0369639600876923
6448,7172.2904,1,59560634.9824,0.0331858135103571
6449,7172.3104,2,59560654.9376,0.036960886758047
6450,7172.3304,1,59560675.1104,0.033239084557543
6451,7172.3504,2,59560694.9888,0.0370366955559653
6452,7172.3704,1,59560714.9568,0.0333107955826009
6453,7172.3904,2,59560734.976,0.0369967422705759
6454,7172.4104,1,59560754.944,0.0332728911836417
6455,7172.4304,2,59560775.0016,0.0370377199991804
6456,7172.4504,1,59560794.9184,0.0332882578318684
6457,7172.4704,2,59560814.9504,0.0371995820271682
6458,7172.4904,1,59560834.9952,0.0332841600590079
6459,7172.5104,2,59560855.0016,0.037361444055156
6460,7172.5304,1,59560874.9824,0.0332104001475198
6461,7172.5504,2,59560894.9504,0.037343004077284
6462,7172.5704,1,59560914.9568,0.0332401090007581
6463,7172.5904,2,59560934.9632,0.0372866597004528
6464,7172.6104,1,59560954.9824,0.0332083512610896
6465,7172.6304,2,59560975.04,0.0371401643206917
6466,7172.6504,1,59560994.9952,0.0331806912942816
6467,7172.6704,2,59561014.9888,0.0370715266252792
6468,7172.6904,1,59561036.0704,0.033248304546479
6469,7172.7104,2,59561054.976,0.0370838199438605
6470,7172.7304,1,59561075.0336,0.0333425533222693
6471,7172.7504,2,59561094.9888,0.0371493843096277
6472,7172.7704,1,59561115.0208,0.0331878623967873
6473,7172.7904,2,59561135.0016,0.0371954842543078
6474,7172.8104,1,59561155.0336,0.0332155223635954
6475,7172.8304,2,59561175.0656,0.0372405597557727
6476,7172.8504,1,59561195.008,0.0331776179646362
6477,7172.8704,2,59561215.0144,0.03716987317393
6478,7172.8904,1,59561235.008,0.0332278156821767
6479,7172.9104,2,59561255.1168,0.0370479644313316
6480,7172.9304,1,59561275.0592,0.0331110291556539
6481,7172.9504,2,59561295.2704,0.0373173929969062
6482,7172.9704,1,59561315.1232,0.0331141024852992
6483,7172.9904,2,59561334.9888,0.0372989530190342
6484,7173.0104,1,59561355.0336,0.0331489335546131
6485,7173.0304,2,59561375.2064,0.037361444055156
6486,7173.0504,1,59561395.0976,0.0331141024852992
6487,7173.0704,2,59561415.1296,0.037242608642203
6488,7173.0904,1,59561435.0976,0.0332349867846825
6489,7173.1104,2,59561455.0272,0.0372907574733133
6490,7173.1304,1,59561475.0848,0.033130493576741
6491,7173.1504,2,59561495.0528,0.0371637265146393
6492,7173.1704,1,59561515.0336,0.0331745446349909
6493,7173.1904,2,59561535.0656,0.0372200708914705
6494,7173.2104,1,59561555.0336,0.0331561046571189
6495,7173.2304,2,59561575.1424,0.0372128997889647
6496,7173.2504,1,59561595.0464,0.0331837646239269
6497,7173.2704,2,59561615.04,0.0372784641547319
6498,7173.2904,1,59561635.0336,0.0330977113938574
6499,7173.3104,2,59561655.0656,0.0373081730079702
6500,7173.3304,1,59561675.0976,0.0331171758149446
6501,7173.3504,2,59561695.0784,0.0372077775728891
6502,7173.3704,1,59561715.0592,0.0331386891224619
6503,7173.3904,2,59561735.0528,0.0372805130411621
6504,7173.4104,1,59561755.072,0.0330884914049214
6505,7173.4304,2,59561775.0912,0.037251828631139
6506,7173.4504,1,59561795.008,0.0331448357817526
6507,7173.4704,2,59561815.0656,0.0373757862601676
6508,7173.4904,1,59561835.0464,0.0331130780420841
6509,7173.5104,2,59561855.0656,0.0374044706701908
6510,7173.5304,1,59561875.0976,0.033203229045014
6511,7173.5504,2,59561895.0912,0.0376462392689573
6512,7173.5704,1,59561915.0592,0.0332144979203803
6513,7173.5904,2,59561935.0912,0.0377415124879628
6514,7173.6104,1,59561955.1488,0.0332052779314443
6515,7173.6304,2,59561975.0912,0.0377783924437068
6516,7173.6504,1,59561995.0848,0.0331724957485607
6517,7173.6704,2,59562015.0784,0.0378777634355728
6518,7173.6904,1,59562035.0976,0.0332257667957465
6519,7173.7104,2,59562055.1296,0.0376872169975618
6520,7173.7304,1,59562075.136,0.0332042534882291
6521,7173.7504,2,59562095.1296,0.0376667281332596
6522,7173.7704,1,59562115.0336,0.0331991312721536
6523,7173.7904,2,59562135.104,0.0374854016841846
6524,7173.8104,1,59562155.1232,0.0331970823857234
6525,7173.8304,2,59562175.1168,0.0374720839223882
6526,7173.8504,1,59562195.0976,0.0332063023746594
6527,7173.8704,2,59562215.104,0.0375048661052718
6528,7173.8904,1,59562235.0848,0.0332042534882291
6529,7173.9104,2,59562255.104,0.0374444239555801
6530,7173.9304,1,59562275.1488,0.0332288401253919
6531,7173.9504,2,59562295.0912,0.0372938308029586
6532,7173.9704,1,59562315.1232,0.0331929846128629
6533,7173.9904,2,59562335.0912,0.037251828631139
6534,7174.0104,1,59562355.1104,0.0331827401807118
6535,7174.0304,2,59562375.0784,0.0373440285204991
6536,7174.0504,1,59562395.1104,0.0332554756489848
6537,7174.0704,2,59562415.104,0.0374352039666441
6538,7174.0904,1,59562435.0848,0.0332380601143279
6539,7174.1104,2,59562455.0912,0.0373143196672608
6540,7174.1304,1,59562475.0976,0.0332616223082755
6541,7174.1504,2,59562495.1168,0.0372743663818714
6542,7174.1704,1,59562515.0976,0.033194009056078
6543,7174.1904,2,59562535.104,0.0372190464482554
6544,7174.2104,1,59562555.1104,0.0332165468068105
6545,7174.2304,2,59562575.3088,0.0373112463376155
6546,7174.2504,1,59562595.136,0.0332063023746594
6547,7174.2704,2,59562615.1168,0.0372262175507612
6548,7174.2904,1,59562635.1232,0.0332708422972115
6549,7174.3104,2,59562655.1296,0.0372016309135985
6550,7174.3304,1,59562675.136,0.0332144979203803
6551,7174.3504,2,59562695.0912,0.0372395353125576
6552,7174.3704,1,59562715.136,0.033220644579671
6553,7174.3904,2,59562735.1296,0.0370633310795583
6554,7174.4104,1,59562755.136,0.0332339623414674
6555,7174.4304,2,59562775.1808,0.0370510377609769
6556,7174.4504,1,59562795.1616,0.0331653246460549
6557,7174.4704,2,59562815.1552,0.0371995820271682
6558,7174.4904,1,59562835.136,0.0331653246460549
6559,7174.5104,2,59562855.1424,0.0371514331960579
6560,7174.5304,1,59562875.1616,0.0332513778761243
6561,7174.5504,2,59562895.2064,0.0371329932181859
6562,7174.5704,1,59562915.136,0.033248304546479
6563,7174.5904,2,59562935.1552,0.037061282193128
6564,7174.6104,1,59562955.1616,0.0333271866740427
6565,7174.6304,2,59562975.1936,0.0370090355891573
6566,7174.6504,1,59562995.1616,0.0332626467514906
6567,7174.6704,2,59563015.168,0.0369762534062737
6568,7174.6904,1,59563035.1744,0.03321244903395
6569,7174.7104,2,59563055.168,0.0370203044645235
6570,7174.7304,1,59563075.1744,0.0332185956932407
6571,7174.7504,2,59563095.1936,0.0369731800766284
6572,7174.7704,1,59563115.2,0.033257524535415
6573,7174.7904,2,59563135.1808,0.0368779068576229
6574,7174.8104,1,59563155.1872,0.0332349867846825
6575,7174.8304,2,59563175.2192,0.0370633310795583
6576,7174.8504,1,59563195.2,0.0331899112832176
6577,7174.8704,2,59563215.1808,0.0368871268465589
6578,7174.8904,1,59563235.2896,0.0332155223635954
6579,7174.9104,2,59563255.2064,0.0369434712233901
6580,7174.9304,1,59563275.2128,0.033266744524351
6581,7174.9504,2,59563295.2576,0.0369905956112853
6582,7174.9704,1,59563315.2256,0.0332810867293626
6583,7174.9904,2,59563335.2064,0.0371514331960579
6584,7175.0104,1,59563355.2128,0.0331233224742353
6585,7175.0304,2,59563375.2192,0.0372712930522261
6586,7175.0504,1,59563395.2384,0.0332288401253919
6587,7175.0704,2,59563415.2064,0.0374352039666441
6588,7175.0904,1,59563435.2256,0.0332862089454381
6589,7175.1104,2,59563455.488,0.0374116417726965
6590,7175.1304,1,59563475.264,0.0332544512057697
6591,7175.1504,2,59563495.2576,0.0373040752351097
6592,7175.1704,1,59563515.2128,0.0332728911836417
6593,7175.1904,2,59563535.232,0.0373225152129817
6594,7175.2104,1,59563555.2256,0.0332708422972115
6595,7175.2304,2,59563575.232,0.0372344130964821
6596,7175.2504,1,59563595.2384,0.0332626467514906
6597,7175.2704,2,59563615.2448,0.0371719220603602
6598,7175.2904,1,59563635.2384,0.0331550802139037
6599,7175.3104,2,59563655.2576,0.0372026553568136
6600,7175.3304,1,59563675.2896,0.0332728911836417
6601,7175.3504,2,59563695.2576,0.0372272419939763
6602,7175.3704,1,59563715.2512,0.0331530313274735
6603,7175.3904,2,59563735.2448,0.0372815374843772
6604,7175.4104,1,59563755.264,0.033248304546479
6605,7175.4304,2,59563775.296,0.0373091974511853
6606,7175.4504,1,59563795.2512,0.0333056733665253
6607,7175.4704,2,59563815.2704,0.0372395353125576
6608,7175.4904,1,59563835.264,0.0333128444690311
6609,7175.5104,2,59563855.2704,0.0372989530190342
6610,7175.5304,1,59563875.3152,0.0333036244800951
6611,7175.5504,2,59563895.2704,0.0373716884873071
6612,7175.5704,1,59563915.2896,0.0333138689122462
6613,7175.5904,2,59563935.2704,0.0373255885426271
6614,7175.6104,1,59563955.2768,0.0332964533775893
6615,7175.6304,2,59563975.2832,0.0374239350912779
6616,7175.6504,1,59563995.2896,0.033275964513287
6617,7175.6704,2,59564015.3472,0.0374597906038068
6618,7175.6904,1,59564035.2896,0.0332267912389616
6619,7175.7104,2,59564055.2832,0.0375478927203065
6620,7175.7304,1,59564075.3408,0.0332196201364558
6621,7175.7504,2,59564095.3088,0.0376667281332596
6622,7175.7704,1,59564115.3024,0.0332718667404266
6623,7175.7904,2,59564135.3088,0.0378296146044625
6624,7175.8104,1,59564155.3024,0.0332226934661012
6625,7175.8304,2,59564175.3472,0.0379607433359969
6626,7175.8504,1,59564195.3152,0.0332790378429324
6627,7175.8704,2,59564215.3088,0.0380754809760895
6628,7175.8904,1,59564235.328,0.0331694224189153
6629,7175.9104,2,59564255.3088,0.0382178785829901
6630,7175.9304,1,59564275.3536,0.0332339623414674
6631,7175.9504,2,59564295.36,0.0381953408322577
6632,7175.9704,1,59564315.3152,0.0332964533775893
6633,7175.9904,2,59564335.3472,0.0382609051980249
6634,7176.0104,1,59564355.3152,0.0332001557153687
6635,7176.0304,2,59564375.36,0.0380908476243162
6636,7176.0504,1,59564395.3152,0.0331735201917758
6637,7176.0704,2,59564415.3344,0.0379402544716946
6638,7176.0904,1,59564435.328,0.0331837646239269
6639,7176.1104,2,59564455.3216,0.0378726412194972
6640,7176.1304,1,59564475.3152,0.0332042534882291
6641,7176.1504,2,59564495.3472,0.0376738992357654
6642,7176.1704,1,59564515.3536,0.0332001557153687
6643,7176.1904,2,59564535.36,0.0374966705595509
6644,7176.2104,1,59564555.3408,0.0332370356711127
6645,7176.2304,2,59564575.3984,0.0375089638781322
6646,7176.2504,1,59564595.3664,0.0332042534882291
6647,7176.2704,2,59564615.3984,0.037452619501301
6648,7176.2904,1,59564635.3664,0.0332001557153687
6649,7176.3104,2,59564655.36,0.0373932017948245
6650,7176.3304,1,59564675.4432,0.0331909357264327
6651,7176.3504,2,59564695.36,0.0373952506812547
6652,7176.3704,1,59564715.3664,0.0331796668510664
6653,7176.3904,2,59564735.3984,0.0374147151023419
6654,7176.4104,1,59564755.3792,0.0331222980310201
6655,7176.4304,2,59564775.424,0.0375776015735448
6656,7176.4504,1,59564795.3792,0.0331561046571189
6657,7176.4704,2,59564815.3856,0.0376954125432827
6658,7176.4904,1,59564835.3792,0.0332104001475198
6659,7176.5104,2,59564855.3856,0.0378449812526892
6660,7176.5304,1,59564875.4432,0.0332052779314443
6661,7176.5504,2,59564895.3856,0.0381267031368451
6662,7176.5704,1,59564915.3792,0.0332063023746594
6663,7176.5904,2,59564935.3984,0.0381881697297519
6664,7176.6104,1,59564955.3792,0.033239084557543
6665,7176.6304,2,59564975.4496,0.0381215809207696
6666,7176.6504,1,59564995.4048,0.033194009056078
6667,7176.6704,2,59565015.3856,0.0379504989038458
6668,7176.6904,1,59565035.4176,0.0331858135103571
6669,7176.7104,2,59565055.3984,0.0378142479562358
6670,7176.7304,1,59565075.4176,0.0331335669063864
6671,7176.7504,2,59565095.424,0.0377445858176081
6672,7176.7704,1,59565115.4176,0.0331130780420841
6673,7176.7904,2,59565135.424,0.0376513614850329
6674,7176.8104,1,59565155.4432,0.0331888868400025
6675,7176.8304,2,59565175.424,0.0375274038560043
6676,7176.8504,1,59565195.4304,0.0331745446349909
6677,7176.8704,2,59565215.424,0.0374894994570451
6678,7176.8904,1,59565235.4304,0.0331714713053455
6679,7176.9104,2,59565255.4368,0.0377077058618641
6680,7176.9304,1,59565275.456,0.0331591779867642
6681,7176.9504,2,59565295.4752,0.0378972278566599
6682,7176.9704,1,59565315.4432,0.0331397135656771
6683,7176.9904,2,59565335.4368,0.0379668899952876
6684,7177.0104,1,59565355.4432,0.0331089802692237
6685,7177.0304,2,59565375.4624,0.0383387628823734
6686,7177.0504,1,59565395.4688,0.0331397135656771
6687,7177.0704,2,59565415.4624,0.0385600426168378
6688,7177.0904,1,59565435.4432,0.0330854180752761
6689,7177.1104,2,59565455.4624,0.0387721023623661
6690,7177.1304,1,59565475.4816,0.0331243469174504
6691,7177.1504,2,59565495.4624,0.0389185977421272
6692,7177.1704,1,59565515.4688,0.0331438113385375
6693,7177.1904,2,59565535.4624,0.0390087487450571
6694,7177.2104,1,59565555.4816,0.0331479091113979
6695,7177.2304,2,59565575.4752,0.0389257688446329
6696,7177.2504,1,59565595.4816,0.0331960579425082
6697,7177.2704,2,59565615.5008,0.038835617841703
6698,7177.2904,1,59565635.4816,0.0331694224189153
6699,7177.3104,2,59565655.5008,0.0387833712377323
6700,7177.3304,1,59565675.5328,0.0331397135656771
6701,7177.3504,2,59565695.488,0.0387003913373082
6702,7177.3704,1,59565715.4816,0.0331991312721536
6703,7177.3904,2,59565735.5008,0.0387751756920114
6704,7177.4104,1,59565755.4944,0.0331509824410433
6705,7177.4304,2,59565775.5264,0.0387485401684185
6706,7177.4504,1,59565795.5072,0.033075173643125
6707,7177.4704,2,59565815.5136,0.0386501936197677
6708,7177.4904,1,59565835.5072,0.03321244903395
6709,7177.5104,2,59565855.5136,0.0384473538631754
6710,7177.5304,1,59565875.5584,0.033112053598869
6711,7177.5504,2,59565895.5008,0.0381010920564673
6712,7177.5704,1,59565915.52,0.0331499579978282
6713,7177.5904,2,59565935.5136,0.0378839100948634
6714,7177.6104,1,59565955.5968,0.0331243469174504
6715,7177.6304,2,59565975.5392,0.0378644456737763
6716,7177.6504,1,59565995.52,0.0331796668510664
6717,7177.6704,2,59566015.5264,0.0378040035240847
6718,7177.6904,1,59566035.5328,0.0332196201364558
6719,7177.7104,2,59566056.1408,0.0376943881000676
6720,7177.7304,1,59566075.8016,0.0331827401807118
6721,7177.7504,2,59566095.5392,0.0377240969533059
6722,7177.7704,1,59566115.5328,0.0331735201917758
6723,7177.7904,2,59566135.5392,0.037697461429713
6724,7177.8104,1,59566155.5456,0.033220644579671
6725,7177.8304,2,59566175.5264,0.0376718503493351
6726,7177.8504,1,59566195.5456,0.0332134734771652
6727,7177.8704,2,59566215.5392,0.037516134980638
6728,7177.8904,1,59566235.5712,0.033311820025816
6729,7177.9104,2,59566255.5648,0.0374823283545393
6730,7177.9304,1,59566275.5712,0.0331970823857234
6731,7177.9504,2,59566295.5392,0.0374802794681091
6732,7177.9704,1,59566315.5584,0.0330946380642121
6733,7177.9904,2,59566335.552,0.0376554592578933
6734,7178.0104,1,59566355.5584,0.0331817157374967
6735,7178.0304,2,59566375.5776,0.03762472596144
6736,7178.0504,1,59566395.5584,0.0332698178539964
6737,7178.0704,2,59566415.5776,0.0375991148810621
6738,7178.0904,1,59566435.584,0.0331069313827934
6739,7178.1104,2,59566455.5648,0.0375458438338763
6740,7178.1304,1,59566475.5968,0.0331643002028398
6741,7178.1504,2,59566495.5904,0.037506914991702
6742,7178.1704,1,59566515.5712,0.0331448357817526
6743,7178.1904,2,59566535.5904,0.0376359948368062
6744,7178.2104,1,59566555.584,0.0331714713053455
6745,7178.2304,2,59566575.616,0.0377917102055033
6746,7178.2504,1,59566595.5968,0.0331929846128629
6747,7178.2704,2,59566615.5776,0.0379156678345319
6748,7178.2904,1,59566635.6352,0.0331591779867642
6749,7178.3104,2,59566655.5904,0.0378736656627123
6750,7178.3304,1,59566675.7248,0.0331919601696478
6751,7178.3504,2,59566695.6544,0.0378470301391194
6752,7178.3704,1,59566715.6096,0.033121273587805
6753,7178.3904,2,59566735.6672,0.0378490790255496
6754,7178.4104,1,59566755.6096,0.0331673735324851
6755,7178.4304,2,59566775.6416,0.0377742946708464
6756,7178.4504,1,59566795.5968,0.0330946380642121
6757,7178.4704,2,59566815.616,0.0377753191140615
6758,7178.4904,1,59566835.6224,0.0332339623414674
6759,7178.5104,2,59566855.5904,0.0377742946708464
6760,7178.5304,1,59566875.6736,0.0331868379535722
6761,7178.5504,2,59566895.616,0.037680045895056
6762,7178.5704,1,59566915.6352,0.0332083512610896
6763,7178.5904,2,59566935.6288,0.037689265883992
6764,7178.6104,1,59566955.6224,0.0331407380088922
6765,7178.6304,2,59566975.6672,0.0379146433913168
6766,7178.6504,1,59566995.6352,0.0331315180199562
6767,7178.6704,2,59567015.6416,0.0381861208433217
6768,7178.6904,1,59567035.648,0.0332380601143279
6769,7178.7104,2,59567055.6416,0.0384596471817567
6770,7178.7304,1,59567075.7248,0.0332001557153687
6771,7178.7504,2,59567095.6544,0.0383213473477165
6772,7178.7704,1,59567115.6608,0.0331735201917758
6773,7178.7904,2,59567135.6544,0.0383602761898908
6774,7178.8104,1,59567155.648,0.0331970823857234
6775,7178.8304,2,59567175.68,0.0383428606552339
6776,7178.8504,1,59567195.6736,0.0332144979203803
6777,7178.8704,2,59567215.6672,0.0382875407216178
6778,7178.8904,1,59567235.6608,0.0331397135656771
6779,7178.9104,2,59567255.6288,0.0382598807548098
6780,7178.9304,1,59567275.6864,0.0331970823857234
6781,7178.9504,2,59567295.7696,0.038153338660438
6782,7178.9704,1,59567315.6864,0.0332687934107812
6783,7178.9904,2,59567335.6544,0.038144118671502
6784,7179.0104,1,59567355.776,0.0331632757596246
6785,7179.0304,2,59567375.6928,0.0382045608211937
6786,7179.0504,1,59567395.6736,0.0332411334439732
6787,7179.0704,2,59567415.6928,0.038098018726822
6788,7179.0904,1,59567435.6864,0.0332329378982523
6789,7179.1104,2,59567455.6928,0.0381318253529207
6790,7179.1304,1,59567475.712,0.0332370356711127
6791,7179.1504,2,59567495.7056,0.0381830475136763
6792,7179.1704,1,59567515.6992,0.0332073268178745
6793,7179.1904,2,59567535.7056,0.038243489663368
6794,7179.2104,1,59567555.7248,0.0332616223082755
6795,7179.2304,2,59567575.7824,0.0382301719015715
6796,7179.2504,1,59567595.7248,0.0332370356711127
6797,7179.2704,2,59567615.7056,0.0381430942282869
6798,7179.2904,1,59567635.7376,0.0331704468621304
6799,7179.3104,2,59567655.744,0.0380724076464442
6800,7179.3304,1,59567675.776,0.0332011801585838
6801,7179.3504,2,59567695.7696,0.037825516831602
6802,7179.3704,1,59567715.7248,0.0331878623967873
6803,7179.3904,2,59567735.7184,0.0377363902718872
6804,7179.4104,1,59567755.6992,0.0332247423525314
6805,7179.4304,2,59567775.744,0.0377097547482943
6806,7179.4504,1,59567795.7248,0.0331765935214211
6807,7179.4704,2,59567815.744,0.0378234679451718
6808,7179.4904,1,59567835.7504,0.0331520068842584
6809,7179.5104,2,59567855.808,0.0378582990144856
6810,7179.5304,1,59567875.8528,0.0331806912942816
6811,7179.5504,2,59567895.7312,0.038088798737886
6812,7179.5704,1,59567915.7632,0.0331888868400025
6813,7179.5904,2,59567935.7696,0.0381697297518798
6814,7179.6104,1,59567955.7504,0.0332780133997173
6815,7179.6304,2,59567975.872,0.0381103120454033
6816,7179.6504,1,59567995.7504,0.0331929846128629
6817,7179.6704,2,59568015.744,0.0381748519679554
6818,7179.6904,1,59568035.7632,0.0331561046571189
6819,7179.7104,2,59568055.7568,0.0381758764111705
6820,7179.7304,1,59568075.7888,0.0332114245907349
6821,7179.7504,2,59568095.7696,0.038216854139775
6822,7179.7704,1,59568115.7632,0.0332237179093163
6823,7179.7904,2,59568135.7696,0.0381000676132522
6824,7179.8104,1,59568155.7632,0.0331561046571189
6825,7179.8304,2,59568175.8592,0.0380990431700371
6826,7179.8504,1,59568195.84,0.0332226934661012
6827,7179.8704,2,59568215.7824,0.0382691007437458
6828,7179.8904,1,59568235.8272,0.0330925891777819
6829,7179.9104,2,59568255.7824,0.0383971561456348
6830,7179.9304,1,59568275.7888,0.0332042534882291
6831,7179.9504,2,59568296.0256,0.0385918003565062
6832,7179.9704,1,59568315.8016,0.0332462556600488
6833,7179.9904,2,59568335.7952,0.0386758047001455
6834,7180.0104,1,59568355.8016,0.0333282111172578
6835,7180.0304,2,59568375.8208,0.0386245825393898
6836,7180.0504,1,59568395.8144,0.03330260003688
6837,7180.0704,2,59568415.808,0.0386409736308316
6838,7180.0904,1,59568435.8144,0.033239084557543
6839,7180.1104,2,59568455.808,0.0385795070379249
6840,7180.1304,1,59568475.8656,0.0332185956932407
6841,7180.1504,2,59568495.8208,0.0386245825393898
6842,7180.1704,1,59568515.8144,0.0331345913496015
6843,7180.1904,2,59568535.872,0.0385733603786342
6844,7180.2104,1,59568555.8144,0.0331714713053455
6845,7180.2304,2,59568575.8976,0.0384063761345709
6846,7180.2504,1,59568595.8272,0.0332452312168336
6847,7180.2704,2,59568615.7696,0.0381267031368451
6848,7180.2904,1,59568635.8528,0.0331427868953224
6849,7180.3104,2,59568655.8208,0.0380754809760895
6850,7180.3304,1,59568675.8784,0.0331673735324851
6851,7180.3504,2,59568695.808,0.0379730366545782
6852,7180.3704,1,59568715.84,0.0331653246460549
6853,7180.3904,2,59568735.8464,0.0379136189481017
6854,7180.4104,1,59568755.8528,0.0331489335546131
6855,7180.4304,2,59568775.8976,0.0379218144938226
6856,7180.4504,1,59568795.84,0.0332001557153687
6857,7180.4704,2,59568815.8592,0.037907472288811
6858,7180.4904,1,59568835.8656,0.0332001557153687
6859,7180.5104,2,59568855.8464,0.0378224435019567
6860,7180.5304,1,59568875.9552,0.0332411334439732
6861,7180.5504,2,59568895.8464,0.0378931300837995
6862,7180.5704,1,59568915.8656,0.0331438113385375
6863,7180.5904,2,59568935.872,0.0380857254082406
6864,7180.6104,1,59568955.8528,0.033121273587805
6865,7180.6304,2,59568975.9232,0.0380580654414326
6866,7180.6504,1,59568995.8784,0.0331530313274735
6867,7180.6704,2,59569015.8592,0.0380703587600139
6868,7180.6904,1,59569035.8784,0.0332565000921999
6869,7180.7104,2,59569055.8592,0.0379187411641773
6870,7180.7304,1,59569075.9296,0.0332216690228861
6871,7180.7504,2,59569095.8464,0.037762001352265
6872,7180.7704,1,59569115.8784,0.0331243469174504
6873,7180.7904,2,59569136.0128,0.0377937590919335
6874,7180.8104,1,59569155.8528,0.0332185956932407
6875,7180.8304,2,59569175.8848,0.0377640502386953
6876,7180.8504,1,59569195.904,0.0331950334992931
6877,7180.8704,2,59569215.8976,0.0377507324768988
6878,7180.8904,1,59569235.8912,0.0332349867846825
6879,7180.9104,2,59569255.9232,0.0376810703382711
6880,7180.9304,1,59569275.9296,0.0332267912389616
6881,7180.9504,2,59569295.9616,0.0376954125432827
6882,7180.9704,1,59569315.9168,0.0331622513164095
6883,7180.9904,2,59569335.8976,0.0376411170528818
6884,7181.0104,1,59569355.9808,0.033266744524351
6885,7181.0304,2,59569375.9232,0.0377865879894278
6886,7181.0504,1,59569395.9168,0.0332144979203803
6887,7181.0704,2,59569415.9232,0.0380037699510316
6888,7181.0904,1,59569435.9296,0.0331981068289385
6889,7181.1104,2,59569455.9104,0.0383356895527281
6890,7181.1304,1,59569476.0192,0.0331858135103571
6891,7181.1504,2,59569495.9232,0.0384033028049255
6892,7181.1704,1,59569515.9168,0.0333036244800951
6893,7181.1904,2,59569535.9488,0.0385159915585879
6894,7181.2104,1,59569555.9296,0.0332687934107812
6895,7181.2304,2,59569576.0512,0.0384360849878091
6896,7181.2504,1,59569595.9424,0.0332882578318684
6897,7181.2704,2,59569615.9616,0.0384340361013789
6898,7181.2904,1,59569635.9808,0.0333077222529555
6899,7181.3104,2,59569655.936,0.0382445141065831
6900,7181.3304,1,59569675.968,0.033311820025816
6901,7181.3504,2,59569695.9616,0.0381728030815252
6902,7181.3704,1,59569715.9552,0.0332472801032639
6903,7181.3904,2,59569736,0.0383008584834143
6904,7181.4104,1,59569755.968,0.0332472801032639
6905,7181.4304,2,59569776.064,0.038453500522466
6906,7181.4504,1,59569795.968,0.0333056733665253
6907,7181.4704,2,59569815.9744,0.0385385293093204
6908,7181.4904,1,59569835.9936,0.0331745446349909
6909,7181.5104,2,59569855.9744,0.0385446759686111
6910,7181.5304,1,59569876.0832,0.0332657200811359
6911,7181.5504,2,59569895.936,0.0385538959575471
6912,7181.5704,1,59569915.9808,0.0332401090007581
6913,7181.5904,2,59569936,0.0386645358247792
6914,7181.6104,1,59569955.968,0.0333097711393857
6915,7181.6304,2,59569976.0512,0.0387997623291741
6916,7181.6504,1,59569995.9936,0.0332185956932407
6917,7181.6704,2,59570015.9872,0.0388724977974471
6918,7181.6904,1,59570035.9936,0.0332216690228861
6919,7181.7104,2,59570055.9872,0.0389001577642551
6920,7181.7304,1,59570076.0704,0.0332687934107812
6921,7181.7504,2,59570096,0.0388602044788657
6922,7181.7704,1,59570115.9552,0.0332831356157928
6923,7181.7904,2,59570136.0256,0.0387393201794825
6924,7181.8104,1,59570155.9936,0.0332892822750835
6925,7181.8304,2,59570176.0128,0.0387147335423197
6926,7181.8504,1,59570196.0576,0.0331591779867642
6927,7181.8704,2,59570216.0128,0.0388694244678017
6928,7181.8904,1,59570236.0576,0.0332001557153687
6929,7181.9104,2,59570256.0256,0.0387915667834532
6930,7181.9304,1,59570276.032,0.0332052779314443
6931,7181.9504,2,59570296.0896,0.0387147335423197
6932,7181.9704,1,59570316.032,0.0331643002028398
6933,7181.9904,2,59570336.0256,0.038571311492204
6934,7182.0104,1,59570356.0832,0.0331233224742353
6935,7182.0304,2,59570376.0384,0.038707562439814
6936,7182.0504,1,59570396.032,0.0332216690228861
6937,7182.0704,2,59570416.0384,0.038862253365296
6938,7182.0904,1,59570436.032,0.0332073268178745
6939,7182.1104,2,59570456.0768,0.0390046509721966
6940,7182.1304,1,59570476.1216,0.033175569078206
6941,7182.1504,2,59570496.064,0.0390968508615567
6942,7182.1704,1,59570516.1856,0.03316634908927
6943,7182.1904,2,59570536.064,0.0390210420636384
6944,7182.2104,1,59570556.16,0.0331110291556539
6945,7182.2304,2,59570576.1152,0.0389985043129059
6946,7182.2504,1,59570596.0704,0.0331643002028398
6947,7182.2704,2,59570616.0512,0.0388376667281333
6948,7182.2904,1,59570636.0576,0.0331929846128629
6949,7182.3104,2,59570656.1408,0.0387792734648718
6950,7182.3304,1,59570676.0448,0.033157129100334
6951,7182.3504,2,59570696.0896,0.0385098448992972
6952,7182.3704,1,59570716.096,0.033130493576741
6953,7182.3904,2,59570736.0768,0.0383326162230828
6954,7182.4104,1,59570756.1088,0.0331643002028398
6955,7182.4304,2,59570776.1024,0.0381123609318335
6956,7182.4504,1,59570796.0832,0.0332114245907349
6957,7182.4704,2,59570816.0896,0.0380498698957117
6958,7182.4904,1,59570836.0832,0.0331366402360317
6959,7182.5104,2,59570856.1152,0.0380662609871535
6960,7182.5304,1,59570876.096,0.0331970823857234
6961,7182.5504,2,59570896.0896,0.0380918720675313
6962,7182.5704,1,59570916.1216,0.0332093757043047
6963,7182.5904,2,59570936.1024,0.0381758764111705
6964,7182.6104,1,59570956.2496,0.0331868379535722
6965,7182.6304,2,59570976.1152,0.0382281230151413
6966,7182.6504,1,59570996.096,0.0331909357264327
6967,7182.6704,2,59571016.1024,0.0382035363779786
6968,7182.6904,1,59571036.1088,0.0332360112278976
6969,7182.7104,2,59571056.1152,0.0382107074804844
6970,7182.7304,1,59571076.1216,0.0331704468621304
6971,7182.7504,2,59571096.1536,0.0382363185608622
6972,7182.7704,1,59571116.1216,0.0332011801585838
6973,7182.7904,2,59571136.128,0.0382496363226586
6974,7182.8104,1,59571156.1472,0.0332093757043047
6975,7182.8304,2,59571176.2048,0.038316225131641
6976,7182.8504,1,59571196.16,0.0332442067736185
6977,7182.8704,2,59571216.1408,0.0383490073145245
6978,7182.8904,1,59571236.1216,0.0331458602249677
6979,7182.9104,2,59571256.2688,0.0383848628270535
6980,7182.9304,1,59571276.16,0.0331714713053455
6981,7182.9504,2,59571296.192,0.0382148052533448
6982,7182.9704,1,59571316.1088,0.0331991312721536
6983,7182.9904,2,59571336.1664,0.0382609051980249
6984,7183.0104,1,59571356.1984,0.0331776179646362
6985,7183.0304,2,59571376.2304,0.0382445141065831
6986,7183.0504,1,59571396.2112,0.0331182002581597
6987,7183.0704,2,59571416.1536,0.0381215809207696
6988,7183.0904,1,59571436.1472,0.0331632757596246
6989,7183.1104,2,59571456.1792,0.0380334788042699
6990,7183.1304,1,59571476.1856,0.0332565000921999
6991,7183.1504,2,59571496.2176,0.0379003011863052
6992,7183.1704,1,59571516.16,0.0331786424078513
6993,7183.1904,2,59571536.2048,0.0380058188374618
6994,7183.2104,1,59571556.2368,0.0331878623967873
6995,7183.2304,2,59571576.1792,0.0379576700063515
6996,7183.2504,1,59571596.2496,0.0331171758149446
6997,7183.2704,2,59571616.2048,0.0380222099289036
6998,7183.2904,1,59571636.1856,0.0331438113385375
6999,7183.3104,2,59571656.2304,0.0380959698403917
7000,7183.3304,1,59571676.2496,0.0331468846681828
7001,7183.3504,2,59571696.2048,0.0381687053086647
7002,7183.3704,1,59571716.2624,0.0331683979757002
7003,7183.3904,2,59571736.2048,0.0382742229598213
7004,7183.4104,1,59571756.224,0.0331192247013748
7005,7183.4304,2,59571776.256,0.0382568074251644
7006,7183.4504,1,59571796.2112,0.0331509824410433
7007,7183.4704,2,59571816.2304,0.0381410453418567
7008,7183.4904,1,59571836.224,0.0331950334992931
7009,7183.5104,2,59571856.2304,0.0380283565881943
7010,7183.5304,1,59571876.224,0.0331397135656771
7011,7183.5504,2,59571896.2304,0.0379310344827586
7012,7183.5704,1,59571916.224,0.0331683979757002
7013,7183.5904,2,59571936.3328,0.0378316634908927
7014,7183.6104,1,59571956.1984,0.0331376646792468
7015,7183.6304,2,59571976.2304,0.0377835146597824
7016,7183.6504,1,59571996.2496,0.0331417624521073
7017,7183.6704,2,59572016.2432,0.0378111746265904
7018,7183.6904,1,59572036.3392,0.0331960579425082
7019,7183.7104,2,59572056.2432,0.0378562501280554
7020,7183.7304,1,59572076.3008,0.0332073268178745
7021,7183.7504,2,59572096.2688,0.0377281947261663
7022,7183.7704,1,59572116.288,0.0332134734771652
7023,7183.7904,2,59572136.3072,0.0377312680558117
7024,7183.8104,1,59572156.2496,0.0332237179093163
7025,7183.8304,2,59572176.2816,0.0377179502940152
7026,7183.8504,1,59572196.3008,0.0331366402360317
7027,7183.8704,2,59572216.2816,0.0376349703935911
7028,7183.8904,1,59572236.288,0.0332073268178745
7029,7183.9104,2,59572256.2944,0.0376380437232364
7030,7183.9304,1,59572276.3008,0.0332329378982523
7031,7183.9504,2,59572296.2688,0.0374864261273998
7032,7183.9704,1,59572316.2624,0.0331950334992931
7033,7183.9904,2,59572336.2688,0.0375919437785564
7034,7184.0104,1,59572356.3008,0.033266744524351
7035,7184.0304,2,59572376.2944,0.0375765771303297
7036,7184.0504,1,59572396.2624,0.0332022046017989
7037,7184.0704,2,59572416.2432,0.0375274038560043
7038,7184.0904,1,59572436.2752,0.0332288401253919
7039,7184.1104,2,59572456.3328,0.0375202327534985
7040,7184.1304,1,59572476.2752,0.0331704468621304
7041,7184.1504,2,59572496.3072,0.0375540393795972
7042,7184.1704,1,59572516.3136,0.0332329378982523
7043,7184.1904,2,59572536.3072,0.0374116417726965
7044,7184.2104,1,59572556.416,0.0331899112832176
7045,7184.2304,2,59572576.3584,0.0373296863154875
7046,7184.2504,1,59572596.3136,0.0331694224189153
7047,7184.2704,2,59572616.3328,0.0373061241215399
7048,7184.2904,1,59572636.3008,0.0332257667957465
7049,7184.3104,2,59572656.32,0.0372210953346856
7050,7184.3304,1,59572676.3264,0.0331796668510664
7051,7184.3504,2,59572696.32,0.0372723174954412
7052,7184.3704,1,59572716.3392,0.033130493576741
7053,7184.3904,2,59572736.3072,0.037424959534493
7054,7184.4104,1,59572756.3392,0.0332175712500256
7055,7184.4304,2,59572776.3712,0.0374505706148708
7056,7184.4504,1,59572796.3392,0.0332728911836417
7057,7184.4704,2,59572816.3584,0.0373563218390805
7058,7184.4904,1,59572836.3264,0.0332872333886533
7059,7184.5104,2,59572856.384,0.0374669617063126
7060,7184.5304,1,59572876.3648,0.0331622513164095
7061,7184.5504,2,59572896.3456,0.0375048661052718
7062,7184.5704,1,59572916.3392,0.0332401090007581
7063,7184.5904,2,59572936.3328,0.0375806749031901
7064,7184.6104,1,59572956.416,0.0332462556600488
7065,7184.6304,2,59572976.3968,0.0377753191140615
7066,7184.6504,1,59572996.3648,0.0331827401807118
7067,7184.6704,2,59573016.3584,0.0378101501833753
7068,7184.6904,1,59573036.3648,0.0332728911836417
7069,7184.7104,2,59573056.3456,0.0378582990144856
7070,7184.7304,1,59573076.3136,0.0332554756489848
7071,7184.7504,2,59573096.3712,0.0379269367098982
7072,7184.7704,1,59573116.352,0.0332790378429324
7073,7184.7904,2,59573136.4864,0.0378152723994509
7074,7184.8104,1,59573156.3776,0.033330260003688
7075,7184.8304,2,59573176.4608,0.037788636875858
7076,7184.8504,1,59573196.3648,0.0332698178539964
7077,7184.8704,2,59573216.3712,0.0377824902165673
7078,7184.8904,1,59573236.3648,0.0332636711947057
7079,7184.9104,2,59573256.4096,0.0377312680558117
7080,7184.9304,1,59573276.4928,0.0332646956379208
7081,7184.9504,2,59573296.3968,0.0377199991804454
7082,7184.9704,1,59573316.4032,0.0333107955826009
7083,7184.9904,2,59573336.4864,0.0376831192247014
7084,7185.0104,1,59573356.3776,0.0333773843915832
7085,7185.0304,2,59573376.4864,0.0376534103714631
7086,7185.0504,1,59573396.416,0.0332831356157928
7087,7185.0704,2,59573416.4352,0.0375233060831438
7088,7185.0904,1,59573436.4672,0.0332493289896941
7089,7185.1104,2,59573456.384,0.0375120372077776
7090,7185.1304,1,59573476.4544,0.033285184502223
7091,7185.1504,2,59573496.448,0.0375048661052718
7092,7185.1704,1,59573516.4032,0.0332646956379208
7093,7185.1904,2,59573536.448,0.0373409551908538
7094,7185.2104,1,59573556.4416,0.0333333333333333
7095,7185.2304,2,59573576.4736,0.0374300817505686
7096,7185.2504,1,59573596.4544,0.0332472801032639
7097,7185.2704,2,59573616.4352,0.037379884033028
7098,7185.2904,1,59573636.416,0.0331868379535722
7099,7185.3104,2,59573656.4224,0.0372846108140226
7100,7185.3304,1,59573676.5184,0.0333384555494089
7101,7185.3504,2,59573696.4608,0.0373921773516094
7102,7185.3704,1,59573716.4544,0.0331950334992931
7103,7185.3904,2,59573736.448,0.0375202327534985
7104,7185.4104,1,59573756.4672,0.0331888868400025
7105,7185.4304,2,59573776.4864,0.03762472596144
7106,7185.4504,1,59573796.48,0.0331694224189153
7107,7185.4704,2,59573816.4608,0.0377210236236605
7108,7185.4904,1,59573836.4288,0.0332288401253919
7109,7185.5104,2,59573856.4736,0.0375786260167599
7110,7185.5304,1,59573876.48,0.0331868379535722
7111,7185.5504,2,59573896.5248,0.0376359948368062
7112,7185.5704,1,59573916.4544,0.0332237179093163
7113,7185.5904,2,59573936.4864,0.0375847726760506
7114,7185.6104,1,59573956.4672,0.0332524023193394
7115,7185.6304,2,59573976.4864,0.0373194418833364
7116,7185.6504,1,59573996.4928,0.0332831356157928
7117,7185.6704,2,59574016.4736,0.0374147151023419
7118,7185.6904,1,59574036.4672,0.0332165468068105
7119,7185.7104,2,59574056.5248,0.0374075439998361
7120,7185.7304,1,59574076.48,0.0332534267625545
7121,7185.7504,2,59574096.4736,0.0375212571967136
7122,7185.7704,1,59574116.4928,0.0332042534882291
7123,7185.7904,2,59574136.4736,0.0375632593685332
7124,7185.8104,1,59574156.5184,0.0332175712500256
7125,7185.8304,2,59574176.512,0.0375909193353412
7126,7185.8504,1,59574196.5184,0.0332718667404266
7127,7185.8704,2,59574216.4864,0.0375765771303297
7128,7185.8904,1,59574236.5312,0.033275964513287
7129,7185.9104,2,59574256.5632,0.037779416886922
7130,7185.9304,1,59574276.5696,0.0331448357817526
7131,7185.9504,2,59574296.6016,0.0379084967320261
7132,7185.9704,1,59574316.544,0.0332739156268568
7133,7185.9904,2,59574336.4992,0.037961767779212
7134,7186.0104,1,59574356.5056,0.0332616223082755
7135,7186.0304,2,59574376.5504,0.0380334788042699
7136,7186.0504,1,59574396.5056,0.0332872333886533
7137,7186.0704,2,59574416.5248,0.038343885098449
7138,7186.0904,1,59574436.5184,0.033285184502223
7139,7186.1104,2,59574456.5376,0.0386655602679943
7140,7186.1304,1,59574476.5568,0.0333282111172578
7141,7186.1504,2,59574496.5248,0.0387321490769767
7142,7186.1704,1,59574516.48,0.0332913311615137
7143,7186.1904,2,59574536.5248,0.0389011822074702
7144,7186.2104,1,59574556.5056,0.0333056733665253
7145,7186.2304,2,59574576.5248,0.038908353309976
7146,7186.2504,1,59574596.5312,0.0333425533222693
7147,7186.2704,2,59574616.512,0.038552871514332
7148,7186.2904,1,59574636.544,0.033275964513287
7149,7186.3104,2,59574656.5376,0.0385200893314484
7150,7186.3304,1,59574676.5824,0.0333517733112054
7151,7186.3504,2,59574696.5504,0.0383879361566988
7152,7186.3704,1,59574716.5568,0.0332923556047288
7153,7186.3904,2,59574736.5376,0.038107238715758
7154,7186.4104,1,59574756.5568,0.0332360112278976
7155,7186.4304,2,59574776.6016,0.0380119654967525
7156,7186.4504,1,59574796.544,0.0332134734771652
7157,7186.4704,2,59574816.6016,0.0379156678345319
7158,7186.4904,1,59574836.544,0.0332452312168336
7159,7186.5104,2,59574856.5888,0.0379330833691888
7160,7186.5304,1,59574876.6336,0.0332626467514906
7161,7186.5504,2,59574896.5888,0.0379648411088573
7162,7186.5704,1,59574916.5696,0.0331888868400025
7163,7186.5904,2,59574936.5504,0.0378490790255496
7164,7186.6104,1,59574956.6208,0.0331776179646362
7165,7186.6304,2,59574976.6272,0.0376605814739689
7166,7186.6504,1,59574996.5696,0.0332267912389616
7167,7186.6704,2,59575016.6144,0.0378675190034216
7168,7186.6904,1,59575036.5824,0.0332257667957465
7169,7186.7104,2,59575056.64,0.0379761099842236
7170,7186.7304,1,59575076.6336,0.0332011801585838
7171,7186.7504,2,59575096.5888,0.0379535722334911
7172,7186.7704,1,59575116.5952,0.0331581535435491
7173,7186.7904,2,59575136.576,0.0379545966767062
7174,7186.8104,1,59575156.6464,0.0332657200811359
7175,7186.8304,2,59575176.6528,0.0380734320896593
7176,7186.8504,1,59575196.608,0.0331632757596246
7177,7186.8704,2,59575216.6656,0.0380590898846477
7178,7186.8904,1,59575236.5568,0.0332052779314443
7179,7186.9104,2,59575256.704,0.0381594853197287
7180,7186.9304,1,59575276.608,0.0332698178539964
7181,7186.9504,2,59575296.6144,0.0382588563115947
7182,7186.9704,1,59575316.6336,0.0332452312168336
7183,7186.9904,2,59575336.6016,0.0383182740180712
7184,7187.0104,1,59575356.6208,0.0332872333886533
7185,7187.0304,2,59575376.6272,0.0384268649988731
7186,7187.0504,1,59575396.6208,0.0332319134550372
7187,7187.0704,2,59575416.64,0.0383869117134837
7188,7187.0904,1,59575436.6464,0.0333169422418915
7189,7187.1104,2,59575456.6272,0.0385190648882332
7190,7187.1304,1,59575476.608,0.0332226934661012
7191,7187.1504,2,59575496.704,0.0384545249656812
7192,7187.1704,1,59575516.6976,0.0331765935214211
7193,7187.1904,2,59575536.64,0.0384401827606696
7194,7187.2104,1,59575556.6848,0.0331643002028398
7195,7187.2304,2,59575576.7808,0.0386778535865757
7196,7187.2504,1,59575596.6464,0.0332104001475198
7197,7187.2704,2,59575616.6912,0.0385784825947098
7198,7187.2904,1,59575636.6592,0.0332442067736185
7199,7187.3104,2,59575656.6528,0.0385815559243551
7200,7187.3304,1,59575676.6976,0.0331386891224619
7201,7187.3504,2,59575696.6528,0.0387454668387731
7202,7187.3704,1,59575716.672,0.0331581535435491
7203,7187.3904,2,59575736.6912,0.0388561067060053
7204,7187.4104,1,59575756.6848,0.0332421578871883
7205,7187.4304,2,59575776.6656,0.0387372712930522
7206,7187.4504,1,59575796.6592,0.03321244903395
7207,7187.4704,2,59575816.7424,0.0387782490216567
7208,7187.4904,1,59575836.6592,0.0333405044358391
7209,7187.5104,2,59575856.704,0.0386071670047329
7210,7187.5304,1,59575876.6976,0.0332104001475198
7211,7187.5504,2,59575896.6784,0.0386010203454423
7212,7187.5704,1,59575916.6976,0.03321244903395
7213,7187.5904,2,59575936.6784,0.0386327780851107
7214,7187.6104,1,59575956.8896,0.033266744524351
7215,7187.6304,2,59575976.6912,0.038517016001803
7216,7187.6504,1,59575996.6976,0.0331653246460549
7217,7187.6704,2,59576016.7424,0.0385057471264368
7218,7187.6904,1,59576036.7104,0.033311820025816
7219,7187.7104,2,59576056.6528,0.0385467248550413
7220,7187.7304,1,59576076.7872,0.0332595734218452
7221,7187.7504,2,59576096.7168,0.0383613006331059
7222,7187.7704,1,59576116.6976,0.03321244903395
7223,7187.7904,2,59576136.7168,0.0384084250210011
7224,7187.8104,1,59576156.6976,0.0332247423525314
7225,7187.8304,2,59576176.7296,0.0383305673366525
7226,7187.8504,1,59576196.7488,0.0332913311615137
7227,7187.8704,2,59576216.7168,0.0383408117688036
7228,7187.8904,1,59576236.736,0.0332646956379208
7229,7187.9104,2,59576256.7296,0.0383121273587805
7230,7187.9304,1,59576276.7744,0.0331817157374967
7231,7187.9504,2,59576296.7168,0.0383797406109779
7232,7187.9704,1,59576316.736,0.0333179666851066
7233,7187.9904,2,59576336.7168,0.0384975515807159
7234,7188.0104,1,59576356.7488,0.03321244903395
7235,7188.0304,2,59576376.7936,0.0386143381072387
7236,7188.0504,1,59576396.7616,0.0332144979203803
7237,7188.0704,2,59576416.7424,0.0388735222406622
7238,7188.0904,1,59576436.7872,0.0332144979203803
7239,7188.1104,2,59576456.7296,0.0389483065953654
7240,7188.1304,1,59576476.7744,0.0331540557706886
7241,7188.1504,2,59576496.8192,0.0387598090437847
7242,7188.1704,1,59576516.736,0.0332073268178745
7243,7188.1904,2,59576536.8448,0.0386850246890815
7244,7188.2104,1,59576556.7744,0.0332933800479439
7245,7188.2304,2,59576576.8576,0.0385866781404307
7246,7188.2504,1,59576596.8,0.0332349867846825
7247,7188.2704,2,59576616.7552,0.0387362468498371
7248,7188.2904,1,59576636.7744,0.0331776179646362
7249,7188.3104,2,59576656.7808,0.0390640686786731
7250,7188.3304,1,59576676.8,0.0332626467514906
7251,7188.3504,2,59576696.7808,0.039098899747987
7252,7188.3704,1,59576716.7872,0.0332022046017989
7253,7188.3904,2,59576736.7808,0.0391777818755506
7254,7188.4104,1,59576756.7616,0.0331929846128629
7255,7188.4304,2,59576776.7936,0.0388304956256275
7256,7188.4504,1,59576796.8768,0.0331827401807118
7257,7188.4704,2,59576816.7936,0.0387546868277091
7258,7188.4904,1,59576836.7744,0.0332513778761243
7259,7188.5104,2,59576856.8192,0.0389831376646792
7260,7188.5304,1,59576876.8384,0.0331325424631713
7261,7188.5504,2,59576896.8192,0.0393386194603233
7262,7188.5704,1,59576916.8,0.0332226934661012
7263,7188.5904,2,59576936.8064,0.0397422500870777
7264,7188.6104,1,59576956.8256,0.0331233224742353
7265,7188.6304,2,59576976.8064,0.0401059274284426
7266,7188.6504,1,59576996.8384,0.0331243469174504
7267,7188.6704,2,59577016.7936,0.0400710963591288
7268,7188.6904,1,59577036.8128,0.0331263958038806
7269,7188.7104,2,59577056.832,0.0401755895670703
7270,7188.7304,1,59577076.8384,0.0330618558813285
7271,7188.7504,2,59577096.7936,0.0399338209683037
7272,7188.7704,1,59577116.8128,0.0331458602249677
7273,7188.7904,2,59577136.7936,0.0401018296555822
7274,7188.8104,1,59577156.8128,0.0331745446349909
7275,7188.8304,2,59577176.8704,0.0402206650685352
7276,7188.8504,1,59577196.8384,0.0332042534882291
7277,7188.8704,2,59577216.8064,0.0403968693015346
7278,7188.8904,1,59577236.8256,0.0331335669063864
7279,7188.9104,2,59577256.8576,0.0401612473620587
7280,7188.9304,1,59577276.9152,0.0331100047124388
7281,7188.9504,2,59577296.9216,0.0399676275944024
7282,7188.9704,1,59577316.8512,0.0331376646792468
7283,7188.9904,2,59577336.8832,0.0396152191284037
7284,7189.0104,1,59577356.8768,0.0331458602249677
7285,7189.0304,2,59577376.9344,0.0392679328784805
7286,7189.0504,1,59577396.8896,0.0331294691335259
7287,7189.0704,2,59577416.8704,0.0389104021964062
7288,7189.0904,1,59577436.8768,0.0331724957485607
7289,7189.1104,2,59577456.9216,0.0385395537525355
7290,7189.1304,1,59577476.9024,0.0331222980310201
7291,7189.1504,2,59577496.8704,0.0382793451758969
7292,7189.1704,1,59577516.8768,0.0331397135656771
7293,7189.1904,2,59577536.8704,0.038198414161903
7294,7189.2104,1,59577556.8896,0.0331182002581597
7295,7189.2304,2,59577576.896,0.0383203229045014
7296,7189.2504,1,59577596.992,0.0330905402913516
7297,7189.2704,2,59577616.9088,0.0382977851537689
7298,7189.2904,1,59577636.8896,0.0331202491445899
7299,7189.3104,2,59577656.9216,0.0384545249656812
7300,7189.3304,1,59577676.9024,0.0331345913496015
7301,7189.3504,2,59577696.896,0.038707562439814
7302,7189.3704,1,59577716.9536,0.0331161513717295
7303,7189.3904,2,59577736.8832,0.0388274222959821
7304,7189.4104,1,59577756.9792,0.0331981068289385
7305,7189.4304,2,59577777.0496,0.0388243489663368
7306,7189.4504,1,59577796.8896,0.0331192247013748
7307,7189.4704,2,59577816.96,0.0389605999139468
7308,7189.4904,1,59577836.8896,0.0331683979757002
7309,7189.5104,2,59577856.9728,0.0388981088778249
7310,7189.5304,1,59577876.992,0.0331653246460549
7311,7189.5504,2,59577896.9088,0.0388950355481796
7312,7189.5704,1,59577916.9408,0.0330977113938574
7313,7189.5904,2,59577936.9088,0.0387495646116336
7314,7189.6104,1,59577956.9024,0.033121273587805
7315,7189.6304,2,59577976.9472,0.0386460958469072
7316,7189.6504,1,59577996.928,0.0330987358370725
7317,7189.6704,2,59578016.9216,0.0385907759132911
7318,7189.6904,1,59578036.9408,0.033203229045014
7319,7189.7104,2,59578056.9856,0.0385672137193435
7320,7189.7304,1,59578076.9536,0.0330987358370725
7321,7189.7504,2,59578096.896,0.0386040936750876
7322,7189.7704,1,59578116.9152,0.0331284446903108
7323,7189.7904,2,59578137.0112,0.0384596471817567
7324,7189.8104,1,59578156.9536,0.0330413670170262
7325,7189.8304,2,59578176.9856,0.0384319872149487
7326,7189.8504,1,59578196.9536,0.0330925891777819
7327,7189.8704,2,59578216.9088,0.0384698916139078
7328,7189.8904,1,59578236.9536,0.0330956625074272
7329,7189.9104,2,59578257.024,0.0384504271928207
7330,7189.9304,1,59578276.992,0.0330526358923925
7331,7189.9504,2,59578296.9728,0.0383315917798676
7332,7189.9704,1,59578317.0304,0.0330813203024156
7333,7189.9904,2,59578336.96,0.0381205564775544
7334,7190.0104,1,59578356.992,0.0331591779867642
7335,7190.0304,2,59578377.024,0.0379310344827586
7336,7190.0504,1,59578396.9664,0.0330495625627471
7337,7190.0704,2,59578417.024,0.0378183457290962
7338,7190.0904,1,59578436.9792,0.0330802958592005
7339,7190.1104,2,59578457.0368,0.0377118036347245
7340,7190.1304,1,59578476.992,0.0331704468621304
7341,7190.1504,2,59578496.9856,0.0376626303603991
7342,7190.1704,1,59578517.0304,0.033157129100334
7343,7190.1904,2,59578536.9984,0.0379720122113631
7344,7190.2104,1,59578557.056,0.0331530313274735
7345,7190.2304,2,59578577.0496,0.0379566455631364
7346,7190.2504,1,59578596.992,0.0331888868400025
7347,7190.2704,2,59578616.9728,0.0381185075911242
7348,7190.2904,1,59578637.0048,0.0331612268731944
7349,7190.3104,2,59578657.0624,0.0382475874362284
7350,7190.3304,1,59578677.12,0.0331427868953224
7351,7190.3504,2,59578697.0368,0.0384760382731985
7352,7190.3704,1,59578717.0944,0.0331981068289385
7353,7190.3904,2,59578737.3824,0.0383059806994898
7354,7190.4104,1,59578757.1328,0.0331714713053455
7355,7190.4304,2,59578777.1264,0.0380467965660663
7356,7190.4504,1,59578797.0176,0.0332216690228861
7357,7190.4704,2,59578817.0496,0.0380426987932059
7358,7190.4904,1,59578837.0304,0.0332052779314443
7359,7190.5104,2,59578857.088,0.0381000676132522
7360,7190.5304,1,59578877.0944,0.0331817157374967
7361,7190.5504,2,59578897.0624,0.0381574364332985
7362,7190.5704,1,59578917.056,0.0332093757043047
7363,7190.5904,2,59578937.0368,0.0383397873255885
7364,7190.6104,1,59578957.0304,0.0331765935214211
7365,7190.6304,2,59578977.1648,0.0384104739074313
7366,7190.6504,1,59578997.0432,0.0331489335546131
7367,7190.6704,2,59579017.1008,0.038179974184031
7368,7190.6904,1,59579037.056,0.0331724957485607
7369,7190.7104,2,59579057.1136,0.0380969942836069
7370,7190.7304,1,59579077.1072,0.0331284446903108
7371,7190.7504,2,59579097.0752,0.0379576700063515
7372,7190.7704,1,59579117.0432,0.0331448357817526
7373,7190.7904,2,59579137.0624,0.0381185075911242
7374,7190.8104,1,59579157.184,0.0331724957485607
7375,7190.8304,2,59579177.1392,0.0381267031368451
7376,7190.8504,1,59579197.0816,0.0331151269285144
7377,7190.8704,2,59579217.1648,0.0380939209539615
7378,7190.8904,1,59579237.0816,0.03316634908927
7379,7190.9104,2,59579257.0624,0.0380263077017641
7380,7190.9304,1,59579277.1584,0.0331407380088922
7381,7190.9504,2,59579297.1008,0.0378244923883869
7382,7190.9704,1,59579317.0944,0.0332073268178745
7383,7190.9904,2,59579337.088,0.0378818612084332
7384,7191.0104,1,59579357.1072,0.0331458602249677
7385,7191.0304,2,59579377.1264,0.0382404163337226
7386,7191.0504,1,59579397.0944,0.0331407380088922
7387,7191.0704,2,59579417.1136,0.0382014874915483
7388,7191.0904,1,59579437.184,0.0332493289896941
7389,7191.1104,2,59579457.1648,0.0382936873809085
7390,7191.1304,1,59579477.1456,0.0331171758149446
7391,7191.1504,2,59579497.1008,0.0383203229045014
7392,7191.1704,1,59579517.1072,0.0331417624521073
7393,7191.1904,2,59579537.6128,0.0381410453418567
7394,7191.2104,1,59579557.1584,0.0331909357264327
7395,7191.2304,2,59579577.2672,0.0378777634355728
7396,7191.2504,1,59579597.1328,0.0332022046017989
7397,7191.2704,2,59579617.1136,0.0378081012969451
7398,7191.2904,1,59579637.1328,0.0332042534882291
7399,7191.3104,2,59579657.2032,0.0377425369311779
7400,7191.3304,1,59579677.1584,0.0331345913496015
7401,7191.3504,2,59579697.1264,0.0376083348699982
7402,7191.3704,1,59579717.184,0.0331489335546131
7403,7191.3904,2,59579737.1264,0.0376657036900445
7404,7191.4104,1,59579757.1968,0.0331561046571189
7405,7191.4304,2,59579777.216,0.0376738992357654
7406,7191.4504,1,59579797.2096,0.033130493576741
7407,7191.4704,2,59579817.1776,0.0379586944495667
7408,7191.4904,1,59579837.1456,0.0330884914049214
7409,7191.5104,2,59579857.1776,0.0382854918351876
7410,7191.5304,1,59579877.2864,0.0331694224189153
7411,7191.5504,2,59579897.1776,0.0386921957915873
7412,7191.5704,1,59579917.1712,0.0330669780974041
7413,7191.5904,2,59579937.1648,0.0396029258098224
7414,7191.6104,1,59579957.184,0.0331007847235028
7415,7191.6304,2,59579977.1904,0.0402370561599771
7416,7191.6504,1,59579997.1584,0.0330639047677587
7417,7191.6704,2,59580017.1648,0.0405300469194993
7418,7191.6904,1,59580037.1712,0.0331253713606655
7419,7191.7104,2,59580057.1648,0.0405116069416272
7420,7191.7304,1,59580077.1456,0.0331130780420841
7421,7191.7504,2,59580097.28,0.0402565205810642
7422,7191.7704,1,59580117.184,0.0331110291556539
7423,7191.7904,2,59580137.1776,0.0402688138996455
7424,7191.8104,1,59580157.1968,0.0330475136763169
7425,7191.8304,2,59580177.28,0.0404030159608253
7426,7191.8504,1,59580197.312,0.0330680025406192
7427,7191.8704,2,59580217.28,0.0405956112852665
7428,7191.8904,1,59580237.3632,0.0330690269838343
7429,7191.9104,2,59580257.1904,0.0405566824430922
7430,7191.9304,1,59580277.2224,0.0331161513717295
7431,7191.9504,2,59580297.2928,0.0405874157395456
7432,7191.9704,1,59580317.2096,0.0330802958592005
7433,7191.9904,2,59580337.2416,0.0405843424099002
7434,7192.0104,1,59580357.2224,0.0330413670170262
7435,7192.0304,2,59580377.2544,0.0404132603929764
7436,7192.0504,1,59580397.2608,0.0330956625074272
7437,7192.0704,2,59580417.216,0.0400659741430533
7438,7192.0904,1,59580437.2736,0.0330761980863401
7439,7192.1104,2,59580457.2416,0.0398508410678796
7440,7192.1304,1,59580477.2608,0.0330546847788227
7441,7192.1504,2,59580497.3184,0.0396049746962526
7442,7192.1704,1,59580517.2224,0.0330454647898867
7443,7192.1904,2,59580537.2288,0.0395148236933227
7444,7192.2104,1,59580557.2992,0.0330157559366484
7445,7192.2304,2,59580577.2928,0.0394881881697297
7446,7192.2504,1,59580597.2736,0.0330311225848751
7447,7192.2704,2,59580617.2416,0.0395117503636773
7448,7192.2904,1,59580637.2352,0.0330977113938574
7449,7192.3104,2,59580657.2928,0.0396254635605548
7450,7192.3304,1,59580677.2864,0.0330311225848751
7451,7192.3504,2,59580697.3312,0.0400045075501465
7452,7192.3704,1,59580717.2736,0.0330167803798635
7453,7192.3904,2,59580737.216,0.0401110496445182
7454,7192.4104,1,59580757.3632,0.0330915647345668
7455,7192.4304,2,59580777.4208,0.0401714917942098
7456,7192.4504,1,59580797.2864,0.0330198537095089
7457,7192.4704,2,59580817.2672,0.0401837851127912
7458,7192.4904,1,59580837.2224,0.0330567336652529
7459,7192.5104,2,59580857.3184,0.0399993853340709
7460,7192.5304,1,59580877.2864,0.0329563382301719
7461,7192.5504,2,59580897.2672,0.0399061610014957
7462,7192.5704,1,59580917.3504,0.0330331714713053
7463,7192.5904,2,59580937.2928,0.0398446944085889
7464,7192.6104,1,59580957.3632,0.0329962915155613
7465,7192.6304,2,59580977.3312,0.0398600610568156
7466,7192.6504,1,59580997.3632,0.0330598069948983
7467,7192.6704,2,59581017.3184,0.0399297231954433
7468,7192.6904,1,59581037.2992,0.0330434159034565
7469,7192.7104,2,59581057.3056,0.0399645542647571
7470,7192.7304,1,59581077.4656,0.0330884914049214
7471,7192.7504,2,59581097.3184,0.0400147519822976
7472,7192.7704,1,59581117.2992,0.0331018091667179
7473,7192.7904,2,59581137.3312,0.0399758231401233
7474,7192.8104,1,59581157.3632,0.0330802958592005
7475,7192.8304,2,59581177.3696,0.039799618907124
7476,7192.8504,1,59581197.3248,0.0330710758702645
7477,7192.8704,2,59581217.28,0.0394205749175323
7478,7192.8904,1,59581237.3376,0.0330434159034565
7479,7192.9104,2,59581257.408,0.0392955928452886
7480,7192.9304,1,59581277.3376,0.0330587825516832
7481,7192.9504,2,59581297.4208,0.0392494929006085
7482,7192.9704,1,59581317.4144,0.033102833609933
7483,7192.9904,2,59581337.408,0.0393007150613641
7484,7193.0104,1,59581357.3376,0.0330587825516832
7485,7193.0304,2,59581377.3568,0.0391603663408937
7486,7193.0504,1,59581397.4016,0.0330557092220378
7487,7193.0704,2,59581417.3824,0.0391726596594751
7488,7193.0904,1,59581437.3504,0.0331079558260086
7489,7193.1104,2,59581457.3696,0.0389247444014178
7490,7193.1304,1,59581477.4016,0.0331489335546131
7491,7193.1504,2,59581497.4848,0.0385938492429365
7492,7193.1704,1,59581517.3888,0.033039318130596
7493,7193.1904,2,59581537.408,0.038498576023931
7494,7193.2104,1,59581557.3632,0.0331007847235028
7495,7193.2304,2,59581577.4336,0.0384299383285184
7496,7193.2504,1,59581597.5168,0.0330557092220378
7497,7193.2704,2,59581617.4464,0.0382424652201528
7498,7193.2904,1,59581637.5168,0.0330802958592005
7499,7193.3104,2,59581657.4464,0.0380406499067757
7500,7193.3304,1,59581677.504,0.0330987358370725
7501,7193.3504,2,59581697.408,0.0380508943389268
7502,7193.3704,1,59581717.4272,0.0331151269285144
7503,7193.3904,2,59581737.3696,0.0380140143831827
7504,7193.4104,1,59581757.4272,0.0330813203024156
7505,7193.4304,2,59581777.3952,0.0380560165550024
7506,7193.4504,1,59581797.376,0.0330833691888459
7507,7193.4704,2,59581817.408,0.0380078677238921
7508,7193.4904,1,59581837.3632,0.0331059069395783
7509,7193.5104,2,59581857.4464,0.0379945499620956
7510,7193.5304,1,59581877.44,0.0329973159587764
7511,7193.5504,2,59581897.3952,0.0379791833138689
7512,7193.5704,1,59581917.4016,0.0330628803245436
7513,7193.5904,2,59581937.3952,0.038043723236421
7514,7193.6104,1,59581957.4784,0.0330464892331018
7515,7193.6304,2,59581977.4208,0.0382680763005307
7516,7193.6504,1,59581997.4144,0.0330495625627471
7517,7193.6704,2,59582017.472,0.0385549204007622
7518,7193.6904,1,59582037.4016,0.0330147314934333
7519,7193.7104,2,59582057.4336,0.0384944782510705
7520,7193.7304,1,59582077.4528,0.0331499579978282
7521,7193.7504,2,59582097.4208,0.0384852582621345
7522,7193.7704,1,59582117.5424,0.0330055115044973
7523,7193.7904,2,59582137.5232,0.0384791116028439
7524,7193.8104,1,59582157.44,0.0330229270391542
7525,7193.8304,2,59582177.5872,0.0386880980187268
7526,7193.8504,1,59582197.4272,0.033084393632061
7527,7193.8704,2,59582217.4592,0.0387977134427439
7528,7193.8904,1,59582237.4528,0.0330239514823693
7529,7193.9104,2,59582257.408,0.0387690290327207
7530,7193.9304,1,59582277.5168,0.0330639047677587
7531,7193.9504,2,59582297.4848,0.0386112647775934
7532,7193.9704,1,59582317.4528,0.0330915647345668
7533,7193.9904,2,59582337.4336,0.0386163869936689
7534,7194.0104,1,59582357.4784,0.0330823447456308
7535,7194.0304,2,59582377.5872,0.0383664228491815
7536,7194.0504,1,59582397.4528,0.0330946380642121
7537,7194.0704,2,59582417.472,0.0381133853750487
7538,7194.0904,1,59582437.5296,0.0331100047124388
7539,7194.1104,2,59582457.472,0.0380724076464442
7540,7194.1304,1,59582477.6064,0.0331602024299793
7541,7194.1504,2,59582497.4848,0.038116458704694
7542,7194.1704,1,59582517.4784,0.0331397135656771
7543,7194.1904,2,59582537.472,0.0379535722334911
7544,7194.2104,1,59582557.5168,0.0331673735324851
7545,7194.2304,2,59582577.7024,0.0379535722334911
7546,7194.2504,1,59582597.4528,0.0331653246460549
7547,7194.2704,2,59582617.4848,0.0378480545823345
7548,7194.2904,1,59582637.504,0.0331284446903108
7549,7194.3104,2,59582657.5232,0.037779416886922
7550,7194.3304,1,59582677.5808,0.0332011801585838
7551,7194.3504,2,59582697.4976,0.0377538058065441
7552,7194.3704,1,59582717.4912,0.0331243469174504
7553,7194.3904,2,59582737.5232,0.0378675190034216
7554,7194.4104,1,59582757.568,0.0330854180752761
7555,7194.4304,2,59582777.7152,0.0380129899399676
7556,7194.4504,1,59582797.568,0.0330977113938574
7557,7194.4704,2,59582817.4976,0.0380590898846477
7558,7194.4904,1,59582837.5552,0.033121273587805
7559,7194.5104,2,59582857.5872,0.0380693343167988
7560,7194.5304,1,59582877.6192,0.0330669780974041
7561,7194.5504,2,59582897.4976,0.037980207757084
7562,7194.5704,1,59582917.568,0.0331079558260086
7563,7194.5904,2,59582937.5616,0.0378849345380786
7564,7194.6104,1,59582957.5552,0.0331171758149446
7565,7194.6304,2,59582977.5488,0.0381451431147171
7566,7194.6504,1,59582997.568,0.0331827401807118
7567,7194.6704,2,59583017.7408,0.0381625586493741
7568,7194.6904,1,59583037.5296,0.0331110291556539
7569,7194.7104,2,59583057.536,0.0383387628823734
7570,7194.7304,1,59583077.6192,0.0331345913496015
7571,7194.7504,2,59583097.5744,0.0382813940623271
7572,7194.7704,1,59583117.5424,0.0331386891224619
7573,7194.7904,2,59583137.5488,0.0380928965107464
7574,7194.8104,1,59583157.5168,0.0331171758149446
7575,7194.8304,2,59583177.5744,0.0380334788042699
7576,7194.8504,1,59583197.6576,0.0331806912942816
7577,7194.8704,2,59583217.5744,0.0380242588153339
7578,7194.8904,1,59583237.632,0.0331694224189153
7579,7194.9104,2,59583257.5744,0.03826192964124
7580,7194.9304,1,59583277.6192,0.0331509824410433
7581,7194.9504,2,59583298.0736,0.038435060544594
7582,7194.9704,1,59583317.5552,0.0331622513164095
7583,7194.9904,2,59583337.6384,0.0387772245784416
7584,7195.0104,1,59583357.5424,0.0331827401807118
7585,7195.0304,2,59583377.7024,0.0389605999139468
7586,7195.0504,1,59583397.6192,0.0331448357817526
7587,7195.0704,2,59583417.6128,0.0392802261970619
7588,7195.0904,1,59583437.6192,0.0331222980310201
7589,7195.1104,2,59583457.6128,0.0395312147847645
7590,7195.1304,1,59583477.5808,0.0330915647345668
7591,7195.1504,2,59583497.5488,0.0395291658983343
7592,7195.1704,1,59583517.5936,0.0331468846681828
7593,7195.1904,2,59583537.6,0.0394789681807937
7594,7195.2104,1,59583557.6576,0.0330505870059623
7595,7195.2304,2,59583577.5616,0.0397442989735079
7596,7195.2504,1,59583597.6832,0.0330997602802877
7597,7195.2704,2,59583617.6,0.0400372897330301
7598,7195.2904,1,59583637.6576,0.0330423914602414
7599,7195.3104,2,59583657.5744,0.0403487204704243
7600,7195.3304,1,59583677.632,0.0330362448009507
7601,7195.3504,2,59583697.6896,0.0402790583317967
7602,7195.3704,1,59583717.5808,0.0330997602802877
7603,7195.3904,2,59583737.6256,0.0402554961378491
7604,7195.4104,1,59583757.6576,0.0331284446903108
7605,7195.4304,2,59583777.7408,0.039772983383531
7606,7195.4504,1,59583797.7216,0.0331089802692237
7607,7195.4704,2,59583817.7024,0.0396213657876944
7608,7195.4904,1,59583837.6704,0.0331786424078513
7609,7195.5104,2,59583857.6,0.0396777101645256
7610,7195.5304,1,59583877.7088,0.0331397135656771
7611,7195.5504,2,59583897.6512,0.0400567541541172
7612,7195.5704,1,59583917.7216,0.0330598069948983
7613,7195.5904,2,59583937.6896,0.040364087118651
7614,7195.6104,1,59583957.6576,0.0330813203024156
7615,7195.6304,2,59583977.664,0.0405392669084353
7616,7195.6504,1,59583997.6448,0.033057758108468
7617,7195.6704,2,59584017.6512,0.0403989181879648
7618,7195.6904,1,59584037.7088,0.0330925891777819
7619,7195.7104,2,59584057.6128,0.0399973364476407
7620,7195.7304,1,59584077.7088,0.0331602024299793
7621,7195.7504,2,59584097.728,0.0396828323806011
7622,7195.7704,1,59584117.7728,0.0330997602802877
7623,7195.7904,2,59584137.6896,0.039372426086422
7624,7195.8104,1,59584157.6704,0.0330639047677587
7625,7195.8304,2,59584177.7024,0.0391316819308706
7626,7195.8504,1,59584197.7088,0.0330680025406192
7627,7195.8704,2,59584217.7152,0.0389339643903538
7628,7195.8904,1,59584237.7088,0.0331048824963632
7629,7195.9104,2,59584257.6768,0.0390425553711558
7630,7195.9304,1,59584277.7472,0.0330833691888459
7631,7195.9504,2,59584297.7024,0.0393027639477944
7632,7195.9704,1,59584317.8368,0.033121273587805
7633,7195.9904,2,59584337.7536,0.0393253016985269
7634,7196.0104,1,59584357.6704,0.0330270248120147
7635,7196.0304,2,59584377.7536,0.0396592701866536
7636,7196.0504,1,59584397.9136,0.0330680025406192
7637,7196.0704,2,59584417.728,0.0401407584977565
7638,7196.0904,1,59584437.7472,0.033048538119532
7639,7196.1104,2,59584457.664,0.040418382609052
7640,7196.1304,1,59584477.76,0.0330557092220378
7641,7196.1504,2,59584497.7408,0.0405607802159526
7642,7196.1704,1,59584517.7088,0.033048538119532
7643,7196.1904,2,59584537.7792,0.0402708627860758
7644,7196.2104,1,59584557.696,0.0330925891777819
7645,7196.2304,2,59584577.8304,0.0401776384535005
7646,7196.2504,1,59584597.7856,0.0330669780974041
7647,7196.2704,2,59584617.7792,0.0398242055442867
7648,7196.2904,1,59584637.7088,0.033102833609933
7649,7196.3104,2,59584657.7408,0.0393365705738931
7650,7196.3304,1,59584677.9136,0.033130493576741
7651,7196.3504,2,59584697.728,0.0391183641690741
7652,7196.3704,1,59584717.7856,0.0331950334992931
7653,7196.3904,2,59584737.7664,0.0390835330997603
7654,7196.4104,1,59584757.7472,0.0331202491445899
7655,7196.4304,2,59584777.792,0.0391829040916262
7656,7196.4504,1,59584797.8112,0.0330700514270494
7657,7196.4704,2,59584817.8048,0.0391583174544635
7658,7196.4904,1,59584837.7472,0.0330557092220378
7659,7196.5104,2,59584857.7664,0.0388837666728133
7660,7196.5304,1,59584877.9008,0.0330915647345668
7661,7196.5504,2,59584897.7536,0.0387003913373082
7662,7196.5704,1,59584917.824,0.0331151269285144
7663,7196.5904,2,59584937.7664,0.0387792734648718
7664,7196.6104,1,59584957.76,0.0331509824410433
7665,7196.6304,2,59584977.7664,0.0388448378306391
7666,7196.6504,1,59584997.824,0.0330536603356076
7667,7196.6704,2,59585017.792,0.0388468867170693
7668,7196.6904,1,59585037.76,0.0330331714713053
7669,7196.7104,2,59585057.8048,0.0386512180629828
7670,7196.7304,1,59585077.824,0.0330526358923925
7671,7196.7504,2,59585097.8048,0.0386747802569304
7672,7196.7704,1,59585117.7728,0.0330966869506423
7673,7196.7904,2,59585137.8688,0.0385784825947098
7674,7196.8104,1,59585157.7728,0.0330772225295552
7675,7196.8304,2,59585177.856,0.0385416026389657
7676,7196.8504,1,59585197.8752,0.0331048824963632
7677,7196.8704,2,59585217.7792,0.0385631159464831
7678,7196.8904,1,59585237.7856,0.0330731247566947
7679,7196.9104,2,59585257.792,0.0385026737967914
7680,7196.9304,1,59585277.7984,0.0331069313827934
7681,7196.9504,2,59585297.7792,0.038944208822505
7682,7196.9704,1,59585317.7856,0.0330618558813285
7683,7196.9904,2,59585337.8432,0.0392792017538468
7684,7197.0104,1,59585357.7856,0.0330587825516832
7685,7197.0304,2,59585377.8176,0.0390497264736616
7686,7197.0504,1,59585397.8752,0.0331397135656771
7687,7197.0704,2,59585417.8176,0.0387280513041162
7688,7197.0904,1,59585437.7984,0.0330782469727703
7689,7197.1104,2,59585457.8176,0.0385211137746635
7690,7197.1304,1,59585477.8752,0.0331294691335259
7691,7197.1504,2,59585497.8432,0.0383520806441699
7692,7197.1704,1,59585517.8368,0.033130493576741
7693,7197.1904,2,59585537.8688,0.038062163214293
7694,7197.2104,1,59585557.824,0.033121273587805
7695,7197.2304,2,59585577.8176,0.0380283565881943
7696,7197.2504,1,59585597.8624,0.0331110291556539
7697,7197.2704,2,59585617.8048,0.0379382055852644
7698,7197.2904,1,59585637.8624,0.0330905402913516
7699,7197.3104,2,59585657.8688,0.0379556211199213
7700,7197.3304,1,59585677.8496,0.0331038580531481
7701,7197.3504,2,59585697.8432,0.0381943163890426
7702,7197.3704,1,59585717.8496,0.0331048824963632
7703,7197.3904,2,59585737.856,0.03798942774602
7704,7197.4104,1,59585757.8112,0.0330536603356076
7705,7197.4304,2,59585777.8688,0.0378972278566599
7706,7197.4504,1,59585798.0288,0.0331622513164095
7707,7197.4704,2,59585817.8944,0.0379238633802528
7708,7197.4904,1,59585837.9264,0.0330802958592005
7709,7197.5104,2,59585857.8688,0.0378767389923577
7710,7197.5304,1,59585877.9904,0.0331059069395783
7711,7197.5504,2,59585897.8432,0.0380027455078165
7712,7197.5704,1,59585917.9136,0.0330864425184912
7713,7197.5904,2,59585937.8816,0.0382096830372692
7714,7197.6104,1,59585957.824,0.0330608314381134
7715,7197.6304,2,59585977.9456,0.038144118671502
7716,7197.6504,1,59585997.8496,0.0330311225848751
7717,7197.6704,2,59586017.9584,0.037870592333067
7718,7197.6904,1,59586037.9264,0.0331632757596246
7719,7197.7104,2,59586057.8944,0.0377199991804454
7720,7197.7304,1,59586077.9392,0.0331253713606655
7721,7197.7504,2,59586097.9072,0.037788636875858
7722,7197.7704,1,59586117.9008,0.0330434159034565
7723,7197.7904,2,59586137.8816,0.0377804413301371
7724,7197.8104,1,59586157.8496,0.0330659536541889
7725,7197.8304,2,59586177.8816,0.037797856864794
7726,7197.8504,1,59586197.9264,0.0331048824963632
7727,7197.8704,2,59586217.8944,0.0380140143831827
7728,7197.8904,1,59586237.9264,0.0330618558813285
7729,7197.9104,2,59586257.9328,0.0381932919458274
7730,7197.9304,1,59586277.9648,0.0330864425184912
7731,7197.9504,2,59586297.8688,0.0382547585387342
7732,7197.9704,1,59586317.9264,0.0331530313274735
7733,7197.9904,2,59586337.92,0.0379177167209622
7734,7198.0104,1,59586357.9136,0.0331765935214211
7735,7198.0304,2,59586378.0224,0.0379853299731596
7736,7198.0504,1,59586397.9392,0.0331202491445899
7737,7198.0704,2,59586417.92,0.0378695678898519
7738,7198.0904,1,59586437.9264,0.0330956625074272
7739,7198.1104,2,59586457.9968,0.0379095211752413
7740,7198.1304,1,59586478.0416,0.0331704468621304
7741,7198.1504,2,59586497.984,0.0379986477349561
7742,7198.1704,1,59586517.952,0.0331591779867642
7743,7198.1904,2,59586537.9584,0.0380724076464442
7744,7198.2104,1,59586557.9776,0.0331130780420841
7745,7198.2304,2,59586577.9328,0.038252709652304
7746,7198.2504,1,59586597.9136,0.0332267912389616
7747,7198.2704,2,59586617.9584,0.0383674472923966
7748,7198.2904,1,59586637.9904,0.0331243469174504
7749,7198.3104,2,59586657.9328,0.0383490073145245
7750,7198.3304,1,59586677.9392,0.0331325424631713
7751,7198.3504,2,59586697.984,0.0384873071485648
7752,7198.3704,1,59586717.9648,0.0330966869506423
7753,7198.3904,2,59586737.9968,0.0381953408322577
7754,7198.4104,1,59586757.9904,0.0331141024852992
7755,7198.4304,2,59586778.048,0.0382404163337226
7756,7198.4504,1,59586798.0544,0.0330761980863401
7757,7198.4704,2,59586818.0096,0.038280369619112
7758,7198.4904,1,59586837.9776,0.0330188292662938
7759,7198.5104,2,59586857.9456,0.0384289138853033
7760,7198.5304,1,59586878.0288,0.03316634908927
7761,7198.5504,2,59586898.1504,0.0386573647222734
7762,7198.5704,1,59586918.016,0.0331704468621304
7763,7198.5904,2,59586937.9712,0.0388376667281333
7764,7198.6104,1,59586957.9904,0.0330977113938574
7765,7198.6304,2,59586978.0352,0.0386317536418956
7766,7198.6504,1,59586997.952,0.0330854180752761
7767,7198.6704,2,59587018.0352,0.0384729649435532
7768,7198.6904,1,59587037.9648,0.0331100047124388
7769,7198.7104,2,59587057.9968,0.0382680763005307
7770,7198.7304,1,59587078.0032,0.0331007847235028
7771,7198.7504,2,59587098.048,0.038134898682566
7772,7198.7704,1,59587118.0416,0.0331468846681828
7773,7198.7904,2,59587137.984,0.0380457721228512
7774,7198.8104,1,59587158.0032,0.0332226934661012
7775,7198.8304,2,59587178.0352,0.038052943225357
7776,7198.8504,1,59587198.08,0.0331704468621304
7777,7198.8704,2,59587218.0608,0.037961767779212
7778,7198.8904,1,59587238.0288,0.0331222980310201
7779,7198.9104,2,59587258.0096,0.0378992767430901
7780,7198.9304,1,59587278.0288,0.0331683979757002
7781,7198.9504,2,59587298.0352,0.037752781363329
7782,7198.9704,1,59587318.0288,0.033112053598869
7783,7198.9904,2,59587337.9968,0.0377507324768988
7784,7199.010368,1,59587358.1056,0.0331714713053455
7785,7199.030368,2,59587378.0992,0.0376595570307538
7786,7199.050368,1,59587398.0416,0.0331724957485607
7787,7199.070368,2,59587418.112,0.0376114081996435
7788,7199.090368,1,59587438.0928,0.0331581535435491
7789,7199.110368,2,59587458.0608,0.0375816993464052
7790,7199.130368,1,59587478.016,0.0332073268178745
7791,7199.150368,2,59587498.0992,0.0375929682217715
7792,7199.170368,1,59587518.1056,0.0332104001475198
7793,7199.190368,2,59587538.1376,0.037497695002766
7794,7199.210368,1,59587558.0416,0.0331438113385375
7795,7199.230368,2,59587578.0992,0.0375325260720798
7796,7199.250368,1,59587598.1824,0.0332144979203803
7797,7199.270368,2,59587618.0736,0.0376329215071609
7798,7199.290368,1,59587638.1312,0.0331673735324851
7799,7199.310368,2,59587658.048,0.0377712213412011
7800,7199.330368,1,59587678.1056,0.0331673735324851
7801,7199.350368,2,59587698.112,0.0378572745712705
7802,7199.370368,1,59587718.08,0.0331745446349909
7803,7199.390368,2,59587738.0992,0.0378439568094741
7804,7199.410368,1,59587758.1312,0.0331202491445899
7805,7199.430368,2,59587778.2144,0.0377845391029975
7806,7199.450368,1,59587798.1184,0.0331561046571189
7807,7199.470368,2,59587818.0736,0.0376933636568525
7808,7199.490368,1,59587838.0544,0.0330137070502182
7809,7199.510368,2,59587858.048,0.0376861925543467
7810,7199.530368,1,59587878.2336,0.0331479091113979
7811,7199.550368,2,59587898.1248,0.0377394636015326
7812,7199.570368,1,59587918.1568,0.033130493576741
7813,7199.590368,2,59587938.0736,0.0377630257954802
7814,7199.610368,1,59587958.1184,0.0331100047124388
7815,7199.630368,2,59587978.2016,0.0377804413301371
7816,7199.650368,1,59587998.0928,0.0332216690228861
7817,7199.670368,2,59588018.1632,0.0378572745712705
7818,7199.690368,1,59588038.1312,0.0330741491999098
7819,7199.710368,2,59588058.1632,0.0380293810314094
7820,7199.730368,1,59588078.144,0.0331335669063864
7821,7199.750368,2,59588098.1248,0.0379925010756654
7822,7199.770368,1,59588118.1184,0.0331018091667179
7823,7199.790368,2,59588138.112,0.0382127563669146
7824,7199.810368,1,59588158.1696,0.0331325424631713
7825,7199.830368,2,59588178.2528,0.0382096830372692
7826,7199.850368,1,59588198.1312,0.0331643002028398
7827,7199.870368,2,59588218.1504,0.0382936873809085
7828,7199.890368,1,59588238.1056,0.033194009056078
7829,7199.910368,2,59588258.1248,0.0384299383285184
7830,7199.930368,1,59588278.2208,0.033130493576741
7831,7199.950368,2,59588298.1376,0.0384463294199602
7832,7199.970368,1,59588318.1056,0.0330649292109738
7833,7199.990368,2,59588338.112,0.0383971561456348
7834,7200.010368,1,59588358.1184,0.0331376646792468
7835,7200.030368,2,59588378.1888,0.0381932919458274
7836,7200.050368,1,59588398.1952,0.0330915647345668
7837,7200.070368,2,59588418.1632,0.0380099166103223
7838,7200.090368,1,59588438.1696,0.0331345913496015
7839,7200.110368,2,59588458.2528,0.037898252299875
7840,7200.130368,1,59588478.208,0.0331263958038806
7841,7200.150368,2,59588498.1504,0.0378224435019567
7842,7200.170368,1,59588518.1824,0.0331182002581597
7843,7200.190368,2,59588538.1888,0.0378419079230438
7844,7200.210368,1,59588558.1568,0.0330321470280902
7845,7200.230368,2,59588578.2784,0.0378029790808695
7846,7200.250368,1,59588598.1952,0.0330690269838343
7847,7200.270368,2,59588618.1888,0.0377814657733522
7848,7200.290368,1,59588638.208,0.0330659536541889
7849,7200.310368,2,59588658.1632,0.0376605814739689
7850,7200.330368,1,59588678.1952,0.0330710758702645
7851,7200.350368,2,59588698.24,0.0375919437785564
7852,7200.370368,1,59588718.1696,0.0330956625074272
7853,7200.390368,2,59588738.2016,0.0374515950580859
7854,7200.410368,1,59588758.1824,0.0330106337205729
7855,7200.430368,2,59588778.2144,0.0374618394902371
7856,7200.450368,1,59588798.208,0.0331182002581597
7857,7200.470368,2,59588818.3168,0.0375806749031901
7858,7200.490368,1,59588838.1952,0.0330034626180671
7859,7200.510368,2,59588858.2144,0.0376226770750097
7860,7200.530368,1,59588878.3232,0.0330434159034565
7861,7200.550368,2,59588898.1888,0.0377753191140615
7862,7200.570368,1,59588918.2464,0.0330782469727703
7863,7200.590368,2,59588938.2016,0.0377958079783638
7864,7200.610368,1,59588958.208,0.0330669780974041
7865,7200.630368,2,59588978.2784,0.0376605814739689
7866,7200.650368,1,59588998.2336,0.0330987358370725
7867,7200.670368,2,59589018.2656,0.0376698014629049
7868,7200.690368,1,59589038.2208,0.0330741491999098
7869,7200.710368,2,59589058.2272,0.0376155059725039
7870,7200.730368,1,59589078.2592,0.0330731247566947
7871,7200.750368,2,59589098.2528,0.0376114081996435
7872,7200.770368,1,59589118.208,0.0330403425738111
7873,7200.790368,2,59589138.2272,0.0376175548589342
7874,7200.810368,1,59589158.208,0.0330987358370725
7875,7200.830368,2,59589178.24,0.037752781363329
7876,7200.850368,1,59589198.208,0.0330382936873809
7877,7200.870368,2,59589218.2656,0.0376698014629049
7878,7200.890368,1,59589238.2592,0.0330628803245436
7879,7200.910368,2,59589258.24,0.0377947835351487
7880,7200.930368,1,59589278.2592,0.0331048824963632
7881,7200.950368,2,59589298.2784,0.0378408834798287
7882,7200.970368,1,59589318.3104,0.0330382936873809
7883,7200.990368,2,59589338.2528,0.0376964369864978
7884,7201.010368,1,59589358.272,0.0330475136763169
7885,7201.030368,2,59589378.3424,0.0376421414960969
7886,7201.050368,1,59589398.2464,0.0330608314381134
7887,7201.070368,2,59589418.2656,0.037652385928248
7888,7201.090368,1,59589438.2848,0.0330352203577356
7889,7201.110368,2,59589458.2784,0.0375550638228123
7890,7201.130368,1,59589478.272,0.0330434159034565
7891,7201.150368,2,59589498.2784,0.0375571127092425
7892,7201.170368,1,59589518.3104,0.0330966869506423
7893,7201.190368,2,59589538.2784,0.0376698014629049
7894,7201.210368,1,59589558.2592,0.0330598069948983
7895,7201.230368,2,59589578.3808,0.0378818612084332
7896,7201.250368,1,59589598.2848,0.0331345913496015
7897,7201.270368,2,59589618.2656,0.038353105087385
7898,7201.290368,1,59589638.2848,0.0331007847235028
7899,7201.310368,2,59589658.2912,0.0387526379412789
7900,7201.330368,1,59589678.3616,0.0331468846681828
7901,7201.350368,2,59589698.2912,0.0389913332104001
7902,7201.370368,1,59589718.2976,0.0331182002581597
7903,7201.390368,2,59589738.3424,0.0390794353268998
7904,7201.410368,1,59589758.3232,0.0329819493105497
7905,7201.430368,2,59589778.3552,0.0393744749728523
7906,7201.450368,1,59589798.3488,0.033039318130596
7907,7201.470368,2,59589818.3168,0.0395650214108632
7908,7201.490368,1,59589838.3104,0.0329235560472883
7909,7201.510368,2,59589858.3168,0.0392648595488352
7910,7201.530368,1,59589878.336,0.0329819493105497
7911,7201.550368,2,59589898.304,0.0390558731329522
7912,7201.570368,1,59589918.3232,0.0330034626180671
7913,7201.590368,2,59589938.3296,0.0388130800909706
7914,7201.610368,1,59589958.3488,0.0329921937427008
7915,7201.630368,2,59589978.3936,0.0385354559796751
7916,7201.650368,1,59589998.3232,0.033039318130596
7917,7201.670368,2,59590018.3296,0.0386010203454423
7918,7201.690368,1,59590038.3488,0.0330321470280902
7919,7201.710368,2,59590058.3296,0.0389913332104001
7920,7201.730368,1,59590078.3488,0.0330372692441658
7921,7201.750368,2,59590098.3424,0.0393714016432069
7922,7201.770368,1,59590118.336,0.0330003892884217
7923,7201.790368,2,59590138.3552,0.0393140328231606
7924,7201.810368,1,59590158.336,0.0330311225848751
7925,7201.830368,2,59590178.5088,0.0391327063740857
7926,7201.850368,1,59590198.3488,0.0329071649558465
7927,7201.870368,2,59590218.3424,0.0390681664515336
7928,7201.890368,1,59590238.3744,0.0330229270391542
7929,7201.910368,2,59590258.3552,0.039026164279714
7930,7201.930368,1,59590278.4128,0.033002438174852
7931,7201.950368,2,59590298.3552,0.0390978753047719
7932,7201.970368,1,59590318.3744,0.0330249759255844
7933,7201.990368,2,59590338.3552,0.0391675374433995
7934,7202.010368,1,59590358.3744,0.0330434159034565
7935,7202.030368,2,59590378.3936,0.0390066998586268
7936,7202.050368,1,59590398.4,0.0330178048230787
7937,7202.070368,2,59590418.3808,0.0386983424508779
7938,7202.090368,1,59590438.3488,0.0330290736984449
7939,7202.110368,2,59590458.4192,0.0384739893867683
7940,7202.130368,1,59590478.3488,0.0330239514823693
7941,7202.150368,2,59590498.3808,0.0384688671706927
7942,7202.170368,1,59590518.3872,0.0329717048783986
7943,7202.190368,2,59590538.4064,0.0386635113815641
7944,7202.210368,1,59590558.4256,0.0329686315487533
7945,7202.230368,2,59590578.5216,0.0391798307619809
7946,7202.250368,1,59590598.4,0.0330362448009507
7947,7202.270368,2,59590618.3808,0.0395937058208864
7948,7202.290368,1,59590638.4,0.0331253713606655
7949,7202.310368,2,59590658.3936,0.0396459524248571
7950,7202.330368,1,59590678.4384,0.0329727293216137
7951,7202.350368,2,59590698.4192,0.0393908660642941
7952,7202.370368,1,59590718.4128,0.0330741491999098
7953,7202.390368,2,59590738.4064,0.0391040219640625
7954,7202.410368,1,59590758.4256,0.0330639047677587
7955,7202.430368,2,59590778.432,0.0388325445120577
7956,7202.450368,1,59590798.4,0.0330546847788227
7957,7202.470368,2,59590818.432,0.0387249779744709
7958,7202.490368,1,59590838.4768,0.0330495625627471
7959,7202.510368,2,59590858.4448,0.0387598090437847
7960,7202.530368,1,59590878.5152,0.0329799004241195
7961,7202.550368,2,59590898.4192,0.0386501936197677
7962,7202.570368,1,59590918.4256,0.0330065359477124
7963,7202.590368,2,59590938.432,0.0386245825393898
7964,7202.610368,1,59590958.528,0.0330987358370725
7965,7202.630368,2,59590978.4576,0.038480136046059
7966,7202.650368,1,59590998.464,0.0330321470280902
7967,7202.670368,2,59591018.5088,0.0384125227938615
7968,7202.690368,1,59591038.4512,0.0329430204683754
7969,7202.710368,2,59591058.432,0.0383070051427049
7970,7202.730368,1,59591078.5792,0.0330331714713053
7971,7202.750368,2,59591098.4704,0.0382639785276702
7972,7202.770368,1,59591118.4512,0.0329788759809044
7973,7202.790368,2,59591138.4576,0.038153338660438
7974,7202.810368,1,59591158.4512,0.0329553137869568
7975,7202.830368,2,59591178.496,0.0380170877128281
7976,7202.850368,1,59591198.4384,0.0329973159587764
7977,7202.870368,2,59591218.4704,0.0380601143278628
7978,7202.890368,1,59591238.464,0.0329973159587764
7979,7202.910368,2,59591258.4832,0.038179974184031
7980,7202.930368,1,59591278.5152,0.0330372692441658
7981,7202.950368,2,59591298.4832,0.0382998340401992
7982,7202.970368,1,59591318.4896,0.033039318130596
7983,7202.990368,2,59591338.4832,0.0382137808101297
7984,7203.010368,1,59591358.4768,0.0330044870612822
7985,7203.030368,2,59591378.5216,0.0383090540291352
7986,7203.050368,1,59591398.5152,0.0330157559366484
7987,7203.070368,2,59591418.5472,0.038362325076321
7988,7203.090368,1,59591438.528,0.0330710758702645
7989,7203.110368,2,59591458.4832,0.0384883315917799
7990,7203.130368,1,59591478.5024,0.0329973159587764
7991,7203.150368,2,59591498.496,0.0384637449546172
7992,7203.170368,1,59591518.5664,0.0331325424631713
7993,7203.190368,2,59591538.5088,0.0385743848218493
7994,7203.210368,1,59591558.528,0.0331171758149446
7995,7203.230368,2,59591578.5344,0.0384227672260127
7996,7203.250368,1,59591598.5152,0.0330669780974041
7997,7203.270368,2,59591618.5088,0.0382506607658738
7998,7203.290368,1,59591638.5664,0.0330167803798635
7999,7203.310368,2,59591658.5344,0.0382107074804844
8000,7203.330368,1,59591678.4896,0.0330198537095089
8001,7203.350368,2,59591698.5344,0.0382117319236995
8002,7203.370368,1,59591718.5152,0.0330352203577356
8003,7203.390368,2,59591738.4832,0.0381267031368451
8004,7203.410368,1,59591758.5024,0.0330464892331018
8005,7203.430368,2,59591778.5216,0.0381205564775544
8006,7203.450368,1,59591798.4768,0.0330557092220378
8007,7203.470368,2,59591818.496,0.0381031409428975
8008,7203.490368,1,59591838.4768,0.0330772225295552
8009,7203.510368,2,59591858.496,0.038016063269613
8010,7203.530368,1,59591878.528,0.0330567336652529
8011,7203.550368,2,59591898.496,0.0381103120454033
8012,7203.570368,1,59591918.5152,0.033084393632061
8013,7203.590368,2,59591938.5984,0.0381451431147171
8014,7203.610368,1,59591958.4896,0.0331182002581597
8015,7203.630368,2,59591978.5216,0.038088798737886
8016,7203.650368,1,59591998.5152,0.0330997602802877
8017,7203.670368,2,59592018.5088,0.0379392300284795
8018,7203.690368,1,59592038.528,0.0332001557153687
8019,7203.710368,2,59592058.496,0.0378746901059274
8020,7203.730368,1,59592078.592,0.0331427868953224
8021,7203.750368,2,59592098.5344,0.0379095211752413
8022,7203.770368,1,59592118.5152,0.0330649292109738
8023,7203.790368,2,59592138.5344,0.0380375765771303
8024,7203.810368,1,59592158.4896,0.0330802958592005
8025,7203.830368,2,59592178.6112,0.0378603479009159
8026,7203.850368,1,59592198.5408,0.033084393632061
8027,7203.870368,2,59592218.5472,0.0377589280226197
8028,7203.890368,1,59592238.528,0.0330977113938574
8029,7203.910368,2,59592258.5472,0.0377691724547708
8030,7203.930368,1,59592278.5664,0.0331315180199562
8031,7203.950368,2,59592298.5344,0.0378675190034216
8032,7203.970368,1,59592318.5536,0.0330014137316368
8033,7203.990368,2,59592338.56,0.0378183457290962
8034,7204.010368,1,59592358.5536,0.033075173643125
8035,7204.030368,2,59592378.5728,0.0378951789702297
8036,7204.050368,1,59592398.5664,0.0331356157928166
8037,7204.070368,2,59592418.56,0.0379453766877702
8038,7204.090368,1,59592438.5664,0.0331622513164095
8039,7204.110368,2,59592458.7008,0.0380642121007233
8040,7204.130368,1,59592478.6688,0.0331274202470957
8041,7204.150368,2,59592498.5728,0.038098018726822
8042,7204.170368,1,59592518.5664,0.0331520068842584
8043,7204.190368,2,59592538.5984,0.0380150388263979
8044,7204.210368,1,59592558.5664,0.0331315180199562
8045,7204.230368,2,59592578.5472,0.0381133853750487
8046,7204.250368,1,59592598.6304,0.0330802958592005
8047,7204.270368,2,59592618.624,0.0381369475689962
8048,7204.290368,1,59592638.592,0.0331673735324851
8049,7204.310368,2,59592658.5856,0.03812567869363
8050,7204.330368,1,59592678.6304,0.0331837646239269
8051,7204.350368,2,59592698.6112,0.0383469584280943
8052,7204.370368,1,59592718.592,0.0331694224189153
8053,7204.390368,2,59592738.6112,0.0386184358800992
8054,7204.410368,1,59592758.6048,0.0331284446903108
8055,7204.430368,2,59592778.5856,0.038653266949413
8056,7204.450368,1,59592798.6048,0.0330915647345668
8057,7204.470368,2,59592818.7264,0.0386102403343783
8058,7204.490368,1,59592838.6176,0.0330782469727703
8059,7204.510368,2,59592858.6496,0.0386010203454423
8060,7204.530368,1,59592878.7584,0.0332063023746594
8061,7204.550368,2,59592898.6368,0.0386225336529596
8062,7204.570368,1,59592918.6432,0.0331202491445899
8063,7204.590368,2,59592938.6368,0.0383510562009548
8064,7204.610368,1,59592958.6176,0.0331325424631713
8065,7204.630368,2,59592978.6496,0.0381738275247403
8066,7204.650368,1,59592998.6304,0.0331192247013748
8067,7204.670368,2,59593018.6496,0.0380877742946708
8068,7204.690368,1,59593038.656,0.0330854180752761
8069,7204.710368,2,59593058.6112,0.0380724076464442
8070,7204.730368,1,59593078.656,0.033020878152724
8071,7204.750368,2,59593098.6496,0.0379443522445551
8072,7204.770368,1,59593118.6048,0.0330710758702645
8073,7204.790368,2,59593138.6624,0.0379125945048866
8074,7204.810368,1,59593158.656,0.0331161513717295
8075,7204.830368,2,59593178.6624,0.0378634212305612
8076,7204.850368,1,59593198.656,0.0330946380642121
8077,7204.870368,2,59593218.6624,0.0377466347040384
8078,7204.890368,1,59593238.656,0.0331233224742353
8079,7204.910368,2,59593258.7136,0.0377015592025734
8080,7204.930368,1,59593278.8096,0.0331817157374967
8081,7204.950368,2,59593298.6624,0.0376134570860737
8082,7204.970368,1,59593318.6944,0.033121273587805
8083,7204.990368,2,59593338.6624,0.0375878460056959
8084,7205.010368,1,59593358.7712,0.0330966869506423
8085,7205.030368,2,59593378.7264,0.0375499416067367
8086,7205.050368,1,59593398.6688,0.0331438113385375
8087,7205.070368,2,59593418.7136,0.0376790214518409
8088,7205.090368,1,59593438.7072,0.033184789067142
8089,7205.110368,2,59593458.6752,0.0377199991804454
8090,7205.130368,1,59593478.7072,0.0331540557706886
8091,7205.150368,2,59593498.688,0.0376308726207306
8092,7205.170368,1,59593518.7328,0.0331151269285144
8093,7205.190368,2,59593538.7264,0.0378306390476776
8094,7205.210368,1,59593558.6944,0.0331643002028398
8095,7205.230368,2,59593578.7392,0.0379105456184564
8096,7205.250368,1,59593598.7072,0.0331448357817526
8097,7205.270368,2,59593618.7264,0.0382373430040773
8098,7205.290368,1,59593638.72,0.0331653246460549
8099,7205.310368,2,59593658.7008,0.0381420697850718
8100,7205.330368,1,59593678.7712,0.0332073268178745
8101,7205.350368,2,59593698.8288,0.0380211854856885
8102,7205.370368,1,59593718.7456,0.033175569078206
8103,7205.390368,2,59593738.7008,0.038025283258549
8104,7205.410368,1,59593758.72,0.0331427868953224
8105,7205.430368,2,59593778.7264,0.0379873788595898
8106,7205.450368,1,59593798.7328,0.0332042534882291
8107,7205.470368,2,59593818.752,0.037970987768148
8108,7205.490368,1,59593838.72,0.0331643002028398
8109,7205.510368,2,59593858.7392,0.0378203946155265
8110,7205.530368,1,59593878.7584,0.0331345913496015
8111,7205.550368,2,59593898.7392,0.0377855635462126
8112,7205.570368,1,59593918.7456,0.0331294691335259
8113,7205.590368,2,59593938.752,0.0378787878787879
8114,7205.610368,1,59593958.6944,0.0330956625074272
8115,7205.630368,2,59593978.8544,0.0379156678345319
8116,7205.650368,1,59593998.7584,0.0331345913496015
8117,7205.670368,2,59594018.7776,0.0380232343721188
8118,7205.690368,1,59594038.7584,0.0331202491445899
8119,7205.710368,2,59594058.752,0.0382783207326818
8120,7205.730368,1,59594078.7456,0.0331059069395783
8121,7205.750368,2,59594098.7648,0.0380898231811011
8122,7205.770368,1,59594118.7456,0.0331837646239269
8123,7205.790368,2,59594138.7648,0.0379853299731596
8124,7205.810368,1,59594158.7712,0.0330915647345668
8125,7205.830368,2,59594178.816,0.0379935255188805
8126,7205.850368,1,59594198.7712,0.0330884914049214
8127,7205.870368,2,59594218.7904,0.0381287520232753
8128,7205.890368,1,59594238.7712,0.0330874669617063
8129,7205.910368,2,59594258.7904,0.0382516852090889
8130,7205.930368,1,59594278.848,0.0330782469727703
8131,7205.950368,2,59594298.88,0.0383090540291352
8132,7205.970368,1,59594318.8224,0.0331284446903108
8133,7205.990368,2,59594338.7776,0.0382588563115947
8134,7206.010368,1,59594358.848,0.033102833609933
8135,7206.030368,2,59594378.8544,0.0381789497408159
8136,7206.050368,1,59594398.784,0.0330956625074272
8137,7206.070368,2,59594418.816,0.0381236298071998
8138,7206.090368,1,59594438.8096,0.0331643002028398
8139,7206.110368,2,59594458.8032,0.0382137808101297
8140,7206.130368,1,59594478.8608,0.0331745446349909
8141,7206.150368,2,59594498.8032,0.0381687053086647
8142,7206.170368,1,59594518.8352,0.0332165468068105
8143,7206.190368,2,59594538.816,0.0382096830372692
8144,7206.210368,1,59594558.8096,0.0331694224189153
8145,7206.230368,2,59594578.9184,0.0382014874915483
8146,7206.250368,1,59594598.8352,0.0331499579978282
8147,7206.270368,2,59594618.8032,0.0380939209539615
8148,7206.290368,1,59594638.848,0.0331540557706886
8149,7206.310368,2,59594658.8288,0.0381615342061589
8150,7206.330368,1,59594678.9504,0.0331683979757002
8151,7206.350368,2,59594698.8672,0.0382629540844551
8152,7206.370368,1,59594718.8224,0.0331151269285144
8153,7206.390368,2,59594738.8672,0.0382291474583564
8154,7206.410368,1,59594758.848,0.0331806912942816
8155,7206.430368,2,59594778.8928,0.0379556211199213
8156,7206.450368,1,59594798.848,0.0331643002028398
8157,7206.470368,2,59594818.9056,0.0379423033581249
8158,7206.490368,1,59594838.8608,0.0332257667957465
8159,7206.510368,2,59594858.8672,0.0378224435019567
8160,7206.530368,1,59594878.8736,0.033175569078206
8161,7206.550368,2,59594898.8416,0.0378408834798287
8162,7206.570368,1,59594918.848,0.0331499579978282
8163,7206.590368,2,59594939.264,0.0380129899399676
8164,7206.610368,1,59594958.8736,0.0331694224189153
8165,7206.630368,2,59594978.8928,0.0380017210646014
8166,7206.650368,1,59594998.8736,0.0332185956932407
8167,7206.670368,2,59595018.8544,0.0379884033028049
8168,7206.690368,1,59595039.0272,0.0332196201364558
8169,7206.710368,2,59595059.6352,0.0380140143831827
8170,7206.730368,1,59595079.232,0.0331888868400025
8171,7206.750368,2,59595098.8928,0.0378808367652181
8172,7206.770368,1,59595118.8736,0.0330966869506423
8173,7206.790368,2,59595138.8928,0.0378121990698056
8174,7206.810368,1,59595158.8864,0.0331991312721536
8175,7206.830368,2,59595178.8928,0.0378203946155265
8176,7206.850368,1,59595198.912,0.0331653246460549
8177,7206.870368,2,59595218.9056,0.0378490790255496
8178,7206.890368,1,59595238.8864,0.0331540557706886
8179,7206.910368,2,59595258.8928,0.0377783924437068
8180,7206.930368,1,59595278.8864,0.0331499579978282
8181,7206.950368,2,59595298.9056,0.0379351322556191
8182,7206.970368,1,59595318.912,0.0331981068289385
8183,7206.990368,2,59595339.008,0.0380242588153339
8184,7207.010368,1,59595358.912,0.0332288401253919
8185,7207.030368,2,59595378.9312,0.0381041653861126
8186,7207.050368,1,59595398.912,0.0332134734771652
8187,7207.070368,2,59595418.9184,0.0380908476243162
8188,7207.090368,1,59595438.9376,0.0333261622308275
8189,7207.110368,2,59595458.9056,0.0381871452865368
8190,7207.130368,1,59595478.9376,0.0332104001475198
8191,7207.150368,2,59595498.9184,0.0382906140512631
8192,7207.170368,1,59595518.9248,0.0331991312721536
8193,7207.190368,2,59595538.9312,0.038526235990739
8194,7207.210368,1,59595558.9248,0.0332708422972115
8195,7207.230368,2,59595578.9184,0.0387003913373082
8196,7207.250368,1,59595598.9376,0.0332114245907349
8197,7207.270368,2,59595618.9184,0.0386921957915873
8198,7207.290368,1,59595638.9376,0.0332462556600488
8199,7207.310368,2,59595658.944,0.0386942446780175
8200,7207.330368,1,59595678.9376,0.033275964513287
8201,7207.350368,2,59595698.9568,0.0384319872149487
8202,7207.370368,1,59595718.976,0.0332503534329092
8203,7207.390368,2,59595738.944,0.0382342696744319
8204,7207.410368,1,59595758.9632,0.0333241133443973
8205,7207.430368,2,59595779.008,0.0380734320896593
8206,7207.450368,1,59595798.976,0.0332728911836417
8207,7207.470368,2,59595818.9696,0.0380426987932059
8208,7207.490368,1,59595838.9504,0.0332165468068105
8209,7207.510368,2,59595858.9952,0.0380365521339152
8210,7207.530368,1,59595878.9504,0.0332052779314443
8211,7207.550368,2,59595899.0208,0.0379945499620956
8212,7207.570368,1,59595918.976,0.033194009056078
8213,7207.590368,2,59595938.9952,0.037825516831602
8214,7207.610368,1,59595958.9632,0.0332360112278976
8215,7207.630368,2,59595978.9824,0.0376923392136374
8216,7207.650368,1,59595998.976,0.0331407380088922
8217,7207.670368,2,59596018.9696,0.0377773680004917
8218,7207.690368,1,59596038.9888,0.0331581535435491
8219,7207.710368,2,59596058.9952,0.0377271702829512
8220,7207.730368,1,59596079.0144,0.0331479091113979
8221,7207.750368,2,59596098.9952,0.0376216526317946
8222,7207.770368,1,59596119.0016,0.0331776179646362
8223,7207.790368,2,59596139.0336,0.0377189747372303
8224,7207.810368,1,59596159.0144,0.0332216690228861
8225,7207.830368,2,59596179.008,0.037861372344131
8226,7207.850368,1,59596199.0144,0.0331335669063864
8227,7207.870368,2,59596219.008,0.0378193701723114
8228,7207.890368,1,59596239.2704,0.0331950334992931
8229,7207.910368,2,59596259.0208,0.0379033745159506
8230,7207.930368,1,59596279.0528,0.0332011801585838
8231,7207.950368,2,59596299.0848,0.0380662609871535
8232,7207.970368,1,59596319.3856,0.0332585489786301
8233,7207.990368,2,59596339.008,0.0382240252422808
8234,7208.010368,1,59596359.04,0.033220644579671
8235,7208.030368,2,59596379.2768,0.0382629540844551
8236,7208.050368,1,59596399.0272,0.0332175712500256
8237,7208.070368,2,59596419.072,0.0380488454524966
8238,7208.090368,1,59596439.04,0.0332401090007581
8239,7208.110368,2,59596459.072,0.0378019546376544
8240,7208.130368,1,59596479.0656,0.0331765935214211
8241,7208.150368,2,59596499.0336,0.037825516831602
8242,7208.170368,1,59596519.0528,0.033203229045014
8243,7208.190368,2,59596539.5584,0.0376318970639457
8244,7208.210368,1,59596559.04,0.0332144979203803
8245,7208.230368,2,59596579.0848,0.0375724793574692
8246,7208.250368,1,59596599.0656,0.0331561046571189
8247,7208.270368,2,59596619.0592,0.0374802794681091
8248,7208.290368,1,59596639.5008,0.0331888868400025
8249,7208.310368,2,59596659.1488,0.0374403261827197
8250,7208.330368,1,59596679.104,0.0331007847235028
8251,7208.350368,2,59596699.072,0.0374003728973303
8252,7208.370368,1,59596719.0656,0.0331970823857234
8253,7208.390368,2,59596739.1872,0.0373409551908538
8254,7208.410368,1,59596759.1296,0.0331540557706886
8255,7208.430368,2,59596779.072,0.0373891040219641
8256,7208.450368,1,59596799.0656,0.0331745446349909
8257,7208.470368,2,59596819.0848,0.0373348085315631
8258,7208.490368,1,59596839.0656,0.0331704468621304
8259,7208.510368,2,59596859.0976,0.0373040752351097
8260,7208.530368,1,59596879.1168,0.033266744524351
8261,7208.550368,2,59596899.0976,0.0373266129858422
8262,7208.570368,1,59596919.104,0.0331765935214211
8263,7208.590368,2,59596939.0848,0.0374956461163358
8264,7208.610368,1,59596959.0784,0.0332155223635954
8265,7208.630368,2,59596979.1616,0.0377302436125966
8266,7208.650368,1,59596999.104,0.033194009056078
8267,7208.670368,2,59597019.328,0.0375663326981785
8268,7208.690368,1,59597039.5136,0.033248304546479
8269,7208.710368,2,59597059.0976,0.0375396971745856
8270,7208.730368,1,59597079.168,0.0331509824410433
8271,7208.750368,2,59597099.1232,0.037470035035958
8272,7208.770368,1,59597119.104,0.0332554756489848
8273,7208.790368,2,59597139.1232,0.037497695002766
8274,7208.810368,1,59597159.1296,0.0331991312721536
8275,7208.830368,2,59597179.1488,0.0375130616509927
8276,7208.850368,1,59597199.1168,0.03316634908927
8277,7208.870368,2,59597219.1104,0.037516134980638
8278,7208.890368,1,59597239.4112,0.0331858135103571
8279,7208.910368,2,59597259.2128,0.037762001352265
8280,7208.930368,1,59597279.1424,0.0332063023746594
8281,7208.950368,2,59597299.1872,0.0380222099289036
8282,7208.970368,1,59597319.3472,0.0332339623414674
8283,7208.990368,2,59597339.1616,0.038134898682566
8284,7209.010368,1,59597359.1424,0.033285184502223
8285,7209.030368,2,59597379.1616,0.0383131518019956
8286,7209.050368,1,59597399.3984,0.0331981068289385
8287,7209.070368,2,59597419.1616,0.0383828139406233
8288,7209.090368,1,59597439.168,0.0332237179093163
8289,7209.110368,2,59597459.1616,0.0384698916139078
8290,7209.130368,1,59597479.1808,0.0332974778208044
8291,7209.150368,2,59597499.1744,0.0386092158911632
8292,7209.170368,1,59597519.1552,0.0332257667957465
8293,7209.190368,2,59597539.1616,0.0386153625504538
8294,7209.210368,1,59597559.168,0.0332421578871883
8295,7209.230368,2,59597579.5456,0.0384975515807159
8296,7209.250368,1,59597599.168,0.0332442067736185
8297,7209.270368,2,59597619.84,0.0384422316470998
8298,7209.290368,1,59597639.168,0.0332319134550372
8299,7209.310368,2,59597659.1744,0.0383377384391583
8300,7209.330368,1,59597679.2704,0.0331827401807118
8301,7209.350368,2,59597699.4048,0.0381943163890426
8302,7209.370368,1,59597719.232,0.0332974778208044
8303,7209.390368,2,59597739.2,0.0380447476796361
8304,7209.410368,1,59597759.1936,0.0332134734771652
8305,7209.430368,2,59597779.2384,0.0379863544163747
8306,7209.450368,1,59597799.2192,0.0332001557153687
8307,7209.470368,2,59597819.2,0.0379443522445551
8308,7209.490368,1,59597839.2704,0.033184789067142
8309,7209.510368,2,59597859.3664,0.037870592333067
8310,7209.530368,1,59597879.2704,0.0332175712500256
8311,7209.550368,2,59597899.4048,0.0380078677238921
8312,7209.570368,1,59597919.1936,0.0331345913496015
8313,7209.590368,2,59597939.2128,0.0378582990144856
8314,7209.610368,1,59597959.2576,0.0331458602249677
8315,7209.630368,2,59597979.2384,0.0377353658286721
8316,7209.650368,1,59597999.2192,0.0331100047124388
8317,7209.670368,2,59598019.2,0.0376277992910853
8318,7209.690368,1,59598039.232,0.0332841600590079
8319,7209.710368,2,59598059.5456,0.0375274038560043
8320,7209.730368,1,59598079.2448,0.0332104001475198
8321,7209.750368,2,59598100.096,0.0374731083656033
8322,7209.770368,1,59598119.2192,0.0331345913496015
8323,7209.790368,2,59598139.2384,0.0375048661052718
8324,7209.810368,1,59598159.2064,0.0331909357264327
8325,7209.830368,2,59598179.3024,0.0376534103714631
8326,7209.850368,1,59598199.2448,0.0331796668510664
8327,7209.870368,2,59598219.2512,0.0375765771303297
8328,7209.890368,1,59598239.2576,0.0331776179646362
8329,7209.910368,2,59598259.2512,0.0375581371524576
8330,7209.930368,1,59598279.3088,0.0331325424631713
8331,7209.950368,2,59598299.2384,0.0374147151023419
8332,7209.970368,1,59598319.2576,0.033239084557543
8333,7209.990368,2,59598339.2512,0.0375007683324113
8334,7210.010368,1,59598359.2704,0.0332001557153687
8335,7210.030368,2,59598379.3664,0.0374731083656033
8336,7210.050368,1,59598399.2704,0.0331776179646362
8337,7210.070368,2,59598419.2768,0.0374556928309464
8338,7210.090368,1,59598439.2832,0.0332114245907349
8339,7210.110368,2,59598459.2384,0.0374587661605917
8340,7210.130368,1,59598479.36,0.0331018091667179
8341,7210.150368,2,59598499.2768,0.0374485217284406
8342,7210.170368,1,59598519.2576,0.0331407380088922
8343,7210.190368,2,59598539.2896,0.0376277992910853
8344,7210.210368,1,59598559.2832,0.0331858135103571
8345,7210.230368,2,59598579.3408,0.0379382055852644
8346,7210.250368,1,59598599.3216,0.0331981068289385
8347,7210.270368,2,59598619.6736,0.0379986477349561
8348,7210.290368,1,59598639.296,0.0331499579978282
8349,7210.310368,2,59598659.3024,0.0380273321449792
8350,7210.330368,1,59598679.3856,0.0331960579425082
8351,7210.350368,2,59598699.3024,0.0379402544716946
8352,7210.370368,1,59598719.3088,0.0331479091113979
8353,7210.390368,2,59598739.3024,0.0378849345380786
8354,7210.410368,1,59598759.3088,0.0331776179646362
8355,7210.430368,2,59598779.6096,0.037970987768148
8356,7210.450368,1,59598799.3984,0.033130493576741
8357,7210.470368,2,59598819.3152,0.0378726412194972
8358,7210.490368,1,59598839.3088,0.0331417624521073
8359,7210.510368,2,59598859.328,0.0378992767430901
8360,7210.530368,1,59598879.36,0.0331919601696478
8361,7210.550368,2,59598899.3152,0.0379248878234679
8362,7210.570368,1,59598919.3344,0.0332411334439732
8363,7210.590368,2,59598939.3408,0.0379392300284795
8364,7210.610368,1,59598959.3216,0.0331888868400025
8365,7210.630368,2,59598979.3664,0.0381215809207696
8366,7210.650368,1,59598999.3344,0.0333189911283218
8367,7210.670368,2,59599019.648,0.0381021164996824
8368,7210.690368,1,59599039.3472,0.0331991312721536
8369,7210.710368,2,59599059.3536,0.0381277275800602
8370,7210.730368,1,59599079.552,0.0332052779314443
8371,7210.750368,2,59599099.6736,0.038198414161903
8372,7210.770368,1,59599119.6416,0.0331899112832176
8373,7210.790368,2,59599139.3408,0.0382762718462516
8374,7210.810368,1,59599159.3472,0.0332022046017989
8375,7210.830368,2,59599179.3792,0.0383992050320651
8376,7210.850368,1,59599199.36,0.0332954289343742
8377,7210.870368,2,59599219.3664,0.038480136046059
8378,7210.890368,1,59599239.3856,0.0331919601696478
8379,7210.910368,2,59599259.3536,0.0384237916692278
8380,7210.930368,1,59599279.6032,0.0332093757043047
8381,7210.950368,2,59599299.3664,0.0383305673366525
8382,7210.970368,1,59599319.3856,0.033121273587805
8383,7210.990368,2,59599339.3792,0.0382752474030365
8384,7211.010368,1,59599359.3856,0.0332431823304034
8385,7211.030368,2,59599379.4432,0.0382516852090889
8386,7211.050368,1,59599399.488,0.0331724957485607
8387,7211.070368,2,59599419.6224,0.0382086585940541
8388,7211.090368,1,59599439.3984,0.0332267912389616
8389,7211.110368,2,59599459.3664,0.038252709652304
8390,7211.130368,1,59599479.3984,0.0332370356711127
8391,7211.150368,2,59599499.3792,0.0381850964001065
8392,7211.170368,1,59599519.424,0.0332134734771652
8393,7211.190368,2,59599539.4304,0.0382045608211937
8394,7211.210368,1,59599559.4496,0.0332442067736185
8395,7211.230368,2,59599579.4944,0.0380652365439384
8396,7211.250368,1,59599599.4112,0.0331632757596246
8397,7211.270368,2,59599619.392,0.0379064478455959
8398,7211.290368,1,59599639.6032,0.0332011801585838
8399,7211.310368,2,59599659.4048,0.0379330833691888
8400,7211.330368,1,59599679.68,0.0332687934107812
8401,7211.350368,2,59599699.6608,0.0378224435019567
8402,7211.370368,1,59599719.424,0.0332370356711127
8403,7211.390368,2,59599739.7504,0.0377691724547708
8404,7211.410368,1,59599759.4496,0.0332800622861475
8405,7211.430368,2,59599779.9296,0.0377425369311779
8406,7211.450368,1,59599799.4112,0.0332503534329092
8407,7211.470368,2,59599819.4176,0.03767082590612
8408,7211.490368,1,59599839.5904,0.0331376646792468
8409,7211.510368,2,59599859.4432,0.0376206281885795
8410,7211.530368,1,59599879.4496,0.0331202491445899
8411,7211.550368,2,59599899.4816,0.0375581371524576
8412,7211.570368,1,59599919.4368,0.0331243469174504
8413,7211.590368,2,59599939.4432,0.0375827237896203
8414,7211.610368,1,59599959.4496,0.0330249759255844
8415,7211.630368,2,59599979.456,0.0374198373184174
8416,7211.650368,1,59599999.4496,0.0331622513164095
8417,7211.670368,2,59600019.4432,0.0373593951687258
8418,7211.690368,1,59600039.4624,0.0330792714159854
8419,7211.710368,2,59600059.4432,0.0374044706701908
8420,7211.730368,1,59600079.744,0.0331325424631713
8421,7211.750368,2,59600099.4816,0.0374106173294814
8422,7211.770368,1,59600119.4752,0.0331192247013748
8423,7211.790368,2,59600139.52,0.0373675907144467
8424,7211.810368,1,59600159.5008,0.0330946380642121
8425,7211.830368,2,59600179.4688,0.0374136906591268
8426,7211.850368,1,59600199.488,0.0331151269285144
8427,7211.870368,2,59600219.4816,0.037343004077284
8428,7211.890368,1,59600239.4752,0.0331376646792468
8429,7211.910368,2,59600259.712,0.0374280328641383
8430,7211.930368,1,59600279.5776,0.0330977113938574
8431,7211.950368,2,59600299.4944,0.0373460774069293
8432,7211.970368,1,59600319.488,0.0331100047124388
8433,7211.990368,2,59600339.4816,0.0371708976171451
8434,7212.010368,1,59600359.6544,0.0330721003134796
8435,7212.030368,2,59600379.4944,0.0371186510131743
8436,7212.050368,1,59600399.5008,0.0330280492552298
8437,7212.070368,2,59600419.4944,0.0371565554121335
8438,7212.090368,1,59600439.5008,0.033075173643125
8439,7212.110368,2,59600459.4816,0.0371862642653718
8440,7212.130368,1,59600479.68,0.0330495625627471
8441,7212.150368,2,59600499.6608,0.0369629356444772
8442,7212.170368,1,59600519.5264,0.033112053598869
8443,7212.190368,2,59600539.52,0.0368502468908148
8444,7212.210368,1,59600559.9232,0.0330710758702645
8445,7212.230368,2,59600579.8912,0.0367775114225419
8446,7212.250368,1,59600599.5264,0.0330823447456308
8447,7212.270368,2,59600619.7248,0.0368205380375766
8448,7212.290368,1,59600639.7952,0.0331479091113979
8449,7212.310368,2,59600659.5584,0.0367949269571988
8450,7212.330368,1,59600679.7056,0.0330854180752761
8451,7212.350368,2,59600699.5328,0.0369485934394657
8452,7212.370368,1,59600719.5392,0.0331612268731944
8453,7212.390368,2,59600739.52,0.0370356711127502
8454,7212.410368,1,59600759.5904,0.0331171758149446
8455,7212.430368,2,59600779.584,0.0370407933288258
8456,7212.450368,1,59600799.5264,0.0331356157928166
8457,7212.470368,2,59600819.5712,0.0369506423258959
8458,7212.490368,1,59600839.744,0.0331612268731944
8459,7212.510368,2,59600859.5584,0.0368830290736984
8460,7212.530368,1,59600879.5904,0.0331253713606655
8461,7212.550368,2,59600899.5584,0.0369106890405065
8462,7212.570368,1,59600919.6416,0.0331397135656771
8463,7212.590368,2,59600939.5712,0.0368871268465589
8464,7212.610368,1,59600959.5776,0.0331397135656771
8465,7212.630368,2,59600979.6224,0.036970106746983
8466,7212.650368,1,59600999.5904,0.0331602024299793
8467,7212.670368,2,59601019.6352,0.0370776732845698
8468,7212.690368,1,59601039.5776,0.0331479091113979
8469,7212.710368,2,59601059.5584,0.036951666769111
8470,7212.730368,1,59601079.5776,0.0331018091667179
8471,7212.750368,2,59601099.584,0.0369117134837216
8472,7212.770368,1,59601119.5776,0.0331489335546131
8473,7212.790368,2,59601139.584,0.0368963468354949
8474,7212.810368,1,59601159.5904,0.0330608314381134
8475,7212.830368,2,59601179.6352,0.0369004446083554
8476,7212.850368,1,59601199.616,0.0330649292109738
8477,7212.870368,2,59601219.6864,0.0370039133730817
8478,7212.890368,1,59601239.6416,0.0330587825516832
8479,7212.910368,2,59601259.648,0.0372723174954412
8480,7212.930368,1,59601279.616,0.0330802958592005
8481,7212.950368,2,59601299.6992,0.0372630975065052
8482,7212.970368,1,59601319.6032,0.0331263958038806
8483,7212.990368,2,59601339.5968,0.03716987317393
8484,7213.010368,1,59601359.6416,0.0330454647898867
8485,7213.030368,2,59601379.6864,0.0370633310795583
8486,7213.050368,1,59601399.6032,0.0330966869506423
8487,7213.070368,2,59601419.6224,0.036942446780175
8488,7213.090368,1,59601439.616,0.0331550802139037
8489,7213.110368,2,59601459.7632,0.0368225869240068
8490,7213.130368,1,59601479.6416,0.0331438113385375
8491,7213.150368,2,59601499.6352,0.0369526912123261
8492,7213.170368,1,59601519.616,0.0331366402360317
8493,7213.190368,2,59601539.6352,0.0368932735058496
8494,7213.210368,1,59601559.6416,0.0330761980863401
8495,7213.230368,2,59601579.7632,0.0368031225029197
8496,7213.250368,1,59601599.6544,0.0331561046571189
8497,7213.270368,2,59601619.6352,0.036933226791239
8498,7213.290368,1,59601639.872,0.0331253713606655
8499,7213.310368,2,59601659.6608,0.0369465445530354
8500,7213.330368,1,59601679.7824,0.0331479091113979
8501,7213.350368,2,59601699.648,0.0371329932181859
8502,7213.370368,1,59601719.6544,0.0330905402913516
8503,7213.390368,2,59601739.6352,0.0371258221156801
8504,7213.410368,1,59601759.744,0.0331632757596246
8505,7213.430368,2,59601779.7504,0.0369957178273608
8506,7213.450368,1,59601799.6928,0.0331089802692237
8507,7213.470368,2,59601819.7504,0.0370162066916631
8508,7213.490368,1,59601839.6544,0.0331427868953224
8509,7213.510368,2,59601859.6736,0.037087917716721
8510,7213.530368,1,59601879.7568,0.0331233224742353
8511,7213.550368,2,59601899.6992,0.0370182555780933
8512,7213.570368,1,59601919.68,0.0330587825516832
8513,7213.590368,2,59601939.6992,0.0369752289630586
8514,7213.610368,1,59601959.6672,0.0331776179646362
8515,7213.630368,2,59601979.7248,0.0370131333620177
8516,7213.650368,1,59601999.744,0.0330649292109738
8517,7213.670368,2,59602019.8144,0.0370387444423955
8518,7213.690368,1,59602039.6928,0.0330802958592005
8519,7213.710368,2,59602059.6608,0.0370561599770525
8520,7213.730368,1,59602079.7312,0.0330874669617063
8521,7213.750368,2,59602099.8656,0.0370745999549245
8522,7213.770368,1,59602119.68,0.0330997602802877
8523,7213.790368,2,59602139.712,0.0372958796893888
8524,7213.810368,1,59602159.7056,0.0330557092220378
8525,7213.830368,2,59602179.904,0.0372743663818714
8526,7213.850368,1,59602199.9104,0.0330823447456308
8527,7213.870368,2,59602219.7632,0.0372743663818714
8528,7213.890368,1,59602239.7312,0.0330495625627471
8529,7213.910368,2,59602259.8528,0.0372846108140226
8530,7213.930368,1,59602280.128,0.033130493576741
8531,7213.950368,2,59602299.6864,0.0372569508472145
8532,7213.970368,1,59602319.744,0.0331550802139037
8533,7213.990368,2,59602340.0704,0.0372846108140226
8534,7214.010368,1,59602359.7312,0.0331479091113979
8535,7214.030368,2,59602379.84,0.037124797672465
8536,7214.050368,1,59602399.7312,0.0331048824963632
8537,7214.070368,2,59602419.7504,0.0370827955006454
8538,7214.090368,1,59602439.744,0.033102833609933
8539,7214.110368,2,59602459.7504,0.0370684532956338
8540,7214.130368,1,59602479.7696,0.0331069313827934
8541,7214.150368,2,59602499.7504,0.036988546724855
8542,7214.170368,1,59602519.744,0.0331540557706886
8543,7214.190368,2,59602539.8656,0.0369291290183785
8544,7214.210368,1,59602559.7824,0.033130493576741
8545,7214.230368,2,59602579.84,0.0369762534062737
8546,7214.250368,1,59602599.8464,0.0331407380088922
8547,7214.270368,2,59602619.7376,0.0368297580265126
8548,7214.290368,1,59602639.7696,0.03316634908927
8549,7214.310368,2,59602659.7504,0.036988546724855
8550,7214.330368,1,59602679.8208,0.033130493576741
8551,7214.350368,2,59602699.7632,0.0371688487307149
8552,7214.370368,1,59602719.7952,0.0330710758702645
8553,7214.390368,2,59602739.8656,0.037270268609011
8554,7214.410368,1,59602759.7824,0.0331581535435491
8555,7214.430368,2,59602779.7888,0.037270268609011
8556,7214.450368,1,59602799.7696,0.0330823447456308
8557,7214.470368,2,59602819.8144,0.0372497797447087
8558,7214.490368,1,59602839.7696,0.0331612268731944
8559,7214.510368,2,59602859.7888,0.0371667998442846
8560,7214.530368,1,59602879.8208,0.0331407380088922
8561,7214.550368,2,59602899.8016,0.0371073821378081
8562,7214.570368,1,59602919.808,0.0330137070502182
8563,7214.590368,2,59602939.8016,0.0370090355891573
8564,7214.610368,1,59602959.7952,0.0331602024299793
8565,7214.630368,2,59602979.84,0.0370100600323724
8566,7214.650368,1,59602999.7952,0.0332011801585838
8567,7214.670368,2,59603020.2752,0.0371125043538837
8568,7214.690368,1,59603039.8208,0.0331468846681828
8569,7214.710368,2,59603059.8272,0.0375868215624808
8570,7214.730368,1,59603079.8208,0.0331222980310201
8571,7214.750368,2,59603099.8272,0.0376288237343004
8572,7214.770368,1,59603119.808,0.033175569078206
8573,7214.790368,2,59603139.8272,0.0377538058065441
8574,7214.810368,1,59603159.8208,0.0331448357817526
8575,7214.830368,2,59603179.8656,0.0378193701723114
8576,7214.850368,1,59603199.8464,0.0331837646239269
8577,7214.870368,2,59603219.8272,0.0378081012969451
8578,7214.890368,1,59603239.8208,0.033157129100334
8579,7214.910368,2,59603259.84,0.037725121396521
8580,7214.930368,1,59603279.872,0.0332493289896941
8581,7214.950368,2,59603299.84,0.0376349703935911
8582,7214.970368,1,59603320,0.0331591779867642
8583,7214.990368,2,59603339.8272,0.037370664044092
8584,7215.010368,1,59603359.8464,0.0331438113385375
8585,7215.030368,2,59603379.904,0.0371924109246624
8586,7215.050368,1,59603399.8336,0.0330966869506423
8587,7215.070368,2,59603420.352,0.0370735755117094
8588,7215.090368,1,59603439.8592,0.0331151269285144
8589,7215.110368,2,59603459.8528,0.0369301534615936
8590,7215.130368,1,59603480.5248,0.0332073268178745
8591,7215.150368,2,59603499.8656,0.0369455201098203
8592,7215.170368,1,59603519.936,0.0331192247013748
8593,7215.190368,2,59603539.8656,0.0369864978384248
8594,7215.210368,1,59603559.8976,0.0331069313827934
8595,7215.230368,2,59603579.9296,0.0370715266252792
8596,7215.250368,1,59603599.872,0.0331468846681828
8597,7215.270368,2,59603619.8656,0.0370172311348782
8598,7215.290368,1,59603639.9104,0.0330884914049214
8599,7215.310368,2,59603659.8784,0.0371309443317557
8600,7215.330368,1,59603679.9104,0.0331100047124388
8601,7215.350368,2,59603699.9424,0.037160653184994
8602,7215.370368,1,59603719.8976,0.0331202491445899
8603,7215.390368,2,59603739.8784,0.0371596287417788
8604,7215.410368,1,59603759.9616,0.0331714713053455
8605,7215.430368,2,59603779.9424,0.0371708976171451
8606,7215.450368,1,59603799.8976,0.0331397135656771
8607,7215.470368,2,59603819.9296,0.0371473354231975
8608,7215.490368,1,59603839.872,0.0330956625074272
8609,7215.510368,2,59603859.904,0.0371319687749708
8610,7215.530368,1,59603879.9616,0.0331735201917758
8611,7215.550368,2,59603900.2624,0.0371616776282091
8612,7215.570368,1,59603919.9488,0.0332605978650603
8613,7215.590368,2,59603939.904,0.0371094310242383
8614,7215.610368,1,59603959.8976,0.0332104001475198
8615,7215.630368,2,59603979.9296,0.037188313151802
8616,7215.650368,1,59603999.9232,0.0332349867846825
8617,7215.670368,2,59604019.904,0.0371647509578544
8618,7215.690368,1,59604039.8976,0.0331960579425082
8619,7215.710368,2,59604059.968,0.0371575798553486
8620,7215.730368,1,59604079.9744,0.0331950334992931
8621,7215.750368,2,59604099.9552,0.0371196754563895
8622,7215.770368,1,59604119.9616,0.033157129100334
8623,7215.790368,2,59604139.9552,0.0371524576392731
8624,7215.810368,1,59604159.936,0.0331489335546131
8625,7215.830368,2,59604179.968,0.0370069867027271
8626,7215.850368,1,59604199.9488,0.0331315180199562
8627,7215.870368,2,59604219.9808,0.0371043088081628
8628,7215.890368,1,59604239.9616,0.0330710758702645
8629,7215.910368,2,59604259.9552,0.037270268609011
8630,7215.930368,1,59604279.9744,0.0330700514270494
8631,7215.950368,2,59604299.9936,0.0372036798000287
8632,7215.970368,1,59604319.9616,0.0331520068842584
8633,7215.990368,2,59604339.9168,0.0372559264039994
8634,7216.010368,1,59604359.9616,0.033229864568607
8635,7216.030368,2,59604379.9808,0.0373061241215399
8636,7216.050368,1,59604399.9488,0.0331192247013748
8637,7216.070368,2,59604419.9552,0.0373737373737374
8638,7216.090368,1,59604439.9872,0.0331540557706886
8639,7216.110368,2,59604459.968,0.037261048620075
8640,7216.130368,1,59604479.9872,0.0330444403466716
8641,7216.150368,2,59604500.0064,0.0372682197225808
8642,7216.170368,1,59604519.9872,0.0331694224189153
8643,7216.190368,2,59604539.9808,0.0372210953346856
8644,7216.210368,1,59604560,0.0331438113385375
8645,7216.230368,2,59604580.288,0.0372333886532669
8646,7216.250368,1,59604600,0.0331489335546131
8647,7216.270368,2,59604619.968,0.0372815374843772
8648,7216.290368,1,59604640.0128,0.0330792714159854
8649,7216.310368,2,59604660.0192,0.0374167639887721
8650,7216.330368,1,59604680.0512,0.0331653246460549
8651,7216.350368,2,59604700.032,0.0374044706701908
8652,7216.370368,1,59604720,0.0331253713606655
8653,7216.390368,2,59604739.9936,0.037315344110476
8654,7216.410368,1,59604760.0128,0.0331315180199562
8655,7216.430368,2,59604780.1472,0.0373593951687258
8656,7216.450368,1,59604800,0.033203229045014
8657,7216.470368,2,59604820.032,0.0373276374290573
8658,7216.490368,1,59604840.0128,0.0330782469727703
8659,7216.510368,2,59604859.968,0.0372784641547319
8660,7216.530368,1,59604880.0384,0.033084393632061
8661,7216.550368,2,59604899.9808,0.0371913864814473
8662,7216.570368,1,59604920.0384,0.0330680025406192
8663,7216.590368,2,59604940.032,0.0371616776282091
8664,7216.610368,1,59604960.0384,0.0331171758149446
8665,7216.630368,2,59604980.2752,0.0370366955559653
8666,7216.650368,1,59605000.0384,0.0331315180199562
8667,7216.670368,2,59605019.9808,0.0369373245640994
8668,7216.690368,1,59605040.0512,0.0331089802692237
8669,7216.710368,2,59605060.0448,0.0369055668244309
8670,7216.730368,1,59605080.064,0.0331581535435491
8671,7216.750368,2,59605100.1216,0.0367498514557338
8672,7216.770368,1,59605120.0512,0.033121273587805
8673,7216.790368,2,59605140.0704,0.0368389780154486
8674,7216.810368,1,59605160.0768,0.0331335669063864
8675,7216.830368,2,59605180.0576,0.0370080111459422
8676,7216.850368,1,59605200.0512,0.0331294691335259
8677,7216.870368,2,59605220.0704,0.0371514331960579
8678,7216.890368,1,59605240.0512,0.0331827401807118
8679,7216.910368,2,59605260.0704,0.037097137705657
8680,7216.930368,1,59605280.1408,0.0331899112832176
8681,7216.950368,2,59605300.0576,0.037097137705657
8682,7216.970368,1,59605320.0768,0.0331294691335259
8683,7216.990368,2,59605340.0832,0.037042842215256
8684,7217.010368,1,59605360.1024,0.0331520068842584
8685,7217.030368,2,59605380.16,0.0369721556334132
8686,7217.050368,1,59605400.6784,0.0331612268731944
8687,7217.070368,2,59605420.7744,0.0370643555227734
8688,7217.090368,1,59605440.128,0.0330987358370725
8689,7217.110368,2,59605460.0704,0.0370991865920872
8690,7217.130368,1,59605480.2176,0.0331858135103571
8691,7217.150368,2,59605500.096,0.0370653799659885
8692,7217.170368,1,59605520.0768,0.0331407380088922
8693,7217.190368,2,59605540.1216,0.0371032843649476
8694,7217.210368,1,59605560.2304,0.0331561046571189
8695,7217.230368,2,59605580.1216,0.0370285000102444
8696,7217.250368,1,59605600.128,0.0331315180199562
8697,7217.270368,2,59605620.1216,0.0369567889851866
8698,7217.290368,1,59605640.1024,0.0331612268731944
8699,7217.310368,2,59605660.1088,0.0370674288524187
8700,7217.330368,1,59605680.1792,0.0331243469174504
8701,7217.350368,2,59605700.1344,0.0369649845309075
8702,7217.370368,1,59605720.128,0.0331888868400025
8703,7217.390368,2,59605740.1344,0.0369844489519946
8704,7217.410368,1,59605760.128,0.0331202491445899
8705,7217.430368,2,59605780.1984,0.0371002110353023
8706,7217.450368,1,59605800.1152,0.0331960579425082
8707,7217.470368,2,59605820.1728,0.0371196754563895
8708,7217.490368,1,59605840.1664,0.0331653246460549
8709,7217.510368,2,59605860.16,0.0370438666584711
8710,7217.530368,1,59605880.2048,0.0331612268731944
8711,7217.550368,2,59605900.1344,0.0370653799659885
8712,7217.570368,1,59605920.1152,0.0331520068842584
8713,7217.590368,2,59605940.1472,0.0369598623148319
8714,7217.610368,1,59605960.1408,0.0331806912942816
8715,7217.630368,2,59605980.1728,0.0371032843649476
8716,7217.650368,1,59606000.1536,0.0331827401807118
8717,7217.670368,2,59606020.1728,0.0371104554674534
8718,7217.690368,1,59606040.1664,0.0331581535435491
8719,7217.710368,2,59606060.16,0.0372856352572377
8720,7217.730368,1,59606080.4224,0.0332114245907349
8721,7217.750368,2,59606100.1728,0.037288708586883
8722,7217.770368,1,59606120.1792,0.0332104001475198
8723,7217.790368,2,59606140.2368,0.0371862642653718
8724,7217.810368,1,59606160.1664,0.0331151269285144
8725,7217.830368,2,59606180.2496,0.0371073821378081
8726,7217.850368,1,59606200.1792,0.0331837646239269
8727,7217.870368,2,59606220.1728,0.0370325977831049
8728,7217.890368,1,59606240.256,0.0331673735324851
8729,7217.910368,2,59606260.1984,0.0371627020714242
8730,7217.930368,1,59606280.256,0.0331243469174504
8731,7217.950368,2,59606300.1472,0.0371985575839531
8732,7217.970368,1,59606320.2304,0.0331520068842584
8733,7217.990368,2,59606340.2752,0.037188313151802
8734,7218.010368,1,59606360.1408,0.0331284446903108
8735,7218.030368,2,59606380.1984,0.0371770442764358
8736,7218.050368,1,59606400.3968,0.0331806912942816
8737,7218.070368,2,59606421.0944,0.0372671952793657
8738,7218.090368,1,59606440.2688,0.0331376646792468
8739,7218.110368,2,59606460.1984,0.03735222406622
8740,7218.130368,1,59606480.256,0.0331274202470957
8741,7218.150368,2,59606500.224,0.0372180220050403
8742,7218.170368,1,59606520.256,0.0330925891777819
8743,7218.190368,2,59606540.2112,0.0371360665478313
8744,7218.210368,1,59606560.2816,0.0331530313274735
8745,7218.230368,2,59606580.3008,0.0371452865367673
8746,7218.250368,1,59606600.2432,0.0332073268178745
8747,7218.270368,2,59606620.224,0.0372682197225808
8748,7218.290368,1,59606640.2048,0.0331222980310201
8749,7218.310368,2,59606660.2368,0.0372477308582785
8750,7218.330368,1,59606680.2432,0.0331499579978282
8751,7218.350368,2,59606700.2624,0.0373225152129817
8752,7218.370368,1,59606720.2432,0.0331007847235028
8753,7218.390368,2,59606740.224,0.037406519556621
8754,7218.410368,1,59606760.256,0.0331325424631713
8755,7218.430368,2,59606780.2752,0.0376216526317946
8756,7218.450368,1,59606800.2432,0.0331345913496015
8757,7218.470368,2,59606820.2496,0.0377732702276313
8758,7218.490368,1,59606840.256,0.0331182002581597
8759,7218.510368,2,59606860.2624,0.0379586944495667
8760,7218.530368,1,59606880.2688,0.0331622513164095
8761,7218.550368,2,59606900.2496,0.0380006966213863
8762,7218.570368,1,59606920.2176,0.0331161513717295
8763,7218.590368,2,59606940.2752,0.0377415124879628
8764,7218.610368,1,59606960.2816,0.0331192247013748
8765,7218.630368,2,59606980.3008,0.0377896613190731
8766,7218.650368,1,59607000.2816,0.033184789067142
8767,7218.670368,2,59607020.2624,0.0376472637121724
8768,7218.690368,1,59607040.2816,0.033112053598869
8769,7218.710368,2,59607060.2496,0.0376400926096667
8770,7218.730368,1,59607080.9472,0.0331100047124388
8771,7218.750368,2,59607100.544,0.0377497080336837
8772,7218.770368,1,59607120.2688,0.0332052779314443
8773,7218.790368,2,59607140.2496,0.037697461429713
8774,7218.810368,1,59607160.2816,0.0331837646239269
8775,7218.830368,2,59607180.3776,0.0376359948368062
8776,7218.850368,1,59607200.2944,0.0331407380088922
8777,7218.870368,2,59607220.3008,0.0374536439445162
8778,7218.890368,1,59607240.2816,0.0332165468068105
8779,7218.910368,2,59607260.4416,0.0373962751244699
8780,7218.930368,1,59607280.3328,0.0330741491999098
8781,7218.950368,2,59607300.3008,0.0374147151023419
8782,7218.970368,1,59607320.3328,0.0331222980310201
8783,7218.990368,2,59607340.6208,0.0374997438891962
8784,7219.010368,1,59607360.32,0.0330813203024156
8785,7219.030368,2,59607380.4032,0.037470035035958
8786,7219.050368,1,59607400.32,0.0331612268731944
8787,7219.070368,2,59607420.3264,0.0374772061384637
8788,7219.090368,1,59607441.0368,0.0331315180199562
8789,7219.110368,2,59607460.3136,0.0374546683877313
8790,7219.130368,1,59607480.4096,0.0331530313274735
8791,7219.150368,2,59607500.3264,0.0373501751797898
8792,7219.170368,1,59607520.32,0.0331509824410433
8793,7219.190368,2,59607540.3392,0.0372180220050403
8794,7219.210368,1,59607560.32,0.0331079558260086
8795,7219.230368,2,59607580.3392,0.0371084065810232
8796,7219.250368,1,59607600.3456,0.0330802958592005
8797,7219.270368,2,59607620.3264,0.0369588378716168
8798,7219.290368,1,59607640.3456,0.0331499579978282
8799,7219.310368,2,59607660.3136,0.0368533202204602
8800,7219.330368,1,59607680.4352,0.0331345913496015
8801,7219.350368,2,59607700.352,0.0368779068576229
8802,7219.370368,1,59607720.3456,0.0331294691335259
8803,7219.390368,2,59607740.3392,0.0369188845862274
8804,7219.410368,1,59607760.3584,0.0331161513717295
8805,7219.430368,2,59607780.3776,0.0370930399327965
8806,7219.450368,1,59607800.3328,0.0331335669063864
8807,7219.470368,2,59607820.416,0.0372282664371914
8808,7219.490368,1,59607840.3584,0.0331714713053455
8809,7219.510368,2,59607860.608,0.0372682197225808
8810,7219.530368,1,59607880.3712,0.0330649292109738
8811,7219.550368,2,59607900.7488,0.0373204663265515
8812,7219.570368,1,59607920.3968,0.0331530313274735
8813,7219.590368,2,59607940.4032,0.0371555309689184
8814,7219.610368,1,59607960.384,0.0332063023746594
8815,7219.630368,2,59607980.4416,0.0370469399881165
8816,7219.650368,1,59608000.384,0.0331550802139037
8817,7219.670368,2,59608020.4032,0.0370028889298666
8818,7219.690368,1,59608040.3584,0.0331171758149446
8819,7219.710368,2,59608061.184,0.0371114799106686
8820,7219.730368,1,59608080.4096,0.0331878623967873
8821,7219.750368,2,59608100.4032,0.0375325260720798
8822,7219.770368,1,59608120.384,0.0331100047124388
8823,7219.790368,2,59608140.4032,0.037661605917184
8824,7219.810368,1,59608160.3968,0.0331673735324851
8825,7219.830368,2,59608181.4144,0.0376482881553876
8826,7219.850368,1,59608200.4224,0.0331438113385375
8827,7219.870368,2,59608220.4288,0.0376790214518409
8828,7219.890368,1,59608240.3968,0.0331407380088922
8829,7219.910368,2,59608260.4288,0.0375939926649866
8830,7219.930368,1,59608280.5888,0.0331827401807118
8831,7219.950368,2,59608300.416,0.037452619501301
8832,7219.970368,1,59608320.4352,0.0331438113385375
8833,7219.990368,2,59608340.4288,0.0372948552461737
8834,7220.010368,1,59608360.4352,0.0330895158481365
8835,7220.030368,2,59608380.48,0.037242608642203
8836,7220.050368,1,59608400.4608,0.0331100047124388
8837,7220.070368,2,59608420.48,0.0373778351465978
8838,7220.090368,1,59608440.448,0.0331591779867642
8839,7220.110368,2,59608460.5184,0.0371944598110927
8840,7220.130368,1,59608480.448,0.0331222980310201
8841,7220.150368,2,59608500.4416,0.037242608642203
8842,7220.170368,1,59608520.4224,0.0331397135656771
8843,7220.190368,2,59608540.48,0.0372733419386563
8844,7220.210368,1,59608560.4352,0.0331171758149446
8845,7220.230368,2,59608580.4544,0.0373727129305223
8846,7220.250368,1,59608600.4608,0.0331704468621304
8847,7220.270368,2,59608620.48,0.0374956461163358
8848,7220.290368,1,59608640.4608,0.0331407380088922
8849,7220.310368,2,59608660.4544,0.0375028172188416
8850,7220.330368,1,59608680.4352,0.0330987358370725
8851,7220.350368,2,59608701.1584,0.0373604196119409
8852,7220.370368,1,59608720.4352,0.0331520068842584
8853,7220.390368,2,59608740.4288,0.0372825619275923
8854,7220.410368,1,59608760.4736,0.0331386891224619
8855,7220.430368,2,59608780.5696,0.0373389063044235
8856,7220.450368,1,59608800.4992,0.0331243469174504
8857,7220.470368,2,59608820.48,0.037406519556621
8858,7220.490368,1,59608840.4864,0.033093613620997
8859,7220.510368,2,59608860.4928,0.037288708586883
8860,7220.530368,1,59608880.5632,0.0330997602802877
8861,7220.550368,2,59608900.5056,0.0373081730079702
8862,7220.570368,1,59608920.4992,0.0331622513164095
8863,7220.590368,2,59608940.48,0.037279488597947
8864,7220.610368,1,59608960.4992,0.0331581535435491
8865,7220.630368,2,59608980.544,0.0372436330854181
8866,7220.650368,1,59609000.5376,0.0331161513717295
8867,7220.670368,2,59609022.6176,0.0372723174954412
8868,7220.690368,1,59609040.512,0.0331325424631713
8869,7220.710368,2,59609060.5056,0.0371452865367673
8870,7220.730368,1,59609080.4992,0.0331335669063864
8871,7220.750368,2,59609100.5312,0.0368738090847624
8872,7220.770368,1,59609120.512,0.0331100047124388
8873,7220.790368,2,59609140.544,0.0367180937160653
8874,7220.810368,1,59609160.5248,0.0331141024852992
8875,7220.830368,2,59609180.608,0.0366217960538447
8876,7220.850368,1,59609202.5856,0.033084393632061
8877,7220.870368,2,59609220.5568,0.0366873604196119
8878,7220.890368,1,59609241.1776,0.0330905402913516
8879,7220.910368,2,59609260.544,0.0366617493392341
8880,7220.930368,1,59609280.6528,0.0331202491445899
8881,7220.950368,2,59609300.5184,0.0367180937160653
8882,7220.970368,1,59609320.5504,0.0331182002581597
8883,7220.990368,2,59609340.5312,0.0367098981703444
8884,7221.010368,1,59609360.5248,0.0331059069395783
8885,7221.030368,2,59609381.504,0.036888151289774
8886,7221.050368,1,59609400.5504,0.0331438113385375
8887,7221.070368,2,59609420.5312,0.0372969041326039
8888,7221.090368,1,59609440.5632,0.0330915647345668
8889,7221.110368,2,59609460.544,0.0375591615956728
8890,7221.130368,1,59609480.5888,0.0331878623967873
8891,7221.150368,2,59609500.5696,0.0378081012969451
8892,7221.170368,1,59609520.5632,0.0331069313827934
8893,7221.190368,2,59609540.5696,0.0378654701169914
8894,7221.210368,1,59609560.5888,0.0331294691335259
8895,7221.230368,2,59609580.5568,0.0380693343167988
8896,7221.250368,1,59609600.576,0.0331499579978282
8897,7221.270368,2,59609620.5696,0.0382363185608622
8898,7221.290368,1,59609640.6144,0.0331376646792468
8899,7221.310368,2,59609660.5952,0.0381113364886184
8900,7221.330368,1,59609680.576,0.0331714713053455
8901,7221.350368,2,59609700.5952,0.037870592333067
8902,7221.370368,1,59609720.6016,0.0331100047124388
8903,7221.390368,2,59609740.5824,0.0376042370971377
8904,7221.410368,1,59609760.6016,0.0331438113385375
8905,7221.430368,2,59609781.7728,0.0374034462269756
8906,7221.450368,1,59609802.7648,0.0331673735324851
8907,7221.470368,2,59609820.6336,0.0372456819718483
8908,7221.490368,1,59609840.6144,0.0331970823857234
8909,7221.510368,2,59609862.8224,0.0371924109246624
8910,7221.530368,1,59609880.6656,0.0331970823857234
8911,7221.550368,2,59609900.6208,0.0371995820271682
8912,7221.570368,1,59609920.6656,0.0331089802692237
8913,7221.590368,2,59609940.6208,0.0370674288524187
8914,7221.610368,1,59609960.6016,0.0331817157374967
8915,7221.630368,2,59609980.6208,0.0371801176060811
8916,7221.650368,1,59610000.6272,0.0331263958038806
8917,7221.670368,2,59610020.608,0.0370961132624419
8918,7221.690368,1,59610040.64,0.0331479091113979
8919,7221.710368,2,59610060.6464,0.037097137705657
8920,7221.730368,1,59610080.6528,0.0331550802139037
8921,7221.750368,2,59610102.7072,0.0371504087528428
8922,7221.770368,1,59610121.1904,0.0332196201364558
8923,7221.790368,2,59610140.6336,0.0372118753457496
8924,7221.810368,1,59610160.6528,0.0331796668510664
8925,7221.830368,2,59610180.8,0.0372303153236216
8926,7221.850368,1,59610200.6528,0.0331059069395783
8927,7221.870368,2,59610220.6592,0.0372405597557727
8928,7221.890368,1,59610240.64,0.0332022046017989
8929,7221.910368,2,59610260.6464,0.0371299198885406
8930,7221.930368,1,59610280.6912,0.0331673735324851
8931,7221.950368,2,59610300.6336,0.0371483598664126
8932,7221.970368,1,59610320.6656,0.0331335669063864
8933,7221.990368,2,59610342.976,0.0370664044092036
8934,7222.010368,1,59610360.6784,0.0331724957485607
8935,7222.030368,2,59610380.7616,0.037160653184994
8936,7222.050368,1,59610400.6656,0.0331673735324851
8937,7222.070368,2,59610420.672,0.0370172311348782
8938,7222.090368,1,59610440.6784,0.0331489335546131
8939,7222.110368,2,59610460.672,0.0371145532403139
8940,7222.130368,1,59610480.7424,0.0332022046017989
8941,7222.150368,2,59610500.6976,0.0370868932735058
8942,7222.170368,1,59610520.6656,0.0331622513164095
8943,7222.190368,2,59610542.5792,0.0370018644866515
8944,7222.210368,1,59610560.6912,0.0331284446903108
8945,7222.230368,2,59610580.8128,0.0369803511791341
8946,7222.250368,1,59610600.704,0.0330833691888459
8947,7222.270368,2,59610620.672,0.036933226791239
8948,7222.290368,1,59610640.6912,0.0331110291556539
8949,7222.310368,2,59610662.8736,0.037160653184994
8950,7222.330368,1,59610680.8448,0.0331643002028398
8951,7222.350368,2,59610700.7488,0.0374300817505686
8952,7222.370368,1,59610720.7296,0.033130493576741
8953,7222.390368,2,59610740.6976,0.0376820947814863
8954,7222.410368,1,59610760.704,0.0331509824410433
8955,7222.430368,2,59610780.736,0.0377538058065441
8956,7222.450368,1,59610800.7168,0.0330423914602414
8957,7222.470368,2,59610820.7232,0.0376298481775155
8958,7222.490368,1,59610840.8576,0.0331130780420841
8959,7222.510368,2,59610861.3376,0.0374843772409695
8960,7222.530368,1,59610880.8064,0.0331724957485607
8961,7222.550368,2,59610900.6592,0.037225193107546
8962,7222.570368,1,59610920.7296,0.0331376646792468
8963,7222.590368,2,59610942.6944,0.0370745999549245
8964,7222.610368,1,59610960.704,0.0331960579425082
8965,7222.630368,2,59610981.12,0.0369967422705759
8966,7222.650368,1,59611000.704,0.0331284446903108
8967,7222.670368,2,59611020.7488,0.0369260556887332
8968,7222.690368,1,59611040.7424,0.0331192247013748
8969,7222.710368,2,59611060.7488,0.0368563935501055
8970,7222.730368,1,59611080.768,0.0330884914049214
8971,7222.750368,2,59611101.3504,0.0369742045198435
8972,7222.770368,1,59611121.6384,0.0331714713053455
8973,7222.790368,2,59611140.736,0.0368871268465589
8974,7222.810368,1,59611160.7552,0.0331356157928166
8975,7222.830368,2,59611180.7616,0.036787755854693
8976,7222.850368,1,59611200.768,0.0331591779867642
8977,7222.870368,2,59611220.7616,0.0368635646526113
8978,7222.890368,1,59611240.7552,0.0331919601696478
8979,7222.910368,2,59611260.7744,0.0369629356444772
8980,7222.930368,1,59611280.8064,0.0331325424631713
8981,7222.950368,2,59611300.7744,0.0369291290183785
8982,7222.970368,1,59611320.9344,0.0331233224742353
8983,7222.990368,2,59611341.0688,0.0371002110353023
8984,7223.010368,1,59611360.7936,0.0331489335546131
8985,7223.030368,2,59611380.8128,0.0369946933841457
8986,7223.050368,1,59611400.7808,0.0331735201917758
8987,7223.070368,2,59611421.5936,0.0370008400434364
8988,7223.090368,1,59611440.8576,0.0331837646239269
8989,7223.110368,2,59611460.7744,0.0370653799659885
8990,7223.130368,1,59611480.8064,0.0331837646239269
8991,7223.150368,2,59611500.8,0.0372385108693425
8992,7223.170368,1,59611520.7808,0.0331745446349909
8993,7223.190368,2,59611542.4128,0.0373942262380396
8994,7223.210368,1,59611560.8064,0.0332226934661012
8995,7223.230368,2,59611580.8128,0.0376257504046551
8996,7223.250368,1,59611600.8192,0.0331765935214211
8997,7223.270368,2,59611620.8128,0.0379494744606306
8998,7223.290368,1,59611640.8192,0.0330925891777819
8999,7223.310368,2,59611660.8128,0.0381062142725429
9000,7223.330368,1,59611680.7936,0.0332011801585838
9001,7223.350368,2,59611700.8512,0.0381789497408159
9002,7223.370368,1,59611720.7936,0.0331448357817526
9003,7223.390368,2,59611740.8128,0.0380693343167988
9004,7223.410368,1,59611760.8832,0.0331397135656771
9005,7223.430368,2,59611780.9536,0.0382291474583564
9006,7223.450368,1,59611801.4464,0.0331171758149446
9007,7223.470368,2,59611820.8384,0.0381430942282869
9008,7223.490368,1,59611840.8448,0.0331858135103571
9009,7223.510368,2,59611860.8384,0.0379781588706538
9010,7223.530368,1,59611880.8448,0.0331909357264327
9011,7223.550368,2,59611900.8384,0.0377691724547708
9012,7223.570368,1,59611921.792,0.0331192247013748
9013,7223.590368,2,59611940.8384,0.0376902903272072
9014,7223.610368,1,59611960.9984,0.0331509824410433
9015,7223.630368,2,59611980.8896,0.0376267748478702
9016,7223.650368,1,59612000.9472,0.0330741491999098
9017,7223.670368,2,59612020.8384,0.0376923392136374
9018,7223.690368,1,59612040.8576,0.0331427868953224
9019,7223.710368,2,59612060.8384,0.0377353658286721
9020,7223.730368,1,59612080.8832,0.0331386891224619
9021,7223.750368,2,59612100.864,0.0377845391029975
9022,7223.770368,1,59612120.8704,0.0330874669617063
9023,7223.790368,2,59612140.864,0.0379064478455959
9024,7223.810368,1,59612160.8704,0.0330454647898867
9025,7223.830368,2,59612180.9152,0.0379873788595898
9026,7223.850368,1,59612200.8832,0.033084393632061
9027,7223.870368,2,59612220.8768,0.0379238633802528
9028,7223.890368,1,59612240.8704,0.0331386891224619
9029,7223.910368,2,59612260.8768,0.0378593234577007
9030,7223.930368,1,59612280.9088,0.0330557092220378
9031,7223.950368,2,59612300.9536,0.037861372344131
9032,7223.970368,1,59612320.896,0.0330403425738111
9033,7223.990368,2,59612340.8896,0.0378634212305612
9034,7224.010368,1,59612360.9088,0.0330382936873809
9035,7224.030368,2,59612381.0432,0.0376933636568525
9036,7224.050368,1,59612401.5744,0.0330741491999098
9037,7224.070368,2,59612420.9024,0.0376032126539226
9038,7224.090368,1,59612440.9088,0.0330761980863401
9039,7224.110368,2,59612460.8896,0.037551990493167
9040,7224.130368,1,59612481.1264,0.0331079558260086
9041,7224.150368,2,59612501.5808,0.0375263794127891
9042,7224.170368,1,59612520.9472,0.0330516114491774
9043,7224.190368,2,59612540.8768,0.0375243305263589
9044,7224.210368,1,59612560.9088,0.0331284446903108
9045,7224.230368,2,59612580.928,0.0375786260167599
9046,7224.250368,1,59612600.9216,0.0331858135103571
9047,7224.270368,2,59612620.9152,0.037561210482103
9048,7224.290368,1,59612641.6256,0.0331018091667179
9049,7224.310368,2,59612660.928,0.0376923392136374
9050,7224.330368,1,59612683.5456,0.0330649292109738
9051,7224.350368,2,59612700.9408,0.0376288237343004
9052,7224.370368,1,59612720.9472,0.0330239514823693
9053,7224.390368,2,59612740.928,0.0376267748478702
9054,7224.410368,1,59612760.9472,0.0330956625074272
9055,7224.430368,2,59612781.0432,0.0377220480668757
9056,7224.450368,1,59612800.9472,0.0331048824963632
9057,7224.470368,2,59612820.9536,0.0377783924437068
9058,7224.490368,1,59612840.9472,0.0330977113938574
9059,7224.510368,2,59612860.9664,0.0379443522445551
9060,7224.530368,1,59612881.152,0.0330925891777819
9061,7224.550368,2,59612901.0432,0.0380703587600139
9062,7224.570368,1,59612922.24,0.0331345913496015
9063,7224.590368,2,59612941.8624,0.0383141762452107
9064,7224.610368,1,59612961.5488,0.0330792714159854
9065,7224.630368,2,59612981.0432,0.0385958981293667
9066,7224.650368,1,59613000.9984,0.0331673735324851
9067,7224.670368,2,59613020.9536,0.0387905423402381
9068,7224.690368,1,59613040.9728,0.033175569078206
9069,7224.710368,2,59613060.9792,0.0389104021964062
9070,7224.730368,1,59613081.3824,0.0331284446903108
9071,7224.750368,2,59613100.992,0.0389278177310632
9072,7224.770368,1,59613121.1136,0.0330290736984449
9073,7224.790368,2,59613140.9792,0.0388448378306391
9074,7224.810368,1,59613160.9856,0.0331294691335259
9075,7224.830368,2,59613181.0816,0.0388120556477554
9076,7224.850368,1,59613200.9856,0.0331315180199562
9077,7224.870368,2,59613220.992,0.0388929866617493
9078,7224.890368,1,59613240.9856,0.0331222980310201
9079,7224.910368,2,59613260.992,0.0390681664515336
9080,7224.930368,1,59613281.0496,0.0330782469727703
9081,7224.950368,2,59613300.992,0.0389708443460979
9082,7224.970368,1,59613321.088,0.0331110291556539
9083,7224.990368,2,59613341.0048,0.0388929866617493
9084,7225.010368,1,59613361.024,0.0331366402360317
9085,7225.030368,2,59613381.9264,0.0386880980187268
9086,7225.050368,1,59613401.0368,0.0331202491445899
9087,7225.070368,2,59613421.0432,0.038526235990739
9088,7225.090368,1,59613441.0112,0.0332011801585838
9089,7225.110368,2,59613461.0048,0.0383961317024197
9090,7225.130368,1,59613481.0496,0.0331550802139037
9091,7225.150368,2,59613501.0304,0.03807957874895
9092,7225.170368,1,59613521.0368,0.033112053598869
9093,7225.190368,2,59613541.0304,0.0379668899952876
9094,7225.210368,1,59613561.216,0.0330966869506423
9095,7225.230368,2,59613581.12,0.038016063269613
9096,7225.250368,1,59613601.0496,0.0331704468621304
9097,7225.270368,2,59613621.0432,0.0379474255742004
9098,7225.290368,1,59613641.0368,0.0331714713053455
9099,7225.310368,2,59613661.0432,0.0378521523551949
9100,7225.330368,1,59613681.0368,0.0330505870059623
9101,7225.350368,2,59613701.056,0.0378132235130207
9102,7225.370368,1,59613721.0752,0.0331366402360317
9103,7225.390368,2,59613741.0176,0.0378880078677239
9104,7225.410368,1,59613761.2288,0.0331550802139037
9105,7225.430368,2,59613781.1584,0.0379607433359969
9106,7225.450368,1,59613801.024,0.0330792714159854
9107,7225.470368,2,59613821.056,0.0380703587600139
9108,7225.490368,1,59613842.0224,0.0331714713053455
9109,7225.510368,2,59613861.0688,0.0381717786383101
9110,7225.530368,1,59613881.1904,0.0330454647898867
9111,7225.550368,2,59613901.056,0.0380857254082406
9112,7225.570368,1,59613921.0752,0.0331253713606655
9113,7225.590368,2,59613941.0944,0.0381635830925892
9114,7225.610368,1,59613961.1136,0.0331581535435491
9115,7225.630368,2,59613981.12,0.0383951072592046
9116,7225.650368,1,59614001.1136,0.0331622513164095
9117,7225.670368,2,59614021.1328,0.0385733603786342
9118,7225.690368,1,59614041.088,0.0331458602249677
9119,7225.710368,2,59614061.0944,0.0384924293646403
9120,7225.730368,1,59614081.1392,0.0331171758149446
9121,7225.750368,2,59614101.0944,0.0381625586493741
9122,7225.770368,1,59614121.1136,0.033084393632061
9123,7225.790368,2,59614141.0944,0.0378562501280554
9124,7225.810368,1,59614161.2416,0.0330669780974041
9125,7225.830368,2,59614181.1072,0.0376831192247014
9126,7225.850368,1,59614201.1136,0.0331653246460549
9127,7225.870368,2,59614221.1328,0.0375079394349171
9128,7225.890368,1,59614241.1904,0.0331376646792468
9129,7225.910368,2,59614261.4016,0.0375776015735448
9130,7225.930368,1,59614281.1904,0.0330966869506423
9131,7225.950368,2,59614301.1456,0.0375233060831438
9132,7225.970368,1,59614321.1264,0.0330731247566947
9133,7225.990368,2,59614341.1328,0.0374034462269756
9134,7226.010368,1,59614362.2016,0.033121273587805
9135,7226.030368,2,59614381.1328,0.0373891040219641
9136,7226.050368,1,59614401.1264,0.0330782469727703
9137,7226.070368,2,59614421.1328,0.0373040752351097
9138,7226.090368,1,59614441.1392,0.0330731247566947
9139,7226.110368,2,59614461.12,0.0371903620382322
9140,7226.130368,1,59614481.1392,0.0330772225295552
9141,7226.150368,2,59614501.1456,0.0371073821378081
9142,7226.170368,1,59614521.1776,0.0331294691335259
9143,7226.190368,2,59614542.1184,0.0371258221156801
9144,7226.210368,1,59614561.152,0.0330802958592005
9145,7226.230368,2,59614581.1712,0.0370725510684943
9146,7226.250368,1,59614601.1648,0.0330618558813285
9147,7226.270368,2,59614621.1968,0.0370889421599361
9148,7226.290368,1,59614641.1776,0.0330792714159854
9149,7226.310368,2,59614661.1584,0.0372641219497203
9150,7226.330368,1,59614681.1776,0.0331038580531481
9151,7226.350368,2,59614701.1712,0.0374198373184174
9152,7226.370368,1,59614721.1776,0.0330290736984449
9153,7226.390368,2,59614742.08,0.0376667281332596
9154,7226.410368,1,59614761.1776,0.0330649292109738
9155,7226.430368,2,59614781.2736,0.0376267748478702
9156,7226.450368,1,59614801.8816,0.0331274202470957
9157,7226.470368,2,59614821.184,0.0375919437785564
9158,7226.490368,1,59614841.1776,0.0331376646792468
9159,7226.510368,2,59614861.2096,0.0375683815846088
9160,7226.530368,1,59614881.2288,0.0331612268731944
9161,7226.550368,2,59614901.1968,0.0376021882107075
9162,7226.570368,1,59614922.368,0.0331294691335259
9163,7226.590368,2,59614941.312,0.0374577417173766
9164,7226.610368,1,59614961.1776,0.0331632757596246
9165,7226.630368,2,59614981.2864,0.0373583707255107
9166,7226.650368,1,59615001.3568,0.0331366402360317
9167,7226.670368,2,59615021.1456,0.0372313397668367
9168,7226.690368,1,59615041.2288,0.0331714713053455
9169,7226.710368,2,59615061.2224,0.0370254266805991
9170,7226.730368,1,59615081.28,0.033102833609933
9171,7226.750368,2,59615101.248,0.0369895711680702
9172,7226.770368,1,59615121.1904,0.0331018091667179
9173,7226.790368,2,59615141.2224,0.0368441002315242
9174,7226.810368,1,59615161.2288,0.0331509824410433
9175,7226.830368,2,59615181.2608,0.0370182555780933
9176,7226.850368,1,59615201.2288,0.0331950334992931
9177,7226.870368,2,59615221.2608,0.0371575798553486
9178,7226.890368,1,59615241.2416,0.0331141024852992
9179,7226.910368,2,59615261.2608,0.0371760198332206
9180,7226.930368,1,59615281.344,0.0331222980310201
9181,7226.950368,2,59615302.2976,0.037097137705657
9182,7226.970368,1,59615321.2544,0.0331827401807118
9183,7226.990368,2,59615341.2224,0.0371801176060811
9184,7227.010368,1,59615361.2288,0.0331499579978282
9185,7227.030368,2,59615381.248,0.0369762534062737
9186,7227.050368,1,59615401.3952,0.0331540557706886
9187,7227.070368,2,59615421.2608,0.0368738090847624
9188,7227.090368,1,59615441.216,0.0331694224189153
9189,7227.110368,2,59615461.2352,0.0367744380928965
9190,7227.130368,1,59615481.344,0.0331182002581597
9191,7227.150368,2,59615501.2992,0.0367068248406991
9192,7227.170368,1,59615521.2928,0.0331315180199562
9193,7227.190368,2,59615541.2608,0.0367262892617862
9194,7227.210368,1,59615562.7392,0.0331724957485607
9195,7227.230368,2,59615581.2864,0.0368072202757801
9196,7227.250368,1,59615601.28,0.0331130780420841
9197,7227.270368,2,59615621.4144,0.0367385825803676
9198,7227.290368,1,59615641.3696,0.033121273587805
9199,7227.310368,2,59615661.2992,0.0367570225582396
9200,7227.330368,1,59615681.28,0.0330987358370725
9201,7227.350368,2,59615701.248,0.0368102936054254
9202,7227.370368,1,59615721.28,0.0331612268731944
9203,7227.390368,2,59615741.2608,0.0367611203311001
9204,7227.410368,1,59615762.7392,0.0331397135656771
9205,7227.430368,2,59615784.4864,0.0367068248406991
9206,7227.450368,1,59615801.2928,0.0330792714159854
9207,7227.470368,2,59615821.2992,0.0368307824697277
9208,7227.490368,1,59615841.3056,0.0331386891224619
9209,7227.510368,2,59615861.504,0.036843075788309
9210,7227.530368,1,59615881.3952,0.0331489335546131
9211,7227.550368,2,59615901.44,0.0368113180486406
9212,7227.570368,1,59615921.4208,0.0331878623967873
9213,7227.590368,2,59615941.3248,0.0368225869240068
9214,7227.610368,1,59615961.3056,0.0331499579978282
9215,7227.630368,2,59615981.312,0.0368953223922798
9216,7227.650368,1,59616001.3184,0.0331591779867642
9217,7227.670368,2,59616021.2992,0.0368645890958264
9218,7227.690368,1,59616041.3568,0.0331069313827934
9219,7227.710368,2,59616061.3248,0.0369076157108611
9220,7227.730368,1,59616081.2928,0.0330792714159854
9221,7227.750368,2,59616101.3376,0.0369465445530354
9222,7227.770368,1,59616122.9952,0.0331653246460549
9223,7227.790368,2,59616141.312,0.0368891757329891
9224,7227.810368,1,59616161.3568,0.0331909357264327
9225,7227.830368,2,59616181.6192,0.0369035179380007
9226,7227.850368,1,59616201.344,0.0332462556600488
9227,7227.870368,2,59616221.3504,0.0369168356997972
9228,7227.890368,1,59616241.344,0.033112053598869
9229,7227.910368,2,59616261.3504,0.0367529247853791
9230,7227.930368,1,59616281.3824,0.0331315180199562
9231,7227.950368,2,59616301.3632,0.0367273137050013
9232,7227.970368,1,59616321.4592,0.0331182002581597
9233,7227.990368,2,59616341.312,0.0368328313561579
9234,7228.010368,1,59616361.3184,0.0330495625627471
9235,7228.030368,2,59616381.4656,0.0368850779601287
9236,7228.050368,1,59616401.3568,0.0331253713606655
9237,7228.070368,2,59616421.3632,0.0369322023480239
9238,7228.090368,1,59616441.3696,0.0330669780974041
9239,7228.110368,2,59616461.7472,0.0369926444977155
9240,7228.130368,1,59616481.4848,0.0331499579978282
9241,7228.150368,2,59616501.376,0.0368717601983322
9242,7228.170368,1,59616521.3696,0.0331059069395783
9243,7228.190368,2,59616541.3888,0.0368758579711927
9244,7228.210368,1,59616561.3824,0.0331366402360317
9245,7228.230368,2,59616581.3504,0.0367406314667978
9246,7228.250368,1,59616601.3824,0.0331888868400025
9247,7228.270368,2,59616621.376,0.0367385825803676
9248,7228.290368,1,59616641.3952,0.0331110291556539
9249,7228.310368,2,59616661.3888,0.0366627737824492
9250,7228.330368,1,59616681.536,0.0331018091667179
9251,7228.350368,2,59616701.4016,0.0367775114225419
9252,7228.370368,1,59616721.3696,0.0331315180199562
9253,7228.390368,2,59616741.3888,0.0371504087528428
9254,7228.410368,1,59616761.408,0.0331765935214211
9255,7228.430368,2,59616781.4272,0.0374608150470219
9256,7228.450368,1,59616801.4208,0.0330987358370725
9257,7228.470368,2,59616821.4144,0.0374925727866904
9258,7228.490368,1,59616841.408,0.0331407380088922
9259,7228.510368,2,59616862.9376,0.0373747618169525
9260,7228.530368,1,59616881.5488,0.0331458602249677
9261,7228.550368,2,59616903.0144,0.0371422132071219
9262,7228.570368,1,59616921.4336,0.0331335669063864
9263,7228.590368,2,59616941.44,0.0370223533509538
9264,7228.610368,1,59616963.2896,0.0331991312721536
9265,7228.630368,2,59616981.5296,0.0369403978937448
9266,7228.650368,1,59617001.4592,0.0331540557706886
9267,7228.670368,2,59617021.4144,0.0369004446083554
9268,7228.690368,1,59617041.408,0.0331448357817526
9269,7228.710368,2,59617061.4528,0.036869711311902
9270,7228.730368,1,59617081.4592,0.0331468846681828
9271,7228.750368,2,59617101.4528,0.0368389780154486
9272,7228.770368,1,59617121.4592,0.0331550802139037
9273,7228.790368,2,59617141.44,0.0370274755670293
9274,7228.810368,1,59617161.7536,0.0332216690228861
9275,7228.830368,2,59617181.44,0.0370510377609769
9276,7228.850368,1,59617201.472,0.0331222980310201
9277,7228.870368,2,59617221.4656,0.0371739709467904
9278,7228.890368,1,59617241.5104,0.0331540557706886
9279,7228.910368,2,59617261.4656,0.0373296863154875
9280,7228.930368,1,59617281.7024,0.0330813203024156
9281,7228.950368,2,59617301.4656,0.0375099883213473
9282,7228.970368,1,59617321.472,0.0330731247566947
9283,7228.990368,2,59617341.4784,0.0376738992357654
9284,7229.010368,1,59617361.4336,0.0330987358370725
9285,7229.030368,2,59617381.5424,0.037743561374393
9286,7229.050368,1,59617403.5328,0.0331161513717295
9287,7229.070368,2,59617421.4784,0.0376575081443236
9288,7229.090368,1,59617441.4464,0.0331694224189153
9289,7229.110368,2,59617462.2464,0.0376185793021493
9290,7229.130368,1,59617481.5104,0.033130493576741
9291,7229.150368,2,59617501.4912,0.0375560882660274
9292,7229.170368,1,59617521.4848,0.0331325424631713
9293,7229.190368,2,59617541.504,0.0375284282992194
9294,7229.210368,1,59617561.4848,0.0330956625074272
9295,7229.230368,2,59617581.504,0.0376042370971377
9296,7229.250368,1,59617601.5104,0.0331192247013748
9297,7229.270368,2,59617621.4656,0.0376421414960969
9298,7229.290368,1,59617641.472,0.0331253713606655
9299,7229.310368,2,59617661.504,0.0376585325875387
9300,7229.330368,1,59617681.6128,0.0331407380088922
9301,7229.350368,2,59617701.5168,0.0377947835351487
9302,7229.370368,1,59617721.8432,0.0331858135103571
9303,7229.390368,2,59617741.5168,0.0380006966213863
9304,7229.410368,1,59617761.5232,0.0331294691335259
9305,7229.430368,2,59617782.4128,0.0381174831479091
9306,7229.450368,1,59617801.5104,0.0330956625074272
9307,7229.470368,2,59617821.5424,0.0381277275800602
9308,7229.490368,1,59617841.5232,0.0331489335546131
9309,7229.510368,2,59617861.504,0.0382291474583564
9310,7229.530368,1,59617881.5872,0.0331079558260086
9311,7229.550368,2,59617901.6064,0.0382270985719262
9312,7229.570368,1,59617921.536,0.0331561046571189
9313,7229.590368,2,59617941.5424,0.0381338742393509
9314,7229.610368,1,59617961.5872,0.0331110291556539
9315,7229.630368,2,59617981.5296,0.0381379720122114
9316,7229.650368,1,59618003.6352,0.0331366402360317
9317,7229.670368,2,59618021.5552,0.0380652365439384
9318,7229.690368,1,59618041.5488,0.033048538119532
9319,7229.710368,2,59618061.5296,0.0378460056959043
9320,7229.730368,1,59618082.2528,0.033157129100334
9321,7229.750368,2,59618101.5936,0.0377210236236605
9322,7229.770368,1,59618121.5488,0.0331376646792468
9323,7229.790368,2,59618141.568,0.0376390681664515
9324,7229.810368,1,59618161.5744,0.0331018091667179
9325,7229.830368,2,59618181.6192,0.0375960415514168
9326,7229.850368,1,59618203.3408,0.033057758108468
9327,7229.870368,2,59618221.7216,0.0376657036900445
9328,7229.890368,1,59618241.5488,0.0331161513717295
9329,7229.910368,2,59618261.5424,0.0377025836457885
9330,7229.930368,1,59618281.7536,0.033121273587805
9331,7229.950368,2,59618301.5808,0.0377005347593583
9332,7229.970368,1,59618321.5872,0.0331427868953224
9333,7229.990368,2,59618341.568,0.0377599524658348
9334,7230.010368,1,59618361.6128,0.0331888868400025
9335,7230.030368,2,59618381.632,0.0378460056959043
9336,7230.050368,1,59618401.7536,0.0332134734771652
9337,7230.070368,2,59618421.6192,0.0378152723994509
9338,7230.090368,1,59618441.6,0.033157129100334
9339,7230.110368,2,59618461.568,0.0378081012969451
9340,7230.130368,1,59618481.7408,0.0331100047124388
9341,7230.150368,2,59618501.6064,0.0378429323662589
9342,7230.170368,1,59618522.2528,0.0331489335546131
9343,7230.190368,2,59618541.6192,0.0378060524105149
9344,7230.210368,1,59618561.5872,0.0331653246460549
9345,7230.230368,2,59618581.6192,0.0377804413301371
9346,7230.250368,1,59618601.6256,0.0330905402913516
9347,7230.270368,2,59618621.6192,0.0377783924437068
9348,7230.290368,1,59618641.6384,0.0331427868953224
9349,7230.310368,2,59618661.632,0.037715901407585
9350,7230.330368,1,59618681.7152,0.0331735201917758
9351,7230.350368,2,59618701.7088,0.0379330833691888
9352,7230.370368,1,59618721.664,0.0331274202470957
9353,7230.390368,2,59618741.6448,0.0381666564222345
9354,7230.410368,1,59618761.6384,0.0331868379535722
9355,7230.430368,2,59618781.7344,0.0386338025283259
9356,7230.450368,1,59618803.9936,0.0331786424078513
9357,7230.470368,2,59618821.6576,0.0386368758579712
9358,7230.490368,1,59618841.6512,0.0331294691335259
9359,7230.510368,2,59618861.6704,0.03844428053353
9360,7230.530368,1,59618881.664,0.0330905402913516
9361,7230.550368,2,59618904.4096,0.0381615342061589
9362,7230.570368,1,59618923.6352,0.0331100047124388
9363,7230.590368,2,59618941.6704,0.0381000676132522
9364,7230.610368,1,59618961.9584,0.0332872333886533
9365,7230.630368,2,59618981.8112,0.0379781588706538
9366,7230.650368,1,59619001.6896,0.0332175712500256
9367,7230.670368,2,59619021.6576,0.0378091257401602
9368,7230.690368,1,59619041.6896,0.0331653246460549
9369,7230.710368,2,59619061.6704,0.037870592333067
9370,7230.730368,1,59619081.6768,0.0331499579978282
9371,7230.750368,2,59619101.696,0.0379535722334911
9372,7230.770368,1,59619121.6768,0.0331837646239269
9373,7230.790368,2,59619141.6704,0.0380611387710779
9374,7230.810368,1,59619161.6768,0.0331806912942816
9375,7230.830368,2,59619181.952,0.0380775298625197
9376,7230.850368,1,59619201.6896,0.033220644579671
9377,7230.870368,2,59619221.7344,0.0380283565881943
9378,7230.890368,1,59619241.6768,0.0331673735324851
9379,7230.910368,2,59619261.696,0.0380006966213863
9380,7230.930368,1,59619281.7664,0.0331038580531481
9381,7230.950368,2,59619301.7344,0.0380683098735837
9382,7230.970368,1,59619321.7152,0.033248304546479
9383,7230.990368,2,59619341.696,0.0380498698957117
9384,7231.010368,1,59619361.7152,0.0332308890118221
9385,7231.030368,2,59619381.7856,0.038043723236421
9386,7231.050368,1,59619401.7152,0.0331735201917758
9387,7231.070368,2,59619421.7344,0.038062163214293
9388,7231.090368,1,59619441.728,0.0332339623414674
9389,7231.110368,2,59619461.7856,0.0379187411641773
9390,7231.130368,1,59619481.8176,0.0331468846681828
9391,7231.150368,2,59619501.7216,0.0378941545270146
9392,7231.170368,1,59619521.7152,0.0331458602249677
9393,7231.190368,2,59619541.7344,0.0378142479562358
9394,7231.210368,1,59619561.7408,0.0330567336652529
9395,7231.230368,2,59619581.7472,0.0376718503493351
9396,7231.250368,1,59619601.7408,0.0331981068289385
9397,7231.270368,2,59619622.2592,0.0375345749585101
9398,7231.290368,1,59619641.7536,0.0332636711947057
9399,7231.310368,2,59619661.7472,0.0375222816399287
9400,7231.330368,1,59619681.8944,0.0332278156821767
9401,7231.350368,2,59619701.76,0.0374485217284406
9402,7231.370368,1,59619721.7536,0.0332104001475198
9403,7231.390368,2,59619743.2832,0.0374054951134059
9404,7231.410368,1,59619761.7664,0.0331561046571189
9405,7231.430368,2,59619781.7984,0.0373542729526502
9406,7231.450368,1,59619801.7664,0.0331868379535722
9407,7231.470368,2,59619821.76,0.0372846108140226
9408,7231.490368,1,59619841.7792,0.0331919601696478
9409,7231.510368,2,59619861.76,0.0372139242321798
9410,7231.530368,1,59619881.7792,0.0331909357264327
9411,7231.550368,2,59619901.9648,0.037333784088348
9412,7231.570368,1,59619921.7792,0.033239084557543
9413,7231.590368,2,59619941.7856,0.0373850062491036
9414,7231.610368,1,59619961.792,0.0332329378982523
9415,7231.630368,2,59619981.7856,0.0375776015735448
9416,7231.650368,1,59620001.8432,0.0332063023746594
9417,7231.670368,2,59620021.7856,0.0376277992910853
9418,7231.690368,1,59620041.792,0.033175569078206
9419,7231.710368,2,59620061.8112,0.0378132235130207
9420,7231.730368,1,59620084.2496,0.0332155223635954
9421,7231.750368,2,59620101.7984,0.0378439568094741
9422,7231.770368,1,59620121.7792,0.0331704468621304
9423,7231.790368,2,59620144.2048,0.0378542012416252
9424,7231.810368,1,59620161.8048,0.033275964513287
9425,7231.830368,2,59620182.5024,0.0377507324768988
9426,7231.850368,1,59620201.8304,0.0331417624521073
9427,7231.870368,2,59620221.8112,0.0376390681664515
9428,7231.890368,1,59620241.8176,0.0331643002028398
9429,7231.910368,2,59620264.384,0.0375294527424345
9430,7231.930368,1,59620281.8176,0.0332022046017989
9431,7231.950368,2,59620301.824,0.0377005347593583
9432,7231.970368,1,59620321.8304,0.0332042534882291
9433,7231.990368,2,59620341.824,0.0377128280779396
9434,7232.010368,1,59620361.856,0.033266744524351
9435,7232.030368,2,59620381.888,0.0378849345380786
9436,7232.050368,1,59620401.856,0.0332011801585838
9437,7232.070368,2,59620421.8496,0.037788636875858
9438,7232.090368,1,59620441.8304,0.0331345913496015
9439,7232.110368,2,59620461.8624,0.0376749236789805
9440,7232.130368,1,59620481.8944,0.0332329378982523
9441,7232.150368,2,59620501.9264,0.0377640502386953
9442,7232.170368,1,59620521.8432,0.0332134734771652
9443,7232.190368,2,59620541.8496,0.0378152723994509
9444,7232.210368,1,59620561.8432,0.0332329378982523
9445,7232.230368,2,59620582.0416,0.0376595570307538
9446,7232.250368,1,59620604.608,0.0332872333886533
9447,7232.270368,2,59620621.8624,0.0376482881553876
9448,7232.290368,1,59620641.8688,0.0332329378982523
9449,7232.310368,2,59620664.5248,0.0375058905484869
9450,7232.330368,1,59620682.432,0.0332360112278976
9451,7232.350368,2,59620702.4512,0.037661605917184
9452,7232.370368,1,59620721.8816,0.0332063023746594
9453,7232.390368,2,59620741.888,0.0376759481221956
9454,7232.410368,1,59620761.8816,0.0331509824410433
9455,7232.430368,2,59620782.0032,0.0375642838117483
9456,7232.450368,1,59620801.9072,0.033130493576741
9457,7232.470368,2,59620821.888,0.0375827237896203
9458,7232.490368,1,59620841.8816,0.033203229045014
9459,7232.510368,2,59620861.888,0.0376841436679165
9460,7232.530368,1,59620881.9712,0.0332267912389616
9461,7232.550368,2,59620901.9136,0.0377722457844162
9462,7232.570368,1,59620924.6336,0.0332308890118221
9463,7232.590368,2,59620941.9008,0.037889032310939
9464,7232.610368,1,59620961.92,0.0331561046571189
9465,7232.630368,2,59620982.0288,0.0380150388263979
9466,7232.650368,1,59621001.9584,0.0332022046017989
9467,7232.670368,2,59621021.9136,0.0381328497961358
9468,7232.690368,1,59621041.92,0.033184789067142
9469,7232.710368,2,59621064.6272,0.0381871452865368
9470,7232.730368,1,59621082.5984,0.0332370356711127
9471,7232.750368,2,59621101.9392,0.0381963652754728
9472,7232.770368,1,59621122.0224,0.0331714713053455
9473,7232.790368,2,59621144.4352,0.0382578318683795
9474,7232.810368,1,59621161.92,0.0331837646239269
9475,7232.830368,2,59621182.0672,0.0382516852090889
9476,7232.850368,1,59621201.9328,0.033229864568607
9477,7232.870368,2,59621222.016,0.0380826520785953
9478,7232.890368,1,59621241.984,0.0332165468068105
9479,7232.910368,2,59621263.8976,0.0378910811973692
9480,7232.930368,1,59621281.984,0.0331765935214211
9481,7232.950368,2,59621301.9648,0.0377486835904686
9482,7232.970368,1,59621321.9456,0.0332360112278976
9483,7232.990368,2,59621341.9264,0.0375806749031901
9484,7233.010368,1,59621361.9456,0.0332175712500256
9485,7233.030368,2,59621381.9648,0.0375673571413936
9486,7233.050368,1,59621401.9456,0.0332933800479439
9487,7233.070368,2,59621421.9776,0.0375058905484869
9488,7233.090368,1,59621441.9584,0.0331960579425082
9489,7233.110368,2,59621461.9648,0.0374300817505686
9490,7233.130368,1,59621482.0224,0.0331315180199562
9491,7233.150368,2,59621501.9648,0.037424959534493
9492,7233.170368,1,59621521.9328,0.0332073268178745
9493,7233.190368,2,59621541.9776,0.0373870551355338
9494,7233.210368,1,59621561.984,0.0331417624521073
9495,7233.230368,2,59621581.9776,0.037315344110476
9496,7233.250368,1,59621602.0608,0.0331837646239269
9497,7233.270368,2,59621621.9776,0.0373040752351097
9498,7233.290368,1,59621641.984,0.0331509824410433
9499,7233.310368,2,59621662.5664,0.0372835863708075
9500,7233.330368,1,59621682.176,0.0330721003134796
9501,7233.350368,2,59621701.9904,0.0372774397115168
9502,7233.370368,1,59621721.984,0.0330977113938574
9503,7233.390368,2,59621741.9776,0.0372661708361506
9504,7233.410368,1,59621762.0096,0.0332083512610896
9505,7233.430368,2,59621781.9904,0.0372692441657959
9506,7233.450368,1,59621802.048,0.0332370356711127
9507,7233.470368,2,59621821.9904,0.037343004077284
9508,7233.490368,1,59621841.9968,0.0332431823304034
9509,7233.510368,2,59621862.016,0.037343004077284
9510,7233.530368,1,59621882.112,0.0331899112832176
9511,7233.550368,2,59621902.016,0.0375448193906612
9512,7233.570368,1,59621922.0224,0.0332052779314443
9513,7233.590368,2,59621942.0544,0.0377783924437068
9514,7233.610368,1,59621962.0096,0.0331274202470957
9515,7233.630368,2,59621982.0544,0.0377650746819104
9516,7233.650368,1,59622002.048,0.0331888868400025
9517,7233.670368,2,59622022.0544,0.0377097547482943
9518,7233.690368,1,59622042.0224,0.0330782469727703
9519,7233.710368,2,59622062.0288,0.0375478927203065
9520,7233.730368,1,59622082.1504,0.0331878623967873
9521,7233.750368,2,59622102.0544,0.0375478927203065
9522,7233.770368,1,59622122.0352,0.0332411334439732
9523,7233.790368,2,59622142.0416,0.0376144815292888
9524,7233.810368,1,59622164.8256,0.0331806912942816
9525,7233.830368,2,59622182.0416,0.0375653082549634
9526,7233.850368,1,59622202.0736,0.0331765935214211
9527,7233.870368,2,59622222.0672,0.0374362284098592
9528,7233.890368,1,59622244.672,0.0332134734771652
9529,7233.910368,2,59622262.0544,0.0373921773516094
9530,7233.930368,1,59622282.2656,0.0331192247013748
9531,7233.950368,2,59622302.1952,0.0374546683877313
9532,7233.970368,1,59622322.0608,0.0331704468621304
9533,7233.990368,2,59622342.1824,0.0372026553568136
9534,7234.010336,1,59622362.1504,0.0331397135656771
9535,7234.030336,2,59622382.144,0.0373061241215399
9536,7234.050336,1,59622402.0992,0.033112053598869
9537,7234.070336,2,59622422.1056,0.0374331550802139
9538,7234.090336,1,59622442.0736,0.0332196201364558
9539,7234.110336,2,59622462.1312,0.0372917819165284
9540,7234.130336,1,59622482.4064,0.0331499579978282
9541,7234.150336,2,59622502.0928,0.0373225152129817
9542,7234.170336,1,59622522.1504,0.0331509824410433
9543,7234.190336,2,59622542.08,0.0372897330300981
9544,7234.210336,1,59622562.0736,0.0331960579425082
9545,7234.230336,2,59622582.3104,0.0371872887085869
9546,7234.250336,1,59622602.112,0.033175569078206
9547,7234.270336,2,59622622.0672,0.0371575798553486
9548,7234.290336,1,59622642.1248,0.0332442067736185
9549,7234.310336,2,59622662.1184,0.037124797672465
9550,7234.330336,1,59622682.1888,0.0331602024299793
9551,7234.350336,2,59622702.1312,0.037070502182064
9552,7234.370336,1,59622722.0736,0.0332339623414674
9553,7234.390336,2,59622742.0928,0.0370745999549245
9554,7234.410336,1,59622762.112,0.0331673735324851
9555,7234.430336,2,59622782.1824,0.0371094310242383
9556,7234.450336,1,59622802.1504,0.0331233224742353
9557,7234.470336,2,59622822.1184,0.0369209334726576
9558,7234.490336,1,59622842.1376,0.0331929846128629
9559,7234.510336,2,59622862.1184,0.0368287335832975
9560,7234.530336,1,59622882.3168,0.0331386891224619
9561,7234.550336,2,59622902.272,0.0366863359763968
9562,7234.570336,1,59622922.1376,0.0331602024299793
9563,7234.590336,2,59622942.144,0.0367027270678386
9564,7234.610336,1,59622962.1376,0.0331786424078513
9565,7234.630336,2,59622982.144,0.0366392115885016
9566,7234.650336,1,59623002.2528,0.0331704468621304
9567,7234.670336,2,59623024.5632,0.0367467781260885
9568,7234.690336,1,59623042.1504,0.0332626467514906
9569,7234.710336,2,59623062.1568,0.036824635810437
9570,7234.730336,1,59623082.1632,0.0332165468068105
9571,7234.750336,2,59623102.4512,0.0370541110906222
9572,7234.770336,1,59623122.1632,0.0331130780420841
9573,7234.790336,2,59623142.1696,0.0372354375396972
9574,7234.810336,1,59623162.2016,0.0331335669063864
9575,7234.830336,2,59623182.336,0.037124797672465
9576,7234.850336,1,59623202.1888,0.0331294691335259
9577,7234.870336,2,59623222.1824,0.0370602577499129
9578,7234.890336,1,59623242.1888,0.0331499579978282
9579,7234.910336,2,59623262.1952,0.0370991865920872
9580,7234.930336,1,59623282.2656,0.03316634908927
9581,7234.950336,2,59623302.1952,0.0370479644313316
9582,7234.970336,1,59623322.2016,0.0331315180199562
9583,7234.990336,2,59623342.2464,0.037134017661401
9584,7235.010336,1,59623362.176,0.0331960579425082
9585,7235.030336,2,59623382.2848,0.0371258221156801
9586,7235.050336,1,59623402.1632,0.0331294691335259
9587,7235.070336,2,59623422.2336,0.0371084065810232
9588,7235.090336,1,59623442.2144,0.0332380601143279
9589,7235.110336,2,59623462.272,0.0370356711127502
9590,7235.130336,1,59623482.2784,0.0331960579425082
9591,7235.150336,2,59623502.208,0.0372128997889647
9592,7235.170336,1,59623522.368,0.0332985022640195
9593,7235.190336,2,59623542.2336,0.0370848443870756
9594,7235.210336,1,59623562.3168,0.033220644579671
9595,7235.230336,2,59623582.2848,0.037005962259512
9596,7235.250336,1,59623602.24,0.0332042534882291
9597,7235.270336,2,59623622.2208,0.0369957178273608
9598,7235.290336,1,59623642.2272,0.0332687934107812
9599,7235.310336,2,59623662.2208,0.0371401643206917
9600,7235.330336,1,59623684.0704,0.0332104001475198
9601,7235.350336,2,59623702.2464,0.0372118753457496
9602,7235.370336,1,59623722.2144,0.0331530313274735
9603,7235.390336,2,59623742.2208,0.0372508041879239
9604,7235.410336,1,59623762.2528,0.0332349867846825
9605,7235.430336,2,59623782.3488,0.0372897330300981
9606,7235.450336,1,59623802.24,0.03330260003688
9607,7235.470336,2,59623822.2464,0.0373378818612084
9608,7235.490336,1,59623842.2272,0.0331981068289385
9609,7235.510336,2,59623862.2464,0.0374843772409695
9610,7235.530336,1,59623882.2656,0.0332728911836417
9611,7235.550336,2,59623902.2592,0.0374854016841846
9612,7235.570336,1,59623922.2784,0.0332687934107812
9613,7235.590336,2,59623942.2976,0.0375663326981785
9614,7235.610336,1,59623964.032,0.0333292355604729
9615,7235.630336,2,59623982.2592,0.0375120372077776
9616,7235.650336,1,59624002.2656,0.0333261622308275
9617,7235.670336,2,59624022.272,0.0375110127645625
9618,7235.690336,1,59624042.304,0.0332442067736185
9619,7235.710336,2,59624062.2592,0.0375345749585101
9620,7235.730336,1,59624082.3424,0.0333097711393857
9621,7235.750336,2,59624102.2848,0.0375130616509927
9622,7235.770336,1,59624122.304,0.0332605978650603
9623,7235.790336,2,59624142.3104,0.0376011637674924
9624,7235.810336,1,59624162.2656,0.0332370356711127
9625,7235.830336,2,59624182.5536,0.0375622349253181
9626,7235.850336,1,59624202.368,0.0332739156268568
9627,7235.870336,2,59624222.2848,0.0376359948368062
9628,7235.890336,1,59624242.304,0.0332175712500256
9629,7235.910336,2,59624262.3488,0.037506914991702
9630,7235.930336,1,59624282.3936,0.0332421578871883
9631,7235.950336,2,59624302.4,0.0375151105374229
9632,7235.970336,1,59624322.3168,0.0332554756489848
9633,7235.990336,2,59624345.4848,0.0374208617616326
9634,7236.010336,1,59624363.1616,0.033266744524351
9635,7236.030336,2,59624382.6432,0.0374659372630975
9636,7236.050336,1,59624402.624,0.0332646956379208
9637,7236.070336,2,59624422.4,0.037452619501301
9638,7236.090336,1,59624442.3168,0.0332196201364558
9639,7236.110336,2,59624462.336,0.0375048661052718
9640,7236.130336,1,59624483.9936,0.0332544512057697
9641,7236.150336,2,59624502.336,0.0376144815292888
9642,7236.170336,1,59624522.368,0.0332882578318684
9643,7236.190336,2,59624542.3232,0.0376923392136374
9644,7236.210336,1,59624562.368,0.0332780133997173
9645,7236.230336,2,59624582.3872,0.0376052615403528
9646,7236.250336,1,59624602.3296,0.0332083512610896
9647,7236.270336,2,59624622.3232,0.0376390681664515
9648,7236.290336,1,59624642.3936,0.0332196201364558
9649,7236.310336,2,59624662.336,0.0376564837011084
9650,7236.330336,1,59624682.3936,0.0331233224742353
9651,7236.350336,2,59624702.4512,0.0375284282992194
9652,7236.370336,1,59624722.368,0.0331776179646362
9653,7236.390336,2,59624742.3488,0.0373696396008769
9654,7236.410336,1,59624762.3552,0.0332052779314443
9655,7236.430336,2,59624782.4,0.0372928063597435
9656,7236.450336,1,59624802.3936,0.0332175712500256
9657,7236.470336,2,59624822.3616,0.037270268609011
9658,7236.490336,1,59624842.3808,0.033194009056078
9659,7236.510336,2,59624862.3744,0.0373460774069293
9660,7236.530336,1,59624882.5088,0.0331192247013748
9661,7236.550336,2,59624902.5408,0.037452619501301
9662,7236.570336,1,59624922.3808,0.0331427868953224
9663,7236.590336,2,59624942.4256,0.0374413506259348
9664,7236.610336,1,59624962.3936,0.0332073268178745
9665,7236.630336,2,59624982.4256,0.0373399307476387
9666,7236.650336,1,59625002.4704,0.0331376646792468
9667,7236.670336,2,59625022.4128,0.0372897330300981
9668,7236.690336,1,59625042.432,0.0331765935214211
9669,7236.710336,2,59625062.4512,0.0373563218390805
9670,7236.730336,1,59625082.432,0.0330977113938574
9671,7236.750336,2,59625102.592,0.037361444055156
9672,7236.770336,1,59625122.3936,0.0332257667957465
9673,7236.790336,2,59625142.464,0.0373778351465978
9674,7236.810336,1,59625162.4064,0.0331509824410433
9675,7236.830336,2,59625184.7808,0.0372958796893888
9676,7236.850336,1,59625202.6624,0.0331468846681828
9677,7236.870336,2,59625222.4512,0.0372856352572377
9678,7236.890336,1,59625242.4448,0.0331509824410433
9679,7236.910336,2,59625262.4256,0.0371678242874997
9680,7236.930336,1,59625282.5472,0.0331540557706886
9681,7236.950336,2,59625302.592,0.0371780687196509
9682,7236.970336,1,59625322.4192,0.0332626467514906
9683,7236.990336,2,59625342.4128,0.0373389063044235
9684,7237.010336,1,59625362.432,0.0332565000921999
9685,7237.030336,2,59625382.5408,0.0373891040219641
9686,7237.050336,1,59625402.432,0.0331417624521073
9687,7237.070336,2,59625422.4512,0.0373788595898129
9688,7237.090336,1,59625442.432,0.0331171758149446
9689,7237.110336,2,59625462.5792,0.0373747618169525
9690,7237.130336,1,59625482.5088,0.033194009056078
9691,7237.150336,2,59625502.4896,0.0374515950580859
9692,7237.170336,1,59625522.4704,0.0332144979203803
9693,7237.190336,2,59625542.5152,0.0376062859835679
9694,7237.210336,1,59625562.4448,0.0331499579978282
9695,7237.230336,2,59625582.6816,0.0376513614850329
9696,7237.250336,1,59625602.7264,0.0331622513164095
9697,7237.270336,2,59625622.4512,0.037680045895056
9698,7237.290336,1,59625642.4704,0.0331561046571189
9699,7237.310336,2,59625662.4384,0.0376349703935911
9700,7237.330336,1,59625682.6368,0.0332042534882291
9701,7237.350336,2,59625702.5536,0.0376441903825271
9702,7237.370336,1,59625722.432,0.0330710758702645
9703,7237.390336,2,59625742.464,0.0376820947814863
9704,7237.410336,1,59625762.4448,0.0331018091667179
9705,7237.430336,2,59625782.6176,0.0375970659946319
9706,7237.450336,1,59625802.5344,0.0331243469174504
9707,7237.470336,2,59625822.4768,0.0375991148810621
9708,7237.490336,1,59625842.496,0.0331550802139037
9709,7237.510336,2,59625862.4768,0.037643165939312
9710,7237.530336,1,59625882.6112,0.0331479091113979
9711,7237.550336,2,59625902.592,0.0376083348699982
9712,7237.570336,1,59625922.496,0.0330669780974041
9713,7237.590336,2,59625942.5152,0.0374956461163358
9714,7237.610336,1,59625962.4448,0.0331909357264327
9715,7237.630336,2,59625982.6176,0.0374147151023419
9716,7237.650336,1,59626002.5472,0.0331704468621304
9717,7237.670336,2,59626022.6176,0.0373235396561969
9718,7237.690336,1,59626042.5088,0.033093613620997
9719,7237.710336,2,59626062.5152,0.0372108509025345
9720,7237.730336,1,59626082.5472,0.033130493576741
9721,7237.750336,2,59626102.592,0.0372948552461737
9722,7237.770336,1,59626122.6112,0.0332247423525314
9723,7237.790336,2,59626142.528,0.0373593951687258
9724,7237.810336,1,59626162.5216,0.0331489335546131
9725,7237.830336,2,59626182.72,0.0373214907697666
9726,7237.850336,1,59626202.5984,0.0331489335546131
9727,7237.870336,2,59626222.528,0.0372897330300981
9728,7237.890336,1,59626242.5344,0.033157129100334
9729,7237.910336,2,59626262.7328,0.0373563218390805
9730,7237.930336,1,59626282.6496,0.0331233224742353
9731,7237.950336,2,59626302.6048,0.0373983240109001
9732,7237.970336,1,59626322.56,0.0331540557706886
9733,7237.990336,2,59626342.528,0.0374464728420104
9734,7238.010336,1,59626362.56,0.033229864568607
9735,7238.030336,2,59626382.7712,0.0373235396561969
9736,7238.050336,1,59626402.5728,0.033130493576741
9737,7238.070336,2,59626422.656,0.0373501751797898
9738,7238.090336,1,59626442.56,0.0331530313274735
9739,7238.110336,2,59626462.6176,0.0371708976171451
9740,7238.130336,1,59626482.816,0.0330895158481365
9741,7238.150336,2,59626502.6176,0.0370479644313316
9742,7238.170336,1,59626522.688,0.0331479091113979
9743,7238.190336,2,59626542.6432,0.0370940643760116
9744,7238.210336,1,59626562.5728,0.0331356157928166
9745,7238.230336,2,59626582.6944,0.0370725510684943
9746,7238.250336,1,59626602.6496,0.0331878623967873
9747,7238.270336,2,59626622.784,0.0370827955006454
9748,7238.290336,1,59626642.624,0.0331806912942816
9749,7238.310336,2,59626662.5792,0.0370991865920872
9750,7238.330336,1,59626682.688,0.0331171758149446
9751,7238.350336,2,59626702.8096,0.0369762534062737
9752,7238.370336,1,59626722.7008,0.0331694224189153
9753,7238.390336,2,59626742.848,0.0370090355891573
9754,7238.410336,1,59626762.6368,0.0331397135656771
9755,7238.430336,2,59626782.656,0.036806195832565
9756,7238.450336,1,59626802.8672,0.0331888868400025
9757,7238.470336,2,59626822.6944,0.0368389780154486
9758,7238.490336,1,59626842.624,0.0331622513164095
9759,7238.510336,2,59626862.592,0.0366976048517631
9760,7238.530336,1,59626882.8672,0.033184789067142
9761,7238.550336,2,59626902.6816,0.0367898047411232
9762,7238.570336,1,59626922.6368,0.03316634908927
9763,7238.590336,2,59626942.6304,0.0369383490073145
9764,7238.610336,1,59626962.752,0.0330997602802877
9765,7238.630336,2,59626982.8864,0.037024402237384
9766,7238.650336,1,59627002.752,0.0331909357264327
9767,7238.670336,2,59627022.8096,0.0369936689409306
9768,7238.690336,1,59627042.7392,0.0332288401253919
9769,7238.710336,2,59627062.6816,0.0370510377609769
9770,7238.730336,1,59627083.0976,0.0331704468621304
9771,7238.750336,2,59627102.6432,0.0370448911016862
9772,7238.770336,1,59627122.6368,0.0331622513164095
9773,7238.790336,2,59627142.6816,0.0370356711127502
9774,7238.810336,1,59627162.688,0.0331202491445899
9775,7238.830336,2,59627183.0144,0.0372969041326039
9776,7238.850336,1,59627202.6496,0.0331970823857234
9777,7238.870336,2,59627222.8224,0.0372364619829123
9778,7238.890336,1,59627243.0208,0.0331458602249677
9779,7238.910336,2,59627262.72,0.0374095928862663
9780,7238.930336,1,59627282.8928,0.0330802958592005
9781,7238.950336,2,59627302.6944,0.0376001393242773
9782,7238.970336,1,59627322.7008,0.0331048824963632
9783,7238.990336,2,59627342.6688,0.0376636548036142
9784,7239.010336,1,59627362.8672,0.0331366402360317
9785,7239.030336,2,59627383.04,0.0374915483434753
9786,7239.050336,1,59627403.0592,0.0331837646239269
9787,7239.070336,2,59627422.8608,0.0375386727313705
9788,7239.090336,1,59627442.8672,0.0332073268178745
9789,7239.110336,2,59627462.8608,0.0376605814739689
9790,7239.130336,1,59627482.8288,0.0331458602249677
9791,7239.150336,2,59627502.784,0.0377548302497593
9792,7239.170336,1,59627522.8288,0.0331110291556539
9793,7239.190336,2,59627542.7456,0.037816296842666
9794,7239.210336,1,59627562.8416,0.0330956625074272
9795,7239.230336,2,59627582.9504,0.0379832810867294
9796,7239.250336,1,59627602.816,0.0332360112278976
9797,7239.270336,2,59627622.7328,0.0379269367098982
9798,7239.290336,1,59627642.7392,0.0331397135656771
9799,7239.310336,2,59627662.784,0.0379187411641773
9800,7239.330336,1,59627682.8672,0.0330977113938574
9801,7239.350336,2,59627702.7328,0.0379730366545782
9802,7239.370336,1,59627722.7392,0.0332431823304034
9803,7239.390336,2,59627742.784,0.0380457721228512
9804,7239.410336,1,59627762.7776,0.0331294691335259
9805,7239.430336,2,59627782.9376,0.0380744565328744
9806,7239.450336,1,59627802.7392,0.0331007847235028
9807,7239.470336,2,59627822.8224,0.038062163214293
9808,7239.490336,1,59627842.9184,0.0330413670170262
9809,7239.510336,2,59627862.784,0.0380611387710779
9810,7239.530336,1,59627882.88,0.0330915647345668
9811,7239.550336,2,59627902.784,0.03798942774602
9812,7239.570336,1,59627922.7776,0.0331130780420841
9813,7239.590336,2,59627943.0144,0.0382363185608622
9814,7239.610336,1,59627962.9312,0.03321244903395
9815,7239.630336,2,59627982.9504,0.0382926629376934
9816,7239.650336,1,59628002.7648,0.0331550802139037
9817,7239.670336,2,59628022.8352,0.0382486118794435
9818,7239.690336,1,59628043.0848,0.0331110291556539
9819,7239.710336,2,59628062.7968,0.0380478210092815
9820,7239.730336,1,59628082.88,0.0330680025406192
9821,7239.750336,2,59628102.8992,0.0379453766877702
9822,7239.770336,1,59628122.944,0.0330772225295552
9823,7239.790336,2,59628142.9632,0.0378521523551949
9824,7239.810336,1,59628162.944,0.0330823447456308
9825,7239.830336,2,59628183.0912,0.0376861925543467
9826,7239.850336,1,59628202.944,0.0330557092220378
9827,7239.870336,2,59628222.9376,0.0375847726760506
9828,7239.890336,1,59628242.7648,0.0330464892331018
9829,7239.910336,2,59628262.848,0.0375755526871146
9830,7239.930336,1,59628283.136,0.033130493576741
9831,7239.950336,2,59628302.7968,0.0374854016841846
9832,7239.970336,1,59628322.9696,0.0330925891777819
9833,7239.990336,2,59628343.0272,0.0374536439445162
9834,7240.010336,1,59628363.0336,0.0331089802692237
9835,7240.030336,2,59628383.36,0.0374095928862663
9836,7240.050336,1,59628402.8032,0.033102833609933
9837,7240.070336,2,59628422.9632,0.0373317352019178
9838,7240.090336,1,59628443.0464,0.0330854180752761
9839,7240.110336,2,59628462.9504,0.0374106173294814
9840,7240.130336,1,59628483.4048,0.0331356157928166
9841,7240.150336,2,59628502.9504,0.037315344110476
9842,7240.170336,1,59628523.0848,0.0331448357817526
9843,7240.190336,2,59628543.0656,0.0372477308582785
9844,7240.210336,1,59628563.008,0.033194009056078
9845,7240.230336,2,59628582.8608,0.0371821664925113
9846,7240.250336,1,59628602.8544,0.033093613620997
9847,7240.270336,2,59628622.8224,0.0372241686643309
9848,7240.290336,1,59628642.9696,0.0330946380642121
9849,7240.310336,2,59628663.1552,0.0373255885426271
9850,7240.330336,1,59628683.008,0.0330823447456308
9851,7240.350336,2,59628703.1296,0.0373737373737374
9852,7240.370336,1,59628723.0336,0.0331345913496015
9853,7240.390336,2,59628742.8608,0.0372538775175692
9854,7240.410336,1,59628763.1104,0.0331479091113979
9855,7240.430336,2,59628783.36,0.0370940643760116
9856,7240.450336,1,59628803.0848,0.0331520068842584
9857,7240.470336,2,59628822.976,0.0370356711127502
9858,7240.490336,1,59628843.072,0.0331550802139037
9859,7240.510336,2,59628863.0144,0.0372036798000287
9860,7240.530336,1,59628883.1744,0.0330495625627471
9861,7240.550336,2,59628902.8992,0.03748847501383
9862,7240.570336,1,59628923.1104,0.0331407380088922
9863,7240.590336,2,59628943.0528,0.0377128280779396
9864,7240.610336,1,59628962.8672,0.0332063023746594
9865,7240.630336,2,59628983.0144,0.0376165304157191
9866,7240.650336,1,59629002.8672,0.0331222980310201
9867,7240.670336,2,59629022.8992,0.0375909193353412
9868,7240.690336,1,59629043.2256,0.0330280492552298
9869,7240.710336,2,59629062.9888,0.0375489171635216
9870,7240.730336,1,59629082.944,0.0331520068842584
9871,7240.750336,2,59629102.8864,0.0373932017948245
9872,7240.770336,1,59629122.9056,0.0331161513717295
9873,7240.790336,2,59629142.8608,0.0373768107033827
9874,7240.810336,1,59629162.9952,0.0330331714713053
9875,7240.830336,2,59629182.912,0.0372733419386563
9876,7240.850336,1,59629203.008,0.0330915647345668
9877,7240.870336,2,59629222.912,0.0373040752351097
9878,7240.890336,1,59629242.9056,0.0330956625074272
9879,7240.910336,2,59629263.04,0.037251828631139
9880,7240.930336,1,59629282.9952,0.0330864425184912
9881,7240.950336,2,59629303.1296,0.0373419796340689
9882,7240.970336,1,59629322.9312,0.033102833609933
9883,7240.990336,2,59629343.0656,0.0374352039666441
9884,7241.010336,1,59629363.1232,0.0331356157928166
9885,7241.030336,2,59629383.1936,0.0375755526871146
9886,7241.050336,1,59629402.9312,0.0330608314381134
9887,7241.070336,2,59629422.9632,0.0376995103161432
9888,7241.090336,1,59629443.0976,0.0331202491445899
9889,7241.110336,2,59629462.912,0.0376718503493351
9890,7241.130336,1,59629482.944,0.0330464892331018
9891,7241.150336,2,59629502.9376,0.0373081730079702
9892,7241.170336,1,59629522.8928,0.0331714713053455
9893,7241.190336,2,59629542.9376,0.0372723174954412
9894,7241.210336,1,59629563.008,0.033112053598869
9895,7241.230336,2,59629582.9888,0.0372169975618252
9896,7241.250336,1,59629602.9696,0.0331950334992931
9897,7241.270336,2,59629622.9376,0.0372088020161043
9898,7241.290336,1,59629642.944,0.0330598069948983
9899,7241.310336,2,59629662.9504,0.0370561599770525
9900,7241.330336,1,59629683.0464,0.0331468846681828
9901,7241.350336,2,59629702.9376,0.0370377199991804
9902,7241.370336,1,59629722.944,0.0331776179646362
9903,7241.390336,2,59629742.9504,0.0369496178826808
9904,7241.410336,1,59629762.944,0.0331929846128629
9905,7241.430336,2,59629782.976,0.0368020980597045
9906,7241.450336,1,59629802.9696,0.0331407380088922
9907,7241.470336,2,59629822.9504,0.0368522957772451
9908,7241.490336,1,59629842.9952,0.0331376646792468
9909,7241.510336,2,59629863.0272,0.0368830290736984
9910,7241.530336,1,59629883.1232,0.0331202491445899
9911,7241.550336,2,59629902.9888,0.0369690823037679
9912,7241.570336,1,59629922.9568,0.0331427868953224
9913,7241.590336,2,59629943.1296,0.0372118753457496
9914,7241.610336,1,59629962.944,0.03316634908927
9915,7241.630336,2,59629983.0528,0.0371749953900055
9916,7241.650336,1,59630002.9952,0.0331315180199562
9917,7241.670336,2,59630022.976,0.0373276374290573
9918,7241.690336,1,59630042.9696,0.0331356157928166
9919,7241.710336,2,59630062.9888,0.0375437949474461
9920,7241.730336,1,59630083.0208,0.0331376646792468
9921,7241.750336,2,59630103.0144,0.0376021882107075
9922,7241.770336,1,59630122.9696,0.0331622513164095
9923,7241.790336,2,59630143.0016,0.0376687770196898
9924,7241.810336,1,59630163.008,0.0332278156821767
9925,7241.830336,2,59630183.0912,0.0373778351465978
9926,7241.850336,1,59630203.0208,0.0332083512610896
9927,7241.870336,2,59630223.0144,0.037379884033028
9928,7241.890336,1,59630243.0208,0.0331827401807118
9929,7241.910336,2,59630263.0144,0.0372221197779007
9930,7241.930336,1,59630283.136,0.03321244903395
9931,7241.950336,2,59630303.0656,0.0374034462269756
9932,7241.970336,1,59630323.008,0.0332185956932407
9933,7241.990336,2,59630343.0016,0.0373604196119409
9934,7242.010336,1,59630362.9952,0.0331694224189153
9935,7242.030336,2,59630383.0272,0.0373266129858422
9936,7242.050336,1,59630403.0208,0.033203229045014
9937,7242.070336,2,59630423.04,0.0371924109246624
9938,7242.090336,1,59630443.0336,0.0332104001475198
9939,7242.110336,2,59630463.1168,0.0371647509578544
9940,7242.130336,1,59630483.0592,0.0331653246460549
9941,7242.150336,2,59630503.04,0.0373194418833364
9942,7242.170336,1,59630523.072,0.0332503534329092
9943,7242.190336,2,59630543.0528,0.0374915483434753
9944,7242.210336,1,59630563.0464,0.0331632757596246
9945,7242.230336,2,59630583.1168,0.0375550638228123
9946,7242.250336,1,59630603.0464,0.0331489335546131
9947,7242.270336,2,59630623.0272,0.0375478927203065
9948,7242.290336,1,59630643.0976,0.0332421578871883
9949,7242.310336,2,59630663.0912,0.0375058905484869
9950,7242.330336,1,59630683.1744,0.0332185956932407
9951,7242.350336,2,59630703.0656,0.037715901407585
9952,7242.370336,1,59630723.072,0.0331765935214211
9953,7242.390336,2,59630743.0656,0.0377322924990268
9954,7242.410336,1,59630763.0976,0.0331110291556539
9955,7242.430336,2,59630783.1936,0.0378121990698056
9956,7242.450336,1,59630803.136,0.0330690269838343
9957,7242.470336,2,59630823.0912,0.0380642121007233
9958,7242.490336,1,59630843.0848,0.0331888868400025
9959,7242.510336,2,59630863.0784,0.038226074128711
9960,7242.530336,1,59630883.2,0.0331182002581597
9961,7242.550336,2,59630903.0656,0.0380898231811011
9962,7242.570336,1,59630923.0592,0.0331151269285144
9963,7242.590336,2,59630943.1296,0.0380734320896593
9964,7242.610336,1,59630963.0976,0.0331878623967873
9965,7242.630336,2,59630983.1296,0.037916692277747
9966,7242.650336,1,59631003.1232,0.0331397135656771
9967,7242.670336,2,59631023.104,0.0378716167762821
9968,7242.690336,1,59631043.1232,0.0332083512610896
9969,7242.710336,2,59631063.104,0.0378787878787879
9970,7242.730336,1,59631083.3152,0.0331335669063864
9971,7242.750336,2,59631103.1296,0.0378040035240847
9972,7242.770336,1,59631123.1104,0.0331878623967873
9973,7242.790336,2,59631143.0784,0.0378531767984101
9974,7242.810336,1,59631163.3024,0.0332247423525314
9975,7242.830336,2,59631183.2064,0.0377640502386953
9976,7242.850336,1,59631203.1488,0.0331243469174504
9977,7242.870336,2,59631223.0912,0.0375991148810621
9978,7242.890336,1,59631243.1488,0.0332165468068105
9979,7242.910336,2,59631263.1296,0.037834736820538
9980,7242.930336,1,59631283.1232,0.0330823447456308
9981,7242.950336,2,59631303.0912,0.0381471920011474
9982,7242.970336,1,59631323.1488,0.0331059069395783
9983,7242.990336,2,59631343.1296,0.038243489663368
9984,7243.010336,1,59631363.1616,0.0331561046571189
9985,7243.030336,2,59631383.1296,0.0384063761345709
9986,7243.050336,1,59631403.1232,0.0330864425184912
9987,7243.070336,2,59631423.1552,0.0381850964001065
9988,7243.090336,1,59631443.1616,0.0331683979757002
9989,7243.110336,2,59631463.104,0.0381656319790194
9990,7243.130336,1,59631483.1616,0.0331182002581597
9991,7243.150336,2,59631503.1424,0.0380959698403917
9992,7243.170336,1,59631523.1488,0.033130493576741
9993,7243.190336,2,59631543.1296,0.0380642121007233
9994,7243.210336,1,59631563.1616,0.0330854180752761
9995,7243.230336,2,59631583.3216,0.0380170877128281
9996,7243.250336,1,59631603.2896,0.0331366402360317
9997,7243.270336,2,59631623.1424,0.0380467965660663
9998,7243.290336,1,59631643.1872,0.0331417624521073
9999,7243.310336,2,59631663.1424,0.0380201610424734
10000,7243.330336,1,59631683.1488,0.033220644579671
10001,7243.350336,2,59631703.1424,0.0380314299178397
10002,7243.370336,1,59631723.0976,0.03316634908927
10003,7243.390336,2,59631743.1552,0.03807957874895
10004,7243.410336,1,59631763.1104,0.0331981068289385
10005,7243.430336,2,59631783.168,0.038170754195095
10006,7243.450336,1,59631803.2,0.0331950334992931
10007,7243.470336,2,59631823.1552,0.0381666564222345
10008,7243.490336,1,59631843.0976,0.0332083512610896
10009,7243.510336,2,59631863.1296,0.0382865162784027
10010,7243.530336,1,59631883.1616,0.0331683979757002
10011,7243.550336,2,59631903.168,0.0384135472370766
10012,7243.570336,1,59631923.1232,0.03316634908927
10013,7243.590336,2,59631943.2192,0.0386778535865757
10014,7243.610336,1,59631963.1232,0.0331806912942816
10015,7243.630336,2,59631983.168,0.0387598090437847
10016,7243.650336,1,59632003.2512,0.0332001557153687
10017,7243.670336,2,59632023.1936,0.0387854201241625
10018,7243.690336,1,59632043.1488,0.0331141024852992
10019,7243.710336,2,59632063.1424,0.0389575265843014
10020,7243.730336,1,59632083.2384,0.0331233224742353
10021,7243.750336,2,59632103.1936,0.0389985043129059
10022,7243.770336,1,59632123.1488,0.0331202491445899
10023,7243.790336,2,59632143.1552,0.0389646976868072
10024,7243.810336,1,59632163.3536,0.0331253713606655
10025,7243.830336,2,59632183.3856,0.0387700534759358
10026,7243.850336,1,59632203.2512,0.0331161513717295
10027,7243.870336,2,59632223.1808,0.0385313582068146
10028,7243.890336,1,59632243.264,0.0330966869506423
10029,7243.910336,2,59632263.1552,0.0384545249656812
10030,7243.930336,1,59632283.4304,0.0330526358923925
10031,7243.950336,2,59632303.2448,0.0385231626610937
10032,7243.970336,1,59632323.2512,0.0330721003134796
10033,7243.990336,2,59632343.1808,0.038753662384494
10034,7244.010336,1,59632363.2,0.0331069313827934
10035,7244.030336,2,59632383.232,0.0387290757473313
10036,7244.050336,1,59632403.1744,0.0331345913496015
10037,7244.070336,2,59632423.1808,0.0387690290327207
10038,7244.090336,1,59632443.1872,0.0330854180752761
10039,7244.110336,2,59632463.4112,0.0386368758579712
10040,7244.130336,1,59632483.328,0.0331581535435491
10041,7244.150336,2,59632503.2832,0.0385856536972156
10042,7244.170336,1,59632523.1744,0.0330178048230787
10043,7244.190336,2,59632543.296,0.0383797406109779
10044,7244.210336,1,59632563.2896,0.0331141024852992
10045,7244.230336,2,59632583.2448,0.0382352941176471
10046,7244.250336,1,59632603.3664,0.0330915647345668
10047,7244.270336,2,59632623.2192,0.0381236298071998
10048,7244.290336,1,59632643.3536,0.0331397135656771
10049,7244.310336,2,59632663.2064,0.0380058188374618
10050,7244.330336,1,59632683.4944,0.0330802958592005
10051,7244.350336,2,59632703.3216,0.0381308009097056
10052,7244.370336,1,59632723.3152,0.033112053598869
10053,7244.390336,2,59632743.3728,0.0380355276907001
10054,7244.410336,1,59632763.328,0.0331407380088922
10055,7244.430336,2,59632783.3344,0.0378152723994509
10056,7244.450336,1,59632803.328,0.0330680025406192
10057,7244.470336,2,59632823.2448,0.0376923392136374
10058,7244.490336,1,59632843.2384,0.033057758108468
10059,7244.510336,2,59632863.3728,0.0376984858729281
10060,7244.530336,1,59632883.3024,0.0331284446903108
10061,7244.550336,2,59632903.3472,0.0376196037453644
10062,7244.570336,1,59632923.392,0.0331561046571189
10063,7244.590336,2,59632943.2832,0.0376349703935911
10064,7244.610336,1,59632964.1728,0.0331735201917758
10065,7244.630336,2,59632983.488,0.0378081012969451
10066,7244.650336,1,59633003.3536,0.0331653246460549
10067,7244.670336,2,59633023.3344,0.0378736656627123
10068,7244.690336,1,59633043.2768,0.0331284446903108
10069,7244.710336,2,59633063.3216,0.037934107812404
10070,7244.730336,1,59633083.3024,0.0331530313274735
10071,7244.750336,2,59633103.3344,0.0381082631589731
10072,7244.770336,1,59633123.328,0.0331520068842584
10073,7244.790336,2,59633143.3984,0.0381738275247403
10074,7244.810336,1,59633163.3408,0.0331673735324851
10075,7244.830336,2,59633183.5264,0.0381502653307927
10076,7244.850336,1,59633203.392,0.0331909357264327
10077,7244.870336,2,59633223.5008,0.0382137808101297
10078,7244.890336,1,59633243.4304,0.0331827401807118
10079,7244.910336,2,59633263.3344,0.0384319872149487
10080,7244.930336,1,59633283.4176,0.033203229045014
10081,7244.950336,2,59633303.3088,0.0385159915585879
10082,7244.970336,1,59633323.4048,0.0332687934107812
10083,7244.990336,2,59633343.424,0.0386092158911632
10084,7245.010336,1,59633363.456,0.03321244903395
10085,7245.030336,2,59633383.5264,0.0386655602679943
10086,7245.050336,1,59633403.3024,0.0331386891224619
10087,7245.070336,2,59633423.36,0.0386368758579712
10088,7245.090336,1,59633443.4048,0.033194009056078
10089,7245.110336,2,59633463.424,0.0386696580408548
10090,7245.130336,1,59633483.5328,0.0330997602802877
10091,7245.150336,2,59633503.424,0.0386409736308316
10092,7245.170336,1,59633523.392,0.0330321470280902
10093,7245.190336,2,59633543.424,0.0384555494088963
10094,7245.210336,1,59633563.4048,0.0331745446349909
10095,7245.230336,2,59633583.5904,0.038407400577786
10096,7245.250336,1,59633603.392,0.0330700514270494
10097,7245.270336,2,59633623.5136,0.0382373430040773
10098,7245.290336,1,59633643.4176,0.0330864425184912
10099,7245.310336,2,59633663.4112,0.0381717786383101
10100,7245.330336,1,59633683.6608,0.0331796668510664
10101,7245.350336,2,59633703.4112,0.0382291474583564
10102,7245.370336,1,59633723.52,0.0330987358370725
10103,7245.390336,2,59633743.3728,0.0381021164996824
10104,7245.410336,1,59633763.392,0.0330536603356076
10105,7245.430336,2,59633783.3728,0.0380570409982175
10106,7245.450336,1,59633803.4048,0.0331366402360317
10107,7245.470336,2,59633823.5008,0.0380775298625197
10108,7245.490336,1,59633843.4688,0.033048538119532
10109,7245.510336,2,59633863.4368,0.0380119654967525
10110,7245.530336,1,59633883.4304,0.0330802958592005
10111,7245.550336,2,59633903.4368,0.0380273321449792
10112,7245.570336,1,59633923.4816,0.0330997602802877
10113,7245.590336,2,59633943.5776,0.038043723236421
10114,7245.610336,1,59633963.4304,0.0330823447456308
10115,7245.630336,2,59633983.872,0.0379658655520724
10116,7245.650336,1,59634003.4432,0.0331315180199562
10117,7245.670336,2,59634023.3984,0.038280369619112
10118,7245.690336,1,59634043.4432,0.0331274202470957
10119,7245.710336,2,59634063.4368,0.0383776917245477
10120,7245.730336,1,59634083.5584,0.033093613620997
10121,7245.750336,2,59634103.4624,0.0386379003011863
10122,7245.770336,1,59634123.4176,0.0331468846681828
10123,7245.790336,2,59634143.4496,0.0387014157805233
10124,7245.810336,1,59634163.4688,0.0330833691888459
10125,7245.830336,2,59634183.616,0.0391388530333764
10126,7245.850336,1,59634203.5584,0.0329870715266253
10127,7245.870336,2,59634223.4624,0.0395588747515725
10128,7245.890336,1,59634243.4688,0.0330874669617063
10129,7245.910336,2,59634263.488,0.0397750322699613
10130,7245.930336,1,59634283.5072,0.0330239514823693
10131,7245.950336,2,59634303.4752,0.0396746368348802
10132,7245.970336,1,59634323.4432,0.0330546847788227
10133,7245.990336,2,59634343.424,0.0395025303747413
10134,7246.010336,1,59634363.4944,0.0330055115044973
10135,7246.030336,2,59634383.5264,0.0398047411231995
10136,7246.050336,1,59634403.5072,0.0330772225295552
10137,7246.070336,2,59634423.4496,0.0400495830516115
10138,7246.090336,1,59634443.52,0.0331059069395783
10139,7246.110336,2,59634463.488,0.0402155428524597
10140,7246.130336,1,59634483.5456,0.0330270248120147
10141,7246.150336,2,59634503.5136,0.0404306759276333
10142,7246.170336,1,59634523.52,0.0331018091667179
10143,7246.190336,2,59634543.488,0.0405966357284816
10144,7246.210336,1,59634563.4688,0.033075173643125
10145,7246.230336,2,59634583.616,0.040709324482144
10146,7246.250336,1,59634603.5328,0.0330854180752761
10147,7246.270336,2,59634623.4752,0.0409254820005327
10148,7246.290336,1,59634643.4944,0.0330761980863401
10149,7246.310336,2,59634663.5136,0.041155981723933
10150,7246.330336,1,59634683.4944,0.0330260003687996
10151,7246.350336,2,59634703.5264,0.0411477861782121
10152,7246.370336,1,59634723.52,0.0330249759255844
10153,7246.390336,2,59634743.5136,0.041074026266724
10154,7246.410336,1,59634763.5456,0.0331192247013748
10155,7246.430336,2,59634783.5648,0.0408752842829922
10156,7246.450336,1,59634803.5328,0.033011658163788
10157,7246.470336,2,59634823.5264,0.0405443891245108
10158,7246.490336,1,59634843.5072,0.0330219025959391
10159,7246.510336,2,59634863.5264,0.040336427151843
10160,7246.530336,1,59634883.5712,0.0330423914602414
10161,7246.550336,2,59634903.5648,0.0401643206917041
10162,7246.570336,1,59634923.5456,0.0329911692994857
10163,7246.590336,2,59634943.5392,0.0399143565472166
10164,7246.610336,1,59634963.5072,0.0329983404019915
10165,7246.630336,2,59634983.5904,0.0398057655664147
10166,7246.650336,1,59635003.5456,0.0330608314381134
10167,7246.670336,2,59635023.5648,0.0397227856659905
10168,7246.690336,1,59635043.584,0.0331018091667179
10169,7246.710336,2,59635063.5392,0.0395916569344561
10170,7246.730336,1,59635083.5456,0.0330813203024156
10171,7246.750336,2,59635103.5776,0.0394953592722355
10172,7246.770336,1,59635123.5456,0.0330321470280902
10173,7246.790336,2,59635143.6288,0.0394021349396603
10174,7246.810336,1,59635163.584,0.0329706804351835
10175,7246.830336,2,59635183.6032,0.0392228573770156
10176,7246.850336,1,59635203.6096,0.0330823447456308
10177,7246.870336,2,59635223.6032,0.0389851865511095
10178,7246.890336,1,59635243.5584,0.0330239514823693
10179,7246.910336,2,59635263.5904,0.0390118220747024
10180,7246.930336,1,59635283.6992,0.0330044870612822
10181,7246.950336,2,59635303.5904,0.0390948019751265
10182,7246.970336,1,59635323.584,0.0330587825516832
10183,7246.990336,2,59635343.5904,0.03921773516094
10184,7247.010336,1,59635363.6096,0.033020878152724
10185,7247.030336,2,59635383.6544,0.0391306574876555
10186,7247.050336,1,59635403.5712,0.0330874669617063
10187,7247.070336,2,59635423.6032,0.0389452332657201
10188,7247.090336,1,59635443.6096,0.0330526358923925
10189,7247.110336,2,59635463.5776,0.0390466531440162
10190,7247.130336,1,59635483.6096,0.0331079558260086
10191,7247.150336,2,59635503.616,0.0391337308173008
10192,7247.170336,1,59635523.5968,0.0330639047677587
10193,7247.190336,2,59635543.6416,0.0390999241912021
10194,7247.210336,1,59635563.5968,0.0330710758702645
10195,7247.230336,2,59635583.744,0.0390609953490278
10196,7247.250336,1,59635603.6608,0.0330997602802877
10197,7247.270336,2,59635623.616,0.0389851865511095
10198,7247.290336,1,59635643.6352,0.0330198537095089
10199,7247.310336,2,59635663.6416,0.0388345933984879
10200,7247.330336,1,59635683.7248,0.0330198537095089
10201,7247.350336,2,59635703.6416,0.0386051181183027
10202,7247.370336,1,59635723.6352,0.0331100047124388
10203,7247.390336,2,59635743.6032,0.0384524760792509
10204,7247.410336,1,59635763.6608,0.0330044870612822
10205,7247.430336,2,59635783.6544,0.0382875407216178
10206,7247.450336,1,59635803.6096,0.0331263958038806
10207,7247.470336,2,59635823.6544,0.0382281230151413
10208,7247.490336,1,59635843.6224,0.033121273587805
10209,7247.510336,2,59635863.6672,0.0381564119900834
10210,7247.530336,1,59635883.8784,0.0331335669063864
10211,7247.550336,2,59635903.6288,0.0380918720675313
10212,7247.570336,1,59635923.6864,0.0330987358370725
10213,7247.590336,2,59635943.6544,0.03826192964124
10214,7247.610336,1,59635963.648,0.0330977113938574
10215,7247.630336,2,59635983.744,0.0382947118241236
10216,7247.650336,1,59636003.6864,0.0330608314381134
10217,7247.670336,2,59636023.6928,0.0382639785276702
10218,7247.690336,1,59636043.6608,0.033175569078206
10219,7247.710336,2,59636063.6544,0.0382086585940541
10220,7247.730336,1,59636084.0064,0.0331796668510664
10221,7247.750336,2,59636103.6544,0.0381605097629438
10222,7247.770336,1,59636123.6736,0.0331653246460549
10223,7247.790336,2,59636143.7056,0.0380570409982175
10224,7247.810336,1,59636163.6608,0.0331776179646362
10225,7247.830336,2,59636183.8976,0.0380191365992583
10226,7247.850336,1,59636203.6864,0.0331745446349909
10227,7247.870336,2,59636223.6928,0.0379720122113631
10228,7247.890336,1,59636243.712,0.033203229045014
10229,7247.910336,2,59636263.6928,0.038107238715758
10230,7247.930336,1,59636283.8144,0.0331417624521073
10231,7247.950336,2,59636303.68,0.0380222099289036
10232,7247.970336,1,59636323.712,0.0331253713606655
10233,7247.990336,2,59636343.6928,0.0381267031368451
10234,7248.010336,1,59636363.6864,0.0331991312721536
10235,7248.030336,2,59636383.6928,0.0381021164996824
10236,7248.050336,1,59636403.7504,0.0331100047124388
10237,7248.070336,2,59636423.7312,0.038062163214293
10238,7248.090336,1,59636443.7248,0.0331622513164095
10239,7248.110336,2,59636463.68,0.0379832810867294
10240,7248.130336,1,59636483.7504,0.03321244903395
10241,7248.150336,2,59636503.6928,0.0379494744606306
10242,7248.170336,1,59636523.7376,0.0330741491999098
10243,7248.190336,2,59636543.7184,0.0379965988485258
10244,7248.210336,1,59636563.7504,0.0330598069948983
10245,7248.230336,2,59636583.7696,0.0379382055852644
10246,7248.250336,1,59636603.7376,0.0331007847235028
10247,7248.270336,2,59636623.7312,0.0379515233470609
10248,7248.290336,1,59636643.712,0.0331735201917758
10249,7248.310336,2,59636663.7568,0.0380826520785953
10250,7248.330336,1,59636683.6608,0.0331243469174504
10251,7248.350336,2,59636703.7696,0.0382219763558506
10252,7248.370336,1,59636723.7376,0.0331079558260086
10253,7248.390336,2,59636743.7056,0.0383653984059664
10254,7248.410336,1,59636763.776,0.0332175712500256
10255,7248.430336,2,59636783.8592,0.0384780871596287
10256,7248.450336,1,59636803.7888,0.0331356157928166
10257,7248.470336,2,59636823.808,0.0383285184502223
10258,7248.490336,1,59636843.7888,0.0330680025406192
10259,7248.510336,2,59636863.7824,0.0383080295859201
10260,7248.530336,1,59636884.0064,0.0331929846128629
10261,7248.550336,2,59636903.7184,0.0382844673919725
10262,7248.570336,1,59636923.7888,0.0330874669617063
10263,7248.590336,2,59636943.7824,0.0384883315917799
10264,7248.610336,1,59636963.7888,0.0331284446903108
10265,7248.630336,2,59636983.8208,0.0386368758579712
10266,7248.650336,1,59637003.7888,0.033194009056078
10267,7248.670336,2,59637023.8208,0.0386512180629828
10268,7248.690336,1,59637043.7888,0.0331561046571189
10269,7248.710336,2,59637063.7568,0.0387188313151802
10270,7248.730336,1,59637083.8016,0.033130493576741
10271,7248.750336,2,59637103.744,0.0386747802569304
10272,7248.770336,1,59637123.7632,0.0330895158481365
10273,7248.790336,2,59637143.8336,0.0387178068719651
10274,7248.810336,1,59637163.7888,0.0331561046571189
10275,7248.830336,2,59637184,0.0385057471264368
10276,7248.850336,1,59637203.84,0.0331786424078513
10277,7248.870336,2,59637223.7952,0.0382096830372692
10278,7248.890336,1,59637243.776,0.0331817157374967
10279,7248.910336,2,59637263.808,0.0381471920011474
10280,7248.930336,1,59637283.8912,0.0331550802139037
10281,7248.950336,2,59637303.7696,0.0378951789702297
10282,7248.970336,1,59637323.7888,0.0332073268178745
10283,7248.990336,2,59637343.7824,0.0378101501833753
10284,7249.010336,1,59637363.8272,0.0331386891224619
10285,7249.030336,2,59637383.8336,0.0379996721781712
10286,7249.050336,1,59637403.7888,0.0332226934661012
10287,7249.070336,2,59637423.808,0.0379720122113631
10288,7249.090336,1,59637443.8016,0.0331745446349909
10289,7249.110336,2,59637463.7952,0.03780707685373
10290,7249.130336,1,59637483.8144,0.0331550802139037
10291,7249.150336,2,59637503.8208,0.0376851681111316
10292,7249.170336,1,59637523.8272,0.0331438113385375
10293,7249.190336,2,59637543.8336,0.037652385928248
10294,7249.210336,1,59637563.8144,0.0331397135656771
10295,7249.230336,2,59637583.8592,0.0375622349253181
10296,7249.250336,1,59637603.8144,0.0332349867846825
10297,7249.270336,2,59637623.7952,0.0375376482881554
10298,7249.290336,1,59637643.84,0.0330895158481365
10299,7249.310336,2,59637663.8208,0.0376185793021493
10300,7249.330336,1,59637683.8144,0.0331233224742353
10301,7249.350336,2,59637703.8208,0.0376513614850329
10302,7249.370336,1,59637723.84,0.0330260003687996
10303,7249.390336,2,59637743.8208,0.0377394636015326
10304,7249.410336,1,59637763.84,0.0331765935214211
10305,7249.430336,2,59637784.0896,0.0377456102608232
10306,7249.450336,1,59637803.8656,0.0331192247013748
10307,7249.470336,2,59637823.8464,0.0378644456737763
10308,7249.490336,1,59637843.8144,0.0331048824963632
10309,7249.510336,2,59637863.8848,0.0378767389923577
10310,7249.530336,1,59637883.8784,0.0330598069948983
10311,7249.550336,2,59637903.8976,0.0379740610977934
10312,7249.570336,1,59637923.8656,0.0330444403466716
10313,7249.590336,2,59637943.8464,0.0379043989591657
10314,7249.610336,1,59637963.84,0.033084393632061
10315,7249.630336,2,59637983.872,0.0378931300837995
10316,7249.650336,1,59638003.8784,0.0331038580531481
10317,7249.670336,2,59638023.872,0.0378511279119798
10318,7249.690336,1,59638043.8528,0.0331284446903108
10319,7249.710336,2,59638063.8976,0.0378142479562358
10320,7249.730336,1,59638083.9296,0.0331315180199562
10321,7249.750336,2,59638103.8848,0.0377374147151023
10322,7249.770336,1,59638123.8656,0.0331345913496015
10323,7249.790336,2,59638143.9104,0.0376698014629049
10324,7249.810336,1,59638163.904,0.0331540557706886
10325,7249.830336,2,59638184.8064,0.0375878460056959
10326,7249.850336,1,59638203.9168,0.0330782469727703
10327,7249.870336,2,59638223.9232,0.037680045895056
10328,7249.890336,1,59638243.904,0.0331130780420841
10329,7249.910336,2,59638263.9488,0.0376882414407769
10330,7249.930336,1,59638283.9936,0.0330444403466716
10331,7249.950336,2,59638303.9104,0.0377107791915094
10332,7249.970336,1,59638323.8912,0.0330003892884217
10333,7249.990336,2,59638343.9232,0.0376042370971377
10334,7250.010336,1,59638363.9424,0.0330639047677587
10335,7250.030336,2,59638383.8976,0.0375806749031901
10336,7250.050336,1,59638403.904,0.0330311225848751
10337,7250.070336,2,59638423.936,0.0375202327534985
10338,7250.090336,1,59638443.9936,0.0330833691888459
10339,7250.110336,2,59638463.9744,0.037406519556621
10340,7250.130336,1,59638483.9296,0.0330587825516832
10341,7250.150336,2,59638503.936,0.0372497797447087
10342,7250.170336,1,59638523.904,0.0330239514823693
10343,7250.190336,2,59638543.9616,0.0373819329194583
10344,7250.210336,1,59638563.9808,0.0331110291556539
10345,7250.230336,2,59638584,0.0373583707255107
10346,7250.250336,1,59638603.9296,0.033102833609933
10347,7250.270336,2,59638623.9104,0.0372231442211158
10348,7250.290336,1,59638643.9296,0.0330659536541889
10349,7250.310336,2,59638663.9488,0.0372589997336448
10350,7250.330336,1,59638683.9936,0.0331069313827934
10351,7250.350336,2,59638703.9232,0.0371545065257033
10352,7250.370336,1,59638723.9424,0.0330608314381134
10353,7250.390336,2,59638743.9232,0.0371473354231975
10354,7250.410336,1,59638763.9808,0.0330946380642121
10355,7250.430336,2,59638783.936,0.0371780687196509
10356,7250.450336,1,59638803.9552,0.0330495625627471
10357,7250.470336,2,59638823.9616,0.0371309443317557
10358,7250.490336,1,59638843.9296,0.0331007847235028
10359,7250.510336,2,59638863.9488,0.0371596287417788
10360,7250.530336,1,59638883.9552,0.0330423914602414
10361,7250.550336,2,59638903.9872,0.0370725510684943
10362,7250.570336,1,59638923.9936,0.0330434159034565
10363,7250.590336,2,59638943.9616,0.0371299198885406
10364,7250.610336,1,59638963.9552,0.0330864425184912
10365,7250.630336,2,59638984,0.0372467064150634
10366,7250.650336,1,59639003.968,0.0330946380642121
10367,7250.670336,2,59639023.9616,0.0373604196119409
10368,7250.690336,1,59639043.9808,0.0331182002581597
10369,7250.710336,2,59639063.9744,0.0373225152129817
10370,7250.730336,1,59639083.9808,0.0331376646792468
10371,7250.750336,2,59639103.9744,0.0372467064150634
10372,7250.770336,1,59639123.9808,0.0331683979757002
10373,7250.790336,2,59639143.9872,0.0371903620382322
10374,7250.810336,1,59639164.032,0.0331540557706886
10375,7250.830336,2,59639184.128,0.0373030507918946
10376,7250.850336,1,59639204.0192,0.0330669780974041
10377,7250.870336,2,59639223.9872,0.0373891040219641
10378,7250.890336,1,59639244.0064,0.0330413670170262
10379,7250.910336,2,59639264,0.0376534103714631
10380,7250.930336,1,59639284.4672,0.0330434159034565
10381,7250.950336,2,59639304.0384,0.0377804413301371
10382,7250.970336,1,59639324.0064,0.0330997602802877
10383,7250.990336,2,59639343.9872,0.0375909193353412
10384,7251.010336,1,59639364.0576,0.0330680025406192
10385,7251.030336,2,59639384.1024,0.0374352039666441
10386,7251.050336,1,59639404.0576,0.0330721003134796
10387,7251.070336,2,59639424.0384,0.0373839818058885
10388,7251.090336,1,59639444.032,0.0331386891224619
10389,7251.110336,2,59639464.0768,0.0372948552461737
10390,7251.130336,1,59639484.0448,0.033130493576741
10391,7251.150336,2,59639504.0512,0.037288708586883
10392,7251.170336,1,59639524.0576,0.0331345913496015
10393,7251.190336,2,59639544.064,0.0372682197225808
10394,7251.210336,1,59639564.0448,0.033203229045014
10395,7251.230336,2,59639584.1408,0.037197533140738
10396,7251.250336,1,59639604.0448,0.0331438113385375
10397,7251.270336,2,59639624.0384,0.0370940643760116
10398,7251.290336,1,59639644.0448,0.0330895158481365
10399,7251.310336,2,59639664.0384,0.0370213289077386
10400,7251.330336,1,59639684.096,0.0330915647345668
10401,7251.350336,2,59639704.0512,0.0372036798000287
10402,7251.370336,1,59639724.0832,0.033175569078206
10403,7251.390336,2,59639744.0384,0.0373061241215399
10404,7251.410336,1,59639764.1216,0.0331407380088922
10405,7251.430336,2,59639784.128,0.0372712930522261
10406,7251.450336,1,59639804.1216,0.033130493576741
10407,7251.470336,2,59639824.1024,0.0372559264039994
10408,7251.490336,1,59639844.0832,0.0331632757596246
10409,7251.510336,2,59639864.0512,0.0373296863154875
10410,7251.530336,1,59639884.1984,0.0331745446349909
10411,7251.550336,2,59639904.064,0.0374556928309464
10412,7251.570336,1,59639924.096,0.033130493576741
10413,7251.590336,2,59639944.1024,0.0374813039113242
10414,7251.610336,1,59639964.1088,0.0331561046571189
10415,7251.630336,2,59639984.0896,0.037743561374393
10416,7251.650336,1,59640004.1216,0.033130493576741
10417,7251.670336,2,59640024.1024,0.03767082590612
10418,7251.690336,1,59640044.096,0.0331048824963632
10419,7251.710336,2,59640064.128,0.0376728747925502
10420,7251.730336,1,59640084.1344,0.0331079558260086
10421,7251.750336,2,59640104.128,0.0376349703935911
10422,7251.770336,1,59640124.1344,0.033084393632061
10423,7251.790336,2,59640144.1152,0.0376923392136374
10424,7251.810336,1,59640164.1344,0.0330813203024156
10425,7251.830336,2,59640184.128,0.0377302436125966
10426,7251.850336,1,59640204.16,0.0331335669063864
10427,7251.870336,2,59640224.1408,0.0374772061384637
10428,7251.890336,1,59640244.1344,0.0331325424631713
10429,7251.910336,2,59640264.1792,0.0375222816399287
10430,7251.930336,1,59640284.1728,0.0330884914049214
10431,7251.950336,2,59640304.128,0.0374536439445162
10432,7251.970336,1,59640324.1344,0.033102833609933
10433,7251.990336,2,59640344.1408,0.0376995103161432
10434,7252.010336,1,59640364.1216,0.0330598069948983
10435,7252.030336,2,59640384.1664,0.0378357612637532
10436,7252.050336,1,59640404.1984,0.0330516114491774
10437,7252.070336,2,59640424.1408,0.0378777634355728
10438,7252.090336,1,59640444.1472,0.0330505870059623
10439,7252.110336,2,59640464.128,0.0378511279119798
10440,7252.130336,1,59640484.16,0.033093613620997
10441,7252.150336,2,59640504.1792,0.0378931300837995
10442,7252.170336,1,59640524.16,0.0330249759255844
10443,7252.190336,2,59640544.1152,0.0380058188374618
10444,7252.210336,1,59640564.1856,0.0330475136763169
10445,7252.230336,2,59640584.1664,0.0379064478455959
10446,7252.250336,1,59640604.2496,0.0330495625627471
10447,7252.270336,2,59640624.1536,0.0375755526871146
10448,7252.290336,1,59640644.2112,0.0330854180752761
10449,7252.310336,2,59640664.1408,0.0374095928862663
10450,7252.330336,1,59640684.288,0.0331222980310201
10451,7252.350336,2,59640704.2048,0.0375499416067367
10452,7252.370336,1,59640724.16,0.033075173643125
10453,7252.390336,2,59640744.1408,0.0378501034687647
10454,7252.410336,1,59640764.16,0.0330956625074272
10455,7252.430336,2,59640784.1792,0.0380047943942467
10456,7252.450336,1,59640804.1728,0.0331171758149446
10457,7252.470336,2,59640824.1536,0.0379402544716946
10458,7252.490336,1,59640844.1344,0.0330341959145205
10459,7252.510336,2,59640864.192,0.037816296842666
10460,7252.530336,1,59640884.1856,0.0330895158481365
10461,7252.550336,2,59640904.1664,0.0378931300837995
10462,7252.570336,1,59640924.1216,0.0332216690228861
10463,7252.590336,2,59640944.1536,0.037870592333067
10464,7252.610336,1,59640964.1472,0.0331397135656771
10465,7252.630336,2,59640984.2048,0.0378203946155265
10466,7252.650336,1,59641004.16,0.0331427868953224
10467,7252.670336,2,59641024.1664,0.0375499416067367
10468,7252.690336,1,59641044.16,0.033093613620997
10469,7252.710336,2,59641064.1664,0.0375765771303297
10470,7252.730336,1,59641084.1856,0.0331499579978282
10471,7252.750336,2,59641104.1792,0.0374823283545393
10472,7252.770336,1,59641124.1728,0.0331274202470957
10473,7252.790336,2,59641144.2048,0.0374075439998361
10474,7252.810336,1,59641164.1856,0.0330864425184912
10475,7252.830336,2,59641184.448,0.0374352039666441
10476,7252.850336,1,59641204.2112,0.0331345913496015
10477,7252.870336,2,59641224.192,0.0374444239555801
10478,7252.890336,1,59641244.1728,0.0331110291556539
10479,7252.910336,2,59641264.192,0.0375755526871146
10480,7252.930336,1,59641284.352,0.033121273587805
10481,7252.950336,2,59641304.1536,0.0375509660499519
10482,7252.970336,1,59641324.2112,0.0331059069395783
10483,7252.990336,2,59641344.2048,0.037834736820538
10484,7253.010336,1,59641364.2368,0.033093613620997
10485,7253.030336,2,59641384.2304,0.0381103120454033
10486,7253.050336,1,59641404.2368,0.0332370356711127
10487,7253.070336,2,59641424.2688,0.0384596471817567
10488,7253.090336,1,59641444.224,0.0330761980863401
10489,7253.110336,2,59641464.2176,0.038835617841703
10490,7253.130336,1,59641484.2624,0.0331899112832176
10491,7253.150336,2,59641504.2304,0.0390753375540394
10492,7253.170336,1,59641524.224,0.0331438113385375
10493,7253.190336,2,59641544.2304,0.0391347552605159
10494,7253.210336,1,59641564.1856,0.0331407380088922
10495,7253.230336,2,59641584.2432,0.03903538426865
10496,7253.250336,1,59641604.2368,0.0331366402360317
10497,7253.270336,2,59641624.2304,0.0387495646116336
10498,7253.290336,1,59641644.2368,0.033157129100334
10499,7253.310336,2,59641664.2304,0.0383848628270535
10500,7253.330336,1,59641684.3264,0.0331386891224619
10501,7253.350336,2,59641704.2432,0.0382352941176471
10502,7253.370336,1,59641724.2368,0.0331632757596246
10503,7253.390336,2,59641744.2432,0.0382967607105538
10504,7253.410336,1,59641764.2624,0.0331202491445899
10505,7253.430336,2,59641784.256,0.0383490073145245
10506,7253.450336,1,59641804.1984,0.0331335669063864
10507,7253.470336,2,59641824.256,0.0386614624951339
10508,7253.490336,1,59641844.2496,0.0331602024299793
10509,7253.510336,2,59641864.2688,0.0389636732435921
10510,7253.530336,1,59641884.3264,0.0331448357817526
10511,7253.550336,2,59641904.256,0.0388520089331448
10512,7253.570336,1,59641924.288,0.0330833691888459
10513,7253.590336,2,59641944.2816,0.0387382957362673
10514,7253.610336,1,59641964.2752,0.033084393632061
10515,7253.630336,2,59641984.2944,0.0386389247444014
10516,7253.650336,1,59642004.2752,0.0331345913496015
10517,7253.670336,2,59642024.2688,0.0383377384391583
10518,7253.690336,1,59642044.288,0.0330833691888459
10519,7253.710336,2,59642064.2816,0.0381738275247403
10520,7253.730336,1,59642084.3008,0.0330905402913516
10521,7253.750336,2,59642104.256,0.0381369475689962
10522,7253.770336,1,59642124.2752,0.0330649292109738
10523,7253.790336,2,59642144.32,0.0379453766877702
10524,7253.810336,1,59642164.288,0.0330813203024156
10525,7253.830336,2,59642184.3072,0.0380232343721188
10526,7253.850336,1,59642204.3008,0.0330546847788227
10527,7253.870336,2,59642224.2944,0.0378470301391194
10528,7253.890336,1,59642244.288,0.0330966869506423
10529,7253.910336,2,59642264.3072,0.037697461429713
10530,7253.930336,1,59642284.4416,0.0331171758149446
10531,7253.950336,2,59642304.32,0.0375919437785564
10532,7253.970336,1,59642324.3136,0.0332042534882291
10533,7253.990336,2,59642344.3072,0.0375315016288647
10534,7254.010336,1,59642364.3648,0.0331233224742353
10535,7254.030336,2,59642384.3328,0.0374485217284406
10536,7254.050336,1,59642404.3008,0.0330854180752761
10537,7254.070336,2,59642424.3328,0.0373460774069293
10538,7254.090336,1,59642444.3392,0.0331591779867642
10539,7254.110336,2,59642464.3328,0.0372938308029586
10540,7254.130336,1,59642484.3648,0.0331130780420841
10541,7254.150336,2,59642504.3456,0.0371514331960579
10542,7254.170336,1,59642524.3392,0.0331079558260086
10543,7254.190336,2,59642544.3456,0.0372958796893888
10544,7254.210336,1,59642564.3392,0.0331407380088922
10545,7254.230336,2,59642584.384,0.0372938308029586
10546,7254.250336,1,59642604.3392,0.0331735201917758
10547,7254.270336,2,59642624.3456,0.0373378818612084
10548,7254.290336,1,59642644.352,0.0330761980863401
10549,7254.310336,2,59642664.3584,0.0371944598110927
10550,7254.330336,1,59642684.4416,0.0331468846681828
10551,7254.350336,2,59642704.3328,0.0373184174401213
10552,7254.370336,1,59642724.3648,0.0331520068842584
10553,7254.390336,2,59642744.3584,0.0372856352572377
10554,7254.410336,1,59642764.3648,0.0330639047677587
10555,7254.430336,2,59642784.3968,0.0372723174954412
10556,7254.450336,1,59642804.3648,0.0331622513164095
10557,7254.470336,2,59642824.3712,0.0372333886532669
10558,7254.490336,1,59642844.3776,0.0331182002581597
10559,7254.510336,2,59642864.384,0.0371893375950171
10560,7254.530336,1,59642884.4416,0.0331018091667179
10561,7254.550336,2,59642904.384,0.0371186510131743
10562,7254.570336,1,59642924.3904,0.0330700514270494
10563,7254.590336,2,59642944.384,0.0371084065810232
10564,7254.610336,1,59642964.3776,0.0331294691335259
10565,7254.630336,2,59642984.4096,0.037188313151802
10566,7254.650336,1,59643004.4416,0.0330649292109738
10567,7254.670336,2,59643024.3968,0.0371411887639068
10568,7254.690336,1,59643044.4032,0.0330997602802877
10569,7254.710336,2,59643064.3968,0.0371627020714242
10570,7254.730336,1,59643084.4288,0.0330475136763169
10571,7254.750336,2,59643104.4224,0.0371534820824882
10572,7254.770336,1,59643124.4032,0.0331274202470957
10573,7254.790336,2,59643144.4096,0.0371688487307149
10574,7254.810336,1,59643164.4288,0.0331141024852992
10575,7254.830336,2,59643184.4352,0.0372497797447087
10576,7254.850336,1,59643204.416,0.0331284446903108
10577,7254.870336,2,59643224.4352,0.0373081730079702
10578,7254.890336,1,59643244.416,0.0331386891224619
10579,7254.910336,2,59643264.4224,0.0374485217284406
10580,7254.930336,1,59643284.6976,0.0331991312721536
10581,7254.950336,2,59643304.5504,0.0376585325875387
10582,7254.970336,1,59643324.4416,0.0331182002581597
10583,7254.990336,2,59643344.3968,0.0378040035240847
10584,7255.010336,1,59643364.4416,0.0331161513717295
10585,7255.030336,2,59643384.7168,0.037816296842666
10586,7255.050336,1,59643404.5056,0.033020878152724
10587,7255.070336,2,59643424.448,0.0376759481221956
10588,7255.090336,1,59643444.4416,0.0330444403466716
10589,7255.110336,2,59643464.3968,0.0376698014629049
10590,7255.130336,1,59643484.8,0.0331397135656771
10591,7255.150336,2,59643504.448,0.0375868215624808
10592,7255.170336,1,59643524.4672,0.0331520068842584
10593,7255.190336,2,59643544.4608,0.037551990493167
10594,7255.210336,1,59643564.4544,0.0330649292109738
10595,7255.230336,2,59643584.4736,0.0376042370971377
10596,7255.250336,1,59643604.4672,0.0331171758149446
10597,7255.270336,2,59643624.448,0.0377087303050792
10598,7255.290336,1,59643644.4672,0.0331468846681828
10599,7255.310336,2,59643664.4608,0.0378818612084332
10600,7255.330336,1,59643684.5312,0.0331561046571189
10601,7255.350336,2,59643704.4864,0.0379679144385027
10602,7255.370336,1,59643724.48,0.0331325424631713
10603,7255.390336,2,59643744.4864,0.0380457721228512
10604,7255.410336,1,59643764.5056,0.0331899112832176
10605,7255.430336,2,59643784.5632,0.037916692277747
10606,7255.450336,1,59643804.5056,0.0331141024852992
10607,7255.470336,2,59643824.4992,0.037779416886922
10608,7255.490336,1,59643844.48,0.0331038580531481
10609,7255.510336,2,59643864.4736,0.0378050279672998
10610,7255.530336,1,59643884.5184,0.0331417624521073
10611,7255.550336,2,59643904.4992,0.0378121990698056
10612,7255.570336,1,59643924.5056,0.033112053598869
10613,7255.590336,2,59643944.4992,0.0379156678345319
10614,7255.610336,1,59643964.4928,0.0331335669063864
10615,7255.630336,2,59643984.5376,0.0380283565881943
10616,7255.650336,1,59644004.5056,0.0331284446903108
10617,7255.670336,2,59644024.512,0.0378490790255496
10618,7255.690336,1,59644044.5184,0.0330895158481365
10619,7255.710336,2,59644064.512,0.0377210236236605
10620,7255.730336,1,59644084.5696,0.0330864425184912
10621,7255.750336,2,59644104.5248,0.0376288237343004
10622,7255.770336,1,59644124.5568,0.0330987358370725
10623,7255.790336,2,59644144.5376,0.0376421414960969
10624,7255.810336,1,59644164.5312,0.0331192247013748
10625,7255.830336,2,59644184.5888,0.0376421414960969
10626,7255.850336,1,59644204.5824,0.033075173643125
10627,7255.870336,2,59644224.5376,0.0375171594238531
10628,7255.890336,1,59644244.5312,0.0330905402913516
10629,7255.910336,2,59644264.5504,0.0374536439445162
10630,7255.930336,1,59644284.7616,0.0331151269285144
10631,7255.950336,2,59644304.5632,0.0376462392689573
10632,7255.970336,1,59644324.544,0.0331530313274735
10633,7255.990336,2,59644344.5504,0.0377691724547708
10634,7256.010336,1,59644364.5568,0.033002438174852
10635,7256.030336,2,59644384.5888,0.0377773680004917
10636,7256.050336,1,59644404.6976,0.0330987358370725
10637,7256.070336,2,59644424.6144,0.0376759481221956
10638,7256.090336,1,59644444.5568,0.0331110291556539
10639,7256.110336,2,59644464.576,0.0377005347593583
10640,7256.130336,1,59644484.5824,0.0331499579978282
10641,7256.150336,2,59644504.5632,0.0374628639334522
10642,7256.170336,1,59644524.5568,0.0331048824963632
10643,7256.190336,2,59644544.576,0.0373225152129817
10644,7256.210336,1,59644564.608,0.033093613620997
10645,7256.230336,2,59644584.5888,0.03716987317393
10646,7256.250336,1,59644604.6976,0.0331222980310201
10647,7256.270336,2,59644624.576,0.0371237732292499
10648,7256.290336,1,59644644.5952,0.0331366402360317
10649,7256.310336,2,59644664.5888,0.037397299567685
10650,7256.330336,1,59644684.672,0.0331038580531481
10651,7256.350336,2,59644704.6272,0.037652385928248
10652,7256.370336,1,59644724.5952,0.0330721003134796
10653,7256.390336,2,59644744.576,0.0375222816399287
10654,7256.410336,1,59644764.6208,0.0331038580531481
10655,7256.430336,2,59644784.6016,0.0374669617063126
10656,7256.450336,1,59644804.6336,0.0330833691888459
10657,7256.470336,2,59644824.6272,0.0374188128752023
10658,7256.490336,1,59644844.5952,0.0330772225295552
10659,7256.510336,2,59644864.6144,0.0374372528530744
10660,7256.530336,1,59644884.608,0.0331007847235028
10661,7256.550336,2,59644904.6528,0.0375622349253181
10662,7256.570336,1,59644924.6208,0.0331448357817526
10663,7256.590336,2,59644944.6144,0.0375827237896203
10664,7256.610336,1,59644964.5952,0.0330925891777819
10665,7256.630336,2,59644984.6528,0.037680045895056
10666,7256.650336,1,59645004.6208,0.033112053598869
10667,7256.670336,2,59645024.6272,0.0377968324215789
10668,7256.690336,1,59645044.6336,0.033112053598869
10669,7256.710336,2,59645064.6272,0.03798942774602
10670,7256.730336,1,59645084.6336,0.0330628803245436
10671,7256.750336,2,59645104.6784,0.038325445120577
10672,7256.770336,1,59645124.6336,0.0330884914049214
10673,7256.790336,2,59645144.6656,0.0383592517466757
10674,7256.810336,1,59645164.6336,0.0330413670170262
10675,7256.830336,2,59645184.6656,0.0385139426721577
10676,7256.850336,1,59645204.6464,0.0331448357817526
10677,7256.870336,2,59645224.6656,0.0384596471817567
10678,7256.890336,1,59645244.6592,0.0331683979757002
10679,7256.910336,2,59645264.6912,0.0383664228491815
10680,7256.930336,1,59645284.7104,0.0331489335546131
10681,7256.950336,2,59645304.6528,0.0381809986272461
10682,7256.970336,1,59645324.6592,0.0331345913496015
10683,7256.990336,2,59645344.6528,0.0380898231811011
10684,7257.010304,1,59645364.6976,0.0330813203024156
10685,7257.030304,2,59645384.7552,0.0379791833138689
10686,7257.050304,1,59645404.672,0.0330680025406192
10687,7257.070304,2,59645424.6912,0.0378050279672998
10688,7257.090304,1,59645444.672,0.0331520068842584
10689,7257.110304,2,59645464.64,0.0379177167209622
10690,7257.130304,1,59645484.8128,0.0330526358923925
10691,7257.150304,2,59645504.6784,0.0379556211199213
10692,7257.170304,1,59645524.6592,0.0331161513717295
10693,7257.190304,2,59645544.704,0.0379136189481017
10694,7257.210304,1,59645564.6848,0.0330454647898867
10695,7257.230304,2,59645584.7296,0.0380580654414326
10696,7257.250304,1,59645604.6976,0.0331284446903108
10697,7257.270304,2,59645624.704,0.0381318253529207
10698,7257.290304,1,59645644.6976,0.0331243469174504
10699,7257.310304,2,59645664.704,0.0381676808654496
10700,7257.330304,1,59645685.1072,0.0331643002028398
10701,7257.350304,2,59645704.6784,0.0382322207880017
10702,7257.370304,1,59645724.7104,0.0330925891777819
10703,7257.390304,2,59645744.7296,0.0382885651648329
10704,7257.410304,1,59645764.7232,0.033057758108468
10705,7257.430304,2,59645784.768,0.0381502653307927
10706,7257.450304,1,59645804.7232,0.0330905402913516
10707,7257.470304,2,59645824.7296,0.0382813940623271
10708,7257.490304,1,59645844.7616,0.0331540557706886
10709,7257.510304,2,59645864.7296,0.0382783207326818
10710,7257.530304,1,59645884.9152,0.0331550802139037
10711,7257.550304,2,59645904.7296,0.0383664228491815
10712,7257.570304,1,59645924.7488,0.0331161513717295
10713,7257.590304,2,59645944.7552,0.0384883315917799
10714,7257.610304,1,59645964.6848,0.0330905402913516
10715,7257.630304,2,59645984.832,0.0386307291986805
10716,7257.650304,1,59646004.7488,0.0330966869506423
10717,7257.670304,2,59646024.7424,0.0386911713483722
10718,7257.690304,1,59646044.7488,0.0330137070502182
10719,7257.710304,2,59646064.7296,0.0387843956809474
10720,7257.730304,1,59646084.864,0.0331274202470957
10721,7257.750304,2,59646104.7552,0.0387854201241625
10722,7257.770304,1,59646124.7488,0.033048538119532
10723,7257.790304,2,59646144.768,0.0388120556477554
10724,7257.810304,1,59646164.7488,0.0331048824963632
10725,7257.830304,2,59646184.8192,0.0388007867723892
10726,7257.850304,1,59646204.7744,0.0331130780420841
10727,7257.870304,2,59646224.7296,0.0388765955703075
10728,7257.890304,1,59646244.7616,0.0330721003134796
10729,7257.910304,2,59646264.7808,0.0388397156145635
10730,7257.930304,1,59646285.0688,0.0331397135656771
10731,7257.950304,2,59646304.768,0.0388223000799066
10732,7257.970304,1,59646324.7872,0.0330987358370725
10733,7257.990304,2,59646344.7808,0.0387874690105927
10734,7258.010304,1,59646364.7872,0.0331007847235028
10735,7258.030304,2,59646384.8704,0.038680926916221
10736,7258.050304,1,59646404.8256,0.0331550802139037
10737,7258.070304,2,59646424.7552,0.0386194603233143
10738,7258.090304,1,59646444.8,0.0331837646239269
10739,7258.110304,2,59646464.7808,0.0386286803122503
10740,7258.130304,1,59646484.8384,0.0331315180199562
10741,7258.150304,2,59646504.8704,0.0387505890548487
10742,7258.170304,1,59646524.7872,0.033048538119532
10743,7258.190304,2,59646544.8064,0.0385508226279017
10744,7258.210304,1,59646564.8,0.0330792714159854
10745,7258.230304,2,59646584.8832,0.0384770627164136
10746,7258.250304,1,59646604.8256,0.033057758108468
10747,7258.270304,2,59646624.8064,0.0382906140512631
10748,7258.290304,1,59646644.8512,0.0331202491445899
10749,7258.310304,2,59646664.8064,0.0382250496854959
10750,7258.330304,1,59646684.864,0.0330813203024156
10751,7258.350304,2,59646704.832,0.0381994386051181
10752,7258.370304,1,59646724.8384,0.0331520068842584
10753,7258.390304,2,59646744.8192,0.0380652365439384
10754,7258.410304,1,59646764.8512,0.0331069313827934
10755,7258.430304,2,59646785.024,0.038006843280677
10756,7258.450304,1,59646804.864,0.0331602024299793
10757,7258.470304,2,59646824.8704,0.0380990431700371
10758,7258.490304,1,59646844.8128,0.0331632757596246
10759,7258.510304,2,59646864.8448,0.0379259122666831
10760,7258.530304,1,59646885.0048,0.0331294691335259
10761,7258.550304,2,59646904.8448,0.037797856864794
10762,7258.570304,1,59646924.8512,0.0331284446903108
10763,7258.590304,2,59646944.8832,0.0376872169975618
10764,7258.610304,1,59646964.864,0.0331294691335259
10765,7258.630304,2,59646984.8832,0.0376482881553876
10766,7258.650304,1,59647004.9152,0.0330977113938574
10767,7258.670304,2,59647024.8832,0.0377148769643699
10768,7258.690304,1,59647044.8896,0.0331263958038806
10769,7258.710304,2,59647064.8576,0.0377466347040384
10770,7258.730304,1,59647084.8896,0.0331858135103571
10771,7258.750304,2,59647104.9216,0.0378388345933985
10772,7258.770304,1,59647124.8768,0.0331448357817526
10773,7258.790304,2,59647144.896,0.0379443522445551
10774,7258.810304,1,59647164.8768,0.0330977113938574
10775,7258.830304,2,59647185.1136,0.0378695678898519
10776,7258.850304,1,59647204.9536,0.03303009814166
10777,7258.870304,2,59647224.9088,0.0375366238449403
10778,7258.890304,1,59647244.8768,0.033102833609933
10779,7258.910304,2,59647264.9088,0.0376882414407769
10780,7258.930304,1,59647285.0176,0.0331130780420841
10781,7258.950304,2,59647304.9088,0.0375591615956728
10782,7258.970304,1,59647324.9024,0.033102833609933
10783,7258.990304,2,59647344.96,0.0375079394349171
10784,7259.010304,1,59647364.9024,0.0330792714159854
10785,7259.030304,2,59647385.024,0.0374741328088184
10786,7259.050304,1,59647404.9024,0.0330311225848751
10787,7259.070304,2,59647424.9088,0.037542770504231
10788,7259.090304,1,59647444.928,0.0330639047677587
10789,7259.110304,2,59647464.9088,0.0375099883213473
10790,7259.130304,1,59647485.0432,0.0330598069948983
10791,7259.150304,2,59647504.96,0.0375724793574692
10792,7259.170304,1,59647524.928,0.0330587825516832
10793,7259.190304,2,59647544.9472,0.0376021882107075
10794,7259.210304,1,59647564.8768,0.0330823447456308
10795,7259.230304,2,59647584.96,0.037497695002766
10796,7259.250304,1,59647604.9536,0.0330802958592005
10797,7259.270304,2,59647624.9728,0.0376595570307538
10798,7259.290304,1,59647644.9408,0.0331479091113979
10799,7259.310304,2,59647664.9472,0.0374843772409695
10800,7259.330304,1,59647685.0048,0.0330997602802877
10801,7259.350304,2,59647704.9472,0.037607310426783
10802,7259.370304,1,59647724.9408,0.0330567336652529
10803,7259.390304,2,59647744.9344,0.0376042370971377
10804,7259.410304,1,59647764.9408,0.0330710758702645
10805,7259.430304,2,59647784.9472,0.0375601860388879
10806,7259.450304,1,59647805.0176,0.0330546847788227
10807,7259.470304,2,59647824.96,0.037506914991702
10808,7259.490304,1,59647844.9408,0.0330741491999098
10809,7259.510304,2,59647864.9728,0.0375622349253181
10810,7259.530304,1,59647884.9664,0.0331018091667179
10811,7259.550304,2,59647905.0496,0.0375233060831438
10812,7259.570304,1,59647924.9664,0.0330495625627471
10813,7259.590304,2,59647944.9344,0.0375202327534985
10814,7259.610304,1,59647964.9664,0.033057758108468
10815,7259.630304,2,59647985.2032,0.0373686151576618
10816,7259.650304,1,59648004.9792,0.033093613620997
10817,7259.670304,2,59648024.9728,0.0373460774069293
10818,7259.690304,1,59648044.992,0.0330782469727703
10819,7259.710304,2,59648064.9728,0.0375694060278239
10820,7259.730304,1,59648085.0688,0.0330628803245436
10821,7259.750304,2,59648105.1008,0.037588870448911
10822,7259.770304,1,59648124.9792,0.0330178048230787
10823,7259.790304,2,59648145.088,0.0374854016841846
10824,7259.810304,1,59648164.9792,0.0330864425184912
10825,7259.830304,2,59648185.024,0.0374966705595509
10826,7259.850304,1,59648205.0176,0.0330874669617063
10827,7259.870304,2,59648224.9984,0.0375991148810621
10828,7259.890304,1,59648244.992,0.0330147314934333
10829,7259.910304,2,59648265.024,0.037516134980638
10830,7259.930304,1,59648285.0048,0.0330188292662938
10831,7259.950304,2,59648305.024,0.0374669617063126
10832,7259.970304,1,59648324.9792,0.0330659536541889
10833,7259.990304,2,59648344.9984,0.0375048661052718
10834,7260.010304,1,59648365.0304,0.0330546847788227
10835,7260.030304,2,59648385.0496,0.0375581371524576
10836,7260.050304,1,59648405.0176,0.0331612268731944
10837,7260.070304,2,59648425.024,0.0375325260720798
10838,7260.090304,1,59648445.0304,0.0331397135656771
10839,7260.110304,2,59648465.0496,0.0373993484541152
10840,7260.130304,1,59648485.0432,0.0331243469174504
10841,7260.150304,2,59648505.024,0.0373604196119409
10842,7260.170304,1,59648525.1328,0.0331141024852992
10843,7260.190304,2,59648545.0368,0.0373686151576618
10844,7260.210304,1,59648565.056,0.0331253713606655
10845,7260.230304,2,59648585.0496,0.037270268609011
10846,7260.250304,1,59648605.1072,0.0331059069395783
10847,7260.270304,2,59648625.024,0.0374485217284406
10848,7260.290304,1,59648645.0432,0.0330700514270494
10849,7260.310304,2,59648665.1392,0.0375694060278239
10850,7260.330304,1,59648685.0944,0.0331438113385375
10851,7260.350304,2,59648705.1392,0.0377097547482943
10852,7260.370304,1,59648725.056,0.0330987358370725
10853,7260.390304,2,59648745.0624,0.0377671235683406
10854,7260.410304,1,59648765.0816,0.0330710758702645
10855,7260.430304,2,59648785.1904,0.0376943881000676
10856,7260.450304,1,59648805.0816,0.0331694224189153
10857,7260.470304,2,59648825.0752,0.0376226770750097
10858,7260.490304,1,59648845.056,0.0331110291556539
10859,7260.510304,2,59648865.1008,0.037497695002766
10860,7260.530304,1,59648885.1072,0.0331171758149446
10861,7260.550304,2,59648905.1392,0.0375417460610158
10862,7260.570304,1,59648925.1072,0.0330895158481365
10863,7260.590304,2,59648945.1008,0.0374833527977544
10864,7260.610304,1,59648965.12,0.0330813203024156
10865,7260.630304,2,59648985.1136,0.0373573462822956
10866,7260.650304,1,59649005.1456,0.0331141024852992
10867,7260.670304,2,59649025.088,0.0375017927756265
10868,7260.690304,1,59649045.0944,0.0331192247013748
10869,7260.710304,2,59649065.1136,0.037415739545557
10870,7260.730304,1,59649085.12,0.0330977113938574
10871,7260.750304,2,59649105.1136,0.0373358329747782
10872,7260.770304,1,59649125.0944,0.0330874669617063
10873,7260.790304,2,59649145.1008,0.0372651463929354
10874,7260.810304,1,59649165.1712,0.0330925891777819
10875,7260.830304,2,59649185.1392,0.0372487553014936
10876,7260.850304,1,59649205.12,0.0331089802692237
10877,7260.870304,2,59649225.2032,0.0371872887085869
10878,7260.890304,1,59649245.12,0.0331397135656771
10879,7260.910304,2,59649265.152,0.0372456819718483
10880,7260.930304,1,59649285.7856,0.0331561046571189
10881,7260.950304,2,59649305.1776,0.0372835863708075
10882,7260.970304,1,59649325.1456,0.0331222980310201
10883,7260.990304,2,59649345.2032,0.0373030507918946
10884,7261.010304,1,59649365.184,0.033102833609933
10885,7261.030304,2,59649385.1904,0.0371821664925113
10886,7261.050304,1,59649405.1456,0.0331151269285144
10887,7261.070304,2,59649425.152,0.0372231442211158
10888,7261.090304,1,59649445.1456,0.0331796668510664
10889,7261.110304,2,59649465.1392,0.0373573462822956
10890,7261.130304,1,59649485.2992,0.0331438113385375
10891,7261.150304,2,59649505.1904,0.0374075439998361
10892,7261.170304,1,59649525.12,0.0330608314381134
10893,7261.190304,2,59649545.152,0.037452619501301
10894,7261.210304,1,59649565.1456,0.0331007847235028
10895,7261.230304,2,59649585.1392,0.0374587661605917
10896,7261.250304,1,59649605.2224,0.0331130780420841
10897,7261.270304,2,59649625.1648,0.03735222406622
10898,7261.290304,1,59649645.1968,0.0331110291556539
10899,7261.310304,2,59649665.1776,0.0373952506812547
10900,7261.330304,1,59649685.1968,0.0331038580531481
10901,7261.350304,2,59649705.1776,0.0374413506259348
10902,7261.370304,1,59649725.184,0.0330628803245436
10903,7261.390304,2,59649745.28,0.0375776015735448
10904,7261.410304,1,59649765.184,0.033093613620997
10905,7261.430304,2,59649785.1904,0.0375755526871146
10906,7261.450304,1,59649805.248,0.0330915647345668
10907,7261.470304,2,59649825.1904,0.0374536439445162
10908,7261.490304,1,59649845.184,0.0330700514270494
10909,7261.510304,2,59649865.2288,0.0372999774622493
10910,7261.530304,1,59649885.248,0.0330895158481365
10911,7261.550304,2,59649905.2288,0.0372559264039994
10912,7261.570304,1,59649925.1968,0.0330567336652529
10913,7261.590304,2,59649945.3056,0.037361444055156
10914,7261.610304,1,59649965.184,0.0331438113385375
10915,7261.630304,2,59649985.3056,0.0372559264039994
10916,7261.650304,1,59650005.2352,0.0331233224742353
10917,7261.670304,2,59650025.2288,0.0371760198332206
10918,7261.690304,1,59650045.2352,0.0330782469727703
10919,7261.710304,2,59650065.216,0.0371524576392731
10920,7261.730304,1,59650085.312,0.0331100047124388
10921,7261.750304,2,59650105.216,0.0372323642100518
10922,7261.770304,1,59650125.2096,0.033130493576741
10923,7261.790304,2,59650145.2416,0.0373358329747782
10924,7261.810304,1,59650165.2224,0.033157129100334
10925,7261.830304,2,59650185.2672,0.037379884033028
10926,7261.850304,1,59650205.2736,0.0331202491445899
10927,7261.870304,2,59650225.2288,0.037424959534493
10928,7261.890304,1,59650245.2352,0.0331141024852992
10929,7261.910304,2,59650265.2416,0.037315344110476
10930,7261.930304,1,59650285.3376,0.03316634908927
10931,7261.950304,2,59650305.3056,0.0371381154342615
10932,7261.970304,1,59650325.248,0.0330628803245436
10933,7261.990304,2,59650345.2416,0.0371043088081628
10934,7262.010304,1,59650365.2608,0.0330423914602414
10935,7262.030304,2,59650385.2672,0.0371801176060811
10936,7262.050304,1,59650405.2608,0.0331100047124388
10937,7262.070304,2,59650425.2544,0.0372374864261274
10938,7262.090304,1,59650445.2608,0.0331427868953224
10939,7262.110304,2,59650465.3056,0.0372139242321798
10940,7262.130304,1,59650485.2992,0.033130493576741
10941,7262.150304,2,59650505.3184,0.0372313397668367
10942,7262.170304,1,59650525.248,0.0331222980310201
10943,7262.190304,2,59650545.2672,0.0374024217837605
10944,7262.210304,1,59650565.2864,0.0330966869506423
10945,7262.230304,2,59650585.344,0.0373471018501444
10946,7262.250304,1,59650605.2864,0.0331643002028398
10947,7262.270304,2,59650625.28,0.0376329215071609
10948,7262.290304,1,59650645.2864,0.0331458602249677
10949,7262.310304,2,59650665.3056,0.037970987768148
10950,7262.330304,1,59650685.2992,0.0330823447456308
10951,7262.350304,2,59650705.2928,0.0378716167762821
10952,7262.370304,1,59650725.2992,0.0331253713606655
10953,7262.390304,2,59650745.2672,0.0379095211752413
10954,7262.410304,1,59650765.312,0.0330956625074272
10955,7262.430304,2,59650785.344,0.0378521523551949
10956,7262.450304,1,59650805.312,0.033075173643125
10957,7262.470304,2,59650825.3184,0.0379156678345319
10958,7262.490304,1,59650845.2864,0.0331427868953224
10959,7262.510304,2,59650865.3184,0.0383305673366525
10960,7262.530304,1,59650885.3248,0.0332370356711127
10961,7262.550304,2,59650905.3568,0.038526235990739
10962,7262.570304,1,59650925.3504,0.0331479091113979
10963,7262.590304,2,59650945.2672,0.0384791116028439
10964,7262.610304,1,59650965.3504,0.0331550802139037
10965,7262.630304,2,59650985.3184,0.0384698916139078
10966,7262.650304,1,59651005.3248,0.0331069313827934
10967,7262.670304,2,59651025.3824,0.0385518470711168
10968,7262.690304,1,59651045.3376,0.0331284446903108
10969,7262.710304,2,59651065.3312,0.0385385293093204
10970,7262.730304,1,59651085.44,0.0331151269285144
10971,7262.750304,2,59651105.3952,0.0383910094863442
10972,7262.770304,1,59651125.3376,0.0330915647345668
10973,7262.790304,2,59651145.344,0.0383889605999139
10974,7262.810304,1,59651165.3376,0.0331038580531481
10975,7262.830304,2,59651185.5232,0.0384453049767451
10976,7262.850304,1,59651205.3632,0.0331520068842584
10977,7262.870304,2,59651225.344,0.038608191447948
10978,7262.890304,1,59651245.4272,0.0331397135656771
10979,7262.910304,2,59651265.3568,0.0384668182842625
10980,7262.930304,1,59651285.4144,0.0331499579978282
10981,7262.950304,2,59651305.3696,0.0384565738521114
10982,7262.970304,1,59651325.376,0.0330761980863401
10983,7262.990304,2,59651345.4208,0.0383756428381175
10984,7263.010304,1,59651365.3632,0.0331724957485607
10985,7263.030304,2,59651385.5232,0.0383479828713094
10986,7263.050304,1,59651405.4144,0.0331448357817526
10987,7263.070304,2,59651425.3824,0.0385221382178786
10988,7263.090304,1,59651445.3888,0.0331110291556539
10989,7263.110304,2,59651465.3824,0.0386542913926281
10990,7263.130304,1,59651485.5296,0.0331827401807118
10991,7263.150304,2,59651505.3824,0.0385467248550413
10992,7263.170304,1,59651525.4016,0.033102833609933
10993,7263.190304,2,59651545.472,0.0383910094863442
10994,7263.210304,1,59651565.3888,0.0331540557706886
10995,7263.230304,2,59651585.5232,0.0383305673366525
10996,7263.250304,1,59651605.44,0.0331909357264327
10997,7263.270304,2,59651625.3952,0.0382650029708853
10998,7263.290304,1,59651645.4784,0.0332042534882291
10999,7263.310304,2,59651665.408,0.0382772962894667
11000,7263.330304,1,59651685.4144,0.0332554756489848
11001,7263.350304,2,59651705.4464,0.0384360849878091
11002,7263.370304,1,59651725.4144,0.0331417624521073
11003,7263.390304,2,59651745.3952,0.0383510562009548
11004,7263.410304,1,59651765.4272,0.0331427868953224
11005,7263.430304,2,59651785.7536,0.0382189030262053
11006,7263.450304,1,59651805.4656,0.0331468846681828
11007,7263.470304,2,59651825.4208,0.0381420697850718
11008,7263.490304,1,59651845.4144,0.0330526358923925
11009,7263.510304,2,59651865.4464,0.0383315917798676
11010,7263.530304,1,59651885.5168,0.0331315180199562
11011,7263.550304,2,59651905.472,0.0382189030262053
11012,7263.570304,1,59651925.44,0.0330505870059623
11013,7263.590304,2,59651945.4848,0.0381010920564673
11014,7263.610304,1,59651965.4784,0.0330905402913516
11015,7263.630304,2,59651985.472,0.038088798737886
11016,7263.650304,1,59652005.4912,0.0330700514270494
11017,7263.670304,2,59652025.4464,0.0381328497961358
11018,7263.690304,1,59652045.5168,0.0331632757596246
11019,7263.710304,2,59652065.4336,0.0381369475689962
11020,7263.730304,1,59652085.568,0.0331366402360317
11021,7263.750304,2,59652105.5104,0.0380601143278628
11022,7263.770304,1,59652125.4528,0.0331366402360317
11023,7263.790304,2,59652145.4592,0.037952547790276
11024,7263.810304,1,59652165.4272,0.0331427868953224
11025,7263.830304,2,59652185.4592,0.037916692277747
11026,7263.850304,1,59652205.4784,0.0331817157374967
11027,7263.870304,2,59652225.472,0.0377497080336837
11028,7263.890304,1,59652245.4656,0.0331888868400025
11029,7263.910304,2,59652265.4848,0.0377138525211548
11030,7263.930304,1,59652285.5424,0.0331602024299793
11031,7263.950304,2,59652305.5104,0.0377087303050792
11032,7263.970304,1,59652325.4784,0.0332442067736185
11033,7263.990304,2,59652345.472,0.0377742946708464
11034,7264.010304,1,59652365.504,0.0331960579425082
11035,7264.030304,2,59652385.5488,0.0375827237896203
11036,7264.050304,1,59652405.5296,0.0331724957485607
11037,7264.070304,2,59652425.4976,0.0375673571413936
11038,7264.090304,1,59652445.4912,0.0331991312721536
11039,7264.110304,2,59652465.5232,0.0375335505152949
11040,7264.130304,1,59652485.6704,0.0331724957485607
11041,7264.150304,2,59652505.5616,0.0375315016288647
11042,7264.170304,1,59652525.504,0.0331724957485607
11043,7264.190304,2,59652545.536,0.0375192083102834
11044,7264.210304,1,59652565.5168,0.0330587825516832
11045,7264.230304,2,59652585.6128,0.0373850062491036
11046,7264.250304,1,59652605.5168,0.033121273587805
11047,7264.270304,2,59652625.4976,0.0373419796340689
11048,7264.290304,1,59652645.5168,0.0332022046017989
11049,7264.310304,2,59652665.5232,0.0372692441657959
11050,7264.330304,1,59652685.6192,0.0331530313274735
11051,7264.350304,2,59652705.536,0.03721597311861
11052,7264.370304,1,59652725.5296,0.0331919601696478
11053,7264.390304,2,59652745.5744,0.0371760198332206
11054,7264.410304,1,59652765.5296,0.0332452312168336
11055,7264.430304,2,59652785.7152,0.0371862642653718
11056,7264.450304,1,59652805.5936,0.0331479091113979
11057,7264.470304,2,59652825.536,0.0371801176060811
11058,7264.490304,1,59652845.5424,0.033130493576741
11059,7264.510304,2,59652865.536,0.0372047042432438
11060,7264.530304,1,59652885.5552,0.0331653246460549
11061,7264.550304,2,59652905.5616,0.0371360665478313
11062,7264.570304,1,59652925.5552,0.0331386891224619
11063,7264.590304,2,59652945.5744,0.0371811420492962
11064,7264.610304,1,59652965.5424,0.033220644579671
11065,7264.630304,2,59652985.5872,0.0371176265699592
11066,7264.650304,1,59653005.6064,0.0331222980310201
11067,7264.670304,2,59653025.5744,0.0371493843096277
11068,7264.690304,1,59653045.6064,0.0331704468621304
11069,7264.710304,2,59653065.5872,0.0370817710574303
11070,7264.730304,1,59653085.5808,0.0331550802139037
11071,7264.750304,2,59653105.5616,0.0370653799659885
11072,7264.770304,1,59653125.5552,0.0331520068842584
11073,7264.790304,2,59653145.5616,0.0368738090847624
11074,7264.810304,1,59653165.5936,0.0331018091667179
11075,7264.830304,2,59653185.7024,0.0368020980597045
11076,7264.850304,1,59653205.6192,0.0331499579978282
11077,7264.870304,2,59653225.5872,0.0367887802979081
11078,7264.890304,1,59653245.6448,0.0332022046017989
11079,7264.910304,2,59653265.6896,0.0367170692728502
11080,7264.930304,1,59653285.632,0.0331397135656771
11081,7264.950304,2,59653305.5744,0.0368236113672219
11082,7264.970304,1,59653325.6192,0.0331765935214211
11083,7264.990304,2,59653345.6256,0.0369998156002213
11084,7265.010304,1,59653365.5936,0.0331018091667179
11085,7265.030304,2,59653386.0736,0.0370110844755875
11086,7265.050304,1,59653405.7088,0.0331468846681828
11087,7265.070304,2,59653425.7024,0.0369250312455181
11088,7265.090304,1,59653445.6448,0.0331520068842584
11089,7265.110304,2,59653465.7792,0.0369854733952097
11090,7265.130304,1,59653485.7216,0.0331581535435491
11091,7265.150304,2,59653505.6128,0.0368850779601287
11092,7265.170304,1,59653525.6192,0.0331817157374967
11093,7265.190304,2,59653545.6256,0.0368400024586637
11094,7265.210304,1,59653565.6192,0.0331397135656771
11095,7265.230304,2,59653585.6512,0.0367600958878849
11096,7265.250304,1,59653605.6448,0.0331130780420841
11097,7265.270304,2,59653625.6256,0.0369096645972914
11098,7265.290304,1,59653645.6576,0.0330700514270494
11099,7265.310304,2,59653665.6896,0.0368656135390415
11100,7265.330304,1,59653685.6448,0.0330802958592005
11101,7265.350304,2,59653705.6512,0.0367949269571988
11102,7265.370304,1,59653725.7088,0.0330249759255844
11103,7265.390304,2,59653745.6384,0.0368010736164894
11104,7265.410304,1,59653765.6576,0.0330700514270494
11105,7265.430304,2,59653785.8688,0.0366904337492573
11106,7265.450304,1,59653805.6832,0.0331724957485607
11107,7265.470304,2,59653825.7024,0.0367539492285943
11108,7265.490304,1,59653845.6448,0.0331130780420841
11109,7265.510304,2,59653865.6768,0.0368389780154486
11110,7265.530304,1,59653885.76,0.0330761980863401
11111,7265.550304,2,59653905.7152,0.0369311779048087
11112,7265.570304,1,59653925.6704,0.0331069313827934
11113,7265.590304,2,59653945.6512,0.0369240068023029
11114,7265.610304,1,59653965.76,0.0331130780420841
11115,7265.630304,2,59653985.8944,0.0370889421599361
11116,7265.650304,1,59654005.7088,0.0330833691888459
11117,7265.670304,2,59654025.8176,0.0371862642653718
11118,7265.690304,1,59654045.696,0.0330956625074272
11119,7265.710304,2,59654065.7024,0.037160653184994
11120,7265.730304,1,59654086.1184,0.0330946380642121
11121,7265.750304,2,59654105.6896,0.0371299198885406
11122,7265.770304,1,59654125.6832,0.033121273587805
11123,7265.790304,2,59654145.7024,0.0370868932735058
11124,7265.810304,1,59654165.8368,0.0331765935214211
11125,7265.830304,2,59654185.7024,0.0370377199991804
11126,7265.850304,1,59654205.7088,0.0331427868953224
11127,7265.870304,2,59654225.7024,0.0367857069682627
11128,7265.890304,1,59654245.696,0.0331458602249677
11129,7265.910304,2,59654265.7664,0.0367539492285943
11130,7265.930304,1,59654285.7088,0.033093613620997
11131,7265.950304,2,59654305.728,0.0366740426578155
11132,7265.970304,1,59654325.7216,0.0331530313274735
11133,7265.990304,2,59654345.7152,0.036796975843629
11134,7266.010304,1,59654365.7728,0.0330700514270494
11135,7266.030304,2,59654385.7152,0.0370008400434364
11136,7266.050304,1,59654405.76,0.0331182002581597
11137,7266.070304,2,59654425.7408,0.0370920154895814
11138,7266.090304,1,59654445.7344,0.033057758108468
11139,7266.110304,2,59654465.8176,0.0370325977831049
11140,7266.130304,1,59654485.7728,0.0331724957485607
11141,7266.150304,2,59654505.7664,0.0368758579711927
11142,7266.170304,1,59654525.7728,0.0330813203024156
11143,7266.190304,2,59654545.7408,0.0368645890958264
11144,7266.210304,1,59654565.696,0.0330905402913516
11145,7266.230304,2,59654585.7536,0.0367396070235827
11146,7266.250304,1,59654605.7856,0.0330557092220378
11147,7266.270304,2,59654625.8048,0.0368635646526113
11148,7266.290304,1,59654645.7472,0.0331315180199562
11149,7266.310304,2,59654665.8304,0.036843075788309
11150,7266.330304,1,59654685.7984,0.0331386891224619
11151,7266.350304,2,59654705.7664,0.0368994201651402
11152,7266.370304,1,59654725.76,0.0331151269285144
11153,7266.390304,2,59654745.7664,0.0371268465588952
11154,7266.410304,1,59654765.7728,0.0331171758149446
11155,7266.430304,2,59654785.728,0.0373286618722724
11156,7266.450304,1,59654805.8624,0.0331182002581597
11157,7266.470304,2,59654825.7792,0.0372231442211158
11158,7266.490304,1,59654845.7728,0.0331427868953224
11159,7266.510304,2,59654865.856,0.0371493843096277
11160,7266.530304,1,59654885.7856,0.0330956625074272
11161,7266.550304,2,59654905.8176,0.0373307107587026
11162,7266.570304,1,59654925.8624,0.0331171758149446
11163,7266.590304,2,59654945.7792,0.0373409551908538
11164,7266.610304,1,59654965.7728,0.0330895158481365
11165,7266.630304,2,59654985.8304,0.0373307107587026
11166,7266.650304,1,59655005.7856,0.0330413670170262
11167,7266.670304,2,59655025.856,0.0371872887085869
11168,7266.690304,1,59655045.7984,0.0330925891777819
11169,7266.710304,2,59655065.856,0.0369619112012621
11170,7266.730304,1,59655085.952,0.0331059069395783
11171,7266.750304,2,59655105.8944,0.0370223533509538
11172,7266.770304,1,59655125.824,0.0330782469727703
11173,7266.790304,2,59655145.8304,0.036915811256582
11174,7266.810304,1,59655165.8368,0.0331407380088922
11175,7266.830304,2,59655185.92,0.0367549736718094
11176,7266.850304,1,59655205.824,0.0331468846681828
11177,7266.870304,2,59655225.8176,0.0367006781814084
11178,7266.890304,1,59655245.9136,0.0331468846681828
11179,7266.910304,2,59655265.8304,0.0367775114225419
11180,7266.930304,1,59655285.9008,0.0331007847235028
11181,7266.950304,2,59655305.8688,0.0368615157661811
11182,7266.970304,1,59655325.8368,0.033084393632061
11183,7266.990304,2,59655345.856,0.0369977667137911
11184,7267.010304,1,59655365.8624,0.0331130780420841
11185,7267.030304,2,59655386.0352,0.0370582088634827
11186,7267.050304,1,59655405.9648,0.0331059069395783
11187,7267.070304,2,59655425.856,0.0371391398774766
11188,7267.090304,1,59655445.8624,0.0330987358370725
11189,7267.110304,2,59655465.8432,0.0370909910463663
11190,7267.130304,1,59655485.888,0.0331417624521073
11191,7267.150304,2,59655505.8688,0.0369803511791341
11192,7267.170304,1,59655525.8752,0.0331407380088922
11193,7267.190304,2,59655545.8816,0.0368236113672219
11194,7267.210304,1,59655565.8624,0.0331182002581597
11195,7267.230304,2,59655585.8944,0.0367846825250476
11196,7267.250304,1,59655605.8752,0.0331704468621304
11197,7267.270304,2,59655625.8944,0.0367262892617862
11198,7267.290304,1,59655645.8752,0.0331745446349909
11199,7267.310304,2,59655665.8688,0.037005962259512
11200,7267.330304,1,59655686.0032,0.0331735201917758
11201,7267.350304,2,59655705.8816,0.0371862642653718
11202,7267.370304,1,59655725.888,0.0331274202470957
11203,7267.390304,2,59655745.8688,0.0371565554121335
11204,7267.410304,1,59655765.9008,0.0330956625074272
11205,7267.430304,2,59655785.9456,0.036979326735919
11206,7267.450304,1,59655805.952,0.0331386891224619
11207,7267.470304,2,59655825.9072,0.0374413506259348
11208,7267.490304,1,59655845.9008,0.0330966869506423
11209,7267.510304,2,59655865.9072,0.0376626303603991
11210,7267.530304,1,59655885.9136,0.0331724957485607
11211,7267.550304,2,59655905.9968,0.0376595570307538
11212,7267.570304,1,59655925.9264,0.0331468846681828
11213,7267.590304,2,59655945.8944,0.0376759481221956
11214,7267.610304,1,59655965.8624,0.0331100047124388
11215,7267.630304,2,59655986.0224,0.03748847501383
11216,7267.650304,1,59656005.952,0.0332052779314443
11217,7267.670304,2,59656025.92,0.0373296863154875
11218,7267.690304,1,59656045.9136,0.033093613620997
11219,7267.710304,2,59656065.9328,0.0372077775728891
11220,7267.730304,1,59656085.9392,0.0331878623967873
11221,7267.750304,2,59656105.9328,0.0368779068576229
11222,7267.770304,1,59656125.9136,0.0331612268731944
11223,7267.790304,2,59656145.92,0.0367406314667978
11224,7267.810304,1,59656165.9648,0.033157129100334
11225,7267.830304,2,59656186.0992,0.0367119470567746
11226,7267.850304,1,59656205.9392,0.0331878623967873
11227,7267.870304,2,59656225.9328,0.0366207716106296
11228,7267.890304,1,59656245.9392,0.033121273587805
11229,7267.910304,2,59656265.9968,0.0365664761202287
11230,7267.930304,1,59656285.9648,0.0331632757596246
11231,7267.950304,2,59656305.9328,0.0368481980043846
11232,7267.970304,1,59656325.9392,0.0330813203024156
11233,7267.990304,2,59656345.9584,0.0368584424365357
11234,7268.010304,1,59656365.9904,0.0331858135103571
11235,7268.030304,2,59656386.0608,0.0368594668797509
11236,7268.050304,1,59656405.9776,0.0331110291556539
11237,7268.070304,2,59656426.0352,0.0369240068023029
11238,7268.090304,1,59656446.0288,0.0331448357817526
11239,7268.110304,2,59656465.9584,0.0369619112012621
11240,7268.130304,1,59656486.1952,0.0331141024852992
11241,7268.150304,2,59656506.0096,0.0370397688856107
11242,7268.170304,1,59656525.9648,0.0330864425184912
11243,7268.190304,2,59656546.0224,0.0370469399881165
11244,7268.210304,1,59656565.9776,0.0331243469174504
11245,7268.230304,2,59656586.048,0.0369895711680702
11246,7268.250304,1,59656605.9904,0.0332093757043047
11247,7268.270304,2,59656625.9712,0.036751900342164
11248,7268.290304,1,59656646.0032,0.0330782469727703
11249,7268.310304,2,59656665.984,0.0367303870346467
11250,7268.330304,1,59656686.1312,0.0332196201364558
11251,7268.350304,2,59656706.0096,0.0365142295162579
11252,7268.370304,1,59656726.016,0.0331079558260086
11253,7268.390304,2,59656745.984,0.03657876943881
11254,7268.410304,1,59656766.1312,0.0331151269285144
11255,7268.430304,2,59656786.4448,0.036541889483066
11256,7268.450304,1,59656806.016,0.0331356157928166
11257,7268.470304,2,59656826.0224,0.0365367672669904
11258,7268.490304,1,59656846.016,0.0331704468621304
11259,7268.510304,2,59656866.0736,0.0365162784026881
11260,7268.530304,1,59656886.1312,0.0330956625074272
11261,7268.550304,2,59656906.1376,0.0365347183805602
11262,7268.570304,1,59656926.0288,0.0331059069395783
11263,7268.590304,2,59656945.9712,0.0366002827463274
11264,7268.610304,1,59656966.144,0.0331806912942816
11265,7268.630304,2,59656986.0736,0.0367017026246235
11266,7268.650304,1,59657006.0288,0.0331161513717295
11267,7268.670304,2,59657026.0608,0.0366340893724261
11268,7268.690304,1,59657046.0544,0.033157129100334
11269,7268.710304,2,59657066.2656,0.0366310160427807
11270,7268.730304,1,59657086.08,0.0331919601696478
11271,7268.750304,2,59657106.0992,0.0366474071342225
11272,7268.770304,1,59657126.0288,0.0331171758149446
11273,7268.790304,2,59657146.0352,0.0365203761755486
11274,7268.810304,1,59657166.1312,0.033084393632061
11275,7268.830304,2,59657186.1248,0.0366176982809843
11276,7268.850304,1,59657206.1312,0.0331643002028398
11277,7268.870304,2,59657226.0736,0.0366381871452865
11278,7268.890304,1,59657246.0672,0.0331294691335259
11279,7268.910304,2,59657266.176,0.0365613539041531
11280,7268.930304,1,59657286.1056,0.0331048824963632
11281,7268.950304,2,59657306.0608,0.0364343229454791
11282,7268.970304,1,59657326.0928,0.0331683979757002
11283,7268.990304,2,59657346.0224,0.0363923207736595
11284,7269.010304,1,59657366.0672,0.0331069313827934
11285,7269.030304,2,59657386.1504,0.0365285717212695
11286,7269.050304,1,59657406.1696,0.0331991312721536
11287,7269.070304,2,59657426.112,0.0366443338045772
11288,7269.090304,1,59657446.0928,0.0331796668510664
11289,7269.110304,2,59657466.0992,0.0367682914336058
11290,7269.130304,1,59657486.2336,0.0331366402360317
11291,7269.150304,2,59657506.0864,0.0369557645419714
11292,7269.170304,1,59657526.208,0.0331356157928166
11293,7269.190304,2,59657546.112,0.0367928780707685
11294,7269.210304,1,59657566.0928,0.0331100047124388
11295,7269.230304,2,59657586.24,0.036787755854693
11296,7269.250304,1,59657606.1056,0.0331438113385375
11297,7269.270304,2,59657626.1376,0.036651504907083
11298,7269.290304,1,59657646.1952,0.0331837646239269
11299,7269.310304,2,59657666.176,0.0366771159874608
11300,7269.330304,1,59657686.208,0.0331038580531481
11301,7269.350304,2,59657706.112,0.0366566271231586
11302,7269.370304,1,59657726.1696,0.0331458602249677
11303,7269.390304,2,59657746.112,0.0367703403200361
11304,7269.410304,1,59657766.2336,0.0332042534882291
11305,7269.430304,2,59657786.176,0.0368543446636753
11306,7269.450304,1,59657806.1696,0.0331397135656771
11307,7269.470304,2,59657826.2016,0.0369322023480239
11308,7269.490304,1,59657846.0928,0.0330536603356076
11309,7269.510304,2,59657866.1376,0.0369506423258959
11310,7269.530304,1,59657886.2848,0.0331202491445899
11311,7269.550304,2,59657906.2144,0.0370100600323724
11312,7269.570304,1,59657926.144,0.0330690269838343
11313,7269.590304,2,59657946.2912,0.0369055668244309
11314,7269.610304,1,59657966.1824,0.0331018091667179
11315,7269.630304,2,59657986.4064,0.036705800397484
11316,7269.650304,1,59658006.208,0.0331182002581597
11317,7269.670304,2,59658026.1376,0.0366289671563505
11318,7269.690304,1,59658046.1824,0.033112053598869
11319,7269.710304,2,59658066.176,0.0368266846968672
11320,7269.730304,1,59658086.3488,0.0331202491445899
11321,7269.750304,2,59658106.1504,0.0368615157661811
11322,7269.770304,1,59658126.1568,0.0330526358923925
11323,7269.790304,2,59658146.1632,0.0371678242874997
11324,7269.810304,1,59658166.2336,0.0330782469727703
11325,7269.830304,2,59658186.1888,0.0372487553014936
11326,7269.850304,1,59658206.2208,0.0330946380642121
11327,7269.870304,2,59658226.1888,0.0371329932181859
11328,7269.890304,1,59658246.3872,0.0330700514270494
11329,7269.910304,2,59658266.1888,0.0370459155449013
11330,7269.930304,1,59658286.2208,0.0331366402360317
11331,7269.950304,2,59658306.2528,0.036915811256582
11332,7269.970304,1,59658326.1952,0.0331222980310201
11333,7269.990304,2,59658346.2272,0.0369813756223493
11334,7270.010304,1,59658366.2592,0.0331253713606655
11335,7270.030304,2,59658386.2528,0.0373778351465978
11336,7270.050304,1,59658406.3104,0.0330526358923925
11337,7270.070304,2,59658426.176,0.0374177884319872
11338,7270.090304,1,59658446.2208,0.0330546847788227
11339,7270.110304,2,59658466.2528,0.0370500133177618
11340,7270.130304,1,59658486.2976,0.0330628803245436
11341,7270.150304,2,59658506.2144,0.0370254266805991
11342,7270.170304,1,59658526.272,0.0329788759809044
11343,7270.190304,2,59658546.2144,0.0370192800213084
11344,7270.210304,1,59658566.272,0.0331243469174504
11345,7270.230304,2,59658586.24,0.0368676624254718
11346,7270.250304,1,59658606.2336,0.0330905402913516
11347,7270.270304,2,59658626.2656,0.0367631692175303
11348,7270.290304,1,59658646.2336,0.0330854180752761
11349,7270.310304,2,59658666.24,0.0366566271231586
11350,7270.330304,1,59658686.336,0.0330003892884217
11351,7270.350304,2,59658706.2528,0.0364496895937058
11352,7270.370304,1,59658726.272,0.0331161513717295
11353,7270.390304,2,59658746.2528,0.0364005163193804
11354,7270.410304,1,59658766.3232,0.0331110291556539
11355,7270.430304,2,59658786.2912,0.0363318786239679
11356,7270.450304,1,59658806.2592,0.0331079558260086
11357,7270.470304,2,59658826.3168,0.0363451963857643
11358,7270.490304,1,59658846.2464,0.0330557092220378
11359,7270.510304,2,59658866.2144,0.0364035896490258
11360,7270.530304,1,59658886.336,0.0330434159034565
11361,7270.550304,2,59658906.2528,0.0363636363636364
11362,7270.570304,1,59658926.336,0.0330823447456308
11363,7270.590304,2,59658946.2656,0.0364015407625955
11364,7270.610304,1,59658966.2464,0.0331161513717295
11365,7270.630304,2,59658986.3808,0.0362857786792878
11366,7270.650304,1,59659006.272,0.0331591779867642
11367,7270.670304,2,59659026.368,0.0364609584690721
11368,7270.690304,1,59659046.2848,0.0331407380088922
11369,7270.710304,2,59659066.2656,0.0366136005081238
11370,7270.730304,1,59659086.3232,0.0331386891224619
11371,7270.750304,2,59659106.24,0.0365582805745078
11372,7270.770304,1,59659126.272,0.0331018091667179
11373,7270.790304,2,59659146.2912,0.0365295961644846
11374,7270.810304,1,59659166.3104,0.0331089802692237
11375,7270.830304,2,59659186.7264,0.0365275472780544
11376,7270.850304,1,59659206.3104,0.0330802958592005
11377,7270.870304,2,59659226.3552,0.0364589095826418
11378,7270.890304,1,59659246.2848,0.0331222980310201
11379,7270.910304,2,59659266.3808,0.036433298502264
11380,7270.930304,1,59659286.3872,0.0331479091113979
11381,7270.950304,2,59659306.3552,0.0365582805745078
11382,7270.970304,1,59659326.3616,0.0330782469727703
11383,7270.990304,2,59659346.368,0.0366156493945541
11384,7271.010304,1,59659366.3616,0.033112053598869
11385,7271.030304,2,59659386.4576,0.0366566271231586
11386,7271.050304,1,59659406.4512,0.0331602024299793
11387,7271.070304,2,59659426.3424,0.0366740426578155
11388,7271.090304,1,59659446.3488,0.0331274202470957
11389,7271.110304,2,59659466.4192,0.0367590714446698
11390,7271.130304,1,59659486.3488,0.0330741491999098
11391,7271.150304,2,59659506.3296,0.0368215624807917
11392,7271.170304,1,59659526.3616,0.03316634908927
11393,7271.190304,2,59659546.368,0.0369905956112853
11394,7271.210304,1,59659566.4256,0.0330669780974041
11395,7271.230304,2,59659586.3808,0.0368543446636753
11396,7271.250304,1,59659606.3872,0.0331110291556539
11397,7271.270304,2,59659626.3296,0.0369485934394657
11398,7271.290304,1,59659646.3616,0.0331048824963632
11399,7271.310304,2,59659666.3808,0.0368512713340299
11400,7271.330304,1,59659686.5536,0.0331222980310201
11401,7271.350304,2,59659706.368,0.0369363001208843
11402,7271.370304,1,59659726.3488,0.0330884914049214
11403,7271.390304,2,59659746.368,0.0368871268465589
11404,7271.410304,1,59659766.4,0.0331141024852992
11405,7271.430304,2,59659786.3808,0.0369619112012621
11406,7271.450304,1,59659806.3488,0.0330567336652529
11407,7271.470304,2,59659826.3808,0.036942446780175
11408,7271.490304,1,59659846.3616,0.0330628803245436
11409,7271.510304,2,59659866.3936,0.0369619112012621
11410,7271.530304,1,59659886.6432,0.0331069313827934
11411,7271.550304,2,59659906.3936,0.036742680353228
11412,7271.570304,1,59659926.3872,0.0331509824410433
11413,7271.590304,2,59659946.4064,0.0366730182146004
11414,7271.610304,1,59659966.3744,0.0331059069395783
11415,7271.630304,2,59659986.496,0.0364773495605139
11416,7271.650304,1,59660006.5536,0.0331683979757002
11417,7271.670304,2,59660026.4192,0.0365654516770135
11418,7271.690304,1,59660046.4384,0.0331561046571189
11419,7271.710304,2,59660066.4448,0.036541889483066
11420,7271.730304,1,59660086.4256,0.033157129100334
11421,7271.750304,2,59660106.4832,0.0366760915442457
11422,7271.770304,1,59660126.4,0.0331509824410433
11423,7271.790304,2,59660146.4448,0.0366217960538447
11424,7271.810304,1,59660166.4512,0.0331048824963632
11425,7271.830304,2,59660186.6368,0.0367467781260885
11426,7271.850304,1,59660206.4384,0.0331059069395783
11427,7271.870304,2,59660226.496,0.036824635810437
11428,7271.890304,1,59660246.4512,0.0331284446903108
11429,7271.910304,2,59660266.432,0.0369711311901981
11430,7271.930304,1,59660286.4896,0.0330741491999098
11431,7271.950304,2,59660306.4832,0.0371309443317557
11432,7271.970304,1,59660326.4512,0.0330710758702645
11433,7271.990304,2,59660346.4192,0.0369281045751634
11434,7272.010304,1,59660366.4768,0.0331222980310201
11435,7272.030304,2,59660386.7392,0.036860491322966
11436,7272.050304,1,59660406.4896,0.0331182002581597
11437,7272.070304,2,59660426.5088,0.0366156493945541
11438,7272.090304,1,59660446.4512,0.0331315180199562
11439,7272.110304,2,59660466.5472,0.0366084782920483
11440,7272.130304,1,59660486.5408,0.0331130780420841
11441,7272.150304,2,59660506.56,0.036487593992665
11442,7272.170304,1,59660526.4384,0.0330915647345668
11443,7272.190304,2,59660546.4832,0.0365838916548856
11444,7272.210304,1,59660566.5024,0.0331233224742353
11445,7272.230304,2,59660586.5984,0.0365869649845309
11446,7272.250304,1,59660606.5024,0.0331141024852992
11447,7272.270304,2,59660626.5216,0.0366771159874608
11448,7272.290304,1,59660646.5024,0.0331694224189153
11449,7272.310304,2,59660666.5856,0.0365838916548856
11450,7272.330304,1,59660686.592,0.0331263958038806
11451,7272.350304,2,59660706.4704,0.036506033970537
11452,7272.370304,1,59660726.528,0.0331479091113979
11453,7272.390304,2,59660746.5344,0.036478374003729
11454,7272.410304,1,59660766.5408,0.033048538119532
11455,7272.430304,2,59660786.56,0.036414858524392
11456,7272.450304,1,59660806.5024,0.0332278156821767
11457,7272.470304,2,59660826.5088,0.0364107607515315
11458,7272.490304,1,59660846.6176,0.0331438113385375
11459,7272.510304,2,59660866.5472,0.0366996537381933
11460,7272.530304,1,59660886.6176,0.0331899112832176
11461,7272.550304,2,59660906.496,0.036742680353228
11462,7272.570304,1,59660926.5664,0.0331776179646362
11463,7272.590304,2,59660946.56,0.0366924826356875
11464,7272.610304,1,59660966.6176,0.0331622513164095
11465,7272.630304,2,59660986.8928,0.0366801893171062
11466,7272.650304,1,59661006.5664,0.0331643002028398
11467,7272.670304,2,59661026.5728,0.0366668715553097
11468,7272.690304,1,59661046.6304,0.0331827401807118
11469,7272.710304,2,59661066.5088,0.0366801893171062
11470,7272.730304,1,59661086.6176,0.0330905402913516
11471,7272.750304,2,59661106.6752,0.0366197471674145
11472,7272.770304,1,59661126.6176,0.0330802958592005
11473,7272.790304,2,59661146.624,0.0364886184358801
11474,7272.810304,1,59661166.6048,0.0330423914602414
11475,7272.830304,2,59661186.5984,0.0365992583031123
11476,7272.850304,1,59661206.656,0.033121273587805
11477,7272.870304,2,59661226.6112,0.0370049378162968
11478,7272.890304,1,59661246.592,0.0331417624521073
11479,7272.910304,2,59661266.5856,0.0371565554121335
11480,7272.930304,1,59661286.6176,0.0331110291556539
11481,7272.950304,2,59661306.7392,0.0372477308582785
11482,7272.970304,1,59661326.5664,0.033130493576741
11483,7272.990304,2,59661346.5472,0.0370817710574303
11484,7273.010304,1,59661366.656,0.0330669780974041
11485,7273.030304,2,59661386.7264,0.0369936689409306
11486,7273.050304,1,59661406.6816,0.0330925891777819
11487,7273.070304,2,59661426.5856,0.0369076157108611
11488,7273.090304,1,59661446.7328,0.0331161513717295
11489,7273.110304,2,59661466.5856,0.0368953223922798
11490,7273.130304,1,59661486.7968,0.0331222980310201
11491,7273.150304,2,59661506.6112,0.0369291290183785
11492,7273.170304,1,59661526.6304,0.0331253713606655
11493,7273.190304,2,59661546.5984,0.0369639600876923
11494,7273.210304,1,59661566.6176,0.033130493576741
11495,7273.230304,2,59661586.816,0.0369270801319483
11496,7273.250304,1,59661606.6432,0.033075173643125
11497,7273.270304,2,59661626.5472,0.0369936689409306
11498,7273.290304,1,59661646.656,0.0331161513717295
11499,7273.310304,2,59661666.6368,0.0369403978937448
11500,7273.330304,1,59661686.656,0.0331222980310201
11501,7273.350304,2,59661706.6624,0.037005962259512
11502,7273.370304,1,59661726.656,0.0331294691335259
11503,7273.390304,2,59661746.6752,0.0368441002315242
11504,7273.410304,1,59661766.6816,0.033075173643125
11505,7273.430304,2,59661786.8032,0.0368584424365357
11506,7273.450304,1,59661806.6304,0.0330946380642121
11507,7273.470304,2,59661826.688,0.0368666379822566
11508,7273.490304,1,59661846.6944,0.0330854180752761
11509,7273.510304,2,59661866.7648,0.0368359046858033
11510,7273.530304,1,59661886.7712,0.0331130780420841
11511,7273.550304,2,59661906.7008,0.0368666379822566
11512,7273.570304,1,59661926.6688,0.0330341959145205
11513,7273.590304,2,59661946.624,0.0367109226135595
11514,7273.610304,1,59661966.656,0.0330546847788227
11515,7273.630304,2,59661986.8288,0.0366084782920483
11516,7273.650304,1,59662006.656,0.0330915647345668
11517,7273.670304,2,59662026.6624,0.0365142295162579
11518,7273.690304,1,59662046.656,0.0331274202470957
11519,7273.710304,2,59662066.624,0.0365142295162579
11520,7273.730304,1,59662086.7072,0.0330690269838343
11521,7273.750304,2,59662106.9696,0.0365675005634438
11522,7273.770304,1,59662126.6944,0.0331038580531481
11523,7273.790304,2,59662146.7264,0.0366023316327576
11524,7273.810304,1,59662166.7328,0.0331858135103571
11525,7273.830304,2,59662186.8288,0.0366853115331817
11526,7273.850304,1,59662206.6944,0.0331089802692237
11527,7273.870304,2,59662226.7392,0.0367734136496814
11528,7273.890304,1,59662246.6432,0.0330956625074272
11529,7273.910304,2,59662266.7392,0.0368266846968672
11530,7273.930304,1,59662286.8736,0.0331407380088922
11531,7273.950304,2,59662306.7648,0.036769315876821
11532,7273.970304,1,59662326.72,0.0331233224742353
11533,7273.990304,2,59662346.7264,0.0365347183805602
11534,7274.010304,1,59662366.7712,0.0331776179646362
11535,7274.030304,2,59662386.9184,0.0363318786239679
11536,7274.050304,1,59662406.784,0.0331458602249677
11537,7274.070304,2,59662426.7904,0.0362827053496425
11538,7274.090304,1,59662446.7456,0.0330792714159854
11539,7274.110304,2,59662466.7648,0.0361546499477534
11540,7274.130304,1,59662486.8352,0.0331325424631713
11541,7274.150304,2,59662506.8416,0.0361566988341836
11542,7274.170304,1,59662526.7456,0.0331632757596246
11543,7274.190304,2,59662546.7136,0.0362427520642531
11544,7274.210304,1,59662566.72,0.0331069313827934
11545,7274.230304,2,59662586.8288,0.0362745098039216
11546,7274.250304,1,59662606.8608,0.0331540557706886
11547,7274.270304,2,59662626.688,0.036332903067183
11548,7274.290304,1,59662646.7584,0.0331683979757002
11549,7274.310304,2,59662666.7136,0.0362868031225029
11550,7274.330304,1,59662686.8352,0.0331653246460549
11551,7274.350304,2,59662706.816,0.0363984674329502
11552,7274.370304,1,59662726.7456,0.0331438113385375
11553,7274.390304,2,59662746.8032,0.036387198557584
11554,7274.410304,1,59662766.7968,0.0331724957485607
11555,7274.430304,2,59662786.816,0.036451738480136
11556,7274.450304,1,59662806.7712,0.0331806912942816
11557,7274.470304,2,59662826.7904,0.0363482697154097
11558,7274.490304,1,59662846.784,0.0332257667957465
11559,7274.510304,2,59662866.7648,0.0362314831888868
11560,7274.530304,1,59662886.848,0.0331806912942816
11561,7274.550304,2,59662906.8288,0.0363554408179155
11562,7274.570304,1,59662926.8352,0.0331376646792468
11563,7274.590304,2,59662946.7648,0.036478374003729
11564,7274.610304,1,59662966.7712,0.0330003892884217
11565,7274.630304,2,59662986.8288,0.0365009117544614
11566,7274.650304,1,59663006.7968,0.0331243469174504
11567,7274.670304,2,59663027.072,0.0363851496711537
11568,7274.690304,1,59663046.8224,0.0331765935214211
11569,7274.710304,2,59663066.7392,0.0364578851394267
11570,7274.730304,1,59663086.9376,0.0331069313827934
11571,7274.750304,2,59663106.8928,0.0365398405966357
11572,7274.770304,1,59663126.7712,0.0331612268731944
11573,7274.790304,2,59663146.7904,0.0366556026799435
11574,7274.810304,1,59663166.8096,0.0331294691335259
11575,7274.830304,2,59663186.8416,0.0366658471120946
11576,7274.850304,1,59663206.8864,0.0331448357817526
11577,7274.870304,2,59663226.7648,0.0366556026799435
11578,7274.890304,1,59663246.72,0.0330690269838343
11579,7274.910304,2,59663266.7776,0.0367088737271293
11580,7274.930304,1,59663287.168,0.0331765935214211
11581,7274.950304,2,59663306.8032,0.0367037515110537
11582,7274.970304,1,59663326.8608,0.0331243469174504
11583,7274.990304,2,59663346.7904,0.0367365336939373
11584,7275.010304,1,59663366.784,0.0331622513164095
11585,7275.030304,2,59663387.0592,0.0369014690515705
11586,7275.050304,1,59663406.8352,0.0331386891224619
11587,7275.070304,2,59663426.9696,0.0370448911016862
11588,7275.090304,1,59663446.8352,0.0330680025406192
11589,7275.110304,2,59663466.816,0.0370735755117094
11590,7275.130304,1,59663487.0144,0.033203229045014
11591,7275.150304,2,59663506.8416,0.0370664044092036
11592,7275.170304,1,59663526.8608,0.0331643002028398
11593,7275.190304,2,59663546.88,0.0370817710574303
11594,7275.210304,1,59663566.8224,0.0331858135103571
11595,7275.230304,2,59663586.9696,0.03703362222632
11596,7275.250304,1,59663606.8736,0.0331622513164095
11597,7275.270304,2,59663626.8672,0.0370602577499129
11598,7275.290304,1,59663646.8864,0.0331540557706886
11599,7275.310304,2,59663666.8928,0.03703362222632
11600,7275.330304,1,59663686.9504,0.0331827401807118
11601,7275.350304,2,59663706.8288,0.0369711311901981
11602,7275.370304,1,59663726.9376,0.0331530313274735
11603,7275.390304,2,59663746.8672,0.0368635646526113
11604,7275.410304,1,59663766.848,0.0331100047124388
11605,7275.430304,2,59663786.944,0.0367437047964431
11606,7275.450304,1,59663806.8352,0.033102833609933
11607,7275.470304,2,59663826.9312,0.0367211670457107
11608,7275.490304,1,59663846.8992,0.0331612268731944
11609,7275.510304,2,59663866.944,0.0369506423258959
11610,7275.530304,1,59663886.976,0.0331048824963632
11611,7275.550304,2,59663906.8672,0.0372139242321798
11612,7275.570304,1,59663926.9888,0.0331141024852992
11613,7275.590304,2,59663946.9184,0.0371524576392731
11614,7275.610304,1,59663966.9376,0.0330382936873809
11615,7275.630304,2,59663986.9952,0.0370766488413547
11616,7275.650304,1,59664006.9888,0.0331274202470957
11617,7275.670304,2,59664026.9696,0.0367221914889258
11618,7275.690304,1,59664046.976,0.0330188292662938
11619,7275.710304,2,59664066.9056,0.0366340893724261
11620,7275.730304,1,59664087.04,0.0331448357817526
11621,7275.750304,2,59664106.8416,0.0364988628680312
11622,7275.770304,1,59664126.8992,0.0330956625074272
11623,7275.790304,2,59664146.944,0.0364486651504907
11624,7275.810304,1,59664166.8992,0.0331786424078513
11625,7275.830304,2,59664187.1616,0.0363451963857643
11626,7275.850304,1,59664206.9376,0.0331786424078513
11627,7275.870304,2,59664226.9824,0.0366781404306759
11628,7275.890304,1,59664246.912,0.0330761980863401
11629,7275.910304,2,59664266.9312,0.0368738090847624
11630,7275.930304,1,59664286.9248,0.0330628803245436
11631,7275.950304,2,59664306.9824,0.0369864978384248
11632,7275.970304,1,59664327.0272,0.0330895158481365
11633,7275.990304,2,59664346.9056,0.0371575798553486
11634,7276.010304,1,59664366.9888,0.0331151269285144
11635,7276.030304,2,59664386.9824,0.0373266129858422
11636,7276.050304,1,59664406.9376,0.033112053598869
11637,7276.070304,2,59664426.9696,0.0372876841436679
11638,7276.090304,1,59664446.9376,0.0331530313274735
11639,7276.110304,2,59664466.9056,0.0372149486753949
11640,7276.130304,1,59664487.04,0.0331632757596246
11641,7276.150304,2,59664506.9696,0.0373368574179933
11642,7276.170304,1,59664526.9504,0.0331315180199562
11643,7276.190304,2,59664546.8928,0.0373440285204991
11644,7276.210304,1,59664567.0784,0.0331059069395783
11645,7276.230304,2,59664587.0848,0.0372047042432438
11646,7276.250304,1,59664606.9504,0.0331683979757002
11647,7276.270304,2,59664626.9184,0.0371268465588952
11648,7276.290304,1,59664647.0144,0.0331100047124388
11649,7276.310304,2,59664666.9568,0.0369045423812158
11650,7276.330304,1,59664686.9888,0.0331161513717295
11651,7276.350304,2,59664706.9696,0.0366269182699203
11652,7276.370304,1,59664727.0016,0.0331141024852992
11653,7276.390304,2,59664746.9824,0.0364732517876534
11654,7276.410304,1,59664766.9888,0.0331448357817526
11655,7276.430304,2,59664787.1616,0.036387198557584
11656,7276.450304,1,59664806.9632,0.0331827401807118
11657,7276.470304,2,59664827.0208,0.036369783022927
11658,7276.490304,1,59664846.9504,0.0331919601696478
11659,7276.510304,2,59664867.0336,0.0364117851947467
11660,7276.530304,1,59664887.168,0.0331632757596246
11661,7276.550304,2,59664906.9824,0.0364548118097814
11662,7276.570304,1,59664927.0144,0.0331786424078513
11663,7276.590304,2,59664947.0336,0.0364128096379618
11664,7276.610304,1,59664966.9888,0.0331632757596246
11665,7276.630304,2,59664987.0592,0.0363370008400434
11666,7276.650304,1,59665006.9632,0.0331059069395783
11667,7276.670304,2,59665026.9568,0.03626016759891
11668,7276.690304,1,59665047.0784,0.0331130780420841
11669,7276.710304,2,59665066.9824,0.036269387587846
11670,7276.730304,1,59665087.0912,0.0331243469174504
11671,7276.750304,2,59665107.008,0.036278607576782
11672,7276.770304,1,59665127.04,0.0331141024852992
11673,7276.790304,2,59665147.0464,0.0362888520089331
11674,7276.810304,1,59665167.0016,0.0331089802692237
11675,7276.830304,2,59665187.1232,0.0361802610281312
11676,7276.850304,1,59665207.0912,0.0331479091113979
11677,7276.870304,2,59665227.0208,0.0362765586903518
11678,7276.890304,1,59665247.0272,0.0330854180752761
11679,7276.910304,2,59665267.0208,0.0362222631999508
11680,7276.930304,1,59665287.04,0.0331386891224619
11681,7276.950304,2,59665307.1104,0.0362038232220788
11682,7276.970304,1,59665327.0656,0.0331468846681828
11683,7276.990304,2,59665347.0336,0.0362529964964042
11684,7277.010304,1,59665367.0272,0.0331253713606655
11685,7277.030304,2,59665387.2256,0.0363216341918167
11686,7277.050304,1,59665407.2704,0.0331417624521073
11687,7277.070304,2,59665427.1104,0.0364476407072756
11688,7277.090304,1,59665447.0912,0.0330321470280902
11689,7277.110304,2,59665467.008,0.0362294343024566
11690,7277.130304,1,59665487.0912,0.0331089802692237
11691,7277.150304,2,59665507.0208,0.0362570942692647
11692,7277.170304,1,59665527.04,0.0331786424078513
11693,7277.190304,2,59665547.0208,0.0362980719978692
11694,7277.210304,1,59665567.0144,0.033121273587805
11695,7277.230304,2,59665587.1616,0.0363154875325261
11696,7277.250304,1,59665607.168,0.0331038580531481
11697,7277.270304,2,59665627.0592,0.0363923207736595
11698,7277.290304,1,59665647.1424,0.0332114245907349
11699,7277.310304,2,59665667.0464,0.0365664761202287
11700,7277.330304,1,59665687.1808,0.0330464892331018
11701,7277.350304,2,59665707.0848,0.0366740426578155
11702,7277.370304,1,59665727.0912,0.0331776179646362
11703,7277.390304,2,59665747.0976,0.0368031225029197
11704,7277.410304,1,59665767.0528,0.0331069313827934
11705,7277.430304,2,59665787.1616,0.0368297580265126
11706,7277.450304,1,59665807.0784,0.0330792714159854
11707,7277.470304,2,59665827.0976,0.0369035179380007
11708,7277.490304,1,59665847.0656,0.0331417624521073
11709,7277.510304,2,59665867.072,0.037024402237384
11710,7277.530304,1,59665887.3728,0.0331653246460549
11711,7277.550304,2,59665907.1104,0.0373819329194583
11712,7277.570304,1,59665927.1808,0.0331263958038806
11713,7277.590304,2,59665947.1104,0.0377824902165673
11714,7277.610304,1,59665967.0528,0.033084393632061
11715,7277.630304,2,59665987.1744,0.0375366238449403
11716,7277.650304,1,59666007.1296,0.0331079558260086
11717,7277.670304,2,59666027.0976,0.0372569508472145
11718,7277.690304,1,59666047.1296,0.0331530313274735
11719,7277.710304,2,59666067.1232,0.0369383490073145
11720,7277.730304,1,59666087.1552,0.0331479091113979
11721,7277.750304,2,59666107.2,0.0368563935501055
11722,7277.770304,1,59666127.1552,0.0331263958038806
11723,7277.790304,2,59666147.1104,0.0365869649845309
11724,7277.810304,1,59666167.1296,0.0330587825516832
11725,7277.830304,2,59666187.2,0.0365838916548856
11726,7277.850304,1,59666207.1552,0.0331192247013748
11727,7277.870304,2,59666227.136,0.0365142295162579
11728,7277.890304,1,59666247.2064,0.0331315180199562
11729,7277.910304,2,59666267.1104,0.0364261273997582
11730,7277.930304,1,59666287.1552,0.0332104001475198
11731,7277.950304,2,59666307.136,0.0363892474440142
11732,7277.970304,1,59666327.1424,0.0331069313827934
11733,7277.990304,2,59666347.1488,0.0364117851947467
11734,7278.010304,1,59666367.1424,0.0331458602249677
11735,7278.030304,2,59666387.2,0.0363533919314852
11736,7278.050304,1,59666407.1552,0.0331735201917758
11737,7278.070304,2,59666427.1744,0.0364128096379618
11738,7278.090304,1,59666447.1424,0.033121273587805
11739,7278.110304,2,59666467.1104,0.0365398405966357
11740,7278.130304,1,59666487.2448,0.0331427868953224
11741,7278.150304,2,59666507.136,0.0366668715553097
11742,7278.170304,1,59666527.1552,0.03316634908927
11743,7278.190304,2,59666547.136,0.0366976048517631
11744,7278.210304,1,59666567.1552,0.0331192247013748
11745,7278.230304,2,59666587.2256,0.0367662425471756
11746,7278.250304,1,59666607.1936,0.0331397135656771
11747,7278.270304,2,59666627.1872,0.0366627737824492
11748,7278.290304,1,59666647.168,0.0330546847788227
11749,7278.310304,2,59666667.2128,0.0367580470014547
11750,7278.330304,1,59666687.232,0.0331919601696478
11751,7278.350304,2,59666707.2128,0.0367221914889258
11752,7278.370304,1,59666727.2064,0.0331110291556539
11753,7278.390304,2,59666747.1232,0.036705800397484
11754,7278.410304,1,59666767.168,0.0331970823857234
11755,7278.430304,2,59666787.2256,0.0367109226135595
11756,7278.450304,1,59666807.1936,0.0331796668510664
11757,7278.470304,2,59666827.1872,0.0366217960538447
11758,7278.490304,1,59666847.1808,0.0331397135656771
11759,7278.510304,2,59666867.2,0.0366125760649087
11760,7278.530304,1,59666887.2576,0.0331724957485607
11761,7278.550304,2,59666907.2128,0.0367088737271293
11762,7278.570304,1,59666927.2192,0.0331489335546131
11763,7278.590304,2,59666947.3024,0.036724240375356
11764,7278.610304,1,59666967.232,0.0331274202470957
11765,7278.630304,2,59666987.3024,0.0367129714999898
11766,7278.650304,1,59667007.3088,0.0331427868953224
11767,7278.670304,2,59667027.2896,0.0369014690515705
11768,7278.690304,1,59667047.2704,0.0331458602249677
11769,7278.710304,2,59667067.1872,0.0369711311901981
11770,7278.730304,1,59667087.3216,0.0330792714159854
11771,7278.750304,2,59667107.2384,0.0369670334173377
11772,7278.770304,1,59667127.1936,0.0330823447456308
11773,7278.790304,2,59667147.2512,0.0370653799659885
11774,7278.810304,1,59667167.1808,0.0331632757596246
11775,7278.830304,2,59667187.4304,0.0370868932735058
11776,7278.850304,1,59667207.2576,0.033084393632061
11777,7278.870304,2,59667227.3152,0.0372128997889647
11778,7278.890304,1,59667247.2832,0.033157129100334
11779,7278.910304,2,59667267.2512,0.0371217243428197
11780,7278.930304,1,59667287.2832,0.0331294691335259
11781,7278.950304,2,59667307.264,0.0370848443870756
11782,7278.970304,1,59667327.2704,0.0331427868953224
11783,7278.990304,2,59667347.264,0.0369270801319483
11784,7279.010304,1,59667367.2832,0.0331581535435491
11785,7279.030304,2,59667387.456,0.0368563935501055
11786,7279.050304,1,59667407.2576,0.0330505870059623
11787,7279.070304,2,59667427.2896,0.0368133669350708
11788,7279.090304,1,59667447.2576,0.0330977113938574
11789,7279.110304,2,59667467.2256,0.0367826336386174
11790,7279.130304,1,59667487.3216,0.0330833691888459
11791,7279.150304,2,59667507.2256,0.0368359046858033
11792,7279.170304,1,59667527.296,0.0331479091113979
11793,7279.190304,2,59667547.264,0.0366801893171062
11794,7279.210304,1,59667567.296,0.0330997602802877
11795,7279.230304,2,59667587.8272,0.0366269182699203
11796,7279.250304,1,59667607.3472,0.0331325424631713
11797,7279.270304,2,59667627.2384,0.036560329460938
11798,7279.290304,1,59667647.2576,0.0330700514270494
11799,7279.310304,2,59667667.264,0.036606429405618
11800,7279.330304,1,59667687.4752,0.0331315180199562
11801,7279.350304,2,59667707.2896,0.0364834962198045
11802,7279.370304,1,59667727.2704,0.0331059069395783
11803,7279.390304,2,59667747.3792,0.0364937406519557
11804,7279.410304,1,59667767.296,0.0330659536541889
11805,7279.430304,2,59667787.3536,0.0365613539041531
11806,7279.450304,1,59667807.296,0.0331673735324851
11807,7279.470304,2,59667827.2896,0.0365941360870367
11808,7279.490304,1,59667847.296,0.0331059069395783
11809,7279.510304,2,59667867.3664,0.0369526912123261
11810,7279.530304,1,59667887.4624,0.0330905402913516
11811,7279.550304,2,59667907.4304,0.037124797672465
11812,7279.570304,1,59667927.3344,0.0330587825516832
11813,7279.590304,2,59667947.3024,0.0372395353125576
11814,7279.610304,1,59667967.3088,0.0330761980863401
11815,7279.630304,2,59667987.5712,0.0373173929969062
11816,7279.650304,1,59668007.3216,0.0331059069395783
11817,7279.670304,2,59668027.4048,0.0373665662712316
11818,7279.690304,1,59668047.3216,0.0331960579425082
11819,7279.710304,2,59668067.328,0.0374280328641383
11820,7279.730304,1,59668087.3984,0.0330608314381134
11821,7279.750304,2,59668107.3664,0.0373624684983711
11822,7279.770304,1,59668127.296,0.0331468846681828
11823,7279.790304,2,59668147.3664,0.0372528530743541
11824,7279.810304,1,59668167.36,0.0332360112278976
11825,7279.830304,2,59668187.456,0.0372487553014936
11826,7279.850304,1,59668207.3472,0.0330823447456308
11827,7279.870304,2,59668227.3408,0.0372415841989878
11828,7279.890304,1,59668247.36,0.033093613620997
11829,7279.910304,2,59668267.3664,0.0371760198332206
11830,7279.930304,1,59668287.3856,0.0331284446903108
11831,7279.950304,2,59668307.4944,0.0370028889298666
11832,7279.970304,1,59668327.3472,0.0331499579978282
11833,7279.990304,2,59668347.3024,0.0367723892064663
11834,7280.010304,1,59668367.4752,0.0331048824963632
11835,7280.030304,2,59668387.5072,0.0367027270678386
11836,7280.050304,1,59668407.552,0.0331161513717295
11837,7280.070304,2,59668427.3664,0.0367396070235827
11838,7280.090304,1,59668447.3984,0.0331632757596246
11839,7280.110304,2,59668467.4688,0.0366945315221177
11840,7280.130304,1,59668487.424,0.0331724957485607
11841,7280.150304,2,59668507.328,0.0364373962751245
11842,7280.170304,1,59668527.36,0.0331448357817526
11843,7280.190304,2,59668547.3792,0.0363902718872293
11844,7280.210304,1,59668567.3216,0.0330833691888459
11845,7280.230304,2,59668587.4816,0.0364507140369209
11846,7280.250304,1,59668607.488,0.0330618558813285
11847,7280.270304,2,59668627.3792,0.0364712029012232
11848,7280.290304,1,59668647.4112,0.0332001557153687
11849,7280.310304,2,59668667.3792,0.0364445673776303
11850,7280.330304,1,59668687.5264,0.0331141024852992
11851,7280.350304,2,59668707.392,0.0365715983363042
11852,7280.370304,1,59668727.5008,0.0330475136763169
11853,7280.390304,2,59668747.3536,0.036642284918147
11854,7280.410304,1,59668767.4368,0.0331786424078513
11855,7280.430304,2,59668787.4304,0.0366648226688795
11856,7280.450304,1,59668807.5008,0.033075173643125
11857,7280.470304,2,59668827.3792,0.0366566271231586
11858,7280.490304,1,59668847.3984,0.0331222980310201
11859,7280.510304,2,59668867.4176,0.0366535537935132
11860,7280.530304,1,59668887.5776,0.0331038580531481
11861,7280.550304,2,59668907.3792,0.0366494560206528
11862,7280.570304,1,59668927.424,0.0330864425184912
11863,7280.590304,2,59668947.3792,0.0364005163193804
11864,7280.610304,1,59668967.4112,0.0330884914049214
11865,7280.630304,2,59668987.4944,0.0363533919314852
11866,7280.650304,1,59669007.424,0.0331274202470957
11867,7280.670304,2,59669027.4176,0.0363216341918167
11868,7280.690304,1,59669047.4496,0.0331694224189153
11869,7280.710304,2,59669067.4176,0.0364097363083164
11870,7280.730304,1,59669087.5392,0.033130493576741
11871,7280.750304,2,59669107.52,0.0364527629233512
11872,7280.770304,1,59669127.424,0.0331540557706886
11873,7280.790304,2,59669147.4432,0.0365132050730428
11874,7280.810304,1,59669167.3984,0.033112053598869
11875,7280.830304,2,59669187.5072,0.0366074538488332
11876,7280.850304,1,59669207.5136,0.033093613620997
11877,7280.870304,2,59669227.5328,0.0366248693834901
11878,7280.890304,1,59669247.5008,0.0330925891777819
11879,7280.910304,2,59669267.5328,0.0366996537381933
11880,7280.930304,1,59669287.5648,0.0331704468621304
11881,7280.950304,2,59669307.5456,0.0368092691622103
11882,7280.970304,1,59669327.4752,0.0330925891777819
11883,7280.990304,2,59669347.456,0.0368277091400824
11884,7281.010304,1,59669367.552,0.0330905402913516
11885,7281.030304,2,59669387.6608,0.0368225869240068
11886,7281.050304,1,59669407.4496,0.0330567336652529
11887,7281.070304,2,59669427.52,0.0365357428237753
11888,7281.090304,1,59669447.5776,0.0331141024852992
11889,7281.110304,2,59669467.52,0.0364404696047698
11890,7281.130304,1,59669487.616,0.0331683979757002
11891,7281.150304,2,59669507.52,0.0363769541254328
11892,7281.170304,1,59669527.552,0.0331059069395783
11893,7281.190304,2,59669547.4944,0.0362468498371135
11894,7281.210304,1,59669567.4752,0.033112053598869
11895,7281.230304,2,59669587.5456,0.0363175364189563
11896,7281.250304,1,59669607.5008,0.0330966869506423
11897,7281.270304,2,59669627.456,0.0362294343024566
11898,7281.290304,1,59669647.4752,0.0331858135103571
11899,7281.310304,2,59669667.5328,0.036159772163829
11900,7281.330304,1,59669687.6672,0.0331837646239269
11901,7281.350304,2,59669707.4816,0.0364097363083164
11902,7281.370304,1,59669727.5008,0.0331407380088922
11903,7281.390304,2,59669747.4944,0.0363308541807528
11904,7281.410304,1,59669767.5008,0.033121273587805
11905,7281.430304,2,59669787.5968,0.0363226586350319
11906,7281.450304,1,59669807.5136,0.033102833609933
11907,7281.470304,2,59669827.5328,0.0363113897596656
11908,7281.490304,1,59669847.5136,0.0331724957485607
11909,7281.510304,2,59669867.5584,0.0364599340258569
11910,7281.530304,1,59669887.6672,0.0331827401807118
11911,7281.550304,2,59669907.5456,0.0365459872559264
11912,7281.570304,1,59669927.5776,0.0331335669063864
11913,7281.590304,2,59669947.584,0.0364773495605139
11914,7281.610304,1,59669967.5392,0.0331325424631713
11915,7281.630304,2,59669987.648,0.0367221914889258
11916,7281.650304,1,59670007.6032,0.0331366402360317
11917,7281.670304,2,59670027.5456,0.0367324359210769
11918,7281.690304,1,59670047.5776,0.0331714713053455
11919,7281.710304,2,59670067.52,0.0367314114778618
11920,7281.730304,1,59670087.7184,0.0331141024852992
11921,7281.750304,2,59670107.5456,0.0366709693281701
11922,7281.770304,1,59670127.552,0.0331632757596246
11923,7281.790304,2,59670147.5712,0.0364896428790952
11924,7281.810304,1,59670167.5904,0.0331468846681828
11925,7281.830304,2,59670187.7632,0.0365336939373451
11926,7281.850304,1,59670207.616,0.0331182002581597
11927,7281.870304,2,59670227.5968,0.0364281762861885
11928,7281.890304,1,59670247.5776,0.0331141024852992
11929,7281.910304,2,59670267.584,0.0362909008953634
11930,7281.930304,1,59670287.808,0.0330874669617063
11931,7281.950304,2,59670307.6224,0.036342123056119
11932,7281.970304,1,59670327.5776,0.0331899112832176
11933,7281.990304,2,59670347.5968,0.0363021697707296
11934,7282.010304,1,59670367.5904,0.0330690269838343
11935,7282.030304,2,59670387.7504,0.0363001208842994
11936,7282.050304,1,59670407.5776,0.0331612268731944
11937,7282.070304,2,59670427.6096,0.0363093408732354
11938,7282.090304,1,59670447.6288,0.0331079558260086
11939,7282.110304,2,59670467.6096,0.036360563033991
11940,7282.130304,1,59670487.7312,0.0331427868953224
11941,7282.150304,2,59670507.8656,0.0364251029565431
11942,7282.170304,1,59670527.616,0.0330925891777819
11943,7282.190304,2,59670547.6224,0.036597209416682
11944,7282.210304,1,59670567.6416,0.0331141024852992
11945,7282.230304,2,59670587.6608,0.0367416559100129
11946,7282.250304,1,59670607.7184,0.0331110291556539
11947,7282.270304,2,59670627.5968,0.0368010736164894
11948,7282.290304,1,59670647.616,0.0330587825516832
11949,7282.310304,2,59670667.7376,0.0367764869793267
11950,7282.330304,1,59670687.808,0.0330690269838343
11951,7282.350304,2,59670707.5968,0.0367170692728502
11952,7282.370304,1,59670727.6928,0.0331100047124388
11953,7282.390304,2,59670747.5968,0.0364814473333743
11954,7282.410304,1,59670767.6672,0.033020878152724
11955,7282.430304,2,59670787.6864,0.0364373962751245
11956,7282.450304,1,59670807.7184,0.0331182002581597
11957,7282.470304,2,59670827.6736,0.0361372344130965
11958,7282.490304,1,59670847.6416,0.0330721003134796
11959,7282.510304,2,59670867.712,0.0361105988895036
11960,7282.530304,1,59670887.8208,0.0331438113385375
11961,7282.550304,2,59670907.8016,0.0360819144794804
11962,7282.570304,1,59670927.7056,0.0331110291556539
11963,7282.590304,2,59670947.648,0.0360532300694573
11964,7282.610304,1,59670967.6416,0.0330997602802877
11965,7282.630304,2,59670987.7248,0.0361290388673756
11966,7282.650304,1,59671007.68,0.0330680025406192
11967,7282.670304,2,59671027.8144,0.0361013789005675
11968,7282.690304,1,59671047.7184,0.0331786424078513
11969,7282.710304,2,59671067.6608,0.0360429856373061
11970,7282.730304,1,59671088.0128,0.0331448357817526
11971,7282.750304,2,59671107.7888,0.0359968856926261
11972,7282.770304,1,59671127.7056,0.0330587825516832
11973,7282.790304,2,59671147.6608,0.0361956276763579
11974,7282.810304,1,59671167.68,0.0331796668510664
11975,7282.830304,2,59671187.7632,0.0363390497264737
11976,7282.850304,1,59671207.7952,0.0331325424631713
11977,7282.870304,2,59671227.7504,0.0365613539041531
11978,7282.890304,1,59671247.6544,0.0330628803245436
11979,7282.910304,2,59671267.776,0.0367293625914316
11980,7282.930304,1,59671287.8592,0.0330341959145205
11981,7282.950304,2,59671307.7632,0.0366873604196119
11982,7282.970304,1,59671327.6928,0.0330628803245436
11983,7282.990304,2,59671347.712,0.0364834962198045
11984,7283.010304,1,59671367.7696,0.0330813203024156
11985,7283.030304,2,59671387.7504,0.0365552072448624
11986,7283.050304,1,59671407.9488,0.0330966869506423
11987,7283.070304,2,59671427.7376,0.0366955559653328
11988,7283.090304,1,59671447.744,0.0330864425184912
11989,7283.110304,2,59671467.712,0.0367600958878849
11990,7283.130304,1,59671487.744,0.0331448357817526
11991,7283.150304,2,59671507.7248,0.0367324359210769
11992,7283.170304,1,59671527.7184,0.0330731247566947
11993,7283.190304,2,59671547.7248,0.0368318069129428
11994,7283.210304,1,59671567.7568,0.033039318130596
11995,7283.230304,2,59671587.7504,0.036642284918147
11996,7283.250304,1,59671607.808,0.0331161513717295
11997,7283.270304,2,59671627.6864,0.0364650562419325
11998,7283.290304,1,59671647.7312,0.0330813203024156
11999,7283.310304,2,59671667.776,0.0363718319093573
12000,7283.330304,1,59671687.7568,0.033084393632061
12001,7283.350304,2,59671707.6608,0.036241727621038
12002,7283.370304,1,59671727.7056,0.0330352203577356
12003,7283.390304,2,59671747.7248,0.0364066629786711
12004,7283.410304,1,59671767.7184,0.0330854180752761
12005,7283.430304,2,59671787.9296,0.0369035179380007
12006,7283.450304,1,59671807.7056,0.0330608314381134
12007,7283.470304,2,59671827.7376,0.0372180220050403
12008,7283.490304,1,59671847.8208,0.0331007847235028
12009,7283.510304,2,59671867.7376,0.0372876841436679
12010,7283.530304,1,59671887.7568,0.0330864425184912
12011,7283.550304,2,59671907.712,0.0372600241768599
12012,7283.570304,1,59671927.7952,0.0330925891777819
12013,7283.590304,2,59671947.7248,0.037024402237384
12014,7283.610304,1,59671967.7568,0.0330628803245436
12015,7283.630304,2,59671987.7504,0.0369311779048087
12016,7283.650304,1,59672007.8336,0.0331366402360317
12017,7283.670304,2,59672027.9168,0.0367396070235827
12018,7283.690304,1,59672047.7312,0.0331561046571189
12019,7283.710304,2,59672067.6864,0.0366678959985248
12020,7283.730304,1,59672088.0896,0.0331827401807118
12021,7283.750304,2,59672107.7888,0.0365931116438216
12022,7283.770304,1,59672127.7312,0.0330587825516832
12023,7283.790304,2,59672147.7504,0.0366945315221177
12024,7283.810304,1,59672167.7184,0.0331356157928166
12025,7283.830304,2,59672187.8272,0.0366463826910074
12026,7283.850304,1,59672207.7312,0.0330895158481365
12027,7283.870304,2,59672227.7248,0.0367529247853791
12028,7283.890304,1,59672247.7568,0.0331438113385375
12029,7283.910304,2,59672267.7888,0.0368277091400824
12030,7283.930304,1,59672287.8592,0.0330946380642121
12031,7283.950304,2,59672307.7376,0.036869711311902
12032,7283.970304,1,59672327.7824,0.0331274202470957
12033,7283.990304,2,59672347.7632,0.0367570225582396
12034,7284.010304,1,59672367.7568,0.0331448357817526
12035,7284.030304,2,59672387.9168,0.0367252648185711
12036,7284.050304,1,59672407.744,0.0330454647898867
12037,7284.070304,2,59672427.776,0.0367846825250476
12038,7284.090304,1,59672447.7824,0.0330956625074272
12039,7284.110304,2,59672467.7632,0.0366637982256644
12040,7284.130304,1,59672487.872,0.0331161513717295
12041,7284.150304,2,59672507.9808,0.0366658471120946
12042,7284.170304,1,59672527.744,0.0330925891777819
12043,7284.190304,2,59672547.8528,0.0367068248406991
12044,7284.210304,1,59672567.9232,0.0331376646792468
12045,7284.230304,2,59672588.3264,0.0367129714999898
12046,7284.250304,1,59672607.7952,0.0331806912942816
12047,7284.270304,2,59672627.8272,0.0366176982809843
12048,7284.290304,1,59672647.8336,0.0331192247013748
12049,7284.310304,2,59672667.8144,0.0367068248406991
12050,7284.330304,1,59672687.872,0.0332011801585838
12051,7284.350304,2,59672707.8016,0.0368123424918557
12052,7284.370304,1,59672727.8336,0.0331315180199562
12053,7284.390304,2,59672747.776,0.0369946933841457
12054,7284.410304,1,59672767.8208,0.033121273587805
12055,7284.430304,2,59672787.8528,0.0370346466695351
12056,7284.450304,1,59672807.8592,0.0331673735324851
12057,7284.470304,2,59672827.84,0.0370397688856107
12058,7284.490304,1,59672847.7952,0.0331858135103571
12059,7284.510304,2,59672867.8272,0.0369783022927039
12060,7284.530304,1,59672887.8848,0.0331007847235028
12061,7284.550304,2,59672907.8528,0.0371831909357264
12062,7284.570304,1,59672927.872,0.0331397135656771
12063,7284.590304,2,59672947.904,0.0370346466695351
12064,7284.610304,1,59672967.8208,0.0331233224742353
12065,7284.630304,2,59672987.904,0.0370848443870756
12066,7284.650304,1,59673007.9744,0.033112053598869
12067,7284.670304,2,59673027.8656,0.0371278710021104
12068,7284.690304,1,59673047.8592,0.033102833609933
12069,7284.710304,2,59673067.84,0.0371493843096277
12070,7284.730304,1,59673088.0128,0.0331448357817526
12071,7284.750304,2,59673107.8912,0.0371360665478313
12072,7284.770304,1,59673127.8464,0.0331253713606655
12073,7284.790304,2,59673147.8656,0.0370725510684943
12074,7284.810304,1,59673167.9232,0.0331038580531481
12075,7284.830304,2,59673187.9552,0.0370264511238142
12076,7284.850304,1,59673207.8592,0.0330721003134796
12077,7284.870304,2,59673227.904,0.0370213289077386
12078,7284.890304,1,59673247.872,0.0331233224742353
12079,7284.910304,2,59673267.8528,0.0371391398774766
12080,7284.930304,1,59673287.9872,0.0330792714159854
12081,7284.950304,2,59673307.8912,0.0370285000102444
12082,7284.970304,1,59673327.936,0.0330147314934333
12083,7284.990304,2,59673347.8528,0.0371309443317557
12084,7285.010304,1,59673367.9488,0.0330229270391542
12085,7285.030304,2,59673388.0576,0.0372128997889647
12086,7285.050304,1,59673407.8976,0.0330567336652529
12087,7285.070304,2,59673427.9168,0.0371657754010695
12088,7285.090304,1,59673447.8848,0.0330178048230787
12089,7285.110304,2,59673468.0448,0.0371145532403139
12090,7285.130304,1,59673488.4224,0.0330557092220378
12091,7285.150304,2,59673507.9424,0.0370653799659885
12092,7285.170304,1,59673527.936,0.0331550802139037
12093,7285.190304,2,59673547.9168,0.0369106890405065
12094,7285.210304,1,59673567.9104,0.0330598069948983
12095,7285.230304,2,59673587.9936,0.0370377199991804
12096,7285.250304,1,59673608.0128,0.0331253713606655
12097,7285.270304,2,59673627.8784,0.0369588378716168
12098,7285.290304,1,59673648.0256,0.0331007847235028
12099,7285.310304,2,59673667.9296,0.0369352756776692
12100,7285.330304,1,59673688.4992,0.0330362448009507
12101,7285.350304,2,59673707.9936,0.0369352756776692
12102,7285.370304,1,59673727.936,0.0331233224742353
12103,7285.390304,2,59673747.9168,0.0369393734505296
12104,7285.410304,1,59673767.9104,0.0331714713053455
12105,7285.430304,2,59673787.968,0.0369250312455181
12106,7285.450304,1,59673808,0.0331089802692237
12107,7285.470304,2,59673827.9168,0.0368830290736984
12108,7285.490304,1,59673848.1664,0.0332104001475198
12109,7285.510304,2,59673867.9424,0.0367396070235827
12110,7285.530304,1,59673888.0256,0.0330741491999098
12111,7285.550304,2,59673907.9808,0.0368307824697277
12112,7285.570304,1,59673927.9744,0.0331489335546131
12113,7285.590304,2,59673947.9552,0.036651504907083
12114,7285.610304,1,59673967.9488,0.0330526358923925
12115,7285.630304,2,59673988.0448,0.0366443338045772
12116,7285.650304,1,59674008,0.0330802958592005
12117,7285.670304,2,59674028.0064,0.0366279427131354
12118,7285.690304,1,59674048.0256,0.0330690269838343
12119,7285.710304,2,59674068.0576,0.0366156493945541
12120,7285.730304,1,59674088.1792,0.0330731247566947
12121,7285.750304,2,59674108.0192,0.0367631692175303
12122,7285.770304,1,59674127.9744,0.0331335669063864
12123,7285.790304,2,59674148.0192,0.0368041469461348
12124,7285.810304,1,59674168.704,0.0331909357264327
12125,7285.830304,2,59674188.2112,0.0369311779048087
12126,7285.850304,1,59674207.9616,0.0330987358370725
12127,7285.870304,2,59674227.9936,0.0371268465588952
12128,7285.890304,1,59674248.064,0.0330721003134796
12129,7285.910304,2,59674268.0832,0.0371565554121335
12130,7285.930304,1,59674288.0256,0.0331550802139037
12131,7285.950304,2,59674308.0064,0.0370192800213084
12132,7285.970304,1,59674328.0128,0.0331540557706886
12133,7285.990304,2,59674347.9936,0.0369711311901981
12134,7286.010272,1,59674368.0128,0.0331274202470957
12135,7286.030272,2,59674388.0448,0.0369895711680702
12136,7286.050272,1,59674408,0.0331858135103571
12137,7286.070272,2,59674428.0448,0.0370981621488721
12138,7286.090272,1,59674448.1792,0.0331100047124388
12139,7286.110272,2,59674467.9936,0.0370295244534595
12140,7286.130272,1,59674488.0896,0.033121273587805
12141,7286.150272,2,59674508.0448,0.036951666769111
12142,7286.170272,1,59674528.0128,0.0332052779314443
12143,7286.190272,2,59674548.0576,0.0369352756776692
12144,7286.210272,1,59674568,0.0331929846128629
12145,7286.230272,2,59674588.1344,0.0369946933841457
12146,7286.250272,1,59674608.0384,0.0331356157928166
12147,7286.270272,2,59674628.0192,0.0368912246194193
12148,7286.290272,1,59674648.1664,0.0331714713053455
12149,7286.310272,2,59674668.0064,0.0368461491179544
12150,7286.330272,1,59674688.1664,0.0331796668510664
12151,7286.350272,2,59674708.1472,0.0369987911570062
12152,7286.370272,1,59674728.064,0.033157129100334
12153,7286.390272,2,59674748.0192,0.0371135287970988
12154,7286.410272,1,59674768.064,0.0331325424631713
12155,7286.430272,2,59674788.0832,0.0371575798553486
12156,7286.450272,1,59674808.0384,0.0331632757596246
12157,7286.470272,2,59674828.0448,0.0371924109246624
12158,7286.490272,1,59674848.0512,0.0331622513164095
12159,7286.510272,2,59674868.1088,0.037288708586883
12160,7286.530272,1,59674888.2432,0.0332155223635954
12161,7286.550272,2,59674908.0448,0.0372712930522261
12162,7286.570272,1,59674928.064,0.0332104001475198
12163,7286.590272,2,59674948.0448,0.0372077775728891
12164,7286.610272,1,59674968.064,0.0331837646239269
12165,7286.630272,2,59674988.2368,0.0373501751797898
12166,7286.650272,1,59675008.064,0.0332134734771652
12167,7286.670272,2,59675028.0832,0.0371944598110927
12168,7286.690272,1,59675048.1152,0.033203229045014
12169,7286.710272,2,59675068.0448,0.0371422132071219
12170,7286.730272,1,59675088.3072,0.0331284446903108
12171,7286.750272,2,59675108.0704,0.0371309443317557
12172,7286.770272,1,59675128.128,0.03316634908927
12173,7286.790272,2,59675148.3136,0.0374854016841846
12174,7286.810272,1,59675168.064,0.0331796668510664
12175,7286.830272,2,59675188.3008,0.0372661708361506
12176,7286.850272,1,59675208.1408,0.0332093757043047
12177,7286.870272,2,59675228.1344,0.0373327596451329
12178,7286.890272,1,59675248.1536,0.0331878623967873
12179,7286.910272,2,59675268.1856,0.0373030507918946
12180,7286.930272,1,59675288.3584,0.0332144979203803
12181,7286.950272,2,59675308.1984,0.0371995820271682
12182,7286.970272,1,59675328.1152,0.0330833691888459
12183,7286.990272,2,59675348.096,0.0371278710021104
12184,7287.010272,1,59675368.2432,0.0331499579978282
12185,7287.030272,2,59675388.2112,0.0371627020714242
12186,7287.050272,1,59675408.0896,0.0331673735324851
12187,7287.070272,2,59675428.1344,0.0373399307476387
12188,7287.090272,1,59675448.3072,0.0331499579978282
12189,7287.110272,2,59675468.1344,0.0374126662159117
12190,7287.130272,1,59675488.4096,0.0331612268731944
12191,7287.150272,2,59675508.1344,0.0374741328088184
12192,7287.170272,1,59675528.1664,0.0331530313274735
12193,7287.190272,2,59675548.16,0.0375345749585101
12194,7287.210272,1,59675568.2304,0.0331724957485607
12195,7287.230272,2,59675588.2368,0.037598090437847
12196,7287.250272,1,59675608.192,0.0331397135656771
12197,7287.270272,2,59675628.1856,0.0377199991804454
12198,7287.290272,1,59675648.2688,0.0332267912389616
12199,7287.310272,2,59675668.16,0.0377312680558117
12200,7287.330272,1,59675688.3328,0.0331981068289385
12201,7287.350272,2,59675708.4544,0.0376667281332596
12202,7287.370272,1,59675728.1536,0.0331520068842584
12203,7287.390272,2,59675748.1984,0.037588870448911
12204,7287.410272,1,59675768.6272,0.0331069313827934
12205,7287.430272,2,59675788.4032,0.0375489171635216
12206,7287.450272,1,59675808.256,0.0331530313274735
12207,7287.470272,2,59675828.1984,0.0372938308029586
12208,7287.490272,1,59675848.1664,0.0331878623967873
12209,7287.510272,2,59675868.1984,0.0372753908250866
12210,7287.530272,1,59675888.4736,0.0331591779867642
12211,7287.550272,2,59675908.3008,0.0373962751244699
12212,7287.570272,1,59675928.256,0.0331909357264327
12213,7287.590272,2,59675948.4288,0.0372600241768599
12214,7287.610272,1,59675968.256,0.0331827401807118
12215,7287.630272,2,59675988.4672,0.037206753129674
12216,7287.650272,1,59676008.2688,0.0331919601696478
12217,7287.670272,2,59676028.2112,0.0370940643760116
12218,7287.690272,1,59676048.4608,0.0331581535435491
12219,7287.710272,2,59676068.1984,0.037197533140738
12220,7287.730272,1,59676088.4352,0.0332503534329092
12221,7287.750272,2,59676108.3008,0.0372210953346856
12222,7287.770272,1,59676128.2944,0.0332401090007581
12223,7287.790272,2,59676148.2752,0.0372682197225808
12224,7287.810272,1,59676168.2816,0.0331735201917758
12225,7287.830272,2,59676188.5824,0.0371012354785174
12226,7287.850272,1,59676208.32,0.0331653246460549
12227,7287.870272,2,59676228.3392,0.0369690823037679
12228,7287.890272,1,59676248.2048,0.0332052779314443
12229,7287.910272,2,59676268.3008,0.0369987911570062
12230,7287.930272,1,59676288.3968,0.0332001557153687
12231,7287.950272,2,59676308.6848,0.0369178601430123
12232,7287.970272,1,59676328.3712,0.033102833609933
12233,7287.990272,2,59676348.2112,0.0368983957219251
12234,7288.010272,1,59676368.7168,0.0332237179093163
12235,7288.030272,2,59676388.4928,0.037024402237384
12236,7288.050272,1,59676409.0368,0.0331991312721536
12237,7288.070272,2,59676428.3008,0.0372077775728891
12238,7288.090272,1,59676448.2432,0.0332339623414674
12239,7288.110272,2,59676468.3648,0.0373481262933596
12240,7288.130272,1,59676488.5376,0.0330802958592005
12241,7288.150272,2,59676508.3264,0.0374608150470219
12242,7288.170272,1,59676528.3968,0.0331089802692237
12243,7288.190272,2,59676549.1456,0.0374761816952486
12244,7288.210272,1,59676568.3328,0.0331653246460549
12245,7288.230272,2,59676588.3904,0.037542770504231
12246,7288.250272,1,59676608.2816,0.0332083512610896
12247,7288.270272,2,59676628.4416,0.0375274038560043
12248,7288.290272,1,59676648.2816,0.0331837646239269
12249,7288.310272,2,59676668.2752,0.0374085684430512
12250,7288.330272,1,59676688.4864,0.0331612268731944
12251,7288.350272,2,59676708.288,0.0374034462269756
12252,7288.370272,1,59676728.4352,0.0331786424078513
12253,7288.390272,2,59676748.5312,0.0373829573626734
12254,7288.410272,1,59676768.6144,0.0332308890118221
12255,7288.430272,2,59676788.3264,0.0373870551355338
12256,7288.450272,1,59676808.32,0.0331202491445899
12257,7288.470272,2,59676828.3776,0.0373860306923187
12258,7288.490272,1,59676848.3456,0.0331909357264327
12259,7288.510272,2,59676868.3008,0.0373450529637142
12260,7288.530272,1,59676888.4096,0.0331489335546131
12261,7288.550272,2,59676908.3648,0.0374915483434753
12262,7288.570272,1,59676928.4608,0.0331673735324851
12263,7288.590272,2,59676948.3904,0.0374618394902371
12264,7288.610272,1,59676968.3584,0.0332011801585838
12265,7288.630272,2,59676988.416,0.0373716884873071
12266,7288.650272,1,59677008.4224,0.0331909357264327
12267,7288.670272,2,59677028.3776,0.0372477308582785
12268,7288.690272,1,59677048.3584,0.0331858135103571
12269,7288.710272,2,59677068.3648,0.0373624684983711
12270,7288.730272,1,59677088.32,0.0331806912942816
12271,7288.750272,2,59677108.4416,0.0374372528530744
12272,7288.770272,1,59677128.3456,0.0331817157374967
12273,7288.790272,2,59677148.5824,0.0372989530190342
12274,7288.810272,1,59677168.3712,0.0331612268731944
12275,7288.830272,2,59677188.9792,0.0373583707255107
12276,7288.850272,1,59677208.512,0.0331858135103571
12277,7288.870272,2,59677228.3264,0.0374628639334522
12278,7288.890272,1,59677248.4992,0.0331776179646362
12279,7288.910272,2,59677268.5696,0.0376318970639457
12280,7288.930272,1,59677288.384,0.0330977113938574
12281,7288.950272,2,59677308.4544,0.037743561374393
12282,7288.970272,1,59677328.5376,0.0332104001475198
12283,7288.990272,2,59677348.3904,0.0376790214518409
12284,7289.010272,1,59677368.3968,0.0331345913496015
12285,7289.030272,2,59677388.6976,0.0377486835904686
12286,7289.050272,1,59677408.3456,0.0331427868953224
12287,7289.070272,2,59677428.3904,0.037715901407585
12288,7289.090272,1,59677448.3328,0.0331765935214211
12289,7289.110272,2,59677468.48,0.0377804413301371
12290,7289.130272,1,59677488.5248,0.0331622513164095
12291,7289.150272,2,59677508.416,0.037779416886922
12292,7289.170272,1,59677528.4096,0.033175569078206
12293,7289.190272,2,59677548.3648,0.0379412789149097
12294,7289.210272,1,59677568.6016,0.0331110291556539
12295,7289.230272,2,59677589.0688,0.0378941545270146
12296,7289.250272,1,59677608.3968,0.0331591779867642
12297,7289.270272,2,59677628.3648,0.0378664945602065
12298,7289.290272,1,59677648.4224,0.0332001557153687
12299,7289.310272,2,59677668.4032,0.0376646792468293
12300,7289.330272,1,59677688.704,0.0331602024299793
12301,7289.350272,2,59677708.4032,0.0376605814739689
12302,7289.370272,1,59677728.3968,0.0330680025406192
12303,7289.390272,2,59677748.3904,0.0375939926649866
12304,7289.410272,1,59677768.4224,0.0331919601696478
12305,7289.430272,2,59677788.4544,0.0376831192247014
12306,7289.450272,1,59677808.4736,0.0331786424078513
12307,7289.470272,2,59677828.4288,0.0376144815292888
12308,7289.490272,1,59677848.4352,0.0331468846681828
12309,7289.510272,2,59677868.4416,0.03767082590612
12310,7289.530272,1,59677888.6784,0.0331837646239269
12311,7289.550272,2,59677908.4288,0.0375601860388879
12312,7289.570272,1,59677928.4992,0.0331376646792468
12313,7289.590272,2,59677948.4288,0.0375878460056959
12314,7289.610272,1,59677968.4224,0.0330505870059623
12315,7289.630272,2,59677988.6592,0.0377148769643699
12316,7289.650272,1,59678008.5376,0.0330792714159854
12317,7289.670272,2,59678028.4416,0.0375755526871146
12318,7289.690272,1,59678048.6528,0.033121273587805
12319,7289.710272,2,59678068.416,0.0376165304157191
12320,7289.730272,1,59678088.5632,0.0330987358370725
12321,7289.750272,2,59678108.5184,0.037689265883992
12322,7289.770272,1,59678128.6656,0.0331827401807118
12323,7289.790272,2,59678148.5696,0.0377302436125966
12324,7289.810272,1,59678168.5504,0.0331458602249677
12325,7289.830272,2,59678188.6208,0.0376318970639457
12326,7289.850272,1,59678208.448,0.0331550802139037
12327,7289.870272,2,59678228.6336,0.0374925727866904
12328,7289.890272,1,59678248.5248,0.0331540557706886
12329,7289.910272,2,59678268.4672,0.0374034462269756
12330,7289.930272,1,59678288.6912,0.0332011801585838
12331,7289.950272,2,59678308.5568,0.0373962751244699
12332,7289.970272,1,59678328.4352,0.0331765935214211
12333,7289.990272,2,59678348.48,0.0373050996783248
12334,7290.010272,1,59678368.4736,0.0331837646239269
12335,7290.030272,2,59678388.5824,0.0374403261827197
12336,7290.050272,1,59678408.6784,0.0331100047124388
12337,7290.070272,2,59678428.6208,0.0373491507365747
12338,7290.090272,1,59678448.6272,0.0331929846128629
12339,7290.110272,2,59678468.4928,0.0374013973405454
12340,7290.130272,1,59678488.6784,0.0331724957485607
12341,7290.150272,2,59678508.672,0.0374229106480628
12342,7290.170272,1,59678528.6784,0.0331448357817526
12343,7290.190272,2,59678548.4928,0.0374690105927428
12344,7290.210272,1,59678568.6016,0.0331643002028398
12345,7290.230272,2,59678588.5952,0.0374843772409695
12346,7290.250272,1,59678608.704,0.0331776179646362
12347,7290.270272,2,59678628.8384,0.0376380437232364
12348,7290.290272,1,59678648.6912,0.0331530313274735
12349,7290.310272,2,59678668.5184,0.0376114081996435
12350,7290.330272,1,59678689.3056,0.0332411334439732
12351,7290.350272,2,59678708.544,0.0377599524658348
12352,7290.370272,1,59678728.5632,0.0331622513164095
12353,7290.390272,2,59678748.5184,0.0377456102608232
12354,7290.410272,1,59678768.5376,0.0331499579978282
12355,7290.430272,2,59678788.5056,0.0376964369864978
12356,7290.450272,1,59678808.5632,0.0332411334439732
12357,7290.470272,2,59678828.8896,0.037706681418649
12358,7290.490272,1,59678848.5248,0.0331960579425082
12359,7290.510272,2,59678868.5312,0.0377671235683406
12360,7290.530272,1,59678889.0368,0.0331182002581597
12361,7290.550272,2,59678908.5696,0.0378429323662589
12362,7290.570272,1,59678928.576,0.0332093757043047
12363,7290.590272,2,59678948.5696,0.0379013256295204
12364,7290.610272,1,59678968.6016,0.0331253713606655
12365,7290.630272,2,59678988.5696,0.0378839100948634
12366,7290.650272,1,59679008.5632,0.0331294691335259
12367,7290.670272,2,59679028.5184,0.0377353658286721
12368,7290.690272,1,59679048.5504,0.033229864568607
12369,7290.710272,2,59679068.6464,0.0376841436679165
12370,7290.730272,1,59679088.9472,0.0332011801585838
12371,7290.750272,2,59679108.6208,0.0376820947814863
12372,7290.770272,1,59679128.7168,0.0331868379535722
12373,7290.790272,2,59679148.8896,0.0376124326428586
12374,7290.810272,1,59679168.6272,0.0331643002028398
12375,7290.830272,2,59679188.864,0.0375407216178007
12376,7290.850272,1,59679208.6272,0.033229864568607
12377,7290.870272,2,59679228.6336,0.0375437949474461
12378,7290.890272,1,59679248.6272,0.0331509824410433
12379,7290.910272,2,59679268.672,0.0374802794681091
12380,7290.930272,1,59679288.6656,0.0332073268178745
12381,7290.950272,2,59679308.608,0.0374413506259348
12382,7290.970272,1,59679328.5888,0.0332175712500256
12383,7290.990272,2,59679348.5696,0.0373716884873071
12384,7291.010272,1,59679368.64,0.0332022046017989
12385,7291.030272,2,59679388.7744,0.0373686151576618
12386,7291.050272,1,59679408.7424,0.0331868379535722
12387,7291.070272,2,59679428.8512,0.0372364619829123
12388,7291.090272,1,59679448.5888,0.0331417624521073
12389,7291.110272,2,59679468.6976,0.0371842153789415
12390,7291.130272,1,59679488.7168,0.0331632757596246
12391,7291.150272,2,59679508.6208,0.0372088020161043
12392,7291.170272,1,59679529.536,0.0331561046571189
12393,7291.190272,2,59679548.6464,0.0371627020714242
12394,7291.210272,1,59679568.64,0.0332185956932407
12395,7291.230272,2,59679588.6464,0.0373409551908538
12396,7291.250272,1,59679608.64,0.0330997602802877
12397,7291.270272,2,59679628.9152,0.0373727129305223
12398,7291.290272,1,59679648.64,0.0331417624521073
12399,7291.310272,2,59679669.0048,0.0374095928862663
12400,7291.330272,1,59679688.832,0.033194009056078
12401,7291.350272,2,59679708.6336,0.0374577417173766
12402,7291.370272,1,59679728.6784,0.0331909357264327
12403,7291.390272,2,59679748.6976,0.0376738992357654
12404,7291.410272,1,59679768.6528,0.0331294691335259
12405,7291.430272,2,59679788.672,0.0377240969533059
12406,7291.450272,1,59679809.2928,0.0331724957485607
12407,7291.470272,2,59679828.6592,0.0375857971192657
12408,7291.490272,1,59679848.8064,0.0331366402360317
12409,7291.510272,2,59679868.7616,0.0375499416067367
12410,7291.530272,1,59679888.8064,0.0331499579978282
12411,7291.550272,2,59679908.7488,0.0374628639334522
12412,7291.570272,1,59679928.7936,0.0332267912389616
12413,7291.590272,2,59679948.6592,0.0374874505706149
12414,7291.610272,1,59679968.704,0.0331868379535722
12415,7291.630272,2,59679988.736,0.0377128280779396
12416,7291.650272,1,59680008.8576,0.0331489335546131
12417,7291.670272,2,59680028.6976,0.0379187411641773
12418,7291.690272,1,59680048.6784,0.0331315180199562
12419,7291.710272,2,59680068.672,0.0380949453971766
12420,7291.730272,1,59680088.7296,0.0332319134550372
12421,7291.750272,2,59680108.736,0.0382680763005307
12422,7291.770272,1,59680128.8576,0.033184789067142
12423,7291.790272,2,59680149.1584,0.038098018726822
12424,7291.810272,1,59680168.6656,0.0331468846681828
12425,7291.830272,2,59680188.7232,0.0379627922224271
12426,7291.850272,1,59680208.6912,0.0331161513717295
12427,7291.870272,2,59680228.6976,0.0379218144938226
12428,7291.890272,1,59680248.7168,0.033112053598869
12429,7291.910272,2,59680268.9664,0.0379863544163747
12430,7291.930272,1,59680288.7552,0.0331438113385375
12431,7291.950272,2,59680308.7232,0.0378972278566599
12432,7291.970272,1,59680328.8448,0.0330905402913516
12433,7291.990272,2,59680348.8384,0.0379884033028049
12434,7292.010272,1,59680368.6784,0.0331151269285144
12435,7292.030272,2,59680388.7488,0.0379084967320261
12436,7292.050272,1,59680408.8064,0.033194009056078
12437,7292.070272,2,59680428.8,0.0380181121560432
12438,7292.090272,1,59680448.8576,0.0330382936873809
12439,7292.110272,2,59680468.7232,0.0378972278566599
12440,7292.130272,1,59680488.9472,0.0331417624521073
12441,7292.150272,2,59680508.7616,0.0380334788042699
12442,7292.170272,1,59680528.8192,0.0331673735324851
12443,7292.190272,2,59680548.8384,0.0379187411641773
12444,7292.210272,1,59680569.0112,0.0331694224189153
12445,7292.230272,2,59680588.8256,0.038016063269613
12446,7292.250272,1,59680608.9472,0.032957362673387
12447,7292.270272,2,59680628.736,0.0378880078677239
12448,7292.290272,1,59680648.7424,0.0331315180199562
12449,7292.310272,2,59680668.7872,0.0380027455078165
12450,7292.330272,1,59680689.9328,0.0330802958592005
12451,7292.350272,2,59680708.7488,0.0378839100948634
12452,7292.370272,1,59680728.8832,0.0330905402913516
12453,7292.390272,2,59680748.8,0.037788636875858
12454,7292.410272,1,59680768.832,0.0331643002028398
12455,7292.430272,2,59680789.0816,0.0377456102608232
12456,7292.450272,1,59680808.9216,0.0331386891224619
12457,7292.470272,2,59680828.7872,0.0378910811973692
12458,7292.490272,1,59680849.344,0.0331724957485607
12459,7292.510272,2,59680868.8128,0.0380099166103223
12460,7292.530272,1,59680888.8832,0.0330915647345668
12461,7292.550272,2,59680908.7872,0.0382578318683795
12462,7292.570272,1,59680928.8064,0.0330096092773578
12463,7292.590272,2,59680948.7744,0.0384668182842625
12464,7292.610272,1,59680968.8704,0.033184789067142
12465,7292.630272,2,59680988.8128,0.0384811604892741
12466,7292.650272,1,59681008.7808,0.0331643002028398
12467,7292.670272,2,59681028.9408,0.0384791116028439
12468,7292.690272,1,59681048.8576,0.033130493576741
12469,7292.710272,2,59681069.0432,0.0384371094310242
12470,7292.730272,1,59681089.2288,0.0330628803245436
12471,7292.750272,2,59681109.1072,0.0384678427274776
12472,7292.770272,1,59681128.9728,0.0331591779867642
12473,7292.790272,2,59681148.7872,0.0383920339295593
12474,7292.810272,1,59681168.8192,0.0330813203024156
12475,7292.830272,2,59681189.1456,0.0382332452312168
12476,7292.850272,1,59681209.6512,0.0331786424078513
12477,7292.870272,2,59681228.9792,0.0381666564222345
12478,7292.890272,1,59681248.9984,0.0331407380088922
12479,7292.910272,2,59681268.9024,0.0381656319790194
12480,7292.930272,1,59681288.8832,0.0331192247013748
12481,7292.950272,2,59681308.8,0.0382680763005307
12482,7292.970272,1,59681328.832,0.0331786424078513
12483,7292.990272,2,59681348.9024,0.0382885651648329
12484,7293.010272,1,59681368.8192,0.0330505870059623
12485,7293.030272,2,59681389.7472,0.0381092876021882
12486,7293.050272,1,59681408.9472,0.0331509824410433
12487,7293.070272,2,59681428.8384,0.0379627922224271
12488,7293.090272,1,59681449.024,0.0331263958038806
12489,7293.110272,2,59681468.8256,0.0379289855963284
12490,7293.130272,1,59681489.3184,0.0331673735324851
12491,7293.150272,2,59681509.0816,0.037907472288811
12492,7293.170272,1,59681528.9984,0.033220644579671
12493,7293.190272,2,59681549.2736,0.0380447476796361
12494,7293.210272,1,59681569.5872,0.0331632757596246
12495,7293.230272,2,59681588.9024,0.0379965988485258
12496,7293.250272,1,59681608.8704,0.0331325424631713
12497,7293.270272,2,59681628.864,0.037980207757084
12498,7293.290272,1,59681648.8832,0.03321244903395
12499,7293.310272,2,59681668.8896,0.0379064478455959
12500,7293.330272,1,59681689.1648,0.0331059069395783
12501,7293.350272,2,59681708.8896,0.0378839100948634
12502,7293.370272,1,59681729.9968,0.0331192247013748
12503,7293.390272,2,59681748.864,0.0379033745159506
12504,7293.410272,1,59681768.8832,0.0331479091113979
12505,7293.430272,2,59681788.9664,0.0379125945048866
12506,7293.450272,1,59681808.9728,0.0331018091667179
12507,7293.470272,2,59681828.864,0.0379658655520724
12508,7293.490272,1,59681848.8704,0.0331253713606655
12509,7293.510272,2,59681868.8896,0.0379699633249329
12510,7293.530272,1,59681888.9472,0.0331376646792468
12511,7293.550272,2,59681908.9536,0.0379750855410085
12512,7293.570272,1,59681929.3824,0.033112053598869
12513,7293.590272,2,59681948.9152,0.0377015592025734
12514,7293.610272,1,59681968.8832,0.0331683979757002
12515,7293.630272,2,59681989.2096,0.0377753191140615
12516,7293.650272,1,59682008.9472,0.033075173643125
12517,7293.670272,2,59682029.0304,0.0377056569754338
12518,7293.690272,1,59682049.088,0.0331683979757002
12519,7293.710272,2,59682069.056,0.0377169258508001
12520,7293.730272,1,59682088.9856,0.0331407380088922
12521,7293.750272,2,59682109.0944,0.0378173212858811
12522,7293.770272,1,59682129.0624,0.0330761980863401
12523,7293.790272,2,59682149.2096,0.0377609769090499
12524,7293.810272,1,59682169.0112,0.0330956625074272
12525,7293.830272,2,59682189.4272,0.0376872169975618
12526,7293.850272,1,59682209.0112,0.0331407380088922
12527,7293.870272,2,59682229.2224,0.0376646792468293
12528,7293.890272,1,59682249.0752,0.0330997602802877
12529,7293.910272,2,59682269.1584,0.0376032126539226
12530,7293.930272,1,59682289.5872,0.0331335669063864
12531,7293.950272,2,59682308.9408,0.0376575081443236
12532,7293.970272,1,59682328.9344,0.0330567336652529
12533,7293.990272,2,59682348.928,0.0377118036347245
12534,7294.010272,1,59682369.0496,0.0331591779867642
12535,7294.030272,2,59682389.0816,0.0378183457290962
12536,7294.050272,1,59682408.9856,0.0331427868953224
12537,7294.070272,2,59682429.056,0.0380170877128281
12538,7294.090272,1,59682448.9984,0.0330905402913516
12539,7294.110272,2,59682468.9408,0.0381205564775544
12540,7294.130272,1,59682489.1392,0.0331448357817526
12541,7294.150272,2,59682509.3376,0.0379464011309853
12542,7294.170272,1,59682528.9728,0.0331653246460549
12543,7294.190272,2,59682548.9792,0.037907472288811
12544,7294.210272,1,59682571.072,0.0331673735324851
12545,7294.230272,2,59682588.9792,0.0380949453971766
12546,7294.250272,1,59682609.0112,0.0331335669063864
12547,7294.270272,2,59682629.1968,0.0382578318683795
12548,7294.290272,1,59682649.4464,0.0332063023746594
12549,7294.310272,2,59682668.992,0.0381543631036532
12550,7294.330272,1,59682689.088,0.0331141024852992
12551,7294.350272,2,59682708.9536,0.0380549921117872
12552,7294.370272,1,59682728.96,0.0331366402360317
12553,7294.390272,2,59682749.2224,0.0381144098182638
12554,7294.410272,1,59682768.9984,0.0331110291556539
12555,7294.430272,2,59682789.056,0.0381932919458274
12556,7294.450272,1,59682808.9728,0.0331509824410433
12557,7294.470272,2,59682829.0304,0.038034503247485
12558,7294.490272,1,59682849.0112,0.0331683979757002
12559,7294.510272,2,59682869.0176,0.0379003011863052
12560,7294.530272,1,59682889.0496,0.0331110291556539
12561,7294.550272,2,59682909.0816,0.0379310344827586
12562,7294.570272,1,59682929.1136,0.0330772225295552
12563,7294.590272,2,59682949.0304,0.0377835146597824
12564,7294.610272,1,59682969.0752,0.0331448357817526
12565,7294.630272,2,59682989.0432,0.0377179502940152
12566,7294.650272,1,59683009.088,0.0331294691335259
12567,7294.670272,2,59683029.0176,0.0377568791361895
12568,7294.690272,1,59683049.0368,0.0330608314381134
12569,7294.710272,2,59683069.9136,0.0377087303050792
12570,7294.730272,1,59683089.1392,0.0330721003134796
12571,7294.750272,2,59683109.1072,0.0375294527424345
12572,7294.770272,1,59683129.024,0.0331059069395783
12573,7294.790272,2,59683149.0432,0.0374802794681091
12574,7294.810272,1,59683169.024,0.0330690269838343
12575,7294.830272,2,59683189.0816,0.03735222406622
12576,7294.850272,1,59683209.0496,0.0330977113938574
12577,7294.870272,2,59683229.056,0.0374669617063126
12578,7294.890272,1,59683249.2288,0.0331110291556539
12579,7294.910272,2,59683269.2224,0.0374618394902371
12580,7294.930272,1,59683289.2032,0.0330096092773578
12581,7294.950272,2,59683309.0432,0.0374331550802139
12582,7294.970272,1,59683329.0752,0.0331243469174504
12583,7294.990272,2,59683349.0816,0.0374198373184174
12584,7295.010272,1,59683369.2032,0.0331059069395783
12585,7295.030272,2,59683389.2864,0.0375007683324113
12586,7295.050272,1,59683409.3568,0.0331356157928166
12587,7295.070272,2,59683429.1328,0.0375857971192657
12588,7295.090272,1,59683449.1008,0.0330546847788227
12589,7295.110272,2,59683469.184,0.0377579035794046
12590,7295.130272,1,59683489.216,0.0330721003134796
12591,7295.150272,2,59683509.12,0.0379228389370377
12592,7295.170272,1,59683529.1776,0.0330167803798635
12593,7295.190272,2,59683549.76,0.0381676808654496
12594,7295.210272,1,59683569.9072,0.0330946380642121
12595,7295.230272,2,59683589.6448,0.038153338660438
12596,7295.250272,1,59683609.856,0.0330516114491774
12597,7295.270272,2,59683629.1456,0.0382906140512631
12598,7295.290272,1,59683649.1008,0.0330516114491774
12599,7295.310272,2,59683669.0944,0.0383910094863442
12600,7295.330272,1,59683689.1264,0.0330813203024156
12601,7295.350272,2,59683709.1328,0.0384453049767451
12602,7295.370272,1,59683729.344,0.0330341959145205
12603,7295.390272,2,59683749.3632,0.0385569692871924
12604,7295.410272,1,59683769.2416,0.0331499579978282
12605,7295.430272,2,59683789.44,0.0386358514147561
12606,7295.450272,1,59683809.2288,0.0331038580531481
12607,7295.470272,2,59683829.4144,0.0386758047001455
12608,7295.490272,1,59683849.1264,0.0331222980310201
12609,7295.510272,2,59683869.6448,0.0386686335976397
12610,7295.530272,1,59683889.2928,0.0331550802139037
12611,7295.550272,2,59683910.0672,0.0387690290327207
12612,7295.570272,1,59683929.1776,0.033175569078206
12613,7295.590272,2,59683949.6192,0.0386737558137152
12614,7295.610272,1,59683969.4208,0.0331550802139037
12615,7295.630272,2,59683989.4144,0.0384053516913557
12616,7295.650272,1,59684009.152,0.0331468846681828
12617,7295.670272,2,59684029.7472,0.0381543631036532
12618,7295.690272,1,59684049.3184,0.0331530313274735
12619,7295.710272,2,59684069.5552,0.0381215809207696
12620,7295.730272,1,59684089.2672,0.0330557092220378
12621,7295.750272,2,59684109.2736,0.0379863544163747
12622,7295.770272,1,59684131.2768,0.0331335669063864
12623,7295.790272,2,59684149.6576,0.0378306390476776
12624,7295.810272,1,59684169.1648,0.0331222980310201
12625,7295.830272,2,59684189.2352,0.0377077058618641
12626,7295.850272,1,59684209.1648,0.0331427868953224
12627,7295.870272,2,59684229.1584,0.0377087303050792
12628,7295.890272,1,59684249.4976,0.0331499579978282
12629,7295.910272,2,59684269.2096,0.0378040035240847
12630,7295.930272,1,59684289.4976,0.0331069313827934
12631,7295.950272,2,59684309.5808,0.0377445858176081
12632,7295.970272,1,59684329.28,0.0330997602802877
12633,7295.990272,2,59684349.3504,0.0377671235683406
12634,7296.010272,1,59684369.6,0.033239084557543
12635,7296.030272,2,59684389.2352,0.0377538058065441
12636,7296.050272,1,59684409.4848,0.033220644579671
12637,7296.070272,2,59684429.6704,0.0378757145491425
12638,7296.090272,1,59684449.4336,0.0332442067736185
12639,7296.110272,2,59684469.6064,0.0380570409982175
12640,7296.130272,1,59684489.5616,0.033175569078206
12641,7296.150272,2,59684509.4144,0.0380334788042699
12642,7296.170272,1,59684530.112,0.0331499579978282
12643,7296.190272,2,59684549.4912,0.0380939209539615
12644,7296.210272,1,59684569.7152,0.0331960579425082
12645,7296.230272,2,59684589.9648,0.038198414161903
12646,7296.250272,1,59684609.6384,0.0330864425184912
12647,7296.270272,2,59684629.696,0.0383838383838384
12648,7296.290272,1,59684649.6256,0.033184789067142
12649,7296.310272,2,59684669.3248,0.0383387628823734
12650,7296.330272,1,59684689.7024,0.0330761980863401
12651,7296.350272,2,59684709.3504,0.0381246542504149
12652,7296.370272,1,59684729.984,0.0330792714159854
12653,7296.390272,2,59684749.8496,0.0380713832032291
12654,7296.410272,1,59684769.3696,0.0331468846681828
12655,7296.430272,2,59684790.0928,0.0380181121560432
12656,7296.450272,1,59684809.4208,0.0331141024852992
12657,7296.470272,2,59684829.6832,0.0382578318683795
12658,7296.490272,1,59684849.216,0.0331745446349909
12659,7296.510272,2,59684869.6576,0.0384227672260127
12660,7296.530272,1,59684889.5616,0.0330966869506423
12661,7296.550272,2,59684909.376,0.0384473538631754
12662,7296.570272,1,59684929.2416,0.0331489335546131
12663,7296.590272,2,59684949.4912,0.0385200893314484
12664,7296.610272,1,59684969.4464,0.0330321470280902
12665,7296.630272,2,59684989.696,0.0384043272481406
12666,7296.650272,1,59685009.28,0.0332052779314443
12667,7296.670272,2,59685029.2352,0.0383602761898908
12668,7296.690272,1,59685049.2672,0.0331468846681828
12669,7296.710272,2,59685069.2736,0.0381717786383101
12670,7296.730272,1,59685089.3184,0.0330352203577356
12671,7296.750272,2,59685109.5296,0.0383029073698445
12672,7296.770272,1,59685129.536,0.0330126826070031
12673,7296.790272,2,59685149.4656,0.0385538959575471
12674,7296.810272,1,59685170.1632,0.0331100047124388
12675,7296.830272,2,59685189.376,0.0389739176757432
12676,7296.850272,1,59685209.3696,0.0330874669617063
12677,7296.870272,2,59685229.5424,0.0391275841580101
12678,7296.890272,1,59685249.7152,0.0330618558813285
12679,7296.910272,2,59685269.5936,0.0388438133874239
12680,7296.930272,1,59685289.6256,0.0330229270391542
12681,7296.950272,2,59685309.376,0.0387137090991046
12682,7296.970272,1,59685329.28,0.0330413670170262
12683,7296.990272,2,59685349.3376,0.0384494027496056
12684,7297.010272,1,59685371.3536,0.0330567336652529
12685,7297.030272,2,59685389.76,0.038489356034995
12686,7297.050272,1,59685409.3056,0.0331427868953224
12687,7297.070272,2,59685429.4912,0.0383766672813326
12688,7297.090272,1,59685449.3056,0.0330813203024156
12689,7297.110272,2,59685469.2992,0.0382865162784027
12690,7297.130272,1,59685489.3312,0.033075173643125
12691,7297.150272,2,59685510.08,0.038144118671502
12692,7297.170272,1,59685529.3312,0.0330444403466716
12693,7297.190272,2,59685549.5808,0.0382598807548098
12694,7297.210272,1,59685569.3568,0.0330280492552298
12695,7297.230272,2,59685589.952,0.0385159915585879
12696,7297.250272,1,59685609.3312,0.0330884914049214
12697,7297.270272,2,59685629.3376,0.0386993668940931
12698,7297.290272,1,59685649.8048,0.0330792714159854
12699,7297.310272,2,59685669.3632,0.0389093777531911
12700,7297.330272,1,59685689.5744,0.0331397135656771
12701,7297.350272,2,59685709.7344,0.0389595754707317
12702,7297.370272,1,59685730.1248,0.0330290736984449
12703,7297.390272,2,59685749.6064,0.0389493310385805
12704,7297.410272,1,59685769.5872,0.0331018091667179
12705,7297.430272,2,59685789.6448,0.038880693343168
12706,7297.450272,1,59685810.0352,0.0330669780974041
12707,7297.470272,2,59685830.1312,0.0387587846005696
12708,7297.490272,1,59685849.4464,0.0330352203577356
12709,7297.510272,2,59685869.9776,0.0387557112709243
12710,7297.530272,1,59685889.536,0.033112053598869
12711,7297.550272,2,59685910.0288,0.0389657221300223
12712,7297.570272,1,59685929.856,0.0331079558260086
12713,7297.590272,2,59685950.2592,0.0392484684573934
12714,7297.610272,1,59685969.792,0.0330557092220378
12715,7297.630272,2,59685990.1696,0.0394041838260905
12716,7297.650272,1,59686009.8688,0.0330925891777819
12717,7297.670272,2,59686029.3504,0.0393765238592825
12718,7297.690272,1,59686049.3696,0.033048538119532
12719,7297.710272,2,59686069.5296,0.0393754994160674
12720,7297.730272,1,59686090.2912,0.033084393632061
12721,7297.750272,2,59686109.376,0.0393406683467535
12722,7297.770272,1,59686129.3568,0.0330884914049214
12723,7297.790272,2,59686149.3632,0.0392279795930912
12724,7297.810272,1,59686169.5616,0.0330167803798635
12725,7297.830272,2,59686189.7984,0.0392546151166841
12726,7297.850272,1,59686209.9712,0.0330608314381134
12727,7297.870272,2,59686229.3632,0.0391654885569693
12728,7297.890272,1,59686249.3568,0.0331673735324851
12729,7297.910272,2,59686269.8752,0.0390855819861905
12730,7297.930272,1,59686289.6,0.0331325424631713
12731,7297.950272,2,59686309.6832,0.0390548486897371
12732,7297.970272,1,59686329.3952,0.0331858135103571
12733,7297.990272,2,59686349.9776,0.0390251398364989
12734,7298.010272,1,59686370.0224,0.0331222980310201
12735,7298.030272,2,59686389.6832,0.0387239535312558
12736,7298.050272,1,59686409.9584,0.0331356157928166
12737,7298.070272,2,59686430.016,0.0386286803122503
12738,7298.090272,1,59686449.9072,0.0330721003134796
12739,7298.110272,2,59686469.4272,0.0385508226279017
12740,7298.130272,1,59686489.728,0.0331509824410433
12741,7298.150272,2,59686509.632,0.0385497981846866
12742,7298.170272,1,59686530.1888,0.0331069313827934
12743,7298.190272,2,59686549.9776,0.0385784825947098
12744,7298.210272,1,59686571.392,0.0331837646239269
12745,7298.230272,2,59686590.2208,0.0384483783063905
12746,7298.250272,1,59686609.728,0.0330106337205729
12747,7298.270272,2,59686629.504,0.0382281230151413
12748,7298.290272,1,59686649.7408,0.0330669780974041
12749,7298.310272,2,59686669.7088,0.0380375765771303
12750,7298.330272,1,59686689.5488,0.0331192247013748
12751,7298.350272,2,59686710.0032,0.0379935255188805
12752,7298.370272,1,59686729.4592,0.0331059069395783
12753,7298.390272,2,59686749.4528,0.0382137808101297
12754,7298.410272,1,59686769.472,0.0330331714713053
12755,7298.430272,2,59686789.4912,0.0383838383838384
12756,7298.450272,1,59686809.4464,0.0330802958592005
12757,7298.470272,2,59686829.4784,0.0384340361013789
12758,7298.490272,1,59686849.9968,0.0330659536541889
12759,7298.510272,2,59686869.568,0.0383510562009548
12760,7298.530272,1,59686889.984,0.0330987358370725
12761,7298.550272,2,59686909.5808,0.0382588563115947
12762,7298.570272,1,59686929.6512,0.0330362448009507
12763,7298.590272,2,59686949.4912,0.0383008584834143
12764,7298.610272,1,59686970.304,0.0331683979757002
12765,7298.630272,2,59686989.504,0.0381082631589731
12766,7298.650272,1,59687009.536,0.0330772225295552
12767,7298.670272,2,59687029.504,0.038371545065257
12768,7298.690272,1,59687049.9712,0.0331632757596246
12769,7298.710272,2,59687069.824,0.0386788780297908
12770,7298.730272,1,59687089.6512,0.033075173643125
12771,7298.750272,2,59687110.272,0.0391388530333764
12772,7298.770272,1,59687130.0224,0.0330884914049214
12773,7298.790272,2,59687149.5168,0.039527117011904
12774,7298.810272,1,59687169.5104,0.0331079558260086
12775,7298.830272,2,59687189.5552,0.0395742413997992
12776,7298.850272,1,59687210.0096,0.0330567336652529
12777,7298.870272,2,59687229.5808,0.0394000860532301
12778,7298.890272,1,59687251.3024,0.033057758108468
12779,7298.910272,2,59687269.7472,0.0392730550945561
12780,7298.930272,1,59687290.2016,0.0330106337205729
12781,7298.950272,2,59687309.6704,0.0391193886122892
12782,7298.970272,1,59687329.6256,0.0330966869506423
12783,7298.990272,2,59687349.5936,0.0390958264183416
12784,7299.010272,1,59687369.8048,0.033121273587805
12785,7299.030272,2,59687390.5024,0.0390476775872313
12786,7299.050272,1,59687409.8176,0.0331581535435491
12787,7299.070272,2,59687429.6064,0.0393867682914336
12788,7299.090272,1,59687449.5104,0.0330434159034565
12789,7299.110272,2,59687470.0416,0.0394379904521892
12790,7299.130272,1,59687490.2016,0.0331007847235028
12791,7299.150272,2,59687509.5296,0.0394472104411252
12792,7299.170272,1,59687530.496,0.0330956625074272
12793,7299.190272,2,59687549.5936,0.0392843239699223
12794,7299.210272,1,59687569.536,0.0330372692441658
12795,7299.230272,2,59687589.7216,0.0391388530333764
12796,7299.250272,1,59687609.6256,0.0330229270391542
12797,7299.270272,2,59687629.5552,0.0390825086565452
12798,7299.290272,1,59687649.6384,0.0330536603356076
12799,7299.310272,2,59687670.208,0.0390159198475628
12800,7299.330272,1,59687689.6128,0.0330925891777819
12801,7299.350272,2,59687709.888,0.0392792017538468
12802,7299.370272,1,59687729.6128,0.0330690269838343
12803,7299.390272,2,59687750.1952,0.0393048128342246
12804,7299.410272,1,59687769.7024,0.033093613620997
12805,7299.430272,2,59687790.2336,0.0392556395598992
12806,7299.450272,1,59687809.6384,0.0330362448009507
12807,7299.470272,2,59687829.5552,0.0389882598807548
12808,7299.490272,1,59687849.5744,0.0330721003134796
12809,7299.510272,2,59687869.6192,0.039016944290778
12810,7299.530272,1,59687889.6896,0.03303009814166
12811,7299.550272,2,59687910.1952,0.0390937775319114
12812,7299.570272,1,59687929.6768,0.0330669780974041
12813,7299.590272,2,59687949.6192,0.0394738459647182
12814,7299.610272,1,59687970.6112,0.0330382936873809
12815,7299.630272,2,59687990.6432,0.0393529616653349
12816,7299.650272,1,59688009.6,0.0330454647898867
12817,7299.670272,2,59688029.6064,0.0390784108836847
12818,7299.690272,1,59688049.6128,0.0330137070502182
12819,7299.710272,2,59688069.6448,0.0389196221853423
12820,7299.730272,1,59688091.8016,0.0330700514270494
12821,7299.750272,2,59688110.1312,0.0386594136087037
12822,7299.770272,1,59688129.7024,0.0331079558260086
12823,7299.790272,2,59688149.9392,0.0387311246337616
12824,7299.810272,1,59688169.5872,0.0330977113938574
12825,7299.830272,2,59688190.8608,0.0387823467945172
12826,7299.850272,1,59688209.6128,0.0331315180199562
12827,7299.870272,2,59688229.8112,0.0387567357141394
12828,7299.890272,1,59688249.9968,0.0330290736984449
12829,7299.910272,2,59688269.6192,0.038726002417686
12830,7299.930272,1,59688289.6768,0.0330792714159854
12831,7299.950272,2,59688309.9136,0.0385538959575471
12832,7299.970272,1,59688329.6256,0.0330065359477124
12833,7299.990272,2,59688349.6832,0.0384237916692278
12834,7300.010272,1,59688369.6768,0.0331222980310201
12835,7300.030272,2,59688389.7344,0.0384842338189194
12836,7300.050272,1,59688409.6512,0.0330628803245436
12837,7300.070272,2,59688429.7856,0.0383008584834143
12838,7300.090272,1,59688449.7152,0.0330382936873809
12839,7300.110272,2,59688469.9904,0.0381973897186879
12840,7300.130272,1,59688490.0608,0.0330106337205729
12841,7300.150272,2,59688510.0544,0.0379976232917409
12842,7300.170272,1,59688529.7792,0.0330382936873809
12843,7300.190272,2,59688549.7984,0.0381512897740078
12844,7300.210272,1,59688570.0864,0.0330864425184912
12845,7300.230272,2,59688589.6704,0.0382824185055422
12846,7300.250272,1,59688609.8816,0.0330997602802877
12847,7300.270272,2,59688629.696,0.0381308009097056
12848,7300.290272,1,59688649.7536,0.03303009814166
12849,7300.310272,2,59688669.696,0.0383141762452107
12850,7300.330272,1,59688689.7664,0.033102833609933
12851,7300.350272,2,59688709.6832,0.0384094494642162
12852,7300.370272,1,59688729.7024,0.0331489335546131
12853,7300.390272,2,59688749.7472,0.0386829758026513
12854,7300.410272,1,59688770.3808,0.0330956625074272
12855,7300.430272,2,59688789.7344,0.0387341979634069
12856,7300.450272,1,59688809.7536,0.0330895158481365
12857,7300.470272,2,59688829.8368,0.0386122892208085
12858,7300.490272,1,59688849.8304,0.0330680025406192
12859,7300.510272,2,59688871.7056,0.0385405781957506
12860,7300.530272,1,59688890.88,0.0331192247013748
12861,7300.550272,2,59688911.6544,0.0388110312045403
12862,7300.570272,1,59688929.7664,0.0330997602802877
12863,7300.590272,2,59688952.0384,0.0389851865511095
12864,7300.610272,1,59688969.7024,0.0330813203024156
12865,7300.630272,2,59688991.8976,0.0390066998586268
12866,7300.650272,1,59689010.4576,0.03316634908927
12867,7300.670272,2,59689030.1568,0.0389308910607085
12868,7300.690272,1,59689049.7536,0.0330700514270494
12869,7300.710272,2,59689070.3232,0.0388161534206159
12870,7300.730272,1,59689090.3808,0.0330895158481365
12871,7300.750272,2,59689109.824,0.0386635113815641
12872,7300.770272,1,59689129.728,0.0331100047124388
12873,7300.790272,2,59689149.7088,0.0384289138853033
12874,7300.810272,1,59689169.8048,0.0331540557706886
12875,7300.830272,2,59689189.7856,0.0383643739627512
12876,7300.850272,1,59689209.7536,0.0331858135103571
12877,7300.870272,2,59689229.8112,0.0383951072592046
12878,7300.890272,1,59689249.8048,0.0330680025406192
12879,7300.910272,2,59689269.76,0.0382680763005307
12880,7300.930272,1,59689289.8944,0.0330895158481365
12881,7300.950272,2,59689309.9776,0.038453500522466
12882,7300.970272,1,59689329.8176,0.0330966869506423
12883,7300.990272,2,59689349.7216,0.0383797406109779
12884,7301.010272,1,59689369.8432,0.0330423914602414
12885,7301.030272,2,59689389.9008,0.038353105087385
12886,7301.050272,1,59689410.112,0.0331048824963632
12887,7301.070272,2,59689429.888,0.0383776917245477
12888,7301.090272,1,59689450.048,0.0331253713606655
12889,7301.110272,2,59689469.8752,0.038353105087385
12890,7301.130272,1,59689492.3264,0.0331059069395783
12891,7301.150272,2,59689510.1696,0.0382209519126355
12892,7301.170272,1,59689529.8816,0.0330864425184912
12893,7301.190272,2,59689549.7984,0.0382731985166062
12894,7301.210272,1,59689569.7792,0.0331192247013748
12895,7301.230272,2,59689589.8496,0.0382496363226586
12896,7301.250272,1,59689609.856,0.0331100047124388
12897,7301.270272,2,59689630.1696,0.0381728030815252
12898,7301.290272,1,59689649.8688,0.0330864425184912
12899,7301.310272,2,59689669.9264,0.0382096830372692
12900,7301.330272,1,59689690.112,0.0331182002581597
12901,7301.350272,2,59689709.9264,0.0383223717909316
12902,7301.370272,1,59689729.8176,0.0330659536541889
12903,7301.390272,2,59689749.9008,0.03826192964124
12904,7301.410272,1,59689769.9072,0.033093613620997
12905,7301.430272,2,59689790.0672,0.0384934538078554
12906,7301.450272,1,59689810.1632,0.0330956625074272
12907,7301.470272,2,59689829.9392,0.0387864445673776
12908,7301.490272,1,59689849.9328,0.0330618558813285
12909,7301.510272,2,59689869.8496,0.0389585510275165
12910,7301.530272,1,59689890.1504,0.0330444403466716
12911,7301.550272,2,59689909.9264,0.0389524043682259
12912,7301.570272,1,59689929.9328,0.0330905402913516
12913,7301.590272,2,59689949.7856,0.0389319155039236
12914,7301.610272,1,59689969.8176,0.033057758108468
12915,7301.630272,2,59689990.208,0.0387700534759358
12916,7301.650272,1,59690010.2016,0.033121273587805
12917,7301.670272,2,59690029.8496,0.0387208802016104
12918,7301.690272,1,59690050.112,0.0330977113938574
12919,7301.710272,2,59690069.8624,0.0386276558690352
12920,7301.730272,1,59690090.496,0.0330260003687996
12921,7301.750272,2,59690109.888,0.0384483783063905
12922,7301.770272,1,59690129.8688,0.0330608314381134
12923,7301.790272,2,59690150.016,0.0383336406662979
12924,7301.810272,1,59690169.8816,0.033093613620997
12925,7301.830272,2,59690190.1696,0.0382148052533448
12926,7301.850272,1,59690209.9072,0.0330905402913516
12927,7301.870272,2,59690230.0544,0.038034503247485
12928,7301.890272,1,59690249.9328,0.0330546847788227
12929,7301.910272,2,59690269.8496,0.03812567869363
12930,7301.930272,1,59690290.2016,0.0330741491999098
12931,7301.950272,2,59690310.1952,0.0381482164443625
12932,7301.970272,1,59690329.9712,0.0329829737537648
12933,7301.990272,2,59690349.8624,0.038226074128711
12934,7302.010272,1,59690369.8944,0.0330772225295552
12935,7302.030272,2,59690389.952,0.0381646075358043
12936,7302.050272,1,59690410.2528,0.0331151269285144
12937,7302.070272,2,59690429.9776,0.0382281230151413
12938,7302.090272,1,59690450.0736,0.0330792714159854
12939,7302.110272,2,59690470.1056,0.0382209519126355
12940,7302.130272,1,59690489.92,0.0331161513717295
12941,7302.150272,2,59690509.888,0.0382055852644088
12942,7302.170272,1,59690530.1888,0.0330977113938574
12943,7302.190272,2,59690550.0288,0.0382701251869609
12944,7302.210272,1,59690570.3296,0.0330802958592005
12945,7302.230272,2,59690590.272,0.0384125227938615
12946,7302.250272,1,59690612.5184,0.0331509824410433
12947,7302.270272,2,59690629.888,0.0383664228491815
12948,7302.290272,1,59690650.6368,0.0331243469174504
12949,7302.310272,2,59690669.9264,0.0383121273587805
12950,7302.330272,1,59690690.1632,0.0331489335546131
12951,7302.350272,2,59690710.0672,0.0382506607658738
12952,7302.370272,1,59690729.9584,0.0331602024299793
12953,7302.390272,2,59690749.952,0.0381318253529207
12954,7302.410272,1,59690770.1504,0.0330966869506423
12955,7302.430272,2,59690790.1184,0.0380744565328744
12956,7302.450272,1,59690809.9328,0.0331356157928166
12957,7302.470272,2,59690830.0928,0.0380191365992583
12958,7302.490272,1,59690850.1888,0.0331919601696478
12959,7302.510272,2,59690869.9648,0.0379761099842236
12960,7302.530272,1,59690890.2272,0.0330915647345668
12961,7302.550272,2,59690910.3616,0.0379771344274387
12962,7302.570272,1,59690930.0864,0.033093613620997
12963,7302.590272,2,59690949.9648,0.0378972278566599
12964,7302.610272,1,59690969.9328,0.0330741491999098
12965,7302.630272,2,59690990.1952,0.0378910811973692
12966,7302.650272,1,59691009.9712,0.0331253713606655
12967,7302.670272,2,59691029.9904,0.0379679144385027
12968,7302.690272,1,59691049.9968,0.0330546847788227
12969,7302.710272,2,59691069.9392,0.0379371811420493
12970,7302.730272,1,59691090.0864,0.0331397135656771
12971,7302.750272,2,59691109.952,0.0380519187821419
12972,7302.770272,1,59691130.112,0.033057758108468
12973,7302.790272,2,59691149.9904,0.0380099166103223
12974,7302.810272,1,59691169.9456,0.0331018091667179
12975,7302.830272,2,59691190.0416,0.0379300100395435
12976,7302.850272,1,59691210.0736,0.0330987358370725
12977,7302.870272,2,59691230.0288,0.0379965988485258
12978,7302.890272,1,59691249.9968,0.03316634908927
12979,7302.910272,2,59691270.0032,0.0379382055852644
12980,7302.930272,1,59691290.2656,0.0331499579978282
12981,7302.950272,2,59691310.0416,0.0378490790255496
12982,7302.970272,1,59691330.24,0.0331427868953224
12983,7302.990272,2,59691350.0032,0.0377507324768988
12984,7303.010272,1,59691370.0352,0.0331520068842584
12985,7303.030272,2,59691389.9904,0.0377968324215789
12986,7303.050272,1,59691410.1888,0.0331192247013748
12987,7303.070272,2,59691430.0672,0.0377650746819104
12988,7303.090272,1,59691450.048,0.0330895158481365
12989,7303.110272,2,59691470.2208,0.0379832810867294
12990,7303.130272,1,59691490.112,0.0330987358370725
12991,7303.150272,2,59691510.1184,0.0380836765218104
12992,7303.170272,1,59691530.1632,0.0331837646239269
12993,7303.190272,2,59691550.0672,0.0382383674472924
12994,7303.210272,1,59691570.2144,0.0330925891777819
12995,7303.230272,2,59691590.08,0.0382783207326818
12996,7303.250272,1,59691610.0096,0.033075173643125
12997,7303.270272,2,59691630.1056,0.0384360849878091
12998,7303.290272,1,59691650.0864,0.0331991312721536
12999,7303.310272,2,59691670.0416,0.0385139426721577
13000,7303.330272,1,59691690.048,0.0331274202470957
13001,7303.350272,2,59691710.464,0.0384996004671461
13002,7303.370272,1,59691730.5344,0.033084393632061
13003,7303.390272,2,59691750.784,0.0385344315364599
13004,7303.410272,1,59691770.7264,0.0331694224189153
13005,7303.430272,2,59691790.4128,0.038526235990739
13006,7303.450272,1,59691810.2528,0.0331335669063864
13007,7303.470272,2,59691830.08,0.0383305673366525
13008,7303.490272,1,59691850.8416,0.0331653246460549
13009,7303.510272,2,59691870.8096,0.0384463294199602
13010,7303.530272,1,59691890.3296,0.0331724957485607
13011,7303.550272,2,59691910.2336,0.0383776917245477
13012,7303.570272,1,59691930.1248,0.0331182002581597
13013,7303.590272,2,59691950.1184,0.038252709652304
13014,7303.610272,1,59691970.0736,0.0331038580531481
13015,7303.630272,2,59691990.1824,0.0380785543057348
13016,7303.650272,1,59692011.7888,0.0330639047677587
13017,7303.670272,2,59692030.1568,0.0380775298625197
13018,7303.690272,1,59692050.0608,0.0330669780974041
13019,7303.710272,2,59692070.272,0.037980207757084
13020,7303.730272,1,59692090.4192,0.0331479091113979
13021,7303.750272,2,59692110.3744,0.0380713832032291
13022,7303.770272,1,59692130.1888,0.0331509824410433
13023,7303.790272,2,59692150.1056,0.0380631876575082
13024,7303.810272,1,59692171.008,0.0331858135103571
13025,7303.830272,2,59692190.1952,0.0379996721781712
13026,7303.850272,1,59692210.1632,0.0330721003134796
13027,7303.870272,2,59692230.3232,0.038025283258549
13028,7303.890272,1,59692250.24,0.0330710758702645
13029,7303.910272,2,59692270.272,0.0379259122666831
13030,7303.930272,1,59692293.184,0.0331192247013748
13031,7303.950272,2,59692310.1056,0.0379136189481017
13032,7303.970272,1,59692330.112,0.0331100047124388
13033,7303.990272,2,59692350.1184,0.0378521523551949
13034,7304.010272,1,59692370.1888,0.0331714713053455
13035,7304.030272,2,59692390.4768,0.0376390681664515
13036,7304.050272,1,59692410.1504,0.0330802958592005
13037,7304.070272,2,59692430.1312,0.0375776015735448
13038,7304.090272,1,59692450.1376,0.0331827401807118
13039,7304.110272,2,59692470.1696,0.037734341385457
13040,7304.130272,1,59692490.4704,0.0330423914602414
13041,7304.150272,2,59692510.208,0.0378378101501834
13042,7304.170272,1,59692530.112,0.0330587825516832
13043,7304.190272,2,59692550.272,0.0380642121007233
13044,7304.210272,1,59692570.2912,0.0330741491999098
13045,7304.230272,2,59692590.4256,0.0379545966767062
13046,7304.250272,1,59692610.2272,0.033121273587805
13047,7304.270272,2,59692630.3232,0.0376933636568525
13048,7304.290272,1,59692650.3424,0.0331294691335259
13049,7304.310272,2,59692670.2592,0.0375110127645625
13050,7304.330272,1,59692690.1376,0.0331038580531481
13051,7304.350272,2,59692710.2848,0.037525354969574
13052,7304.370272,1,59692730.2656,0.0331182002581597
13053,7304.390272,2,59692750.8864,0.0374208617616326
13054,7304.410272,1,59692770.1888,0.0331591779867642
13055,7304.430272,2,59692790.4128,0.0373747618169525
13056,7304.450272,1,59692810.2912,0.0331602024299793
13057,7304.470272,2,59692830.4384,0.0374188128752023
13058,7304.490272,1,59692850.2656,0.0330946380642121
13059,7304.510272,2,59692870.336,0.0374259839777081
13060,7304.530272,1,59692890.2016,0.033112053598869
13061,7304.550272,2,59692910.2848,0.0374710594791731
13062,7304.570272,1,59692930.4192,0.0330823447456308
13063,7304.590272,2,59692950.1568,0.0375499416067367
13064,7304.610272,1,59692970.9696,0.0331048824963632
13065,7304.630272,2,59692990.208,0.0376421414960969
13066,7304.650272,1,59693010.2656,0.0331468846681828
13067,7304.670272,2,59693030.3104,0.0374372528530744
13068,7304.690272,1,59693050.2528,0.033084393632061
13069,7304.710272,2,59693070.464,0.0374270084209232
13070,7304.730272,1,59693090.5216,0.0331315180199562
13071,7304.750272,2,59693110.3616,0.0374259839777081
13072,7304.770272,1,59693130.4192,0.0331130780420841
13073,7304.790272,2,59693150.208,0.0373378818612084
13074,7304.810272,1,59693170.2016,0.0331765935214211
13075,7304.830272,2,59693190.3488,0.0373296863154875
13076,7304.850272,1,59693210.2016,0.033121273587805
13077,7304.870272,2,59693231.104,0.0373942262380396
13078,7304.890272,1,59693250.2656,0.0331438113385375
13079,7304.910272,2,59693270.2464,0.0373880795787489
13080,7304.930272,1,59693290.4192,0.0331612268731944
13081,7304.950272,2,59693310.2208,0.0374188128752023
13082,7304.970272,1,59693330.2272,0.0330874669617063
13083,7304.990272,2,59693350.336,0.0372958796893888
13084,7305.010272,1,59693371.264,0.0331151269285144
13085,7305.030272,2,59693393.1648,0.0374454483987953
13086,7305.050272,1,59693410.304,0.0331919601696478
13087,7305.070272,2,59693430.3104,0.0375571127092425
13088,7305.090272,1,59693450.4832,0.0331284446903108
13089,7305.110272,2,59693470.2208,0.0376728747925502
13090,7305.130272,1,59693490.3936,0.0331479091113979
13091,7305.150272,2,59693510.464,0.0378941545270146
13092,7305.170272,1,59693530.304,0.0331171758149446
13093,7305.190272,2,59693550.3488,0.038189194172967
13094,7305.210272,1,59693570.3552,0.0331837646239269
13095,7305.230272,2,59693590.5536,0.0382537340955191
13096,7305.250272,1,59693610.3936,0.0331427868953224
13097,7305.270272,2,59693631.9744,0.0383459339848792
13098,7305.290272,1,59693650.4064,0.0331233224742353
13099,7305.310272,2,59693670.3232,0.0383449095416641
13100,7305.330272,1,59693690.7648,0.0331253713606655
13101,7305.350272,2,59693710.3104,0.0384719405003381
13102,7305.370272,1,59693730.2784,0.0330505870059623
13103,7305.390272,2,59693750.272,0.0385518470711168
13104,7305.410272,1,59693770.2912,0.0331868379535722
13105,7305.430272,2,59693790.3232,0.0384873071485648
13106,7305.450272,1,59693810.4832,0.0330823447456308
13107,7305.470272,2,59693830.3488,0.038380765054193
13108,7305.490272,1,59693850.304,0.0330905402913516
13109,7305.510272,2,59693870.3104,0.038144118671502
13110,7305.530272,1,59693890.368,0.0330813203024156
13111,7305.550272,2,59693910.3104,0.0379248878234679
13112,7305.570272,1,59693932.0832,0.0331479091113979
13113,7305.590272,2,59693950.5024,0.0379269367098982
13114,7305.610272,1,59693970.6752,0.0330895158481365
13115,7305.630272,2,59693993.7408,0.0380129899399676
13116,7305.650272,1,59694011.0208,0.0331479091113979
13117,7305.670272,2,59694032.2176,0.037934107812404
13118,7305.690272,1,59694050.496,0.0330915647345668
13119,7305.710272,2,59694070.528,0.0379771344274387
13120,7305.730272,1,59694090.3936,0.033121273587805
13121,7305.750272,2,59694110.3488,0.0378101501833753
13122,7305.770272,1,59694130.4192,0.0331048824963632
13123,7305.790272,2,59694150.784,0.0375786260167599
13124,7305.810272,1,59694170.4064,0.0331704468621304
13125,7305.830272,2,59694190.3744,0.0374956461163358
13126,7305.850272,1,59694210.3808,0.0330813203024156
13127,7305.870272,2,59694230.9248,0.0374290573073535
13128,7305.890272,1,59694250.4192,0.0331018091667179
13129,7305.910272,2,59694270.4384,0.0375304771856496
13130,7305.930272,1,59694291.6352,0.033093613620997
13131,7305.950272,2,59694312.256,0.037588870448911
13132,7305.970272,1,59694332.2624,0.0330802958592005
13133,7305.990272,2,59694350.336,0.0375898948921261
13134,7306.010272,1,59694370.4192,0.033075173643125
13135,7306.030272,2,59694390.4896,0.0376267748478702
13136,7306.050272,1,59694411.52,0.0331489335546131
13137,7306.070272,2,59694430.3616,0.0374854016841846
13138,7306.090272,1,59694450.5472,0.0331694224189153
13139,7306.110272,2,59694470.7328,0.0374311061937837
13140,7306.130272,1,59694490.8032,0.0331888868400025
13141,7306.150272,2,59694510.592,0.0374270084209232
13142,7306.170272,1,59694530.4448,0.0331222980310201
13143,7306.190272,2,59694550.3744,0.0376114081996435
13144,7306.210272,1,59694570.6112,0.033220644579671
13145,7306.230272,2,59694590.3616,0.0375663326981785
13146,7306.250272,1,59694610.3808,0.0332247423525314
13147,7306.270272,2,59694630.464,0.0375181838670682
13148,7306.290272,1,59694652.2752,0.0331284446903108
13149,7306.310272,2,59694670.3872,0.0375755526871146
13150,7306.330272,1,59694690.6112,0.0331018091667179
13151,7306.350272,2,59694710.4128,0.0375683815846088
13152,7306.370272,1,59694730.5984,0.0331591779867642
13153,7306.390272,2,59694750.4256,0.0374925727866904
13154,7306.410272,1,59694770.6496,0.0331161513717295
13155,7306.430272,2,59694790.6688,0.0375089638781322
13156,7306.450272,1,59694810.3936,0.0331837646239269
13157,7306.470272,2,59694830.3744,0.0373788595898129
13158,7306.490272,1,59694850.4448,0.0331284446903108
13159,7306.510272,2,59694870.3872,0.0374413506259348
13160,7306.530272,1,59694890.944,0.033194009056078
13161,7306.550272,2,59694910.3744,0.0374987194459811
13162,7306.570272,1,59694930.3936,0.0330618558813285
13163,7306.590272,2,59694950.656,0.0375335505152949
13164,7306.610272,1,59694971.4048,0.0330884914049214
13165,7306.630272,2,59694991.7312,0.0375212571967136
13166,7306.650272,1,59695010.432,0.0331704468621304
13167,7306.670272,2,59695030.592,0.037443399512365
13168,7306.690272,1,59695050.4704,0.0331171758149446
13169,7306.710272,2,59695070.4256,0.0375028172188416
13170,7306.730272,1,59695090.4704,0.0331038580531481
13171,7306.750272,2,59695110.5792,0.0378398590366136
13172,7306.770272,1,59695130.4192,0.0330618558813285
13173,7306.790272,2,59695150.5536,0.0380088921671072
13174,7306.810272,1,59695170.4704,0.0331499579978282
13175,7306.830272,2,59695190.8352,0.0379955744053107
13176,7306.850272,1,59695210.432,0.0331643002028398
13177,7306.870272,2,59695230.464,0.0379228389370377
13178,7306.890272,1,59695250.5216,0.033102833609933
13179,7306.910272,2,59695270.7072,0.0377742946708464
13180,7306.930272,1,59695290.5216,0.0330802958592005
13181,7306.950272,2,59695310.528,0.0376288237343004
13182,7306.970272,1,59695330.4448,0.033102833609933
13183,7306.990272,2,59695350.5024,0.0374618394902371
13184,7307.010272,1,59695370.5856,0.0330341959145205
13185,7307.030272,2,59695390.8224,0.0373020263486795
13186,7307.050272,1,59695412.3264,0.033121273587805
13187,7307.070272,2,59695432.1792,0.0373675907144467
13188,7307.090272,1,59695450.4576,0.0331468846681828
13189,7307.110272,2,59695470.4256,0.037506914991702
13190,7307.130272,1,59695491.2384,0.0331192247013748
13191,7307.150272,2,59695510.5024,0.0375038416620567
13192,7307.170272,1,59695530.4704,0.0330761980863401
13193,7307.190272,2,59695550.6176,0.0374874505706149
13194,7307.210272,1,59695570.624,0.0330772225295552
13195,7307.230272,2,59695590.6048,0.0376359948368062
13196,7307.250272,1,59695610.496,0.0331284446903108
13197,7307.270272,2,59695630.4896,0.0376134570860737
13198,7307.290272,1,59695650.496,0.0331059069395783
13199,7307.310272,2,59695670.656,0.0377947835351487
13200,7307.330272,1,59695690.5088,0.0331222980310201
13201,7307.350272,2,59695712.3584,0.0375673571413936
13202,7307.370272,1,59695730.5216,0.0331171758149446
13203,7307.390272,2,59695750.528,0.0375939926649866
13204,7307.410272,1,59695770.5088,0.0331806912942816
13205,7307.430272,2,59695790.6304,0.0374649128198824
13206,7307.450272,1,59695810.5088,0.0331899112832176
13207,7307.470272,2,59695830.6048,0.0372917819165284
13208,7307.490272,1,59695850.5344,0.0331407380088922
13209,7307.510272,2,59695870.5408,0.0372630975065052
13210,7307.530272,1,59695890.5472,0.0331899112832176
13211,7307.550272,2,59695910.5408,0.0372098264593194
13212,7307.570272,1,59695930.7264,0.0330382936873809
13213,7307.590272,2,59695950.5536,0.0370807466142152
13214,7307.610272,1,59695970.6624,0.0331182002581597
13215,7307.630272,2,59695990.656,0.0372600241768599
13216,7307.650272,1,59696010.5856,0.0331263958038806
13217,7307.670272,2,59696030.528,0.037251828631139
13218,7307.690272,1,59696052.4928,0.0330464892331018
13219,7307.710272,2,59696071.2448,0.0374300817505686
13220,7307.730272,1,59696090.5344,0.0331335669063864
13221,7307.750272,2,59696111.1808,0.0376298481775155
13222,7307.770272,1,59696130.5344,0.0330126826070031
13223,7307.790272,2,59696150.5664,0.0376902903272072
13224,7307.810272,1,59696170.7264,0.0330423914602414
13225,7307.830272,2,59696191.168,0.0376462392689573
13226,7307.850272,1,59696210.56,0.0331192247013748
13227,7307.870272,2,59696232.8192,0.0375222816399287
13228,7307.890272,1,59696250.6496,0.033112053598869
13229,7307.910272,2,59696272.3968,0.037633945950376
13230,7307.930272,1,59696290.5472,0.0330874669617063
13231,7307.950272,2,59696310.5664,0.0376318970639457
13232,7307.970272,1,59696332.3264,0.0332022046017989
13233,7307.990272,2,59696351.2704,0.0375683815846088
13234,7308.010272,1,59696370.56,0.0331673735324851
13235,7308.030272,2,59696390.6688,0.0376411170528818
13236,7308.050272,1,59696410.56,0.0331643002028398
13237,7308.070272,2,59696430.6048,0.0378040035240847
13238,7308.090272,1,59696450.752,0.0331673735324851
13239,7308.110272,2,59696470.5664,0.0378962034134448
13240,7308.130272,1,59696491.3792,0.0331765935214211
13241,7308.150272,2,59696512.6144,0.0377999057512242
13242,7308.170272,1,59696532.992,0.0331765935214211
13243,7308.190272,2,59696552.5888,0.0378449812526892
13244,7308.210272,1,59696571.392,0.0331950334992931
13245,7308.230272,2,59696591.168,0.0377312680558117
13246,7308.250272,1,59696610.624,0.0331888868400025
13247,7308.270272,2,59696630.8224,0.0375683815846088
13248,7308.290272,1,59696651.3664,0.0331591779867642
13249,7308.310272,2,59696670.6176,0.0373563218390805
13250,7308.330272,1,59696690.6496,0.033084393632061
13251,7308.350272,2,59696710.6048,0.0372405597557727
13252,7308.370272,1,59696730.6368,0.0331520068842584
13253,7308.390272,2,59696750.6432,0.0371493843096277
13254,7308.410272,1,59696770.5984,0.0331335669063864
13255,7308.430272,2,59696790.6048,0.0371002110353023
13256,7308.450272,1,59696810.624,0.0331048824963632
13257,7308.470272,2,59696830.8864,0.0371504087528428
13258,7308.490272,1,59696850.6496,0.033112053598869
13259,7308.510272,2,59696870.6432,0.0371442620935522
13260,7308.530272,1,59696891.2256,0.0331591779867642
13261,7308.550272,2,59696911.0784,0.0370776732845698
13262,7308.570272,1,59696930.6624,0.0330536603356076
13263,7308.590272,2,59696950.9888,0.0370756243981396
13264,7308.610272,1,59696970.6368,0.0331130780420841
13265,7308.630272,2,59696990.656,0.0372149486753949
13266,7308.650272,1,59697011.2128,0.0331274202470957
13267,7308.670272,2,59697031.1168,0.0372958796893888
13268,7308.690272,1,59697050.6752,0.0331827401807118
13269,7308.710272,2,59697070.6432,0.0372825619275923
13270,7308.730272,1,59697090.8032,0.0331151269285144
13271,7308.750272,2,59697112.6272,0.0372589997336448
13272,7308.770272,1,59697130.7008,0.033121273587805
13273,7308.790272,2,59697151.04,0.0374147151023419
13274,7308.810272,1,59697170.6624,0.0330628803245436
13275,7308.830272,2,59697191.168,0.0374956461163358
13276,7308.850272,1,59697211.2512,0.0331602024299793
13277,7308.870272,2,59697231.1424,0.0375919437785564
13278,7308.890272,1,59697250.816,0.033112053598869
13279,7308.910272,2,59697270.6944,0.0377466347040384
13280,7308.930272,1,59697290.9952,0.0331018091667179
13281,7308.950272,2,59697310.7072,0.0376810703382711
13282,7308.970272,1,59697330.88,0.0332421578871883
13283,7308.990272,2,59697350.6944,0.0377763435572766
13284,7309.010272,1,59697370.7392,0.0331509824410433
13285,7309.030272,2,59697391.3728,0.0376605814739689
13286,7309.050272,1,59697411.072,0.0332083512610896
13287,7309.070272,2,59697431.3472,0.0377097547482943
13288,7309.090272,1,59697452.5696,0.0331243469174504
13289,7309.110272,2,59697470.7072,0.0376441903825271
13290,7309.130272,1,59697490.752,0.0332349867846825
13291,7309.150272,2,59697511.7568,0.0376144815292888
13292,7309.170272,1,59697532.6848,0.0331458602249677
13293,7309.190272,2,59697550.72,0.0376308726207306
13294,7309.210272,1,59697570.7264,0.0331345913496015
13295,7309.230272,2,59697590.72,0.0375991148810621
13296,7309.250272,1,59697610.8544,0.0331499579978282
13297,7309.270272,2,59697630.7072,0.0374116417726965
13298,7309.290272,1,59697651.2,0.0331284446903108
13299,7309.310272,2,59697671.3728,0.0373819329194583
13300,7309.330272,1,59697691.456,0.0331315180199562
13301,7309.350272,2,59697710.7968,0.0375478927203065
13302,7309.370272,1,59697730.752,0.0330997602802877
13303,7309.390272,2,59697751.3344,0.0376923392136374
13304,7309.410272,1,59697770.8032,0.0331745446349909
13305,7309.430272,2,59697791.296,0.0378439568094741
13306,7309.450272,1,59697811.5712,0.0331243469174504
13307,7309.470272,2,59697831.5904,0.0378490790255496
13308,7309.490272,1,59697850.7776,0.0331427868953224
13309,7309.510272,2,59697872.4864,0.0377804413301371
13310,7309.530272,1,59697890.7776,0.0331284446903108
13311,7309.550272,2,59697911.0016,0.0376441903825271
13312,7309.570272,1,59697932.6848,0.0330946380642121
13313,7309.590272,2,59697952.7424,0.0377292191693814
13314,7309.610272,1,59697973.0432,0.0330956625074272
13315,7309.630272,2,59697992.7424,0.037797856864794
13316,7309.650272,1,59698010.8288,0.0331489335546131
13317,7309.670272,2,59698031.3728,0.0376759481221956
13318,7309.690272,1,59698050.7776,0.0330454647898867
13319,7309.710272,2,59698070.784,0.0377230725100908
13320,7309.730272,1,59698092.7488,0.033039318130596
13321,7309.750272,2,59698110.8224,0.0378060524105149
13322,7309.770272,1,59698131.3792,0.0330413670170262
13323,7309.790272,2,59698150.912,0.0377281947261663
13324,7309.810272,1,59698171.648,0.0330772225295552
13325,7309.830272,2,59698191.36,0.0375919437785564
13326,7309.850272,1,59698212.9536,0.0330731247566947
13327,7309.870272,2,59698232.7424,0.0374946216731207
13328,7309.890272,1,59698250.8928,0.0331366402360317
13329,7309.910272,2,59698271.6416,0.0374393017395046
13330,7309.930272,1,59698291.5328,0.033102833609933
13331,7309.950272,2,59698311.6032,0.0373348085315631
13332,7309.970272,1,59698331.648,0.0331007847235028
13333,7309.990272,2,59698352.8448,0.0371842153789415
13334,7310.010272,1,59698370.8544,0.0331069313827934
13335,7310.030272,2,59698390.8224,0.0372487553014936
13336,7310.050272,1,59698410.8416,0.033121273587805
13337,7310.070272,2,59698430.848,0.0373471018501444
13338,7310.090272,1,59698451.584,0.033157129100334
13339,7310.110272,2,59698470.8608,0.0374239350912779
13340,7310.130272,1,59698490.8672,0.0331550802139037
13341,7310.150272,2,59698511.4112,0.0373993484541152
13342,7310.170272,1,59698532.1088,0.0331458602249677
13343,7310.190272,2,59698551.5008,0.0373819329194583
13344,7310.210272,1,59698570.8288,0.0332001557153687
13345,7310.230272,2,59698590.848,0.0373102218944004
13346,7310.250272,1,59698613.4784,0.0331653246460549
13347,7310.270272,2,59698630.848,0.0376083348699982
13348,7310.290272,1,59698650.8416,0.0330895158481365
13349,7310.310272,2,59698671.7952,0.0375898948921261
13350,7310.330272,1,59698690.9568,0.0331468846681828
13351,7310.350272,2,59698710.8992,0.0375601860388879
13352,7310.370272,1,59698730.8544,0.0331263958038806
13353,7310.390272,2,59698750.8608,0.0377722457844162
13354,7310.410272,1,59698772.5056,0.0331263958038806
13355,7310.430272,2,59698791.8592,0.037970987768148
13356,7310.450272,1,59698811.0464,0.0330157559366484
13357,7310.470272,2,59698831.5648,0.0380867498514557
13358,7310.490272,1,59698850.9056,0.0331274202470957
13359,7310.510272,2,59698870.8736,0.0381881697297519
13360,7310.530272,1,59698891.2,0.0330690269838343
13361,7310.550272,2,59698913.5232,0.0381400208986416
13362,7310.570272,1,59698931.6096,0.0330516114491774
13363,7310.590272,2,59698951.3216,0.0379648411088573
13364,7310.610272,1,59698972.1984,0.0330915647345668
13365,7310.630272,2,59698990.8864,0.0377271702829512
13366,7310.650272,1,59699010.944,0.0330649292109738
13367,7310.670272,2,59699030.8992,0.037661605917184
13368,7310.690272,1,59699052.7488,0.033093613620997
13369,7310.710272,2,59699071.808,0.0377568791361895
13370,7310.730272,1,59699090.944,0.0330372692441658
13371,7310.750272,2,59699110.9888,0.0376308726207306
13372,7310.770272,1,59699130.8928,0.0330772225295552
13373,7310.790272,2,59699150.9376,0.037715901407585
13374,7310.810272,1,59699173.0688,0.0330464892331018
13375,7310.830272,2,59699191.3216,0.0379054234023808
13376,7310.850272,1,59699210.9184,0.0330802958592005
13377,7310.870272,2,59699231.04,0.0379607433359969
13378,7310.890272,1,59699250.9312,0.0330987358370725
13379,7310.910272,2,59699271.0016,0.03780707685373
13380,7310.930272,1,59699291.2512,0.0330270248120147
13381,7310.950272,2,59699310.9376,0.0377958079783638
13382,7310.970272,1,59699331.5584,0.0330895158481365
13383,7310.990272,2,59699353.2672,0.0377507324768988
13384,7311.010272,1,59699373.44,0.0331141024852992
13385,7311.030272,2,59699391.296,0.0376103837564284
13386,7311.050272,1,59699410.9824,0.0330444403466716
13387,7311.070272,2,59699431.2064,0.0376452148257422
13388,7311.090272,1,59699453.504,0.0330546847788227
13389,7311.110272,2,59699470.9504,0.0374925727866904
13390,7311.130272,1,59699491.52,0.0331089802692237
13391,7311.150272,2,59699513.8432,0.0375929682217715
13392,7311.170272,1,59699530.9568,0.0330895158481365
13393,7311.190272,2,59699550.9504,0.0376493125986027
13394,7311.210272,1,59699570.9696,0.0330495625627471
13395,7311.230272,2,59699590.9632,0.0376308726207306
13396,7311.250272,1,59699610.9952,0.0330915647345668
13397,7311.270272,2,59699631.0016,0.037579650459975
13398,7311.290272,1,59699653.2864,0.0330065359477124
13399,7311.310272,2,59699671.5392,0.0376831192247014
13400,7311.330272,1,59699690.9696,0.0330966869506423
13401,7311.350272,2,59699711.0144,0.0377773680004917
13402,7311.370272,1,59699731.6352,0.0330055115044973
13403,7311.390272,2,59699751.0016,0.0378808367652181
13404,7311.410272,1,59699771.8016,0.0330147314934333
13405,7311.430272,2,59699790.976,0.037952547790276
13406,7311.450272,1,59699810.9824,0.0330946380642121
13407,7311.470272,2,59699830.976,0.0380324543610548
13408,7311.490272,1,59699851.6608,0.0330475136763169
13409,7311.510272,2,59699871.0144,0.0380201610424734
13410,7311.530272,1,59699891.0848,0.03316634908927
13411,7311.550272,2,59699911.0656,0.0381328497961358
13412,7311.570272,1,59699931.6992,0.033020878152724
13413,7311.590272,2,59699951.9232,0.0381246542504149
13414,7311.610272,1,59699973.3248,0.033121273587805
13415,7311.630272,2,59699991.4112,0.0381482164443625
13416,7311.650272,1,59700011.0208,0.0330311225848751
13417,7311.670272,2,59700031.4752,0.0379289855963284
13418,7311.690272,1,59700051.3152,0.0331059069395783
13419,7311.710272,2,59700071.0272,0.0378439568094741
13420,7311.730272,1,59700091.072,0.0330454647898867
13421,7311.750272,2,59700111.424,0.0378408834798287
13422,7311.770272,1,59700131.0208,0.0330997602802877
13423,7311.790272,2,59700151.6288,0.0379228389370377
13424,7311.810272,1,59700171.0464,0.0330700514270494
13425,7311.830272,2,59700191.04,0.0378429323662589
13426,7311.850272,1,59700211.1488,0.0331550802139037
13427,7311.870272,2,59700231.0656,0.037680045895056
13428,7311.890272,1,59700251.0464,0.0330915647345668
13429,7311.910272,2,59700271.7568,0.0376206281885795
13430,7311.930272,1,59700291.392,0.0331089802692237
13431,7311.950272,2,59700311.4752,0.0376462392689573
13432,7311.970272,1,59700331.0592,0.0330864425184912
13433,7311.990272,2,59700351.0528,0.0375991148810621
13434,7312.010272,1,59700371.0592,0.0331182002581597
13435,7312.030272,2,59700391.0528,0.0376626303603991
13436,7312.050272,1,59700411.0592,0.0330905402913516
13437,7312.070272,2,59700431.6032,0.0375765771303297
13438,7312.090272,1,59700451.3536,0.0330925891777819
13439,7312.110272,2,59700471.0528,0.0375079394349171
13440,7312.130272,1,59700491.1104,0.0331550802139037
13441,7312.150272,2,59700511.104,0.0375816993464052
13442,7312.170272,1,59700532.0192,0.0331704468621304
13443,7312.190272,2,59700551.104,0.0375530149363821
13444,7312.210272,1,59700571.072,0.033039318130596
13445,7312.230272,2,59700591.0784,0.0376698014629049
13446,7312.250272,1,59700611.136,0.0330639047677587
13447,7312.270272,2,59700631.0784,0.0375663326981785
13448,7312.290272,1,59700651.0848,0.033121273587805
13449,7312.310272,2,59700672.1408,0.0375694060278239
13450,7312.330272,1,59700691.3664,0.0330987358370725
13451,7312.350272,2,59700711.1296,0.037607310426783
13452,7312.370272,1,59700731.0976,0.0330680025406192
13453,7312.390272,2,59700751.5264,0.0374823283545393
13454,7312.410272,1,59700771.1488,0.0330137070502182
13455,7312.430272,2,59700791.68,0.0374720839223882
13456,7312.450272,1,59700811.2256,0.0330639047677587
13457,7312.470272,2,59700831.7184,0.0374690105927428
13458,7312.490272,1,59700851.1232,0.0330598069948983
13459,7312.510272,2,59700871.1424,0.0375274038560043
13460,7312.530272,1,59700891.2896,0.0331263958038806
13461,7312.550272,2,59700911.168,0.0375376482881554
13462,7312.570272,1,59700931.2384,0.0330557092220378
13463,7312.590272,2,59700953.6256,0.0376913147704223
13464,7312.610272,1,59700971.1872,0.0331038580531481
13465,7312.630272,2,59700991.872,0.0376124326428586
13466,7312.650272,1,59701011.2384,0.0330905402913516
13467,7312.670272,2,59701031.1296,0.0377322924990268
13468,7312.690272,1,59701051.1744,0.0331089802692237
13469,7312.710272,2,59701071.296,0.0377650746819104
13470,7312.730272,1,59701092.2752,0.0330362448009507
13471,7312.750272,2,59701111.168,0.0378296146044625
13472,7312.770272,1,59701131.5584,0.033121273587805
13473,7312.790272,2,59701151.2448,0.0377107791915094
13474,7312.810272,1,59701173.376,0.0331694224189153
13475,7312.830272,2,59701191.36,0.0377579035794046
13476,7312.850272,1,59701211.1872,0.0330434159034565
13477,7312.870272,2,59701231.296,0.0378419079230438
13478,7312.890272,1,59701251.1488,0.0330639047677587
13479,7312.910272,2,59701271.1936,0.0380017210646014
13480,7312.930272,1,59701291.1744,0.0330352203577356
13481,7312.950272,2,59701311.2192,0.0382137808101297
13482,7312.970272,1,59701333.5552,0.0330536603356076
13483,7312.990272,2,59701351.2192,0.0383039318130596
13484,7313.010272,1,59701371.1744,0.0331253713606655
13485,7313.030272,2,59701391.1936,0.0382977851537689
13486,7313.050272,1,59701411.2,0.0330833691888459
13487,7313.070272,2,59701432.7552,0.0383387628823734
13488,7313.090272,1,59701452.7488,0.0331089802692237
13489,7313.110272,2,59701471.3088,0.0381502653307927
13490,7313.130272,1,59701491.4176,0.0331048824963632
13491,7313.150272,2,59701511.2576,0.0381267031368451
13492,7313.170272,1,59701531.2384,0.0331007847235028
13493,7313.190272,2,59701551.2576,0.0380539676685721
13494,7313.210272,1,59701571.5456,0.0330229270391542
13495,7313.230272,2,59701591.3344,0.0379720122113631
13496,7313.250272,1,59701612.8,0.0331100047124388
13497,7313.270272,2,59701631.2192,0.0379156678345319
13498,7313.290272,1,59701653.4784,0.0330618558813285
13499,7313.310272,2,59701671.2448,0.0377742946708464
13500,7313.330272,1,59701691.2128,0.0330946380642121
13501,7313.350272,2,59701711.296,0.037970987768148
13502,7313.370272,1,59701731.2256,0.0330311225848751
13503,7313.390272,2,59701752.0896,0.0379504989038458
13504,7313.410272,1,59701771.2384,0.0330874669617063
13505,7313.430272,2,59701791.2704,0.037961767779212
13506,7313.450272,1,59701811.264,0.0330239514823693
13507,7313.470272,2,59701831.232,0.0377517569201139
13508,7313.490272,1,59701851.2128,0.0330557092220378
13509,7313.510272,2,59701871.3472,0.037680045895056
13510,7313.530272,1,59701891.2384,0.0330741491999098
13511,7313.550272,2,59701911.2576,0.0376913147704223
13512,7313.570272,1,59701931.2512,0.0331059069395783
13513,7313.590272,2,59701951.232,0.0376206281885795
13514,7313.610272,1,59701973.0688,0.0331069313827934
13515,7313.630272,2,59701991.2576,0.0375724793574692
13516,7313.650272,1,59702011.2768,0.0331591779867642
13517,7313.670272,2,59702031.2448,0.0375120372077776
13518,7313.690272,1,59702054.1568,0.0331048824963632
13519,7313.710272,2,59702071.6544,0.0376083348699982
13520,7313.730272,1,59702092.0064,0.0331243469174504
13521,7313.750272,2,59702111.2704,0.0376390681664515
13522,7313.770272,1,59702131.264,0.033039318130596
13523,7313.790272,2,59702151.2704,0.037762001352265
13524,7313.810272,1,59702171.2768,0.0331059069395783
13525,7313.830272,2,59702191.2576,0.0380078677238921
13526,7313.850272,1,59702211.3792,0.0330987358370725
13527,7313.870272,2,59702231.3088,0.0383469584280943
13528,7313.890272,1,59702251.2768,0.0330772225295552
13529,7313.910272,2,59702271.7824,0.0383408117688036
13530,7313.930272,1,59702291.3024,0.0331018091667179
13531,7313.950272,2,59702311.296,0.0382701251869609
13532,7313.970272,1,59702331.3152,0.0330710758702645
13533,7313.990272,2,59702351.296,0.0381871452865368
13534,7314.010272,1,59702371.3152,0.0330997602802877
13535,7314.030272,2,59702391.4368,0.0381543631036532
13536,7314.050272,1,59702411.4816,0.0330946380642121
13537,7314.070272,2,59702431.3344,0.0380908476243162
13538,7314.090272,1,59702451.3536,0.0330772225295552
13539,7314.110272,2,59702471.3728,0.0379084967320261
13540,7314.130272,1,59702491.3152,0.033102833609933
13541,7314.150272,2,59702511.3472,0.0378675190034216
13542,7314.170272,1,59702531.328,0.0331192247013748
13543,7314.190272,2,59702551.3216,0.0377968324215789
13544,7314.210272,1,59702571.4176,0.0331417624521073
13545,7314.230272,2,59702591.3216,0.0377404880447477
13546,7314.250272,1,59702611.3536,0.0330772225295552
13547,7314.270272,2,59702631.3216,0.0378306390476776
13548,7314.290272,1,59702651.3536,0.0331182002581597
13549,7314.310272,2,59702671.3856,0.0380724076464442
13550,7314.330272,1,59702691.3792,0.0331253713606655
13551,7314.350272,2,59702711.3728,0.0381461675579323
13552,7314.370272,1,59702731.3664,0.0331468846681828
13553,7314.390272,2,59702751.3216,0.0380959698403917
13554,7314.410272,1,59702771.5456,0.0331130780420841
13555,7314.430272,2,59702791.3472,0.0380847009650255
13556,7314.450272,1,59702811.3664,0.0330618558813285
13557,7314.470272,2,59702832.064,0.0379504989038458
13558,7314.490272,1,59702851.3792,0.0331448357817526
13559,7314.510272,2,59702871.36,0.0378142479562358
13560,7314.530272,1,59702891.4304,0.0330587825516832
13561,7314.550272,2,59702911.4496,0.0377476591472535
13562,7314.570272,1,59702931.392,0.0330997602802877
13563,7314.590272,2,59702951.3984,0.0377538058065441
13564,7314.610272,1,59702971.392,0.0330690269838343
13565,7314.630272,2,59702991.424,0.0377968324215789
13566,7314.650272,1,59703011.3792,0.0330546847788227
13567,7314.670272,2,59703031.3984,0.0377835146597824
13568,7314.690272,1,59703051.4048,0.0330946380642121
13569,7314.710272,2,59703071.3856,0.0378808367652181
13570,7314.730272,1,59703091.3792,0.0331786424078513
13571,7314.750272,2,59703111.6928,0.0377507324768988
13572,7314.770272,1,59703131.3792,0.0331294691335259
13573,7314.790272,2,59703151.3856,0.0378029790808695
13574,7314.810272,1,59703171.392,0.0331520068842584
13575,7314.830272,2,59703192.4224,0.0377927346487184
13576,7314.850272,1,59703211.4432,0.0330669780974041
13577,7314.870272,2,59703231.4368,0.0376943881000676
13578,7314.890272,1,59703251.392,0.0331284446903108
13579,7314.910272,2,59703271.4112,0.0377036080890036
13580,7314.930272,1,59703291.392,0.0330475136763169
13581,7314.950272,2,59703311.5136,0.037779416886922
13582,7314.970272,1,59703331.4304,0.0331468846681828
13583,7314.990272,2,59703351.4624,0.0376718503493351
13584,7315.010272,1,59703371.4176,0.0330915647345668
13585,7315.030272,2,59703391.4368,0.0375776015735448
13586,7315.050272,1,59703411.5456,0.0330813203024156
13587,7315.070272,2,59703431.424,0.0376052615403528
13588,7315.090272,1,59703451.456,0.0330413670170262
13589,7315.110272,2,59703471.4368,0.0374915483434753
13590,7315.130272,1,59703491.4432,0.033102833609933
13591,7315.150272,2,59703511.552,0.0375950171082017
13592,7315.170272,1,59703531.4432,0.0330710758702645
13593,7315.190272,2,59703551.4368,0.0375335505152949
13594,7315.210272,1,59703571.4816,0.0331827401807118
13595,7315.230272,2,59703591.4368,0.0375089638781322
13596,7315.250272,1,59703611.5328,0.0330608314381134
13597,7315.270272,2,59703631.4496,0.0374034462269756
13598,7315.290272,1,59703651.4816,0.0331253713606655
13599,7315.310272,2,59703671.9488,0.0373962751244699
13600,7315.330272,1,59703691.4816,0.0330761980863401
13601,7315.350272,2,59703711.6288,0.0372723174954412
13602,7315.370272,1,59703731.4688,0.0331253713606655
13603,7315.390272,2,59703751.4624,0.0371944598110927
13604,7315.410272,1,59703771.52,0.033102833609933
13605,7315.430272,2,59703791.5776,0.0372528530743541
13606,7315.450272,1,59703811.52,0.0331591779867642
13607,7315.470272,2,59703831.5008,0.0373163685536911
13608,7315.490272,1,59703851.52,0.0331294691335259
13609,7315.510272,2,59703872.9856,0.0373962751244699
13610,7315.530272,1,59703891.52,0.0331130780420841
13611,7315.550272,2,59703911.616,0.0374761816952486
13612,7315.570272,1,59703931.5072,0.0330874669617063
13613,7315.590272,2,59703952.3456,0.0375673571413936
13614,7315.610272,1,59703971.5456,0.0330434159034565
13615,7315.630272,2,59703991.5008,0.0376923392136374
13616,7315.650272,1,59704011.5072,0.0330311225848751
13617,7315.670272,2,59704031.488,0.0377077058618641
13618,7315.690272,1,59704051.5072,0.0329962915155613
13619,7315.710272,2,59704071.488,0.0379054234023808
13620,7315.730272,1,59704091.4688,0.0330075603909275
13621,7315.750272,2,59704111.616,0.037861372344131
13622,7315.770272,1,59704131.8912,0.0331653246460549
13623,7315.790272,2,59704151.552,0.0378193701723114
13624,7315.810272,1,59704172.992,0.0330854180752761
13625,7315.830272,2,59704191.872,0.0378634212305612
13626,7315.850272,1,59704211.6352,0.033112053598869
13627,7315.870272,2,59704231.5136,0.0380806031921651
13628,7315.890272,1,59704251.5584,0.0331345913496015
13629,7315.910272,2,59704272.0768,0.0381113364886184
13630,7315.930272,1,59704291.5584,0.0330997602802877
13631,7315.950272,2,59704311.5904,0.0379935255188805
13632,7315.970272,1,59704331.5456,0.0331171758149446
13633,7315.990272,2,59704351.5264,0.0380836765218104
13634,7316.010272,1,59704371.52,0.0330925891777819
13635,7316.030272,2,59704391.5392,0.0381523142172229
13636,7316.050272,1,59704411.84,0.033102833609933
13637,7316.070272,2,59704431.5904,0.0381635830925892
13638,7316.090272,1,59704451.5712,0.033020878152724
13639,7316.110272,2,59704471.5776,0.0382117319236995
13640,7316.130272,1,59704491.5456,0.0330731247566947
13641,7316.150272,2,59704511.744,0.0380273321449792
13642,7316.170272,1,59704531.6864,0.0330444403466716
13643,7316.190272,2,59704551.5648,0.0379156678345319
13644,7316.210272,1,59704571.5584,0.0330546847788227
13645,7316.230272,2,59704591.5648,0.0377999057512242
13646,7316.250272,1,59704611.6352,0.033020878152724
13647,7316.270272,2,59704631.616,0.0378746901059274
13648,7316.290272,1,59704651.5712,0.0330516114491774
13649,7316.310272,2,59704671.5904,0.0377773680004917
13650,7316.330272,1,59704691.7888,0.0330526358923925
13651,7316.350272,2,59704711.6288,0.0376677525764747
13652,7316.370272,1,59704731.5968,0.0330044870612822
13653,7316.390272,2,59704751.5904,0.0375140860942078
13654,7316.410272,1,59704771.5968,0.0330802958592005
13655,7316.430272,2,59704791.616,0.037697461429713
13656,7316.450272,1,59704811.9296,0.0330956625074272
13657,7316.470272,2,59704831.6032,0.037643165939312
13658,7316.490272,1,59704851.5968,0.0330649292109738
13659,7316.510272,2,59704873.2416,0.0376206281885795
13660,7316.530272,1,59704891.8912,0.0330598069948983
13661,7316.550272,2,59704911.7568,0.037542770504231
13662,7316.570272,1,59704931.6992,0.0329850226401951
13663,7316.590272,2,59704951.6288,0.0375776015735448
13664,7316.610272,1,59704971.6608,0.0330178048230787
13665,7316.630272,2,59704991.7952,0.0375478927203065
13666,7316.650272,1,59705011.8912,0.0330362448009507
13667,7316.670272,2,59705031.6416,0.0375171594238531
13668,7316.690272,1,59705051.6224,0.0330249759255844
13669,7316.710272,2,59705071.6288,0.0375530149363821
13670,7316.730272,1,59705091.7632,0.0330260003687996
13671,7316.750272,2,59705111.8336,0.037779416886922
13672,7316.770272,1,59705131.6352,0.0329440449115906
13673,7316.790272,2,59705151.6416,0.0377507324768988
13674,7316.810272,1,59705171.6352,0.0329891204130555
13675,7316.830272,2,59705191.7184,0.0377333169422419
13676,7316.850272,1,59705211.776,0.0330075603909275
13677,7316.870272,2,59705231.744,0.0376329215071609
13678,7316.890272,1,59705251.7376,0.0330802958592005
13679,7316.910272,2,59705271.7184,0.0376277992910853
13680,7316.930272,1,59705291.7376,0.0330423914602414
13681,7316.950272,2,59705311.8848,0.0377087303050792
13682,7316.970272,1,59705331.8656,0.0330536603356076
13683,7316.990272,2,59705351.6928,0.0379003011863052
13684,7317.010272,1,59705371.6608,0.0330731247566947
13685,7317.030272,2,59705391.6672,0.0377845391029975
13686,7317.050272,1,59705411.6864,0.0330946380642121
13687,7317.070272,2,59705431.8208,0.0376575081443236
13688,7317.090272,1,59705451.6864,0.033057758108468
13689,7317.110272,2,59705471.6672,0.0376493125986027
13690,7317.130272,1,59705491.7888,0.0330362448009507
13691,7317.150272,2,59705512.0512,0.0375058905484869
13692,7317.170272,1,59705531.968,0.0329921937427008
13693,7317.190272,2,59705551.7056,0.0373604196119409
13694,7317.210272,1,59705571.6992,0.0330823447456308
13695,7317.230272,2,59705591.9488,0.0372446575286332
13696,7317.250272,1,59705611.968,0.0330526358923925
13697,7317.270272,2,59705631.7312,0.037197533140738
13698,7317.290272,1,59705651.9552,0.0330997602802877
13699,7317.310272,2,59705671.7952,0.0372467064150634
13700,7317.330272,1,59705691.6992,0.0330710758702645
13701,7317.350272,2,59705711.7696,0.0372139242321798
13702,7317.370272,1,59705731.8784,0.0330598069948983
13703,7317.390272,2,59705751.7568,0.0373440285204991
13704,7317.410272,1,59705771.7888,0.0330761980863401
13705,7317.430272,2,59705791.7312,0.0374679861495277
13706,7317.450272,1,59705811.8144,0.0330557092220378
13707,7317.470272,2,59705831.7952,0.0374966705595509
13708,7317.490272,1,59705851.712,0.0330864425184912
13709,7317.510272,2,59705871.7312,0.0376687770196898
13710,7317.530272,1,59705891.776,0.0330639047677587
13711,7317.550272,2,59705911.8848,0.0377322924990268
13712,7317.570272,1,59705931.904,0.0330126826070031
13713,7317.590272,2,59705951.7696,0.0376759481221956
13714,7317.610272,1,59705971.8272,0.0330311225848751
13715,7317.630272,2,59705991.936,0.0377097547482943
13716,7317.650272,1,59706011.9424,0.0330423914602414
13717,7317.670272,2,59706031.808,0.0376359948368062
13718,7317.690272,1,59706052.096,0.033112053598869
13719,7317.710272,2,59706071.8208,0.0375786260167599
13720,7317.730272,1,59706091.8272,0.0331018091667179
13721,7317.750272,2,59706111.7568,0.037680045895056
13722,7317.770272,1,59706131.8144,0.0330925891777819
13723,7317.790272,2,59706151.9744,0.0377579035794046
13724,7317.810272,1,59706171.84,0.0331018091667179
13725,7317.830272,2,59706191.9104,0.0377353658286721
13726,7317.850272,1,59706211.7888,0.033121273587805
13727,7317.870272,2,59706231.8208,0.0376810703382711
13728,7317.890272,1,59706251.7632,0.0331776179646362
13729,7317.910272,2,59706271.9744,0.0376575081443236
13730,7317.930272,1,59706292.0704,0.033093613620997
13731,7317.950272,2,59706311.7952,0.037661605917184
13732,7317.970272,1,59706331.7888,0.0330536603356076
13733,7317.990272,2,59706351.8208,0.037570430471039
13734,7318.010272,1,59706371.8016,0.0331765935214211
13735,7318.030272,2,59706391.9616,0.0375181838670682
13736,7318.050272,1,59706411.7888,0.0331243469174504
13737,7318.070272,2,59706432.064,0.0375120372077776
13738,7318.090272,1,59706451.8912,0.0330639047677587
13739,7318.110272,2,59706471.9744,0.0376964369864978
13740,7318.130272,1,59706492.0448,0.0331284446903108
13741,7318.150272,2,59706511.7952,0.0378726412194972
13742,7318.170272,1,59706532.0576,0.0331376646792468
13743,7318.190272,2,59706551.8976,0.0379627922224271
13744,7318.210272,1,59706571.9168,0.0330813203024156
13745,7318.230272,2,59706591.808,0.0379730366545782
13746,7318.250272,1,59706611.84,0.0331489335546131
13747,7318.270272,2,59706631.9488,0.0381215809207696
13748,7318.290272,1,59706652.16,0.0331007847235028
13749,7318.310272,2,59706671.9488,0.0382250496854959
13750,7318.330272,1,59706692.1216,0.0330157559366484
13751,7318.350272,2,59706712.2176,0.0384524760792509
13752,7318.370272,1,59706732.0704,0.0331550802139037
13753,7318.390272,2,59706751.9872,0.0384586227385416
13754,7318.410272,1,59706772.1216,0.0331048824963632
13755,7318.430272,2,59706792.0768,0.038470916057123
13756,7318.450272,1,59706811.84,0.0331407380088922
13757,7318.470272,2,59706832.0512,0.0384934538078554
13758,7318.490272,1,59706852.0064,0.0330731247566947
13759,7318.510272,2,59706872.0256,0.0382045608211937
13760,7318.530272,1,59706891.968,0.033084393632061
13761,7318.550272,2,59706911.9232,0.0381236298071998
13762,7318.570272,1,59706932.1216,0.0331520068842584
13763,7318.590272,2,59706952.0768,0.0380898231811011
13764,7318.610272,1,59706971.8912,0.0331059069395783
13765,7318.630272,2,59706992.064,0.0380386010203454
13766,7318.650272,1,59707011.8656,0.0330659536541889
13767,7318.670272,2,59707032.1024,0.0379064478455959
13768,7318.690272,1,59707052.0192,0.0330772225295552
13769,7318.710272,2,59707071.9872,0.0379033745159506
13770,7318.730272,1,59707091.9296,0.0331222980310201
13771,7318.750272,2,59707111.8848,0.0377333169422419
13772,7318.770272,1,59707132.1728,0.0330444403466716
13773,7318.790272,2,59707151.8848,0.0377199991804454
13774,7318.810272,1,59707172.224,0.0330341959145205
13775,7318.830272,2,59707192,0.0376841436679165
13776,7318.850272,1,59707211.904,0.0330802958592005
13777,7318.870272,2,59707232.0384,0.0377497080336837
13778,7318.890272,1,59707251.9168,0.0330895158481365
13779,7318.910272,2,59707272.1152,0.0376493125986027
13780,7318.930272,1,59707292.1856,0.0330833691888459
13781,7318.950272,2,59707312.0128,0.0375837482328355
13782,7318.970272,1,59707332.096,0.0330546847788227
13783,7318.990272,2,59707352.128,0.0375233060831438
13784,7319.010272,1,59707372.1088,0.0330311225848751
13785,7319.030272,2,59707392.32,0.0375274038560043
13786,7319.050272,1,59707411.9424,0.0330413670170262
13787,7319.070272,2,59707432.0512,0.0376370192800213
13788,7319.090272,1,59707452.0832,0.0330956625074272
13789,7319.110272,2,59707472.1152,0.0376810703382711
13790,7319.130272,1,59707492.1728,0.0330833691888459
13791,7319.150272,2,59707511.9232,0.0376370192800213
13792,7319.170272,1,59707531.9296,0.0331581535435491
13793,7319.190272,2,59707552.192,0.0377322924990268
13794,7319.210272,1,59707572.1344,0.0331079558260086
13795,7319.230272,2,59707592.2048,0.0377056569754338
13796,7319.250272,1,59707611.9296,0.0330526358923925
13797,7319.270272,2,59707631.9104,0.0375653082549634
13798,7319.290272,1,59707651.9552,0.0331233224742353
13799,7319.310272,2,59707672.2176,0.0376288237343004
13800,7319.330272,1,59707691.9424,0.0332155223635954
13801,7319.350272,2,59707711.9872,0.0374454483987953
13802,7319.370272,1,59707731.9424,0.0330526358923925
13803,7319.390272,2,59707751.9488,0.0373655418280165
13804,7319.410272,1,59707772.3136,0.0330997602802877
13805,7319.430272,2,59707791.9744,0.0373440285204991
13806,7319.450272,1,59707812.0832,0.033102833609933
13807,7319.470272,2,59707831.936,0.0373204663265515
13808,7319.490272,1,59707852.0064,0.0330946380642121
13809,7319.510272,2,59707872.0512,0.0373317352019178
13810,7319.530272,1,59707891.968,0.0330966869506423
13811,7319.550272,2,59707911.9616,0.0373081730079702
13812,7319.570272,1,59707931.9936,0.0331263958038806
13813,7319.590272,2,59707952.1792,0.0373173929969062
13814,7319.610272,1,59707973.3504,0.0331161513717295
13815,7319.630272,2,59707992.32,0.0373286618722724
13816,7319.650272,1,59708012.48,0.0332063023746594
13817,7319.670272,2,59708032.4224,0.0373317352019178
13818,7319.690272,1,59708052.1984,0.0330782469727703
13819,7319.710272,2,59708072.5376,0.0373317352019178
13820,7319.730272,1,59708092.2368,0.0331540557706886
13821,7319.750272,2,59708112.2816,0.0372620730632901
13822,7319.770272,1,59708132.0832,0.0331110291556539
13823,7319.790272,2,59708152.192,0.0372600241768599
13824,7319.810272,1,59708172.0832,0.033084393632061
13825,7319.830272,2,59708192.1408,0.0373389063044235
13826,7319.850272,1,59708212.0448,0.0330649292109738
13827,7319.870272,2,59708232.1536,0.0373993484541152
13828,7319.890272,1,59708252.1088,0.0330956625074272
13829,7319.910272,2,59708272,0.0374874505706149
13830,7319.930272,1,59708292.3136,0.0331151269285144
13831,7319.950272,2,59708312.064,0.0375335505152949
13832,7319.970272,1,59708332.0192,0.0331427868953224
13833,7319.990272,2,59708352.0256,0.0375468682770914
13834,7320.010272,1,59708372.0832,0.0331069313827934
13835,7320.030272,2,59708392.0256,0.0374802794681091
13836,7320.050272,1,59708412.2368,0.0330874669617063
13837,7320.070272,2,59708432.0256,0.037361444055156
13838,7320.090272,1,59708452.0576,0.0330669780974041
13839,7320.110272,2,59708472.0384,0.0372989530190342
13840,7320.130272,1,59708492.032,0.0331345913496015
13841,7320.150272,2,59708512.0512,0.0372876841436679
13842,7320.170272,1,59708532.0704,0.0331458602249677
13843,7320.190272,2,59708552.0768,0.0372508041879239
13844,7320.210272,1,59708572.0576,0.0330659536541889
13845,7320.230272,2,59708592.0384,0.0373952506812547
13846,7320.250272,1,59708612.032,0.0331284446903108
13847,7320.270272,2,59708632.064,0.0375745282438994
13848,7320.290272,1,59708652.0704,0.0331407380088922
13849,7320.310272,2,59708672.0512,0.037506914991702
13850,7320.330272,1,59708692.1088,0.033175569078206
13851,7320.350272,2,59708712.0896,0.0374935972299055
13852,7320.370272,1,59708732.0704,0.0331386891224619
13853,7320.390272,2,59708752.064,0.037333784088348
13854,7320.410272,1,59708772.096,0.0331520068842584
13855,7320.430272,2,59708792.0384,0.0373511996230049
13856,7320.450272,1,59708812.096,0.0331294691335259
13857,7320.470272,2,59708832.064,0.0372006064703833
13858,7320.490272,1,59708852.1216,0.0331151269285144
13859,7320.510272,2,59708872.0896,0.0372169975618252
13860,7320.530272,1,59708892.096,0.0331263958038806
13861,7320.550272,2,59708912.064,0.0371350421046161
13862,7320.570272,1,59708932.1216,0.0331602024299793
13863,7320.590272,2,59708952.0896,0.0371206998996046
13864,7320.610272,1,59708972.1216,0.0332196201364558
13865,7320.630272,2,59708992.1024,0.0371176265699592
13866,7320.650272,1,59709012.1856,0.0330833691888459
13867,7320.670272,2,59709032.1152,0.0370981621488721
13868,7320.690272,1,59709052.1216,0.0331376646792468
13869,7320.710272,2,59709072.1024,0.0372047042432438
13870,7320.730272,1,59709092.096,0.0331724957485607
13871,7320.750272,2,59709112.1024,0.0371780687196509
13872,7320.770272,1,59709132.2112,0.0331837646239269
13873,7320.790272,2,59709152.1024,0.037242608642203
13874,7320.810272,1,59709172.1856,0.0331345913496015
13875,7320.830272,2,59709192.1152,0.0371821664925113
13876,7320.850272,1,59709212.224,0.033157129100334
13877,7320.870272,2,59709232.2432,0.037197533140738
13878,7320.890272,1,59709252.1472,0.0331653246460549
13879,7320.910272,2,59709272.1408,0.0371309443317557
13880,7320.930272,1,59709292.1472,0.0331899112832176
13881,7320.950272,2,59709312.4736,0.0369629356444772
13882,7320.970272,1,59709332.1344,0.0331182002581597
13883,7320.990272,2,59709352.1152,0.0369363001208843
13884,7321.010272,1,59709372.1472,0.0331858135103571
13885,7321.030272,2,59709392.1536,0.0368922490626345
13886,7321.050272,1,59709412.1088,0.0331458602249677
13887,7321.070272,2,59709432.1536,0.0371555309689184
13888,7321.090272,1,59709452.1344,0.0331694224189153
13889,7321.110272,2,59709472.1792,0.0371073821378081
13890,7321.130272,1,59709492.1856,0.0331509824410433
13891,7321.150272,2,59709512.32,0.0370039133730817
13892,7321.170272,1,59709532.1216,0.0331325424631713
13893,7321.190272,2,59709552.1792,0.0369721556334132
13894,7321.210272,1,59709572.16,0.0332011801585838
13895,7321.230272,2,59709592.1664,0.0369045423812158
13896,7321.250272,1,59709612.224,0.0331796668510664
13897,7321.270272,2,59709632.1536,0.0368236113672219
13898,7321.290272,1,59709652.1728,0.0331499579978282
13899,7321.310272,2,59709672.1792,0.036960886758047
13900,7321.330272,1,59709692.16,0.0332360112278976
13901,7321.350272,2,59709712.2176,0.037042842215256
13902,7321.370272,1,59709732.16,0.0331632757596246
13903,7321.390272,2,59709752.1664,0.0371206998996046
13904,7321.410272,1,59709772.2112,0.0331673735324851
13905,7321.430272,2,59709792.2304,0.0371422132071219
13906,7321.450272,1,59709812.352,0.0331561046571189
13907,7321.470272,2,59709832.2176,0.0373235396561969
13908,7321.490272,1,59709852.1856,0.0331182002581597
13909,7321.510272,2,59709872.192,0.037288708586883
13910,7321.530272,1,59709892.2112,0.0331161513717295
13911,7321.550272,2,59709912.3072,0.0373419796340689
13912,7321.570272,1,59709932.2112,0.0331110291556539
13913,7321.590272,2,59709952.1792,0.0372436330854181
13914,7321.610272,1,59709972.224,0.0330741491999098
13915,7321.630272,2,59709992.2176,0.0371893375950171
13916,7321.650272,1,59710012.3264,0.033057758108468
13917,7321.670272,2,59710032.2432,0.0370848443870756
13918,7321.690272,1,59710052.1856,0.0330137070502182
13919,7321.710272,2,59710072.2304,0.0370602577499129
13920,7321.730272,1,59710092.2496,0.0330495625627471
13921,7321.750272,2,59710112.4352,0.0370325977831049
13922,7321.770272,1,59710132.224,0.0330823447456308
13923,7321.790272,2,59710152.4992,0.0370991865920872
13924,7321.810272,1,59710172.2624,0.033084393632061
13925,7321.830272,2,59710192.2048,0.0369864978384248
13926,7321.850272,1,59710212.416,0.0330598069948983
13927,7321.870272,2,59710232.256,0.0369301534615936
13928,7321.890272,1,59710252.1984,0.0330833691888459
13929,7321.910272,2,59710272.256,0.0371504087528428
13930,7321.930272,1,59710292.2112,0.0330669780974041
13931,7321.950272,2,59710312.3584,0.0370213289077386
13932,7321.970272,1,59710332.2368,0.033121273587805
13933,7321.990272,2,59710352.2176,0.0371862642653718
13934,7322.010272,1,59710372.2496,0.0330772225295552
13935,7322.030272,2,59710392.2816,0.0370981621488721
13936,7322.050272,1,59710412.4416,0.0331233224742353
13937,7322.070272,2,59710432.256,0.0371565554121335
13938,7322.090272,1,59710452.2496,0.0331704468621304
13939,7322.110272,2,59710472.32,0.0373286618722724
13940,7322.130272,1,59710492.288,0.0330823447456308
13941,7322.150272,2,59710512.384,0.0374095928862663
13942,7322.170272,1,59710532.224,0.0330505870059623
13943,7322.190272,2,59710552.2304,0.0373173929969062
13944,7322.210272,1,59710572.2496,0.0330372692441658
13945,7322.230272,2,59710592.2688,0.0373399307476387
13946,7322.250272,1,59710612.4032,0.0330690269838343
13947,7322.270272,2,59710632.2688,0.0374864261273998
13948,7322.290272,1,59710652.2496,0.0331458602249677
13949,7322.310272,2,59710672.2688,0.0375673571413936
13950,7322.330272,1,59710692.2752,0.033130493576741
13951,7322.350272,2,59710712.4736,0.0375868215624808
13952,7322.370272,1,59710732.2752,0.0330700514270494
13953,7322.390272,2,59710752.4096,0.0375970659946319
13954,7322.410272,1,59710772.3904,0.0330352203577356
13955,7322.430272,2,59710792.2688,0.0376513614850329
13956,7322.450272,1,59710812.3904,0.0331161513717295
13957,7322.470272,2,59710832.3456,0.0376769725654107
13958,7322.490272,1,59710852.2752,0.0330444403466716
13959,7322.510272,2,59710872.2816,0.0377230725100908
13960,7322.530272,1,59710892.352,0.0331345913496015
13961,7322.550272,2,59710912.4352,0.0375181838670682
13962,7322.570272,1,59710932.3008,0.0331141024852992
13963,7322.590272,2,59710952.3584,0.0375919437785564
13964,7322.610272,1,59710972.4032,0.0331202491445899
13965,7322.630272,2,59710992.3072,0.0375622349253181
13966,7322.650272,1,59711012.4672,0.0330649292109738
13967,7322.670272,2,59711032.4864,0.0375120372077776
13968,7322.690272,1,59711052.3136,0.0330137070502182
13969,7322.710272,2,59711072.384,0.0373440285204991
13970,7322.730272,1,59711092.4544,0.0330598069948983
13971,7322.750272,2,59711112.4352,0.0374218862048477
13972,7322.770272,1,59711132.4288,0.0330813203024156
13973,7322.790272,2,59711152.4352,0.0373143196672608
13974,7322.810272,1,59711172.352,0.0329880959698404
13975,7322.830272,2,59711192.3584,0.0372712930522261
13976,7322.850272,1,59711212.4544,0.0330731247566947
13977,7322.870272,2,59711232.4096,0.0375058905484869
13978,7322.890272,1,59711252.3648,0.0331089802692237
13979,7322.910272,2,59711272.4352,0.0376032126539226
13980,7322.930272,1,59711292.3392,0.0330290736984449
13981,7322.950272,2,59711312.4608,0.0375396971745856
13982,7322.970272,1,59711332.416,0.0330557092220378
13983,7322.990272,2,59711352.3456,0.0373163685536911
13984,7323.010272,1,59711372.5056,0.0330362448009507
13985,7323.030272,2,59711392.3968,0.0373071485647551
13986,7323.050272,1,59711412.6336,0.033057758108468
13987,7323.070272,2,59711432.4864,0.0373163685536911
13988,7323.090272,1,59711452.6208,0.0330587825516832
13989,7323.110272,2,59711472.5248,0.0374843772409695
13990,7323.130272,1,59711492.4288,0.0330311225848751
13991,7323.150272,2,59711512.5632,0.03767082590612
13992,7323.170272,1,59711532.5312,0.0330167803798635
13993,7323.190272,2,59711552.512,0.0376554592578933
13994,7323.210272,1,59711572.5056,0.0330321470280902
13995,7323.230272,2,59711592.6656,0.0374515950580859
13996,7323.250272,1,59711612.5824,0.0330475136763169
13997,7323.270272,2,59711632.4608,0.0375089638781322
13998,7323.290272,1,59711652.48,0.0329604360030324
13999,7323.310272,2,59711672.5376,0.0373327596451329
14000,7323.330272,1,59711692.4288,0.0329870715266253
14001,7323.350272,2,59711712.4736,0.0374731083656033
14002,7323.370272,1,59711732.4544,0.0330997602802877
14003,7323.390272,2,59711752.4736,0.0375560882660274
14004,7323.410272,1,59711772.4416,0.0331427868953224
14005,7323.430272,2,59711792.4864,0.0375233060831438
14006,7323.450272,1,59711812.4672,0.0331776179646362
14007,7323.470272,2,59711832.4096,0.0374218862048477
14008,7323.490272,1,59711852.4672,0.0330884914049214
14009,7323.510272,2,59711872.5248,0.0374833527977544
14010,7323.530272,1,59711892.4544,0.0330731247566947
14011,7323.550272,2,59711912.4736,0.0373645173848014
14012,7323.570272,1,59711932.4416,0.0330864425184912
14013,7323.590272,2,59711952.4608,0.0372641219497203
14014,7323.610272,1,59711972.5568,0.033121273587805
14015,7323.630272,2,59711992.4352,0.0374362284098592
14016,7323.650272,1,59712012.5312,0.033075173643125
14017,7323.670272,2,59712032.5376,0.0373962751244699
14018,7323.690272,1,59712052.48,0.0330219025959391
14019,7323.710272,2,59712072.5504,0.0372528530743541
14020,7323.730272,1,59712092.5312,0.0329624848894626
14021,7323.750272,2,59712112.448,0.0373132952240457
14022,7323.770272,1,59712132.5056,0.0330157559366484
14023,7323.790272,2,59712152.4736,0.0371749953900055
14024,7323.810272,1,59712172.416,0.0329676071055381
14025,7323.830272,2,59712192.4992,0.037070502182064
14026,7323.850272,1,59712212.5312,0.0330403425738111
14027,7323.870272,2,59712232.4096,0.037005962259512
14028,7323.890272,1,59712252.4416,0.0330516114491774
14029,7323.910272,2,59712272.4864,0.0370561599770525
14030,7323.930272,1,59712292.5056,0.0330639047677587
14031,7323.950272,2,59712312.4352,0.0371729465035753
14032,7323.970272,1,59712332.4288,0.0330772225295552
14033,7323.990272,2,59712352.6144,0.0371258221156801
14034,7324.010272,1,59712372.5696,0.0330884914049214
14035,7324.030272,2,59712392.448,0.0370827955006454
14036,7324.050272,1,59712412.5312,0.0330526358923925
14037,7324.070272,2,59712432.448,0.0370776732845698
14038,7324.090272,1,59712452.544,0.0330321470280902
14039,7324.110272,2,59712472.5888,0.0370377199991804
14040,7324.130272,1,59712492.544,0.0330075603909275
14041,7324.150272,2,59712512.4992,0.0368758579711927
14042,7324.170272,1,59712532.5312,0.0330055115044973
14043,7324.190272,2,59712552.448,0.0368574179933206
14044,7324.210272,1,59712572.48,0.0330454647898867
14045,7324.230272,2,59712592.512,0.036660724896019
14046,7324.250272,1,59712612.48,0.0330085848341426
14047,7324.270272,2,59712632.512,0.0367088737271293
14048,7324.290272,1,59712652.5184,0.0330188292662938
14049,7324.310272,2,59712672.576,0.0368584424365357
14050,7324.330272,1,59712692.5184,0.0329440449115906
14051,7324.350272,2,59712712.512,0.0370203044645235
14052,7324.370272,1,59712732.608,0.0330034626180671
14053,7324.390272,2,59712752.4864,0.0371032843649476
14054,7324.410272,1,59712772.5184,0.0329993648452066
14055,7324.430272,2,59712792.512,0.0371166021267441
14056,7324.450272,1,59712812.6208,0.033020878152724
14057,7324.470272,2,59712832.5376,0.0370397688856107
14058,7324.490272,1,59712852.544,0.0330659536541889
14059,7324.510272,2,59712872.5248,0.0371114799106686
14060,7324.530272,1,59712892.4928,0.0330403425738111
14061,7324.550272,2,59712912.5504,0.0370745999549245
14062,7324.570272,1,59712932.6336,0.0331222980310201
14063,7324.590272,2,59712952.5888,0.0371545065257033
14064,7324.610272,1,59712972.5056,0.0330475136763169
14065,7324.630272,2,59712992.5504,0.0371483598664126
14066,7324.650272,1,59713012.5696,0.0330546847788227
14067,7324.670272,2,59713032.5248,0.0372272419939763
14068,7324.690272,1,59713052.5568,0.033130493576741
14069,7324.710272,2,59713072.512,0.0374495461716557
14070,7324.730272,1,59713092.5568,0.0331632757596246
14071,7324.750272,2,59713112.576,0.0375673571413936
14072,7324.770272,1,59713132.544,0.0330946380642121
14073,7324.790272,2,59713152.5888,0.0376267748478702
14074,7324.810272,1,59713172.5184,0.0331550802139037
14075,7324.830272,2,59713192.5504,0.0375776015735448
14076,7324.850272,1,59713212.6208,0.0331059069395783
14077,7324.870272,2,59713232.576,0.0374034462269756
14078,7324.890272,1,59713252.5824,0.0331141024852992
14079,7324.910272,2,59713272.5888,0.0372128997889647
14080,7324.930272,1,59713292.5824,0.0330639047677587
14081,7324.950272,2,59713312.6016,0.0371381154342615
14082,7324.970272,1,59713332.5952,0.0331356157928166
14083,7324.990272,2,59713352.5632,0.0371862642653718
14084,7325.01024,1,59713372.6208,0.0330475136763169
14085,7325.03024,2,59713392.5632,0.0370530866474071
14086,7325.05024,1,59713412.5952,0.0331981068289385
14087,7325.07024,2,59713432.6272,0.0371329932181859
14088,7325.09024,1,59713452.5952,0.0331653246460549
14089,7325.11024,2,59713472.6144,0.0371227487860348
14090,7325.13024,1,59713492.6336,0.0331182002581597
14091,7325.15024,2,59713512.6016,0.0370827955006454
14092,7325.17024,1,59713532.6208,0.0331397135656771
14093,7325.19024,2,59713552.64,0.0370295244534595
14094,7325.21024,1,59713572.672,0.0331806912942816
14095,7325.23024,2,59713592.704,0.0371821664925113
14096,7325.25024,1,59713612.6976,0.0331632757596246
14097,7325.27024,2,59713632.6144,0.037270268609011
14098,7325.29024,1,59713652.6464,0.0332011801585838
14099,7325.31024,2,59713672.6528,0.0372057286864589
14100,7325.33024,1,59713692.672,0.0331458602249677
14101,7325.35024,2,59713712.6784,0.0372805130411621
14102,7325.37024,1,59713732.672,0.0331704468621304
14103,7325.39024,2,59713752.6528,0.0373143196672608
14104,7325.41024,1,59713772.6848,0.0330997602802877
14105,7325.43024,2,59713792.64,0.0374823283545393
14106,7325.45024,1,59713812.7232,0.0330792714159854
14107,7325.47024,2,59713832.6912,0.0375028172188416
14108,7325.49024,1,59713852.736,0.0330516114491774
14109,7325.51024,2,59713872.7424,0.0374772061384637
14110,7325.53024,1,59713892.7616,0.0331079558260086
14111,7325.55024,2,59713912.7424,0.0374813039113242
14112,7325.57024,1,59713932.672,0.0330526358923925
14113,7325.59024,2,59713952.6912,0.0375355994017252
14114,7325.61024,1,59713972.6592,0.0331284446903108
14115,7325.63024,2,59713992.7168,0.0377773680004917
14116,7325.65024,1,59714012.672,0.0330321470280902
14117,7325.67024,2,59714032.6656,0.0377036080890036
14118,7325.69024,1,59714052.6976,0.0331407380088922
14119,7325.71024,2,59714072.6528,0.0376103837564284
14120,7325.73024,1,59714092.7104,0.033130493576741
14121,7325.75024,2,59714112.704,0.037506914991702
14122,7325.77024,1,59714132.7616,0.0331458602249677
14123,7325.79024,2,59714152.6784,0.0374925727866904
14124,7325.81024,1,59714172.6848,0.0331376646792468
14125,7325.83024,2,59714192.704,0.0373532485094351
14126,7325.85024,1,59714212.8512,0.0330690269838343
14127,7325.87024,2,59714232.768,0.0374177884319872
14128,7325.89024,1,59714252.7232,0.0331089802692237
14129,7325.91024,2,59714272.7168,0.0374515950580859
14130,7325.93024,1,59714292.8384,0.0331048824963632
14131,7325.95024,2,59714312.7168,0.0375120372077776
14132,7325.97024,1,59714332.6976,0.0330526358923925
14133,7325.99024,2,59714352.7552,0.0376277992910853
14134,7326.01024,1,59714372.7104,0.0330516114491774
14135,7326.03024,2,59714392.7168,0.0378193701723114
14136,7326.05024,1,59714412.7616,0.0331182002581597
14137,7326.07024,2,59714432.7424,0.0376503370418178
14138,7326.09024,1,59714452.7104,0.0330864425184912
14139,7326.11024,2,59714472.896,0.0376698014629049
14140,7326.13024,1,59714492.7488,0.033057758108468
14141,7326.15024,2,59714512.7168,0.0376032126539226
14142,7326.17024,1,59714532.7488,0.0330833691888459
14143,7326.19024,2,59714552.7936,0.0376390681664515
14144,7326.21024,1,59714572.6976,0.0331468846681828
14145,7326.23024,2,59714592.768,0.037889032310939
14146,7326.25024,1,59714612.7488,0.0330167803798635
14147,7326.27024,2,59714632.7168,0.038170754195095
14148,7326.29024,1,59714652.736,0.0330669780974041
14149,7326.31024,2,59714672.7424,0.0382496363226586
14150,7326.33024,1,59714692.7488,0.033039318130596
14151,7326.35024,2,59714712.7552,0.0382506607658738
14152,7326.37024,1,59714732.7488,0.0330219025959391
14153,7326.39024,2,59714752.7552,0.038153338660438
14154,7326.41024,1,59714772.7616,0.0331294691335259
14155,7326.43024,2,59714792.7936,0.0380478210092815
14156,7326.45024,1,59714812.8384,0.033084393632061
14157,7326.47024,2,59714832.7424,0.0379013256295204
14158,7326.49024,1,59714852.7616,0.0331294691335259
14159,7326.51024,2,59714872.7552,0.0379853299731596
14160,7326.53024,1,59714892.8384,0.0331294691335259
14161,7326.55024,2,59714912.768,0.0377415124879628
14162,7326.57024,1,59714932.7616,0.0330761980863401
14163,7326.59024,2,59714952.7552,0.0377763435572766
14164,7326.61024,1,59714972.8128,0.0331448357817526
14165,7326.63024,2,59714992.7808,0.0378398590366136
14166,7326.65024,1,59715012.8256,0.0331735201917758
14167,7326.67024,2,59715032.7808,0.0378808367652181
14168,7326.69024,1,59715052.7872,0.0330260003687996
14169,7326.71024,2,59715072.8192,0.0379586944495667
14170,7326.73024,1,59715092.8256,0.0330721003134796
14171,7326.75024,2,59715112.8192,0.037870592333067
14172,7326.77024,1,59715132.7744,0.0331182002581597
14173,7326.79024,2,59715152.7808,0.0376411170528818
14174,7326.81024,1,59715172.8384,0.0330905402913516
14175,7326.83024,2,59715192.8448,0.0375448193906612
14176,7326.85024,1,59715212.7872,0.0330413670170262
14177,7326.87024,2,59715232.8064,0.0375550638228123
14178,7326.89024,1,59715252.8128,0.0330792714159854
14179,7326.91024,2,59715272.8448,0.0377660991251255
14180,7326.93024,1,59715292.7744,0.0331274202470957
14181,7326.95024,2,59715312.832,0.0380273321449792
14182,7326.97024,1,59715332.8512,0.0330680025406192
14183,7326.99024,2,59715352.8064,0.0381779252976008
14184,7327.01024,1,59715372.8512,0.0330833691888459
14185,7327.03024,2,59715392.8064,0.0383336406662979
14186,7327.05024,1,59715412.8,0.0330321470280902
14187,7327.07024,2,59715432.8192,0.0383664228491815
14188,7327.09024,1,59715452.8256,0.0329983404019915
14189,7327.11024,2,59715472.9728,0.0383510562009548
14190,7327.13024,1,59715492.864,0.0330628803245436
14191,7327.15024,2,59715512.8192,0.0381615342061589
14192,7327.17024,1,59715532.9152,0.0330700514270494
14193,7327.19024,2,59715552.8448,0.0379504989038458
14194,7327.21024,1,59715572.8512,0.0331059069395783
14195,7327.23024,2,59715592.896,0.0378214190587416
14196,7327.25024,1,59715612.8384,0.0331192247013748
14197,7327.27024,2,59715632.8192,0.0376677525764747
14198,7327.29024,1,59715652.8896,0.0330864425184912
14199,7327.31024,2,59715672.8448,0.0375991148810621
14200,7327.33024,1,59715692.8384,0.0331253713606655
14201,7327.35024,2,59715712.8576,0.037598090437847
14202,7327.37024,1,59715732.8512,0.0330802958592005
14203,7327.39024,2,59715752.896,0.0375960415514168
14204,7327.41024,1,59715772.8384,0.0331182002581597
14205,7327.43024,2,59715792.8704,0.037542770504231
14206,7327.45024,1,59715812.8512,0.033102833609933
14207,7327.47024,2,59715832.896,0.0374772061384637
14208,7327.49024,1,59715852.864,0.0330741491999098
14209,7327.51024,2,59715872.896,0.0373112463376155
14210,7327.53024,1,59715892.8896,0.0330516114491774
14211,7327.55024,2,59715912.8832,0.0373511996230049
14212,7327.57024,1,59715932.8768,0.0331079558260086
14213,7327.59024,2,59715952.9088,0.037452619501301
14214,7327.61024,1,59715972.8768,0.0330669780974041
14215,7327.63024,2,59715992.8832,0.0374515950580859
14216,7327.65024,1,59716012.9152,0.0331192247013748
14217,7327.67024,2,59716032.9088,0.0374823283545393
14218,7327.69024,1,59716052.9024,0.0330423914602414
14219,7327.71024,2,59716072.896,0.037689265883992
14220,7327.73024,1,59716093.0304,0.0331048824963632
14221,7327.75024,2,59716112.9344,0.0378828856516483
14222,7327.77024,1,59716132.8768,0.0330464892331018
14223,7327.79024,2,59716152.9216,0.0378818612084332
14224,7327.81024,1,59716172.9152,0.0330813203024156
14225,7327.83024,2,59716192.896,0.0378582990144856
14226,7327.85024,1,59716212.9024,0.0330362448009507
14227,7327.87024,2,59716232.9088,0.037889032310939
14228,7327.89024,1,59716252.8768,0.0330710758702645
14229,7327.91024,2,59716272.9088,0.0378880078677239
14230,7327.93024,1,59716292.9152,0.0331182002581597
14231,7327.95024,2,59716312.9472,0.0377363902718872
14232,7327.97024,1,59716332.928,0.0331130780420841
14233,7327.99024,2,59716352.9088,0.0377701968979859
14234,7328.01024,1,59716372.928,0.0331345913496015
14235,7328.03024,2,59716392.896,0.037934107812404
14236,7328.05024,1,59716412.8896,0.0332319134550372
14237,7328.07024,2,59716432.9728,0.0377712213412011
14238,7328.09024,1,59716452.928,0.033157129100334
14239,7328.11024,2,59716472.96,0.0375376482881554
14240,7328.13024,1,59716492.9408,0.0331458602249677
14241,7328.15024,2,59716512.9088,0.0374106173294814
14242,7328.17024,1,59716532.9536,0.0331714713053455
14243,7328.19024,2,59716552.9728,0.0372846108140226
14244,7328.21024,1,59716572.928,0.033112053598869
14245,7328.23024,2,59716593.0496,0.0371811420492962
14246,7328.25024,1,59716612.928,0.0331550802139037
14247,7328.27024,2,59716632.9856,0.037070502182064
14248,7328.29024,1,59716652.9664,0.0331683979757002
14249,7328.31024,2,59716672.9344,0.0371944598110927
14250,7328.33024,1,59716692.9408,0.0331776179646362
14251,7328.35024,2,59716712.9216,0.037324564099412
14252,7328.37024,1,59716732.9536,0.0331704468621304
14253,7328.39024,2,59716752.9472,0.0374782305816789
14254,7328.41024,1,59716772.9408,0.0332452312168336
14255,7328.43024,2,59716792.9472,0.0376534103714631
14256,7328.45024,1,59716812.9536,0.0331919601696478
14257,7328.47024,2,59716832.9472,0.0376267748478702
14258,7328.49024,1,59716852.9408,0.0330782469727703
14259,7328.51024,2,59716872.9472,0.0375571127092425
14260,7328.53024,1,59716892.992,0.0331438113385375
14261,7328.55024,2,59716912.9472,0.0376042370971377
14262,7328.57024,1,59716932.9792,0.0331141024852992
14263,7328.59024,2,59716952.9472,0.0376144815292888
14264,7328.61024,1,59716974.0032,0.0331386891224619
14265,7328.63024,2,59716992.9728,0.037725121396521
14266,7328.65024,1,59717012.992,0.0331643002028398
14267,7328.67024,2,59717033.0112,0.0379771344274387
14268,7328.69024,1,59717052.992,0.0332472801032639
14269,7328.71024,2,59717072.96,0.0381389964554265
14270,7328.73024,1,59717093.0176,0.0331520068842584
14271,7328.75024,2,59717113.0112,0.0382752474030365
14272,7328.77024,1,59717132.9664,0.0331909357264327
14273,7328.79024,2,59717152.9856,0.0382383674472924
14274,7328.81024,1,59717173.0816,0.0331561046571189
14275,7328.83024,2,59717192.9984,0.0382639785276702
14276,7328.85024,1,59717213.0048,0.0331540557706886
14277,7328.87024,2,59717232.9984,0.0382230007990657
14278,7328.89024,1,59717253.0048,0.0331397135656771
14279,7328.91024,2,59717272.9984,0.038416620566722
14280,7328.93024,1,59717292.992,0.0331458602249677
14281,7328.95024,2,59717313.0112,0.0384453049767451
14282,7328.97024,1,59717333.0176,0.0331776179646362
14283,7328.99024,2,59717353.0496,0.0384084250210011
14284,7329.01024,1,59717373.0944,0.0331520068842584
14285,7329.03024,2,59717393.0112,0.0384965271375008
14286,7329.05024,1,59717413.0816,0.0331274202470957
14287,7329.07024,2,59717433.024,0.0384965271375008
14288,7329.09024,1,59717453.0048,0.0331704468621304
14289,7329.11024,2,59717473.0112,0.0383592517466757
14290,7329.13024,1,59717493.0432,0.0331059069395783
14291,7329.15024,2,59717513.0368,0.0383039318130596
14292,7329.17024,1,59717533.0688,0.0331222980310201
14293,7329.19024,2,59717553.0496,0.0381123609318335
14294,7329.21024,1,59717573.0432,0.0331683979757002
14295,7329.23024,2,59717593.0624,0.0379515233470609
14296,7329.25024,1,59717613.0688,0.0331704468621304
14297,7329.27024,2,59717633.0624,0.0379289855963284
14298,7329.29024,1,59717653.0816,0.0331540557706886
14299,7329.31024,2,59717673.0624,0.0377169258508001
14300,7329.33024,1,59717693.056,0.0331079558260086
14301,7329.35024,2,59717713.1136,0.0377445858176081
14302,7329.37024,1,59717733.0688,0.0331182002581597
14303,7329.39024,2,59717753.0496,0.0377353658286721
14304,7329.41024,1,59717773.0688,0.0330413670170262
14305,7329.43024,2,59717793.0624,0.0376841436679165
14306,7329.45024,1,59717813.0688,0.0330731247566947
14307,7329.47024,2,59717833.0624,0.037734341385457
14308,7329.49024,1,59717853.0688,0.0330003892884217
14309,7329.51024,2,59717873.1008,0.0378040035240847
14310,7329.53024,1,59717893.0816,0.0330915647345668
14311,7329.55024,2,59717913.088,0.037825516831602
14312,7329.57024,1,59717933.1328,0.0331335669063864
14313,7329.59024,2,59717953.088,0.0375970659946319
14314,7329.61024,1,59717973.1456,0.0331059069395783
14315,7329.63024,2,59717993.1264,0.0375591615956728
14316,7329.65024,1,59718013.12,0.0330434159034565
14317,7329.67024,2,59718033.1392,0.0374116417726965
14318,7329.69024,1,59718053.1072,0.0330249759255844
14319,7329.71024,2,59718073.1776,0.0374013973405454
14320,7329.73024,1,59718093.0944,0.0330772225295552
14321,7329.75024,2,59718113.152,0.0374218862048477
14322,7329.77024,1,59718133.1072,0.0330618558813285
14323,7329.79024,2,59718153.1136,0.0374813039113242
14324,7329.81024,1,59718173.1712,0.0330792714159854
14325,7329.83024,2,59718193.1136,0.0375212571967136
14326,7329.85024,1,59718213.248,0.0331366402360317
14327,7329.87024,2,59718233.2288,0.0375437949474461
14328,7329.89024,1,59718253.1072,0.0330802958592005
14329,7329.91024,2,59718273.1264,0.0376175548589342
14330,7329.93024,1,59718293.1328,0.0331458602249677
14331,7329.95024,2,59718313.216,0.0377958079783638
14332,7329.97024,1,59718333.1328,0.0331581535435491
14333,7329.99024,2,59718353.1136,0.0377517569201139
14334,7330.01024,1,59718373.1456,0.0331427868953224
14335,7330.03024,2,59718393.2032,0.0377701968979859
14336,7330.05024,1,59718413.1712,0.0331376646792468
14337,7330.07024,2,59718433.1648,0.0377097547482943
14338,7330.09024,1,59718453.1456,0.0331376646792468
14339,7330.11024,2,59718473.1648,0.0376267748478702
14340,7330.13024,1,59718493.1584,0.0331827401807118
14341,7330.15024,2,59718513.152,0.0375745282438994
14342,7330.17024,1,59718533.2224,0.0331468846681828
14343,7330.19024,2,59718553.2672,0.0374772061384637
14344,7330.21024,1,59718573.1456,0.0331089802692237
14345,7330.23024,2,59718593.1904,0.0375038416620567
14346,7330.25024,1,59718613.1968,0.0331499579978282
14347,7330.27024,2,59718633.1648,0.0374321306369988
14348,7330.29024,1,59718653.1712,0.0331919601696478
14349,7330.31024,2,59718673.3056,0.037361444055156
14350,7330.33024,1,59718693.1328,0.0331499579978282
14351,7330.35024,2,59718713.3184,0.0372692441657959
14352,7330.37024,1,59718733.248,0.0331817157374967
14353,7330.39024,2,59718753.1776,0.0372231442211158
14354,7330.41024,1,59718773.2992,0.0330956625074272
14355,7330.43024,2,59718793.2288,0.0371350421046161
14356,7330.45024,1,59718813.248,0.0331458602249677
14357,7330.47024,2,59718833.216,0.0370940643760116
14358,7330.49024,1,59718853.2096,0.0331274202470957
14359,7330.51024,2,59718873.5232,0.0371288954453255
14360,7330.53024,1,59718893.2736,0.0331253713606655
14361,7330.55024,2,59718913.3952,0.0371954842543078
14362,7330.57024,1,59718933.2352,0.033093613620997
14363,7330.59024,2,59718953.3184,0.0371852398221567
14364,7330.61024,1,59718973.376,0.0331069313827934
14365,7330.63024,2,59718993.2288,0.0370623066363431
14366,7330.65024,1,59719013.2224,0.0331018091667179
14367,7330.67024,2,59719033.1904,0.0369834245087795
14368,7330.69024,1,59719053.2224,0.0330884914049214
14369,7330.71024,2,59719073.216,0.0369260556887332
14370,7330.73024,1,59719093.2352,0.0330946380642121
14371,7330.75024,2,59719113.28,0.0369547400987563
14372,7330.77024,1,59719133.2992,0.0331192247013748
14373,7330.79024,2,59719153.2672,0.0368676624254718
14374,7330.81024,1,59719173.312,0.0332196201364558
14375,7330.83024,2,59719193.1904,0.0368174647079312
14376,7330.85024,1,59719213.2608,0.0332431823304034
14377,7330.87024,2,59719233.28,0.0368328313561579
14378,7330.89024,1,59719253.248,0.0331806912942816
14379,7330.91024,2,59719273.2544,0.0369834245087795
14380,7330.93024,1,59719293.2608,0.0331335669063864
14381,7330.95024,2,59719313.2672,0.0368707357551171
14382,7330.97024,1,59719333.2352,0.0332401090007581
14383,7330.99024,2,59719353.2672,0.0368031225029197
14384,7331.01024,1,59719373.2864,0.0331561046571189
14385,7331.03024,2,59719393.2672,0.0368256602536521
14386,7331.05024,1,59719413.2608,0.0331489335546131
14387,7331.07024,2,59719433.2288,0.0367232159321409
14388,7331.09024,1,59719453.1968,0.0332196201364558
14389,7331.11024,2,59719473.2672,0.036833855799373
14390,7331.13024,1,59719493.312,0.0331089802692237
14391,7331.15024,2,59719513.2416,0.0367580470014547
14392,7331.17024,1,59719533.2608,0.0332104001475198
14393,7331.19024,2,59719553.2544,0.036815415821501
14394,7331.21024,1,59719573.2096,0.0331970823857234
14395,7331.23024,2,59719593.2544,0.0370192800213084
14396,7331.25024,1,59719613.2224,0.0330792714159854
14397,7331.27024,2,59719633.2928,0.0370049378162968
14398,7331.29024,1,59719653.312,0.0331888868400025
14399,7331.31024,2,59719673.2672,0.0369967422705759
14400,7331.33024,1,59719693.248,0.0331561046571189
14401,7331.35024,2,59719713.3312,0.0369957178273608
14402,7331.37024,1,59719733.2608,0.0331222980310201
14403,7331.39024,2,59719753.2672,0.0369998156002213
14404,7331.41024,1,59719773.312,0.033112053598869
14405,7331.43024,2,59719793.2672,0.0371237732292499
14406,7331.45024,1,59719813.376,0.0331417624521073
14407,7331.47024,2,59719833.28,0.0370141578052329
14408,7331.49024,1,59719853.2736,0.0331356157928166
14409,7331.51024,2,59719873.2928,0.0369619112012621
14410,7331.53024,1,59719893.2864,0.0331438113385375
14411,7331.55024,2,59719913.28,0.0369537156555412
14412,7331.57024,1,59719933.3248,0.0331540557706886
14413,7331.59024,2,59719953.3184,0.0369465445530354
14414,7331.61024,1,59719973.3248,0.0330915647345668
14415,7331.63024,2,59719993.3056,0.0369434712233901
14416,7331.65024,1,59720013.2992,0.0331243469174504
14417,7331.67024,2,59720033.3184,0.0368389780154486
14418,7331.69024,1,59720053.2992,0.0330802958592005
14419,7331.71024,2,59720073.2672,0.0368318069129428
14420,7331.73024,1,59720093.312,0.0331263958038806
14421,7331.75024,2,59720113.3056,0.0368113180486406
14422,7331.77024,1,59720133.312,0.0330649292109738
14423,7331.79024,2,59720153.3184,0.0367283381482165
14424,7331.81024,1,59720173.3248,0.033121273587805
14425,7331.83024,2,59720193.3184,0.0368400024586637
14426,7331.85024,1,59720213.3248,0.033157129100334
14427,7331.87024,2,59720233.3184,0.036833855799373
14428,7331.89024,1,59720253.3376,0.0331141024852992
14429,7331.91024,2,59720273.3312,0.0367170692728502
14430,7331.93024,1,59720293.3376,0.0331694224189153
14431,7331.95024,2,59720313.3696,0.0367047759542689
14432,7331.97024,1,59720333.3504,0.0330700514270494
14433,7331.99024,2,59720353.344,0.0366474071342225
14434,7332.01024,1,59720373.3504,0.0331059069395783
14435,7332.03024,2,59720393.3696,0.0367805847521872
14436,7332.05024,1,59720413.3504,0.0331632757596246
14437,7332.07024,2,59720433.408,0.036933226791239
14438,7332.09024,1,59720453.376,0.0331448357817526
14439,7332.11024,2,59720473.344,0.0368902001762042
14440,7332.13024,1,59720493.3376,0.0331612268731944
14441,7332.15024,2,59720513.3568,0.0367703403200361
14442,7332.17024,1,59720533.3248,0.0331048824963632
14443,7332.19024,2,59720553.3568,0.0367068248406991
14444,7332.21024,1,59720573.376,0.0330464892331018
14445,7332.23024,2,59720593.3696,0.036806195832565
14446,7332.25024,1,59720613.4272,0.0330536603356076
14447,7332.27024,2,59720633.3696,0.0369936689409306
14448,7332.29024,1,59720653.376,0.0331294691335259
14449,7332.31024,2,59720673.3568,0.0370602577499129
14450,7332.33024,1,59720693.3888,0.0331253713606655
14451,7332.35024,2,59720713.3824,0.0370807466142152
14452,7332.37024,1,59720733.4144,0.0330741491999098
14453,7332.39024,2,59720753.3952,0.0370315733398898
14454,7332.41024,1,59720773.376,0.033112053598869
14455,7332.43024,2,59720793.3952,0.0370582088634827
14456,7332.45024,1,59720813.4528,0.0330833691888459
14457,7332.47024,2,59720833.4208,0.0371657754010695
14458,7332.49024,1,59720853.3888,0.033093613620997
14459,7332.51024,2,59720873.408,0.0374013973405454
14460,7332.53024,1,59720893.4144,0.0329706804351835
14461,7332.55024,2,59720913.408,0.0375222816399287
14462,7332.57024,1,59720933.4272,0.033093613620997
14463,7332.59024,2,59720953.408,0.0375386727313705
14464,7332.61024,1,59720973.3888,0.033112053598869
14465,7332.63024,2,59720993.408,0.0374915483434753
14466,7332.65024,1,59721013.3888,0.0331561046571189
14467,7332.67024,2,59721033.4336,0.037652385928248
14468,7332.69024,1,59721053.4784,0.0330690269838343
14469,7332.71024,2,59721073.4208,0.0378572745712705
14470,7332.73024,1,59721093.4144,0.0331765935214211
14471,7332.75024,2,59721113.4464,0.0378818612084332
14472,7332.77024,1,59721133.4272,0.0330997602802877
14473,7332.79024,2,59721153.4336,0.0378726412194972
14474,7332.81024,1,59721173.504,0.0331315180199562
14475,7332.83024,2,59721193.4592,0.0376318970639457
14476,7332.85024,1,59721213.568,0.0331182002581597
14477,7332.87024,2,59721233.472,0.0375898948921261
14478,7332.89024,1,59721253.4528,0.0331161513717295
14479,7332.91024,2,59721273.472,0.0374372528530744
14480,7332.93024,1,59721293.4912,0.0331345913496015
14481,7332.95024,2,59721313.4592,0.0375376482881554
14482,7332.97024,1,59721333.4656,0.0330895158481365
14483,7332.99024,2,59721353.4848,0.0375458438338763
14484,7333.01024,1,59721373.4656,0.0331048824963632
14485,7333.03024,2,59721393.4592,0.0375294527424345
14486,7333.05024,1,59721413.4912,0.0330639047677587
14487,7333.07024,2,59721433.4592,0.0374710594791731
14488,7333.09024,1,59721453.4656,0.0330434159034565
14489,7333.11024,2,59721473.4848,0.0375560882660274
14490,7333.13024,1,59721493.4784,0.0330536603356076
14491,7333.15024,2,59721513.472,0.0376902903272072
14492,7333.17024,1,59721533.4912,0.0330598069948983
14493,7333.19024,2,59721553.472,0.0378849345380786
14494,7333.21024,1,59721573.504,0.0330772225295552
14495,7333.23024,2,59721593.4848,0.0380365521339152
14496,7333.25024,1,59721613.4912,0.0330895158481365
14497,7333.27024,2,59721633.5104,0.0379761099842236
14498,7333.29024,1,59721653.5168,0.033057758108468
14499,7333.31024,2,59721673.4976,0.037743561374393
14500,7333.33024,1,59721693.4912,0.0330106337205729
14501,7333.35024,2,59721713.536,0.0374464728420104
14502,7333.37024,1,59721733.5168,0.0330700514270494
14503,7333.39024,2,59721753.5488,0.0372180220050403
14504,7333.41024,1,59721773.504,0.0330157559366484
14505,7333.43024,2,59721793.4976,0.0368553691068904
14506,7333.45024,1,59721813.5424,0.0330331714713053
14507,7333.47024,2,59721833.536,0.0367867314114779
14508,7333.49024,1,59721853.5168,0.033093613620997
14509,7333.51024,2,59721873.5104,0.0368277091400824
14510,7333.53024,1,59721893.5168,0.0330034626180671
14511,7333.55024,2,59721913.536,0.0368748335279775
14512,7333.57024,1,59721933.5424,0.0331376646792468
14513,7333.59024,2,59721953.536,0.0367795603089721
14514,7333.61024,1,59721973.5424,0.0330874669617063
14515,7333.63024,2,59721993.5744,0.0369055668244309
14516,7333.65024,1,59722013.5296,0.0330065359477124
14517,7333.67024,2,59722033.536,0.036796975843629
14518,7333.69024,1,59722053.5424,0.0330874669617063
14519,7333.71024,2,59722073.536,0.0369035179380007
14520,7333.73024,1,59722093.5808,0.0330341959145205
14521,7333.75024,2,59722113.5744,0.0369260556887332
14522,7333.77024,1,59722133.5424,0.0331007847235028
14523,7333.79024,2,59722153.5744,0.036843075788309
14524,7333.81024,1,59722173.6064,0.0331479091113979
14525,7333.83024,2,59722193.5488,0.0366740426578155
14526,7333.85024,1,59722213.5808,0.0331089802692237
14527,7333.87024,2,59722233.5744,0.0367406314667978
14528,7333.89024,1,59722253.568,0.0331141024852992
14529,7333.91024,2,59722273.5616,0.0367621447743152
14530,7333.93024,1,59722293.5552,0.0331868379535722
14531,7333.95024,2,59722313.6,0.0367221914889258
14532,7333.97024,1,59722333.5936,0.0331561046571189
14533,7333.99024,2,59722353.6,0.0368563935501055
14534,7334.01024,1,59722373.6192,0.0331130780420841
14535,7334.03024,2,59722393.5744,0.0368686868686869
14536,7334.05024,1,59722413.5808,0.0330813203024156
14537,7334.07024,2,59722433.5872,0.0369537156555412
14538,7334.09024,1,59722453.6064,0.0331048824963632
14539,7334.11024,2,59722473.5744,0.037188313151802
14540,7334.13024,1,59722493.6064,0.0331622513164095
14541,7334.15024,2,59722513.5872,0.0376441903825271
14542,7334.17024,1,59722533.5808,0.0330516114491774
14543,7334.19024,2,59722553.6128,0.0378183457290962
14544,7334.21024,1,59722573.6064,0.0331499579978282
14545,7334.23024,2,59722593.6384,0.0380488454524966
14546,7334.25024,1,59722613.632,0.0330710758702645
14547,7334.27024,2,59722633.6,0.0380386010203454
14548,7334.29024,1,59722653.632,0.0331612268731944
14549,7334.31024,2,59722673.6512,0.0379238633802528
14550,7334.33024,1,59722693.5936,0.0331048824963632
14551,7334.35024,2,59722713.664,0.0379699633249329
14552,7334.37024,1,59722733.6192,0.0330321470280902
14553,7334.39024,2,59722753.6128,0.0380027455078165
14554,7334.41024,1,59722773.696,0.0331069313827934
14555,7334.43024,2,59722793.6128,0.0383490073145245
14556,7334.45024,1,59722813.696,0.0331202491445899
14557,7334.47024,2,59722833.6128,0.038690146905157
14558,7334.49024,1,59722853.632,0.0331284446903108
14559,7334.51024,2,59722873.6512,0.0392105640584342
14560,7334.53024,1,59722893.6448,0.0330413670170262
14561,7334.55024,2,59722913.6896,0.0395547769787121
14562,7334.57024,1,59722933.6576,0.033048538119532
14563,7334.59024,2,59722953.6384,0.0398405966357285
14564,7334.61024,1,59722973.6064,0.0330382936873809
14565,7334.63024,2,59722993.6512,0.0400208986415883
14566,7334.65024,1,59723013.6832,0.0330147314934333
14567,7334.67024,2,59723033.6896,0.0400249964144487
14568,7334.69024,1,59723053.696,0.0330034626180671
14569,7334.71024,2,59723073.6384,0.040000409777286
14570,7334.73024,1,59723093.6448,0.0330680025406192
14571,7334.75024,2,59723113.7536,0.0397483967463683
14572,7334.77024,1,59723133.6704,0.0330495625627471
14573,7334.79024,2,59723153.664,0.0392853484131375
14574,7334.81024,1,59723173.6576,0.0330710758702645
14575,7334.83024,2,59723193.664,0.0388540578195751
14576,7334.85024,1,59723213.7088,0.0330905402913516
14577,7334.87024,2,59723233.7024,0.0388817177863831
14578,7334.89024,1,59723253.632,0.0330977113938574
14579,7334.91024,2,59723273.6896,0.0389462577089352
14580,7334.93024,1,59723293.696,0.0330454647898867
14581,7334.95024,2,59723313.6896,0.0389226955149876
14582,7334.97024,1,59723333.6576,0.0330280492552298
14583,7334.99024,2,59723353.6768,0.0388479111602844
14584,7335.01024,1,59723373.6832,0.0330833691888459
14585,7335.03024,2,59723393.7024,0.0386225336529596
14586,7335.05024,1,59723413.6448,0.0330639047677587
14587,7335.07024,2,59723433.7152,0.0383520806441699
14588,7335.09024,1,59723453.696,0.0330239514823693
14589,7335.11024,2,59723473.6512,0.038189194172967
14590,7335.13024,1,59723493.696,0.0330925891777819
14591,7335.15024,2,59723513.7024,0.0380662609871535
14592,7335.17024,1,59723533.7216,0.0330352203577356
14593,7335.19024,2,59723553.7152,0.0381451431147171
14594,7335.21024,1,59723573.7216,0.0330802958592005
14595,7335.23024,2,59723593.7792,0.0380119654967525
14596,7335.25024,1,59723613.76,0.0330772225295552
14597,7335.27024,2,59723633.7408,0.037934107812404
14598,7335.29024,1,59723653.7344,0.0330085848341426
14599,7335.31024,2,59723673.728,0.0379771344274387
14600,7335.33024,1,59723693.7216,0.0331038580531481
14601,7335.35024,2,59723713.8176,0.0380273321449792
14602,7335.37024,1,59723733.7472,0.0330649292109738
14603,7335.39024,2,59723753.7408,0.0380570409982175
14604,7335.41024,1,59723773.76,0.0330413670170262
14605,7335.43024,2,59723793.7408,0.0379556211199213
14606,7335.45024,1,59723813.9008,0.0330229270391542
14607,7335.47024,2,59723833.7664,0.0379238633802528
14608,7335.49024,1,59723853.7472,0.0330567336652529
14609,7335.51024,2,59723873.7536,0.0380211854856885
14610,7335.53024,1,59723893.7728,0.0329983404019915
14611,7335.55024,2,59723913.7536,0.0378992767430901
14612,7335.57024,1,59723933.76,0.0330895158481365
14613,7335.59024,2,59723953.792,0.0377732702276313
14614,7335.61024,1,59723973.7984,0.033093613620997
14615,7335.63024,2,59723993.7536,0.0377763435572766
14616,7335.65024,1,59724013.7728,0.0330495625627471
14617,7335.67024,2,59724033.7664,0.037706681418649
14618,7335.69024,1,59724053.7984,0.0331263958038806
14619,7335.71024,2,59724073.7536,0.0377128280779396
14620,7335.73024,1,59724093.7856,0.0331581535435491
14621,7335.75024,2,59724113.7664,0.0376411170528818
14622,7335.77024,1,59724133.7984,0.0330721003134796
14623,7335.79024,2,59724153.792,0.0376421414960969
14624,7335.81024,1,59724173.7856,0.0330475136763169
14625,7335.83024,2,59724193.7792,0.0376318970639457
14626,7335.85024,1,59724213.8112,0.0330382936873809
14627,7335.87024,2,59724233.8176,0.0377783924437068
14628,7335.89024,1,59724253.8368,0.0331018091667179
14629,7335.91024,2,59724273.8304,0.0379402544716946
14630,7335.93024,1,59724293.8112,0.0330413670170262
14631,7335.95024,2,59724313.792,0.0379361566988342
14632,7335.97024,1,59724333.824,0.0330700514270494
14633,7335.99024,2,59724353.8688,0.0378203946155265
14634,7336.01024,1,59724373.8112,0.0331243469174504
14635,7336.03024,2,59724393.8176,0.037706681418649
14636,7336.05024,1,59724413.9136,0.0330669780974041
14637,7336.07024,2,59724433.8944,0.0377394636015326
14638,7336.09024,1,59724453.8368,0.0330782469727703
14639,7336.11024,2,59724473.8304,0.0378296146044625
14640,7336.13024,1,59724493.8496,0.0330362448009507
14641,7336.15024,2,59724513.8432,0.0379238633802528
14642,7336.17024,1,59724533.8624,0.033075173643125
14643,7336.19024,2,59724553.8688,0.0378511279119798
14644,7336.21024,1,59724573.8496,0.0329911692994857
14645,7336.23024,2,59724593.856,0.0378214190587416
14646,7336.25024,1,59724613.8496,0.0330680025406192
14647,7336.27024,2,59724633.8944,0.0376698014629049
14648,7336.29024,1,59724653.8624,0.0330587825516832
14649,7336.31024,2,59724673.8432,0.0377097547482943
14650,7336.33024,1,59724693.8624,0.0330382936873809
14651,7336.35024,2,59724713.9456,0.0377230725100908
14652,7336.37024,1,59724733.8624,0.0330434159034565
14653,7336.39024,2,59724753.856,0.0377538058065441
14654,7336.41024,1,59724773.8624,0.0330526358923925
14655,7336.43024,2,59724793.8688,0.0376790214518409
14656,7336.45024,1,59724813.888,0.0330444403466716
14657,7336.47024,2,59724833.92,0.0375550638228123
14658,7336.49024,1,59724853.888,0.0330618558813285
14659,7336.51024,2,59724873.8816,0.0375335505152949
14660,7336.53024,1,59724893.9008,0.0330178048230787
14661,7336.55024,2,59724913.9328,0.0374874505706149
14662,7336.57024,1,59724933.9264,0.0331100047124388
14663,7336.59024,2,59724953.8688,0.0372743663818714
14664,7336.61024,1,59724973.8752,0.0330813203024156
14665,7336.63024,2,59724993.8816,0.0371627020714242
14666,7336.65024,1,59725013.9648,0.0330587825516832
14667,7336.67024,2,59725033.9584,0.037206753129674
14668,7336.69024,1,59725053.9264,0.0330710758702645
14669,7336.71024,2,59725073.9072,0.0373788595898129
14670,7336.73024,1,59725093.9136,0.0330311225848751
14671,7336.75024,2,59725114.0096,0.0374731083656033
14672,7336.77024,1,59725133.9264,0.0331038580531481
14673,7336.79024,2,59725153.9328,0.0374690105927428
14674,7336.81024,1,59725173.9264,0.0330270248120147
14675,7336.83024,2,59725193.9328,0.0375550638228123
14676,7336.85024,1,59725213.9136,0.0330772225295552
14677,7336.87024,2,59725233.92,0.0375591615956728
14678,7336.89024,1,59725253.9264,0.0330966869506423
14679,7336.91024,2,59725273.9456,0.0377701968979859
14680,7336.93024,1,59725293.952,0.0331683979757002
14681,7336.95024,2,59725313.9328,0.0376749236789805
14682,7336.97024,1,59725333.9392,0.0331151269285144
14683,7336.99024,2,59725353.9584,0.0377558546929744
14684,7337.01024,1,59725373.9392,0.033130493576741
14685,7337.03024,2,59725393.9456,0.037652385928248
14686,7337.05024,1,59725413.9264,0.0331192247013748
14687,7337.07024,2,59725433.984,0.037588870448911
14688,7337.09024,1,59725453.9392,0.0330833691888459
14689,7337.11024,2,59725473.9328,0.037652385928248
14690,7337.13024,1,59725494.016,0.0330608314381134
14691,7337.15024,2,59725513.9712,0.0376400926096667
14692,7337.17024,1,59725533.9904,0.033093613620997
14693,7337.19024,2,59725553.9712,0.0374751572520335
14694,7337.21024,1,59725573.9392,0.0331110291556539
14695,7337.23024,2,59725594.0224,0.0373348085315631
14696,7337.25024,1,59725613.9648,0.0330864425184912
14697,7337.27024,2,59725633.984,0.0371360665478313
14698,7337.29024,1,59725653.9776,0.0331386891224619
14699,7337.31024,2,59725673.9584,0.0370571844202676
14700,7337.33024,1,59725694.0544,0.033075173643125
14701,7337.35024,2,59725713.984,0.0370766488413547
14702,7337.37024,1,59725733.9904,0.0331581535435491
14703,7337.39024,2,59725753.984,0.0371811420492962
14704,7337.41024,1,59725773.9904,0.0331448357817526
14705,7337.43024,2,59725793.9968,0.037443399512365
14706,7337.45024,1,59725814.1184,0.0330946380642121
14707,7337.47024,2,59725834.0224,0.0376913147704223
14708,7337.49024,1,59725854.0032,0.033075173643125
14709,7337.51024,2,59725874.0096,0.0381010920564673
14710,7337.53024,1,59725894.0288,0.0330198537095089
14711,7337.55024,2,59725914.0608,0.0384996004671461
14712,7337.57024,1,59725934.016,0.0330475136763169
14713,7337.59024,2,59725954.0096,0.0384319872149487
14714,7337.61024,1,59725973.952,0.0331284446903108
14715,7337.63024,2,59725994.0224,0.0380539676685721
14716,7337.65024,1,59726014.08,0.0330229270391542
14717,7337.67024,2,59726034.0224,0.0378357612637532
14718,7337.69024,1,59726054.0416,0.0330178048230787
14719,7337.71024,2,59726074.0224,0.0378992767430901
14720,7337.73024,1,59726094.08,0.033093613620997
14721,7337.75024,2,59726114.0096,0.0377927346487184
14722,7337.77024,1,59726134.1056,0.0330546847788227
14723,7337.79024,2,59726154.0224,0.0376749236789805
14724,7337.81024,1,59726174.1184,0.0331007847235028
14725,7337.83024,2,59726194.0608,0.0375735038006843
14726,7337.85024,1,59726214.0288,0.033112053598869
14727,7337.87024,2,59726234.0864,0.0375007683324113
14728,7337.89024,1,59726254.0928,0.0330454647898867
14729,7337.91024,2,59726274.0992,0.0374649128198824
14730,7337.93024,1,59726294.0416,0.0330864425184912
14731,7337.95024,2,59726314.0864,0.0375048661052718
14732,7337.97024,1,59726334.0544,0.0330946380642121
14733,7337.99024,2,59726354.0224,0.0375304771856496
14734,7338.01024,1,59726374.0672,0.0331356157928166
14735,7338.03024,2,59726394.1376,0.0375714549142541
14736,7338.05024,1,59726414.0416,0.0330495625627471
14737,7338.07024,2,59726434.1376,0.0376718503493351
14738,7338.09024,1,59726454.0672,0.0330495625627471
14739,7338.11024,2,59726474.0608,0.0375560882660274
14740,7338.13024,1,59726494.1184,0.0330178048230787
14741,7338.15024,2,59726514.0736,0.0374966705595509
14742,7338.17024,1,59726534.0928,0.0330362448009507
14743,7338.19024,2,59726554.0864,0.0375571127092425
14744,7338.21024,1,59726574.08,0.032993218185916
14745,7338.23024,2,59726594.112,0.0376093593132133
14746,7338.25024,1,59726614.1568,0.0330106337205729
14747,7338.27024,2,59726634.112,0.0374095928862663
14748,7338.29024,1,59726654.1696,0.0330833691888459
14749,7338.31024,2,59726674.0864,0.0374505706148708
14750,7338.33024,1,59726694.0672,0.0330526358923925
14751,7338.35024,2,59726714.1248,0.0371965086975229
14752,7338.37024,1,59726734.08,0.0329737537648288
14753,7338.39024,2,59726754.112,0.0371104554674534
14754,7338.41024,1,59726774.0672,0.0331161513717295
14755,7338.43024,2,59726794.1248,0.037052062204192
14756,7338.45024,1,59726814.1568,0.0330639047677587
14757,7338.47024,2,59726834.112,0.0371002110353023
14758,7338.49024,1,59726854.1056,0.033039318130596
14759,7338.51024,2,59726874.112,0.0372149486753949
14760,7338.53024,1,59726894.08,0.0330475136763169
14761,7338.55024,2,59726914.176,0.0373348085315631
14762,7338.57024,1,59726934.1184,0.0330188292662938
14763,7338.59024,2,59726954.1248,0.037525354969574
14764,7338.61024,1,59726974.1056,0.0330977113938574
14765,7338.63024,2,59726994.112,0.0374167639887721
14766,7338.65024,1,59727014.2208,0.0330741491999098
14767,7338.67024,2,59727034.0992,0.0373112463376155
14768,7338.69024,1,59727054.144,0.0331315180199562
14769,7338.71024,2,59727074.112,0.0373440285204991
14770,7338.73024,1,59727094.144,0.0331202491445899
14771,7338.75024,2,59727114.1504,0.0371893375950171
14772,7338.77024,1,59727134.1312,0.0331325424631713
14773,7338.79024,2,59727154.1376,0.0370141578052329
14774,7338.81024,1,59727174.1312,0.0331919601696478
14775,7338.83024,2,59727194.2272,0.0369127379269367
14776,7338.85024,1,59727214.1696,0.0331714713053455
14777,7338.87024,2,59727234.2016,0.0368768824144078
14778,7338.89024,1,59727254.1568,0.0330833691888459
14779,7338.91024,2,59727274.1504,0.0368471735611695
14780,7338.93024,1,59727294.1568,0.0331991312721536
14781,7338.95024,2,59727314.1376,0.0366883848628271
14782,7338.97024,1,59727334.1696,0.0330854180752761
14783,7338.99024,2,59727354.1376,0.0367631692175303
14784,7339.01024,1,59727374.1696,0.0332257667957465
14785,7339.03024,2,59727394.1504,0.0367621447743152
14786,7339.05024,1,59727414.1568,0.0330659536541889
14787,7339.07024,2,59727434.176,0.036751900342164
14788,7339.09024,1,59727454.1696,0.0331540557706886
14789,7339.11024,2,59727474.1632,0.0367672669903907
14790,7339.13024,1,59727494.1824,0.0331182002581597
14791,7339.15024,2,59727514.2528,0.0368072202757801
14792,7339.17024,1,59727534.1824,0.0331448357817526
14793,7339.19024,2,59727554.1888,0.0366392115885016
14794,7339.21024,1,59727574.1696,0.0331520068842584
14795,7339.23024,2,59727594.3168,0.0366310160427807
14796,7339.25024,1,59727614.1824,0.033157129100334
14797,7339.27024,2,59727634.176,0.0366883848628271
14798,7339.29024,1,59727654.208,0.0332063023746594
14799,7339.31024,2,59727674.1888,0.0367355092507222
14800,7339.33024,1,59727694.2336,0.0331919601696478
14801,7339.35024,2,59727714.1888,0.0368123424918557
14802,7339.37024,1,59727734.1952,0.0332278156821767
14803,7339.39024,2,59727754.1888,0.0369598623148319
14804,7339.41024,1,59727774.2208,0.0331550802139037
14805,7339.43024,2,59727794.2016,0.0369281045751634
14806,7339.45024,1,59727814.2208,0.0331919601696478
14807,7339.47024,2,59727834.2144,0.0369649845309075
14808,7339.49024,1,59727854.2208,0.033229864568607
14809,7339.51024,2,59727874.2272,0.0370110844755875
14810,7339.53024,1,59727894.336,0.033275964513287
14811,7339.55024,2,59727914.2144,0.0368902001762042
14812,7339.57024,1,59727934.2592,0.0332022046017989
14813,7339.59024,2,59727954.2272,0.0369209334726576
14814,7339.61024,1,59727974.208,0.0332790378429324
14815,7339.63024,2,59727994.2656,0.0370469399881165
14816,7339.65024,1,59728014.2976,0.0331796668510664
14817,7339.67024,2,59728034.24,0.0370868932735058
14818,7339.69024,1,59728054.3232,0.0332134734771652
14819,7339.71024,2,59728074.24,0.03703362222632
14820,7339.73024,1,59728094.2464,0.0332267912389616
14821,7339.75024,2,59728114.304,0.0369987911570062
14822,7339.77024,1,59728134.2336,0.0332903067182986
14823,7339.79024,2,59728154.3168,0.0369147868133669
14824,7339.81024,1,59728174.2464,0.033157129100334
14825,7339.83024,2,59728194.304,0.0368758579711927
14826,7339.85024,1,59728214.3104,0.0332349867846825
14827,7339.87024,2,59728234.24,0.0367713647632512
14828,7339.89024,1,59728254.3232,0.03330260003688
14829,7339.91024,2,59728274.2656,0.0368225869240068
14830,7339.93024,1,59728294.2592,0.0332319134550372
14831,7339.95024,2,59728314.2784,0.0367467781260885
14832,7339.97024,1,59728334.2336,0.033229864568607
14833,7339.99024,2,59728354.2784,0.0366576515663737
14834,7340.01024,1,59728374.2848,0.0331263958038806
14835,7340.03024,2,59728394.2656,0.0364548118097814
14836,7340.05024,1,59728414.3232,0.0332022046017989
14837,7340.07024,2,59728434.2784,0.0364712029012232
14838,7340.09024,1,59728454.3744,0.033285184502223
14839,7340.11024,2,59728474.2784,0.036424078513328
14840,7340.13024,1,59728494.2976,0.0332360112278976
14841,7340.15024,2,59728514.2912,0.0363431474993341
14842,7340.17024,1,59728534.2464,0.0331530313274735
14843,7340.19024,2,59728554.304,0.036342123056119
14844,7340.21024,1,59728574.3488,0.0332093757043047
14845,7340.23024,2,59728594.2656,0.0364189562972524
14846,7340.25024,1,59728614.3488,0.0331397135656771
14847,7340.27024,2,59728634.304,0.0364353473886942
14848,7340.29024,1,59728654.3104,0.0332114245907349
14849,7340.31024,2,59728674.3168,0.0362796320199971
14850,7340.33024,1,59728694.272,0.0331878623967873
14851,7340.35024,2,59728714.3552,0.0363708074661421
14852,7340.37024,1,59728734.2976,0.0332595734218452
14853,7340.39024,2,59728754.2656,0.0363410986129039
14854,7340.41024,1,59728774.3104,0.0331888868400025
14855,7340.43024,2,59728794.2656,0.0362939742250087
14856,7340.45024,1,59728814.3488,0.0332001557153687
14857,7340.47024,2,59728834.3296,0.0362550453828344
14858,7340.49024,1,59728854.3872,0.0331878623967873
14859,7340.51024,2,59728874.3168,0.0363482697154097
14860,7340.53024,1,59728894.3104,0.0331919601696478
14861,7340.55024,2,59728914.2912,0.0363626119204212
14862,7340.57024,1,59728934.3104,0.0331929846128629
14863,7340.59024,2,59728954.4064,0.0363615874772061
14864,7340.61024,1,59728974.3104,0.0331007847235028
14865,7340.63024,2,59728994.3168,0.0363574897043457
14866,7340.65024,1,59729014.3872,0.0331540557706886
14867,7340.67024,2,59729034.3552,0.0363277808511074
14868,7340.69024,1,59729054.4,0.0331919601696478
14869,7340.71024,2,59729074.3552,0.0363093408732354
14870,7340.73024,1,59729094.336,0.0331765935214211
14871,7340.75024,2,59729114.368,0.0363790030118631
14872,7340.77024,1,59729134.3744,0.0332042534882291
14873,7340.79024,2,59729154.3808,0.0364681295715778
14874,7340.81024,1,59729174.3488,0.0332544512057697
14875,7340.83024,2,59729194.368,0.0366453582477923
14876,7340.85024,1,59729214.3744,0.0331458602249677
14877,7340.87024,2,59729234.368,0.0367980002868441
14878,7340.89024,1,59729254.3488,0.0331683979757002
14879,7340.91024,2,59729274.3808,0.0368625402093962
14880,7340.93024,1,59729294.3744,0.0332175712500256
14881,7340.95024,2,59729314.4064,0.0369055668244309
14882,7340.97024,1,59729334.4,0.0331991312721536
14883,7340.99024,2,59729354.3552,0.0369875222816399
14884,7341.01024,1,59729374.4128,0.0331960579425082
14885,7341.03024,2,59729394.4064,0.0368963468354949
14886,7341.05024,1,59729414.4128,0.0331776179646362
14887,7341.07024,2,59729434.368,0.0368830290736984
14888,7341.09024,1,59729454.4384,0.0331899112832176
14889,7341.11024,2,59729474.3552,0.0368799557440531
14890,7341.13024,1,59729494.4128,0.033157129100334
14891,7341.15024,2,59729514.4064,0.0369772778494888
14892,7341.17024,1,59729534.4128,0.0331540557706886
14893,7341.19024,2,59729554.432,0.0370817710574303
14894,7341.21024,1,59729574.4128,0.0331806912942816
14895,7341.23024,2,59729594.432,0.0369721556334132
14896,7341.25024,1,59729614.4384,0.0331888868400025
14897,7341.27024,2,59729634.4192,0.0370223533509538
14898,7341.29024,1,59729654.4128,0.0331550802139037
14899,7341.31024,2,59729674.4448,0.0368727846415473
14900,7341.33024,1,59729694.4128,0.0331929846128629
14901,7341.35024,2,59729714.4448,0.0369281045751634
14902,7341.37024,1,59729734.4384,0.033102833609933
14903,7341.39024,2,59729754.4832,0.0370090355891573
14904,7341.41024,1,59729774.4384,0.0331130780420841
14905,7341.43024,2,59729794.432,0.0369127379269367
14906,7341.45024,1,59729814.4384,0.0331643002028398
14907,7341.47024,2,59729834.4448,0.0368830290736984
14908,7341.49024,1,59729854.5024,0.0331561046571189
14909,7341.51024,2,59729874.4576,0.0368164402647161
14910,7341.53024,1,59729894.4512,0.0331858135103571
14911,7341.55024,2,59729914.4576,0.036705800397484
14912,7341.57024,1,59729934.4384,0.0331878623967873
14913,7341.59024,2,59729954.4704,0.0367457536828734
14914,7341.61024,1,59729974.5152,0.0331458602249677
14915,7341.63024,2,59729994.4704,0.0367980002868441
14916,7341.65024,1,59730014.4768,0.0330956625074272
14917,7341.67024,2,59730034.496,0.0368656135390415
14918,7341.69024,1,59730054.4768,0.0331643002028398
14919,7341.71024,2,59730074.5728,0.0367754625361116
14920,7341.73024,1,59730094.4768,0.0332114245907349
14921,7341.75024,2,59730114.5728,0.0368328313561579
14922,7341.77024,1,59730134.4896,0.0332165468068105
14923,7341.79024,2,59730154.5728,0.0370582088634827
14924,7341.81024,1,59730174.4768,0.0331817157374967
14925,7341.83024,2,59730194.4576,0.0372282664371914
14926,7341.85024,1,59730214.4768,0.0332452312168336
14927,7341.87024,2,59730234.4576,0.0371206998996046
14928,7341.89024,1,59730254.4768,0.0332226934661012
14929,7341.91024,2,59730274.56,0.0370387444423955
14930,7341.93024,1,59730294.4896,0.0331929846128629
14931,7341.95024,2,59730314.5344,0.037061282193128
14932,7341.97024,1,59730334.5152,0.0332585489786301
14933,7341.99024,2,59730354.4704,0.0370827955006454
14934,7342.01024,1,59730374.6048,0.0331489335546131
14935,7342.03024,2,59730394.4704,0.0371237732292499
14936,7342.05024,1,59730414.592,0.0331929846128629
14937,7342.07024,2,59730434.5216,0.0372323642100518
14938,7342.09024,1,59730454.4896,0.0332585489786301
14939,7342.11024,2,59730474.5472,0.0372907574733133
14940,7342.13024,1,59730494.528,0.0331704468621304
14941,7342.15024,2,59730514.5472,0.0372784641547319
14942,7342.17024,1,59730534.5024,0.0332001557153687
14943,7342.19024,2,59730554.5344,0.0371627020714242
14944,7342.21024,1,59730574.592,0.0331161513717295
14945,7342.23024,2,59730594.5216,0.0370838199438605
14946,7342.25024,1,59730614.6048,0.03321244903395
14947,7342.27024,2,59730634.5088,0.037115577683529
14948,7342.29024,1,59730654.5536,0.0332175712500256
14949,7342.31024,2,59730674.6112,0.0371043088081628
14950,7342.33024,1,59730694.4896,0.0331673735324851
14951,7342.35024,2,59730714.5856,0.0369363001208843
14952,7342.37024,1,59730734.528,0.0332022046017989
14953,7342.39024,2,59730754.6368,0.0368615157661811
14954,7342.41024,1,59730774.5536,0.0331479091113979
14955,7342.43024,2,59730794.5728,0.036878931300838
14956,7342.45024,1,59730814.5536,0.0331888868400025
14957,7342.47024,2,59730834.56,0.0368840535169136
14958,7342.49024,1,59730854.5792,0.0331561046571189
14959,7342.51024,2,59730874.56,0.0368686868686869
14960,7342.53024,1,59730894.6304,0.0332165468068105
14961,7342.55024,2,59730914.624,0.0369834245087795
14962,7342.57024,1,59730934.5792,0.033229864568607
14963,7342.59024,2,59730954.5728,0.0370961132624419
14964,7342.61024,1,59730974.5536,0.0331581535435491
14965,7342.63024,2,59730994.6368,0.0371934353678776
14966,7342.65024,1,59731014.5664,0.0331786424078513
14967,7342.67024,2,59731034.5856,0.0372190464482554
14968,7342.69024,1,59731054.6432,0.0331622513164095
14969,7342.71024,2,59731074.5856,0.0372313397668367
14970,7342.73024,1,59731094.6048,0.0332247423525314
14971,7342.75024,2,59731114.5856,0.0373665662712316
14972,7342.77024,1,59731134.5792,0.0331499579978282
14973,7342.79024,2,59731154.5984,0.0372671952793657
14974,7342.81024,1,59731174.6048,0.0331438113385375
14975,7342.83024,2,59731194.5984,0.0372098264593194
14976,7342.85024,1,59731214.6304,0.0331561046571189
14977,7342.87024,2,59731234.5984,0.0371258221156801
14978,7342.89024,1,59731254.5536,0.0331397135656771
14979,7342.91024,2,59731274.7264,0.0370981621488721
14980,7342.93024,1,59731294.6048,0.0330731247566947
14981,7342.95024,2,59731314.6624,0.0370305488966747
14982,7342.97024,1,59731334.6304,0.0331427868953224
14983,7342.99024,2,59731354.5984,0.0372815374843772
14984,7343.01024,1,59731374.6432,0.0331612268731944
14985,7343.03024,2,59731394.624,0.0375601860388879
14986,7343.05024,1,59731414.6944,0.0331100047124388
14987,7343.07024,2,59731434.6368,0.0375776015735448
14988,7343.09024,1,59731454.6304,0.033175569078206
14989,7343.11024,2,59731474.6752,0.037643165939312
14990,7343.13024,1,59731494.6432,0.0331653246460549
14991,7343.15024,2,59731514.7264,0.0377046325322187
14992,7343.17024,1,59731534.6304,0.0331489335546131
14993,7343.19024,2,59731554.6368,0.0378941545270146
14994,7343.21024,1,59731574.6688,0.0331724957485607
14995,7343.23024,2,59731594.6496,0.0378521523551949
14996,7343.25024,1,59731614.656,0.0331632757596246
14997,7343.27024,2,59731634.6368,0.0379484500174155
14998,7343.29024,1,59731654.6304,0.0330792714159854
14999,7343.31024,2,59731674.6624,0.0377292191693814
15000,7343.33024,1,59731694.6688,0.0331550802139037
15001,7343.35024,2,59731714.688,0.0375673571413936
15002,7343.37024,1,59731734.656,0.0331612268731944
15003,7343.39024,2,59731754.6752,0.0374270084209232
15004,7343.41024,1,59731774.7328,0.0331386891224619
15005,7343.43024,2,59731794.624,0.0375376482881554
15006,7343.45024,1,59731814.6816,0.0330833691888459
15007,7343.47024,2,59731834.688,0.0376318970639457
15008,7343.49024,1,59731854.6688,0.0331417624521073
15009,7343.51024,2,59731874.7008,0.0378326879341078
15010,7343.53024,1,59731894.6816,0.0331325424631713
15011,7343.55024,2,59731914.688,0.0377240969533059
15012,7343.57024,1,59731934.6816,0.0331550802139037
15013,7343.59024,2,59731954.6624,0.0376626303603991
15014,7343.61024,1,59731974.6944,0.0330741491999098
15015,7343.63024,2,59731994.7008,0.0375724793574692
15016,7343.65024,1,59732014.72,0.0332216690228861
15017,7343.67024,2,59732034.7008,0.0375745282438994
15018,7343.69024,1,59732054.7072,0.0330628803245436
15019,7343.71024,2,59732074.7008,0.0375724793574692
15020,7343.73024,1,59732094.7072,0.0331407380088922
15021,7343.75024,2,59732114.816,0.0375540393795972
15022,7343.77024,1,59732134.7456,0.0331315180199562
15023,7343.79024,2,59732154.7264,0.0375816993464052
15024,7343.81024,1,59732174.72,0.033102833609933
15025,7343.83024,2,59732194.7136,0.0377548302497593
15026,7343.85024,1,59732214.8096,0.0331274202470957
15027,7343.87024,2,59732234.7136,0.0377148769643699
15028,7343.89024,1,59732254.7968,0.0331427868953224
15029,7343.91024,2,59732274.752,0.0377425369311779
15030,7343.93024,1,59732294.7456,0.0331724957485607
15031,7343.95024,2,59732314.7392,0.0377742946708464
15032,7343.97024,1,59732334.7584,0.0331550802139037
15033,7343.99024,2,59732354.752,0.0378521523551949
15034,7344.01024,1,59732374.7328,0.0331366402360317
15035,7344.03024,2,59732394.8032,0.0379289855963284
15036,7344.05024,1,59732414.7584,0.0332011801585838
15037,7344.07024,2,59732434.752,0.0377015592025734
15038,7344.09024,1,59732454.72,0.0332063023746594
15039,7344.11024,2,59732474.7008,0.0377927346487184
15040,7344.13024,1,59732494.7712,0.0332411334439732
15041,7344.15024,2,59732514.7648,0.0378234679451718
15042,7344.17024,1,59732534.7712,0.0331960579425082
15043,7344.19024,2,59732554.7776,0.0377466347040384
15044,7344.21024,1,59732574.7712,0.0331550802139037
15045,7344.23024,2,59732594.7648,0.0376636548036142
15046,7344.25024,1,59732614.7584,0.0331806912942816
15047,7344.27024,2,59732634.7648,0.0378419079230438
15048,7344.29024,1,59732654.8096,0.0332319134550372
15049,7344.31024,2,59732674.7648,0.0378183457290962
15050,7344.33024,1,59732694.7456,0.0332534267625545
15051,7344.35024,2,59732714.8032,0.0376216526317946
15052,7344.37024,1,59732734.784,0.033229864568607
15053,7344.39024,2,59732754.8416,0.0375468682770914
15054,7344.41024,1,59732774.7968,0.0331714713053455
15055,7344.43024,2,59732794.7776,0.037497695002766
15056,7344.45024,1,59732814.8864,0.0332288401253919
15057,7344.47024,2,59732834.7648,0.0373696396008769
15058,7344.49024,1,59732854.8608,0.0332134734771652
15059,7344.51024,2,59732874.8416,0.0372333886532669
15060,7344.53024,1,59732894.7968,0.0332104001475198
15061,7344.55024,2,59732914.8288,0.0371801176060811
15062,7344.57024,1,59732934.8352,0.0332308890118221
15063,7344.59024,2,59732954.8544,0.0370664044092036
15064,7344.61024,1,59732974.7968,0.0331417624521073
15065,7344.63024,2,59732994.816,0.0371176265699592
15066,7344.65024,1,59733014.8352,0.0331694224189153
15067,7344.67024,2,59733034.8288,0.037225193107546
15068,7344.69024,1,59733054.8608,0.0332175712500256
15069,7344.71024,2,59733074.7776,0.0373850062491036
15070,7344.73024,1,59733094.8864,0.0331858135103571
15071,7344.75024,2,59733114.8416,0.0375263794127891
15072,7344.77024,1,59733134.848,0.0332185956932407
15073,7344.79024,2,59733154.8544,0.0374495461716557
15074,7344.81024,1,59733174.848,0.0332718667404266
15075,7344.83024,2,59733194.8928,0.0374474972852255
15076,7344.85024,1,59733214.8608,0.0332442067736185
15077,7344.87024,2,59733234.9184,0.0376698014629049
15078,7344.89024,1,59733254.8608,0.033203229045014
15079,7344.91024,2,59733274.8288,0.0378378101501834
15080,7344.93024,1,59733294.8992,0.0331899112832176
15081,7344.95024,2,59733314.8672,0.0378962034134448
15082,7344.97024,1,59733334.8736,0.0331796668510664
15083,7344.99024,2,59733354.9056,0.0380088921671072
15084,7345.010208,1,59733374.8608,0.0331694224189153
15085,7345.030208,2,59733394.9312,0.0377640502386953
15086,7345.050208,1,59733414.8736,0.0330997602802877
15087,7345.070208,2,59733434.88,0.0377322924990268
15088,7345.090208,1,59733454.8992,0.0331182002581597
15089,7345.110208,2,59733474.8672,0.037661605917184
15090,7345.130208,1,59733494.8736,0.0331110291556539
15091,7345.150208,2,59733514.8672,0.0375417460610158
15092,7345.170208,1,59733535.0016,0.0331479091113979
15093,7345.190208,2,59733554.9056,0.0374485217284406
15094,7345.210208,1,59733574.8736,0.0331704468621304
15095,7345.230208,2,59733594.9184,0.037197533140738
15096,7345.250208,1,59733614.8992,0.0331653246460549
15097,7345.270208,2,59733634.88,0.0370786977277849
15098,7345.290208,1,59733654.9632,0.0331489335546131
15099,7345.310208,2,59733674.8928,0.0368994201651402
15100,7345.330208,1,59733694.912,0.0331632757596246
15101,7345.350208,2,59733714.9056,0.0368502468908148
15102,7345.370208,1,59733734.8608,0.0332104001475198
15103,7345.390208,2,59733754.9824,0.0368143913782859
15104,7345.410208,1,59733774.912,0.0331530313274735
15105,7345.430208,2,59733794.944,0.0367703403200361
15106,7345.450208,1,59733814.9504,0.0332226934661012
15107,7345.470208,2,59733834.9312,0.0368942979490647
15108,7345.490208,1,59733854.9632,0.0331366402360317
15109,7345.510208,2,59733874.9184,0.0370868932735058
15110,7345.530208,1,59733895.0016,0.0332226934661012
15111,7345.550208,2,59733914.944,0.0371145532403139
15112,7345.570208,1,59733934.9248,0.0331817157374967
15113,7345.590208,2,59733954.9824,0.0370366955559653
15114,7345.610208,1,59733974.9248,0.0331089802692237
15115,7345.630208,2,59733994.9568,0.0369957178273608
15116,7345.650208,1,59734014.9632,0.0331909357264327
15117,7345.670208,2,59734034.9056,0.037097137705657
15118,7345.690208,1,59734054.9632,0.0331981068289385
15119,7345.710208,2,59734074.9952,0.0369936689409306
15120,7345.730208,1,59734094.9632,0.0332718667404266
15121,7345.750208,2,59734114.9952,0.0369444956666052
15122,7345.770208,1,59734134.8992,0.0332411334439732
15123,7345.790208,2,59734155.008,0.0369363001208843
15124,7345.810208,1,59734174.9888,0.0331704468621304
15125,7345.830208,2,59734195.008,0.0371319687749708
15126,7345.850208,1,59734214.9504,0.0332001557153687
15127,7345.870208,2,59734234.9696,0.0373173929969062
15128,7345.890208,1,59734254.976,0.0331981068289385
15129,7345.910208,2,59734274.9696,0.0372774397115168
15130,7345.930208,1,59734294.9632,0.0331745446349909
15131,7345.950208,2,59734314.9824,0.037370664044092
15132,7345.970208,1,59734334.9504,0.0332585489786301
15133,7345.990208,2,59734354.9312,0.03767082590612
15134,7346.010208,1,59734374.976,0.0332503534329092
15135,7346.030208,2,59734394.9312,0.0379300100395435
15136,7346.050208,1,59734415.0528,0.0332954289343742
15137,7346.070208,2,59734434.9952,0.0379750855410085
15138,7346.090208,1,59734454.9888,0.033229864568607
15139,7346.110208,2,59734475.008,0.0380088921671072
15140,7346.130208,1,59734495.0528,0.033248304546479
15141,7346.150208,2,59734515.072,0.0379935255188805
15142,7346.170208,1,59734535.04,0.0332339623414674
15143,7346.190208,2,59734555.0336,0.0377896613190731
15144,7346.210208,1,59734575.0784,0.0332831356157928
15145,7346.230208,2,59734595.1232,0.0377015592025734
15146,7346.250208,1,59734615.1424,0.0332431823304034
15147,7346.270208,2,59734635.0208,0.0376820947814863
15148,7346.290208,1,59734655.0144,0.0332974778208044
15149,7346.310208,2,59734675.072,0.037797856864794
15150,7346.330208,1,59734695.0272,0.0332544512057697
15151,7346.350208,2,59734715.136,0.0380949453971766
15152,7346.370208,1,59734735.0784,0.0332247423525314
15153,7346.390208,2,59734755.0592,0.0381400208986416
15154,7346.410208,1,59734775.0528,0.0331950334992931
15155,7346.430208,2,59734795.0848,0.0383449095416641
15156,7346.450208,1,59734815.0784,0.0332401090007581
15157,7346.470208,2,59734835.3536,0.0380713832032291
15158,7346.490208,1,59734855.0656,0.03321244903395
15159,7346.510208,2,59734875.1232,0.0381758764111705
15160,7346.530208,1,59734895.1296,0.0332380601143279
15161,7346.550208,2,59734915.264,0.0383992050320651
15162,7346.570208,1,59734935.0912,0.0332360112278976
15163,7346.590208,2,59734955.0592,0.038489356034995
15164,7346.610208,1,59734975.4752,0.0332216690228861
15165,7346.630208,2,59734995.1872,0.0382885651648329
15166,7346.650208,1,59735015.1296,0.0332452312168336
15167,7346.670208,2,59735035.2384,0.03794332780134
15168,7346.690208,1,59735055.1168,0.0331858135103571
15169,7346.710208,2,59735075.1616,0.0378931300837995
15170,7346.730208,1,59735095.1552,0.0331694224189153
15171,7346.750208,2,59735115.1488,0.0378562501280554
15172,7346.770208,1,59735135.1296,0.0331981068289385
15173,7346.790208,2,59735155.1488,0.0377486835904686
15174,7346.810208,1,59735175.4112,0.0331386891224619
15175,7346.830208,2,59735195.4176,0.0377179502940152
15176,7346.850208,1,59735215.1424,0.0331489335546131
15177,7346.870208,2,59735235.1232,0.0375898948921261
15178,7346.890208,1,59735255.1296,0.0332267912389616
15179,7346.910208,2,59735275.1104,0.0376698014629049
15180,7346.930208,1,59735295.232,0.033194009056078
15181,7346.950208,2,59735315.1488,0.0375478927203065
15182,7346.970208,1,59735335.104,0.0332267912389616
15183,7346.990208,2,59735355.5328,0.0376370192800213
15184,7347.010208,1,59735375.2064,0.0331960579425082
15185,7347.030208,2,59735395.136,0.0376400926096667
15186,7347.050208,1,59735415.7312,0.0332718667404266
15187,7347.070208,2,59735435.1104,0.0374505706148708
15188,7347.090208,1,59735455.1424,0.0331704468621304
15189,7347.110208,2,59735475.0976,0.0375355994017252
15190,7347.130208,1,59735495.1168,0.0332472801032639
15191,7347.150208,2,59735515.1872,0.0374597906038068
15192,7347.170208,1,59735535.1424,0.0332042534882291
15193,7347.190208,2,59735555.136,0.0375786260167599
15194,7347.210208,1,59735575.0912,0.0332810867293626
15195,7347.230208,2,59735595.2384,0.0375509660499519
15196,7347.250208,1,59735615.1808,0.0332308890118221
15197,7347.270208,2,59735635.2128,0.0376298481775155
15198,7347.290208,1,59735655.3216,0.0332708422972115
15199,7347.310208,2,59735675.1744,0.0373983240109001
15200,7347.330208,1,59735695.1808,0.0332411334439732
15201,7347.350208,2,59735715.2256,0.0373604196119409
15202,7347.370208,1,59735735.5008,0.0333230889011822
15203,7347.390208,2,59735755.1488,0.0371770442764358
15204,7347.410208,1,59735775.1808,0.0332524023193394
15205,7347.430208,2,59735795.1616,0.0369926444977155
15206,7347.450208,1,59735815.168,0.0332985022640195
15207,7347.470208,2,59735835.1488,0.0369137623701518
15208,7347.490208,1,59735855.1552,0.0331837646239269
15209,7347.510208,2,59735875.1616,0.0368389780154486
15210,7347.530208,1,59735895.2192,0.0332565000921999
15211,7347.550208,2,59735915.2128,0.0369363001208843
15212,7347.570208,1,59735935.1808,0.0332595734218452
15213,7347.590208,2,59735955.2,0.0369055668244309
15214,7347.610208,1,59735975.1808,0.033203229045014
15215,7347.630208,2,59735995.2512,0.0368830290736984
15216,7347.650208,1,59736015.1936,0.0332431823304034
15217,7347.670208,2,59736035.2,0.0367703403200361
15218,7347.690208,1,59736055.1936,0.0332380601143279
15219,7347.710208,2,59736075.1744,0.0368297580265126
15220,7347.730208,1,59736095.3344,0.0331509824410433
15221,7347.750208,2,59736115.2128,0.0368543446636753
15222,7347.770208,1,59736135.1808,0.0332698178539964
15223,7347.790208,2,59736155.1872,0.0368010736164894
15224,7347.810208,1,59736175.1552,0.0332821111725777
15225,7347.830208,2,59736195.1872,0.0367559981150245
15226,7347.850208,1,59736215.36,0.0333077222529555
15227,7347.870208,2,59736235.2,0.0368072202757801
15228,7347.890208,1,59736255.2064,0.0333271866740427
15229,7347.910208,2,59736275.264,0.0368266846968672
15230,7347.930208,1,59736295.2064,0.0332903067182986
15231,7347.950208,2,59736315.2,0.0367098981703444
15232,7347.970208,1,59736335.232,0.0332472801032639
15233,7347.990208,2,59736355.2256,0.0367375581371525
15234,7348.010208,1,59736375.232,0.0333128444690311
15235,7348.030208,2,59736395.2768,0.0366719937713853
15236,7348.050208,1,59736415.3088,0.0332923556047288
15237,7348.070208,2,59736435.264,0.0367559981150245
15238,7348.090208,1,59736455.232,0.0332769889565021
15239,7348.110208,2,59736475.2896,0.0368092691622103
15240,7348.130208,1,59736495.2576,0.0333241133443973
15241,7348.150208,2,59736515.2384,0.0367990247300592
15242,7348.170208,1,59736535.3984,0.0333046489233102
15243,7348.190208,2,59736555.2512,0.0368574179933206
15244,7348.210208,1,59736575.232,0.033275964513287
15245,7348.230208,2,59736595.2768,0.03689737127871
15246,7348.250208,1,59736615.2832,0.0332585489786301
15247,7348.270208,2,59736635.2384,0.0369045423812158
15248,7348.290208,1,59736655.2704,0.0332657200811359
15249,7348.310208,2,59736675.2512,0.0366935070789026
15250,7348.330208,1,59736695.2704,0.0334050443583912
15251,7348.350208,2,59736715.3024,0.0367898047411232
15252,7348.370208,1,59736735.2832,0.0332718667404266
15253,7348.390208,2,59736755.3408,0.0368020980597045
15254,7348.410208,1,59736775.2832,0.033311820025816
15255,7348.430208,2,59736795.2512,0.0367365336939373
15256,7348.450208,1,59736815.296,0.0333179666851066
15257,7348.470208,2,59736835.2896,0.0368195135943615
15258,7348.490208,1,59736855.232,0.0333691888458623
15259,7348.510208,2,59736875.3408,0.0369547400987563
15260,7348.530208,1,59736895.296,0.0332769889565021
15261,7348.550208,2,59736915.2768,0.0367980002868441
15262,7348.570208,1,59736935.296,0.0333292355604729
15263,7348.590208,2,59736955.3024,0.0368410269018788
15264,7348.610208,1,59736975.296,0.0332339623414674
15265,7348.630208,2,59736995.392,0.0368010736164894
15266,7348.650208,1,59737015.3088,0.0332903067182986
15267,7348.670208,2,59737035.3152,0.0367467781260885
15268,7348.690208,1,59737055.3856,0.0332524023193394
15269,7348.710208,2,59737075.3024,0.0366883848628271
15270,7348.730208,1,59737095.3984,0.033285184502223
15271,7348.750208,2,59737115.392,0.0366771159874608
15272,7348.770208,1,59737135.3472,0.033257524535415
15273,7348.790208,2,59737155.4304,0.0367037515110537
15274,7348.810208,1,59737175.36,0.0332544512057697
15275,7348.830208,2,59737195.3536,0.0366269182699203
15276,7348.850208,1,59737215.3984,0.0332452312168336
15277,7348.870208,2,59737235.3408,0.0366648226688795
15278,7348.890208,1,59737255.3088,0.0332728911836417
15279,7348.910208,2,59737275.392,0.0366176982809843
15280,7348.930208,1,59737295.3472,0.0333497244247751
15281,7348.950208,2,59737315.3664,0.0367119470567746
15282,7348.970208,1,59737335.3472,0.0333128444690311
15283,7348.990208,2,59737355.328,0.0368215624807917
15284,7349.010208,1,59737375.3984,0.0333148933554613
15285,7349.030208,2,59737395.3664,0.0368041469461348
15286,7349.050208,1,59737415.36,0.0333825066076587
15287,7349.070208,2,59737435.4816,0.0369188845862274
15288,7349.090208,1,59737455.36,0.0333015755936648
15289,7349.110208,2,59737475.4048,0.0368195135943615
15290,7349.130208,1,59737495.36,0.033421435449833
15291,7349.150208,2,59737515.3536,0.0367939025139836
15292,7349.170208,1,59737535.5904,0.0332872333886533
15293,7349.190208,2,59737555.3664,0.036669944884955
15294,7349.210208,1,59737575.3472,0.0332503534329092
15295,7349.230208,2,59737595.4048,0.0367160448296351
15296,7349.250208,1,59737615.5648,0.0332216690228861
15297,7349.270208,2,59737635.4176,0.0366402360317168
15298,7349.290208,1,59737655.4624,0.0332657200811359
15299,7349.310208,2,59737675.3664,0.0365398405966357
15300,7349.330208,1,59737695.5136,0.0332780133997173
15301,7349.350208,2,59737715.392,0.0365470116991415
15302,7349.370208,1,59737735.3728,0.0332513778761243
15303,7349.390208,2,59737755.4432,0.0366166738377692
15304,7349.410208,1,59737775.488,0.0331929846128629
15305,7349.430208,2,59737795.456,0.036705800397484
15306,7349.450208,1,59737815.68,0.0332257667957465
15307,7349.470208,2,59737835.4048,0.0366842870899666
15308,7349.490208,1,59737855.4752,0.0332155223635954
15309,7349.510208,2,59737875.456,0.0368031225029197
15310,7349.530208,1,59737895.4368,0.0332022046017989
15311,7349.550208,2,59737915.5712,0.0369086401540763
15312,7349.570208,1,59737935.4368,0.0332165468068105
15313,7349.590208,2,59737955.4688,0.0372948552461737
15314,7349.610208,1,59737975.4112,0.0332011801585838
15315,7349.630208,2,59737995.4304,0.0374946216731207
15316,7349.650208,1,59738015.4624,0.0331468846681828
15317,7349.670208,2,59738035.4048,0.0374751572520335
15318,7349.690208,1,59738055.4624,0.0331243469174504
15319,7349.710208,2,59738075.4176,0.0375099883213473
15320,7349.730208,1,59738095.424,0.0331704468621304
15321,7349.750208,2,59738115.5584,0.0377363902718872
15322,7349.770208,1,59738135.5648,0.0331950334992931
15323,7349.790208,2,59738155.456,0.0378654701169914
15324,7349.810208,1,59738175.424,0.0331151269285144
15325,7349.830208,2,59738195.4432,0.038216854139775
15326,7349.850208,1,59738215.4496,0.0331909357264327
15327,7349.870208,2,59738235.5712,0.0380355276907001
15328,7349.890208,1,59738255.4496,0.0331386891224619
15329,7349.910208,2,59738275.5584,0.0378173212858811
15330,7349.930208,1,59738295.5264,0.0331448357817526
15331,7349.950208,2,59738315.4944,0.037598090437847
15332,7349.970208,1,59738335.5008,0.0331806912942816
15333,7349.990208,2,59738355.4688,0.0375847726760506
15334,7350.010208,1,59738375.488,0.0331837646239269
15335,7350.030208,2,59738395.4688,0.0375089638781322
15336,7350.050208,1,59738415.6672,0.0332042534882291
15337,7350.070208,2,59738435.4816,0.0375110127645625
15338,7350.090208,1,59738455.5136,0.0331243469174504
15339,7350.110208,2,59738475.5328,0.0377128280779396
15340,7350.130208,1,59738495.4752,0.033194009056078
15341,7350.150208,2,59738515.4432,0.0377199991804454
15342,7350.170208,1,59738535.5008,0.0331591779867642
15343,7350.190208,2,59738555.5456,0.037734341385457
15344,7350.210208,1,59738575.5136,0.0332042534882291
15345,7350.230208,2,59738595.5712,0.0378531767984101
15346,7350.250208,1,59738615.6032,0.0331192247013748
15347,7350.270208,2,59738635.5072,0.0378849345380786
15348,7350.290208,1,59738655.5008,0.0331591779867642
15349,7350.310208,2,59738675.52,0.0378275657180323
15350,7350.330208,1,59738695.5776,0.0332175712500256
15351,7350.350208,2,59738715.5968,0.0377835146597824
15352,7350.370208,1,59738735.5904,0.0331714713053455
15353,7350.390208,2,59738755.5328,0.0376626303603991
15354,7350.410208,1,59738775.616,0.0331991312721536
15355,7350.430208,2,59738795.6352,0.0376790214518409
15356,7350.450208,1,59738815.7824,0.0331919601696478
15357,7350.470208,2,59738835.52,0.0376114081996435
15358,7350.490208,1,59738855.5392,0.0332237179093163
15359,7350.510208,2,59738875.5712,0.0374782305816789
15360,7350.530208,1,59738895.5136,0.033175569078206
15361,7350.550208,2,59738915.7632,0.0373850062491036
15362,7350.570208,1,59738935.552,0.0333107955826009
15363,7350.590208,2,59738955.712,0.0373235396561969
15364,7350.610208,1,59738975.616,0.0331929846128629
15365,7350.630208,2,59738995.584,0.0373686151576618
15366,7350.650208,1,59739015.6672,0.0331970823857234
15367,7350.670208,2,59739035.5328,0.0374177884319872
15368,7350.690208,1,59739055.5648,0.0331899112832176
15369,7350.710208,2,59739075.584,0.0373460774069293
15370,7350.730208,1,59739095.8208,0.0331438113385375
15371,7350.750208,2,59739115.6224,0.0374987194459811
15372,7350.770208,1,59739135.6032,0.0331653246460549
15373,7350.790208,2,59739155.5712,0.0375591615956728
15374,7350.810208,1,59739175.616,0.0331192247013748
15375,7350.830208,2,59739195.5584,0.037497695002766
15376,7350.850208,1,59739215.6288,0.0331520068842584
15377,7350.870208,2,59739235.9168,0.0374239350912779
15378,7350.890208,1,59739255.5648,0.0332226934661012
15379,7350.910208,2,59739275.6736,0.0373511996230049
15380,7350.930208,1,59739295.7952,0.0331468846681828
15381,7350.950208,2,59739315.5328,0.0372487553014936
15382,7350.970208,1,59739335.616,0.0331909357264327
15383,7350.990208,2,59739355.6096,0.037188313151802
15384,7351.010208,1,59739375.6672,0.0331683979757002
15385,7351.030208,2,59739395.6352,0.0373317352019178
15386,7351.050208,1,59739415.6672,0.0331233224742353
15387,7351.070208,2,59739435.6352,0.0374946216731207
15388,7351.090208,1,59739455.6544,0.0331909357264327
15389,7351.110208,2,59739475.6352,0.0374208617616326
15390,7351.130208,1,59739495.7056,0.0332093757043047
15391,7351.150208,2,59739515.6352,0.0374772061384637
15392,7351.170208,1,59739535.6928,0.0332011801585838
15393,7351.190208,2,59739555.6224,0.0374546683877313
15394,7351.210208,1,59739575.616,0.0332513778761243
15395,7351.230208,2,59739595.6608,0.0374444239555801
15396,7351.250208,1,59739615.6544,0.0332616223082755
15397,7351.270208,2,59739635.648,0.0375396971745856
15398,7351.290208,1,59739655.7184,0.0332339623414674
15399,7351.310208,2,59739675.6736,0.0378326879341078
15400,7351.330208,1,59739695.6928,0.0332134734771652
15401,7351.350208,2,59739715.7376,0.037861372344131
15402,7351.370208,1,59739735.7312,0.0331899112832176
15403,7351.390208,2,59739755.648,0.0377763435572766
15404,7351.410208,1,59739775.6928,0.0331806912942816
15405,7351.430208,2,59739795.712,0.0376114081996435
15406,7351.450208,1,59739815.7184,0.033203229045014
15407,7351.470208,2,59739835.6864,0.0376411170528818
15408,7351.490208,1,59739855.808,0.0331612268731944
15409,7351.510208,2,59739875.7248,0.0378408834798287
15410,7351.530208,1,59739895.744,0.0332144979203803
15411,7351.550208,2,59739915.6608,0.0377773680004917
15412,7351.570208,1,59739935.68,0.0332278156821767
15413,7351.590208,2,59739955.712,0.0377640502386953
15414,7351.610208,1,59739975.68,0.0330833691888459
15415,7351.630208,2,59739995.6608,0.0376872169975618
15416,7351.650208,1,59740015.7312,0.0330649292109738
15417,7351.670208,2,59740035.712,0.0376503370418178
15418,7351.690208,1,59740055.6672,0.0331274202470957
15419,7351.710208,2,59740075.6736,0.037607310426783
15420,7351.730208,1,59740095.7184,0.0331540557706886
15421,7351.750208,2,59740115.7632,0.0375396971745856
15422,7351.770208,1,59740135.7056,0.033157129100334
15423,7351.790208,2,59740155.712,0.0376134570860737
15424,7351.810208,1,59740175.8336,0.0331274202470957
15425,7351.830208,2,59740195.776,0.0377701968979859
15426,7351.850208,1,59740215.7568,0.0331161513717295
15427,7351.870208,2,59740235.7632,0.0378357612637532
15428,7351.890208,1,59740255.744,0.0330567336652529
15429,7351.910208,2,59740275.6992,0.0377640502386953
15430,7351.930208,1,59740295.8208,0.0331427868953224
15431,7351.950208,2,59740315.6992,0.0377599524658348
15432,7351.970208,1,59740335.8208,0.0330505870059623
15433,7351.990208,2,59740355.9424,0.0377445858176081
15434,7352.010208,1,59740375.7952,0.0331581535435491
15435,7352.030208,2,59740395.7248,0.0377845391029975
15436,7352.050208,1,59740415.7696,0.0331561046571189
15437,7352.070208,2,59740435.8528,0.0377599524658348
15438,7352.090208,1,59740455.7568,0.0331007847235028
15439,7352.110208,2,59740475.7248,0.0376861925543467
15440,7352.130208,1,59740495.808,0.0331735201917758
15441,7352.150208,2,59740515.7632,0.0376575081443236
15442,7352.170208,1,59740535.7952,0.0331765935214211
15443,7352.190208,2,59740555.8144,0.0375663326981785
15444,7352.210208,1,59740575.7568,0.0332462556600488
15445,7352.230208,2,59740595.7376,0.0374823283545393
15446,7352.250208,1,59740615.872,0.0331776179646362
15447,7352.270208,2,59740635.7248,0.0374556928309464
15448,7352.290208,1,59740655.9488,0.0331796668510664
15449,7352.310208,2,59740675.7248,0.0374352039666441
15450,7352.330208,1,59740695.8848,0.033220644579671
15451,7352.350208,2,59740715.8144,0.0374013973405454
15452,7352.370208,1,59740735.7952,0.03316634908927
15453,7352.390208,2,59740755.7888,0.037479255024894
15454,7352.410208,1,59740775.744,0.0331868379535722
15455,7352.430208,2,59740795.7632,0.0374321306369988
15456,7352.450208,1,59740815.8592,0.0331591779867642
15457,7352.470208,2,59740835.8784,0.0376042370971377
15458,7352.490208,1,59740855.9616,0.0331059069395783
15459,7352.510208,2,59740875.8016,0.0376114081996435
15460,7352.530208,1,59740895.8464,0.0331253713606655
15461,7352.550208,2,59740915.776,0.037861372344131
15462,7352.570208,1,59740935.8336,0.0331222980310201
15463,7352.590208,2,59740955.8144,0.0379228389370377
15464,7352.610208,1,59740975.8336,0.0331233224742353
15465,7352.630208,2,59740995.8272,0.0380027455078165
15466,7352.650208,1,59741015.8208,0.0330761980863401
15467,7352.670208,2,59741035.8912,0.0379484500174155
15468,7352.690208,1,59741055.936,0.0331202491445899
15469,7352.710208,2,59741075.8272,0.0379371811420493
15470,7352.730208,1,59741096.064,0.0331048824963632
15471,7352.750208,2,59741115.8528,0.0379750855410085
15472,7352.770208,1,59741135.8336,0.0330946380642121
15473,7352.790208,2,59741155.8784,0.0379863544163747
15474,7352.810208,1,59741175.8208,0.033093613620997
15475,7352.830208,2,59741195.8784,0.0381021164996824
15476,7352.850208,1,59741215.936,0.0330526358923925
15477,7352.870208,2,59741235.84,0.03812567869363
15478,7352.890208,1,59741255.7824,0.0331222980310201
15479,7352.910208,2,59741275.84,0.0381369475689962
15480,7352.930208,1,59741295.8336,0.0330895158481365
15481,7352.950208,2,59741315.8016,0.0381277275800602
15482,7352.970208,1,59741335.8592,0.0331653246460549
15483,7352.990208,2,59741355.84,0.0378562501280554
15484,7353.010208,1,59741375.9232,0.0332155223635954
15485,7353.030208,2,59741395.8656,0.0379843055299445
15486,7353.050208,1,59741415.8592,0.0331520068842584
15487,7353.070208,2,59741435.968,0.0380508943389268
15488,7353.090208,1,59741455.9104,0.0332267912389616
15489,7353.110208,2,59741475.8784,0.03812567869363
15490,7353.130208,1,59741495.9232,0.0330710758702645
15491,7353.150208,2,59741515.9296,0.038252709652304
15492,7353.170208,1,59741535.8976,0.0331673735324851
15493,7353.190208,2,59741555.8656,0.0382373430040773
15494,7353.210208,1,59741575.872,0.0331386891224619
15495,7353.230208,2,59741595.9168,0.0380785543057348
15496,7353.250208,1,59741615.9488,0.0331981068289385
15497,7353.270208,2,59741635.8528,0.0380836765218104
15498,7353.290208,1,59741655.9872,0.0330905402913516
15499,7353.310208,2,59741675.8528,0.0380652365439384
15500,7353.330208,1,59741695.8464,0.033112053598869
15501,7353.350208,2,59741715.9296,0.0381594853197287
15502,7353.370208,1,59741735.872,0.0330792714159854
15503,7353.390208,2,59741755.8528,0.0382650029708853
15504,7353.410208,1,59741775.8976,0.0331550802139037
15505,7353.430208,2,59741795.9552,0.0380293810314094
15506,7353.450208,1,59741815.8976,0.0331407380088922
15507,7353.470208,2,59741835.968,0.0379443522445551
15508,7353.490208,1,59741855.936,0.0331366402360317
15509,7353.510208,2,59741875.8912,0.0378552256848403
15510,7353.530208,1,59741895.8336,0.0331530313274735
15511,7353.550208,2,59741915.904,0.0379300100395435
15512,7353.570208,1,59741935.936,0.0331653246460549
15513,7353.590208,2,59741955.9808,0.0379300100395435
15514,7353.610208,1,59741975.9872,0.0331499579978282
15515,7353.630208,2,59741995.9424,0.0378183457290962
15516,7353.650208,1,59742016.0128,0.0331827401807118
15517,7353.670208,2,59742035.9808,0.0378224435019567
15518,7353.690208,1,59742055.9872,0.0331499579978282
15519,7353.710208,2,59742075.968,0.0376544348146782
15520,7353.730208,1,59742096.0256,0.0331018091667179
15521,7353.750208,2,59742116.0192,0.0377333169422419
15522,7353.770208,1,59742135.936,0.0331489335546131
15523,7353.790208,2,59742155.9296,0.0377169258508001
15524,7353.810208,1,59742175.936,0.0331315180199562
15525,7353.830208,2,59742195.9552,0.0376995103161432
15526,7353.850208,1,59742215.9616,0.0331479091113979
15527,7353.870208,2,59742235.968,0.0376001393242773
15528,7353.890208,1,59742255.9872,0.0331376646792468
15529,7353.910208,2,59742275.9424,0.0376769725654107
15530,7353.930208,1,59742295.936,0.0331724957485607
15531,7353.950208,2,59742315.9936,0.0377333169422419
15532,7353.970208,1,59742335.9744,0.0331970823857234
15533,7353.990208,2,59742355.9424,0.0379679144385027
15534,7354.010208,1,59742375.9488,0.0331950334992931
15535,7354.030208,2,59742395.9552,0.0379750855410085
15536,7354.050208,1,59742416.0256,0.0332216690228861
15537,7354.070208,2,59742435.9424,0.0380560165550024
15538,7354.090208,1,59742455.9744,0.0332411334439732
15539,7354.110208,2,59742475.9936,0.0379289855963284
15540,7354.130208,1,59742495.9616,0.0332544512057697
15541,7354.150208,2,59742515.9424,0.0376943881000676
15542,7354.170208,1,59742536,0.0332319134550372
15543,7354.190208,2,59742555.9424,0.037652385928248
15544,7354.210208,1,59742575.9744,0.0331929846128629
15545,7354.230208,2,59742595.968,0.0376308726207306
15546,7354.250208,1,59742616.064,0.0332165468068105
15547,7354.270208,2,59742635.9808,0.0374649128198824
15548,7354.290208,1,59742656.064,0.033194009056078
15549,7354.310208,2,59742675.968,0.0373993484541152
15550,7354.330208,1,59742695.9616,0.033194009056078
15551,7354.350208,2,59742716.032,0.0373716884873071
15552,7354.370208,1,59742736.0128,0.0332216690228861
15553,7354.390208,2,59742756.0832,0.0376318970639457
15554,7354.410208,1,59742776,0.0331335669063864
15555,7354.430208,2,59742795.9936,0.0376380437232364
15556,7354.450208,1,59742816.0384,0.0331765935214211
15557,7354.470208,2,59742836.0576,0.0374638883766673
15558,7354.490208,1,59742856,0.0331735201917758
15559,7354.510208,2,59742876.1088,0.0374208617616326
15560,7354.530208,1,59742896.0512,0.0332042534882291
15561,7354.550208,2,59742916.096,0.0373788595898129
15562,7354.570208,1,59742936.0256,0.0331888868400025
15563,7354.590208,2,59742956.0064,0.0372282664371914
15564,7354.610208,1,59742975.9872,0.0331724957485607
15565,7354.630208,2,59742996.0704,0.0371493843096277
15566,7354.650208,1,59743016.0128,0.0330721003134796
15567,7354.670208,2,59743036.0448,0.0371401643206917
15568,7354.690208,1,59743056.0384,0.0331735201917758
15569,7354.710208,2,59743075.9936,0.0371452865367673
15570,7354.730208,1,59743096.0768,0.0331243469174504
15571,7354.750208,2,59743116.0576,0.037061282193128
15572,7354.770208,1,59743136.1024,0.0331683979757002
15573,7354.790208,2,59743156.0832,0.03716987317393
15574,7354.810208,1,59743176.0128,0.0331499579978282
15575,7354.830208,2,59743196.0576,0.0371012354785174
15576,7354.850208,1,59743216.0384,0.033248304546479
15577,7354.870208,2,59743236.0576,0.0370858688302907
15578,7354.890208,1,59743256.0768,0.0332011801585838
15579,7354.910208,2,59743276.0448,0.0371801176060811
15580,7354.930208,1,59743296.0896,0.0330761980863401
15581,7354.950208,2,59743316.1088,0.037270268609011
15582,7354.970208,1,59743336.1792,0.0331171758149446
15583,7354.990208,2,59743356.0192,0.0372446575286332
15584,7355.010208,1,59743376.0256,0.0331366402360317
15585,7355.030208,2,59743396.0448,0.0372928063597435
15586,7355.050208,1,59743416.0512,0.0330987358370725
15587,7355.070208,2,59743436.0832,0.0372210953346856
15588,7355.090208,1,59743456.0768,0.0332104001475198
15589,7355.110208,2,59743476.0704,0.0372589997336448
15590,7355.130208,1,59743496.0384,0.0331694224189153
15591,7355.150208,2,59743516.0832,0.0372723174954412
15592,7355.170208,1,59743536.0128,0.0331325424631713
15593,7355.190208,2,59743556.0576,0.0372846108140226
15594,7355.210208,1,59743576.0768,0.03316634908927
15595,7355.230208,2,59743596.1472,0.0370489888745467
15596,7355.250208,1,59743616.1792,0.033157129100334
15597,7355.270208,2,59743636.1216,0.0370039133730817
15598,7355.290208,1,59743656.128,0.0332544512057697
15599,7355.310208,2,59743676.0832,0.0369465445530354
15600,7355.330208,1,59743696.2048,0.0332411334439732
15601,7355.350208,2,59743716.1344,0.0369444956666052
15602,7355.370208,1,59743736.1152,0.0331868379535722
15603,7355.390208,2,59743756.2112,0.0369485934394657
15604,7355.410208,1,59743776.1408,0.0331929846128629
15605,7355.430208,2,59743796.0832,0.0368441002315242
15606,7355.450208,1,59743816.1536,0.0332175712500256
15607,7355.470208,2,59743836.1344,0.0369926444977155
15608,7355.490208,1,59743856.1408,0.0332319134550372
15609,7355.510208,2,59743876.1472,0.0371329932181859
15610,7355.530208,1,59743896.1152,0.0332308890118221
15611,7355.550208,2,59743916.0832,0.0372415841989878
15612,7355.570208,1,59743936.1664,0.0331714713053455
15613,7355.590208,2,59743956.1344,0.037225193107546
15614,7355.610208,1,59743976.1024,0.0332073268178745
15615,7355.630208,2,59743996.1344,0.0372231442211158
15616,7355.650208,1,59744016.128,0.0332452312168336
15617,7355.670208,2,59744036.1856,0.037242608642203
15618,7355.690208,1,59744056.1152,0.0332063023746594
15619,7355.710208,2,59744076.1344,0.0372671952793657
15620,7355.730208,1,59744096.2048,0.0331868379535722
15621,7355.750208,2,59744116.16,0.03721597311861
15622,7355.770208,1,59744136.1664,0.0331622513164095
15623,7355.790208,2,59744156.16,0.0373563218390805
15624,7355.810208,1,59744176.1152,0.0331704468621304
15625,7355.830208,2,59744196.1472,0.0373757862601676
15626,7355.850208,1,59744216.1792,0.0331253713606655
15627,7355.870208,2,59744236.1472,0.0374290573073535
15628,7355.890208,1,59744256.1536,0.03321244903395
15629,7355.910208,2,59744276.1344,0.0373952506812547
15630,7355.930208,1,59744296.1536,0.0331489335546131
15631,7355.950208,2,59744316.1856,0.0374126662159117
15632,7355.970208,1,59744336.192,0.0332370356711127
15633,7355.990208,2,59744356.1472,0.0375058905484869
15634,7356.010208,1,59744376.192,0.0331591779867642
15635,7356.030208,2,59744396.1344,0.0374874505706149
15636,7356.050208,1,59744416.2816,0.0332472801032639
15637,7356.070208,2,59744436.1984,0.0375857971192657
15638,7356.090208,1,59744456.1664,0.0331263958038806
15639,7356.110208,2,59744476.16,0.0374833527977544
15640,7356.130208,1,59744496.1792,0.0331776179646362
15641,7356.150208,2,59744516.2368,0.0375499416067367
15642,7356.170208,1,59744536.192,0.0332872333886533
15643,7356.190208,2,59744556.224,0.0375489171635216
15644,7356.210208,1,59744576.1664,0.0331806912942816
15645,7356.230208,2,59744596.1984,0.0374966705595509
15646,7356.250208,1,59744616.4608,0.033194009056078
15647,7356.270208,2,59744636.2112,0.0375345749585101
15648,7356.290208,1,59744656.2176,0.0330864425184912
15649,7356.310208,2,59744676.2112,0.0376513614850329
15650,7356.330208,1,59744696.2304,0.0331438113385375
15651,7356.350208,2,59744716.2496,0.0377630257954802
15652,7356.370208,1,59744736.2048,0.033130493576741
15653,7356.390208,2,59744756.1984,0.0378582990144856
15654,7356.410208,1,59744776.2176,0.0331489335546131
15655,7356.430208,2,59744796.1856,0.0378439568094741
15656,7356.450208,1,59744816.2944,0.0331612268731944
15657,7356.470208,2,59744836.2368,0.037861372344131
15658,7356.490208,1,59744856.2432,0.0330587825516832
15659,7356.510208,2,59744876.224,0.0378828856516483
15660,7356.530208,1,59744896.1792,0.0330997602802877
15661,7356.550208,2,59744916.288,0.0378511279119798
15662,7356.570208,1,59744936.256,0.0332308890118221
15663,7356.590208,2,59744956.288,0.0376011637674924
15664,7356.610208,1,59744976.3456,0.033130493576741
15665,7356.630208,2,59744996.2368,0.0374454483987953
15666,7356.650208,1,59745016.2304,0.0331100047124388
15667,7356.670208,2,59745036.2368,0.0372200708914705
15668,7356.690208,1,59745056.2304,0.0331100047124388
15669,7356.710208,2,59745076.3136,0.0371422132071219
15670,7356.730208,1,59745096.2816,0.0331018091667179
15671,7356.750208,2,59745116.288,0.0370203044645235
15672,7356.770208,1,59745136.2816,0.0331909357264327
15673,7356.790208,2,59745156.2752,0.0370510377609769
15674,7356.810208,1,59745176.2432,0.0331130780420841
15675,7356.830208,2,59745196.224,0.0371821664925113
15676,7356.850208,1,59745216.4224,0.0331745446349909
15677,7356.870208,2,59745236.3136,0.03735222406622
15678,7356.890208,1,59745256.2816,0.0331468846681828
15679,7356.910208,2,59745276.2624,0.0374587661605917
15680,7356.930208,1,59745296.2816,0.0331858135103571
15681,7356.950208,2,59745316.3008,0.0374290573073535
15682,7356.970208,1,59745336.32,0.0332011801585838
15683,7356.990208,2,59745356.3136,0.0373962751244699
15684,7357.010208,1,59745376.3072,0.0331243469174504
15685,7357.030208,2,59745396.288,0.0373399307476387
15686,7357.050208,1,59745416.3328,0.0331048824963632
15687,7357.070208,2,59745436.3136,0.0373593951687258
15688,7357.090208,1,59745456.2688,0.033130493576741
15689,7357.110208,2,59745476.2368,0.0374628639334522
15690,7357.130208,1,59745496.2944,0.0331909357264327
15691,7357.150208,2,59745516.3392,0.0376718503493351
15692,7357.170208,1,59745536.384,0.0331438113385375
15693,7357.190208,2,59745556.416,0.0379566455631364
15694,7357.210208,1,59745576.3072,0.0331345913496015
15695,7357.230208,2,59745596.3008,0.0381410453418567
15696,7357.250208,1,59745616.32,0.0331724957485607
15697,7357.270208,2,59745636.416,0.0382752474030365
15698,7357.290208,1,59745656.3584,0.0331130780420841
15699,7357.310208,2,59745676.3392,0.0384340361013789
15700,7357.330208,1,59745696.3712,0.0331315180199562
15701,7357.350208,2,59745716.3264,0.0385846292540004
15702,7357.370208,1,59745736.3456,0.0331007847235028
15703,7357.390208,2,59745756.3392,0.0385497981846866
15704,7357.410208,1,59745776.3328,0.0331007847235028
15705,7357.430208,2,59745796.352,0.0385969225725818
15706,7357.450208,1,59745816.3712,0.0331878623967873
15707,7357.470208,2,59745836.3264,0.0384371094310242
15708,7357.490208,1,59745856.3328,0.0331376646792468
15709,7357.510208,2,59745876.352,0.0383787161677628
15710,7357.530208,1,59745896.3456,0.0331858135103571
15711,7357.550208,2,59745916.3264,0.0382014874915483
15712,7357.570208,1,59745936.448,0.0331356157928166
15713,7357.590208,2,59745956.3264,0.0381748519679554
15714,7357.610208,1,59745976.3328,0.0332144979203803
15715,7357.630208,2,59745996.3648,0.0380744565328744
15716,7357.650208,1,59746016.3712,0.0331222980310201
15717,7357.670208,2,59746036.352,0.0380467965660663
15718,7357.690208,1,59746056.3584,0.0331530313274735
15719,7357.710208,2,59746076.352,0.0381850964001065
15720,7357.730208,1,59746096.3584,0.0331089802692237
15721,7357.750208,2,59746116.3904,0.0382762718462516
15722,7357.770208,1,59746136.3584,0.0331878623967873
15723,7357.790208,2,59746156.4672,0.0383039318130596
15724,7357.810208,1,59746176.3328,0.0331550802139037
15725,7357.830208,2,59746196.416,0.0382844673919725
15726,7357.850208,1,59746216.3968,0.0332360112278976
15727,7357.870208,2,59746236.4544,0.0381666564222345
15728,7357.890208,1,59746256.4224,0.0331499579978282
15729,7357.910208,2,59746276.4032,0.0381656319790194
15730,7357.930208,1,59746296.448,0.0331776179646362
15731,7357.950208,2,59746316.3904,0.0380744565328744
15732,7357.970208,1,59746336.4992,0.0331335669063864
15733,7357.990208,2,59746356.3776,0.0378582990144856
15734,7358.010208,1,59746376.3712,0.033184789067142
15735,7358.030208,2,59746396.4416,0.0376923392136374
15736,7358.050208,1,59746416.4096,0.0331735201917758
15737,7358.070208,2,59746436.4416,0.0376267748478702
15738,7358.090208,1,59746456.4096,0.0331448357817526
15739,7358.110208,2,59746476.5312,0.0376165304157191
15740,7358.130208,1,59746496.4224,0.0331981068289385
15741,7358.150208,2,59746516.544,0.0376052615403528
15742,7358.170208,1,59746536.4224,0.0331735201917758
15743,7358.190208,2,59746556.4672,0.0376462392689573
15744,7358.210208,1,59746576.4096,0.0332216690228861
15745,7358.230208,2,59746596.4672,0.0376882414407769
15746,7358.250208,1,59746616.4352,0.03321244903395
15747,7358.270208,2,59746636.4416,0.0376657036900445
15748,7358.290208,1,59746656.4864,0.033121273587805
15749,7358.310208,2,59746676.416,0.037633945950376
15750,7358.330208,1,59746696.448,0.0330895158481365
15751,7358.350208,2,59746716.48,0.0376503370418178
15752,7358.370208,1,59746736.4864,0.0332196201364558
15753,7358.390208,2,59746756.4032,0.0375632593685332
15754,7358.410208,1,59746776.448,0.0331878623967873
15755,7358.430208,2,59746796.4544,0.0374208617616326
15756,7358.450208,1,59746816.5376,0.0331222980310201
15757,7358.470208,2,59746836.5184,0.0372508041879239
15758,7358.490208,1,59746856.4352,0.0331909357264327
15759,7358.510208,2,59746876.4544,0.0371811420492962
15760,7358.530208,1,59746896.4736,0.0332308890118221
15761,7358.550208,2,59746916.544,0.0372436330854181
15762,7358.570208,1,59746936.4608,0.0331356157928166
15763,7358.590208,2,59746956.4544,0.0374690105927428
15764,7358.610208,1,59746976.448,0.0331530313274735
15765,7358.630208,2,59746996.4544,0.0375642838117483
15766,7358.650208,1,59747016.4992,0.0331765935214211
15767,7358.670208,2,59747036.4672,0.0377630257954802
15768,7358.690208,1,59747056.4224,0.0331448357817526
15769,7358.710208,2,59747076.4544,0.0376738992357654
15770,7358.730208,1,59747096.4736,0.0331694224189153
15771,7358.750208,2,59747116.4672,0.0375048661052718
15772,7358.770208,1,59747136.4224,0.0331837646239269
15773,7358.790208,2,59747156.4928,0.0374034462269756
15774,7358.810208,1,59747176.4864,0.0331561046571189
15775,7358.830208,2,59747196.48,0.0372651463929354
15776,7358.850208,1,59747216.4992,0.0331468846681828
15777,7358.870208,2,59747236.4928,0.0371637265146393
15778,7358.890208,1,59747256.4992,0.0331397135656771
15779,7358.910208,2,59747276.5056,0.0371381154342615
15780,7358.930208,1,59747296.6016,0.0331458602249677
15781,7358.950208,2,59747316.5312,0.0372108509025345
15782,7358.970208,1,59747336.5248,0.0331397135656771
15783,7358.990208,2,59747356.5568,0.0371545065257033
15784,7359.010208,1,59747376.5248,0.0331550802139037
15785,7359.030208,2,59747396.5184,0.0371032843649476
15786,7359.050208,1,59747416.512,0.0331448357817526
15787,7359.070208,2,59747436.5056,0.0371524576392731
15788,7359.090208,1,59747456.4992,0.0331294691335259
15789,7359.110208,2,59747476.5184,0.0373358329747782
15790,7359.130208,1,59747496.7296,0.0330526358923925
15791,7359.150208,2,59747516.5312,0.0372907574733133
15792,7359.170208,1,59747536.5248,0.0331366402360317
15793,7359.190208,2,59747556.5696,0.0372549019607843
15794,7359.210208,1,59747576.5248,0.0331530313274735
15795,7359.230208,2,59747596.5312,0.0371913864814473
15796,7359.250208,1,59747616.6144,0.0331263958038806
15797,7359.270208,2,59747636.544,0.03721597311861
15798,7359.290208,1,59747656.5376,0.0330536603356076
15799,7359.310208,2,59747676.544,0.0372497797447087
15800,7359.330208,1,59747696.5248,0.0331653246460549
15801,7359.350208,2,59747716.5312,0.0370725510684943
15802,7359.370208,1,59747736.5504,0.0331192247013748
15803,7359.390208,2,59747756.5696,0.0370489888745467
15804,7359.410208,1,59747776.5504,0.0331007847235028
15805,7359.430208,2,59747796.544,0.0369619112012621
15806,7359.450208,1,59747816.64,0.0330669780974041
15807,7359.470208,2,59747836.5568,0.0369875222816399
15808,7359.490208,1,59747856.5888,0.0331182002581597
15809,7359.510208,2,59747876.5696,0.0370479644313316
15810,7359.530208,1,59747896.5504,0.0331509824410433
15811,7359.550208,2,59747916.5824,0.0370582088634827
15812,7359.570208,1,59747936.5632,0.03321244903395
15813,7359.590208,2,59747956.5824,0.0371360665478313
15814,7359.610208,1,59747976.6144,0.0332370356711127
15815,7359.630208,2,59747996.5696,0.037070502182064
15816,7359.650208,1,59748016.5632,0.0332011801585838
15817,7359.670208,2,59748036.5824,0.0371555309689184
15818,7359.690208,1,59748056.6144,0.0332001557153687
15819,7359.710208,2,59748076.544,0.0372221197779007
15820,7359.730208,1,59748096.5632,0.033112053598869
15821,7359.750208,2,59748116.6592,0.0374659372630975
15822,7359.770208,1,59748136.6016,0.0331161513717295
15823,7359.790208,2,59748156.6336,0.0374833527977544
15824,7359.810208,1,59748176.5888,0.0330403425738111
15825,7359.830208,2,59748196.5696,0.0374536439445162
15826,7359.850208,1,59748216.6528,0.0331520068842584
15827,7359.870208,2,59748236.6464,0.0373327596451329
15828,7359.890208,1,59748256.6144,0.0330454647898867
15829,7359.910208,2,59748276.6208,0.0374731083656033
15830,7359.930208,1,59748296.6144,0.0331499579978282
15831,7359.950208,2,59748316.6208,0.0375089638781322
15832,7359.970208,1,59748336.6144,0.0330649292109738
15833,7359.990208,2,59748356.6336,0.037452619501301
15834,7360.010208,1,59748376.6656,0.0330731247566947
15835,7360.030208,2,59748396.6336,0.0374218862048477
15836,7360.050208,1,59748416.7552,0.0331141024852992
15837,7360.070208,2,59748436.7744,0.0373829573626734
15838,7360.090208,1,59748456.6656,0.0331253713606655
15839,7360.110208,2,59748476.7872,0.0373778351465978
15840,7360.130208,1,59748496.6784,0.0330680025406192
15841,7360.150208,2,59748516.7488,0.0374802794681091
15842,7360.170208,1,59748536.6656,0.0330003892884217
15843,7360.190208,2,59748556.6336,0.0376329215071609
15844,7360.210208,1,59748576.6272,0.0330157559366484
15845,7360.230208,2,59748596.608,0.037706681418649
15846,7360.250208,1,59748616.704,0.0330516114491774
15847,7360.270208,2,59748636.6464,0.0375345749585101
15848,7360.290208,1,59748656.6656,0.0330884914049214
15849,7360.310208,2,59748676.672,0.0373132952240457
15850,7360.330208,1,59748696.6528,0.0330014137316368
15851,7360.350208,2,59748716.6848,0.03735222406622
15852,7360.370208,1,59748736.64,0.0330782469727703
15853,7360.390208,2,59748756.7232,0.0373235396561969
15854,7360.410208,1,59748776.704,0.0330833691888459
15855,7360.430208,2,59748796.6976,0.0374352039666441
15856,7360.450208,1,59748816.6912,0.0330731247566947
15857,7360.470208,2,59748836.672,0.0374188128752023
15858,7360.490208,1,59748856.6656,0.0330874669617063
15859,7360.510208,2,59748876.6848,0.0374628639334522
15860,7360.530208,1,59748896.6784,0.0330137070502182
15861,7360.550208,2,59748916.736,0.0375673571413936
15862,7360.570208,1,59748936.7168,0.0330823447456308
15863,7360.590208,2,59748956.7104,0.0376554592578933
15864,7360.610208,1,59748976.6912,0.033039318130596
15865,7360.630208,2,59748996.7104,0.0378398590366136
15866,7360.650208,1,59749016.704,0.033102833609933
15867,7360.670208,2,59749036.7104,0.038043723236421
15868,7360.690208,1,59749056.704,0.033057758108468
15869,7360.710208,2,59749076.7104,0.0381297764664905
15870,7360.730208,1,59749096.7168,0.0330536603356076
15871,7360.750208,2,59749116.8128,0.0379955744053107
15872,7360.770208,1,59749136.7552,0.0330639047677587
15873,7360.790208,2,59749156.7872,0.0379945499620956
15874,7360.810208,1,59749176.7424,0.0330731247566947
15875,7360.830208,2,59749196.7104,0.0382660274141004
15876,7360.850208,1,59749216.8448,0.0330618558813285
15877,7360.870208,2,59749236.7232,0.0386993668940931
15878,7360.890208,1,59749256.7424,0.0330977113938574
15879,7360.910208,2,59749276.736,0.0386153625504538
15880,7360.930208,1,59749296.6912,0.0330290736984449
15881,7360.950208,2,59749316.864,0.0388397156145635
15882,7360.970208,1,59749336.7296,0.0329676071055381
15883,7360.990208,2,59749356.7232,0.0389042555371156
15884,7361.010176,1,59749376.7424,0.0330372692441658
15885,7361.030176,2,59749396.7488,0.0388940111049645
15886,7361.050176,1,59749416.7552,0.0330147314934333
15887,7361.070176,2,59749436.7616,0.0388161534206159
15888,7361.090176,1,59749456.7808,0.0330106337205729
15889,7361.110176,2,59749476.7488,0.0387434179523429
15890,7361.130176,1,59749496.7808,0.0330546847788227
15891,7361.150176,2,59749516.7616,0.0386635113815641
15892,7361.170176,1,59749536.7552,0.0330270248120147
15893,7361.190176,2,59749556.7616,0.0386840002458664
15894,7361.210176,1,59749576.7424,0.033011658163788
15895,7361.230176,2,59749596.7872,0.0385457004118262
15896,7361.250176,1,59749616.7424,0.0330239514823693
15897,7361.270176,2,59749636.7616,0.0383602761898908
15898,7361.290176,1,59749656.768,0.033112053598869
15899,7361.310176,2,59749676.7744,0.038289589608048
15900,7361.330176,1,59749696.7808,0.0329706804351835
15901,7361.350176,2,59749716.8256,0.0379207900506075
15902,7361.370176,1,59749736.8192,0.0331192247013748
15903,7361.390176,2,59749756.9152,0.0380447476796361
15904,7361.410176,1,59749776.8448,0.0330167803798635
15905,7361.430176,2,59749796.8128,0.0381123609318335
15906,7361.450176,1,59749816.8576,0.0330382936873809
15907,7361.470176,2,59749836.8,0.0382107074804844
15908,7361.490176,1,59749856.7808,0.0329962915155613
15909,7361.510176,2,59749876.8512,0.0381021164996824
15910,7361.530176,1,59749896.7936,0.0329983404019915
15911,7361.550176,2,59749916.8384,0.0378931300837995
15912,7361.570176,1,59749936.8064,0.0330495625627471
15913,7361.590176,2,59749956.8512,0.0378244923883869
15914,7361.610176,1,59749976.8448,0.0330925891777819
15915,7361.630176,2,59749996.8128,0.0377179502940152
15916,7361.650176,1,59750016.8576,0.0330823447456308
15917,7361.670176,2,59750036.9024,0.0376779970086258
15918,7361.690176,1,59750056.8576,0.0329973159587764
15919,7361.710176,2,59750076.8128,0.0378511279119798
15920,7361.730176,1,59750096.8064,0.0330977113938574
15921,7361.750176,2,59750116.8896,0.0379965988485258
15922,7361.770176,1,59750136.8192,0.0330352203577356
15923,7361.790176,2,59750156.8384,0.0380263077017641
15924,7361.810176,1,59750176.832,0.0330925891777819
15925,7361.830176,2,59750196.864,0.0381502653307927
15926,7361.850176,1,59750216.8576,0.0330382936873809
15927,7361.870176,2,59750236.8512,0.0380713832032291
15928,7361.890176,1,59750256.8832,0.0330464892331018
15929,7361.910176,2,59750276.8512,0.038144118671502
15930,7361.930176,1,59750296.832,0.0330075603909275
15931,7361.950176,2,59750316.8768,0.038144118671502
15932,7361.970176,1,59750336.8704,0.0330659536541889
15933,7361.990176,2,59750356.8768,0.0382588563115947
15934,7362.010176,1,59750376.96,0.0330659536541889
15935,7362.030176,2,59750396.8768,0.0382998340401992
15936,7362.050176,1,59750417.152,0.033075173643125
15937,7362.070176,2,59750436.8768,0.03798942774602
15938,7362.090176,1,59750457.0112,0.0330372692441658
15939,7362.110176,2,59750476.8896,0.0377363902718872
15940,7362.130176,1,59750497.088,0.0330710758702645
15941,7362.150176,2,59750516.8512,0.0376728747925502
15942,7362.170176,1,59750536.8832,0.0330659536541889
15943,7362.190176,2,59750556.9024,0.0378306390476776
15944,7362.210176,1,59750576.8832,0.0331069313827934
15945,7362.230176,2,59750596.9024,0.0378644456737763
15946,7362.250176,1,59750616.896,0.0330444403466716
15947,7362.270176,2,59750636.8768,0.0379720122113631
15948,7362.290176,1,59750656.9088,0.033102833609933
15949,7362.310176,2,59750677.1328,0.0381482164443625
15950,7362.330176,1,59750696.896,0.0330249759255844
15951,7362.350176,2,59750716.9152,0.0381400208986416
15952,7362.370176,1,59750736.896,0.033102833609933
15953,7362.390176,2,59750756.9536,0.0380826520785953
15954,7362.410176,1,59750776.9984,0.0329870715266253
15955,7362.430176,2,59750796.9536,0.038098018726822
15956,7362.450176,1,59750816.96,0.0330403425738111
15957,7362.470176,2,59750836.9152,0.0382547585387342
15958,7362.490176,1,59750856.9088,0.0329512160140963
15959,7362.510176,2,59750876.928,0.0383930583727744
15960,7362.530176,1,59750896.9472,0.0330311225848751
15961,7362.550176,2,59750916.9024,0.038343885098449
15962,7362.570176,1,59750936.9216,0.0330403425738111
15963,7362.590176,2,59750956.928,0.0381359231257811
15964,7362.610176,1,59750976.9344,0.0330526358923925
15965,7362.630176,2,59750996.9408,0.0379494744606306
15966,7362.650176,1,59751016.9472,0.0330833691888459
15967,7362.670176,2,59751036.9536,0.0379474255742004
15968,7362.690176,1,59751056.9344,0.0330352203577356
15969,7362.710176,2,59751077.12,0.0378132235130207
15970,7362.730176,1,59751096.9728,0.0330454647898867
15971,7362.750176,2,59751116.9536,0.037916692277747
15972,7362.770176,1,59751136.9344,0.0329768270944742
15973,7362.790176,2,59751156.992,0.0380426987932059
15974,7362.810176,1,59751176.9472,0.0330331714713053
15975,7362.830176,2,59751197.0432,0.0381451431147171
15976,7362.850176,1,59751217.0496,0.0330065359477124
15977,7362.870176,2,59751236.9664,0.0380652365439384
15978,7362.890176,1,59751256.9728,0.033057758108468
15979,7362.910176,2,59751276.992,0.0380293810314094
15980,7362.930176,1,59751296.9728,0.0330772225295552
15981,7362.950176,2,59751316.9664,0.0379382055852644
15982,7362.970176,1,59751336.9856,0.0330680025406192
15983,7362.990176,2,59751356.9664,0.0378582990144856
15984,7363.010176,1,59751376.9856,0.0330423914602414
15985,7363.030176,2,59751397.0176,0.0377517569201139
15986,7363.050176,1,59751417.1264,0.033002438174852
15987,7363.070176,2,59751436.992,0.0377691724547708
15988,7363.090176,1,59751457.088,0.0330977113938574
15989,7363.110176,2,59751477.1072,0.0378910811973692
15990,7363.130176,1,59751496.9984,0.0330382936873809
15991,7363.150176,2,59751517.0048,0.0379494744606306
15992,7363.170176,1,59751536.9984,0.0330516114491774
15993,7363.190176,2,59751557.0048,0.038098018726822
15994,7363.210176,1,59751577.024,0.0330977113938574
15995,7363.230176,2,59751597.0304,0.0382045608211937
15996,7363.250176,1,59751616.9984,0.0330454647898867
15997,7363.270176,2,59751636.992,0.0382270985719262
15998,7363.290176,1,59751657.0112,0.0330761980863401
15999,7363.310176,2,59751677.0432,0.0381400208986416
16000,7363.330176,1,59751696.9472,0.0330782469727703
16001,7363.350176,2,59751716.9792,0.0379863544163747
16002,7363.370176,1,59751736.96,0.0330567336652529
16003,7363.390176,2,59751756.9792,0.0379720122113631
16004,7363.410176,1,59751776.9856,0.0330178048230787
16005,7363.430176,2,59751797.0048,0.0380304054746245
16006,7363.450176,1,59751816.9984,0.0330239514823693
16007,7363.470176,2,59751837.0048,0.038052943225357
16008,7363.490176,1,59751856.9728,0.0330741491999098
16009,7363.510176,2,59751877.0944,0.0380396254635606
16010,7363.530176,1,59751896.9984,0.0330475136763169
16011,7363.550176,2,59751916.9408,0.0380283565881943
16012,7363.570176,1,59751936.9984,0.0330475136763169
16013,7363.590176,2,59751957.0432,0.0379730366545782
16014,7363.610176,1,59751976.9856,0.0330608314381134
16015,7363.630176,2,59751997.0048,0.0379781588706538
16016,7363.650176,1,59752016.9856,0.0330382936873809
16017,7363.670176,2,59752036.992,0.0379382055852644
16018,7363.690176,1,59752057.024,0.0330188292662938
16019,7363.710176,2,59752077.0048,0.0379320589259737
16020,7363.730176,1,59752097.0112,0.0330966869506423
16021,7363.750176,2,59752116.9792,0.0380396254635606
16022,7363.770176,1,59752137.0112,0.0331581535435491
16023,7363.790176,2,59752157.0816,0.0379986477349561
16024,7363.810176,1,59752177.024,0.0331222980310201
16025,7363.830176,2,59752197.0048,0.0379013256295204
16026,7363.850176,1,59752217.024,0.0330710758702645
16027,7363.870176,2,59752237.0176,0.0378685434466368
16028,7363.890176,1,59752257.0112,0.0330700514270494
16029,7363.910176,2,59752277.0304,0.0377077058618641
16030,7363.930176,1,59752297.0112,0.0330249759255844
16031,7363.950176,2,59752317.0688,0.0377609769090499
16032,7363.970176,1,59752337.0368,0.0330710758702645
16033,7363.990176,2,59752357.0432,0.0379043989591657
16034,7364.010176,1,59752377.0496,0.0330413670170262
16035,7364.030176,2,59752397.056,0.0378839100948634
16036,7364.050176,1,59752417.0368,0.0330290736984449
16037,7364.070176,2,59752437.0816,0.0379392300284795
16038,7364.090176,1,59752457.1264,0.0330608314381134
16039,7364.110176,2,59752477.0688,0.0379423033581249
16040,7364.130176,1,59752497.0112,0.0330546847788227
16041,7364.150176,2,59752517.0432,0.0378132235130207
16042,7364.170176,1,59752537.0368,0.0331427868953224
16043,7364.190176,2,59752557.0688,0.0377302436125966
16044,7364.210176,1,59752577.0368,0.0330618558813285
16045,7364.230176,2,59752597.056,0.0376626303603991
16046,7364.250176,1,59752617.0624,0.0330802958592005
16047,7364.270176,2,59752637.0688,0.037680045895056
16048,7364.290176,1,59752657.1008,0.033048538119532
16049,7364.310176,2,59752677.0688,0.0378644456737763
16050,7364.330176,1,59752697.0752,0.0329942426291311
16051,7364.350176,2,59752717.0944,0.0379043989591657
16052,7364.370176,1,59752737.1008,0.033048538119532
16053,7364.390176,2,59752757.0432,0.0377753191140615
16054,7364.410176,1,59752777.1008,0.033011658163788
16055,7364.430176,2,59752797.0816,0.0376687770196898
16056,7364.450176,1,59752817.0752,0.03303009814166
16057,7364.470176,2,59752837.0944,0.0376277992910853
16058,7364.490176,1,59752857.1008,0.0329778515376893
16059,7364.510176,2,59752877.0816,0.0376257504046551
16060,7364.530176,1,59752897.1136,0.0330270248120147
16061,7364.550176,2,59752917.12,0.0375776015735448
16062,7364.570176,1,59752937.1136,0.0329491671276661
16063,7364.590176,2,59752957.1584,0.0376011637674924
16064,7364.610176,1,59752977.1648,0.0330290736984449
16065,7364.630176,2,59752997.12,0.0376462392689573
16066,7364.650176,1,59753017.152,0.0329583871166021
16067,7364.670176,2,59753037.1328,0.0376759481221956
16068,7364.690176,1,59753057.1264,0.033002438174852
16069,7364.710176,2,59753077.2096,0.0378060524105149
16070,7364.730176,1,59753097.2032,0.0330352203577356
16071,7364.750176,2,59753117.1456,0.0377855635462126
16072,7364.770176,1,59753137.152,0.0330587825516832
16073,7364.790176,2,59753157.1328,0.0377804413301371
16074,7364.810176,1,59753177.1648,0.0329901448562706
16075,7364.830176,2,59753197.12,0.0378685434466368
16076,7364.850176,1,59753217.1392,0.0330290736984449
16077,7364.870176,2,59753237.1328,0.0380549921117872
16078,7364.890176,1,59753257.1648,0.0329706804351835
16079,7364.910176,2,59753277.1584,0.0381154342614789
16080,7364.930176,1,59753297.152,0.0330044870612822
16081,7364.950176,2,59753317.1712,0.0380713832032291
16082,7364.970176,1,59753337.1648,0.0329737537648288
16083,7364.990176,2,59753357.1712,0.0381697297518798
16084,7365.010176,1,59753377.152,0.0329911692994857
16085,7365.030176,2,59753397.1712,0.0381389964554265
16086,7365.050176,1,59753417.2672,0.0330219025959391
16087,7365.070176,2,59753437.1584,0.0380683098735837
16088,7365.090176,1,59753457.1264,0.0329532649005266
16089,7365.110176,2,59753477.12,0.0380683098735837
16090,7365.130176,1,59753497.1776,0.0330710758702645
16091,7365.150176,2,59753517.1584,0.0379761099842236
16092,7365.170176,1,59753537.1904,0.0330126826070031
16093,7365.190176,2,59753557.184,0.037970987768148
16094,7365.210176,1,59753577.1648,0.0330055115044973
16095,7365.230176,2,59753597.184,0.0379443522445551
16096,7365.250176,1,59753617.1904,0.0330649292109738
16097,7365.270176,2,59753637.1712,0.0379371811420493
16098,7365.290176,1,59753657.216,0.0330167803798635
16099,7365.310176,2,59753677.2224,0.0379504989038458
16100,7365.330176,1,59753697.1904,0.033020878152724
16101,7365.350176,2,59753717.1968,0.0379771344274387
16102,7365.370176,1,59753737.2032,0.0331007847235028
16103,7365.390176,2,59753757.184,0.0379392300284795
16104,7365.410176,1,59753777.216,0.0330659536541889
16105,7365.430176,2,59753797.248,0.0379146433913168
16106,7365.450176,1,59753817.216,0.0330874669617063
16107,7365.470176,2,59753837.2096,0.0377783924437068
16108,7365.490176,1,59753857.2032,0.0330147314934333
16109,7365.510176,2,59753877.248,0.0378306390476776
16110,7365.530176,1,59753897.216,0.03303009814166
16111,7365.550176,2,59753917.184,0.0378203946155265
16112,7365.570176,1,59753937.2288,0.0330464892331018
16113,7365.590176,2,59753957.2224,0.0378572745712705
16114,7365.610176,1,59753977.2288,0.033039318130596
16115,7365.630176,2,59753997.248,0.0379146433913168
16116,7365.650176,1,59754017.2672,0.0330833691888459
16117,7365.670176,2,59754037.2352,0.037870592333067
16118,7365.690176,1,59754057.2544,0.033039318130596
16119,7365.710176,2,59754077.2352,0.0377404880447477
16120,7365.730176,1,59754097.2544,0.0331427868953224
16121,7365.750176,2,59754117.248,0.0376769725654107
16122,7365.770176,1,59754137.2544,0.0330659536541889
16123,7365.790176,2,59754157.248,0.0376544348146782
16124,7365.810176,1,59754177.2416,0.0330690269838343
16125,7365.830176,2,59754197.2608,0.0376226770750097
16126,7365.850176,1,59754217.3056,0.0330669780974041
16127,7365.870176,2,59754237.248,0.0375489171635216
16128,7365.890176,1,59754257.28,0.033011658163788
16129,7365.910176,2,59754277.2736,0.03748847501383
16130,7365.930176,1,59754298.176,0.0330413670170262
16131,7365.950176,2,59754317.4016,0.0375724793574692
16132,7365.970176,1,59754337.28,0.0330423914602414
16133,7365.990176,2,59754357.248,0.0376585325875387
16134,7366.010176,1,59754377.3184,0.0330475136763169
16135,7366.030176,2,59754397.2736,0.0378173212858811
16136,7366.050176,1,59754417.28,0.033084393632061
16137,7366.070176,2,59754437.2992,0.0378091257401602
16138,7366.090176,1,59754457.28,0.0330423914602414
16139,7366.110176,2,59754477.376,0.0377650746819104
16140,7366.130176,1,59754497.3056,0.0330854180752761
16141,7366.150176,2,59754517.312,0.0378501034687647
16142,7366.170176,1,59754537.28,0.033075173643125
16143,7366.190176,2,59754557.2992,0.0378306390476776
16144,7366.210176,1,59754577.3056,0.0330618558813285
16145,7366.230176,2,59754597.2864,0.0378306390476776
16146,7366.250176,1,59754617.3184,0.0330034626180671
16147,7366.270176,2,59754637.3248,0.0378060524105149
16148,7366.290176,1,59754657.3184,0.0329256049337185
16149,7366.310176,2,59754677.2992,0.0378777634355728
16150,7366.330176,1,59754697.3056,0.0329717048783986
16151,7366.350176,2,59754717.3248,0.037907472288811
16152,7366.370176,1,59754737.3056,0.0330475136763169
16153,7366.390176,2,59754757.3248,0.0378941545270146
16154,7366.410176,1,59754777.3184,0.0330546847788227
16155,7366.430176,2,59754797.312,0.0377855635462126
16156,7366.450176,1,59754817.3184,0.0330239514823693
16157,7366.470176,2,59754837.3376,0.0376554592578933
16158,7366.490176,1,59754857.3184,0.0330362448009507
16159,7366.510176,2,59754877.4144,0.037607310426783
16160,7366.530176,1,59754897.3312,0.0330444403466716
16161,7366.550176,2,59754917.4016,0.0377322924990268
16162,7366.570176,1,59754937.4592,0.0330260003687996
16163,7366.590176,2,59754957.4144,0.0378818612084332
16164,7366.610176,1,59754977.3312,0.0330270248120147
16165,7366.630176,2,59754997.3632,0.0377169258508001
16166,7366.650176,1,59755017.344,0.0330280492552298
16167,7366.670176,2,59755037.3504,0.0376206281885795
16168,7366.690176,1,59755057.3568,0.0330598069948983
16169,7366.710176,2,59755077.3632,0.0376626303603991
16170,7366.730176,1,59755097.3568,0.0330229270391542
16171,7366.750176,2,59755117.3632,0.0377722457844162
16172,7366.770176,1,59755137.344,0.0330085848341426
16173,7366.790176,2,59755157.8112,0.0379402544716946
16174,7366.810176,1,59755177.3696,0.0330382936873809
16175,7366.830176,2,59755197.4016,0.0379627922224271
16176,7366.850176,1,59755217.3824,0.0330290736984449
16177,7366.870176,2,59755237.3888,0.038134898682566
16178,7366.890176,1,59755257.3568,0.0330546847788227
16179,7366.910176,2,59755277.3888,0.0381389964554265
16180,7366.930176,1,59755297.3824,0.0331048824963632
16181,7366.950176,2,59755317.3888,0.038226074128711
16182,7366.970176,1,59755337.408,0.0330761980863401
16183,7366.990176,2,59755357.376,0.0382086585940541
16184,7367.010176,1,59755377.3952,0.0330823447456308
16185,7367.030176,2,59755397.3888,0.0380478210092815
16186,7367.050176,1,59755417.3824,0.0330352203577356
16187,7367.070176,2,59755437.4144,0.0380447476796361
16188,7367.090176,1,59755457.408,0.0330536603356076
16189,7367.110176,2,59755477.3888,0.0380836765218104
16190,7367.130176,1,59755497.408,0.0330382936873809
16191,7367.150176,2,59755517.4016,0.0383131518019956
16192,7367.170176,1,59755537.3952,0.0330526358923925
16193,7367.190176,2,59755557.6448,0.0385180404450181
16194,7367.210176,1,59755577.3952,0.033075173643125
16195,7367.230176,2,59755597.4272,0.0385344315364599
16196,7367.250176,1,59755617.4208,0.0331315180199562
16197,7367.270176,2,59755637.4144,0.0383653984059664
16198,7367.290176,1,59755657.4208,0.0331356157928166
16199,7367.310176,2,59755677.4144,0.0382127563669146
16200,7367.330176,1,59755697.4592,0.0330557092220378
16201,7367.350176,2,59755717.44,0.0381769008543856
16202,7367.370176,1,59755737.4336,0.0331069313827934
16203,7367.390176,2,59755757.44,0.0380601143278628
16204,7367.410176,1,59755777.4336,0.0331612268731944
16205,7367.430176,2,59755797.4272,0.038043723236421
16206,7367.450176,1,59755817.728,0.033093613620997
16207,7367.470176,2,59755837.4528,0.0378337123773229
16208,7367.490176,1,59755857.4336,0.0331376646792468
16209,7367.510176,2,59755877.4784,0.0379125945048866
16210,7367.530176,1,59755897.4464,0.0330895158481365
16211,7367.550176,2,59755917.4528,0.0380467965660663
16212,7367.570176,1,59755937.472,0.0330833691888459
16213,7367.590176,2,59755957.4656,0.0380488454524966
16214,7367.610176,1,59755977.472,0.0330987358370725
16215,7367.630176,2,59755997.4656,0.0382045608211937
16216,7367.650176,1,59756017.4592,0.0330690269838343
16217,7367.670176,2,59756037.4528,0.0382363185608622
16218,7367.690176,1,59756057.472,0.0331366402360317
16219,7367.710176,2,59756077.4528,0.037916692277747
16220,7367.730176,1,59756097.5232,0.0330864425184912
16221,7367.750176,2,59756117.4784,0.0378777634355728
16222,7367.770176,1,59756137.4592,0.0331161513717295
16223,7367.790176,2,59756157.504,0.0378244923883869
16224,7367.810176,1,59756177.472,0.0330721003134796
16225,7367.830176,2,59756197.504,0.0378726412194972
16226,7367.850176,1,59756217.5616,0.0331858135103571
16227,7367.870176,2,59756237.504,0.0379576700063515
16228,7367.890176,1,59756257.8816,0.0331059069395783
16229,7367.910176,2,59756277.504,0.0381451431147171
16230,7367.930176,1,59756297.5232,0.0331315180199562
16231,7367.950176,2,59756317.504,0.0382650029708853
16232,7367.970176,1,59756337.472,0.0331704468621304
16233,7367.990176,2,59756357.4912,0.0383889605999139
16234,7368.010176,1,59756377.536,0.0332175712500256
16235,7368.030176,2,59756397.504,0.0383449095416641
16236,7368.050176,1,59756417.5232,0.0331550802139037
16237,7368.070176,2,59756437.5296,0.038153338660438
16238,7368.090176,1,59756457.5232,0.0332073268178745
16239,7368.110176,2,59756477.504,0.0380416743499908
16240,7368.130176,1,59756497.5488,0.0331438113385375
16241,7368.150176,2,59756517.5168,0.0379443522445551
16242,7368.170176,1,59756537.536,0.0331489335546131
16243,7368.190176,2,59756557.5296,0.0378326879341078
16244,7368.210176,1,59756577.536,0.0331479091113979
16245,7368.230176,2,59756597.5424,0.0377732702276313
16246,7368.250176,1,59756617.5616,0.0331386891224619
16247,7368.270176,2,59756637.5296,0.0377322924990268
16248,7368.290176,1,59756657.5488,0.0331622513164095
16249,7368.310176,2,59756677.5424,0.0376872169975618
16250,7368.330176,1,59756697.5488,0.0332022046017989
16251,7368.350176,2,59756717.5552,0.0377230725100908
16252,7368.370176,1,59756737.5488,0.0331724957485607
16253,7368.390176,2,59756757.5296,0.037588870448911
16254,7368.410176,1,59756777.5616,0.0331694224189153
16255,7368.430176,2,59756797.6064,0.0374761816952486
16256,7368.450176,1,59756818.176,0.0331386891224619
16257,7368.470176,2,59756837.76,0.0374464728420104
16258,7368.490176,1,59756857.6384,0.0330905402913516
16259,7368.510176,2,59756877.7344,0.0374218862048477
16260,7368.530176,1,59756897.536,0.0330813203024156
16261,7368.550176,2,59756917.568,0.0375540393795972
16262,7368.570176,1,59756937.9712,0.0331806912942816
16263,7368.590176,2,59756957.6064,0.0375110127645625
16264,7368.610176,1,59756977.5744,0.0331612268731944
16265,7368.630176,2,59756997.5936,0.0375571127092425
16266,7368.650176,1,59757018.4192,0.0330925891777819
16267,7368.670176,2,59757037.9136,0.037424959534493
16268,7368.690176,1,59757058.2656,0.0331386891224619
16269,7368.710176,2,59757078.0288,0.0374946216731207
16270,7368.730176,1,59757098.3552,0.0330915647345668
16271,7368.750176,2,59757118.3616,0.0376441903825271
16272,7368.770176,1,59757137.5744,0.0331581535435491
16273,7368.790176,2,59757158.6048,0.037706681418649
16274,7368.810176,1,59757178.2272,0.0331581535435491
16275,7368.830176,2,59757198.3744,0.0376677525764747
16276,7368.850176,1,59757217.6768,0.0330946380642121
16277,7368.870176,2,59757238.1312,0.0377958079783638
16278,7368.890176,1,59757258.1632,0.0331612268731944
16279,7368.910176,2,59757278.3104,0.0379443522445551
16280,7368.930176,1,59757297.6128,0.033102833609933
16281,7368.950176,2,59757318.2976,0.0379904521892352
16282,7368.970176,1,59757338.0864,0.0330618558813285
16283,7368.990176,2,59757357.5808,0.0379320589259737
16284,7369.010176,1,59757377.664,0.0330475136763169
16285,7369.030176,2,59757397.6576,0.0377783924437068
16286,7369.050176,1,59757418.4064,0.0330956625074272
16287,7369.070176,2,59757437.6576,0.0376943881000676
16288,7369.090176,1,59757458.0224,0.03303009814166
16289,7369.110176,2,59757477.76,0.0377865879894278
16290,7369.130176,1,59757497.664,0.0331182002581597
16291,7369.150176,2,59757517.7344,0.0377660991251255
16292,7369.170176,1,59757537.6384,0.0330526358923925
16293,7369.190176,2,59757558.0544,0.0378296146044625
16294,7369.210176,1,59757577.8176,0.0331263958038806
16295,7369.230176,2,59757597.9392,0.0378931300837995
16296,7369.250176,1,59757618.4064,0.0330229270391542
16297,7369.270176,2,59757637.9008,0.0379259122666831
16298,7369.290176,1,59757657.6512,0.0330741491999098
16299,7369.310176,2,59757677.9392,0.0378972278566599
16300,7369.330176,1,59757697.6896,0.0331059069395783
16301,7369.350176,2,59757717.76,0.0379187411641773
16302,7369.370176,1,59757737.6896,0.0331202491445899
16303,7369.390176,2,59757758.1696,0.0379627922224271
16304,7369.410176,1,59757778.5088,0.0331509824410433
16305,7369.430176,2,59757798.4256,0.037834736820538
16306,7369.450176,1,59757817.7024,0.033130493576741
16307,7369.470176,2,59757837.6576,0.0378029790808695
16308,7369.490176,1,59757857.664,0.0331100047124388
16309,7369.510176,2,59757877.9008,0.0377579035794046
16310,7369.530176,1,59757897.9712,0.0331704468621304
16311,7369.550176,2,59757918.0032,0.037734341385457
16312,7369.570176,1,59757938.4704,0.0331448357817526
16313,7369.590176,2,59757957.7856,0.0376831192247014
16314,7369.610176,1,59757978.4576,0.0332401090007581
16315,7369.630176,2,59757998.6176,0.0377691724547708
16316,7369.650176,1,59758017.9456,0.0331622513164095
16317,7369.670176,2,59758038.4896,0.0377169258508001
16318,7369.690176,1,59758057.92,0.0331673735324851
16319,7369.710176,2,59758077.76,0.0377445858176081
16320,7369.730176,1,59758097.7408,0.0331981068289385
16321,7369.750176,2,59758117.7344,0.0377425369311779
16322,7369.770176,1,59758138.0352,0.0332155223635954
16323,7369.790176,2,59758158.4,0.0377456102608232
16324,7369.810176,1,59758177.728,0.0331438113385375
16325,7369.830176,2,59758197.7344,0.0377742946708464
16326,7369.850176,1,59758217.7664,0.0331806912942816
16327,7369.870176,2,59758238.2208,0.037952547790276
16328,7369.890176,1,59758258.176,0.0331888868400025
16329,7369.910176,2,59758278.1824,0.0378654701169914
16330,7369.930176,1,59758297.7152,0.0331776179646362
16331,7369.950176,2,59758318.6816,0.0378439568094741
16332,7369.970176,1,59758338.3808,0.0331100047124388
16333,7369.990176,2,59758357.76,0.0376318970639457
16334,7370.010176,1,59758378.0224,0.0331796668510664
16335,7370.030176,2,59758398.4384,0.0376185793021493
16336,7370.050176,1,59758417.8432,0.0331929846128629
16337,7370.070176,2,59758438.2976,0.0376667281332596
16338,7370.090176,1,59758458.432,0.033203229045014
16339,7370.110176,2,59758477.8368,0.0376400926096667
16340,7370.130176,1,59758497.7664,0.0331356157928166
16341,7370.150176,2,59758517.8368,0.0375571127092425
16342,7370.170176,1,59758537.792,0.0331110291556539
16343,7370.190176,2,59758557.7344,0.0375017927756265
16344,7370.210176,1,59758577.9072,0.0331141024852992
16345,7370.230176,2,59758598.6816,0.0375601860388879
16346,7370.250176,1,59758618.6752,0.0331489335546131
16347,7370.270176,2,59758637.7984,0.0376001393242773
16348,7370.290176,1,59758657.8176,0.0332226934661012
16349,7370.310176,2,59758677.8496,0.0376032126539226
16350,7370.330176,1,59758697.7792,0.0332144979203803
16351,7370.350176,2,59758718.1184,0.037525354969574
16352,7370.370176,1,59758738.6112,0.0331714713053455
16353,7370.390176,2,59758758.5024,0.0375386727313705
16354,7370.410176,1,59758778.3552,0.03316634908927
16355,7370.430176,2,59758797.7728,0.0374925727866904
16356,7370.450176,1,59758817.8176,0.0331263958038806
16357,7370.470176,2,59758837.8112,0.0377056569754338
16358,7370.490176,1,59758857.792,0.0331735201917758
16359,7370.510176,2,59758877.8112,0.0377425369311779
16360,7370.530176,1,59758897.9328,0.0331315180199562
16361,7370.550176,2,59758918.016,0.0378203946155265
16362,7370.570176,1,59758937.7664,0.0331499579978282
16363,7370.590176,2,59758957.8112,0.0380099166103223
16364,7370.610176,1,59758977.8048,0.0330966869506423
16365,7370.630176,2,59758998.464,0.0380949453971766
16366,7370.650176,1,59759017.8688,0.0331386891224619
16367,7370.670176,2,59759038.1568,0.0380273321449792
16368,7370.690176,1,59759058.1504,0.0330587825516832
16369,7370.710176,2,59759077.8368,0.0379781588706538
16370,7370.730176,1,59759098.0096,0.03316634908927
16371,7370.750176,2,59759117.8624,0.0377589280226197
16372,7370.770176,1,59759138.56,0.033203229045014
16373,7370.790176,2,59759158.2336,0.0377722457844162
16374,7370.810176,1,59759177.8432,0.0331489335546131
16375,7370.830176,2,59759197.9904,0.0376728747925502
16376,7370.850176,1,59759218.7264,0.0331048824963632
16377,7370.870176,2,59759237.8496,0.0375151105374229
16378,7370.890176,1,59759257.856,0.0331345913496015
16379,7370.910176,2,59759277.8624,0.0372385108693425
16380,7370.930176,1,59759297.9456,0.0330731247566947
16381,7370.950176,2,59759317.8752,0.0372303153236216
16382,7370.970176,1,59759338.176,0.0331550802139037
16383,7370.990176,2,59759357.9904,0.0370981621488721
16384,7371.010176,1,59759377.9456,0.0330598069948983
16385,7371.030176,2,59759398.0672,0.037042842215256
16386,7371.050176,1,59759417.8688,0.0331356157928166
16387,7371.070176,2,59759437.8752,0.0370469399881165
16388,7371.090176,1,59759457.9456,0.0331079558260086
16389,7371.110176,2,59759478.4,0.036979326735919
16390,7371.130176,1,59759497.8816,0.0331141024852992
16391,7371.150176,2,59759517.8752,0.0370664044092036
16392,7371.170176,1,59759538.0864,0.0330608314381134
16393,7371.190176,2,59759557.888,0.0369393734505296
16394,7371.210176,1,59759578.2272,0.033048538119532
16395,7371.230176,2,59759598.1696,0.0370192800213084
16396,7371.250176,1,59759618.2016,0.0330628803245436
16397,7371.270176,2,59759638.7328,0.0370213289077386
16398,7371.290176,1,59759657.8944,0.0331366402360317
16399,7371.310176,2,59759678.5152,0.0371903620382322
16400,7371.330176,1,59759698.0864,0.0331089802692237
16401,7371.350176,2,59759717.888,0.0372620730632901
16402,7371.370176,1,59759738.2016,0.0329839981969799
16403,7371.390176,2,59759757.8752,0.0374946216731207
16404,7371.410176,1,59759777.9072,0.0330823447456308
16405,7371.430176,2,59759797.9776,0.0376851681111316
16406,7371.450176,1,59759817.9584,0.0330341959145205
16407,7371.470176,2,59759837.9392,0.0378808367652181
16408,7371.490176,1,59759857.9328,0.0329655582191079
16409,7371.510176,2,59759878.5792,0.0379812322002991
16410,7371.530176,1,59759898.8032,0.0331038580531481
16411,7371.550176,2,59759917.952,0.0376831192247014
16412,7371.570176,1,59759938.5856,0.0330331714713053
16413,7371.590176,2,59759957.9136,0.0375898948921261
16414,7371.610176,1,59759977.9584,0.033102833609933
16415,7371.630176,2,59759997.952,0.0375120372077776
16416,7371.650176,1,59760017.9968,0.0330587825516832
16417,7371.670176,2,59760038.2592,0.037443399512365
16418,7371.690176,1,59760057.9584,0.0330792714159854
16419,7371.710176,2,59760078.1824,0.0374331550802139
16420,7371.730176,1,59760098.24,0.0329778515376893
16421,7371.750176,2,59760117.9776,0.0376237015182248
16422,7371.770176,1,59760138.496,0.0330423914602414
16423,7371.790176,2,59760157.9648,0.0375437949474461
16424,7371.810176,1,59760177.9328,0.03303009814166
16425,7371.830176,2,59760197.9392,0.0374833527977544
16426,7371.850176,1,59760217.9712,0.0329737537648288
16427,7371.870176,2,59760238.464,0.0374649128198824
16428,7371.890176,1,59760257.9968,0.0330055115044973
16429,7371.910176,2,59760277.9648,0.0373389063044235
16430,7371.930176,1,59760297.984,0.0330454647898867
16431,7371.950176,2,59760317.9904,0.0373214907697666
16432,7371.970176,1,59760337.984,0.0330382936873809
16433,7371.990176,2,59760357.9648,0.0373921773516094
16434,7372.010176,1,59760378.2784,0.0330341959145205
16435,7372.030176,2,59760398.4128,0.0373255885426271
16436,7372.050176,1,59760418.0096,0.0331130780420841
16437,7372.070176,2,59760438.2464,0.0373235396561969
16438,7372.090176,1,59760458.8416,0.0330710758702645
16439,7372.110176,2,59760478.016,0.0372077775728891
16440,7372.130176,1,59760498.4704,0.0330321470280902
16441,7372.150176,2,59760518.016,0.0370541110906222
16442,7372.170176,1,59760538.0096,0.0330690269838343
16443,7372.190176,2,59760558.2464,0.0369916200545004
16444,7372.210176,1,59760578.0224,0.0330526358923925
16445,7372.230176,2,59760598.144,0.0371135287970988
16446,7372.250176,1,59760618.0608,0.0330188292662938
16447,7372.270176,2,59760638.0032,0.0370285000102444
16448,7372.290176,1,59760658.176,0.0330065359477124
16449,7372.310176,2,59760678.6176,0.037061282193128
16450,7372.330176,1,59760697.9712,0.0329594115598172
16451,7372.350176,2,59760718.2208,0.0370868932735058
16452,7372.370176,1,59760738.5472,0.0330454647898867
16453,7372.390176,2,59760757.9904,0.0369619112012621
16454,7372.410176,1,59760778.2144,0.0330464892331018
16455,7372.430176,2,59760798.5536,0.0368574179933206
16456,7372.450176,1,59760818.0224,0.0330311225848751
16457,7372.470176,2,59760838.3872,0.0369045423812158
16458,7372.490176,1,59760857.984,0.0330516114491774
16459,7372.510176,2,59760878.0288,0.0369772778494888
16460,7372.530176,1,59760898.0608,0.0330311225848751
16461,7372.550176,2,59760918.0672,0.0371278710021104
16462,7372.570176,1,59760938.0608,0.0330628803245436
16463,7372.590176,2,59760958.2592,0.0371575798553486
16464,7372.610176,1,59760978.3936,0.0330813203024156
16465,7372.630176,2,59760998.0544,0.0371463109799824
16466,7372.650176,1,59761018.048,0.0329727293216137
16467,7372.670176,2,59761038.0544,0.0371555309689184
16468,7372.690176,1,59761058.0608,0.0329512160140963
16469,7372.710176,2,59761078.0544,0.0371678242874997
16470,7372.730176,1,59761098.3296,0.0330833691888459
16471,7372.750176,2,59761118.1056,0.0371862642653718
16472,7372.770176,1,59761138.176,0.0330526358923925
16473,7372.790176,2,59761158.4,0.0371299198885406
16474,7372.810176,1,59761178.0992,0.0329983404019915
16475,7372.830176,2,59761198.7456,0.0371954842543078
16476,7372.850176,1,59761218.1376,0.033057758108468
16477,7372.870176,2,59761238.1184,0.0372303153236216
16478,7372.890176,1,59761258.112,0.0330669780974041
16479,7372.910176,2,59761278.4,0.0371504087528428
16480,7372.930176,1,59761298.0864,0.0330075603909275
16481,7372.950176,2,59761318.1184,0.0371166021267441
16482,7372.970176,1,59761338.0992,0.033039318130596
16483,7372.990176,2,59761358.8736,0.0370899666031512
16484,7373.010176,1,59761378.3936,0.0330178048230787
16485,7373.030176,2,59761398.0928,0.0370530866474071
16486,7373.050176,1,59761418.0992,0.0330464892331018
16487,7373.070176,2,59761438.1184,0.0371043088081628
16488,7373.090176,1,59761460.1088,0.033057758108468
16489,7373.110176,2,59761478.0544,0.0371114799106686
16490,7373.130176,1,59761498.1504,0.0330628803245436
16491,7373.150176,2,59761518.5664,0.0371678242874997
16492,7373.170176,1,59761538.176,0.0330792714159854
16493,7373.190176,2,59761558.144,0.0371524576392731
16494,7373.210176,1,59761578.1248,0.0330956625074272
16495,7373.230176,2,59761598.208,0.0371186510131743
16496,7373.250176,1,59761618.1376,0.0330833691888459
16497,7373.270176,2,59761638.592,0.0371422132071219
16498,7373.290176,1,59761658.4192,0.0330505870059623
16499,7373.310176,2,59761678.1184,0.0370735755117094
16500,7373.330176,1,59761698.1248,0.0330126826070031
16501,7373.350176,2,59761718.2208,0.0370961132624419
16502,7373.370176,1,59761738.6624,0.032948142684451
16503,7373.390176,2,59761758.4384,0.0370561599770525
16504,7373.410176,1,59761778.1632,0.0330997602802877
16505,7373.430176,2,59761799.0784,0.0370592333066978
16506,7373.450176,1,59761818.1376,0.0330014137316368
16507,7373.470176,2,59761838.1568,0.0370551355338374
16508,7373.490176,1,59761858.176,0.0330741491999098
16509,7373.510176,2,59761878.4768,0.0370305488966747
16510,7373.530176,1,59761898.176,0.0330444403466716
16511,7373.550176,2,59761918.1312,0.0369905956112853
16512,7373.570176,1,59761938.1888,0.0329901448562706
16513,7373.590176,2,59761958.1312,0.0369526912123261
16514,7373.610176,1,59761978.1632,0.0330639047677587
16515,7373.630176,2,59761998.1696,0.0368205380375766
16516,7373.650176,1,59762018.176,0.0330382936873809
16517,7373.670176,2,59762038.1952,0.0369240068023029
16518,7373.690176,1,59762058.176,0.0330710758702645
16519,7373.710176,2,59762078.1568,0.036979326735919
16520,7373.730176,1,59762098.1632,0.0329921937427008
16521,7373.750176,2,59762118.1824,0.0370018644866515
16522,7373.770176,1,59762138.1504,0.0330229270391542
16523,7373.790176,2,59762158.1952,0.0370203044645235
16524,7373.810176,1,59762180.1728,0.0330126826070031
16525,7373.830176,2,59762198.1696,0.0370131333620177
16526,7373.850176,1,59762218.4832,0.0330710758702645
16527,7373.870176,2,59762239.0272,0.0372497797447087
16528,7373.890176,1,59762258.176,0.0330034626180671
16529,7373.910176,2,59762278.208,0.0373860306923187
16530,7373.930176,1,59762298.2528,0.0330239514823693
16531,7373.950176,2,59762318.1952,0.0371657754010695
16532,7373.970176,1,59762338.6112,0.0330454647898867
16533,7373.990176,2,59762358.2336,0.0371452865367673
16534,7374.010176,1,59762379.0336,0.0331427868953224
16535,7374.030176,2,59762398.272,0.0372272419939763
16536,7374.050176,1,59762418.2528,0.0331253713606655
16537,7374.070176,2,59762438.2208,0.0372569508472145
16538,7374.090176,1,59762458.2528,0.0331294691335259
16539,7374.110176,2,59762478.1952,0.0372835863708075
16540,7374.130176,1,59762498.2272,0.0330505870059623
16541,7374.150176,2,59762518.272,0.0371596287417788
16542,7374.170176,1,59762538.2272,0.0330925891777819
16543,7374.190176,2,59762558.9632,0.0371166021267441
16544,7374.210176,1,59762578.2528,0.0330260003687996
16545,7374.230176,2,59762598.2848,0.0370305488966747
16546,7374.250176,1,59762618.3296,0.0330546847788227
16547,7374.270176,2,59762638.2464,0.0369895711680702
16548,7374.290176,1,59762658.4064,0.033039318130596
16549,7374.310176,2,59762678.4384,0.0369987911570062
16550,7374.330176,1,59762698.2656,0.0330680025406192
16551,7374.350176,2,59762718.2592,0.0370080111459422
16552,7374.370176,1,59762738.2912,0.0330669780974041
16553,7374.390176,2,59762758.3104,0.0368441002315242
16554,7374.410176,1,59762778.2656,0.0330802958592005
16555,7374.430176,2,59762799.3472,0.0369260556887332
16556,7374.450176,1,59762818.5216,0.0331591779867642
16557,7374.470176,2,59762838.2592,0.0368553691068904
16558,7374.490176,1,59762858.6112,0.0330680025406192
16559,7374.510176,2,59762878.656,0.0369403978937448
16560,7374.530176,1,59762898.2656,0.0330639047677587
16561,7374.550176,2,59762918.8608,0.0368297580265126
16562,7374.570176,1,59762938.304,0.033121273587805
16563,7374.590176,2,59762958.7072,0.0368809801872682
16564,7374.610176,1,59762978.2656,0.0330475136763169
16565,7374.630176,2,59762998.2976,0.0368451246747393
16566,7374.650176,1,59763018.2656,0.033011658163788
16567,7374.670176,2,59763038.2976,0.0366863359763968
16568,7374.690176,1,59763059.2,0.0330731247566947
16569,7374.710176,2,59763078.5664,0.0367447292396582
16570,7374.730176,1,59763098.3424,0.0330628803245436
16571,7374.750176,2,59763118.3232,0.0368820046304833
16572,7374.770176,1,59763138.9568,0.0330772225295552
16573,7374.790176,2,59763158.3104,0.0369783022927039
16574,7374.810176,1,59763178.304,0.0331192247013748
16575,7374.830176,2,59763198.2976,0.0370786977277849
16576,7374.850176,1,59763219.0208,0.0330341959145205
16577,7374.870176,2,59763238.4128,0.0370254266805991
16578,7374.890176,1,59763258.2784,0.0330721003134796
16579,7374.910176,2,59763278.3232,0.0369496178826808
16580,7374.930176,1,59763298.304,0.0330321470280902
16581,7374.950176,2,59763318.3232,0.0368205380375766
16582,7374.970176,1,59763338.6624,0.0331161513717295
16583,7374.990176,2,59763360.32,0.0367703403200361
16584,7375.010176,1,59763378.4064,0.0330956625074272
16585,7375.030176,2,59763398.3232,0.0366258938267052
16586,7375.050176,1,59763419.3536,0.0331130780420841
16587,7375.070176,2,59763438.3488,0.036569549449874
16588,7375.090176,1,59763458.9696,0.033084393632061
16589,7375.110176,2,59763478.3232,0.0365685250066589
16590,7375.130176,1,59763498.3424,0.0330700514270494
16591,7375.150176,2,59763518.3744,0.0365091073001824
16592,7375.170176,1,59763538.368,0.0331274202470957
16593,7375.190176,2,59763558.4768,0.0364753006740836
16594,7375.210176,1,59763578.5088,0.0331161513717295
16595,7375.230176,2,59763598.4896,0.036469154014793
16596,7375.250176,1,59763618.368,0.0330475136763169
16597,7375.270176,2,59763638.72,0.0369403978937448
16598,7375.290176,1,59763658.368,0.0330546847788227
16599,7375.310176,2,59763678.72,0.0369916200545004
16600,7375.330176,1,59763698.4576,0.0329962915155613
16601,7375.350176,2,59763718.3744,0.0367980002868441
16602,7375.370176,1,59763738.688,0.0330331714713053
16603,7375.390176,2,59763758.5024,0.0366115516216936
16604,7375.410176,1,59763778.4704,0.0330341959145205
16605,7375.430176,2,59763798.3872,0.0365623783473682
16606,7375.450176,1,59763818.4832,0.0330341959145205
16607,7375.470176,2,59763838.9632,0.0365470116991415
16608,7375.490176,1,59763858.9184,0.0329983404019915
16609,7375.510176,2,59763878.6304,0.036587989427746
16610,7375.530176,1,59763898.4064,0.0330106337205729
16611,7375.550176,2,59763918.5536,0.036506033970537
16612,7375.570176,1,59763938.5216,0.0329880959698404
16613,7375.590176,2,59763958.6432,0.0364599340258569
16614,7375.610176,1,59763978.3936,0.0330987358370725
16615,7375.630176,2,59763998.4128,0.0365326694941299
16616,7375.650176,1,59764018.9056,0.0330639047677587
16617,7375.670176,2,59764038.8736,0.0366074538488332
16618,7375.690176,1,59764058.8544,0.0330403425738111
16619,7375.710176,2,59764078.9504,0.0366863359763968
16620,7375.730176,1,59764098.432,0.0330372692441658
16621,7375.750176,2,59764118.4256,0.0367047759542689
16622,7375.770176,1,59764138.4192,0.0330290736984449
16623,7375.790176,2,59764158.656,0.036651504907083
16624,7375.810176,1,59764178.6624,0.0330567336652529
16625,7375.830176,2,59764198.4256,0.0364712029012232
16626,7375.850176,1,59764218.7136,0.0330741491999098
16627,7375.870176,2,59764238.4512,0.0363831007847235
16628,7375.890176,1,59764258.4192,0.0329993648452066
16629,7375.910176,2,59764278.4256,0.0363503186018399
16630,7375.930176,1,59764298.4192,0.0330536603356076
16631,7375.950176,2,59764318.4256,0.0363831007847235
16632,7375.970176,1,59764338.7392,0.0330741491999098
16633,7375.990176,2,59764358.6944,0.0363492941586248
16634,7376.010176,1,59764378.4576,0.0331182002581597
16635,7376.030176,2,59764398.4768,0.0364793984469441
16636,7376.050176,1,59764418.4448,0.0330987358370725
16637,7376.070176,2,59764438.784,0.0366136005081238
16638,7376.090176,1,59764460.608,0.0330680025406192
16639,7376.110176,2,59764478.4384,0.0367764869793267
16640,7376.130176,1,59764498.4832,0.0331427868953224
16641,7376.150176,2,59764518.5024,0.0368666379822566
16642,7376.170176,1,59764538.56,0.0330260003687996
16643,7376.190176,2,59764558.5152,0.0370418177720409
16644,7376.210176,1,59764578.5216,0.0330362448009507
16645,7376.230176,2,59764598.4768,0.0370387444423955
16646,7376.250176,1,59764619.8528,0.0330608314381134
16647,7376.270176,2,59764639.1936,0.0369168356997972
16648,7376.290176,1,59764658.4832,0.0331202491445899
16649,7376.310176,2,59764678.8864,0.0367478025693036
16650,7376.330176,1,59764698.4704,0.0329911692994857
16651,7376.350176,2,59764718.656,0.0365336939373451
16652,7376.370176,1,59764738.6368,0.033002438174852
16653,7376.390176,2,59764758.5408,0.0364466162640605
16654,7376.410176,1,59764778.9312,0.0330403425738111
16655,7376.430176,2,59764798.72,0.036405638535456
16656,7376.450176,1,59764818.5088,0.0330311225848751
16657,7376.470176,2,59764840.4608,0.0362704120310611
16658,7376.490176,1,59764858.7264,0.0331192247013748
16659,7376.510176,2,59764878.5152,0.0363492941586248
16660,7376.530176,1,59764898.9056,0.0330475136763169
16661,7376.550176,2,59764919.1296,0.0364251029565431
16662,7376.570176,1,59764939.2256,0.0330454647898867
16663,7376.590176,2,59764959.3088,0.0364097363083164
16664,7376.610176,1,59764978.5472,0.0330649292109738
16665,7376.630176,2,59764998.5792,0.0363749052390026
16666,7376.650176,1,59765019.0464,0.0330280492552298
16667,7376.670176,2,59765039.2064,0.0362909008953634
16668,7376.690176,1,59765058.7264,0.0330864425184912
16669,7376.710176,2,59765079.0656,0.0363738807957875
16670,7376.730176,1,59765098.5088,0.0331171758149446
16671,7376.750176,2,59765118.7456,0.0363472452721946
16672,7376.770176,1,59765138.5472,0.0330587825516832
16673,7376.790176,2,59765158.8224,0.0364753006740836
16674,7376.810176,1,59765178.7648,0.0330690269838343
16675,7376.830176,2,59765198.528,0.0365705738930891
16676,7376.850176,1,59765218.624,0.0330915647345668
16677,7376.870176,2,59765238.5408,0.0369598623148319
16678,7376.890176,1,59765258.5472,0.033093613620997
16679,7376.910176,2,59765278.9888,0.0370162066916631
16680,7376.930176,1,59765298.8416,0.0330813203024156
16681,7376.950176,2,59765318.5664,0.0368656135390415
16682,7376.970176,1,59765338.8416,0.0330680025406192
16683,7376.990176,2,59765358.7712,0.0366453582477923
16684,7377.010176,1,59765378.56,0.0330434159034565
16685,7377.030176,2,59765398.6304,0.0366013071895425
16686,7377.050176,1,59765419.9552,0.0330669780974041
16687,7377.070176,2,59765439.0912,0.0365009117544614
16688,7377.090176,1,59765459.2128,0.0330874669617063
16689,7377.110176,2,59765478.5536,0.0366812137603213
16690,7377.130176,1,59765499.1488,0.0331376646792468
16691,7377.150176,2,59765518.6048,0.0366945315221177
16692,7377.170176,1,59765538.6624,0.0331427868953224
16693,7377.190176,2,59765559.1552,0.036860491322966
16694,7377.210176,1,59765578.752,0.0330782469727703
16695,7377.230176,2,59765599.4496,0.0369721556334132
16696,7377.250176,1,59765618.8544,0.033121273587805
16697,7377.270176,2,59765638.5792,0.0369383490073145
16698,7377.290176,1,59765660.48,0.0330639047677587
16699,7377.310176,2,59765678.6432,0.0368410269018788
16700,7377.330176,1,59765698.624,0.0331018091667179
16701,7377.350176,2,59765719.2704,0.0368481980043846
16702,7377.370176,1,59765738.6368,0.0330546847788227
16703,7377.390176,2,59765758.6048,0.0367918536275534
16704,7377.410176,1,59765779.3152,0.0331089802692237
16705,7377.430176,2,59765799.3856,0.0369127379269367
16706,7377.450176,1,59765818.7136,0.0330280492552298
16707,7377.470176,2,59765839.04,0.036906591267646
16708,7377.490176,1,59765859.0336,0.0331110291556539
16709,7377.510176,2,59765878.9248,0.037061282193128
16710,7377.530176,1,59765898.7904,0.0331786424078513
16711,7377.550176,2,59765918.656,0.036960886758047
16712,7377.570176,1,59765939.1744,0.0330710758702645
16713,7377.590176,2,59765959.4368,0.0370418177720409
16714,7377.610176,1,59765978.624,0.0330802958592005
16715,7377.630176,2,59765998.6688,0.0369229823590878
16716,7377.650176,1,59766019.3792,0.0330536603356076
16717,7377.670176,2,59766038.6176,0.0366955559653328
16718,7377.690176,1,59766060.5312,0.0330219025959391
16719,7377.710176,2,59766080.768,0.036597209416682
16720,7377.730176,1,59766099.2896,0.0330710758702645
16721,7377.750176,2,59766118.9248,0.0365367672669904
16722,7377.770176,1,59766138.7392,0.033121273587805
16723,7377.790176,2,59766158.6432,0.0365623783473682
16724,7377.810176,1,59766178.6624,0.0330608314381134
16725,7377.830176,2,59766198.9248,0.0366248693834901
16726,7377.850176,1,59766220.5312,0.0331007847235028
16727,7377.870176,2,59766239.3984,0.0366494560206528
16728,7377.890176,1,59766258.688,0.0330854180752761
16729,7377.910176,2,59766279.104,0.0366320404859959
16730,7377.930176,1,59766298.752,0.0330628803245436
16731,7377.950176,2,59766320.7808,0.0367221914889258
16732,7377.970176,1,59766338.7008,0.0330833691888459
16733,7377.990176,2,59766359.3984,0.0368481980043846
16734,7378.010176,1,59766379.5072,0.0330321470280902
16735,7378.030176,2,59766399.0784,0.0371206998996046
16736,7378.050176,1,59766418.7136,0.0330198537095089
16737,7378.070176,2,59766438.6944,0.0374813039113242
16738,7378.090176,1,59766458.7264,0.032993218185916
16739,7378.110176,2,59766479.0528,0.0377353658286721
16740,7378.130176,1,59766498.7136,0.0330649292109738
16741,7378.150176,2,59766519.04,0.0376277992910853
16742,7378.170176,1,59766539.4816,0.0329860470834102
16743,7378.190176,2,59766560.7808,0.0374772061384637
16744,7378.210176,1,59766580.7872,0.0330536603356076
16745,7378.230176,2,59766599.3216,0.037379884033028
16746,7378.250176,1,59766618.7136,0.0330557092220378
16747,7378.270176,2,59766639.3088,0.0373050996783248
16748,7378.290176,1,59766658.7648,0.0331263958038806
16749,7378.310176,2,59766678.7328,0.0372764152683017
16750,7378.330176,1,59766698.7136,0.0330628803245436
16751,7378.350176,2,59766719.7824,0.0372272419939763
16752,7378.370176,1,59766739.52,0.0330741491999098
16753,7378.390176,2,59766758.72,0.0371596287417788
16754,7378.410176,1,59766779.2512,0.0331263958038806
16755,7378.430176,2,59766798.7584,0.0371995820271682
16756,7378.450176,1,59766819.2512,0.033184789067142
16757,7378.470176,2,59766838.8096,0.03721597311861
16758,7378.490176,1,59766858.7392,0.0331059069395783
16759,7378.510176,2,59766878.848,0.0370674288524187
16760,7378.530176,1,59766900.8512,0.0330372692441658
16761,7378.550176,2,59766918.72,0.0370653799659885
16762,7378.570176,1,59766938.6624,0.0330782469727703
16763,7378.590176,2,59766958.7584,0.037134017661401
16764,7378.610176,1,59766978.7392,0.0331294691335259
16765,7378.630176,2,59766998.7968,0.0370950888192267
16766,7378.650176,1,59767018.7136,0.0330690269838343
16767,7378.670176,2,59767038.7456,0.0370510377609769
16768,7378.690176,1,59767058.7648,0.0330546847788227
16769,7378.710176,2,59767078.7456,0.0369526912123261
16770,7378.730176,1,59767098.7904,0.0331458602249677
16771,7378.750176,2,59767118.7712,0.0368512713340299
16772,7378.770176,1,59767138.688,0.0331202491445899
16773,7378.790176,2,59767158.7456,0.0366730182146004
16774,7378.810176,1,59767178.7648,0.0331417624521073
16775,7378.830176,2,59767198.7584,0.0367047759542689
16776,7378.850176,1,59767218.752,0.0331632757596246
16777,7378.870176,2,59767238.7456,0.0369619112012621
16778,7378.890176,1,59767258.7264,0.0331294691335259
16779,7378.910176,2,59767278.8096,0.0368236113672219
16780,7378.930176,1,59767298.7648,0.0331151269285144
16781,7378.950176,2,59767318.7712,0.0367293625914316
16782,7378.970176,1,59767338.7776,0.033121273587805
16783,7378.990176,2,59767358.7456,0.0367375581371525
16784,7379.010176,1,59767378.816,0.0331776179646362
16785,7379.030176,2,59767398.7968,0.0366136005081238
16786,7379.050176,1,59767418.88,0.0331530313274735
16787,7379.070176,2,59767438.7712,0.0366289671563505
16788,7379.090176,1,59767458.8928,0.0331776179646362
16789,7379.110176,2,59767478.8992,0.0366750671010306
16790,7379.130176,1,59767498.816,0.033157129100334
16791,7379.150176,2,59767518.8352,0.0367068248406991
16792,7379.170176,1,59767538.816,0.0331202491445899
16793,7379.190176,2,59767558.8096,0.0367652181039605
16794,7379.210176,1,59767578.7904,0.0331796668510664
16795,7379.230176,2,59767598.9248,0.0368420513450939
16796,7379.250176,1,59767619.0848,0.0331438113385375
16797,7379.270176,2,59767638.8096,0.0367580470014547
16798,7379.290176,1,59767658.7904,0.0331325424631713
16799,7379.310176,2,59767678.8352,0.0366894093060422
16800,7379.330176,1,59767698.7904,0.0331714713053455
16801,7379.350176,2,59767718.8096,0.0364527629233512
16802,7379.370176,1,59767738.88,0.0331765935214211
16803,7379.390176,2,59767758.8736,0.0364046140922409
16804,7379.410176,1,59767778.8544,0.0331489335546131
16805,7379.430176,2,59767798.784,0.0365142295162579
16806,7379.450176,1,59767818.8288,0.0331806912942816
16807,7379.470176,2,59767838.8864,0.0365326694941299
16808,7379.490176,1,59767858.8288,0.0331694224189153
16809,7379.510176,2,59767878.8992,0.0364230540701129
16810,7379.530176,1,59767898.8928,0.0331315180199562
16811,7379.550176,2,59767919.04,0.036387198557584
16812,7379.570176,1,59767939.0336,0.0331048824963632
16813,7379.590176,2,59767958.9376,0.0364005163193804
16814,7379.610176,1,59767978.9312,0.0331673735324851
16815,7379.630176,2,59767998.8736,0.0363820763415084
16816,7379.650176,1,59768018.9312,0.0331776179646362
16817,7379.670176,2,59768038.8864,0.036478374003729
16818,7379.690176,1,59768058.9568,0.0331509824410433
16819,7379.710176,2,59768078.8864,0.036551109472002
16820,7379.730176,1,59768099.0208,0.0331182002581597
16821,7379.750176,2,59768118.912,0.0364763251172988
16822,7379.770176,1,59768138.9312,0.0331366402360317
16823,7379.790176,2,59768158.8992,0.03657876943881
16824,7379.810176,1,59768178.9056,0.0331151269285144
16825,7379.830176,2,59768198.8992,0.0366812137603213
16826,7379.850176,1,59768218.8928,0.0331458602249677
16827,7379.870176,2,59768238.8864,0.0366873604196119
16828,7379.890176,1,59768258.9056,0.0331161513717295
16829,7379.910176,2,59768278.8992,0.0368461491179544
16830,7379.930176,1,59768298.8928,0.0331018091667179
16831,7379.950176,2,59768319.4752,0.0368205380375766
16832,7379.970176,1,59768338.88,0.0331345913496015
16833,7379.990176,2,59768358.848,0.036988546724855
16834,7380.010176,1,59768379.072,0.033093613620997
16835,7380.030176,2,59768398.9376,0.0370264511238142
16836,7380.050176,1,59768419.2384,0.0330382936873809
16837,7380.070176,2,59768438.912,0.0371401643206917
16838,7380.090176,1,59768458.9312,0.0330362448009507
16839,7380.110176,2,59768478.8864,0.0372528530743541
16840,7380.130176,1,59768498.9056,0.0330567336652529
16841,7380.150176,2,59768518.9632,0.0371811420492962
16842,7380.170176,1,59768538.9056,0.0330505870059623
16843,7380.190176,2,59768558.9376,0.03716987317393
16844,7380.210176,1,59768578.9056,0.0331038580531481
16845,7380.230176,2,59768598.912,0.0373460774069293
16846,7380.250176,1,59768618.9056,0.0331253713606655
16847,7380.270176,2,59768638.9504,0.0373091974511853
16848,7380.290176,1,59768659.0208,0.0331653246460549
16849,7380.310176,2,59768678.9632,0.0372989530190342
16850,7380.330176,1,59768699.0464,0.0330966869506423
16851,7380.350176,2,59768718.9888,0.0373645173848014
16852,7380.370176,1,59768738.944,0.0331397135656771
16853,7380.390176,2,59768759.0144,0.0372487553014936
16854,7380.410176,1,59768779.1104,0.0330516114491774
16855,7380.430176,2,59768798.9376,0.0371739709467904
16856,7380.450176,1,59768819.0336,0.0330731247566947
16857,7380.470176,2,59768838.9632,0.0370725510684943
16858,7380.490176,1,59768858.9056,0.0330721003134796
16859,7380.510176,2,59768878.976,0.0369414223369599
16860,7380.530176,1,59768898.9824,0.0331171758149446
16861,7380.550176,2,59768919.168,0.0369465445530354
16862,7380.570176,1,59768939.0464,0.0331233224742353
16863,7380.590176,2,59768958.976,0.0369455201098203
16864,7380.610176,1,59768979.0464,0.0330915647345668
16865,7380.630176,2,59768999.0144,0.0370981621488721
16866,7380.650176,1,59769019.008,0.0331182002581597
16867,7380.670176,2,59769039.0016,0.037160653184994
16868,7380.690176,1,59769059.0208,0.0331151269285144
16869,7380.710176,2,59769079.0016,0.0370377199991804
16870,7380.730176,1,59769099.008,0.0331509824410433
16871,7380.750176,2,59769119.0784,0.0371176265699592
16872,7380.770176,1,59769138.9952,0.0330423914602414
16873,7380.790176,2,59769159.04,0.0371708976171451
16874,7380.810176,1,59769179.008,0.0331479091113979
16875,7380.830176,2,59769199.0016,0.0372928063597435
16876,7380.850176,1,59769219.0208,0.0331458602249677
16877,7380.870176,2,59769239.0144,0.0375417460610158
16878,7380.890176,1,59769259.4048,0.0330915647345668
16879,7380.910176,2,59769279.0912,0.0378081012969451
16880,7380.930176,1,59769298.9824,0.0330280492552298
16881,7380.950176,2,59769319.0144,0.0377814657733522
16882,7380.970176,1,59769339.0464,0.0331407380088922
16883,7380.990176,2,59769359.0144,0.0378480545823345
16884,7381.010176,1,59769379.0336,0.0329655582191079
16885,7381.030176,2,59769399.04,0.0378296146044625
16886,7381.050176,1,59769419.1744,0.033039318130596
16887,7381.070176,2,59769439.04,0.0380457721228512
16888,7381.090176,1,59769459.0208,0.0331151269285144
16889,7381.110176,2,59769479.2064,0.0379064478455959
16890,7381.130176,1,59769499.0464,0.0331007847235028
16891,7381.150176,2,59769519.0528,0.0377189747372303
16892,7381.170176,1,59769539.008,0.0330772225295552
16893,7381.190176,2,59769559.0528,0.0376646792468293
16894,7381.210176,1,59769579.1232,0.0331151269285144
16895,7381.230176,2,59769599.0656,0.0375847726760506
16896,7381.250176,1,59769619.0592,0.0330710758702645
16897,7381.270176,2,59769639.0656,0.0374659372630975
16898,7381.290176,1,59769659.1232,0.0331591779867642
16899,7381.310176,2,59769679.04,0.0372579752904297
16900,7381.330176,1,59769699.008,0.0331069313827934
16901,7381.350176,2,59769719.0528,0.0371831909357264
16902,7381.370176,1,59769739.0208,0.0330956625074272
16903,7381.390176,2,59769759.0272,0.0372036798000287
16904,7381.410176,1,59769779.0592,0.0331171758149446
16905,7381.430176,2,59769799.0656,0.0372098264593194
16906,7381.450176,1,59769819.1104,0.0330608314381134
16907,7381.470176,2,59769839.0272,0.037261048620075
16908,7381.490176,1,59769858.9952,0.0331325424631713
16909,7381.510176,2,59769879.0784,0.0374116417726965
16910,7381.530176,1,59769899.1104,0.0331294691335259
16911,7381.550176,2,59769919.1552,0.0375827237896203
16912,7381.570176,1,59769939.1616,0.0330700514270494
16913,7381.590176,2,59769959.0656,0.0377865879894278
16914,7381.610176,1,59769979.264,0.0330639047677587
16915,7381.630176,2,59769999.0912,0.0380170877128281
16916,7381.650176,1,59770019.136,0.0330956625074272
16917,7381.670176,2,59770039.1296,0.0378951789702297
16918,7381.690176,1,59770059.0976,0.033084393632061
16919,7381.710176,2,59770079.1168,0.0377783924437068
16920,7381.730176,1,59770099.2512,0.0330341959145205
16921,7381.750176,2,59770119.1296,0.037907472288811
16922,7381.770176,1,59770139.0848,0.0330659536541889
16923,7381.790176,2,59770159.232,0.0380078677238921
16924,7381.810176,1,59770179.3536,0.0330669780974041
16925,7381.830176,2,59770199.1168,0.0380037699510316
16926,7381.850176,1,59770219.1616,0.0330925891777819
16927,7381.870176,2,59770239.1296,0.0379955744053107
16928,7381.890176,1,59770259.1488,0.0330495625627471
16929,7381.910176,2,59770279.4112,0.0378736656627123
16930,7381.930176,1,59770299.2128,0.0330710758702645
16931,7381.950176,2,59770319.168,0.0378808367652181
16932,7381.970176,1,59770339.1488,0.0330649292109738
16933,7381.990176,2,59770359.1296,0.037970987768148
16934,7382.010176,1,59770379.1744,0.0330864425184912
16935,7382.030176,2,59770399.1552,0.0379750855410085
16936,7382.050176,1,59770419.1232,0.0330966869506423
16937,7382.070176,2,59770439.5392,0.0379105456184564
16938,7382.090176,1,59770459.2,0.0331038580531481
16939,7382.110176,2,59770479.1424,0.0377845391029975
16940,7382.130176,1,59770499.1232,0.0330260003687996
16941,7382.150176,2,59770519.2704,0.037816296842666
16942,7382.170176,1,59770539.1616,0.0331724957485607
16943,7382.190176,2,59770559.2064,0.0378992767430901
16944,7382.210176,1,59770579.2256,0.0331591779867642
16945,7382.230176,2,59770599.1296,0.0377415124879628
16946,7382.250176,1,59770619.1232,0.0330546847788227
